#! FIELDS d_tm36 rmsd_npxxy ff dff_d_tm36 dff_rmsd_npxxy
#! SET min_d_tm36 0.48
#! SET max_d_tm36 1.56
#! SET nbins_d_tm36  100
#! SET periodic_d_tm36 false
#! SET min_rmsd_npxxy 0.0
#! SET max_rmsd_npxxy 0.52
#! SET nbins_rmsd_npxxy  100
#! SET periodic_rmsd_npxxy false
 0.480000 0.000000 inf nan nan
 0.490800 0.000000 inf nan nan
 0.501600 0.000000 inf nan nan
 0.512400 0.000000 inf nan nan
 0.523200 0.000000 inf nan nan
 0.534000 0.000000 inf nan nan
 0.544800 0.000000 inf nan nan
 0.555600 0.000000 inf nan nan
 0.566400 0.000000 inf nan nan
 0.577200 0.000000 inf nan nan
 0.588000 0.000000 inf nan nan
 0.598800 0.000000 inf nan nan
 0.609600 0.000000 inf nan nan
 0.620400 0.000000 inf nan nan
 0.631200 0.000000 inf nan nan
 0.642000 0.000000 inf nan nan
 0.652800 0.000000 inf nan nan
 0.663600 0.000000 inf nan nan
 0.674400 0.000000 inf nan nan
 0.685200 0.000000 inf nan nan
 0.696000 0.000000 inf nan nan
 0.706800 0.000000 inf nan nan
 0.717600 0.000000 inf nan nan
 0.728400 0.000000 inf nan nan
 0.739200 0.000000 inf nan nan
 0.750000 0.000000 inf nan nan
 0.760800 0.000000 inf nan nan
 0.771600 0.000000 inf nan nan
 0.782400 0.000000 inf nan nan
 0.793200 0.000000 inf nan nan
 0.804000 0.000000 inf nan nan
 0.814800 0.000000 inf nan nan
 0.825600 0.000000 inf nan nan
 0.836400 0.000000 inf nan nan
 0.847200 0.000000 inf nan nan
 0.858000 0.000000 inf nan nan
 0.868800 0.000000 inf nan nan
 0.879600 0.000000 inf nan nan
 0.890400 0.000000 inf nan nan
 0.901200 0.000000 inf nan nan
 0.912000 0.000000 inf nan nan
 0.922800 0.000000 inf nan nan
 0.933600 0.000000 inf nan nan
 0.944400 0.000000 inf nan nan
 0.955200 0.000000 inf nan nan
 0.966000 0.000000 inf nan nan
 0.976800 0.000000 inf nan nan
 0.987600 0.000000 inf nan nan
 0.998400 0.000000 inf nan nan
 1.009200 0.000000 inf nan nan
 1.020000 0.000000 inf nan nan
 1.030800 0.000000 inf nan nan
 1.041600 0.000000 inf nan nan
 1.052400 0.000000 inf nan nan
 1.063200 0.000000 inf nan nan
 1.074000 0.000000 inf nan nan
 1.084800 0.000000 inf nan nan
 1.095600 0.000000 inf nan nan
 1.106400 0.000000 inf nan nan
 1.117200 0.000000 inf nan nan
 1.128000 0.000000 inf nan nan
 1.138800 0.000000 inf nan nan
 1.149600 0.000000 inf nan nan
 1.160400 0.000000 inf nan nan
 1.171200 0.000000 inf nan nan
 1.182000 0.000000 inf nan nan
 1.192800 0.000000 inf nan nan
 1.203600 0.000000 inf nan nan
 1.214400 0.000000 inf nan nan
 1.225200 0.000000 inf nan nan
 1.236000 0.000000 inf nan nan
 1.246800 0.000000 inf nan nan
 1.257600 0.000000 inf nan nan
 1.268400 0.000000 inf nan nan
 1.279200 0.000000 inf nan nan
 1.290000 0.000000 inf nan nan
 1.300800 0.000000 inf nan nan
 1.311600 0.000000 inf nan nan
 1.322400 0.000000 inf nan nan
 1.333200 0.000000 inf nan nan
 1.344000 0.000000 inf nan nan
 1.354800 0.000000 inf nan nan
 1.365600 0.000000 inf nan nan
 1.376400 0.000000 inf nan nan
 1.387200 0.000000 inf nan nan
 1.398000 0.000000 inf nan nan
 1.408800 0.000000 inf nan nan
 1.419600 0.000000 inf nan nan
 1.430400 0.000000 inf nan nan
 1.441200 0.000000 inf nan nan
 1.452000 0.000000 inf nan nan
 1.462800 0.000000 inf nan nan
 1.473600 0.000000 inf nan nan
 1.484400 0.000000 inf nan nan
 1.495200 0.000000 inf nan nan
 1.506000 0.000000 inf nan nan
 1.516800 0.000000 inf nan nan
 1.527600 0.000000 inf nan nan
 1.538400 0.000000 inf nan nan
 1.549200 0.000000 inf nan nan
 1.560000 0.000000 inf nan nan

 0.480000 0.005200 inf nan nan
 0.490800 0.005200 inf nan nan
 0.501600 0.005200 inf nan nan
 0.512400 0.005200 inf nan nan
 0.523200 0.005200 inf nan nan
 0.534000 0.005200 inf nan nan
 0.544800 0.005200 inf nan nan
 0.555600 0.005200 inf nan nan
 0.566400 0.005200 inf nan nan
 0.577200 0.005200 inf nan nan
 0.588000 0.005200 inf nan nan
 0.598800 0.005200 inf nan nan
 0.609600 0.005200 inf nan nan
 0.620400 0.005200 inf nan nan
 0.631200 0.005200 inf nan nan
 0.642000 0.005200 inf nan nan
 0.652800 0.005200 inf nan nan
 0.663600 0.005200 inf nan nan
 0.674400 0.005200 inf nan nan
 0.685200 0.005200 inf nan nan
 0.696000 0.005200 inf nan nan
 0.706800 0.005200 inf nan nan
 0.717600 0.005200 inf nan nan
 0.728400 0.005200 inf nan nan
 0.739200 0.005200 inf nan nan
 0.750000 0.005200 inf nan nan
 0.760800 0.005200 inf nan nan
 0.771600 0.005200 inf nan nan
 0.782400 0.005200 inf nan nan
 0.793200 0.005200 inf nan nan
 0.804000 0.005200 inf nan nan
 0.814800 0.005200 inf nan nan
 0.825600 0.005200 inf nan nan
 0.836400 0.005200 inf nan nan
 0.847200 0.005200 inf nan nan
 0.858000 0.005200 inf nan nan
 0.868800 0.005200 inf nan nan
 0.879600 0.005200 inf nan nan
 0.890400 0.005200 inf nan nan
 0.901200 0.005200 inf nan nan
 0.912000 0.005200 inf nan nan
 0.922800 0.005200 inf nan nan
 0.933600 0.005200 inf nan nan
 0.944400 0.005200 inf nan nan
 0.955200 0.005200 inf nan nan
 0.966000 0.005200 inf nan nan
 0.976800 0.005200 inf nan nan
 0.987600 0.005200 inf nan nan
 0.998400 0.005200 inf nan nan
 1.009200 0.005200 inf nan nan
 1.020000 0.005200 inf nan nan
 1.030800 0.005200 inf nan nan
 1.041600 0.005200 inf nan nan
 1.052400 0.005200 inf nan nan
 1.063200 0.005200 inf nan nan
 1.074000 0.005200 inf nan nan
 1.084800 0.005200 inf nan nan
 1.095600 0.005200 inf nan nan
 1.106400 0.005200 inf nan nan
 1.117200 0.005200 inf nan nan
 1.128000 0.005200 inf nan nan
 1.138800 0.005200 inf nan nan
 1.149600 0.005200 inf nan nan
 1.160400 0.005200 inf nan nan
 1.171200 0.005200 inf nan nan
 1.182000 0.005200 inf nan nan
 1.192800 0.005200 inf nan nan
 1.203600 0.005200 inf nan nan
 1.214400 0.005200 inf nan nan
 1.225200 0.005200 inf nan nan
 1.236000 0.005200 inf nan nan
 1.246800 0.005200 inf nan nan
 1.257600 0.005200 inf nan nan
 1.268400 0.005200 inf nan nan
 1.279200 0.005200 inf nan nan
 1.290000 0.005200 inf nan nan
 1.300800 0.005200 inf nan nan
 1.311600 0.005200 inf nan nan
 1.322400 0.005200 inf nan nan
 1.333200 0.005200 inf nan nan
 1.344000 0.005200 inf nan nan
 1.354800 0.005200 inf nan nan
 1.365600 0.005200 inf nan nan
 1.376400 0.005200 inf nan nan
 1.387200 0.005200 inf nan nan
 1.398000 0.005200 inf nan nan
 1.408800 0.005200 inf nan nan
 1.419600 0.005200 inf nan nan
 1.430400 0.005200 inf nan nan
 1.441200 0.005200 inf nan nan
 1.452000 0.005200 inf nan nan
 1.462800 0.005200 inf nan nan
 1.473600 0.005200 inf nan nan
 1.484400 0.005200 inf nan nan
 1.495200 0.005200 inf nan nan
 1.506000 0.005200 inf nan nan
 1.516800 0.005200 inf nan nan
 1.527600 0.005200 inf nan nan
 1.538400 0.005200 inf nan nan
 1.549200 0.005200 inf nan nan
 1.560000 0.005200 inf nan nan

 0.480000 0.010400 inf nan nan
 0.490800 0.010400 inf nan nan
 0.501600 0.010400 inf nan nan
 0.512400 0.010400 inf nan nan
 0.523200 0.010400 inf nan nan
 0.534000 0.010400 inf nan nan
 0.544800 0.010400 inf nan nan
 0.555600 0.010400 inf nan nan
 0.566400 0.010400 inf nan nan
 0.577200 0.010400 inf nan nan
 0.588000 0.010400 inf nan nan
 0.598800 0.010400 inf nan nan
 0.609600 0.010400 inf nan nan
 0.620400 0.010400 inf nan nan
 0.631200 0.010400 inf nan nan
 0.642000 0.010400 inf nan nan
 0.652800 0.010400 inf nan nan
 0.663600 0.010400 inf nan nan
 0.674400 0.010400 inf nan nan
 0.685200 0.010400 inf nan nan
 0.696000 0.010400 inf nan nan
 0.706800 0.010400 inf nan nan
 0.717600 0.010400 inf nan nan
 0.728400 0.010400 inf nan nan
 0.739200 0.010400 inf nan nan
 0.750000 0.010400 inf nan nan
 0.760800 0.010400 inf nan nan
 0.771600 0.010400 inf nan nan
 0.782400 0.010400 inf nan nan
 0.793200 0.010400 inf nan nan
 0.804000 0.010400 inf nan nan
 0.814800 0.010400 inf nan nan
 0.825600 0.010400 inf nan nan
 0.836400 0.010400 inf nan nan
 0.847200 0.010400 inf nan nan
 0.858000 0.010400 inf nan nan
 0.868800 0.010400 inf nan nan
 0.879600 0.010400 inf nan nan
 0.890400 0.010400 inf nan nan
 0.901200 0.010400 inf nan nan
 0.912000 0.010400 inf nan nan
 0.922800 0.010400 inf nan nan
 0.933600 0.010400 inf nan nan
 0.944400 0.010400 inf nan nan
 0.955200 0.010400 inf nan nan
 0.966000 0.010400 inf nan nan
 0.976800 0.010400 inf nan nan
 0.987600 0.010400 inf nan nan
 0.998400 0.010400 inf nan nan
 1.009200 0.010400 inf nan nan
 1.020000 0.010400 inf nan nan
 1.030800 0.010400 inf nan nan
 1.041600 0.010400 inf nan nan
 1.052400 0.010400 inf nan nan
 1.063200 0.010400 inf nan nan
 1.074000 0.010400 inf nan nan
 1.084800 0.010400 inf nan nan
 1.095600 0.010400 inf nan nan
 1.106400 0.010400 inf nan nan
 1.117200 0.010400 inf nan nan
 1.128000 0.010400 inf nan nan
 1.138800 0.010400 inf nan nan
 1.149600 0.010400 inf nan nan
 1.160400 0.010400 inf nan nan
 1.171200 0.010400 inf nan nan
 1.182000 0.010400 inf nan nan
 1.192800 0.010400 inf nan nan
 1.203600 0.010400 inf nan nan
 1.214400 0.010400 inf nan nan
 1.225200 0.010400 inf nan nan
 1.236000 0.010400 inf nan nan
 1.246800 0.010400 inf nan nan
 1.257600 0.010400 inf nan nan
 1.268400 0.010400 inf nan nan
 1.279200 0.010400 inf nan nan
 1.290000 0.010400 inf nan nan
 1.300800 0.010400 inf nan nan
 1.311600 0.010400 inf nan nan
 1.322400 0.010400 inf nan nan
 1.333200 0.010400 inf nan nan
 1.344000 0.010400 inf nan nan
 1.354800 0.010400 inf nan nan
 1.365600 0.010400 inf nan nan
 1.376400 0.010400 inf nan nan
 1.387200 0.010400 inf nan nan
 1.398000 0.010400 inf nan nan
 1.408800 0.010400 inf nan nan
 1.419600 0.010400 inf nan nan
 1.430400 0.010400 inf nan nan
 1.441200 0.010400 inf nan nan
 1.452000 0.010400 inf nan nan
 1.462800 0.010400 inf nan nan
 1.473600 0.010400 inf nan nan
 1.484400 0.010400 inf nan nan
 1.495200 0.010400 inf nan nan
 1.506000 0.010400 inf nan nan
 1.516800 0.010400 inf nan nan
 1.527600 0.010400 inf nan nan
 1.538400 0.010400 inf nan nan
 1.549200 0.010400 inf nan nan
 1.560000 0.010400 inf nan nan

 0.480000 0.015600 inf nan nan
 0.490800 0.015600 inf nan nan
 0.501600 0.015600 inf nan nan
 0.512400 0.015600 inf nan nan
 0.523200 0.015600 inf nan nan
 0.534000 0.015600 inf nan nan
 0.544800 0.015600 inf nan nan
 0.555600 0.015600 inf nan nan
 0.566400 0.015600 inf nan nan
 0.577200 0.015600 inf nan nan
 0.588000 0.015600 inf nan nan
 0.598800 0.015600 inf nan nan
 0.609600 0.015600 inf nan nan
 0.620400 0.015600 inf nan nan
 0.631200 0.015600 inf nan nan
 0.642000 0.015600 inf nan nan
 0.652800 0.015600 inf nan nan
 0.663600 0.015600 inf nan nan
 0.674400 0.015600 inf nan nan
 0.685200 0.015600 inf nan nan
 0.696000 0.015600 inf nan nan
 0.706800 0.015600 inf nan nan
 0.717600 0.015600 inf nan nan
 0.728400 0.015600 inf nan nan
 0.739200 0.015600 inf nan nan
 0.750000 0.015600 inf nan nan
 0.760800 0.015600 inf nan nan
 0.771600 0.015600 inf nan nan
 0.782400 0.015600 inf nan nan
 0.793200 0.015600 inf nan nan
 0.804000 0.015600 inf nan nan
 0.814800 0.015600 inf nan nan
 0.825600 0.015600 inf nan nan
 0.836400 0.015600 inf nan nan
 0.847200 0.015600 inf nan nan
 0.858000 0.015600 inf nan nan
 0.868800 0.015600 inf nan nan
 0.879600 0.015600 inf nan nan
 0.890400 0.015600 inf nan nan
 0.901200 0.015600 inf nan nan
 0.912000 0.015600 inf nan nan
 0.922800 0.015600 inf nan nan
 0.933600 0.015600 inf nan nan
 0.944400 0.015600 inf nan nan
 0.955200 0.015600 inf nan nan
 0.966000 0.015600 inf nan nan
 0.976800 0.015600 inf nan nan
 0.987600 0.015600 inf nan nan
 0.998400 0.015600 inf nan nan
 1.009200 0.015600 inf nan nan
 1.020000 0.015600 inf nan nan
 1.030800 0.015600 inf nan nan
 1.041600 0.015600 inf nan nan
 1.052400 0.015600 inf nan nan
 1.063200 0.015600 inf nan nan
 1.074000 0.015600 inf nan nan
 1.084800 0.015600 inf nan nan
 1.095600 0.015600 inf nan nan
 1.106400 0.015600 inf nan nan
 1.117200 0.015600 inf nan nan
 1.128000 0.015600 inf nan nan
 1.138800 0.015600 inf nan nan
 1.149600 0.015600 inf nan nan
 1.160400 0.015600 inf nan nan
 1.171200 0.015600 inf nan nan
 1.182000 0.015600 inf nan nan
 1.192800 0.015600 inf nan nan
 1.203600 0.015600 inf nan nan
 1.214400 0.015600 inf nan nan
 1.225200 0.015600 inf nan nan
 1.236000 0.015600 inf nan nan
 1.246800 0.015600 inf nan nan
 1.257600 0.015600 inf nan nan
 1.268400 0.015600 inf nan nan
 1.279200 0.015600 inf nan nan
 1.290000 0.015600 inf nan nan
 1.300800 0.015600 inf nan nan
 1.311600 0.015600 inf nan nan
 1.322400 0.015600 inf nan nan
 1.333200 0.015600 inf nan nan
 1.344000 0.015600 inf nan nan
 1.354800 0.015600 inf nan nan
 1.365600 0.015600 inf nan nan
 1.376400 0.015600 inf nan nan
 1.387200 0.015600 inf nan nan
 1.398000 0.015600 inf nan nan
 1.408800 0.015600 inf nan nan
 1.419600 0.015600 inf nan nan
 1.430400 0.015600 inf nan nan
 1.441200 0.015600 inf nan nan
 1.452000 0.015600 inf nan nan
 1.462800 0.015600 inf nan nan
 1.473600 0.015600 inf nan nan
 1.484400 0.015600 inf nan nan
 1.495200 0.015600 inf nan nan
 1.506000 0.015600 inf nan nan
 1.516800 0.015600 inf nan nan
 1.527600 0.015600 inf nan nan
 1.538400 0.015600 inf nan nan
 1.549200 0.015600 inf nan nan
 1.560000 0.015600 inf nan nan

 0.480000 0.020800 inf nan nan
 0.490800 0.020800 inf nan nan
 0.501600 0.020800 inf nan nan
 0.512400 0.020800 inf nan nan
 0.523200 0.020800 inf nan nan
 0.534000 0.020800 inf nan nan
 0.544800 0.020800 inf nan nan
 0.555600 0.020800 inf nan nan
 0.566400 0.020800 inf nan nan
 0.577200 0.020800 inf nan nan
 0.588000 0.020800 inf nan nan
 0.598800 0.020800 inf nan nan
 0.609600 0.020800 inf nan nan
 0.620400 0.020800 inf nan nan
 0.631200 0.020800 inf nan nan
 0.642000 0.020800 inf nan nan
 0.652800 0.020800 inf nan nan
 0.663600 0.020800 inf nan nan
 0.674400 0.020800 inf nan nan
 0.685200 0.020800 inf nan nan
 0.696000 0.020800 inf nan nan
 0.706800 0.020800 inf nan nan
 0.717600 0.020800 inf nan nan
 0.728400 0.020800 inf nan nan
 0.739200 0.020800 inf nan nan
 0.750000 0.020800 inf nan nan
 0.760800 0.020800 inf nan nan
 0.771600 0.020800 inf nan nan
 0.782400 0.020800 inf nan nan
 0.793200 0.020800 inf nan nan
 0.804000 0.020800 inf nan nan
 0.814800 0.020800 inf nan nan
 0.825600 0.020800 inf nan nan
 0.836400 0.020800 inf nan nan
 0.847200 0.020800 inf nan nan
 0.858000 0.020800 inf nan nan
 0.868800 0.020800 inf nan nan
 0.879600 0.020800 inf nan nan
 0.890400 0.020800 inf nan nan
 0.901200 0.020800 inf nan nan
 0.912000 0.020800 inf nan nan
 0.922800 0.020800 inf nan nan
 0.933600 0.020800 inf nan nan
 0.944400 0.020800 inf nan nan
 0.955200 0.020800 inf nan nan
 0.966000 0.020800 inf nan nan
 0.976800 0.020800 inf nan nan
 0.987600 0.020800 inf nan nan
 0.998400 0.020800 inf nan nan
 1.009200 0.020800 inf nan nan
 1.020000 0.020800 inf nan nan
 1.030800 0.020800 inf nan nan
 1.041600 0.020800 inf nan nan
 1.052400 0.020800 inf nan nan
 1.063200 0.020800 inf nan nan
 1.074000 0.020800 inf nan nan
 1.084800 0.020800 inf nan nan
 1.095600 0.020800 inf nan nan
 1.106400 0.020800 inf nan nan
 1.117200 0.020800 inf nan nan
 1.128000 0.020800 inf nan nan
 1.138800 0.020800 105.298505 -501.739505 -1026.783825
 1.149600 0.020800 100.251866 -432.829749 -1027.123941
 1.160400 0.020800 95.925816 -365.233186 -1027.733484
 1.171200 0.020800 92.343811 -297.783491 -1028.296787
 1.182000 0.020800 89.487956 -231.336790 -1029.008754
 1.192800 0.020800 87.339147 -167.083008 -1029.937394
 1.203600 0.020800 85.863896 -107.008299 -1031.158991
 1.214400 0.020800 85.001203 -54.314329 -1032.677859
 1.225200 0.020800 84.649816 -12.904953 -1034.295228
 1.236000 0.020800 84.675792 15.770118 -1035.579673
 1.246800 0.020800 84.959582 35.949124 -1036.427321
 1.257600 0.020800 85.443931 53.589945 -1037.891774
 1.268400 0.020800 86.113529 70.237826 -1041.669813
 1.279200 0.020800 86.963435 87.812919 -1048.058683
 1.290000 0.020800 88.041124 113.876518 -1055.038582
 1.300800 0.020800 89.478017 153.914165 -1060.431755
 1.311600 0.020800 91.419812 207.370998 -1063.664903
 1.322400 0.020800 93.989420 268.364002 -1065.391940
 1.333200 0.020800 97.287955 330.999982 -1066.973621
 1.344000 0.020800 101.238552 400.591942 -1066.973621
 1.354800 0.020800 105.940741 470.183902 -1066.973621
 1.365600 0.020800 inf nan nan
 1.376400 0.020800 inf nan nan
 1.387200 0.020800 inf nan nan
 1.398000 0.020800 inf nan nan
 1.408800 0.020800 inf nan nan
 1.419600 0.020800 inf nan nan
 1.430400 0.020800 inf nan nan
 1.441200 0.020800 inf nan nan
 1.452000 0.020800 inf nan nan
 1.462800 0.020800 inf nan nan
 1.473600 0.020800 inf nan nan
 1.484400 0.020800 inf nan nan
 1.495200 0.020800 inf nan nan
 1.506000 0.020800 inf nan nan
 1.516800 0.020800 inf nan nan
 1.527600 0.020800 inf nan nan
 1.538400 0.020800 inf nan nan
 1.549200 0.020800 inf nan nan
 1.560000 0.020800 inf nan nan

 0.480000 0.026000 inf nan nan
 0.490800 0.026000 inf nan nan
 0.501600 0.026000 inf nan nan
 0.512400 0.026000 inf nan nan
 0.523200 0.026000 inf nan nan
 0.534000 0.026000 inf nan nan
 0.544800 0.026000 inf nan nan
 0.555600 0.026000 inf nan nan
 0.566400 0.026000 inf nan nan
 0.577200 0.026000 inf nan nan
 0.588000 0.026000 inf nan nan
 0.598800 0.026000 inf nan nan
 0.609600 0.026000 inf nan nan
 0.620400 0.026000 inf nan nan
 0.631200 0.026000 inf nan nan
 0.642000 0.026000 inf nan nan
 0.652800 0.026000 inf nan nan
 0.663600 0.026000 inf nan nan
 0.674400 0.026000 inf nan nan
 0.685200 0.026000 inf nan nan
 0.696000 0.026000 inf nan nan
 0.706800 0.026000 inf nan nan
 0.717600 0.026000 inf nan nan
 0.728400 0.026000 inf nan nan
 0.739200 0.026000 inf nan nan
 0.750000 0.026000 inf nan nan
 0.760800 0.026000 inf nan nan
 0.771600 0.026000 inf nan nan
 0.782400 0.026000 inf nan nan
 0.793200 0.026000 inf nan nan
 0.804000 0.026000 inf nan nan
 0.814800 0.026000 inf nan nan
 0.825600 0.026000 inf nan nan
 0.836400 0.026000 inf nan nan
 0.847200 0.026000 inf nan nan
 0.858000 0.026000 inf nan nan
 0.868800 0.026000 inf nan nan
 0.879600 0.026000 inf nan nan
 0.890400 0.026000 inf nan nan
 0.901200 0.026000 inf nan nan
 0.912000 0.026000 inf nan nan
 0.922800 0.026000 inf nan nan
 0.933600 0.026000 inf nan nan
 0.944400 0.026000 inf nan nan
 0.955200 0.026000 inf nan nan
 0.966000 0.026000 inf nan nan
 0.976800 0.026000 inf nan nan
 0.987600 0.026000 inf nan nan
 0.998400 0.026000 inf nan nan
 1.009200 0.026000 inf nan nan
 1.020000 0.026000 inf nan nan
 1.030800 0.026000 inf nan nan
 1.041600 0.026000 inf nan nan
 1.052400 0.026000 inf nan nan
 1.063200 0.026000 inf nan nan
 1.074000 0.026000 inf nan nan
 1.084800 0.026000 inf nan nan
 1.095600 0.026000 inf nan nan
 1.106400 0.026000 inf nan nan
 1.117200 0.026000 inf nan nan
 1.128000 0.026000 inf nan nan
 1.138800 0.026000 100.132968 -502.415626 -901.215176
 1.149600 0.026000 95.004866 -435.298457 -905.105376
 1.160400 0.026000 90.649406 -368.225186 -906.880896
 1.171200 0.026000 87.031931 -301.417208 -908.892725
 1.182000 0.026000 84.131763 -235.853166 -911.419439
 1.192800 0.026000 81.927790 -172.749741 -914.588996
 1.203600 0.026000 80.383648 -114.172457 -918.589657
 1.214400 0.026000 79.431845 -63.866977 -923.653442
 1.225200 0.026000 78.954131 -27.399994 -930.114906
 1.236000 0.026000 78.771760 -9.632897 -938.654154
 1.246800 0.026000 78.684311 -8.665575 -950.269638
 1.257600 0.026000 78.561307 -14.150605 -964.806458
 1.268400 0.026000 78.394988 -15.296763 -979.451266
 1.279200 0.026000 78.266334 -6.795945 -990.860304
 1.290000 0.026000 78.281346 10.744591 -998.366516
 1.300800 0.026000 78.512052 31.900884 -1003.667905
 1.311600 0.026000 78.959878 50.045461 -1008.472266
 1.322400 0.026000 79.572455 62.672425 -1013.020266
 1.333200 0.026000 80.315670 75.583867 -1016.171356
 1.344000 0.026000 81.236043 96.257502 -1017.235698
 1.354800 0.026000 82.424463 124.346668 -1017.078598
 1.365600 0.026000 83.936610 154.949881 -1016.901343
 1.376400 0.026000 85.785102 186.620798 -1017.365522
 1.387200 0.026000 88.002186 222.421439 -1018.294243
 1.398000 0.026000 90.652834 267.587702 -1019.098850
 1.408800 0.026000 93.879376 319.107944 -1019.443300
 1.419600 0.026000 97.794910 373.908580 -1020.810954
 1.430400 0.026000 102.208919 443.500540 -1020.810954
 1.441200 0.026000 inf nan nan
 1.452000 0.026000 inf nan nan
 1.462800 0.026000 inf nan nan
 1.473600 0.026000 inf nan nan
 1.484400 0.026000 inf nan nan
 1.495200 0.026000 inf nan nan
 1.506000 0.026000 inf nan nan
 1.516800 0.026000 inf nan nan
 1.527600 0.026000 inf nan nan
 1.538400 0.026000 inf nan nan
 1.549200 0.026000 inf nan nan
 1.560000 0.026000 inf nan nan

 0.480000 0.031200 inf nan nan
 0.490800 0.031200 inf nan nan
 0.501600 0.031200 inf nan nan
 0.512400 0.031200 inf nan nan
 0.523200 0.031200 inf nan nan
 0.534000 0.031200 inf nan nan
 0.544800 0.031200 inf nan nan
 0.555600 0.031200 inf nan nan
 0.566400 0.031200 inf nan nan
 0.577200 0.031200 inf nan nan
 0.588000 0.031200 inf nan nan
 0.598800 0.031200 inf nan nan
 0.609600 0.031200 inf nan nan
 0.620400 0.031200 inf nan nan
 0.631200 0.031200 inf nan nan
 0.642000 0.031200 inf nan nan
 0.652800 0.031200 inf nan nan
 0.663600 0.031200 inf nan nan
 0.674400 0.031200 inf nan nan
 0.685200 0.031200 inf nan nan
 0.696000 0.031200 inf nan nan
 0.706800 0.031200 inf nan nan
 0.717600 0.031200 inf nan nan
 0.728400 0.031200 inf nan nan
 0.739200 0.031200 inf nan nan
 0.750000 0.031200 inf nan nan
 0.760800 0.031200 inf nan nan
 0.771600 0.031200 inf nan nan
 0.782400 0.031200 inf nan nan
 0.793200 0.031200 inf nan nan
 0.804000 0.031200 inf nan nan
 0.814800 0.031200 inf nan nan
 0.825600 0.031200 inf nan nan
 0.836400 0.031200 inf nan nan
 0.847200 0.031200 inf nan nan
 0.858000 0.031200 inf nan nan
 0.868800 0.031200 inf nan nan
 0.879600 0.031200 inf nan nan
 0.890400 0.031200 inf nan nan
 0.901200 0.031200 inf nan nan
 0.912000 0.031200 inf nan nan
 0.922800 0.031200 inf nan nan
 0.933600 0.031200 inf nan nan
 0.944400 0.031200 inf nan nan
 0.955200 0.031200 inf nan nan
 0.966000 0.031200 inf nan nan
 0.976800 0.031200 inf nan nan
 0.987600 0.031200 inf nan nan
 0.998400 0.031200 inf nan nan
 1.009200 0.031200 inf nan nan
 1.020000 0.031200 inf nan nan
 1.030800 0.031200 inf nan nan
 1.041600 0.031200 inf nan nan
 1.052400 0.031200 108.343206 -529.311293 -1012.124846
 1.063200 0.031200 102.469671 -471.451230 -1017.326146
 1.074000 0.031200 97.699826 -406.309765 -1018.832211
 1.084800 0.031200 93.648125 -341.971173 -1020.462209
 1.095600 0.031200 90.299654 -278.370104 -1022.283941
 1.106400 0.031200 87.627949 -216.673446 -1024.347265
 1.117200 0.031200 85.606849 -157.982426 -1026.603128
 1.128000 0.031200 84.195481 -104.403895 -1028.786436
 1.138800 0.031200 83.292891 -64.942538 -1027.991560
 1.149600 0.031200 82.664297 -59.675118 -1016.582732
 1.160400 0.031200 81.776985 -112.999619 -977.549553
 1.171200 0.031200 80.191334 -173.501150 -920.189742
 1.182000 0.031200 78.239671 -178.960254 -878.571478
 1.192800 0.031200 76.451198 -148.973180 -857.718336
 1.203600 0.031200 75.052815 -109.728336 -851.510057
 1.214400 0.031200 74.067700 -73.923153 -856.409168
 1.225200 0.031200 73.419945 -47.921684 -869.575932
 1.236000 0.031200 72.992455 -32.855409 -886.502431
 1.246800 0.031200 72.683871 -25.106070 -901.830662
 1.257600 0.031200 72.438346 -20.697579 -912.641840
 1.268400 0.031200 72.233552 -17.121735 -919.431044
 1.279200 0.031200 72.078858 -10.689453 -924.210562
 1.290000 0.031200 72.025425 1.877112 -928.732403
 1.300800 0.031200 72.138659 19.606214 -933.645079
 1.311600 0.031200 72.454575 38.817599 -938.338464
 1.322400 0.031200 72.974936 57.421084 -941.517008
 1.333200 0.031200 73.698447 76.709727 -942.378226
 1.344000 0.031200 74.641022 97.884060 -941.778209
 1.354800 0.031200 75.810637 117.776873 -941.946358
 1.365600 0.031200 77.165323 131.164954 -944.836405
 1.376400 0.031200 78.628585 138.378795 -950.818286
 1.387200 0.031200 80.175510 147.583708 -958.848331
 1.398000 0.031200 81.872327 166.676102 -967.915504
 1.408800 0.031200 83.836584 194.838250 -978.500782
 1.419600 0.031200 86.150270 229.750648 -990.960216
 1.430400 0.031200 88.868853 270.237826 -1003.726459
 1.441200 0.031200 92.108815 310.805842 -1019.086984
 1.452000 0.031200 95.781848 362.985160 -1028.385336
 1.462800 0.031200 100.511553 399.097003 -1051.225218
 1.473600 0.031200 105.197597 468.688963 -1051.225218
 1.484400 0.031200 inf nan nan
 1.495200 0.031200 inf nan nan
 1.506000 0.031200 inf nan nan
 1.516800 0.031200 inf nan nan
 1.527600 0.031200 inf nan nan
 1.538400 0.031200 inf nan nan
 1.549200 0.031200 inf nan nan
 1.560000 0.031200 inf nan nan

 0.480000 0.036400 inf nan nan
 0.490800 0.036400 inf nan nan
 0.501600 0.036400 inf nan nan
 0.512400 0.036400 inf nan nan
 0.523200 0.036400 inf nan nan
 0.534000 0.036400 inf nan nan
 0.544800 0.036400 inf nan nan
 0.555600 0.036400 inf nan nan
 0.566400 0.036400 inf nan nan
 0.577200 0.036400 inf nan nan
 0.588000 0.036400 inf nan nan
 0.598800 0.036400 inf nan nan
 0.609600 0.036400 inf nan nan
 0.620400 0.036400 inf nan nan
 0.631200 0.036400 inf nan nan
 0.642000 0.036400 inf nan nan
 0.652800 0.036400 inf nan nan
 0.663600 0.036400 inf nan nan
 0.674400 0.036400 inf nan nan
 0.685200 0.036400 inf nan nan
 0.696000 0.036400 inf nan nan
 0.706800 0.036400 inf nan nan
 0.717600 0.036400 inf nan nan
 0.728400 0.036400 inf nan nan
 0.739200 0.036400 inf nan nan
 0.750000 0.036400 inf nan nan
 0.760800 0.036400 inf nan nan
 0.771600 0.036400 inf nan nan
 0.782400 0.036400 inf nan nan
 0.793200 0.036400 inf nan nan
 0.804000 0.036400 inf nan nan
 0.814800 0.036400 inf nan nan
 0.825600 0.036400 inf nan nan
 0.836400 0.036400 inf nan nan
 0.847200 0.036400 inf nan nan
 0.858000 0.036400 inf nan nan
 0.868800 0.036400 inf nan nan
 0.879600 0.036400 inf nan nan
 0.890400 0.036400 inf nan nan
 0.901200 0.036400 inf nan nan
 0.912000 0.036400 inf nan nan
 0.922800 0.036400 inf nan nan
 0.933600 0.036400 inf nan nan
 0.944400 0.036400 inf nan nan
 0.955200 0.036400 inf nan nan
 0.966000 0.036400 inf nan nan
 0.976800 0.036400 inf nan nan
 0.987600 0.036400 inf nan nan
 0.998400 0.036400 inf nan nan
 1.009200 0.036400 inf nan nan
 1.020000 0.036400 110.700014 -555.479159 -1014.908525
 1.030800 0.036400 105.076636 -485.887199 -1014.908525
 1.041600 0.036400 99.663834 -435.874723 -1019.506521
 1.052400 0.036400 95.030710 -388.156757 -1013.786303
 1.063200 0.036400 91.013895 -343.844313 -1007.334823
 1.074000 0.036400 87.518084 -302.148001 -998.920478
 1.084800 0.036400 84.460152 -263.220587 -987.949344
 1.095600 0.036400 81.829296 -223.601023 -976.336038
 1.106400 0.036400 79.636497 -182.023184 -966.125711
 1.117200 0.036400 77.901200 -139.175835 -958.786398
 1.128000 0.036400 76.624662 -97.701872 -954.884253
 1.138800 0.036400 75.764060 -63.102279 -953.574309
 1.149600 0.036400 75.201281 -44.843830 -951.719204
 1.160400 0.036400 74.683731 -56.587914 -939.646132
 1.171200 0.036400 73.875994 -94.865182 -906.249814
 1.182000 0.036400 72.669850 -123.851137 -861.231592
 1.192800 0.036400 71.310232 -123.399497 -827.298478
 1.203600 0.036400 70.070106 -104.458196 -812.995261
 1.214400 0.036400 69.069155 -80.943699 -815.467004
 1.225200 0.036400 68.309824 -60.502601 -827.988387
 1.236000 0.036400 67.742204 -45.515350 -843.027809
 1.246800 0.036400 67.309574 -35.235090 -855.245120
 1.257600 0.036400 66.971358 -27.628320 -863.021864
 1.268400 0.036400 66.713484 -19.816100 -866.911437
 1.279200 0.036400 66.555580 -8.704494 -867.893294
 1.290000 0.036400 66.541280 6.653503 -867.206509
 1.300800 0.036400 66.707349 24.159037 -866.255122
 1.311600 0.036400 67.061090 41.064688 -865.926448
 1.322400 0.036400 67.591059 56.991512 -866.262431
 1.333200 0.036400 68.297709 74.132371 -867.006731
 1.344000 0.036400 69.202909 93.600554 -868.492449
 1.354800 0.036400 70.319997 112.477059 -871.512537
 1.365600 0.036400 71.617882 126.103506 -876.197216
 1.376400 0.036400 73.029628 133.779880 -881.796301
 1.387200 0.036400 74.515635 140.427402 -887.951532
 1.398000 0.036400 76.095513 151.306306 -895.401955
 1.408800 0.036400 77.814398 163.823474 -905.389907
 1.419600 0.036400 79.655103 172.479068 -917.726079
 1.430400 0.036400 81.560826 177.014795 -929.915560
 1.441200 0.036400 83.547678 187.160198 -940.384630
 1.452000 0.036400 85.726816 217.193439 -945.637943
 1.462800 0.036400 88.357927 259.829791 -949.522041
 1.473600 0.036400 91.491560 319.421571 -950.002019
 1.484400 0.036400 95.397440 377.787687 -951.244769
 1.495200 0.036400 99.853343 447.379647 -951.244769
 1.506000 0.036400 inf nan nan
 1.516800 0.036400 inf nan nan
 1.527600 0.036400 inf nan nan
 1.538400 0.036400 inf nan nan
 1.549200 0.036400 inf nan nan
 1.560000 0.036400 inf nan nan

 0.480000 0.041600 inf nan nan
 0.490800 0.041600 inf nan nan
 0.501600 0.041600 inf nan nan
 0.512400 0.041600 inf nan nan
 0.523200 0.041600 inf nan nan
 0.534000 0.041600 inf nan nan
 0.544800 0.041600 inf nan nan
 0.555600 0.041600 inf nan nan
 0.566400 0.041600 inf nan nan
 0.577200 0.041600 inf nan nan
 0.588000 0.041600 inf nan nan
 0.598800 0.041600 inf nan nan
 0.609600 0.041600 inf nan nan
 0.620400 0.041600 inf nan nan
 0.631200 0.041600 inf nan nan
 0.642000 0.041600 inf nan nan
 0.652800 0.041600 inf nan nan
 0.663600 0.041600 inf nan nan
 0.674400 0.041600 inf nan nan
 0.685200 0.041600 inf nan nan
 0.696000 0.041600 inf nan nan
 0.706800 0.041600 inf nan nan
 0.717600 0.041600 inf nan nan
 0.728400 0.041600 inf nan nan
 0.739200 0.041600 inf nan nan
 0.750000 0.041600 inf nan nan
 0.760800 0.041600 inf nan nan
 0.771600 0.041600 inf nan nan
 0.782400 0.041600 inf nan nan
 0.793200 0.041600 inf nan nan
 0.804000 0.041600 inf nan nan
 0.814800 0.041600 inf nan nan
 0.825600 0.041600 inf nan nan
 0.836400 0.041600 inf nan nan
 0.847200 0.041600 inf nan nan
 0.858000 0.041600 inf nan nan
 0.868800 0.041600 inf nan nan
 0.879600 0.041600 inf nan nan
 0.890400 0.041600 inf nan nan
 0.901200 0.041600 inf nan nan
 0.912000 0.041600 inf nan nan
 0.922800 0.041600 inf nan nan
 0.933600 0.041600 inf nan nan
 0.944400 0.041600 inf nan nan
 0.955200 0.041600 inf nan nan
 0.966000 0.041600 inf nan nan
 0.976800 0.041600 109.010629 -535.181504 -1015.784868
 0.987600 0.041600 103.606466 -465.589543 -1015.784868
 0.998400 0.041600 98.765128 -403.444059 -1014.510722
 1.009200 0.041600 94.710236 -341.370658 -1013.995860
 1.020000 0.041600 91.322874 -284.153183 -1012.591397
 1.030800 0.041600 88.499109 -238.197723 -1010.568827
 1.041600 0.041600 86.074616 -211.985298 -1006.348869
 1.052400 0.041600 83.792120 -210.950785 -998.581131
 1.063200 0.041600 81.448939 -220.631381 -987.706295
 1.074000 0.041600 79.052946 -219.759586 -975.386553
 1.084800 0.041600 76.748057 -204.601026 -961.894061
 1.095600 0.041600 74.662324 -180.432561 -947.456520
 1.106400 0.041600 72.867490 -151.223966 -933.339067
 1.117200 0.041600 71.405377 -119.206690 -921.584014
 1.128000 0.041600 70.292103 -87.211197 -913.848343
 1.138800 0.041600 69.505737 -59.383677 -910.408537
 1.149600 0.041600 68.975292 -40.794562 -909.156191
 1.160400 0.041600 68.568023 -37.573631 -903.345718
 1.171200 0.041600 68.093795 -53.018543 -882.808895
 1.182000 0.041600 67.387456 -77.621513 -845.624124
 1.192800 0.041600 66.453095 -92.596581 -807.177823
 1.203600 0.041600 65.447336 -91.214390 -783.402667
 1.214400 0.041600 64.518789 -79.734485 -776.830754
 1.225200 0.041600 63.734692 -65.416103 -781.503199
 1.236000 0.041600 63.101562 -52.174044 -790.222209
 1.246800 0.041600 62.599127 -41.255362 -798.354725
 1.257600 0.041600 62.204463 -31.941258 -804.189911
 1.268400 0.041600 61.911821 -21.903369 -807.307340
 1.279200 0.041600 61.742763 -8.807867 -807.750429
 1.290000 0.041600 61.733486 7.475526 -806.337705
 1.300800 0.041600 61.908456 24.875624 -804.446718
 1.311600 0.041600 62.267888 41.437966 -803.082546
 1.322400 0.041600 62.801509 57.332769 -802.428243
 1.333200 0.041600 63.511373 74.293028 -802.453293
 1.344000 0.041600 64.413796 92.791605 -803.650626
 1.354800 0.041600 65.515043 110.394886 -806.544851
 1.365600 0.041600 66.787663 123.796041 -810.514251
 1.376400 0.041600 68.179600 132.549042 -813.938738
 1.387200 0.041600 69.656421 139.806139 -816.358961
 1.398000 0.041600 71.222137 148.803369 -819.301448
 1.408800 0.041600 72.894403 157.874890 -824.996478
 1.419600 0.041600 74.650841 163.431532 -833.415832
 1.430400 0.041600 76.452629 167.212630 -842.655546
 1.441200 0.041600 78.336518 179.121034 -851.463442
 1.452000 0.041600 80.434307 209.631054 -857.855325
 1.462800 0.041600 82.972159 253.062156 -864.665608
 1.473600 0.041600 86.027032 310.680475 -869.575594
 1.484400 0.041600 89.808551 368.540970 -877.235766
 1.495200 0.041600 94.174787 435.309095 -882.249655
 1.506000 0.041600 102.475778 472.250650 -1016.295336
 1.516800 0.041600 inf nan nan
 1.527600 0.041600 inf nan nan
 1.538400 0.041600 inf nan nan
 1.549200 0.041600 inf nan nan
 1.560000 0.041600 inf nan nan

 0.480000 0.046800 inf nan nan
 0.490800 0.046800 inf nan nan
 0.501600 0.046800 inf nan nan
 0.512400 0.046800 inf nan nan
 0.523200 0.046800 inf nan nan
 0.534000 0.046800 inf nan nan
 0.544800 0.046800 inf nan nan
 0.555600 0.046800 inf nan nan
 0.566400 0.046800 inf nan nan
 0.577200 0.046800 inf nan nan
 0.588000 0.046800 inf nan nan
 0.598800 0.046800 inf nan nan
 0.609600 0.046800 inf nan nan
 0.620400 0.046800 inf nan nan
 0.631200 0.046800 inf nan nan
 0.642000 0.046800 inf nan nan
 0.652800 0.046800 inf nan nan
 0.663600 0.046800 inf nan nan
 0.674400 0.046800 inf nan nan
 0.685200 0.046800 inf nan nan
 0.696000 0.046800 inf nan nan
 0.706800 0.046800 inf nan nan
 0.717600 0.046800 inf nan nan
 0.728400 0.046800 inf nan nan
 0.739200 0.046800 inf nan nan
 0.750000 0.046800 inf nan nan
 0.760800 0.046800 inf nan nan
 0.771600 0.046800 inf nan nan
 0.782400 0.046800 inf nan nan
 0.793200 0.046800 inf nan nan
 0.804000 0.046800 inf nan nan
 0.814800 0.046800 inf nan nan
 0.825600 0.046800 inf nan nan
 0.836400 0.046800 inf nan nan
 0.847200 0.046800 inf nan nan
 0.858000 0.046800 inf nan nan
 0.868800 0.046800 inf nan nan
 0.879600 0.046800 inf nan nan
 0.890400 0.046800 inf nan nan
 0.901200 0.046800 inf nan nan
 0.912000 0.046800 inf nan nan
 0.922800 0.046800 inf nan nan
 0.933600 0.046800 inf nan nan
 0.944400 0.046800 inf nan nan
 0.955200 0.046800 inf nan nan
 0.966000 0.046800 inf nan nan
 0.976800 0.046800 104.077023 -535.181504 -881.755908
 0.987600 0.046800 98.615452 -467.539837 -884.775140
 0.998400 0.046800 93.669223 -409.567818 -888.552292
 1.009200 0.046800 89.504528 -352.007297 -893.354255
 1.020000 0.046800 85.961542 -300.519353 -899.422168
 1.030800 0.046800 82.898174 -262.611487 -908.307096
 1.041600 0.046800 80.181552 -240.021126 -917.407862
 1.052400 0.046800 77.629278 -231.476392 -923.703314
 1.063200 0.046800 75.153282 -224.880270 -924.258170
 1.074000 0.046800 72.792163 -210.221804 -919.128359
 1.084800 0.046800 70.636523 -187.635673 -909.749171
 1.095600 0.046800 68.749384 -161.421318 -897.599900
 1.106400 0.046800 67.150540 -134.623578 -884.491379
 1.117200 0.046800 65.839069 -108.334212 -873.082543
 1.128000 0.046800 64.805113 -83.443492 -865.962172
 1.138800 0.046800 64.025318 -61.568682 -864.132427
 1.149600 0.046800 63.456969 -44.610726 -865.854689
 1.160400 0.046800 63.035307 -34.853723 -865.935314
 1.171200 0.046800 62.666374 -35.361788 -856.854728
 1.182000 0.046800 62.230384 -46.834523 -833.641290
 1.192800 0.046800 61.639832 -62.170482 -801.132220
 1.203600 0.046800 60.911427 -71.034779 -771.827089
 1.214400 0.046800 60.141675 -70.006520 -753.618584
 1.225200 0.046800 59.423724 -62.196926 -745.798037
 1.236000 0.046800 58.807063 -51.875955 -744.175770
 1.246800 0.046800 58.302171 -41.769195 -745.225084
 1.257600 0.046800 57.902963 -32.138882 -746.750109
 1.268400 0.046800 57.612620 -21.249038 -747.293699
 1.279200 0.046800 57.454795 -7.471373 -746.241213
 1.290000 0.046800 57.460700 8.827059 -744.132311
 1.300800 0.046800 57.647886 25.751897 -742.069075
 1.311600 0.046800 58.014346 41.913895 -740.674566
 1.322400 0.046800 58.552264 57.661822 -739.850978
 1.333200 0.046800 59.263967 74.205876 -739.601747
 1.344000 0.046800 60.160239 91.646920 -740.581376
 1.354800 0.046800 61.242860 108.167187 -743.248331
 1.365600 0.046800 62.489731 121.491438 -746.721004
 1.376400 0.046800 63.860876 131.102554 -749.234191
 1.387200 0.046800 65.325006 138.795016 -750.333519
 1.398000 0.046800 66.876187 146.891883 -751.425050
 1.408800 0.046800 68.520561 154.968930 -754.225244
 1.419600 0.046800 70.243657 160.523508 -758.000994
 1.430400 0.046800 72.018367 164.954463 -761.484667
 1.441200 0.046800 73.873701 176.340093 -765.355721
 1.452000 0.046800 75.924293 202.878928 -770.737595
 1.462800 0.046800 78.354669 240.814893 -781.288615
 1.473600 0.046800 81.238582 290.069623 -795.590356
 1.484400 0.046800 84.727115 338.821999 -817.886600
 1.495200 0.046800 88.723352 393.291818 -840.915964
 1.506000 0.046800 94.362217 413.779670 -946.810008
 1.516800 0.046800 99.827770 457.905057 -976.504138
 1.527600 0.046800 inf nan nan
 1.538400 0.046800 inf nan nan
 1.549200 0.046800 inf nan nan
 1.560000 0.046800 inf nan nan

 0.480000 0.052000 inf nan nan
 0.490800 0.052000 inf nan nan
 0.501600 0.052000 inf nan nan
 0.512400 0.052000 inf nan nan
 0.523200 0.052000 inf nan nan
 0.534000 0.052000 inf nan nan
 0.544800 0.052000 inf nan nan
 0.555600 0.052000 inf nan nan
 0.566400 0.052000 inf nan nan
 0.577200 0.052000 inf nan nan
 0.588000 0.052000 inf nan nan
 0.598800 0.052000 inf nan nan
 0.609600 0.052000 inf nan nan
 0.620400 0.052000 inf nan nan
 0.631200 0.052000 inf nan nan
 0.642000 0.052000 inf nan nan
 0.652800 0.052000 inf nan nan
 0.663600 0.052000 inf nan nan
 0.674400 0.052000 inf nan nan
 0.685200 0.052000 inf nan nan
 0.696000 0.052000 inf nan nan
 0.706800 0.052000 inf nan nan
 0.717600 0.052000 inf nan nan
 0.728400 0.052000 inf nan nan
 0.739200 0.052000 inf nan nan
 0.750000 0.052000 inf nan nan
 0.760800 0.052000 inf nan nan
 0.771600 0.052000 inf nan nan
 0.782400 0.052000 inf nan nan
 0.793200 0.052000 inf nan nan
 0.804000 0.052000 inf nan nan
 0.814800 0.052000 inf nan nan
 0.825600 0.052000 inf nan nan
 0.836400 0.052000 inf nan nan
 0.847200 0.052000 inf nan nan
 0.858000 0.052000 inf nan nan
 0.868800 0.052000 inf nan nan
 0.879600 0.052000 inf nan nan
 0.890400 0.052000 inf nan nan
 0.901200 0.052000 inf nan nan
 0.912000 0.052000 inf nan nan
 0.922800 0.052000 inf nan nan
 0.933600 0.052000 inf nan nan
 0.944400 0.052000 inf nan nan
 0.955200 0.052000 inf nan nan
 0.966000 0.052000 inf nan nan
 0.976800 0.052000 99.647074 -535.342785 -765.542714
 0.987600 0.052000 94.020604 -470.310770 -781.278828
 0.998400 0.052000 88.976070 -415.157230 -792.475540
 1.009200 0.052000 84.715440 -360.416326 -803.296290
 1.020000 0.052000 81.062898 -311.177576 -815.694698
 1.030800 0.052000 77.870928 -274.395009 -830.435762
 1.041600 0.052000 75.033298 -249.672960 -844.166297
 1.052400 0.052000 72.405223 -235.625980 -853.166084
 1.063200 0.052000 69.914179 -223.908482 -855.567991
 1.074000 0.052000 67.578251 -207.047145 -852.883502
 1.084800 0.052000 65.458878 -184.252174 -847.747046
 1.095600 0.052000 63.606841 -158.316173 -841.739579
 1.106400 0.052000 62.038895 -132.093585 -835.807234
 1.117200 0.052000 60.748241 -107.183692 -831.200031
 1.128000 0.052000 59.715051 -84.563352 -829.337183
 1.138800 0.052000 58.910874 -64.813559 -830.783803
 1.149600 0.052000 58.305000 -47.761049 -834.193196
 1.160400 0.052000 57.869275 -33.455969 -835.996231
 1.171200 0.052000 57.563619 -24.340597 -831.222607
 1.182000 0.052000 57.308767 -24.663507 -815.400440
 1.192800 0.052000 56.993802 -34.890460 -788.347352
 1.203600 0.052000 56.544987 -47.811160 -756.950819
 1.214400 0.052000 55.982862 -54.911881 -730.239652
 1.225200 0.052000 55.388366 -54.014825 -712.272310
 1.236000 0.052000 54.835004 -47.903772 -702.126257
 1.246800 0.052000 54.361105 -39.682641 -697.017838
 1.257600 0.052000 53.981931 -30.328680 -694.030469
 1.268400 0.052000 53.713161 -19.049767 -691.047155
 1.279200 0.052000 53.580044 -5.217379 -687.537233
 1.290000 0.052000 53.607197 10.391068 -684.381772
 1.300800 0.052000 53.805779 26.307331 -682.597286
 1.311600 0.052000 54.174398 41.864255 -682.170339
 1.322400 0.052000 54.711285 57.577582 -682.223389
 1.333200 0.052000 55.422246 74.094735 -682.258621
 1.344000 0.052000 56.315258 91.080201 -682.734579
 1.354800 0.052000 57.388805 107.095398 -684.143625
 1.365600 0.052000 58.623837 120.524331 -685.960690
 1.376400 0.052000 59.987202 130.645370 -687.052044
 1.387200 0.052000 61.446805 138.272179 -687.404503
 1.398000 0.052000 62.986853 145.156144 -688.327611
 1.408800 0.052000 64.603804 151.847820 -691.042158
 1.419600 0.052000 66.288631 156.854545 -694.511658
 1.430400 0.052000 68.025412 161.692482 -697.466872
 1.441200 0.052000 69.844469 173.062840 -700.667188
 1.452000 0.052000 71.849382 197.159526 -706.581015
 1.462800 0.052000 74.191010 230.906891 -719.710443
 1.473600 0.052000 76.932255 272.407739 -740.251536
 1.484400 0.052000 80.160171 311.236056 -773.362938
 1.495200 0.052000 83.787482 349.649120 -812.101274
 1.506000 0.052000 88.250951 360.374741 -903.474965
 1.516800 0.052000 92.669472 390.491146 -944.774549
 1.527600 0.052000 98.106077 407.464342 -1008.013184
 1.538400 0.052000 103.138507 463.985062 -1008.129752
 1.549200 0.052000 inf nan nan
 1.560000 0.052000 inf nan nan

 0.480000 0.057200 inf nan nan
 0.490800 0.057200 inf nan nan
 0.501600 0.057200 inf nan nan
 0.512400 0.057200 inf nan nan
 0.523200 0.057200 inf nan nan
 0.534000 0.057200 inf nan nan
 0.544800 0.057200 inf nan nan
 0.555600 0.057200 inf nan nan
 0.566400 0.057200 inf nan nan
 0.577200 0.057200 inf nan nan
 0.588000 0.057200 inf nan nan
 0.598800 0.057200 inf nan nan
 0.609600 0.057200 inf nan nan
 0.620400 0.057200 inf nan nan
 0.631200 0.057200 inf nan nan
 0.642000 0.057200 inf nan nan
 0.652800 0.057200 inf nan nan
 0.663600 0.057200 inf nan nan
 0.674400 0.057200 inf nan nan
 0.685200 0.057200 inf nan nan
 0.696000 0.057200 inf nan nan
 0.706800 0.057200 inf nan nan
 0.717600 0.057200 inf nan nan
 0.728400 0.057200 inf nan nan
 0.739200 0.057200 inf nan nan
 0.750000 0.057200 inf nan nan
 0.760800 0.057200 inf nan nan
 0.771600 0.057200 inf nan nan
 0.782400 0.057200 inf nan nan
 0.793200 0.057200 inf nan nan
 0.804000 0.057200 inf nan nan
 0.814800 0.057200 inf nan nan
 0.825600 0.057200 inf nan nan
 0.836400 0.057200 inf nan nan
 0.847200 0.057200 inf nan nan
 0.858000 0.057200 inf nan nan
 0.868800 0.057200 inf nan nan
 0.879600 0.057200 inf nan nan
 0.890400 0.057200 inf nan nan
 0.901200 0.057200 inf nan nan
 0.912000 0.057200 inf nan nan
 0.922800 0.057200 inf nan nan
 0.933600 0.057200 inf nan nan
 0.944400 0.057200 109.403302 -517.119812 -1061.999084
 0.955200 0.057200 103.506227 -467.300369 -1052.851941
 0.966000 0.057200 98.686756 -410.230117 -1046.626642
 0.976800 0.057200 93.231489 -425.528930 -901.682963
 0.987600 0.057200 88.520026 -407.333528 -842.203693
 0.998400 0.057200 84.012538 -385.019802 -799.107155
 1.009200 0.057200 79.950989 -350.387021 -783.047026
 1.020000 0.057200 76.334580 -312.259510 -783.201180
 1.030800 0.057200 73.101567 -280.013673 -791.341863
 1.041600 0.057200 70.202499 -254.655474 -800.764239
 1.052400 0.057200 67.542578 -236.399644 -806.019842
 1.063200 0.057200 65.067260 -220.637455 -805.474574
 1.074000 0.057200 62.776552 -202.430852 -801.243005
 1.084800 0.057200 60.704190 -180.403949 -796.492486
 1.095600 0.057200 58.886344 -155.829453 -792.978222
 1.106400 0.057200 57.338790 -130.752709 -790.987676
 1.117200 0.057200 56.057696 -106.716604 -790.368794
 1.128000 0.057200 55.025809 -84.753751 -790.999331
 1.138800 0.057200 54.217484 -65.327396 -792.629733
 1.149600 0.057200 53.606813 -48.025064 -794.541424
 1.160400 0.057200 53.173931 -32.448136 -795.365050
 1.171200 0.057200 52.894335 -20.109959 -792.925418
 1.182000 0.057200 52.715130 -14.458643 -784.149961
 1.192800 0.057200 52.549512 -17.606859 -766.226302
 1.203600 0.057200 52.312338 -26.828343 -739.692770
 1.214400 0.057200 51.970901 -35.880920 -710.027901
 1.225200 0.057200 51.555128 -40.190534 -684.101217
 1.236000 0.057200 51.122279 -39.215035 -665.484764
 1.246800 0.057200 50.722154 -34.385543 -653.539227
 1.257600 0.057200 50.390497 -26.589024 -645.451108
 1.268400 0.057200 50.158632 -15.898372 -638.814861
 1.279200 0.057200 50.056579 -2.687429 -633.075013
 1.290000 0.057200 50.105946 11.918172 -629.043595
 1.300800 0.057200 50.315388 26.837040 -627.305202
 1.311600 0.057200 50.686610 41.917058 -627.238409
 1.322400 0.057200 51.223888 57.632222 -627.569137
 1.333200 0.057200 51.935385 74.079373 -627.661567
 1.344000 0.057200 52.826095 90.604357 -627.886566
 1.354800 0.057200 53.891562 106.109459 -628.758219
 1.365600 0.057200 55.115015 119.485589 -630.085444
 1.376400 0.057200 56.468577 129.896872 -631.260217
 1.387200 0.057200 57.920483 137.495316 -632.385004
 1.398000 0.057200 59.448856 143.660820 -634.381201
 1.408800 0.057200 61.044724 149.628980 -637.891709
 1.419600 0.057200 62.704387 154.634591 -641.883604
 1.430400 0.057200 64.419436 159.903808 -645.090131
 1.441200 0.057200 66.214890 170.344393 -648.350217
 1.452000 0.057200 68.171436 190.234425 -655.421644
 1.462800 0.057200 70.396253 216.368493 -672.482324
 1.473600 0.057200 72.914203 244.086605 -702.753019
 1.484400 0.057200 75.710295 261.358456 -752.467900
 1.495200 0.057200 78.614733 264.584777 -813.792801
 1.506000 0.057200 81.584898 245.452802 -891.029851
 1.516800 0.057200 84.332560 246.586022 -927.792560
 1.527600 0.057200 87.225884 265.977421 -949.347233
 1.538400 0.057200 90.414664 310.717898 -952.233850
 1.549200 0.057200 94.207800 362.946424 -954.655542
 1.560000 0.057200 98.576177 426.489172 -954.543943

 0.480000 0.062400 inf nan nan
 0.490800 0.062400 inf nan nan
 0.501600 0.062400 inf nan nan
 0.512400 0.062400 inf nan nan
 0.523200 0.062400 inf nan nan
 0.534000 0.062400 inf nan nan
 0.544800 0.062400 inf nan nan
 0.555600 0.062400 inf nan nan
 0.566400 0.062400 inf nan nan
 0.577200 0.062400 inf nan nan
 0.588000 0.062400 inf nan nan
 0.598800 0.062400 inf nan nan
 0.609600 0.062400 inf nan nan
 0.620400 0.062400 inf nan nan
 0.631200 0.062400 inf nan nan
 0.642000 0.062400 inf nan nan
 0.652800 0.062400 inf nan nan
 0.663600 0.062400 inf nan nan
 0.674400 0.062400 inf nan nan
 0.685200 0.062400 inf nan nan
 0.696000 0.062400 inf nan nan
 0.706800 0.062400 inf nan nan
 0.717600 0.062400 inf nan nan
 0.728400 0.062400 inf nan nan
 0.739200 0.062400 inf nan nan
 0.750000 0.062400 inf nan nan
 0.760800 0.062400 inf nan nan
 0.771600 0.062400 inf nan nan
 0.782400 0.062400 inf nan nan
 0.793200 0.062400 inf nan nan
 0.804000 0.062400 inf nan nan
 0.814800 0.062400 inf nan nan
 0.825600 0.062400 inf nan nan
 0.836400 0.062400 inf nan nan
 0.847200 0.062400 inf nan nan
 0.858000 0.062400 inf nan nan
 0.868800 0.062400 inf nan nan
 0.879600 0.062400 inf nan nan
 0.890400 0.062400 inf nan nan
 0.901200 0.062400 inf nan nan
 0.912000 0.062400 inf nan nan
 0.922800 0.062400 inf nan nan
 0.933600 0.062400 109.098273 -520.051696 -1048.493089
 0.944400 0.062400 102.166230 -483.097318 -994.940472
 0.955200 0.062400 96.949285 -432.710440 -974.982513
 0.966000 0.062400 92.450938 -382.315910 -961.292161
 0.976800 0.062400 87.938300 -375.722221 -885.714469
 0.987600 0.062400 83.710414 -370.076685 -829.809565
 0.998400 0.062400 79.546181 -364.052944 -780.563015
 1.009200 0.062400 75.625976 -343.168183 -756.260919
 1.020000 0.062400 72.034905 -313.068836 -749.821178
 1.030800 0.062400 68.776978 -283.538806 -751.735670
 1.041600 0.062400 65.841127 -257.375263 -755.973459
 1.052400 0.062400 63.166952 -236.201908 -757.448632
 1.063200 0.062400 60.709495 -217.866596 -754.799866
 1.074000 0.062400 58.453233 -199.165133 -749.976420
 1.084800 0.062400 56.411133 -178.238806 -745.806332
 1.095600 0.062400 54.608848 -155.063059 -743.828989
 1.106400 0.062400 53.064252 -130.864579 -743.800397
 1.117200 0.062400 51.779819 -107.151116 -744.760834
 1.128000 0.062400 50.743005 -85.199838 -745.890861
 1.138800 0.062400 49.930611 -65.612118 -746.734904
 1.149600 0.062400 49.318585 -47.958013 -747.072907
 1.160400 0.062400 48.889973 -31.629229 -746.695041
 1.171200 0.062400 48.627460 -17.530555 -744.868276
 1.182000 0.062400 48.493606 -8.301189 -739.639226
 1.192800 0.062400 48.421980 -6.211747 -727.995842
 1.203600 0.062400 48.335140 -10.756219 -707.942003
 1.214400 0.062400 48.178060 -18.530731 -681.343098
 1.225200 0.062400 47.938540 -25.426371 -653.884518
 1.236000 0.062400 47.642251 -28.760005 -631.117341
 1.246800 0.062400 47.334388 -27.510512 -614.801453
 1.257600 0.062400 47.065465 -21.597414 -603.134539
 1.268400 0.062400 46.882835 -11.704548 -593.745218
 1.279200 0.062400 46.822128 0.693127 -585.901354
 1.290000 0.062400 46.901580 14.038478 -580.299420
 1.300800 0.062400 47.126741 27.671660 -577.440887
 1.311600 0.062400 47.502477 42.028101 -576.662144
 1.322400 0.062400 48.039897 57.606410 -576.699398
 1.333200 0.062400 48.751114 74.025717 -576.821569
 1.344000 0.062400 49.640119 90.285676 -577.134183
 1.354800 0.062400 50.700136 105.415360 -578.013701
 1.365600 0.062400 51.914644 118.582111 -579.516867
 1.376400 0.062400 53.257829 128.880736 -581.460235
 1.387200 0.062400 54.697149 136.104885 -584.016318
 1.398000 0.062400 56.206414 141.460036 -587.807187
 1.408800 0.062400 57.773726 146.701585 -593.150405
 1.419600 0.062400 59.400617 151.750127 -599.187679
 1.430400 0.062400 61.087013 157.641001 -604.439834
 1.441200 0.062400 62.856102 167.578912 -609.082913
 1.452000 0.062400 64.767556 184.176140 -616.680892
 1.462800 0.062400 66.893211 204.368559 -633.176942
 1.473600 0.062400 69.236876 223.423637 -661.888344
 1.484400 0.062400 71.755551 233.211046 -705.344749
 1.495200 0.062400 74.330231 233.627368 -753.323802
 1.506000 0.062400 76.933512 227.755272 -800.635804
 1.516800 0.062400 79.517222 239.448051 -822.334562
 1.527600 0.062400 82.337260 267.661826 -833.397954
 1.538400 0.062400 85.549462 313.694061 -832.851274
 1.549200 0.062400 89.379312 366.111548 -831.603898
 1.560000 0.062400 93.792253 428.904512 -828.531267

 0.480000 0.067600 inf nan nan
 0.490800 0.067600 inf nan nan
 0.501600 0.067600 inf nan nan
 0.512400 0.067600 inf nan nan
 0.523200 0.067600 inf nan nan
 0.534000 0.067600 inf nan nan
 0.544800 0.067600 inf nan nan
 0.555600 0.067600 inf nan nan
 0.566400 0.067600 inf nan nan
 0.577200 0.067600 inf nan nan
 0.588000 0.067600 inf nan nan
 0.598800 0.067600 inf nan nan
 0.609600 0.067600 inf nan nan
 0.620400 0.067600 inf nan nan
 0.631200 0.067600 inf nan nan
 0.642000 0.067600 inf nan nan
 0.652800 0.067600 inf nan nan
 0.663600 0.067600 inf nan nan
 0.674400 0.067600 inf nan nan
 0.685200 0.067600 inf nan nan
 0.696000 0.067600 inf nan nan
 0.706800 0.067600 inf nan nan
 0.717600 0.067600 inf nan nan
 0.728400 0.067600 inf nan nan
 0.739200 0.067600 inf nan nan
 0.750000 0.067600 inf nan nan
 0.760800 0.067600 inf nan nan
 0.771600 0.067600 inf nan nan
 0.782400 0.067600 inf nan nan
 0.793200 0.067600 inf nan nan
 0.804000 0.067600 inf nan nan
 0.814800 0.067600 inf nan nan
 0.825600 0.067600 inf nan nan
 0.836400 0.067600 inf nan nan
 0.847200 0.067600 inf nan nan
 0.858000 0.067600 inf nan nan
 0.868800 0.067600 inf nan nan
 0.879600 0.067600 inf nan nan
 0.890400 0.067600 inf nan nan
 0.901200 0.067600 inf nan nan
 0.912000 0.067600 inf nan nan
 0.922800 0.067600 106.560778 -518.002599 -988.979076
 0.933600 0.067600 100.305422 -472.814799 -969.084368
 0.944400 0.067600 95.039191 -428.305573 -937.064905
 0.955200 0.067600 90.549815 -381.698843 -913.519697
 0.966000 0.067600 86.571896 -341.006370 -891.348259
 0.976800 0.067600 82.765082 -328.607589 -844.272439
 0.987600 0.067600 79.046579 -331.872489 -797.136959
 0.998400 0.067600 75.261154 -339.312533 -752.321207
 1.009200 0.067600 71.535085 -331.593441 -725.340587
 1.020000 0.067600 68.016918 -309.856217 -713.756308
 1.030800 0.067600 64.774651 -283.776004 -709.996110
 1.041600 0.067600 61.832125 -258.016647 -709.659379
 1.052400 0.067600 59.158117 -235.392821 -708.640377
 1.063200 0.067600 56.719308 -215.402417 -705.335855
 1.074000 0.067600 54.493316 -196.275581 -700.713252
 1.084800 0.067600 52.478659 -176.217220 -696.775942
 1.095600 0.067600 50.691185 -154.322898 -694.887078
 1.106400 0.067600 49.149398 -130.975311 -694.824026
 1.117200 0.067600 47.862141 -107.468326 -695.494221
 1.128000 0.067600 46.822802 -85.312231 -695.913613
 1.138800 0.067600 46.010851 -65.424386 -695.663070
 1.149600 0.067600 45.402212 -47.531404 -694.832630
 1.160400 0.067600 44.979784 -30.863813 -693.660431
 1.171200 0.067600 44.729948 -15.786187 -691.883434
 1.182000 0.067600 44.625888 -4.275271 -688.122721
 1.192800 0.067600 44.616821 1.537600 -679.952640
 1.203600 0.067600 44.636464 1.120385 -665.124918
 1.214400 0.067600 44.623740 -4.114279 -643.588538
 1.225200 0.067600 44.540244 -11.479905 -618.661053
 1.236000 0.067600 44.380511 -17.670220 -595.453519
 1.246800 0.067600 44.174871 -19.565845 -577.248173
 1.257600 0.067600 43.979835 -15.666393 -563.752185
 1.268400 0.067600 43.855079 -6.856734 -553.097451
 1.279200 0.067600 43.841531 4.517970 -544.308869
 1.290000 0.067600 43.955522 16.564584 -537.624789
 1.300800 0.067600 44.201137 28.977825 -533.322935
 1.311600 0.067600 44.586585 42.602747 -530.982448
 1.322400 0.067600 45.128433 57.892319 -529.847452
 1.333200 0.067600 45.841784 74.117124 -529.465240
 1.344000 0.067600 46.730203 90.039074 -529.817714
 1.354800 0.067600 47.785213 104.714149 -531.083920
 1.365600 0.067600 48.989590 117.424360 -533.349901
 1.376400 0.067600 50.317880 127.278713 -536.552687
 1.387200 0.067600 51.737225 133.975352 -540.667437
 1.398000 0.067600 53.219804 138.675982 -545.893225
 1.408800 0.067600 54.753413 143.367194 -552.298650
 1.419600 0.067600 56.343252 148.493023 -559.420746
 1.430400 0.067600 57.996172 154.917817 -566.000122
 1.441200 0.067600 59.734443 164.503022 -571.879804
 1.452000 0.067600 61.599921 178.429692 -579.765925
 1.462800 0.067600 63.635206 193.661204 -594.262941
 1.473600 0.067600 65.828130 206.384871 -617.794040
 1.484400 0.067600 68.131756 212.614971 -650.063407
 1.495200 0.067600 70.482282 214.432065 -682.165688
 1.506000 0.067600 72.883599 217.614813 -708.881545
 1.516800 0.067600 75.375884 235.203200 -720.239397
 1.527600 0.067600 78.148924 267.337922 -725.126478
 1.538400 0.067600 81.357481 313.198161 -723.708016
 1.549200 0.067600 85.184306 365.007258 -721.984581
 1.560000 0.067600 89.593275 426.780917 -719.789441

 0.480000 0.072800 inf nan nan
 0.490800 0.072800 inf nan nan
 0.501600 0.072800 inf nan nan
 0.512400 0.072800 inf nan nan
 0.523200 0.072800 inf nan nan
 0.534000 0.072800 inf nan nan
 0.544800 0.072800 inf nan nan
 0.555600 0.072800 inf nan nan
 0.566400 0.072800 inf nan nan
 0.577200 0.072800 inf nan nan
 0.588000 0.072800 inf nan nan
 0.598800 0.072800 inf nan nan
 0.609600 0.072800 inf nan nan
 0.620400 0.072800 inf nan nan
 0.631200 0.072800 inf nan nan
 0.642000 0.072800 inf nan nan
 0.652800 0.072800 inf nan nan
 0.663600 0.072800 inf nan nan
 0.674400 0.072800 inf nan nan
 0.685200 0.072800 inf nan nan
 0.696000 0.072800 inf nan nan
 0.706800 0.072800 inf nan nan
 0.717600 0.072800 inf nan nan
 0.728400 0.072800 inf nan nan
 0.739200 0.072800 inf nan nan
 0.750000 0.072800 inf nan nan
 0.760800 0.072800 inf nan nan
 0.771600 0.072800 inf nan nan
 0.782400 0.072800 inf nan nan
 0.793200 0.072800 inf nan nan
 0.804000 0.072800 inf nan nan
 0.814800 0.072800 inf nan nan
 0.825600 0.072800 inf nan nan
 0.836400 0.072800 inf nan nan
 0.847200 0.072800 inf nan nan
 0.858000 0.072800 inf nan nan
 0.868800 0.072800 inf nan nan
 0.879600 0.072800 inf nan nan
 0.890400 0.072800 inf nan nan
 0.901200 0.072800 inf nan nan
 0.912000 0.072800 inf nan nan
 0.922800 0.072800 100.655553 -516.869409 -887.289466
 0.933600 0.072800 94.769258 -464.856995 -868.068659
 0.944400 0.072800 89.798647 -413.163605 -844.655926
 0.955200 0.072800 85.536220 -362.665034 -824.714486
 0.966000 0.072800 81.783948 -320.940133 -803.066552
 0.976800 0.072800 78.292705 -303.528166 -769.213988
 0.987600 0.072800 74.871016 -308.277345 -732.857355
 0.998400 0.072800 71.339790 -321.582426 -698.687999
 1.009200 0.072800 67.766765 -321.560562 -676.154280
 1.020000 0.072800 64.323499 -305.398143 -664.089775
 1.030800 0.072800 61.116330 -281.986265 -657.721496
 1.041600 0.072800 58.186619 -257.234508 -654.946024
 1.052400 0.072800 55.521958 -234.355145 -653.109553
 1.063200 0.072800 53.098603 -213.642928 -650.626682
 1.074000 0.072800 50.893743 -194.238216 -647.369412
 1.084800 0.072800 48.899450 -174.601500 -644.190679
 1.095600 0.072800 47.125438 -153.447837 -642.036365
 1.106400 0.072800 45.589937 -130.621321 -640.962213
 1.117200 0.072800 44.305513 -107.237708 -640.348149
 1.128000 0.072800 43.269272 -84.946528 -639.571890
 1.138800 0.072800 42.462265 -64.885420 -638.403081
 1.149600 0.072800 41.859968 -46.916383 -636.990313
 1.160400 0.072800 41.444465 -30.173443 -635.549524
 1.171200 0.072800 41.204120 -14.604808 -633.836076
 1.182000 0.072800 41.119588 -1.649701 -630.754160
 1.192800 0.072800 41.151977 6.758805 -624.528483
 1.203600 0.072800 41.245305 9.556339 -613.466451
 1.214400 0.072800 41.339033 6.936151 -597.008956
 1.225200 0.072800 41.380945 0.301638 -576.667769
 1.236000 0.072800 41.342443 -7.310798 -555.964596
 1.246800 0.072800 41.236052 -11.580599 -538.370800
 1.257600 0.072800 41.116190 -9.617047 -524.919052
 1.268400 0.072800 41.049938 -2.000730 -514.570338
 1.279200 0.072800 41.083933 8.452984 -506.129816
 1.290000 0.072800 41.235356 19.535286 -499.142774
 1.300800 0.072800 41.507980 31.014949 -493.585310
 1.311600 0.072800 41.911235 43.883233 -489.496157
 1.322400 0.072800 42.463610 58.569520 -486.912887
 1.333200 0.072800 43.181265 74.227155 -485.861623
 1.344000 0.072800 44.067722 89.535907 -486.336565
 1.354800 0.072800 45.113847 103.554160 -488.344246
 1.365600 0.072800 46.302261 115.642264 -491.807155
 1.376400 0.072800 47.608673 125.042798 -496.395592
 1.387200 0.072800 49.002221 131.452045 -501.560506
 1.398000 0.072800 50.455566 135.839161 -507.063524
 1.408800 0.072800 51.955744 140.081277 -513.058346
 1.419600 0.072800 53.508046 145.090135 -519.730679
 1.430400 0.072800 55.124353 151.811203 -526.352749
 1.441200 0.072800 56.828510 161.279344 -532.608837
 1.452000 0.072800 58.651306 173.592101 -540.087298
 1.462800 0.072800 60.615443 185.605109 -551.621899
 1.473600 0.072800 62.698721 194.538799 -568.474926
 1.484400 0.072800 64.859369 199.505399 -589.231278
 1.495200 0.072800 67.074431 203.604259 -607.743979
 1.506000 0.072800 69.371707 212.674436 -620.611463
 1.516800 0.072800 71.825394 233.992655 -624.173787
 1.527600 0.072800 74.585874 268.300292 -624.202946
 1.538400 0.072800 77.804470 313.609349 -621.614925
 1.549200 0.072800 81.636306 364.549239 -619.919557
 1.560000 0.072800 86.057069 424.683594 -617.583379

 0.480000 0.078000 inf nan nan
 0.490800 0.078000 inf nan nan
 0.501600 0.078000 inf nan nan
 0.512400 0.078000 inf nan nan
 0.523200 0.078000 inf nan nan
 0.534000 0.078000 inf nan nan
 0.544800 0.078000 inf nan nan
 0.555600 0.078000 inf nan nan
 0.566400 0.078000 inf nan nan
 0.577200 0.078000 inf nan nan
 0.588000 0.078000 inf nan nan
 0.598800 0.078000 inf nan nan
 0.609600 0.078000 inf nan nan
 0.620400 0.078000 inf nan nan
 0.631200 0.078000 inf nan nan
 0.642000 0.078000 inf nan nan
 0.652800 0.078000 inf nan nan
 0.663600 0.078000 inf nan nan
 0.674400 0.078000 inf nan nan
 0.685200 0.078000 inf nan nan
 0.696000 0.078000 inf nan nan
 0.706800 0.078000 inf nan nan
 0.717600 0.078000 inf nan nan
 0.728400 0.078000 inf nan nan
 0.739200 0.078000 inf nan nan
 0.750000 0.078000 inf nan nan
 0.760800 0.078000 inf nan nan
 0.771600 0.078000 inf nan nan
 0.782400 0.078000 inf nan nan
 0.793200 0.078000 inf nan nan
 0.804000 0.078000 inf nan nan
 0.814800 0.078000 inf nan nan
 0.825600 0.078000 inf nan nan
 0.836400 0.078000 inf nan nan
 0.847200 0.078000 inf nan nan
 0.858000 0.078000 inf nan nan
 0.868800 0.078000 inf nan nan
 0.879600 0.078000 inf nan nan
 0.890400 0.078000 inf nan nan
 0.901200 0.078000 inf nan nan
 0.912000 0.078000 112.331934 -555.234298 -1056.689476
 0.922800 0.078000 96.310236 -516.556399 -764.885392
 0.933600 0.078000 90.520951 -462.656208 -747.760230
 0.944400 0.078000 85.654198 -407.700755 -730.815215
 0.955200 0.078000 81.480874 -354.710595 -715.944264
 0.966000 0.078000 77.825695 -311.596626 -699.256673
 0.976800 0.078000 74.479706 -291.079815 -676.022249
 0.987600 0.078000 71.215868 -295.256471 -651.191164
 0.998400 0.078000 67.833116 -310.655867 -628.675019
 1.009200 0.078000 64.361738 -314.401695 -613.129314
 1.020000 0.078000 60.977099 -301.455579 -603.605485
 1.030800 0.078000 57.803978 -279.906374 -597.603353
 1.041600 0.078000 54.890424 -256.230041 -594.593479
 1.052400 0.078000 52.234837 -233.600303 -593.161334
 1.063200 0.078000 49.821235 -212.600198 -591.990791
 1.074000 0.078000 47.629246 -192.944663 -590.337664
 1.084800 0.078000 45.648857 -173.399683 -588.221571
 1.095600 0.078000 43.886142 -152.570109 -586.152327
 1.106400 0.078000 42.358718 -129.964007 -584.373078
 1.117200 0.078000 41.081374 -106.545361 -582.713221
 1.128000 0.078000 40.053587 -84.065100 -580.911566
 1.138800 0.078000 39.256999 -63.861924 -578.912100
 1.149600 0.078000 38.665732 -45.929178 -576.915331
 1.160400 0.078000 38.260231 -29.297895 -575.126884
 1.171200 0.078000 38.029865 -13.547443 -573.308944
 1.182000 0.078000 37.960740 0.280492 -570.557523
 1.192800 0.078000 38.022403 10.372254 -565.608361
 1.203600 0.078000 38.166570 15.407669 -557.383536
 1.214400 0.078000 38.335862 15.003647 -545.362401
 1.225200 0.078000 38.473293 9.685188 -529.951873
 1.236000 0.078000 38.535987 1.742439 -513.036488
 1.246800 0.078000 38.519157 -4.195462 -497.506188
 1.257600 0.078000 38.468849 -4.084235 -485.258654
 1.268400 0.078000 38.454959 2.253103 -476.178726
 1.279200 0.078000 38.530723 11.986967 -469.041036
 1.290000 0.078000 38.717865 22.618921 -462.720695
 1.300800 0.078000 39.021507 33.638041 -456.792351
 1.311600 0.078000 39.449835 45.851562 -451.624630
 1.322400 0.078000 40.019037 59.685662 -447.950519
 1.333200 0.078000 40.743843 74.426732 -446.264989
 1.344000 0.078000 41.627741 88.851162 -446.653429
 1.354800 0.078000 42.662000 102.034639 -449.028556
 1.365600 0.078000 43.830030 113.403870 -453.165736
 1.376400 0.078000 45.109790 122.409460 -458.484051
 1.387200 0.078000 46.474409 128.794638 -464.006981
 1.398000 0.078000 47.898998 133.241163 -469.114980
 1.408800 0.078000 49.369896 137.302144 -473.975537
 1.419600 0.078000 50.890292 142.172201 -479.182578
 1.430400 0.078000 52.474135 148.954651 -484.646172
 1.441200 0.078000 54.146356 158.253640 -490.273684
 1.452000 0.078000 55.931159 169.516901 -496.972257
 1.462800 0.078000 57.839565 179.601053 -506.250662
 1.473600 0.078000 59.845126 186.631856 -518.354961
 1.484400 0.078000 61.914799 191.566144 -531.403701
 1.495200 0.078000 64.051849 197.869523 -541.513105
 1.506000 0.078000 66.298788 210.783693 -546.751515
 1.516800 0.078000 68.742048 234.405201 -546.126226
 1.527600 0.078000 71.507153 269.578102 -543.632199
 1.538400 0.078000 74.737343 313.903664 -541.060210
 1.549200 0.078000 78.570897 363.511626 -540.924351
 1.560000 0.078000 83.005566 421.185343 -538.497301

 0.480000 0.083200 inf nan nan
 0.490800 0.083200 inf nan nan
 0.501600 0.083200 inf nan nan
 0.512400 0.083200 inf nan nan
 0.523200 0.083200 inf nan nan
 0.534000 0.083200 inf nan nan
 0.544800 0.083200 inf nan nan
 0.555600 0.083200 inf nan nan
 0.566400 0.083200 inf nan nan
 0.577200 0.083200 inf nan nan
 0.588000 0.083200 inf nan nan
 0.598800 0.083200 inf nan nan
 0.609600 0.083200 inf nan nan
 0.620400 0.083200 inf nan nan
 0.631200 0.083200 inf nan nan
 0.642000 0.083200 inf nan nan
 0.652800 0.083200 inf nan nan
 0.663600 0.083200 inf nan nan
 0.674400 0.083200 inf nan nan
 0.685200 0.083200 inf nan nan
 0.696000 0.083200 inf nan nan
 0.706800 0.083200 inf nan nan
 0.717600 0.083200 inf nan nan
 0.728400 0.083200 inf nan nan
 0.739200 0.083200 inf nan nan
 0.750000 0.083200 inf nan nan
 0.760800 0.083200 inf nan nan
 0.771600 0.083200 inf nan nan
 0.782400 0.083200 inf nan nan
 0.793200 0.083200 inf nan nan
 0.804000 0.083200 inf nan nan
 0.814800 0.083200 inf nan nan
 0.825600 0.083200 inf nan nan
 0.836400 0.083200 inf nan nan
 0.847200 0.083200 inf nan nan
 0.858000 0.083200 inf nan nan
 0.868800 0.083200 inf nan nan
 0.879600 0.083200 inf nan nan
 0.890400 0.083200 109.505799 -542.185805 -1013.078514
 0.901200 0.083200 103.294890 -489.440335 -996.909958
 0.912000 0.083200 98.194083 -431.648235 -989.566564
 0.922800 0.083200 91.434480 -460.211256 -771.165585
 0.933600 0.083200 86.314896 -428.398437 -703.219475
 0.944400 0.083200 81.808287 -385.463297 -659.586797
 0.955200 0.083200 77.848638 -339.020557 -630.875093
 0.966000 0.083200 74.347198 -299.332944 -608.852217
 0.976800 0.083200 71.144292 -279.731470 -588.061528
 0.987600 0.083200 68.007267 -285.573894 -569.828006
 0.998400 0.083200 64.727863 -303.344338 -555.301247
 1.009200 0.083200 61.325374 -309.431803 -545.460365
 1.020000 0.083200 57.983897 -298.307624 -538.850497
 1.030800 0.083200 54.839107 -278.032095 -534.242643
 1.041600 0.083200 51.940017 -255.399190 -531.858791
 1.052400 0.083200 49.290389 -233.282171 -531.070056
 1.063200 0.083200 46.880282 -212.226347 -530.920349
 1.074000 0.083200 44.694144 -192.226417 -530.404558
 1.084800 0.083200 42.723308 -172.397162 -529.057397
 1.095600 0.083200 40.971987 -151.499058 -527.071780
 1.106400 0.083200 39.455935 -128.931691 -524.842105
 1.117200 0.083200 38.189674 -105.515060 -522.576885
 1.128000 0.083200 37.173285 -82.981153 -520.284587
 1.138800 0.083200 36.388618 -62.752998 -517.954391
 1.149600 0.083200 35.808980 -44.904355 -515.708941
 1.160400 0.083200 35.413852 -28.389711 -513.701934
 1.171200 0.083200 35.193590 -12.520301 -511.767840
 1.182000 0.083200 35.138347 1.912909 -509.238805
 1.192800 0.083200 35.223210 13.103462 -505.251841
 1.203600 0.083200 35.404271 19.537593 -499.213584
 1.214400 0.083200 35.626234 20.617421 -490.880219
 1.225200 0.083200 35.831405 16.519704 -480.210231
 1.236000 0.083200 35.970866 8.916625 -467.763773
 1.246800 0.083200 36.027933 2.125200 -455.235123
 1.257600 0.083200 36.038065 0.738497 -444.656871
 1.268400 0.083200 36.068951 5.791802 -436.865328
 1.279200 0.083200 36.178910 14.876150 -431.130825
 1.290000 0.083200 36.396373 25.385732 -426.078762
 1.300800 0.083200 36.729879 36.354213 -420.863752
 1.311600 0.083200 37.185790 48.151284 -415.766015
 1.322400 0.083200 37.775597 61.135854 -411.759521
 1.333200 0.083200 38.510495 74.821403 -409.643258
 1.344000 0.083200 39.392933 88.173836 -409.712724
 1.354800 0.083200 40.414411 100.347125 -411.975110
 1.365600 0.083200 41.559737 110.920061 -416.164369
 1.376400 0.083200 42.810588 119.640525 -421.526208
 1.387200 0.083200 44.146170 126.286475 -426.818457
 1.398000 0.083200 45.545567 131.143002 -431.187951
 1.408800 0.083200 46.994146 135.293123 -434.797807
 1.419600 0.083200 48.491211 140.005164 -438.451034
 1.430400 0.083200 50.049572 146.569495 -442.594370
 1.441200 0.083200 51.693603 155.457822 -447.478971
 1.452000 0.083200 53.443463 165.817519 -453.733758
 1.462800 0.083200 55.304188 174.688089 -462.186976
 1.473600 0.083200 57.249911 180.983988 -472.419138
 1.484400 0.083200 59.258506 186.608389 -482.264532
 1.495200 0.083200 61.350017 194.970227 -489.165389
 1.506000 0.083200 63.574508 210.467187 -492.128011
 1.516800 0.083200 66.019210 235.272814 -491.579493
 1.527600 0.083200 68.790813 270.102439 -490.567527
 1.538400 0.083200 72.020281 312.650681 -491.593878
 1.549200 0.083200 75.830237 360.271754 -497.665417
 1.560000 0.083200 80.253451 414.302823 -500.631959

 0.480000 0.088400 inf nan nan
 0.490800 0.088400 inf nan nan
 0.501600 0.088400 inf nan nan
 0.512400 0.088400 inf nan nan
 0.523200 0.088400 inf nan nan
 0.534000 0.088400 inf nan nan
 0.544800 0.088400 inf nan nan
 0.555600 0.088400 inf nan nan
 0.566400 0.088400 inf nan nan
 0.577200 0.088400 inf nan nan
 0.588000 0.088400 inf nan nan
 0.598800 0.088400 inf nan nan
 0.609600 0.088400 inf nan nan
 0.620400 0.088400 inf nan nan
 0.631200 0.088400 inf nan nan
 0.642000 0.088400 inf nan nan
 0.652800 0.088400 inf nan nan
 0.663600 0.088400 inf nan nan
 0.674400 0.088400 inf nan nan
 0.685200 0.088400 inf nan nan
 0.696000 0.088400 inf nan nan
 0.706800 0.088400 inf nan nan
 0.717600 0.088400 inf nan nan
 0.728400 0.088400 inf nan nan
 0.739200 0.088400 inf nan nan
 0.750000 0.088400 inf nan nan
 0.760800 0.088400 inf nan nan
 0.771600 0.088400 inf nan nan
 0.782400 0.088400 inf nan nan
 0.793200 0.088400 inf nan nan
 0.804000 0.088400 inf nan nan
 0.814800 0.088400 inf nan nan
 0.825600 0.088400 inf nan nan
 0.836400 0.088400 inf nan nan
 0.847200 0.088400 inf nan nan
 0.858000 0.088400 inf nan nan
 0.868800 0.088400 inf nan nan
 0.879600 0.088400 inf nan nan
 0.890400 0.088400 104.586266 -542.185805 -879.049554
 0.901200 0.088400 98.455346 -487.821241 -864.434937
 0.912000 0.088400 93.391381 -429.072354 -857.609265
 0.922800 0.088400 87.595181 -433.758754 -703.539979
 0.933600 0.088400 82.844029 -405.338103 -631.551203
 0.944400 0.088400 78.586675 -368.110502 -579.304402
 0.955200 0.088400 74.792052 -326.566839 -543.942611
 0.966000 0.088400 71.408585 -290.201146 -519.946362
 0.976800 0.088400 68.303060 -272.390364 -502.619120
 0.987600 0.088400 65.241420 -280.203484 -491.237529
 0.998400 0.088400 62.017992 -299.479640 -483.680343
 1.009200 0.088400 58.653724 -306.499412 -478.518938
 1.020000 0.088400 55.339673 -296.151786 -474.503900
 1.030800 0.088400 52.214752 -276.657846 -471.478356
 1.041600 0.088400 49.326087 -254.849398 -469.871520
 1.052400 0.088400 46.679631 -233.237445 -469.427571
 1.063200 0.088400 44.269455 -212.221859 -469.574995
 1.074000 0.088400 42.085107 -191.866465 -469.417878
 1.084800 0.088400 40.120770 -171.576411 -468.373413
 1.095600 0.088400 38.380167 -150.379226 -466.441833
 1.106400 0.088400 36.876818 -127.726940 -464.037228
 1.117200 0.088400 35.623517 -104.327402 -461.552073
 1.128000 0.088400 34.619844 -81.811198 -459.126042
 1.138800 0.088400 33.847759 -61.598130 -456.716168
 1.149600 0.088400 33.280264 -43.824683 -454.334291
 1.160400 0.088400 32.896152 -27.425398 -452.121535
 1.171200 0.088400 32.686221 -11.528941 -450.098059
 1.182000 0.088400 32.643279 3.258084 -447.912343
 1.192800 0.088400 32.746021 15.104159 -445.012258
 1.203600 0.088400 32.952852 22.314074 -441.062681
 1.214400 0.088400 33.209201 24.218403 -436.015834
 1.225200 0.088400 33.458125 21.021150 -429.688845
 1.236000 0.088400 33.650476 14.119527 -421.729939
 1.246800 0.088400 33.764246 7.245462 -412.537054
 1.257600 0.088400 33.825047 4.874873 -403.766107
 1.268400 0.088400 33.893892 8.700954 -397.044052
 1.279200 0.088400 34.030718 17.047611 -392.482140
 1.290000 0.088400 34.270826 27.485060 -388.875255
 1.300800 0.088400 34.628052 38.622142 -385.071882
 1.311600 0.088400 35.108155 50.269151 -381.005826
 1.322400 0.088400 35.717781 62.605018 -377.520867
 1.333200 0.088400 36.463611 75.336260 -375.505802
 1.344000 0.088400 37.346034 87.638825 -375.419016
 1.354800 0.088400 38.356183 98.790061 -377.374113
 1.365600 0.088400 39.480208 108.571518 -381.137687
 1.376400 0.088400 40.703829 117.058575 -385.980360
 1.387200 0.088400 42.012882 124.069006 -390.693180
 1.398000 0.088400 43.391102 129.483431 -394.394988
 1.408800 0.088400 44.822958 133.870146 -397.229996
 1.419600 0.088400 46.303225 138.399945 -400.030868
 1.430400 0.088400 47.841456 144.557787 -403.506501
 1.441200 0.088400 49.460181 152.834039 -408.093515
 1.452000 0.088400 51.176561 162.210939 -414.352299
 1.462800 0.088400 52.991661 170.056813 -423.009562
 1.473600 0.088400 54.882596 176.006369 -433.410728
 1.484400 0.088400 56.838837 182.451949 -443.390318
 1.495200 0.088400 58.891841 192.519693 -451.151716
 1.506000 0.088400 61.095230 209.678606 -456.263762
 1.516800 0.088400 63.531427 234.934209 -459.917458
 1.527600 0.088400 66.292985 268.721287 -464.352829
 1.538400 0.088400 69.496365 309.111862 -472.197199
 1.549200 0.088400 73.246237 354.652250 -487.002299
 1.560000 0.088400 77.621175 404.549793 -499.639109

 0.480000 0.093600 inf nan nan
 0.490800 0.093600 inf nan nan
 0.501600 0.093600 inf nan nan
 0.512400 0.093600 110.969785 -531.656800 -1070.968715
 0.523200 0.093600 104.475578 -480.346549 -1061.109838
 0.534000 0.093600 99.558961 -417.535806 -1058.831188
 0.544800 0.093600 95.396970 -353.361963 -1056.801095
 0.555600 0.093600 91.907135 -291.541868 -1053.903773
 0.566400 0.093600 89.086224 -231.275537 -1050.535432
 0.577200 0.093600 86.899813 -174.311114 -1045.829996
 0.588000 0.093600 85.301720 -122.757988 -1038.630305
 0.598800 0.093600 84.219041 -79.261876 -1027.347815
 0.609600 0.093600 83.557239 -44.558958 -1011.192649
 0.620400 0.093600 83.241514 -13.871663 -992.242025
 0.631200 0.093600 83.274325 21.281659 -975.034581
 0.642000 0.093600 83.732220 64.663139 -962.984808
 0.652800 0.093600 84.673160 107.874676 -957.671799
 0.663600 0.093600 85.948725 118.263197 -963.793568
 0.674400 0.093600 86.936708 53.428018 -988.736693
 0.685200 0.093600 87.137224 -3.996142 -1014.409168
 0.696000 0.093600 87.162675 18.583762 -1024.267194
 0.706800 0.093600 87.664651 77.101587 -1026.631005
 0.717600 0.093600 88.861433 143.771834 -1027.254654
 0.728400 0.093600 90.789966 213.363794 -1027.254654
 0.739200 0.093600 93.470091 282.955754 -1027.254654
 0.750000 0.093600 96.901810 352.547714 -1027.254654
 0.760800 0.093600 101.085122 422.139674 -1027.254654
 0.771600 0.093600 inf nan nan
 0.782400 0.093600 inf nan nan
 0.793200 0.093600 inf nan nan
 0.804000 0.093600 inf nan nan
 0.814800 0.093600 inf nan nan
 0.825600 0.093600 inf nan nan
 0.836400 0.093600 inf nan nan
 0.847200 0.093600 inf nan nan
 0.858000 0.093600 inf nan nan
 0.868800 0.093600 inf nan nan
 0.879600 0.093600 inf nan nan
 0.890400 0.093600 100.363684 -542.185805 -745.020594
 0.901200 0.093600 94.304957 -486.316186 -731.850466
 0.912000 0.093600 89.272521 -426.757681 -725.808197
 0.922800 0.093600 84.122396 -409.201370 -628.673128
 0.933600 0.093600 79.725664 -379.085999 -566.172452
 0.944400 0.093600 75.750204 -346.492820 -511.412223
 0.955200 0.093600 72.156544 -311.525111 -470.045639
 0.966000 0.093600 68.906681 -280.800919 -442.672581
 0.976800 0.093600 65.886852 -266.849067 -426.774650
 0.987600 0.093600 62.871022 -277.532750 -420.164242
 0.998400 0.093600 59.673667 -297.790584 -417.280689
 1.009200 0.093600 56.327638 -304.954864 -415.144388
 1.020000 0.093600 53.029281 -294.851226 -413.003713
 1.030800 0.093600 49.916552 -275.783625 -411.308181
 1.041600 0.093600 47.034805 -254.463503 -410.263927
 1.052400 0.093600 44.391022 -233.160241 -409.688906
 1.063200 0.093600 41.981252 -212.178490 -409.366460
 1.074000 0.093600 39.798782 -191.531412 -408.772969
 1.084800 0.093600 37.840483 -170.801274 -407.487751
 1.095600 0.093600 36.110286 -149.267954 -405.447545
 1.106400 0.093600 34.619719 -126.507195 -402.991110
 1.117200 0.093600 33.379460 -103.144051 -400.510176
 1.128000 0.093600 32.388336 -80.661940 -398.142275
 1.138800 0.093600 31.628755 -60.426746 -395.764549
 1.149600 0.093600 31.073964 -42.658172 -393.282531
 1.160400 0.093600 30.701941 -26.369719 -390.866873
 1.171200 0.093600 30.502645 -10.603291 -388.806373
 1.182000 0.093600 30.469663 4.212636 -387.142159
 1.192800 0.093600 30.583828 16.289148 -385.602166
 1.203600 0.093600 30.805077 23.796084 -383.930507
 1.214400 0.093600 31.079058 26.014047 -382.082336
 1.225200 0.093600 31.350016 23.363157 -379.789103
 1.236000 0.093600 31.572223 17.325886 -376.139801
 1.246800 0.093600 31.724527 11.050622 -370.468380
 1.257600 0.093600 31.825545 8.339212 -363.794128
 1.268400 0.093600 31.926526 11.132584 -358.167342
 1.279200 0.093600 32.084542 18.624625 -354.539208
 1.290000 0.093600 32.340101 28.868653 -352.137680
 1.300800 0.093600 32.713329 40.210159 -349.738473
 1.311600 0.093600 33.211145 51.883474 -346.989986
 1.322400 0.093600 33.836323 63.784007 -344.534210
 1.333200 0.093600 34.590955 75.740587 -343.225231
 1.344000 0.093600 35.472963 87.144756 -343.523187
 1.354800 0.093600 36.472979 97.421203 -345.479925
 1.365600 0.093600 37.578386 106.526812 -348.845795
 1.376400 0.093600 38.778260 114.797898 -353.067999
 1.387200 0.093600 40.063852 122.088458 -357.285806
 1.398000 0.093600 41.422898 127.951105 -360.845648
 1.408800 0.093600 42.839137 132.529728 -363.880739
 1.419600 0.093600 44.303479 136.846284 -367.042336
 1.430400 0.093600 45.821970 142.540731 -370.950699
 1.441200 0.093600 47.414764 150.113420 -376.047573
 1.452000 0.093600 49.095894 158.375676 -382.942540
 1.462800 0.093600 50.862246 165.099789 -392.469384
 1.473600 0.093600 52.694332 170.587329 -403.970968
 1.484400 0.093600 54.592085 177.519834 -415.614335
 1.495200 0.093600 56.594351 188.614249 -426.308603
 1.506000 0.093600 58.755667 206.427027 -436.112469
 1.516800 0.093600 61.151252 231.406861 -446.484925
 1.527600 0.093600 63.864176 263.802964 -458.795772
 1.538400 0.093600 66.998273 302.184056 -475.003560
 1.549200 0.093600 70.640015 346.242851 -497.877932
 1.560000 0.093600 74.910848 392.903286 -521.004043

 0.480000 0.098800 inf nan nan
 0.490800 0.098800 inf nan nan
 0.501600 0.098800 inf nan nan
 0.512400 0.098800 105.749223 -531.656800 -936.939755
 0.523200 0.098800 99.305326 -479.630758 -927.447324
 0.534000 0.098800 94.355381 -418.007978 -926.508458
 0.544800 0.098800 90.181420 -354.490587 -925.220422
 0.555600 0.098800 86.679033 -293.078967 -923.402688
 0.566400 0.098800 83.838333 -233.378707 -921.551601
 0.577200 0.098800 81.626504 -176.831883 -919.150163
 0.588000 0.098800 80.001375 -125.101134 -915.459833
 0.598800 0.098800 78.899017 -80.369188 -909.333069
 0.609600 0.098800 78.235865 -43.697731 -899.927549
 0.620400 0.098800 77.935450 -12.349308 -888.394817
 0.631200 0.098800 77.972430 19.833109 -878.590925
 0.642000 0.098800 78.381197 56.529150 -874.857663
 0.652800 0.098800 79.192029 92.307492 -879.511669
 0.663600 0.098800 80.297713 105.959886 -891.695613
 0.674400 0.098800 81.291566 69.576287 -903.524155
 0.685200 0.098800 81.762477 23.167656 -904.151850
 0.696000 0.098800 82.014688 32.790357 -899.026229
 0.706800 0.098800 82.616591 82.441136 -895.577589
 0.717600 0.098800 83.848886 145.708191 -894.191259
 0.728400 0.098800 85.790930 213.931128 -893.522080
 0.739200 0.098800 88.476842 282.955754 -893.225694
 0.750000 0.098800 91.908561 352.547714 -893.225694
 0.760800 0.098800 96.091873 422.139674 -893.225694
 0.771600 0.098800 inf nan nan
 0.782400 0.098800 inf nan nan
 0.793200 0.098800 inf nan nan
 0.804000 0.098800 inf nan nan
 0.814800 0.098800 inf nan nan
 0.825600 0.098800 inf nan nan
 0.836400 0.098800 inf nan nan
 0.847200 0.098800 inf nan nan
 0.858000 0.098800 inf nan nan
 0.868800 0.098800 inf nan nan
 0.879600 0.098800 inf nan nan
 0.890400 0.098800 96.838052 -542.185805 -610.991634
 0.901200 0.098800 90.844291 -484.925267 -599.156451
 0.912000 0.098800 85.839438 -424.646836 -594.113401
 0.922800 0.098800 81.079608 -390.673565 -538.134565
 0.933600 0.098800 76.962976 -355.303314 -493.292379
 0.944400 0.098800 73.255866 -323.850113 -446.345623
 0.955200 0.098800 69.879755 -294.703978 -405.459627
 0.966000 0.098800 66.777416 -270.886476 -376.824873
 0.976800 0.098800 63.838577 -262.407428 -361.682003
 0.987600 0.098800 60.849516 -276.576215 -357.707596
 0.998400 0.098800 57.660263 -297.327672 -357.143097
 1.009200 0.098800 54.321208 -304.227757 -356.422297
 1.020000 0.098800 51.030973 -294.176945 -355.370282
 1.030800 0.098800 47.924680 -275.299770 -354.547487
 1.041600 0.098800 45.047695 -254.098235 -353.736349
 1.052400 0.098800 42.408140 -232.806284 -352.675651
 1.063200 0.098800 40.002511 -211.761253 -351.388781
 1.074000 0.098800 37.825655 -190.899292 -349.792990
 1.084800 0.098800 35.875883 -169.858981 -347.767148
 1.095600 0.098800 34.157361 -148.081730 -345.300845
 1.106400 0.098800 32.680084 -125.265201 -342.648335
 1.117200 0.098800 31.452887 -101.977260 -340.118278
 1.128000 0.098800 30.474001 -79.547557 -337.798367
 1.138800 0.098800 29.726648 -59.263082 -335.503824
 1.149600 0.098800 29.184792 -41.441655 -333.056514
 1.160400 0.098800 28.825489 -25.267449 -330.626798
 1.171200 0.098800 28.636572 -9.805020 -328.719529
 1.182000 0.098800 28.610372 4.681748 -327.759517
 1.192800 0.098800 28.728349 16.547028 -327.777174
 1.203600 0.098800 28.951679 23.928016 -328.557697
 1.214400 0.098800 29.226597 26.076644 -329.915569
 1.225200 0.098800 29.499213 23.700240 -331.402013
 1.236000 0.098800 29.729568 18.597335 -331.755130
 1.246800 0.098800 29.901940 13.433700 -329.640450
 1.257600 0.098800 30.031315 11.016138 -325.453379
 1.268400 0.098800 30.158118 13.124672 -321.221314
 1.279200 0.098800 30.332873 19.779167 -318.424214
 1.290000 0.098800 30.598693 29.713035 -316.823944
 1.300800 0.098800 30.981580 41.182736 -315.427020
 1.311600 0.098800 31.490490 52.903362 -313.839411
 1.322400 0.098800 32.125213 64.448860 -312.580491
 1.333200 0.098800 32.883632 75.737701 -312.413072
 1.344000 0.098800 33.761606 86.407532 -313.668732
 1.354800 0.098800 34.750032 96.039682 -316.188691
 1.365600 0.098800 35.837824 104.674106 -319.621136
 1.376400 0.098800 37.016387 112.759522 -323.598612
 1.387200 0.098800 38.280150 120.164060 -327.743911
 1.398000 0.098800 39.619224 126.218901 -331.798051
 1.408800 0.098800 41.016571 130.798444 -335.925849
 1.419600 0.098800 42.460397 134.833234 -340.512411
 1.430400 0.098800 43.954217 140.075636 -345.895108
 1.441200 0.098800 45.516163 146.959052 -352.397994
 1.452000 0.098800 47.157115 154.108886 -360.600174
 1.462800 0.098800 48.869898 159.736019 -371.184474
 1.473600 0.098800 50.638681 164.705715 -383.407773
 1.484400 0.098800 52.471664 171.806655 -395.946781
 1.495200 0.098800 54.410973 183.211038 -408.541845
 1.506000 0.098800 56.508887 200.699108 -421.865496
 1.516800 0.098800 58.832647 224.717928 -437.352997
 1.527600 0.098800 61.460473 255.644324 -455.515484
 1.538400 0.098800 64.488783 292.640248 -477.228544
 1.549200 0.098800 67.994729 336.090876 -503.173059
 1.560000 0.098800 72.120385 381.586521 -531.436226

 0.480000 0.104000 inf nan nan
 0.490800 0.104000 inf nan nan
 0.501600 0.104000 inf nan nan
 0.512400 0.104000 101.225611 -531.656800 -802.910795
 0.523200 0.104000 94.771735 -479.392217 -797.834010
 0.534000 0.104000 89.824370 -417.644440 -797.280769
 0.544800 0.104000 85.652679 -354.140529 -796.488665
 0.555600 0.104000 82.156378 -292.540852 -795.212922
 0.566400 0.104000 79.321805 -232.757827 -794.026096
 0.577200 0.104000 77.117138 -176.110345 -792.687529
 0.588000 0.104000 75.500707 -124.188005 -790.895083
 0.598800 0.104000 74.409826 -79.143236 -788.092322
 0.609600 0.104000 73.761092 -42.343586 -783.878903
 0.620400 0.104000 73.471587 -11.961845 -779.229182
 0.631200 0.104000 73.498339 17.146892 -777.376168
 0.642000 0.104000 73.850401 48.317710 -782.519808
 0.652800 0.104000 74.533842 76.821834 -797.157288
 0.663600 0.104000 75.443987 86.884930 -818.398571
 0.674400 0.104000 76.287169 64.301398 -832.005106
 0.685200 0.104000 76.817926 37.453140 -823.968408
 0.696000 0.104000 77.246408 48.689735 -805.562913
 0.706800 0.104000 77.992038 92.954507 -791.035580
 0.717600 0.104000 79.312538 152.020436 -782.391918
 0.728400 0.104000 81.307408 217.455299 -777.326873
 0.739200 0.104000 84.023930 284.791941 -774.455399
 0.750000 0.104000 87.471251 353.428396 -773.138783
 0.760800 0.104000 91.691377 421.374542 -769.981598
 0.771600 0.104000 104.738907 472.419865 -1031.404397
 0.782400 0.104000 inf nan nan
 0.793200 0.104000 inf nan nan
 0.804000 0.104000 inf nan nan
 0.814800 0.104000 inf nan nan
 0.825600 0.104000 inf nan nan
 0.836400 0.104000 inf nan nan
 0.847200 0.104000 inf nan nan
 0.858000 0.104000 inf nan nan
 0.868800 0.104000 inf nan nan
 0.879600 0.104000 inf nan nan
 0.890400 0.104000 94.009371 -542.185805 -476.962674
 0.901200 0.104000 88.066761 -483.704874 -467.751402
 0.912000 0.104000 83.084535 -422.821474 -464.036536
 0.922800 0.104000 78.542679 -378.657145 -434.187844
 0.933600 0.104000 74.613142 -337.828360 -406.726006
 0.944400 0.104000 71.114845 -304.749195 -374.185679
 0.955200 0.104000 67.932328 -278.961251 -342.120662
 0.966000 0.104000 64.971175 -261.393327 -317.738989
 0.976800 0.104000 62.106371 -258.728211 -304.997943
 0.987600 0.104000 59.134235 -276.367237 -302.427029
 0.998400 0.104000 55.945819 -297.308559 -302.501697
 1.009200 0.104000 52.609506 -303.873227 -302.049725
 1.020000 0.104000 49.323512 -293.863198 -301.389295
 1.030800 0.104000 46.220554 -275.008508 -300.852029
 1.041600 0.104000 43.348117 -253.602067 -299.872489
 1.052400 0.104000 40.715894 -232.031693 -298.117513
 1.063200 0.104000 38.319947 -210.784432 -295.708840
 1.074000 0.104000 36.154644 -189.755103 -292.884627
 1.084800 0.104000 34.218147 -168.556055 -289.811253
 1.095600 0.104000 32.514345 -146.687405 -286.612007
 1.106400 0.104000 31.051974 -123.925738 -283.523783
 1.117200 0.104000 29.838436 -100.794357 -280.796547
 1.128000 0.104000 28.871591 -78.482568 -278.491699
 1.138800 0.104000 28.135698 -58.185271 -276.406349
 1.149600 0.104000 27.605835 -40.308545 -274.294582
 1.160400 0.104000 27.258340 -24.262466 -272.252333
 1.171200 0.104000 27.078144 -9.245864 -270.862624
 1.182000 0.104000 27.054544 4.588767 -270.844557
 1.192800 0.104000 27.168001 15.819699 -272.545019
 1.203600 0.104000 27.380615 22.691641 -275.823378
 1.214400 0.104000 27.640108 24.497140 -280.282474
 1.225200 0.104000 27.895666 22.236616 -285.178122
 1.236000 0.104000 28.114560 18.077779 -289.034842
 1.246800 0.104000 28.288852 14.298882 -290.284668
 1.257600 0.104000 28.432711 12.667979 -288.893080
 1.268400 0.104000 28.576853 14.548542 -286.503299
 1.279200 0.104000 28.763606 20.583067 -284.701475
 1.290000 0.104000 29.035958 30.193195 -283.755212
 1.300800 0.104000 29.423989 41.685668 -283.125343
 1.311600 0.104000 29.938454 53.379107 -282.543051
 1.322400 0.104000 30.576697 64.550486 -282.424735
 1.333200 0.104000 31.332882 75.193500 -283.419784
 1.344000 0.104000 32.201379 85.224201 -285.763757
 1.354800 0.104000 33.174329 94.398552 -289.147061
 1.365600 0.104000 34.242746 102.756963 -293.118247
 1.376400 0.104000 35.399631 110.680224 -297.415615
 1.387200 0.104000 36.640169 117.987460 -302.099252
 1.398000 0.104000 37.954641 123.892062 -307.348289
 1.408800 0.104000 39.325024 128.196026 -313.374264
 1.419600 0.104000 40.738326 131.866144 -320.264331
 1.430400 0.104000 42.197270 136.695974 -327.997717
 1.441200 0.104000 43.718682 142.965790 -336.741220
 1.452000 0.104000 45.310758 149.174376 -346.893821
 1.462800 0.104000 46.963917 153.987497 -358.646596
 1.473600 0.104000 48.666740 158.653414 -371.082591
 1.484400 0.104000 50.432937 165.811582 -383.453691
 1.495200 0.104000 52.303646 176.988071 -396.337830
 1.506000 0.104000 54.325734 193.443960 -410.972909
 1.516800 0.104000 56.558943 216.061436 -428.602908
 1.527600 0.104000 59.080761 245.637920 -448.975708
 1.538400 0.104000 61.985565 281.999030 -471.990564
 1.549200 0.104000 65.352773 325.571886 -496.460131
 1.560000 0.104000 69.324573 371.712181 -523.390551

 0.480000 0.109200 inf nan nan
 0.490800 0.109200 inf nan nan
 0.501600 0.109200 111.623346 -543.758068 -1063.158950
 0.512400 0.109200 97.313171 -529.774973 -681.787593
 0.523200 0.109200 90.918148 -477.731032 -673.183808
 0.534000 0.109200 85.976423 -416.618645 -672.172268
 0.544800 0.109200 81.811092 -353.622120 -671.121982
 0.555600 0.109200 78.319263 -292.376064 -670.262255
 0.566400 0.109200 75.483877 -233.047850 -670.238253
 0.577200 0.109200 73.273546 -176.850954 -671.026961
 0.588000 0.109200 71.647179 -125.249215 -672.621469
 0.598800 0.109200 70.544369 -80.231686 -674.781693
 0.609600 0.109200 69.884891 -43.250427 -677.149720
 0.620400 0.109200 69.584517 -13.268533 -680.076288
 0.631200 0.109200 69.587416 13.667733 -685.682906
 0.642000 0.109200 69.880375 40.558824 -697.379165
 0.652800 0.109200 70.453072 64.278037 -717.034482
 0.663600 0.109200 71.219944 74.432381 -740.186933
 0.674400 0.109200 71.982530 63.773561 -751.720489
 0.685200 0.109200 72.589183 50.614387 -738.835920
 0.696000 0.109200 73.177866 63.383748 -712.361209
 0.706800 0.109200 74.060773 103.391505 -688.851692
 0.717600 0.109200 75.471497 158.631043 -672.959321
 0.728400 0.109200 77.523112 221.388439 -662.835559
 0.739200 0.109200 80.275057 287.003225 -656.547437
 0.750000 0.109200 83.742497 354.671149 -653.083774
 0.760800 0.109200 87.998839 421.096811 -646.375849
 0.771600 0.109200 99.724079 472.419865 -897.375437
 0.782400 0.109200 inf nan nan
 0.793200 0.109200 inf nan nan
 0.804000 0.109200 inf nan nan
 0.814800 0.109200 inf nan nan
 0.825600 0.109200 inf nan nan
 0.836400 0.109200 inf nan nan
 0.847200 0.109200 inf nan nan
 0.858000 0.109200 inf nan nan
 0.868800 0.109200 inf nan nan
 0.879600 0.109200 inf nan nan
 0.890400 0.109200 91.877640 -542.185805 -342.933714
 0.901200 0.109200 85.973010 -482.680425 -337.673189
 0.912000 0.109200 81.004819 -421.468216 -336.135680
 0.922800 0.109200 76.572348 -371.981637 -322.724130
 0.933600 0.109200 72.747710 -327.472560 -309.255324
 0.944400 0.109200 69.377559 -292.343215 -292.427147
 0.955200 0.109200 66.326290 -267.815367 -274.553128
 0.966000 0.109200 63.467826 -254.423388 -260.233821
 0.976800 0.109200 60.656062 -256.282725 -253.103027
 0.987600 0.109200 57.693437 -276.422161 -252.108243
 0.998400 0.109200 54.504508 -297.286799 -252.192445
 1.009200 0.109200 51.171503 -303.543720 -251.296199
 1.020000 0.109200 47.889499 -293.586681 -250.329955
 1.030800 0.109200 44.790132 -274.647918 -249.395616
 1.041600 0.109200 41.924173 -252.850384 -247.840417
 1.052400 0.109200 39.303084 -230.822265 -245.329543
 1.063200 0.109200 36.922331 -209.252713 -241.953988
 1.074000 0.109200 34.774693 -188.056160 -238.049294
 1.084800 0.109200 32.856975 -166.800336 -233.942049
 1.095600 0.109200 31.172031 -144.980476 -229.902782
 1.106400 0.109200 29.727221 -122.405341 -226.234709
 1.117200 0.109200 28.528627 -99.554735 -223.211446
 1.128000 0.109200 27.573730 -77.492609 -220.929011
 1.138800 0.109200 26.847788 -57.306523 -219.213214
 1.149600 0.109200 26.327296 -39.452455 -217.770731
 1.160400 0.109200 25.988386 -23.576806 -216.579723
 1.171200 0.109200 25.813011 -9.110029 -216.187937
 1.182000 0.109200 25.786200 3.816415 -217.494581
 1.192800 0.109200 25.885858 14.046811 -221.118715
 1.203600 0.109200 26.074623 20.091600 -226.982692
 1.214400 0.109200 26.302998 21.407565 -234.401835
 1.225200 0.109200 26.525056 19.251544 -242.234609
 1.236000 0.109200 26.716052 16.036340 -248.913616
 1.246800 0.109200 26.875935 13.689501 -253.038328
 1.257600 0.109200 27.019567 13.121800 -254.428514
 1.268400 0.109200 27.170507 15.231555 -254.194564
 1.279200 0.109200 27.363328 20.993588 -253.694584
 1.290000 0.109200 27.638549 30.347555 -253.577797
 1.300800 0.109200 28.027652 41.751054 -253.826318
 1.311600 0.109200 28.542312 53.316325 -254.339327
 1.322400 0.109200 29.178088 64.098098 -255.367176
 1.333200 0.109200 29.926202 74.130673 -257.381063
 1.344000 0.109200 30.779926 83.586233 -260.580897
 1.354800 0.109200 31.733001 92.401213 -264.693747
 1.365600 0.109200 32.778671 100.575887 -269.336954
 1.376400 0.109200 33.910883 108.281914 -274.408012
 1.387200 0.109200 35.123505 115.226866 -280.324355
 1.398000 0.109200 36.405020 120.616347 -287.565500
 1.408800 0.109200 37.736577 124.384491 -296.224546
 1.419600 0.109200 39.105843 127.650762 -305.971828
 1.430400 0.109200 40.516721 132.147476 -316.399072
 1.441200 0.109200 41.985562 137.957030 -327.520018
 1.452000 0.109200 43.518998 143.567260 -339.505322
 1.462800 0.109200 45.107650 148.045387 -352.065301
 1.473600 0.109200 46.744816 152.779370 -364.314770
 1.484400 0.109200 48.446579 160.013182 -376.063407
 1.495200 0.109200 50.249559 170.666862 -388.416628
 1.506000 0.109200 52.193698 185.834103 -402.737592
 1.516800 0.109200 54.333491 207.131269 -419.795768
 1.527600 0.109200 56.749757 235.877521 -438.664146
 1.538400 0.109200 59.539415 272.421097 -458.604212
 1.549200 0.109200 62.790318 316.736194 -477.865542
 1.560000 0.109200 66.636372 364.428517 -498.296800

 0.480000 0.114400 inf nan nan
 0.490800 0.114400 107.682066 -521.714171 -1010.552584
 0.501600 0.114400 101.775300 -472.563560 -996.626488
 0.512400 0.114400 93.478126 -500.695615 -655.807590
 0.523200 0.114400 87.471908 -462.962064 -595.522889
 0.534000 0.114400 82.649638 -408.533730 -575.306620
 0.544800 0.114400 78.546184 -349.458158 -564.409550
 0.555600 0.114400 75.086380 -290.523902 -558.878383
 0.566400 0.114400 72.261419 -232.852611 -557.545158
 0.577200 0.114400 70.045648 -178.008026 -559.522486
 0.588000 0.114400 68.400184 -127.600095 -564.506906
 0.598800 0.114400 67.266402 -83.569345 -572.216351
 0.609600 0.114400 66.566746 -47.324865 -582.076528
 0.620400 0.114400 66.218089 -18.225205 -593.562914
 0.631200 0.114400 66.158638 6.858368 -607.202401
 0.642000 0.114400 66.362463 30.742096 -624.700616
 0.652800 0.114400 66.814208 52.098263 -646.540154
 0.663600 0.114400 67.457467 65.060794 -667.729263
 0.674400 0.114400 68.174203 65.887697 -675.688955
 0.685200 0.114400 68.873720 64.621992 -660.457608
 0.696000 0.114400 69.633106 79.339510 -629.985659
 0.706800 0.114400 70.667136 114.859513 -600.506670
 0.717600 0.114400 72.170579 164.336067 -580.494672
 0.728400 0.114400 74.249172 220.076553 -572.230494
 0.739200 0.114400 76.932906 273.515908 -580.444392
 0.750000 0.114400 80.120813 310.521734 -621.514949
 0.760800 0.114400 83.503321 287.785202 -731.653055
 0.771600 0.114400 86.730236 108.705468 -1011.924417
 0.782400 0.114400 87.671769 56.296451 -1034.485611
 0.793200 0.114400 87.954440 -2.684711 -1040.544146
 0.804000 0.114400 87.781595 -18.960291 -1041.907378
 0.814800 0.114400 87.744849 17.865927 -1042.043728
 0.825600 0.114400 88.252436 78.070296 -1042.010295
 0.836400 0.114400 89.454558 145.093402 -1042.001146
 0.847200 0.114400 91.394862 213.756860 -1041.997840
 0.858000 0.114400 94.079233 283.348820 -1041.997840
 0.868800 0.114400 97.515197 352.940780 -1041.997840
 0.879600 0.114400 101.702754 422.532740 -1041.997840
 0.890400 0.114400 90.442860 -542.185805 -208.904754
 0.901200 0.114400 84.546617 -482.011413 -212.161640
 0.912000 0.114400 79.576896 -420.960973 -214.714186
 0.922800 0.114400 75.181962 -369.551075 -213.309058
 0.933600 0.114400 71.396454 -323.471435 -211.498470
 0.944400 0.114400 68.074952 -287.374826 -209.376326
 0.955200 0.114400 65.076462 -263.234330 -206.794878
 0.966000 0.114400 62.260042 -251.725918 -204.909683
 0.976800 0.114400 59.466145 -255.808011 -205.166947
 0.987600 0.114400 56.503580 -276.696974 -206.123626
 0.998400 0.114400 53.314546 -297.075454 -206.051790
 1.009200 0.114400 49.988598 -302.938080 -204.149636
 1.020000 0.114400 46.714007 -292.999450 -202.153240
 1.030800 0.114400 43.622006 -273.947847 -200.158042
 1.041600 0.114400 40.766403 -251.753620 -197.687759
 1.052400 0.114400 38.160294 -229.250458 -194.453865
 1.063200 0.114400 35.798953 -207.309299 -190.430457
 1.074000 0.114400 33.673646 -185.912513 -185.831463
 1.084800 0.114400 31.779450 -164.622357 -180.963925
 1.095600 0.114400 30.117523 -142.932534 -176.194423
 1.106400 0.114400 28.693339 -120.663799 -171.953299
 1.117200 0.114400 27.511289 -98.244724 -168.627618
 1.128000 0.114400 26.568144 -76.612934 -166.401822
 1.138800 0.114400 25.849935 -56.725516 -165.152266
 1.149600 0.114400 25.334741 -39.042767 -164.568592
 1.160400 0.114400 24.999039 -23.435072 -164.553941
 1.171200 0.114400 24.822054 -9.632517 -165.619336
 1.182000 0.114400 24.783852 2.168028 -168.760807
 1.192800 0.114400 24.858660 11.101338 -174.745791
 1.203600 0.114400 25.009585 16.103236 -183.442854
 1.214400 0.114400 25.191672 16.938274 -193.774866
 1.225200 0.114400 25.366117 15.038685 -204.146291
 1.236000 0.114400 25.516362 12.813183 -212.993176
 1.246800 0.114400 25.648622 11.816764 -219.334618
 1.257600 0.114400 25.778487 12.382903 -223.109773
 1.268400 0.114400 25.924929 15.047541 -225.012131
 1.279200 0.114400 26.116310 20.856607 -226.072997
 1.290000 0.114400 26.389140 30.035750 -227.143522
 1.300800 0.114400 26.773847 41.261220 -228.603635
 1.311600 0.114400 27.282285 52.644809 -230.468895
 1.322400 0.114400 27.909282 63.110214 -232.769849
 1.333200 0.114400 28.644250 72.668539 -235.724076
 1.344000 0.114400 29.479490 81.649270 -239.501259
 1.354800 0.114400 30.409649 90.125623 -244.051609
 1.365600 0.114400 31.429163 98.032063 -249.343902
 1.376400 0.114400 32.531571 105.274341 -255.667674
 1.387200 0.114400 33.707673 111.464117 -263.747965
 1.398000 0.114400 34.943285 115.974265 -274.040720
 1.408800 0.114400 36.220225 119.069219 -286.116989
 1.419600 0.114400 37.529504 122.037165 -298.996805
 1.430400 0.114400 38.878053 126.380834 -311.943835
 1.441200 0.114400 40.282254 131.970674 -324.958301
 1.452000 0.114400 41.748345 137.422583 -338.097147
 1.462800 0.114400 43.269616 142.109311 -350.784793
 1.473600 0.114400 44.843757 147.334029 -362.322509
 1.484400 0.114400 46.486641 154.777405 -372.912021
 1.495200 0.114400 48.228238 164.906384 -383.838646
 1.506000 0.114400 50.101732 178.956253 -396.242844
 1.516800 0.114400 52.159169 199.385650 -410.342446
 1.527600 0.114400 54.487209 227.947129 -424.911672
 1.538400 0.114400 57.187238 265.240928 -439.092882
 1.549200 0.114400 60.355640 310.559750 -451.498603
 1.560000 0.114400 64.116062 359.868771 -464.035528

 0.480000 0.119600 108.010022 -532.346276 -996.067146
 0.490800 0.119600 100.717043 -493.329487 -946.765143
 0.501600 0.119600 95.291379 -444.715865 -929.362412
 0.512400 0.119600 89.408652 -446.404342 -717.632893
 0.523200 0.119600 84.162400 -427.189891 -597.544608
 0.534000 0.119600 79.652303 -387.497147 -536.168012
 0.544800 0.119600 75.716837 -338.143408 -499.702878
 0.555600 0.119600 72.344571 -285.192879 -479.797576
 0.566400 0.119600 69.554086 -231.504402 -471.842725
 0.577200 0.119600 67.336141 -179.628513 -472.489836
 0.588000 0.119600 65.659559 -131.663837 -479.909340
 0.598800 0.119600 64.470828 -89.578955 -492.728482
 0.609600 0.119600 63.698803 -54.595189 -509.222255
 0.620400 0.119600 63.267504 -26.217644 -527.377945
 0.631200 0.119600 63.117347 -2.043930 -546.031849
 0.642000 0.119600 63.217331 20.365433 -565.496290
 0.652800 0.119600 63.551314 41.025032 -585.722495
 0.663600 0.119600 64.087753 57.335978 -602.931379
 0.674400 0.119600 64.767916 67.762439 -608.462986
 0.685200 0.119600 65.549030 77.358726 -594.972582
 0.696000 0.119600 66.475219 96.100417 -566.229841
 0.706800 0.119600 67.679354 128.734191 -535.023682
 0.717600 0.119600 69.301516 172.140940 -512.509847
 0.728400 0.119600 71.422496 219.310755 -506.083974
 0.739200 0.119600 74.033637 258.620683 -526.298377
 0.750000 0.119600 76.936099 268.909986 -593.566126
 0.760800 0.119600 79.680958 213.318396 -721.925550
 0.771600 0.119600 81.776324 98.121182 -884.930412
 0.782400 0.119600 82.631895 52.653922 -901.828905
 0.793200 0.119600 82.890298 -3.800774 -906.832313
 0.804000 0.119600 82.712063 -19.102098 -907.911962
 0.814800 0.119600 82.674597 17.872294 -908.017800
 0.825600 0.119600 83.181412 77.852541 -908.012026
 0.836400 0.119600 84.373953 142.806184 -908.284724
 0.847200 0.119600 86.218331 191.348712 -911.033224
 0.858000 0.119600 88.090095 117.464120 -930.653835
 0.868800 0.119600 88.123567 -96.654616 -969.451653
 0.879600 0.119600 86.814527 -118.208724 -981.915999
 0.890400 0.119600 85.319881 -148.684372 -817.805658
 0.901200 0.119600 82.708801 -319.612590 -392.019009
 0.912000 0.119600 78.595500 -394.138723 -158.544431
 0.922800 0.119600 74.309693 -367.785360 -125.368571
 0.933600 0.119600 70.519667 -324.853296 -129.643254
 0.944400 0.119600 67.175894 -289.236065 -139.954048
 0.955200 0.119600 64.156078 -264.992785 -149.892930
 0.966000 0.119600 61.321753 -253.313258 -157.741333
 0.976800 0.119600 58.510534 -257.315298 -163.489288
 0.987600 0.119600 55.539116 -277.170840 -165.724806
 0.998400 0.119600 52.351465 -296.534774 -165.218916
 1.009200 0.119600 49.039168 -301.744022 -161.831113
 1.020000 0.119600 45.779108 -291.765241 -158.173563
 1.030800 0.119600 42.701454 -272.673244 -154.597896
 1.041600 0.119600 39.861637 -250.249595 -150.979836
 1.052400 0.119600 37.274111 -227.414325 -147.086073
 1.063200 0.119600 34.934696 -205.148491 -142.729067
 1.074000 0.119600 32.834209 -183.516186 -137.847740
 1.084800 0.119600 30.966553 -162.143987 -132.565034
 1.095600 0.119600 29.330898 -140.593864 -127.267902
 1.106400 0.119600 27.930074 -118.717736 -122.544460
 1.117200 0.119600 26.766026 -96.877200 -118.957018
 1.128000 0.119600 25.834290 -75.857057 -116.792326
 1.138800 0.119600 25.121440 -56.459987 -115.960465
 1.149600 0.119600 24.607120 -39.134706 -116.176139
 1.160400 0.119600 24.268230 -23.976789 -117.401592
 1.171200 0.119600 24.081188 -11.041571 -120.228567
 1.182000 0.119600 24.020722 -0.613663 -125.707927
 1.192800 0.119600 24.057076 6.781117 -134.564420
 1.203600 0.119600 24.154582 10.643041 -146.421887
 1.214400 0.119600 24.275100 11.154299 -159.731459
 1.225200 0.119600 24.389309 9.803976 -172.456286
 1.236000 0.119600 24.488745 8.708408 -183.053319
 1.246800 0.119600 24.583539 8.986798 -190.988805
 1.257600 0.119600 24.688893 10.641292 -196.490905
 1.268400 0.119600 24.820617 14.002491 -200.127891
 1.279200 0.119600 25.002297 20.042395 -202.727785
 1.290000 0.119600 25.265821 29.095801 -205.192754
 1.300800 0.119600 25.639050 40.081997 -208.101683
 1.311600 0.119600 26.133587 51.264294 -211.538015
 1.322400 0.119600 26.744631 61.533103 -215.346302
 1.333200 0.119600 27.461192 70.829676 -219.460762
 1.344000 0.119600 28.274818 79.486162 -223.980820
 1.354800 0.119600 29.179543 87.575250 -229.183867
 1.365600 0.119600 30.168471 94.907217 -235.624092
 1.376400 0.119600 31.232145 101.183008 -244.160672
 1.387200 0.119600 32.357102 106.101427 -255.642887
 1.398000 0.119600 33.527878 109.494896 -270.002912
 1.408800 0.119600 34.730960 112.106747 -285.828918
 1.419600 0.119600 35.964619 115.226507 -301.370963
 1.430400 0.119600 37.240231 119.864620 -315.767286
 1.441200 0.119600 38.573769 125.629735 -329.244954
 1.452000 0.119600 39.970811 131.338887 -342.029150
 1.462800 0.119600 41.427481 136.578930 -353.640146
 1.473600 0.119600 42.944295 142.494322 -363.677863
 1.484400 0.119600 44.535404 150.220521 -372.554136
 1.495200 0.119600 46.223873 159.927438 -381.513550
 1.506000 0.119600 48.036731 173.063628 -391.572909
 1.516800 0.119600 50.023989 192.745223 -402.977199
 1.527600 0.119600 52.275926 220.954843 -415.167975
 1.538400 0.119600 54.895233 258.338676 -428.016519
 1.549200 0.119600 57.981544 303.530659 -441.138601
 1.560000 0.119600 61.643802 352.900402 -457.124699

 0.480000 0.124800 102.765969 -534.278997 -883.859888
 0.490800 0.124800 95.701228 -490.978546 -850.382893
 0.501600 0.124800 90.381567 -439.455300 -835.939888
 0.512400 0.124800 85.376766 -409.720507 -738.003126
 0.523200 0.124800 80.805951 -385.229297 -637.151748
 0.534000 0.124800 76.729106 -354.351194 -557.152205
 0.544800 0.124800 73.087213 -316.533971 -495.249819
 0.555600 0.124800 69.893143 -273.361532 -454.057868
 0.566400 0.124800 67.188165 -227.056374 -432.563294
 0.577200 0.124800 64.987058 -180.684645 -426.769165
 0.588000 0.124800 63.275351 -136.907424 -432.854978
 0.598800 0.124800 62.012828 -97.773346 -447.311402
 0.609600 0.124800 61.142857 -64.283711 -466.431066
 0.620400 0.124800 60.605162 -36.057450 -486.551198
 0.631200 0.124800 60.350854 -11.479238 -505.292835
 0.642000 0.124800 60.350606 11.222136 -522.211128
 0.652800 0.124800 60.588973 32.681312 -537.365257
 0.663600 0.124800 61.049555 52.207536 -548.813846
 0.674400 0.124800 61.708521 69.535446 -551.766558
 0.685200 0.124800 62.553585 87.284162 -541.752091
 0.696000 0.124800 63.615351 110.349899 -520.068500
 0.706800 0.124800 64.969901 141.349377 -495.061330
 0.717600 0.124800 66.695815 177.926059 -477.938434
 0.728400 0.124800 68.819297 212.590740 -480.612208
 0.739200 0.124800 71.257441 231.005483 -517.643367
 0.750000 0.124800 73.718195 214.002640 -599.030336
 0.760800 0.124800 75.794276 154.686990 -701.879237
 0.771600 0.124800 77.266858 92.276122 -779.029180
 0.782400 0.124800 78.091592 53.544058 -787.768319
 0.793200 0.124800 78.370992 -1.491335 -787.569562
 0.804000 0.124800 78.214746 -17.507533 -785.527344
 0.814800 0.124800 78.189351 18.607189 -784.231256
 0.825600 0.124800 78.701606 78.159152 -783.645471
 0.836400 0.124800 79.895774 142.710457 -783.635646
 0.847200 0.124800 81.730497 188.922778 -786.178447
 0.858000 0.124800 83.524957 104.068113 -804.618668
 0.868800 0.124800 83.409723 -105.865698 -838.220352
 0.879600 0.124800 82.054494 -119.503069 -848.241316
 0.890400 0.124800 80.982505 -77.454454 -818.258631
 0.901200 0.124800 80.009493 -120.238487 -631.293731
 0.912000 0.124800 77.648250 -302.165145 -238.670848
 0.922800 0.124800 73.787681 -359.319409 -87.349750
 0.933600 0.124800 69.987608 -330.002345 -81.978004
 0.944400 0.124800 66.570512 -295.817714 -98.033419
 0.955200 0.124800 63.482215 -270.439396 -112.699103
 0.966000 0.124800 60.597097 -257.067844 -122.946792
 0.976800 0.124800 57.751738 -259.748890 -129.497848
 0.987600 0.124800 54.768009 -277.698251 -131.839468
 0.998400 0.124800 51.584315 -295.595974 -130.865632
 1.009200 0.124800 48.293485 -299.775664 -126.084741
 1.020000 0.124800 45.057211 -289.688009 -120.639213
 1.030800 0.124800 42.002636 -270.703656 -115.376877
 1.041600 0.124800 39.184690 -248.325975 -110.620641
 1.052400 0.124800 36.618907 -225.401649 -106.187296
 1.063200 0.124800 34.302551 -202.923574 -101.705493
 1.074000 0.124800 32.227643 -181.022358 -96.772029
 1.084800 0.124800 30.388116 -159.470444 -91.249582
 1.095600 0.124800 28.781161 -138.013931 -85.512526
 1.106400 0.124800 27.406096 -116.584540 -80.325923
 1.117200 0.124800 26.261422 -95.448627 -76.449702
 1.128000 0.124800 25.340971 -75.184863 -74.247919
 1.138800 0.124800 24.631775 -56.429490 -73.629045
 1.149600 0.124800 24.114778 -39.661358 -74.388689
 1.160400 0.124800 23.766541 -25.237785 -76.721522
 1.171200 0.124800 23.559847 -13.511156 -81.453208
 1.182000 0.124800 23.463895 -4.770305 -89.646526
 1.192800 0.124800 23.445752 0.893858 -101.758583
 1.203600 0.124800 23.472779 3.632249 -116.974068
 1.214400 0.124800 23.516171 4.077844 -133.258558
 1.225200 0.124800 23.558197 3.650296 -148.214322
 1.236000 0.124800 23.598427 3.933354 -160.294953
 1.246800 0.124800 23.648850 5.523055 -169.302387
 1.257600 0.124800 23.722590 8.220050 -175.809446
 1.268400 0.124800 23.832216 12.282816 -180.526929
 1.279200 0.124800 23.997103 18.590085 -184.270276
 1.290000 0.124800 24.244425 27.505070 -187.949933
 1.300800 0.124800 24.598749 38.171056 -192.245580
 1.311600 0.124800 25.071009 49.077869 -197.335541
 1.322400 0.124800 25.657429 59.184392 -202.992709
 1.333200 0.124800 26.347952 68.362181 -208.931883
 1.344000 0.124800 27.133825 76.793244 -215.161591
 1.354800 0.124800 28.006901 84.364611 -222.208607
 1.365600 0.124800 28.956048 90.702118 -231.085865
 1.376400 0.124800 29.966328 95.479029 -242.952415
 1.387200 0.124800 31.020499 98.793648 -258.328885
 1.398000 0.124800 32.105713 101.220526 -276.270802
 1.408800 0.124800 33.218314 103.927942 -294.508731
 1.419600 0.124800 34.366719 107.861371 -311.035670
 1.430400 0.124800 35.566204 113.304720 -325.282830
 1.441200 0.124800 36.830674 119.612846 -337.806437
 1.452000 0.124800 38.163972 125.875299 -349.017675
 1.462800 0.124800 39.564106 131.859409 -358.656654
 1.473600 0.124800 41.032921 138.521633 -366.594667
 1.484400 0.124800 42.582041 146.575878 -373.411024
 1.495200 0.124800 44.228660 156.061683 -380.191899
 1.506000 0.124800 45.995067 168.619746 -387.828284
 1.516800 0.124800 47.929577 187.690265 -396.793651
 1.527600 0.124800 50.122571 215.372116 -407.572197
 1.538400 0.124800 52.675275 252.285447 -420.785112
 1.549200 0.124800 55.687414 296.617912 -436.679714
 1.560000 0.124800 59.254443 345.267143 -457.685477

 0.480000 0.130000 97.033503 -485.180875 -871.380827
 0.490800 0.130000 90.919550 -462.809215 -798.103507
 0.501600 0.130000 85.900238 -421.297209 -766.848169
 0.512400 0.130000 81.374788 -382.839790 -716.957642
 0.523200 0.130000 77.285590 -349.811764 -657.379315
 0.534000 0.130000 73.625569 -318.619494 -596.326314
 0.544800 0.130000 70.340349 -287.184346 -536.303469
 0.555600 0.130000 67.412893 -253.563085 -485.512793
 0.566400 0.130000 64.868754 -216.829783 -451.036849
 0.577200 0.130000 62.733381 -178.395556 -434.037900
 0.588000 0.130000 61.012696 -140.493559 -431.767028
 0.598800 0.130000 59.689555 -105.035204 -439.786342
 0.609600 0.130000 58.731328 -73.014994 -453.256922
 0.620400 0.130000 58.099663 -44.508292 -467.930891
 0.631200 0.130000 57.759549 -18.876736 -481.175458
 0.642000 0.130000 57.685082 4.847463 -492.223688
 0.652800 0.130000 57.860297 27.451919 -501.130037
 0.663600 0.130000 58.275287 49.283584 -507.151369
 0.674400 0.130000 58.923845 70.845660 -508.131853
 0.685200 0.130000 59.810728 93.704245 -502.001376
 0.696000 0.130000 60.961893 119.942971 -489.495805
 0.706800 0.130000 62.418521 149.806284 -475.693857
 0.717600 0.130000 64.205233 179.693761 -469.297566
 0.728400 0.130000 66.283160 200.999057 -481.530857
 0.739200 0.130000 68.496371 200.090840 -522.984919
 0.750000 0.130000 70.533153 168.257765 -589.908315
 0.760800 0.130000 72.127044 118.741774 -655.413331
 0.771600 0.130000 73.267394 83.593310 -693.473605
 0.782400 0.130000 74.044403 54.661617 -697.690533
 0.793200 0.130000 74.384960 7.559320 -687.944420
 0.804000 0.130000 74.328904 -9.290067 -674.151680
 0.814800 0.130000 74.371229 23.087274 -665.141051
 0.825600 0.130000 74.917825 80.251434 -660.666865
 0.836400 0.130000 76.125820 143.060369 -658.972692
 0.847200 0.130000 77.941969 183.551918 -662.237837
 0.858000 0.130000 79.580931 79.421626 -687.196731
 0.868800 0.130000 79.233330 -117.284566 -722.968446
 0.879600 0.130000 77.833365 -120.036161 -730.431634
 0.890400 0.130000 76.829206 -64.971762 -726.715017
 0.901200 0.130000 76.354082 -28.602709 -688.328340
 0.912000 0.130000 75.681280 -122.057275 -477.539577
 0.922800 0.130000 73.156331 -305.181963 -164.251438
 0.933600 0.130000 69.569063 -329.334254 -83.434416
 0.944400 0.130000 66.103461 -301.712571 -83.938038
 0.955200 0.130000 62.954276 -275.047678 -91.569828
 0.966000 0.130000 60.026899 -260.073834 -97.028168
 0.976800 0.130000 57.153451 -261.944677 -101.175632
 0.987600 0.130000 54.157600 -278.350344 -103.671603
 0.998400 0.130000 50.978710 -294.456022 -102.983634
 1.009200 0.130000 47.714377 -297.179721 -97.802166
 1.020000 0.130000 44.509764 -286.868795 -91.256297
 1.030800 0.130000 41.485861 -268.139362 -84.883445
 1.041600 0.130000 38.694770 -246.079849 -79.428472
 1.052400 0.130000 36.152903 -223.294744 -74.726701
 1.063200 0.130000 33.859955 -200.695303 -70.215985
 1.074000 0.130000 31.810862 -178.465890 -65.198825
 1.084800 0.130000 30.000820 -156.610670 -59.354981
 1.095600 0.130000 28.425022 -135.180152 -53.090737
 1.106400 0.130000 27.078342 -114.233826 -47.344337
 1.117200 0.130000 25.954874 -93.901920 -43.039460
 1.128000 0.130000 25.046433 -74.493416 -40.580850
 1.138800 0.130000 24.340539 -56.491387 -39.878395
 1.149600 0.130000 23.818810 -40.502136 -40.894823
 1.160400 0.130000 23.455854 -27.204317 -44.204017
 1.171200 0.130000 23.219333 -17.157016 -50.953546
 1.182000 0.130000 23.073057 -10.464951 -62.130002
 1.192800 0.130000 22.982906 -6.653566 -77.693802
 1.203600 0.130000 22.922026 -4.904543 -96.202566
 1.214400 0.130000 22.873487 -4.187643 -115.125489
 1.225200 0.130000 22.832711 -3.281952 -131.840675
 1.236000 0.130000 22.807161 -1.306716 -144.904371
 1.246800 0.130000 22.809064 1.728595 -154.433861
 1.257600 0.130000 22.847675 5.461621 -161.331012
 1.268400 0.130000 22.931258 10.167327 -166.528518
 1.279200 0.130000 23.074721 16.675521 -170.930451
 1.290000 0.130000 23.300370 25.355146 -175.502890
 1.300800 0.130000 23.628922 35.536937 -181.046091
 1.311600 0.130000 24.070014 45.970763 -187.873651
 1.322400 0.130000 24.621007 55.774143 -195.783707
 1.333200 0.130000 25.273638 64.772363 -204.401189
 1.344000 0.130000 26.019301 72.909444 -213.670180
 1.354800 0.130000 26.846978 79.786716 -224.103543
 1.365600 0.130000 27.740204 84.882358 -236.602835
 1.376400 0.130000 28.678760 88.066786 -251.898969
 1.387200 0.130000 29.644654 90.049479 -269.745091
 1.398000 0.130000 30.631847 92.131552 -288.631291
 1.408800 0.130000 31.648748 95.596112 -306.419968
 1.419600 0.130000 32.712853 100.790237 -321.736322
 1.430400 0.130000 33.840986 107.312224 -334.507666
 1.441200 0.130000 35.043864 114.389120 -345.322168
 1.452000 0.130000 36.323475 121.414244 -354.470131
 1.462800 0.130000 37.678966 128.271437 -361.810044
 1.473600 0.130000 39.112157 135.639923 -367.489283
 1.484400 0.130000 40.630838 143.920417 -372.353210
 1.495200 0.130000 42.246479 153.146655 -377.458841
 1.506000 0.130000 43.976787 165.064239 -383.667681
 1.516800 0.130000 45.866892 183.094189 -391.765803
 1.527600 0.130000 48.002265 209.453171 -403.123718
 1.538400 0.130000 50.479867 244.840442 -418.668022
 1.549200 0.130000 53.397972 287.391556 -438.548113
 1.560000 0.130000 56.842531 334.722726 -463.764480

 0.480000 0.135200 92.262831 -468.367932 -814.132115
 0.490800 0.135200 86.629202 -443.730373 -747.116135
 0.501600 0.135200 81.850172 -405.063865 -710.359791
 0.512400 0.135200 77.588475 -364.764002 -674.991450
 0.523200 0.135200 73.779976 -327.264721 -638.736225
 0.534000 0.135200 70.402267 -292.842064 -601.291617
 0.544800 0.135200 67.400079 -261.657022 -561.556281
 0.555600 0.135200 64.728858 -232.322545 -522.098974
 0.566400 0.135200 62.378045 -202.511482 -488.705809
 0.577200 0.135200 60.357536 -171.328953 -465.650183
 0.588000 0.135200 58.679312 -139.392251 -453.741801
 0.598800 0.135200 57.344785 -107.887290 -451.034754
 0.609600 0.135200 56.343883 -77.739564 -454.318770
 0.620400 0.135200 55.658819 -49.455731 -460.307290
 0.631200 0.135200 55.268450 -23.152376 -466.510451
 0.642000 0.135200 55.152638 1.471399 -471.622384
 0.652800 0.135200 55.296433 25.037882 -475.251294
 0.663600 0.135200 55.692171 48.235400 -477.170759
 0.674400 0.135200 56.339873 71.837122 -476.872633
 0.685200 0.135200 57.249532 96.878689 -474.108146
 0.696000 0.135200 58.441821 124.061723 -470.004816
 0.706800 0.135200 59.936218 152.115032 -467.750117
 0.717600 0.135200 61.720678 176.186439 -472.379543
 0.728400 0.135200 63.709405 187.253819 -489.921329
 0.739200 0.135200 65.708549 174.729959 -524.136559
 0.750000 0.135200 67.439501 139.077990 -568.414225
 0.760800 0.135200 68.754436 100.459554 -606.757090
 0.771600 0.135200 69.745384 79.474250 -625.983432
 0.782400 0.135200 70.519993 59.187325 -624.252118
 0.793200 0.135200 70.957746 19.958343 -603.977720
 0.804000 0.135200 71.037571 1.967366 -575.766865
 0.814800 0.135200 71.174154 29.359803 -555.733938
 0.825600 0.135200 71.767343 82.769849 -545.613845
 0.836400 0.135200 72.982965 141.392062 -543.577118
 0.847200 0.135200 74.724435 168.417082 -557.690035
 0.858000 0.135200 76.056707 41.887831 -612.633690
 0.868800 0.135200 75.462031 -121.870724 -652.308511
 0.879600 0.135200 74.089366 -115.368596 -647.807077
 0.890400 0.135200 73.126396 -62.221622 -642.723377
 0.901200 0.135200 72.737179 -11.738695 -639.734190
 0.912000 0.135200 72.668228 -15.528846 -594.742037
 0.922800 0.135200 71.719989 -174.022290 -366.226412
 0.933600 0.135200 68.973884 -297.061206 -147.548788
 0.944400 0.135200 65.658126 -297.987972 -86.824536
 0.955200 0.135200 62.519773 -275.164602 -74.586568
 0.966000 0.135200 59.583786 -261.114281 -73.002794
 0.976800 0.135200 56.694116 -263.875570 -75.716846
 0.987600 0.135200 53.682008 -279.592567 -79.801229
 0.998400 0.135200 50.503517 -293.567573 -80.507751
 1.009200 0.135200 47.264102 -294.472146 -76.323560
 1.020000 0.135200 44.093644 -283.767709 -69.967534
 1.030800 0.135200 41.103301 -265.358315 -63.655786
 1.041600 0.135200 38.340647 -243.755580 -58.330092
 1.052400 0.135200 35.823067 -221.184200 -53.766081
 1.063200 0.135200 33.553612 -198.433529 -49.245314
 1.074000 0.135200 31.531230 -175.770166 -43.963301
 1.084800 0.135200 29.752796 -153.504090 -37.636160
 1.095600 0.135200 28.211139 -132.052282 -30.777070
 1.106400 0.135200 26.895946 -111.612179 -24.422692
 1.117200 0.135200 25.796301 -92.142153 -19.553856
 1.128000 0.135200 24.901842 -73.650287 -16.605029
 1.138800 0.135200 24.200357 -56.517213 -15.590568
 1.149600 0.135200 23.672930 -41.593735 -16.779788
 1.160400 0.135200 23.289997 -29.921591 -21.209151
 1.171200 0.135200 23.012447 -22.113608 -30.317641
 1.182000 0.135200 22.799483 -17.824899 -44.850662
 1.192800 0.135200 22.619049 -15.855586 -63.996082
 1.203600 0.135200 22.453984 -14.757214 -85.416489
 1.214400 0.135200 22.301920 -13.277099 -106.046827
 1.225200 0.135200 22.171896 -10.609146 -123.354419
 1.236000 0.135200 22.077793 -6.697328 -136.406519
 1.246800 0.135200 22.030075 -2.142610 -145.795414
 1.257600 0.135200 22.032623 2.591981 -152.666153
 1.268400 0.135200 22.088520 7.851517 -158.052545
 1.279200 0.135200 22.207775 14.440155 -162.925546
 1.290000 0.135200 22.407440 22.717691 -168.329722
 1.300800 0.135200 22.703764 32.185649 -175.151556
 1.311600 0.135200 23.104506 41.877439 -183.764359
 1.322400 0.135200 23.607934 51.104841 -194.015818
 1.333200 0.135200 24.207604 59.655011 -205.603113
 1.344000 0.135200 24.895221 67.267967 -218.467939
 1.354800 0.135200 25.657815 73.362160 -232.797492
 1.365600 0.135200 26.475966 77.433874 -248.734889
 1.376400 0.135200 27.328153 79.658387 -265.998766
 1.387200 0.135200 28.199675 81.205393 -283.641341
 1.398000 0.135200 29.092140 83.706989 -300.400011
 1.408800 0.135200 30.022641 88.250418 -315.221368
 1.419600 0.135200 31.013231 94.673659 -327.765564
 1.430400 0.135200 32.080057 102.205427 -338.310680
 1.441200 0.135200 33.231258 110.088076 -347.188057
 1.452000 0.135200 34.467944 117.950846 -354.414916
 1.462800 0.135200 35.789884 125.672182 -359.903715
 1.473600 0.135200 37.197601 133.590367 -364.023198
 1.484400 0.135200 38.694112 141.921647 -367.738124
 1.495200 0.135200 40.285645 150.802052 -371.968165
 1.506000 0.135200 41.985827 161.981612 -377.386592
 1.516800 0.135200 43.835371 178.621760 -384.819877
 1.527600 0.135200 45.911797 203.147170 -395.793051
 1.538400 0.135200 48.307986 236.580200 -410.851065
 1.549200 0.135200 51.123033 277.455900 -429.507176
 1.560000 0.135200 54.442680 324.047088 -451.024481

 0.480000 0.140400 88.080714 -452.617497 -743.266417
 0.490800 0.140400 82.809878 -425.988110 -687.452764
 0.501600 0.140400 78.238022 -389.996964 -651.816127
 0.512400 0.140400 74.157579 -351.449973 -621.017398
 0.523200 0.140400 70.516805 -313.868624 -594.111621
 0.534000 0.140400 67.300791 -278.222093 -569.707993
 0.544800 0.140400 64.465031 -245.987171 -545.715795
 0.555600 0.140400 61.963282 -217.034244 -521.113717
 0.566400 0.140400 59.766364 -189.657086 -497.486941
 0.577200 0.140400 57.864650 -162.331677 -477.474928
 0.588000 0.140400 56.261113 -134.506524 -463.026734
 0.598800 0.140400 54.959979 -106.420665 -454.637028
 0.609600 0.140400 53.961695 -78.503890 -451.435799
 0.620400 0.140400 53.262103 -51.186037 -451.613199
 0.631200 0.140400 52.852394 -24.881674 -453.126621
 0.642000 0.140400 52.720258 0.216499 -454.467359
 0.652800 0.140400 52.853564 24.349066 -455.048968
 0.663600 0.140400 53.244917 48.113983 -454.980552
 0.674400 0.140400 53.894403 72.272141 -454.633537
 0.685200 0.140400 54.810547 97.548417 -454.646075
 0.696000 0.140400 56.007243 124.001002 -456.293515
 0.706800 0.140400 57.489964 149.719305 -461.564460
 0.717600 0.140400 59.227301 169.507104 -472.685236
 0.728400 0.140400 61.113066 174.736030 -491.456292
 0.739200 0.140400 62.944344 157.021674 -518.178320
 0.750000 0.140400 64.476302 121.436879 -547.856628
 0.760800 0.140400 65.630771 90.713498 -570.781832
 0.771600 0.140400 66.553855 78.570965 -579.444240
 0.782400 0.140400 67.362727 67.321716 -571.688770
 0.793200 0.140400 67.947410 38.055489 -541.948657
 0.804000 0.140400 68.230096 19.286089 -498.274072
 0.814800 0.140400 68.514633 39.255930 -464.111517
 0.825600 0.140400 69.177546 85.807771 -447.267877
 0.836400 0.140400 70.381605 134.774965 -450.098329
 0.847200 0.140400 71.930448 135.009889 -495.144228
 0.858000 0.140400 72.748668 -6.350859 -597.977193
 0.868800 0.140400 71.924381 -119.218641 -633.833989
 0.879600 0.140400 70.642789 -106.800919 -615.032349
 0.890400 0.140400 69.726650 -62.412623 -605.493639
 0.901200 0.140400 69.291994 -19.732307 -615.694180
 0.912000 0.140400 69.204961 -2.499046 -636.618141
 0.922800 0.140400 68.952156 -58.490016 -587.211166
 0.933600 0.140400 67.596285 -189.684423 -361.059699
 0.944400 0.140400 65.040857 -260.033749 -155.282637
 0.955200 0.140400 62.136601 -264.628221 -75.273595
 0.966000 0.140400 59.255063 -259.711189 -54.475885
 0.976800 0.140400 56.357656 -266.074962 -54.490583
 0.987600 0.140400 53.319933 -281.752351 -60.134261
 0.998400 0.140400 50.133412 -293.293605 -62.483538
 1.009200 0.140400 46.911169 -292.252761 -60.130816
 1.020000 0.140400 43.770635 -280.999726 -55.124477
 1.030800 0.140400 40.810410 -262.862987 -49.993626
 1.041600 0.140400 38.073405 -241.648946 -45.539890
 1.052400 0.140400 35.578447 -219.154166 -41.437211
 1.063200 0.140400 33.332496 -196.090406 -36.930346
 1.074000 0.140400 31.338413 -172.877132 -31.356868
 1.084800 0.140400 29.594002 -150.157282 -24.658878
 1.095600 0.140400 28.089136 -128.675229 -17.447143
 1.106400 0.140400 26.808171 -108.729807 -10.706484
 1.117200 0.140400 25.735221 -90.113397 -5.350465
 1.128000 0.140400 24.857472 -72.585514 -1.904836
 1.138800 0.140400 24.161909 -56.515427 -0.705453
 1.149600 0.140400 23.627016 -43.079159 -2.510701
 1.160400 0.140400 23.216614 -33.651422 -8.817217
 1.171200 0.140400 22.883711 -28.677867 -21.161411
 1.182000 0.140400 22.584919 -27.038435 -39.716705
 1.192800 0.140400 22.295276 -26.617824 -62.487953
 1.203600 0.140400 22.012778 -25.461062 -85.963216
 1.214400 0.140400 21.752122 -22.487737 -106.725553
 1.225200 0.140400 21.534046 -17.662794 -122.934934
 1.236000 0.140400 21.374779 -11.779912 -134.691155
 1.246800 0.140400 21.280133 -5.837173 -143.186146
 1.257600 0.140400 21.247688 -0.258810 -149.670357
 1.268400 0.140400 21.275226 5.387398 -155.136711
 1.279200 0.140400 21.367676 11.866417 -160.560383
 1.290000 0.140400 21.536609 19.538872 -166.971053
 1.300800 0.140400 21.793807 28.101249 -175.148909
 1.311600 0.140400 22.145298 36.866100 -185.344633
 1.322400 0.140400 22.590056 45.285581 -197.425767
 1.333200 0.140400 23.122762 53.091139 -211.258778
 1.344000 0.140400 23.735314 59.955967 -226.813302
 1.354800 0.140400 24.414903 65.365985 -243.838716
 1.365600 0.140400 25.143825 69.028757 -261.584559
 1.376400 0.140400 25.904730 71.348799 -278.838745
 1.387200 0.140400 26.688974 73.533555 -294.319635
 1.398000 0.140400 27.503175 77.043910 -307.372852
 1.408800 0.140400 28.366679 82.632885 -318.117605
 1.419600 0.140400 29.300756 89.920788 -327.139281
 1.430400 0.140400 30.319379 98.144345 -334.992025
 1.441200 0.140400 31.429529 106.681326 -341.812759
 1.452000 0.140400 32.632773 115.287692 -347.413556
 1.462800 0.140400 33.929265 123.710359 -351.705927
 1.473600 0.140400 35.317382 131.956730 -355.107163
 1.484400 0.140400 36.795428 140.183802 -358.430465
 1.495200 0.140400 38.365812 148.732569 -362.225572
 1.506000 0.140400 40.039955 159.354331 -366.658393
 1.516800 0.140400 41.855430 174.898602 -372.058473
 1.527600 0.140400 43.883113 198.015674 -379.357949
 1.538400 0.140400 46.214291 230.122207 -388.660025
 1.549200 0.140400 48.951126 270.258556 -399.430694
 1.560000 0.140400 52.184677 316.965743 -410.602750

 0.480000 0.145600 84.242250 -439.260182 -680.083521
 0.490800 0.145600 79.273108 -408.958411 -635.078971
 0.501600 0.145600 74.905929 -374.262803 -602.135931
 0.512400 0.145600 70.999144 -338.128237 -572.967759
 0.523200 0.145600 67.502640 -302.601185 -548.559213
 0.534000 0.145600 64.407803 -267.993029 -528.512623
 0.544800 0.145600 61.681940 -236.032615 -511.072597
 0.555600 0.145600 59.287794 -207.194379 -494.542981
 0.566400 0.145600 57.194221 -180.535113 -478.720640
 0.577200 0.145600 55.383266 -154.789357 -464.495434
 0.588000 0.145600 53.849763 -129.140960 -453.007107
 0.598800 0.145600 52.594132 -103.334440 -444.974226
 0.609600 0.145600 51.618510 -77.287146 -440.377391
 0.620400 0.145600 50.925377 -51.062249 -438.376508
 0.631200 0.145600 50.514831 -25.044591 -437.637386
 0.642000 0.145600 50.381772 0.251056 -437.010424
 0.652800 0.145600 50.516896 24.627362 -436.087795
 0.663600 0.145600 50.911579 48.400324 -435.228832
 0.674400 0.145600 51.562674 72.212024 -435.183745
 0.685200 0.145600 52.474114 96.627785 -436.871724
 0.696000 0.145600 53.652845 121.459798 -441.483314
 0.706800 0.145600 55.095291 144.675162 -450.399858
 0.717600 0.145600 56.761527 161.317275 -464.717009
 0.728400 0.145600 58.540872 163.366312 -484.609712
 0.739200 0.145600 60.234454 143.783641 -508.605801
 0.750000 0.145600 61.627189 110.144059 -530.922836
 0.760800 0.145600 62.686586 85.633512 -544.303883
 0.771600 0.145600 63.583247 79.639571 -546.434676
 0.782400 0.145600 64.442767 76.666758 -536.251729
 0.793200 0.145600 65.196479 59.749942 -504.892532
 0.804000 0.145600 65.743132 43.810105 -452.645571
 0.814800 0.145600 66.250844 54.959137 -404.597374
 0.825600 0.145600 67.019545 88.965088 -381.413653
 0.836400 0.145600 68.153668 115.182428 -401.589713
 0.847200 0.145600 69.252100 68.663193 -505.970157
 0.858000 0.145600 69.311160 -58.436778 -641.067241
 0.868800 0.145600 68.302746 -110.861404 -664.319411
 0.879600 0.145600 67.163787 -94.418643 -640.397057
 0.890400 0.145600 66.318085 -62.227304 -628.729892
 0.901200 0.145600 65.809688 -33.468365 -641.480026
 0.912000 0.145600 65.542902 -18.591006 -673.406996
 0.922800 0.145600 65.322872 -26.142143 -689.422787
 0.933600 0.145600 64.830415 -71.310037 -608.762901
 0.944400 0.145600 63.609169 -153.793756 -386.303724
 0.955200 0.145600 61.527813 -218.212841 -172.446103
 0.966000 0.145600 58.940550 -247.114116 -73.593421
 0.976800 0.145600 56.098676 -265.976016 -47.749704
 0.987600 0.145600 53.044001 -283.908428 -47.049252
 0.998400 0.145600 49.845572 -293.542338 -48.879196
 1.009200 0.145600 46.631492 -290.832435 -47.984844
 1.020000 0.145600 43.512548 -278.960181 -44.681988
 1.030800 0.145600 40.575028 -260.947044 -41.057793
 1.041600 0.145600 37.858543 -239.894114 -37.577634
 1.052400 0.145600 35.383636 -217.243448 -33.946954
 1.063200 0.145600 33.160857 -193.710128 -29.577371
 1.074000 0.145600 31.195787 -169.912318 -24.094238
 1.084800 0.145600 29.485965 -146.778497 -17.632242
 1.095600 0.145600 28.018132 -125.272173 -10.751601
 1.106400 0.145600 26.771985 -105.753037 -4.242906
 1.117200 0.145600 25.727164 -87.923680 1.084798
 1.128000 0.145600 24.867596 -71.443897 4.481425
 1.138800 0.145600 24.177147 -56.785140 5.055433
 1.149600 0.145600 23.628762 -45.442169 1.428847
 1.160400 0.145600 23.177561 -38.963461 -8.201016
 1.171200 0.145600 22.769224 -37.308337 -25.016400
 1.182000 0.145600 22.362162 -38.221314 -48.043686
 1.192800 0.145600 21.945753 -38.562252 -73.739101
 1.203600 0.145600 21.539044 -36.235532 -97.632694
 1.214400 0.145600 21.173951 -30.950541 -116.685384
 1.225200 0.145600 20.877558 -23.761139 -130.374254
 1.236000 0.145600 20.662463 -16.132268 -139.967598
 1.246800 0.145600 20.527006 -9.129545 -147.098968
 1.257600 0.145600 20.462360 -2.988779 -152.950144
 1.268400 0.145600 20.461479 2.790477 -158.359765
 1.279200 0.145600 20.524391 8.923369 -164.204041
 1.290000 0.145600 20.657614 15.821478 -171.376839
 1.300800 0.145600 20.869418 23.409006 -180.455186
 1.311600 0.145600 21.164984 31.226718 -191.535356
 1.322400 0.145600 21.543995 38.769815 -204.468258
 1.333200 0.145600 22.001560 45.708771 -219.172158
 1.344000 0.145600 22.529851 51.790946 -235.533476
 1.354800 0.145600 23.118211 56.756780 -253.011329
 1.365600 0.145600 23.754199 60.599643 -270.449827
 1.376400 0.145600 24.427945 63.832203 -286.316925
 1.387200 0.145600 25.137802 67.401530 -299.269489
 1.398000 0.145600 25.892937 72.296610 -308.932582
 1.408800 0.145600 26.710289 78.864730 -315.993179
 1.419600 0.145600 27.606294 86.674172 -321.627362
 1.430400 0.145600 28.591053 95.200840 -326.747571
 1.441200 0.145600 29.670668 104.079112 -331.595406
 1.452000 0.145600 30.847953 113.168599 -335.917839
 1.462800 0.145600 32.123827 122.060176 -339.513220
 1.473600 0.145600 33.494984 130.491893 -342.586144
 1.484400 0.145600 34.956410 138.629740 -345.585911
 1.495200 0.145600 36.508842 147.086926 -348.613431
 1.506000 0.145600 38.164469 157.694672 -351.225043
 1.516800 0.145600 39.960991 173.066612 -353.050351
 1.527600 0.145600 41.966427 195.882286 -354.266253
 1.538400 0.145600 44.271673 227.702125 -354.969518
 1.549200 0.145600 46.980048 267.877981 -355.303239
 1.560000 0.145600 50.186655 314.910880 -354.838104

 0.480000 0.150800 80.679324 -424.240805 -634.729682
 0.490800 0.150800 75.985659 -391.943581 -592.807388
 0.501600 0.150800 71.819159 -358.545761 -560.141772
 0.512400 0.150800 68.081217 -324.858090 -531.717524
 0.523200 0.150800 64.721306 -291.935192 -508.132996
 0.534000 0.150800 61.733301 -259.333017 -489.622159
 0.544800 0.150800 59.094830 -228.537269 -474.748574
 0.555600 0.150800 56.778476 -200.302421 -461.963446
 0.566400 0.150800 54.756380 -174.253384 -450.613332
 0.577200 0.150800 53.008568 -149.449352 -440.837937
 0.588000 0.150800 51.526159 -125.059240 -433.026237
 0.598800 0.150800 50.307198 -100.623243 -427.351652
 0.609600 0.150800 49.354075 -75.780159 -423.661310
 0.620400 0.150800 48.672566 -50.329771 -421.474944
 0.631200 0.150800 48.268101 -24.573607 -420.083160
 0.642000 0.150800 48.140306 0.779941 -418.860931
 0.652800 0.150800 48.281467 25.182891 -417.629307
 0.663600 0.150800 48.681005 48.679522 -416.755760
 0.674400 0.150800 49.331805 71.801035 -416.942218
 0.685200 0.150800 50.232882 95.015754 -419.074023
 0.696000 0.150800 51.384716 117.972577 -424.350280
 0.706800 0.150800 52.775974 138.585189 -434.249666
 0.717600 0.150800 54.360329 152.263422 -449.984999
 0.728400 0.150800 56.027263 151.938361 -471.242188
 0.739200 0.150800 57.592439 132.507286 -494.344331
 0.750000 0.150800 58.879888 102.986436 -511.310554
 0.760800 0.150800 59.890048 84.140858 -517.303278
 0.771600 0.150800 60.790206 82.215058 -514.897026
 0.782400 0.150800 61.704238 85.124319 -505.278263
 0.793200 0.150800 62.608871 79.733668 -480.693732
 0.804000 0.150800 63.420256 70.638827 -435.114499
 0.814800 0.150800 64.188956 73.995200 -386.450244
 0.825600 0.150800 65.062560 86.619363 -369.159542
 0.836400 0.150800 65.962871 69.343148 -428.190990
 0.847200 0.150800 66.297692 -17.114801 -575.927939
 0.858000 0.150800 65.642937 -93.112170 -677.334313
 0.868800 0.150800 64.538410 -103.346046 -687.601386
 0.879600 0.150800 63.510014 -85.118999 -673.292425
 0.890400 0.150800 62.714461 -62.659784 -667.014028
 0.901200 0.150800 62.142348 -44.352806 -675.576086
 0.912000 0.150800 61.732265 -32.462247 -693.537361
 0.922800 0.150800 61.423438 -25.279684 -705.934791
 0.933600 0.150800 61.158048 -25.635546 -690.047618
 0.944400 0.150800 60.778732 -49.250658 -605.906362
 0.955200 0.150800 59.924684 -112.054013 -418.741297
 0.966000 0.150800 58.240531 -191.301566 -205.618512
 0.976800 0.150800 55.770498 -249.360396 -85.541348
 0.987600 0.150800 52.802870 -281.633198 -48.100551
 0.998400 0.150800 49.614617 -293.299245 -40.826484
 1.009200 0.150800 46.406260 -290.002429 -39.078355
 1.020000 0.150800 43.301504 -277.592194 -36.746270
 1.030800 0.150800 40.380099 -259.504259 -34.026331
 1.041600 0.150800 37.680250 -238.375032 -31.001526
 1.052400 0.150800 35.223471 -215.452542 -27.624889
 1.063200 0.150800 33.022539 -191.477893 -23.646133
 1.074000 0.150800 31.084266 -167.218380 -18.952825
 1.084800 0.150800 29.405420 -143.780746 -13.672941
 1.095600 0.150800 27.970368 -122.252933 -8.136035
 1.106400 0.150800 26.755337 -103.066858 -2.881628
 1.117200 0.150800 25.735907 -85.970617 1.329523
 1.128000 0.150800 24.891247 -70.720263 3.412476
 1.138800 0.150800 24.198875 -57.989211 1.824138
 1.149600 0.150800 23.623016 -49.470642 -5.373138
 1.160400 0.150800 23.109409 -46.552316 -19.886271
 1.171200 0.150800 22.600045 -48.276983 -41.816093
 1.182000 0.150800 22.062707 -51.009996 -68.485310
 1.192800 0.150800 21.508855 -50.836178 -95.106912
 1.203600 0.150800 20.981035 -46.183004 -117.374665
 1.214400 0.150800 20.523907 -38.066847 -133.552533
 1.225200 0.150800 20.163567 -28.627127 -144.477423
 1.236000 0.150800 19.903849 -19.663062 -152.133469
 1.246800 0.150800 19.734211 -12.000962 -158.230862
 1.257600 0.150800 19.640335 -5.569655 -163.660511
 1.268400 0.150800 19.611728 0.187017 -168.857877
 1.279200 0.150800 19.644572 5.896145 -174.393698
 1.290000 0.150800 19.741001 11.991934 -181.093365
 1.300800 0.150800 19.906164 18.598196 -189.664047
 1.311600 0.150800 20.144521 25.468832 -200.339754
 1.322400 0.150800 20.456589 32.155869 -212.917989
 1.333200 0.150800 20.838347 38.314088 -227.077637
 1.344000 0.150800 21.283101 43.784025 -242.459541
 1.354800 0.150800 21.783219 48.547701 -258.475370
 1.365600 0.150800 22.332145 52.852538 -274.093775
 1.376400 0.150800 22.927813 57.297865 -287.939614
 1.387200 0.150800 23.575573 62.538270 -298.742077
 1.398000 0.150800 24.286669 69.016092 -306.087474
 1.408800 0.150800 25.074270 76.603478 -310.665903
 1.419600 0.150800 25.947997 84.792002 -313.808462
 1.430400 0.150800 26.912300 93.328698 -316.694554
 1.441200 0.150800 27.971204 102.199569 -319.860798
 1.452000 0.150800 29.128637 111.438371 -323.157238
 1.462800 0.150800 30.386951 120.576836 -326.265368
 1.473600 0.150800 31.742761 129.166465 -329.027887
 1.484400 0.150800 33.189942 137.386305 -331.435265
 1.495200 0.150800 34.729655 146.115582 -333.242858
 1.506000 0.150800 36.377316 157.310069 -333.693328
 1.516800 0.150800 38.173434 173.434299 -332.119970
 1.527600 0.150800 40.186180 196.950091 -328.311885
 1.538400 0.150800 42.505539 229.256102 -322.498628
 1.549200 0.150800 45.232578 269.801823 -315.310664
 1.560000 0.150800 48.462991 316.972038 -306.877705

 0.480000 0.156000 77.457272 -412.200655 -588.536628
 0.490800 0.156000 72.974995 -377.898886 -551.668251
 0.501600 0.156000 68.978514 -344.862079 -521.047940
 0.512400 0.156000 65.388158 -312.839626 -494.626774
 0.523200 0.156000 62.151625 -282.101685 -472.414680
 0.534000 0.156000 59.259736 -251.612700 -455.183101
 0.544800 0.156000 56.696318 -222.349651 -441.982700
 0.555600 0.156000 54.441361 -195.102921 -431.581693
 0.566400 0.156000 52.471120 -169.858362 -423.152683
 0.577200 0.156000 50.766285 -145.905043 -416.403815
 0.588000 0.156000 49.317361 -122.399968 -411.281149
 0.598800 0.156000 48.122666 -98.766767 -407.597365
 0.609600 0.156000 47.185994 -74.557626 -405.017637
 0.620400 0.156000 46.515246 -49.519026 -403.200365
 0.631200 0.156000 46.118391 -23.939549 -401.843523
 0.642000 0.156000 45.997217 1.382074 -400.706167
 0.652800 0.156000 46.144601 25.707770 -399.705382
 0.663600 0.156000 46.548425 48.898514 -399.015605
 0.674400 0.156000 47.198425 71.364295 -399.087410
 0.685200 0.156000 48.089082 93.414291 -400.730484
 0.696000 0.156000 49.214049 114.459451 -405.326413
 0.706800 0.156000 50.553143 132.320026 -414.733566
 0.717600 0.156000 52.052784 142.911813 -430.422988
 0.728400 0.156000 53.605657 140.683616 -451.466642
 0.739200 0.156000 55.052688 123.024393 -472.305891
 0.750000 0.156000 56.263246 98.963448 -484.406345
 0.760800 0.156000 57.255972 84.935229 -485.596127
 0.771600 0.156000 58.175192 85.126940 -481.181268
 0.782400 0.156000 59.132982 90.971586 -474.058253
 0.793200 0.156000 60.138990 93.384326 -459.651724
 0.804000 0.156000 61.143758 91.559082 -431.943987
 0.814800 0.156000 62.122666 88.647646 -401.878547
 0.825600 0.156000 63.018027 71.105285 -409.050482
 0.836400 0.156000 63.481132 4.144460 -500.095096
 0.847200 0.156000 63.041463 -80.667464 -619.543660
 0.858000 0.156000 61.956716 -110.712043 -671.557166
 0.868800 0.156000 60.790110 -101.959504 -679.170623
 0.879600 0.156000 59.789817 -82.854165 -677.306729
 0.890400 0.156000 58.997284 -64.490075 -678.032478
 0.901200 0.156000 58.383805 -49.718364 -682.666031
 0.912000 0.156000 57.914608 -37.280876 -687.659071
 0.922800 0.156000 57.579705 -24.564158 -688.248237
 0.933600 0.156000 57.381831 -12.496120 -680.379283
 0.944400 0.156000 57.280560 -8.231959 -654.893650
 0.955200 0.156000 57.117418 -26.437188 -584.255588
 0.966000 0.156000 56.527966 -87.979827 -425.593758
 0.976800 0.156000 55.009519 -186.615000 -214.850048
 0.987600 0.156000 52.475106 -261.637917 -83.989851
 0.998400 0.156000 49.402344 -289.003189 -42.622055
 1.009200 0.156000 46.219742 -288.730975 -33.100462
 1.020000 0.156000 43.129079 -276.401691 -29.589933
 1.030800 0.156000 40.221939 -258.157868 -26.634883
 1.041600 0.156000 37.538115 -236.865705 -23.412633
 1.052400 0.156000 35.098733 -213.785443 -20.083806
 1.063200 0.156000 32.916941 -189.633110 -16.742538
 1.074000 0.156000 30.999652 -165.200306 -13.449227
 1.084800 0.156000 29.343287 -141.649626 -10.206226
 1.095600 0.156000 27.931265 -120.146341 -7.047849
 1.106400 0.156000 26.737648 -101.256902 -4.264624
 1.117200 0.156000 25.734075 -84.931149 -2.608636
 1.128000 0.156000 24.893108 -71.208899 -3.528848
 1.138800 0.156000 24.182626 -61.013654 -9.166995
 1.149600 0.156000 23.555912 -55.971825 -21.719129
 1.160400 0.156000 22.951589 -56.779089 -42.066719
 1.171200 0.156000 22.315808 -61.153682 -68.386300
 1.182000 0.156000 21.634841 -64.306965 -96.345505
 1.192800 0.156000 20.945500 -62.323533 -121.285628
 1.203600 0.156000 20.308986 -54.750520 -140.559939
 1.214400 0.156000 19.774734 -43.888169 -154.053454
 1.225200 0.156000 19.362374 -32.605206 -163.281797
 1.236000 0.156000 19.065206 -22.744649 -170.197512
 1.246800 0.156000 18.864426 -14.728186 -176.206105
 1.257600 0.156000 18.742320 -8.064665 -181.684004
 1.268400 0.156000 18.687810 -2.133639 -186.395395
 1.279200 0.156000 18.695215 3.435025 -190.491650
 1.290000 0.156000 18.761948 8.873676 -194.999261
 1.300800 0.156000 18.887968 14.435356 -201.234448
 1.311600 0.156000 19.075369 20.226421 -209.875649
 1.322400 0.156000 19.325834 26.041957 -220.685417
 1.333200 0.156000 19.637914 31.576107 -233.029771
 1.344000 0.156000 20.007452 36.653798 -246.336732
 1.354800 0.156000 20.429783 41.373553 -260.059921
 1.365600 0.156000 20.903197 46.180067 -273.339995
 1.376400 0.156000 21.432219 51.775036 -284.999625
 1.387200 0.156000 22.028385 58.594340 -293.956587
 1.398000 0.156000 22.705142 66.602805 -299.827267
 1.408800 0.156000 23.472525 75.221879 -303.140846
 1.419600 0.156000 24.333686 83.802730 -305.010112
 1.430400 0.156000 25.286905 92.256200 -306.552388
 1.441200 0.156000 26.332740 100.906129 -308.510431
 1.452000 0.156000 27.475272 110.025195 -310.974819
 1.462800 0.156000 28.718481 119.239225 -313.666244
 1.473600 0.156000 30.060652 128.032272 -316.125236
 1.484400 0.156000 31.496980 136.582202 -317.870330
 1.495200 0.156000 33.030658 145.935812 -318.403584
 1.506000 0.156000 34.681031 158.081802 -317.067411
 1.516800 0.156000 36.491468 175.366069 -313.540985
 1.527600 0.156000 38.530913 199.962603 -307.824282
 1.538400 0.156000 40.887792 233.043462 -300.267986
 1.549200 0.156000 43.659969 274.034163 -291.382709
 1.560000 0.156000 46.942037 321.219623 -281.412125

 0.480000 0.161200 74.476865 -400.883279 -545.544921
 0.490800 0.161200 70.177353 -365.026584 -514.540419
 0.501600 0.161200 66.337564 -332.133828 -486.845433
 0.512400 0.161200 62.882149 -301.643506 -462.691567
 0.523200 0.161200 59.759592 -272.942560 -441.996754
 0.534000 0.161200 56.955679 -244.624078 -425.992807
 0.544800 0.161200 54.458224 -217.100925 -414.226919
 0.555600 0.161200 52.253257 -191.048566 -405.685158
 0.566400 0.161200 50.322016 -166.659980 -399.311930
 0.577200 0.161200 48.647735 -143.438350 -394.417568
 0.588000 0.161200 47.221789 -120.596947 -390.722872
 0.598800 0.161200 46.043547 -97.496086 -388.046539
 0.609600 0.161200 45.118466 -73.657261 -386.135497
 0.620400 0.161200 44.456027 -48.863177 -384.748835
 0.631200 0.161200 44.065357 -23.436271 -383.729187
 0.642000 0.161200 43.949133 1.804840 -382.950652
 0.652800 0.161200 44.100783 26.071175 -382.279258
 0.663600 0.161200 44.507901 49.118995 -381.663714
 0.674400 0.161200 45.158458 71.182593 -381.337371
 0.685200 0.161200 46.042667 92.277146 -382.096387
 0.696000 0.161200 47.146230 111.458910 -385.523716
 0.706800 0.161200 48.438220 126.461481 -393.746619
 0.717600 0.161200 49.857142 133.952199 -408.217663
 0.728400 0.161200 51.302475 130.355896 -427.358781
 0.739200 0.161200 52.647105 115.401933 -444.968114
 0.750000 0.161200 53.803264 96.941143 -453.656959
 0.760800 0.161200 54.796169 86.797011 -452.936857
 0.771600 0.161200 55.740086 87.848303 -448.501517
 0.782400 0.161200 56.729272 94.410994 -443.925348
 0.793200 0.161200 57.788425 100.221988 -437.665340
 0.804000 0.161200 58.888499 101.563389 -427.663111
 0.814800 0.161200 59.947403 90.044020 -424.419042
 0.825600 0.161200 60.700809 39.361545 -462.406139
 0.836400 0.161200 60.633895 -54.496471 -553.193573
 0.847200 0.161200 59.667289 -113.964677 -623.083769
 0.858000 0.161200 58.374501 -119.418624 -648.314857
 0.868800 0.161200 57.162316 -103.560919 -655.756965
 0.879600 0.161200 56.149939 -83.971268 -659.505748
 0.890400 0.161200 55.341339 -66.246206 -662.847669
 0.901200 0.161200 54.709538 -51.081811 -664.934233
 0.912000 0.161200 54.234778 -36.779149 -663.992507
 0.922800 0.161200 53.918387 -21.641877 -659.425265
 0.933600 0.161200 53.767015 -6.655878 -651.878985
 0.944400 0.161200 53.759787 4.302253 -640.592350
 0.955200 0.161200 53.824193 5.710660 -617.929132
 0.966000 0.161200 53.803563 -13.713564 -557.389113
 0.976800 0.161200 53.321224 -82.681489 -406.913260
 0.987600 0.161200 51.766096 -197.729193 -193.675046
 0.998400 0.161200 49.121707 -269.724213 -69.193230
 1.009200 0.161200 46.052103 -284.054038 -32.270402
 1.020000 0.161200 42.994142 -274.439577 -22.299283
 1.030800 0.161200 40.106501 -256.481253 -17.515534
 1.041600 0.161200 37.441148 -235.197255 -13.578065
 1.052400 0.161200 35.019250 -212.251214 -10.176493
 1.063200 0.161200 32.852996 -188.320079 -7.542888
 1.074000 0.161200 30.948681 -164.113494 -5.849983
 1.084800 0.161200 29.302953 -140.746894 -5.025260
 1.095600 0.161200 27.899693 -119.425082 -4.874259
 1.106400 0.161200 26.712020 -100.918654 -5.479575
 1.117200 0.161200 25.707559 -85.547631 -7.647634
 1.128000 0.161200 24.850151 -73.815314 -13.313935
 1.138800 0.161200 24.095002 -66.839966 -25.199381
 1.149600 0.161200 23.384378 -65.674397 -45.209959
 1.160400 0.161200 22.656852 -69.610587 -72.246948
 1.171200 0.161200 21.874804 -74.981337 -101.814017
 1.182000 0.161200 21.049774 -76.823683 -128.754821
 1.192800 0.161200 20.238712 -72.233488 -150.259238
 1.203600 0.161200 19.510136 -61.939823 -166.223251
 1.214400 0.161200 18.910439 -48.942765 -177.844612
 1.225200 0.161200 18.451284 -36.350095 -186.575740
 1.236000 0.161200 18.117342 -25.895501 -193.728467
 1.246800 0.161200 17.884211 -17.562508 -200.042716
 1.257600 0.161200 17.733976 -10.380040 -205.259399
 1.268400 0.161200 17.658339 -3.725627 -208.608730
 1.279200 0.161200 17.651243 2.239174 -210.103564
 1.290000 0.161200 17.703635 7.275610 -211.131710
 1.300800 0.161200 17.806859 11.740494 -213.585905
 1.311600 0.161200 17.958246 16.278013 -218.586280
 1.322400 0.161200 18.160346 21.098247 -226.113697
 1.333200 0.161200 18.415092 25.959493 -235.615431
 1.344000 0.161200 18.721430 30.620467 -246.526087
 1.354800 0.161200 19.077758 35.275787 -258.181934
 1.365600 0.161200 19.487184 40.552551 -269.522051
 1.376400 0.161200 19.960461 47.193645 -279.285225
 1.387200 0.161200 20.514276 55.393172 -286.573986
 1.398000 0.161200 21.163536 64.706647 -291.241192
 1.408800 0.161200 21.915572 74.232974 -293.826909
 1.419600 0.161200 22.768455 83.222359 -295.178081
 1.430400 0.161200 23.715393 91.645282 -296.112767
 1.441200 0.161200 24.753119 100.038134 -297.331123
 1.452000 0.161200 25.884638 108.886710 -299.140474
 1.462800 0.161200 27.114910 118.039572 -301.440362
 1.473600 0.161200 28.445005 127.079053 -303.641835
 1.484400 0.161200 29.873714 136.196067 -304.878764
 1.495200 0.161200 31.407388 146.414096 -304.464518
 1.506000 0.161200 33.067841 159.499523 -302.134250
 1.516800 0.161200 34.898083 177.612574 -298.372532
 1.527600 0.161200 36.965198 202.782310 -293.950484
 1.538400 0.161200 39.355109 236.161803 -289.507546
 1.549200 0.161200 42.163825 277.183838 -285.260732
 1.560000 0.161200 45.484626 324.154645 -281.485219

 0.480000 0.166400 71.745024 -392.184114 -497.360305
 0.490800 0.166400 67.586217 -354.617369 -474.963608
 0.501600 0.166400 63.877236 -321.195010 -453.290410
 0.512400 0.166400 60.539001 -291.621782 -433.241362
 0.523200 0.166400 57.519287 -264.531183 -415.131599
 0.534000 0.166400 54.795921 -238.260827 -400.702141
 0.544800 0.166400 52.357129 -212.588798 -390.249961
 0.555600 0.166400 50.193385 -187.856505 -383.115765
 0.566400 0.166400 48.291873 -164.277861 -378.127340
 0.577200 0.166400 46.640356 -141.580398 -374.289029
 0.588000 0.166400 45.232075 -119.178085 -371.194438
 0.598800 0.166400 44.066994 -96.465851 -368.814136
 0.609600 0.166400 43.151331 -72.927691 -367.120589
 0.620400 0.166400 42.495542 -48.348931 -365.979189
 0.631200 0.166400 42.109572 -23.068434 -365.216217
 0.642000 0.166400 41.996884 2.106402 -364.640210
 0.652800 0.166400 42.151805 26.384167 -364.042877
 0.663600 0.166400 42.562383 49.430192 -363.318987
 0.674400 0.166400 43.215373 71.256184 -362.708279
 0.685200 0.166400 44.096651 91.530829 -363.051909
 0.696000 0.166400 45.183624 108.956817 -365.895919
 0.706800 0.166400 46.434694 121.269752 -373.147658
 0.717600 0.166400 47.781922 126.040313 -385.816429
 0.728400 0.166400 49.134219 121.641137 -401.974199
 0.739200 0.166400 50.395523 109.458518 -416.130243
 0.750000 0.166400 51.511676 95.721520 -422.855674
 0.760800 0.166400 52.508159 88.465324 -422.369204
 0.771600 0.166400 53.471492 89.700628 -419.399146
 0.782400 0.166400 54.477371 95.787116 -417.319577
 0.793200 0.166400 55.552385 101.839853 -416.612599
 0.804000 0.166400 56.665112 101.346511 -419.395923
 0.814800 0.166400 57.666870 76.830592 -438.771888
 0.825600 0.166400 58.138589 0.573093 -496.533899
 0.836400 0.166400 57.618435 -92.072713 -568.266405
 0.847200 0.166400 56.369540 -129.353583 -605.897624
 0.858000 0.166400 54.976040 -124.700055 -619.606833
 0.868800 0.166400 53.722912 -106.446348 -626.439464
 0.879600 0.166400 52.683188 -86.199807 -631.386893
 0.890400 0.166400 51.854557 -67.615697 -634.670536
 0.901200 0.166400 51.215274 -51.016606 -635.394076
 0.912000 0.166400 50.749828 -35.176719 -633.169528
 0.922800 0.166400 50.456488 -19.109969 -628.846728
 0.933600 0.166400 50.334963 -3.678878 -623.819500
 0.944400 0.166400 50.365931 8.712846 -618.377381
 0.955200 0.166400 50.504574 16.090615 -609.930047
 0.966000 0.166400 50.686458 16.151085 -589.135706
 0.976800 0.166400 50.768343 -6.216282 -525.484138
 0.987600 0.166400 50.289927 -91.884298 -359.440595
 0.998400 0.166400 48.572965 -214.175658 -148.408412
 1.009200 0.166400 45.856715 -268.528591 -45.800592
 1.020000 0.166400 42.894389 -269.832435 -16.663783
 1.030800 0.166400 40.042653 -253.987173 -7.068649
 1.041600 0.166400 37.401013 -233.259575 -1.773966
 1.052400 0.166400 34.997329 -210.825167 1.852726
 1.063200 0.166400 32.843214 -187.520262 3.910800
 1.074000 0.166400 30.943948 -163.963965 4.200559
 1.084800 0.166400 29.296533 -141.160017 2.773749
 1.095600 0.166400 27.886123 -120.309487 -0.103336
 1.106400 0.166400 26.685482 -102.476612 -4.539617
 1.117200 0.166400 25.657143 -88.572169 -11.773365
 1.128000 0.166400 24.752681 -79.725624 -24.660854
 1.138800 0.166400 23.911724 -76.910311 -46.375714
 1.149600 0.166400 23.069843 -79.645809 -77.224591
 1.160400 0.166400 22.180248 -85.106718 -112.365105
 1.171200 0.166400 21.236509 -88.987589 -144.477436
 1.182000 0.166400 20.276225 -87.754593 -169.101650
 1.192800 0.166400 19.363511 -80.238666 -186.414547
 1.203600 0.166400 18.560485 -67.860019 -198.861449
 1.214400 0.166400 17.904684 -53.506961 -208.557262
 1.225200 0.166400 17.401260 -40.047185 -216.554368
 1.236000 0.166400 17.030578 -29.027568 -223.222478
 1.246800 0.166400 16.766583 -20.102193 -228.467385
 1.257600 0.166400 16.593720 -11.956678 -231.676685
 1.268400 0.166400 16.507533 -4.105626 -232.220972
 1.279200 0.166400 16.501278 2.653630 -230.392968
 1.290000 0.166400 16.558365 7.570948 -227.655075
 1.300800 0.166400 16.660153 11.080183 -225.869562
 1.311600 0.166400 16.797436 14.312906 -226.391171
 1.322400 0.166400 16.971389 17.882059 -229.778234
 1.333200 0.166400 17.185468 21.688335 -235.992434
 1.344000 0.166400 17.441218 25.589728 -244.565800
 1.354800 0.166400 17.741307 30.007780 -254.503281
 1.365600 0.166400 18.095585 35.742378 -264.302074
 1.376400 0.166400 18.522065 43.426648 -272.475727
 1.387200 0.166400 19.041852 52.882596 -278.238019
 1.398000 0.166400 19.669910 63.267694 -281.700646
 1.408800 0.166400 20.410383 73.496443 -283.536294
 1.419600 0.166400 21.257288 82.835230 -284.467606
 1.430400 0.166400 22.200365 91.294033 -285.026653
 1.441200 0.166400 23.233220 99.486105 -285.704258
 1.452000 0.166400 24.357014 108.017445 -286.872412
 1.462800 0.166400 25.576700 117.005303 -288.617238
 1.473600 0.166400 26.896322 126.277288 -290.410989
 1.484400 0.166400 28.319728 136.089344 -291.236629
 1.495200 0.166400 29.857201 147.265735 -290.299801
 1.506000 0.166400 31.530947 161.077137 -287.675866
 1.516800 0.166400 33.379491 179.340011 -284.517275
 1.527600 0.166400 35.463653 204.118622 -282.389599
 1.538400 0.166400 37.865092 236.822358 -282.265917
 1.549200 0.166400 40.679088 277.045670 -284.236215
 1.560000 0.166400 43.997419 323.319135 -288.575652

 0.480000 0.171600 69.275508 -386.342260 -446.209521
 0.490800 0.171600 65.213206 -347.265664 -432.085293
 0.501600 0.171600 61.599835 -312.922383 -417.638487
 0.512400 0.171600 58.353056 -283.511959 -403.158198
 0.523200 0.171600 55.418705 -257.342286 -389.064651
 0.534000 0.171600 52.765319 -232.671934 -377.102707
 0.544800 0.171600 50.377885 -208.684590 -368.155774
 0.555600 0.171600 48.249089 -185.216662 -362.027767
 0.566400 0.171600 46.371834 -162.341453 -357.748444
 0.577200 0.171600 44.739187 -139.991598 -354.348261
 0.588000 0.171600 43.346558 -117.875924 -351.444750
 0.598800 0.171600 42.193749 -95.501701 -349.129102
 0.609600 0.171600 41.286664 -72.294959 -347.530489
 0.620400 0.171600 40.636251 -47.969828 -346.580245
 0.631200 0.171600 40.253483 -22.835286 -346.052979
 0.642000 0.171600 40.143061 2.312296 -345.674290
 0.652800 0.171600 40.300502 26.653161 -345.221974
 0.663600 0.171600 40.714269 49.729835 -344.678749
 0.674400 0.171600 41.369605 71.322552 -344.407729
 0.685200 0.171600 42.247965 90.806965 -345.249834
 0.696000 0.171600 43.319308 106.643421 -348.457450
 0.706800 0.171600 44.533478 116.680678 -355.325168
 0.717600 0.171600 45.818923 119.376509 -366.185110
 0.728400 0.171600 47.094921 114.672827 -379.064567
 0.739200 0.171600 48.290998 104.891554 -389.803153
 0.750000 0.171600 49.376357 94.745742 -394.923345
 0.760800 0.171600 50.374380 89.556852 -394.926862
 0.771600 0.171600 51.349629 90.703558 -393.344978
 0.782400 0.171600 52.360794 95.756680 -393.111716
 0.793200 0.171600 53.427389 100.067725 -396.140462
 0.804000 0.171600 54.496251 93.797345 -407.881878
 0.814800 0.171600 55.339384 53.109934 -443.556292
 0.825600 0.171600 55.456482 -37.676463 -510.301920
 0.836400 0.171600 54.578350 -116.252226 -566.237366
 0.847200 0.171600 53.161937 -138.138301 -589.308293
 0.858000 0.171600 51.706334 -128.500488 -597.885826
 0.868800 0.171600 50.420614 -108.883381 -602.762323
 0.879600 0.171600 49.359274 -87.742916 -605.986475
 0.890400 0.171600 48.519795 -68.029971 -607.377669
 0.901200 0.171600 47.882959 -50.155784 -606.703635
 0.912000 0.171600 47.432428 -33.384153 -604.363422
 0.922800 0.171600 47.159989 -17.170930 -601.514734
 0.933600 0.171600 47.057436 -2.130320 -599.334599
 0.944400 0.171600 47.104769 10.379667 -597.754186
 0.955200 0.171600 47.270621 19.892511 -594.760611
 0.966000 0.171600 47.526027 27.052825 -586.267344
 0.976800 0.171600 47.831685 27.725884 -561.467404
 0.987600 0.171600 48.003806 -4.145214 -482.055053
 0.998400 0.171600 47.421044 -112.996269 -290.288970
 1.009200 0.171600 45.498087 -225.753830 -98.240275
 1.020000 0.171600 42.801251 -257.853794 -21.510525
 1.030800 0.171600 40.028412 -249.644001 0.691091
 1.041600 0.171600 37.421278 -230.850955 8.969117
 1.052400 0.171600 35.037875 -209.424743 13.187991
 1.063200 0.171600 32.893543 -187.111962 14.912989
 1.074000 0.171600 30.992890 -164.598214 14.137241
 1.084800 0.171600 29.332914 -142.782488 10.792441
 1.095600 0.171600 27.899696 -122.877456 4.894930
 1.106400 0.171600 26.664214 -106.430569 -4.260867
 1.117200 0.171600 25.579946 -95.211881 -19.033500
 1.128000 0.171600 24.580426 -90.896722 -43.417328
 1.138800 0.171600 23.590045 -93.239480 -79.585014
 1.149600 0.171600 22.552720 -98.830193 -123.409830
 1.160400 0.171600 21.459466 -102.920240 -165.367273
 1.171200 0.171600 20.345263 -102.464690 -197.684324
 1.182000 0.171600 19.264704 -96.705063 -218.732757
 1.192800 0.171600 18.273209 -86.167271 -231.517994
 1.203600 0.171600 17.415265 -72.296781 -240.069157
 1.214400 0.171600 16.715769 -57.221121 -246.983407
 1.225200 0.171600 16.175423 -43.153496 -252.929420
 1.236000 0.171600 15.775213 -31.345361 -257.363760
 1.246800 0.171600 15.491717 -21.341535 -259.429121
 1.257600 0.171600 15.312526 -11.861365 -258.579731
 1.268400 0.171600 15.234560 -2.723347 -254.943413
 1.279200 0.171600 15.248085 4.818040 -249.364528
 1.290000 0.171600 15.329216 9.723726 -243.144347
 1.300800 0.171600 15.450613 12.448696 -237.719390
 1.311600 0.171600 15.595900 14.358953 -234.445615
 1.322400 0.171600 15.762041 16.378090 -234.322260
 1.333200 0.171600 15.951720 18.712191 -237.622625
 1.344000 0.171600 16.169082 21.546171 -243.792225
 1.354800 0.171600 16.422787 25.597439 -251.564408
 1.365600 0.171600 16.731042 31.764300 -259.313264
 1.376400 0.171600 17.119603 40.451718 -265.621943
 1.387200 0.171600 17.613386 51.041559 -269.832025
 1.398000 0.171600 18.226513 62.306532 -272.136343
 1.408800 0.171600 18.959548 73.047107 -273.207845
 1.419600 0.171600 19.802964 82.635120 -273.667797
 1.430400 0.171600 20.744302 91.165721 -273.818449
 1.441200 0.171600 21.775298 99.259600 -273.870914
 1.452000 0.171600 22.895314 107.530175 -274.125451
 1.462800 0.171600 24.108397 116.306973 -274.847838
 1.473600 0.171600 25.420755 125.723151 -275.771204
 1.484400 0.171600 26.841262 136.177664 -276.031051
 1.495200 0.171600 28.384444 148.239136 -274.806218
 1.506000 0.171600 30.071884 162.571690 -272.198376
 1.516800 0.171600 31.935650 180.519796 -269.410758
 1.527600 0.171600 34.027515 204.262631 -268.214865
 1.538400 0.171600 36.423705 235.611682 -269.663882
 1.549200 0.171600 39.219065 274.487620 -273.850827
 1.560000 0.171600 42.504407 319.792737 -280.841780

 0.480000 0.176800 67.070202 -382.876834 -399.171961
 0.490800 0.176800 63.066557 -342.773215 -390.640532
 0.501600 0.176800 59.513201 -307.568723 -381.957626
 0.512400 0.176800 56.328404 -277.820305 -372.676126
 0.523200 0.176800 53.456234 -251.909607 -363.031265
 0.534000 0.176800 50.857486 -228.181344 -354.189162
 0.544800 0.176800 48.512288 -205.400630 -347.043986
 0.555600 0.176800 46.413446 -182.906763 -341.719554
 0.566400 0.176800 44.557834 -160.576348 -337.700015
 0.577200 0.176800 42.942719 -138.487852 -334.398002
 0.588000 0.176800 41.565101 -116.613095 -331.607791
 0.598800 0.176800 40.424212 -94.570250 -329.433324
 0.609600 0.176800 39.525224 -71.722112 -327.986224
 0.620400 0.176800 38.879355 -47.683084 -327.210741
 0.631200 0.176800 38.498685 -22.711710 -326.915505
 0.642000 0.176800 38.389270 2.391328 -326.878473
 0.652800 0.176800 38.547605 26.738066 -326.964024
 0.663600 0.176800 38.961978 49.725873 -327.260397
 0.674400 0.176800 39.615605 70.946506 -328.171217
 0.685200 0.176800 40.485941 89.613741 -330.371522
 0.696000 0.176800 41.537684 104.128534 -334.616371
 0.706800 0.176800 42.716030 112.561082 -341.401743
 0.717600 0.176800 43.949605 114.077234 -350.362826
 0.728400 0.176800 45.167585 109.584338 -359.718351
 0.739200 0.176800 46.317212 101.725219 -366.807825
 0.750000 0.176800 47.381086 94.040243 -369.884766
 0.760800 0.176800 48.379212 90.162568 -369.718127
 0.771600 0.176800 49.360188 91.037767 -368.924648
 0.782400 0.176800 50.368155 94.704143 -370.086043
 0.793200 0.176800 51.408770 95.825660 -376.339808
 0.804000 0.176800 52.391570 80.721790 -395.774671
 0.814800 0.176800 53.004714 23.077349 -443.389851
 0.825600 0.176800 52.749469 -71.455406 -511.029327
 0.836400 0.176800 51.596310 -132.448916 -554.846095
 0.847200 0.176800 50.073919 -143.372326 -570.538337
 0.858000 0.176800 48.582615 -130.557932 -575.611450
 0.868800 0.176800 47.280401 -110.011424 -577.693895
 0.879600 0.176800 46.209783 -88.347171 -578.521023
 0.890400 0.176800 45.366409 -68.144969 -578.499620
 0.901200 0.176800 44.730953 -49.794327 -577.880126
 0.912000 0.176800 44.286320 -32.695129 -576.954883
 0.922800 0.176800 44.021821 -16.433138 -576.139589
 0.933600 0.176800 43.926982 -1.409325 -575.684036
 0.944400 0.176800 43.984053 11.593895 -575.010791
 0.955200 0.176800 44.170062 22.573160 -572.549627
 0.966000 0.176800 44.468449 32.600628 -566.523809
 0.976800 0.176800 44.870070 41.293572 -554.161123
 0.987600 0.176800 45.320546 38.597250 -521.885103
 0.998400 0.176800 45.519608 -13.668742 -418.667672
 1.009200 0.176800 44.705156 -140.356842 -211.082596
 1.020000 0.176800 42.614643 -227.611673 -56.291554
 1.030800 0.176800 40.029367 -240.770148 -3.259772
 1.041600 0.176800 37.481740 -227.494510 12.168457
 1.052400 0.176800 35.122990 -207.982621 17.517762
 1.063200 0.176800 32.986595 -187.032323 18.817280
 1.074000 0.176800 31.078912 -165.925640 16.874110
 1.084800 0.176800 29.395918 -145.646272 11.305719
 1.095600 0.176800 27.921832 -127.576382 1.247295
 1.106400 0.176800 26.620772 -113.992576 -15.303548
 1.117200 0.176800 25.430558 -107.510450 -41.815291
 1.128000 0.176800 24.264518 -109.366261 -81.404431
 1.138800 0.176800 23.046793 -116.166969 -131.268073
 1.149600 0.176800 21.758876 -121.344901 -181.443658
 1.160400 0.176800 20.445461 -120.662021 -222.095612
 1.171200 0.176800 19.172453 -114.155645 -249.728863
 1.182000 0.176800 17.993553 -103.537661 -266.086512
 1.192800 0.176800 16.945179 -90.208909 -275.086468
 1.203600 0.176800 16.050689 -75.225706 -280.588877
 1.214400 0.176800 15.321980 -59.731087 -284.914864
 1.225200 0.176800 14.757364 -45.056786 -288.339807
 1.236000 0.176800 14.342388 -32.082802 -289.728396
 1.246800 0.176800 14.059138 -20.530084 -287.872697
 1.257600 0.176800 13.896894 -9.588045 -282.632467
 1.268400 0.176800 13.849348 0.541142 -275.022040
 1.279200 0.176800 13.900848 8.489951 -266.404708
 1.290000 0.176800 14.021320 13.246460 -257.873465
 1.300800 0.176800 14.177385 15.245751 -250.355028
 1.311600 0.176800 14.346373 15.859486 -244.895576
 1.322400 0.176800 14.520095 16.255496 -242.385132
 1.333200 0.176800 14.699939 17.054975 -242.986612
 1.344000 0.176800 14.893191 18.831596 -246.068391
 1.354800 0.176800 15.114932 22.509856 -250.499840
 1.365600 0.176800 15.390954 28.985136 -255.056059
 1.376400 0.176800 15.753321 38.428031 -258.763636
 1.387200 0.176800 16.229815 49.856473 -261.189585
 1.398000 0.176800 16.833667 61.738176 -262.475381
 1.408800 0.176800 17.562438 72.799653 -263.091823
 1.419600 0.176800 18.404045 82.559196 -263.385248
 1.430400 0.176800 19.345338 91.250487 -263.302824
 1.441200 0.176800 20.377900 99.454797 -262.677928
 1.452000 0.176800 21.499803 107.643993 -261.697009
 1.462800 0.176800 22.713052 116.222420 -260.884156
 1.473600 0.176800 24.024141 125.626883 -260.411147
 1.484400 0.176800 25.445585 136.510710 -259.764707
 1.495200 0.176800 26.996194 149.268854 -258.126948
 1.506000 0.176800 28.697634 164.060765 -255.340305
 1.516800 0.176800 30.576911 181.747217 -252.078278
 1.527600 0.176800 32.677561 204.557800 -249.646813
 1.538400 0.176800 35.070644 234.636024 -248.958120
 1.549200 0.176800 37.850128 272.268284 -250.284443
 1.560000 0.176800 41.106843 316.712195 -253.604751

 0.480000 0.182000 65.081409 -380.205384 -364.926146
 0.490800 0.182000 61.117283 -339.792568 -357.913301
 0.501600 0.182000 57.601982 -304.216412 -351.614597
 0.512400 0.182000 54.457061 -274.148839 -345.302521
 0.523200 0.182000 51.626210 -248.189985 -338.907836
 0.534000 0.182000 49.066502 -224.822816 -332.707632
 0.544800 0.182000 46.754645 -202.645178 -327.076749
 0.555600 0.182000 44.682453 -180.724423 -322.228625
 0.566400 0.182000 42.848011 -158.813748 -318.188656
 0.577200 0.182000 41.250206 -137.038307 -314.916573
 0.588000 0.182000 39.886601 -115.472228 -312.396577
 0.598800 0.182000 38.756233 -93.765354 -310.591636
 0.609600 0.182000 37.864127 -71.248078 -309.434515
 0.620400 0.182000 37.221767 -47.498255 -308.874154
 0.631200 0.182000 36.841792 -22.757486 -308.898043
 0.642000 0.182000 36.730898 2.170338 -309.497178
 0.652800 0.182000 36.885982 26.350996 -310.656869
 0.663600 0.182000 37.294911 49.078165 -312.432168
 0.674400 0.182000 37.939225 69.826685 -315.028729
 0.685200 0.182000 38.793724 87.759341 -318.763057
 0.696000 0.182000 39.820522 101.348587 -323.875620
 0.706800 0.182000 40.963922 108.926158 -330.265125
 0.717600 0.182000 42.155631 110.133222 -337.199627
 0.728400 0.182000 43.333350 106.309816 -343.244835
 0.739200 0.182000 44.455019 100.017875 -346.909641
 0.750000 0.182000 45.508780 93.917284 -347.700466
 0.760800 0.182000 46.509425 90.640257 -346.789585
 0.771600 0.182000 47.492725 90.853660 -346.501868
 0.782400 0.182000 48.489301 92.545928 -349.441840
 0.793200 0.182000 49.485153 89.023868 -359.785695
 0.804000 0.182000 50.341202 62.689302 -387.159959
 0.814800 0.182000 50.672087 -10.040774 -442.682158
 0.825600 0.182000 50.059497 -99.808219 -505.040319
 0.836400 0.182000 48.693735 -144.028981 -539.000200
 0.847200 0.182000 47.098609 -146.669488 -550.299018
 0.858000 0.182000 45.588286 -131.271576 -552.899972
 0.868800 0.182000 44.283567 -109.900684 -552.622190
 0.879600 0.182000 43.215669 -88.024331 -551.560361
 0.890400 0.182000 42.375247 -67.966658 -550.825047
 0.901200 0.182000 41.740146 -49.909804 -550.993823
 0.912000 0.182000 41.293049 -33.002164 -551.957774
 0.922800 0.182000 41.025336 -16.668966 -553.039688
 0.933600 0.182000 40.929962 -1.198385 -553.333711
 0.944400 0.182000 40.993986 12.759991 -551.891468
 0.955200 0.182000 41.199923 25.140095 -547.935733
 0.966000 0.182000 41.534415 36.711863 -541.377820
 0.976800 0.182000 41.992390 47.956039 -532.574177
 0.987600 0.182000 42.559084 55.720336 -518.277806
 0.998400 0.182000 43.122948 42.486860 -476.350401
 1.009200 0.182000 43.224306 -37.300971 -344.943868
 1.020000 0.182000 42.105222 -163.738461 -146.036806
 1.030800 0.182000 39.940769 -220.921773 -36.451769
 1.041600 0.182000 37.512741 -222.066717 -4.506735
 1.052400 0.182000 35.186681 -206.610389 2.678057
 1.063200 0.182000 33.053840 -187.536162 2.358956
 1.074000 0.182000 31.130541 -168.233102 -2.080921
 1.084800 0.182000 29.409390 -150.369719 -11.554117
 1.095600 0.182000 27.866014 -135.701401 -28.528157
 1.106400 0.182000 26.451048 -126.985076 -55.871181
 1.117200 0.182000 25.087045 -126.600979 -95.184114
 1.128000 0.182000 23.684033 -133.490737 -143.972546
 1.138800 0.182000 22.197530 -140.807530 -193.833686
 1.149600 0.182000 20.662728 -141.780692 -235.871886
 1.160400 0.182000 19.160841 -135.047093 -266.472092
 1.171200 0.182000 17.763204 -123.043551 -286.477896
 1.182000 0.182000 16.511316 -108.454195 -298.294014
 1.192800 0.182000 15.423425 -92.888026 -304.744515
 1.203600 0.182000 14.505610 -77.033382 -308.489686
 1.214400 0.182000 13.759318 -61.185216 -311.142055
 1.225200 0.182000 13.182233 -45.800183 -312.669655
 1.236000 0.182000 12.766330 -31.403716 -311.836608
 1.246800 0.182000 12.499914 -18.096780 -307.561941
 1.257600 0.182000 12.371967 -5.783200 -300.097569
 1.268400 0.182000 12.369529 4.964705 -290.895943
 1.279200 0.182000 12.469291 12.927107 -281.471049
 1.290000 0.182000 12.636117 17.341443 -272.667069
 1.300800 0.182000 12.833093 18.657896 -264.902524
 1.311600 0.182000 13.033537 18.206335 -258.608012
 1.322400 0.182000 13.225893 17.341938 -254.136485
 1.333200 0.182000 13.411145 16.995575 -251.513730
 1.344000 0.182000 13.599139 17.975879 -250.470634
 1.354800 0.182000 13.809343 21.293840 -250.505336
 1.365600 0.182000 14.072224 27.820204 -251.042749
 1.376400 0.182000 14.423548 37.571166 -251.617002
 1.387200 0.182000 14.892724 49.353071 -252.035033
 1.398000 0.182000 15.492475 61.456996 -252.360544
 1.408800 0.182000 16.218668 72.596370 -252.779775
 1.419600 0.182000 17.058476 82.465877 -253.226502
 1.430400 0.182000 18.000220 91.471855 -253.185904
 1.441200 0.182000 19.037422 100.086344 -252.089013
 1.452000 0.182000 20.167502 108.461354 -250.005403
 1.462800 0.182000 21.389133 116.914312 -247.675295
 1.473600 0.182000 22.706817 126.164408 -245.665572
 1.484400 0.182000 24.134749 137.226240 -243.828013
 1.495200 0.182000 25.695784 150.456451 -241.442111
 1.506000 0.182000 27.413052 165.734344 -238.140485
 1.516800 0.182000 29.311740 183.536434 -233.990294
 1.527600 0.182000 31.430470 205.989705 -229.586751
 1.538400 0.182000 33.836073 235.347176 -225.640911
 1.549200 0.182000 36.620439 272.129241 -222.655361
 1.560000 0.182000 39.874119 315.832383 -220.788253

 0.480000 0.187200 63.223022 -375.971421 -347.587812
 0.490800 0.187200 59.306154 -336.282355 -337.235891
 0.501600 0.187200 55.828474 -301.223150 -329.348516
 0.512400 0.187200 52.716344 -271.390845 -323.067401
 0.523200 0.187200 49.915364 -245.552104 -317.870310
 0.534000 0.187200 47.383949 -222.288591 -313.086951
 0.544800 0.187200 45.098916 -200.264686 -308.355046
 0.555600 0.187200 43.051258 -178.598806 -303.780688
 0.566400 0.187200 41.237865 -157.060584 -299.774054
 0.577200 0.187200 39.656674 -135.717648 -296.707264
 0.588000 0.187200 38.305113 -114.549035 -294.629994
 0.598800 0.187200 37.182975 -93.149559 -293.287980
 0.609600 0.187200 36.296123 -70.889241 -292.438045
 0.620400 0.187200 35.656129 -47.429940 -292.109546
 0.631200 0.187200 35.274997 -23.050888 -292.561181
 0.642000 0.187200 35.158787 1.477941 -294.032510
 0.652800 0.187200 35.304278 25.270372 -296.557384
 0.663600 0.187200 35.699500 47.618326 -299.984632
 0.674400 0.187200 36.325852 67.950711 -304.135050
 0.685200 0.187200 37.157575 85.413497 -308.903024
 0.696000 0.187200 38.156532 98.562068 -314.184629
 0.706800 0.187200 39.268314 105.936290 -319.681956
 0.717600 0.187200 40.428596 107.453496 -324.713506
 0.728400 0.187200 41.581651 104.580544 -328.232297
 0.739200 0.187200 42.691309 99.609787 -329.389123
 0.750000 0.187200 43.746048 94.469925 -328.406010
 0.760800 0.187200 44.752924 91.086939 -326.973419
 0.771600 0.187200 45.734499 89.898199 -327.781898
 0.782400 0.187200 46.706213 88.580389 -333.950205
 0.793200 0.187200 47.629660 78.845645 -350.299199
 0.804000 0.187200 48.315245 40.424956 -385.655391
 0.814800 0.187200 48.340038 -41.907391 -442.767254
 0.825600 0.187200 47.422372 -121.450639 -493.843938
 0.836400 0.187200 45.902221 -152.084854 -518.274044
 0.847200 0.187200 44.257970 -148.698689 -525.920857
 0.858000 0.187200 42.738556 -131.302260 -526.952370
 0.868800 0.187200 41.436867 -109.460705 -525.923117
 0.879600 0.187200 40.372960 -87.804148 -524.981015
 0.890400 0.187200 39.532127 -68.290511 -525.243635
 0.901200 0.187200 38.890527 -50.754546 -527.000243
 0.912000 0.187200 38.432997 -34.009597 -529.646687
 0.922800 0.187200 38.155832 -17.325076 -531.914487
 0.933600 0.187200 38.057490 -1.018423 -532.442151
 0.944400 0.187200 38.129747 14.153606 -530.305378
 0.955200 0.187200 38.358095 27.884265 -525.325301
 0.966000 0.187200 38.728467 40.524516 -518.215193
 0.976800 0.187200 39.231839 52.546339 -510.263302
 0.987600 0.187200 39.859909 63.249900 -501.539060
 0.998400 0.187200 40.572352 66.044427 -484.504186
 1.009200 0.187200 41.163287 33.760413 -425.319410
 1.020000 0.187200 41.005091 -73.309672 -272.451914
 1.030800 0.187200 39.561374 -180.840514 -115.996719
 1.041600 0.187200 37.371089 -212.704017 -56.345965
 1.052400 0.187200 35.086474 -206.373958 -47.725265
 1.063200 0.187200 32.936926 -190.247747 -54.392450
 1.074000 0.187200 30.972144 -173.050591 -66.291148
 1.084800 0.187200 29.181918 -158.326937 -83.291164
 1.095600 0.187200 27.527947 -148.112830 -107.947502
 1.106400 0.187200 25.950203 -144.332533 -141.053037
 1.117200 0.187200 24.375539 -147.607650 -179.364846
 1.128000 0.187200 22.738850 -154.938411 -216.996382
 1.138800 0.187200 21.034094 -159.250600 -249.031350
 1.149600 0.187200 19.323704 -155.743283 -273.957269
 1.160400 0.187200 17.694518 -144.739512 -292.385503
 1.171200 0.187200 16.211981 -129.205311 -305.194261
 1.182000 0.187200 14.908631 -111.989536 -313.305106
 1.192800 0.187200 13.792131 -94.822202 -317.976865
 1.203600 0.187200 12.858022 -78.224210 -320.598353
 1.214400 0.187200 12.101242 -61.928130 -322.049689
 1.225200 0.187200 11.519916 -45.746775 -322.222420
 1.236000 0.187200 11.111560 -29.981236 -320.288707
 1.246800 0.187200 10.868940 -15.143787 -315.664984
 1.257600 0.187200 10.779136 -1.796873 -308.818836
 1.268400 0.187200 10.821831 9.218123 -301.060797
 1.279200 0.187200 10.966512 16.941317 -293.576177
 1.290000 0.187200 11.174697 20.979011 -286.779981
 1.300800 0.187200 11.408968 21.921450 -280.455731
 1.311600 0.187200 11.642664 21.087364 -274.182823
 1.322400 0.187200 11.864044 19.812084 -267.701256
 1.333200 0.187200 12.073579 18.987788 -261.198374
 1.344000 0.187200 12.280311 19.441887 -255.251939
 1.354800 0.187200 12.503779 22.289056 -250.323392
 1.365600 0.187200 12.775575 28.485002 -246.538176
 1.376400 0.187200 13.132790 37.997667 -243.834749
 1.387200 0.187200 13.605418 49.562211 -242.175059
 1.398000 0.187200 14.206187 61.424943 -241.495812
 1.408800 0.187200 14.930881 72.370573 -241.643549
 1.419600 0.187200 15.768163 82.285625 -242.127483
 1.430400 0.187200 16.709999 91.730292 -242.109514
 1.441200 0.187200 17.753487 100.987468 -240.846433
 1.452000 0.187200 18.895941 109.780808 -238.324634
 1.462800 0.187200 20.132208 118.243379 -235.215744
 1.473600 0.187200 21.463527 127.336862 -232.131681
 1.484400 0.187200 22.904191 138.440674 -229.147457
 1.495200 0.187200 24.480092 151.938892 -225.855497
 1.506000 0.187200 26.216031 167.625112 -222.053275
 1.516800 0.187200 28.137473 185.748107 -217.668473
 1.527600 0.187200 30.281229 208.242327 -212.888023
 1.538400 0.187200 32.710911 237.302956 -208.258754
 1.549200 0.187200 35.515597 273.507793 -204.320932
 1.560000 0.187200 38.784540 316.481314 -201.386119

 0.480000 0.192400 61.436384 -369.467822 -338.187746
 0.490800 0.192400 57.585858 -331.282224 -323.292117
 0.501600 0.192400 54.157300 -297.552917 -312.396028
 0.512400 0.192400 51.081486 -268.632760 -304.705811
 0.523200 0.192400 48.307812 -243.293367 -299.332233
 0.534000 0.192400 45.800101 -220.144821 -294.945674
 0.544800 0.192400 43.538632 -198.082372 -290.635252
 0.555600 0.192400 41.514224 -176.537603 -286.358481
 0.566400 0.192400 39.721150 -155.403112 -282.657035
 0.577200 0.192400 38.154957 -134.597806 -280.020391
 0.588000 0.192400 36.812989 -113.859221 -278.410287
 0.598800 0.192400 35.696856 -92.702191 -277.406313
 0.609600 0.192400 34.813819 -70.640514 -276.752171
 0.620400 0.192400 34.174828 -47.527535 -276.672694
 0.631200 0.192400 33.789852 -23.691854 -277.671616
 0.642000 0.192400 33.663345 0.213484 -280.093246
 0.652800 0.192400 33.792153 23.471310 -283.852971
 0.663600 0.192400 34.165866 45.465069 -288.502723
 0.674400 0.192400 34.767775 65.598153 -293.522078
 0.685200 0.192400 35.573402 82.946993 -298.566384
 0.696000 0.192400 36.545402 96.061752 -303.482909
 0.706800 0.192400 37.630652 103.588668 -308.115301
 0.717600 0.192400 38.767727 105.622571 -312.047872
 0.728400 0.192400 39.905503 103.702229 -314.526840
 0.739200 0.192400 41.011407 99.816352 -314.943770
 0.750000 0.192400 42.071640 95.175887 -313.871511
 0.760800 0.192400 43.083031 91.001560 -313.497379
 0.771600 0.192400 44.052481 87.492359 -317.094386
 0.782400 0.192400 44.977777 82.073463 -328.186218
 0.793200 0.192400 45.795846 65.262487 -351.062933
 0.804000 0.192400 46.278839 16.437502 -390.985103
 0.814800 0.192400 46.012816 -68.844415 -442.224526
 0.825600 0.192400 44.859604 -136.852357 -479.750548
 0.836400 0.192400 43.232780 -157.479062 -495.712126
 0.847200 0.192400 41.557364 -149.739325 -499.916638
 0.858000 0.192400 40.036380 -130.855926 -499.626461
 0.868800 0.192400 38.740947 -108.906762 -498.479573
 0.879600 0.192400 37.680195 -87.849281 -498.342504
 0.890400 0.192400 36.834392 -69.167965 -499.911584
 0.901200 0.192400 36.179569 -52.256395 -502.956049
 0.912000 0.192400 35.704917 -35.562193 -506.539852
 0.922800 0.192400 35.413955 -18.211186 -509.335643
 0.933600 0.192400 35.312402 -0.652962 -510.065420
 0.944400 0.192400 35.396669 16.017014 -507.954913
 0.955200 0.192400 35.652499 31.032158 -503.052439
 0.966000 0.192400 36.061005 44.300157 -496.278723
 0.976800 0.192400 36.605066 56.202033 -489.076070
 0.987600 0.192400 37.272407 67.083606 -482.434553
 0.998400 0.192400 38.045751 74.970603 -474.211955
 1.009200 0.192400 38.839270 66.908272 -450.521473
 1.020000 0.192400 39.287523 3.410468 -370.072582
 1.030800 0.192400 38.655832 -121.191199 -228.975860
 1.041600 0.192400 36.850108 -197.504758 -145.820259
 1.052400 0.192400 34.612977 -209.119328 -136.616695
 1.063200 0.192400 32.399692 -197.910047 -154.393030
 1.074000 0.192400 30.341763 -182.252149 -177.852769
 1.084800 0.192400 28.442488 -169.174575 -201.565189
 1.095600 0.192400 26.658657 -161.011637 -224.585902
 1.106400 0.192400 24.932506 -158.340227 -245.835823
 1.117200 0.192400 23.208125 -160.791334 -263.302902
 1.128000 0.192400 21.439536 -165.962718 -276.352560
 1.138800 0.192400 19.627676 -168.077868 -286.584450
 1.149600 0.192400 17.831698 -162.791964 -295.659027
 1.160400 0.192400 16.135116 -150.159027 -303.742648
 1.171200 0.192400 14.602810 -133.014122 -310.243778
 1.182000 0.192400 13.266285 -114.379259 -314.835871
 1.192800 0.192400 12.129942 -96.179379 -317.656739
 1.203600 0.192400 11.184976 -78.928909 -319.074130
 1.214400 0.192400 10.423331 -62.120692 -319.409980
 1.225200 0.192400 9.843363 -45.256023 -318.715832
 1.236000 0.192400 9.445243 -28.546379 -316.804345
 1.246800 0.192400 9.223342 -12.780232 -313.615404
 1.257600 0.192400 9.162359 1.086604 -309.551673
 1.268400 0.192400 9.236615 12.106602 -305.319913
 1.279200 0.192400 9.411209 19.580557 -301.402003
 1.290000 0.192400 9.646928 23.476806 -297.679840
 1.300800 0.192400 9.908929 24.619407 -293.436206
 1.311600 0.192400 10.174522 24.330932 -287.648895
 1.322400 0.192400 10.434498 23.677040 -279.647502
 1.333200 0.192400 10.687876 23.138318 -269.737691
 1.344000 0.192400 10.938630 23.349803 -259.166986
 1.354800 0.192400 11.201252 25.571531 -249.347387
 1.365600 0.192400 11.504534 31.003767 -241.237560
 1.376400 0.192400 11.884705 39.710957 -235.258612
 1.387200 0.192400 12.371666 50.503728 -231.496669
 1.398000 0.192400 12.979056 61.720035 -229.661602
 1.408800 0.192400 13.704623 72.281367 -229.141191
 1.419600 0.192400 14.540587 82.195470 -229.077718
 1.430400 0.192400 15.483412 92.049462 -228.640022
 1.441200 0.192400 16.533638 101.907623 -227.316078
 1.452000 0.192400 17.688748 111.161739 -225.072083
 1.462800 0.192400 18.941124 119.804835 -222.142596
 1.473600 0.192400 20.289706 128.937875 -218.741301
 1.484400 0.192400 21.748157 140.117038 -215.008309
 1.495200 0.192400 23.343122 153.700037 -211.077557
 1.506000 0.192400 25.099216 169.475633 -207.248094
 1.516800 0.192400 27.041437 187.623618 -203.830667
 1.527600 0.192400 29.205562 209.925580 -201.104315
 1.538400 0.192400 31.652472 238.534679 -199.591603
 1.549200 0.192400 34.468604 274.055730 -199.765448
 1.560000 0.192400 37.741812 316.201740 -201.789737

 0.480000 0.197600 59.694565 -360.622382 -329.068861
 0.490800 0.197600 55.932980 -324.501916 -310.494518
 0.501600 0.197600 52.569269 -292.771738 -296.940506
 0.512400 0.197600 49.538186 -265.381569 -287.709526
 0.523200 0.197600 46.794497 -240.963943 -281.675488
 0.534000 0.197600 44.309898 -218.130043 -277.227016
 0.544800 0.197600 42.070166 -196.092911 -273.238677
 0.555600 0.197600 40.066718 -174.707171 -269.544918
 0.566400 0.197600 38.291260 -154.013055 -266.558049
 0.577200 0.197600 36.737161 -133.734574 -264.578231
 0.588000 0.197600 35.402414 -113.342306 -263.384323
 0.598800 0.197600 34.290954 -92.335889 -262.531866
 0.609600 0.197600 33.410992 -70.467488 -261.945753
 0.620400 0.197600 32.771693 -47.807320 -262.091778
 0.631200 0.197600 32.380075 -24.668664 -263.572967
 0.642000 0.197600 32.239003 -1.489851 -266.619521
 0.652800 0.197600 32.346342 21.246740 -270.917878
 0.663600 0.197600 32.694574 43.018721 -275.842621
 0.674400 0.197600 33.269919 63.151642 -280.851521
 0.685200 0.197600 34.049506 80.577588 -285.722151
 0.696000 0.197600 34.996333 93.780920 -290.484339
 0.706800 0.197600 36.057633 101.483750 -295.132451
 0.717600 0.197600 37.173835 103.960931 -299.332074
 0.728400 0.197600 38.297446 102.842994 -302.417968
 0.739200 0.197600 39.398518 99.763440 -303.974758
 0.750000 0.197600 40.459076 95.138140 -304.985614
 0.760800 0.197600 41.463108 89.423087 -308.098861
 0.771600 0.197600 42.399535 82.713250 -316.788349
 0.782400 0.197600 43.248890 72.608266 -333.921077
 0.793200 0.197600 43.930904 49.320487 -361.553908
 0.804000 0.197600 44.202621 -6.073983 -400.255047
 0.814800 0.197600 43.693442 -88.990364 -440.358482
 0.825600 0.197600 42.377629 -146.599298 -464.796328
 0.836400 0.197600 40.687644 -160.270530 -473.267246
 0.847200 0.197600 38.999624 -149.759229 -474.114350
 0.858000 0.197600 37.482973 -130.277775 -472.804860
 0.868800 0.197600 36.191713 -108.826461 -472.189568
 0.879600 0.197600 35.127137 -88.650387 -473.424926
 0.890400 0.197600 34.268414 -70.702584 -476.329719
 0.901200 0.197600 33.595013 -54.074210 -479.953670
 0.912000 0.197600 33.101638 -37.122118 -483.256490
 0.922800 0.197600 32.797492 -19.020096 -485.478856
 0.933600 0.197600 32.692906 -0.365606 -486.141773
 0.944400 0.197600 32.786789 17.501923 -484.978775
 0.955200 0.197600 33.064361 33.516275 -481.987950
 0.966000 0.197600 33.503145 47.335435 -477.500148
 0.976800 0.197600 34.080588 59.265336 -472.144609
 0.987600 0.197600 34.780015 69.986032 -466.646883
 0.998400 0.197600 35.589196 79.201462 -460.905669
 1.009200 0.197600 36.465959 80.235098 -450.456058
 1.020000 0.197600 37.196821 45.415271 -416.137266
 1.030800 0.197600 37.147714 -64.847876 -332.970003
 1.041600 0.197600 35.772353 -177.220407 -256.570426
 1.052400 0.197600 33.596988 -213.816000 -243.928058
 1.063200 0.197600 31.281179 -210.077196 -265.245426
 1.074000 0.197600 29.086732 -194.566917 -292.904645
 1.084800 0.197600 27.066370 -178.895612 -314.403377
 1.095600 0.197600 25.195426 -167.320649 -324.704247
 1.106400 0.197600 23.418184 -161.538866 -324.507136
 1.117200 0.197600 21.671363 -161.930100 -318.124503
 1.128000 0.197600 19.894689 -166.547722 -310.760671
 1.138800 0.197600 18.074065 -169.198497 -305.897239
 1.149600 0.197600 16.262404 -164.505071 -304.074714
 1.160400 0.197600 14.546261 -151.982349 -304.123776
 1.171200 0.197600 12.995540 -134.558538 -304.940239
 1.182000 0.197600 11.644689 -115.474074 -305.886811
 1.192800 0.197600 10.499179 -96.781571 -306.532178
 1.203600 0.197600 9.550248 -79.074321 -306.592363
 1.214400 0.197600 8.789092 -61.901588 -306.099200
 1.225200 0.197600 8.213086 -44.750698 -305.373931
 1.236000 0.197600 7.821782 -27.796608 -304.776046
 1.246800 0.197600 7.609001 -11.859074 -304.502253
 1.257600 0.197600 7.558334 2.054545 -304.538254
 1.268400 0.197600 7.642888 13.042750 -304.659875
 1.279200 0.197600 7.827675 20.560450 -304.471359
 1.290000 0.197600 8.075397 24.780870 -303.423073
 1.300800 0.197600 8.355339 26.724776 -300.725054
 1.311600 0.197600 8.650253 27.711330 -295.384608
 1.322400 0.197600 8.954535 28.469142 -286.710333
 1.333200 0.197600 9.265780 28.938683 -274.875270
 1.344000 0.197600 9.581184 29.366476 -261.111266
 1.354800 0.197600 9.906387 31.009559 -247.301978
 1.365600 0.197600 10.262953 35.350666 -235.225872
 1.376400 0.197600 10.683135 42.728704 -225.998740
 1.387200 0.197600 11.195744 52.242340 -219.981034
 1.398000 0.197600 11.816524 62.504451 -216.681557
 1.408800 0.197600 12.547776 72.610796 -214.988386
 1.419600 0.197600 13.387015 82.512005 -213.753591
 1.430400 0.197600 14.334488 92.592475 -212.375068
 1.441200 0.197600 15.392234 102.738545 -210.796104
 1.452000 0.197600 16.557893 112.289810 -208.983900
 1.462800 0.197600 17.824145 121.253221 -206.590837
 1.473600 0.197600 19.190288 130.703743 -203.273541
 1.484400 0.197600 20.669236 142.065898 -199.184932
 1.495200 0.197600 22.285422 155.567558 -195.025910
 1.506000 0.197600 24.060603 170.986744 -191.552471
 1.516800 0.197600 26.016931 188.569655 -189.497592
 1.527600 0.197600 28.188101 210.054236 -189.344453
 1.538400 0.197600 30.632369 237.659625 -191.538073
 1.549200 0.197600 33.433885 272.188421 -196.482654
 1.560000 0.197600 36.680955 313.454185 -203.788255

 0.480000 0.202800 58.017049 -350.724080 -314.138343
 0.490800 0.202800 54.355920 -316.761720 -294.558058
 0.501600 0.202800 51.065886 -287.304999 -280.108224
 0.512400 0.202800 48.084932 -261.747252 -270.252396
 0.523200 0.202800 45.373898 -238.492260 -263.811604
 0.534000 0.202800 42.912731 -216.186754 -259.271334
 0.544800 0.202800 40.692838 -194.373210 -255.635859
 0.555600 0.202800 38.706631 -173.276097 -252.706117
 0.566400 0.202800 36.944352 -153.019091 -250.629803
 0.577200 0.202800 35.398710 -133.132467 -249.358321
 0.588000 0.202800 34.069318 -112.914475 -248.499650
 0.598800 0.202800 32.962156 -91.971017 -247.720657
 0.609600 0.202800 32.085134 -70.336715 -247.200242
 0.620400 0.202800 31.444524 -48.231290 -247.553673
 0.631200 0.202800 31.044354 -25.837554 -249.294596
 0.642000 0.202800 30.886910 -3.316682 -252.407213
 0.652800 0.202800 30.972199 19.042679 -256.408357
 0.663600 0.202800 31.295864 40.707708 -260.763277
 0.674400 0.202800 31.846239 60.842681 -265.256819
 0.685200 0.202800 32.600715 78.225227 -270.034308
 0.696000 0.202800 33.521569 91.330214 -275.319049
 0.706800 0.202800 34.556071 99.025680 -281.038137
 0.717600 0.202800 35.646702 101.771866 -286.679183
 0.728400 0.202800 36.749233 101.203193 -291.651296
 0.739200 0.202800 37.834763 98.472737 -296.009310
 0.750000 0.202800 38.878681 93.195252 -301.314369
 0.760800 0.202800 39.850704 85.230166 -310.283052
 0.771600 0.202800 40.723441 75.008451 -325.472574
 0.782400 0.202800 41.467554 60.898291 -347.578699
 0.793200 0.202800 42.000117 33.522164 -375.611432
 0.804000 0.202800 42.084733 -24.031316 -407.128302
 0.814800 0.202800 41.399729 -102.158344 -434.085645
 0.825600 0.202800 39.985736 -151.832434 -447.797991
 0.836400 0.202800 38.266760 -161.024981 -450.865579
 0.847200 0.202800 36.580364 -149.057099 -449.578135
 0.858000 0.202800 35.071304 -129.757125 -447.980851
 0.868800 0.202800 33.780972 -109.229957 -448.105377
 0.879600 0.202800 32.706814 -89.963500 -450.322745
 0.890400 0.202800 31.831307 -72.386079 -453.644675
 0.901200 0.202800 31.140594 -55.511786 -456.576812
 0.912000 0.202800 30.634635 -37.993436 -458.183489
 0.922800 0.202800 30.324210 -19.328571 -458.541968
 0.933600 0.202800 30.218811 -0.223970 -458.314782
 0.944400 0.202800 30.316415 18.051427 -458.011828
 0.955200 0.202800 30.602363 34.533999 -457.575192
 0.966000 0.202800 31.055050 48.903091 -456.454198
 0.976800 0.202800 31.652314 61.342408 -454.066171
 0.987600 0.202800 32.375891 72.326609 -450.394905
 0.998400 0.202800 33.211448 81.812513 -446.109738
 1.009200 0.202800 34.125807 85.276279 -441.294743
 1.020000 0.202800 34.961486 61.707905 -431.541706
 1.030800 0.202800 35.183554 -32.800829 -405.253968
 1.041600 0.202800 34.113584 -157.954328 -366.261851
 1.052400 0.202800 32.025731 -215.082173 -347.961948
 1.063200 0.202800 29.639154 -220.015887 -354.553178
 1.074000 0.202800 27.332881 -204.306016 -369.995788
 1.084800 0.202800 25.231895 -183.628079 -379.858548
 1.095600 0.202800 23.344762 -165.787647 -376.954820
 1.106400 0.202800 21.611523 -155.543177 -362.075378
 1.117200 0.202800 19.939444 -154.722655 -341.596410
 1.128000 0.202800 18.234712 -160.771614 -322.728247
 1.138800 0.202800 16.464595 -165.611068 -309.119543
 1.149600 0.202800 14.682350 -162.517861 -300.288284
 1.160400 0.202800 12.982227 -150.927210 -294.583010
 1.171200 0.202800 11.439570 -134.076607 -291.034601
 1.182000 0.202800 10.092033 -115.294911 -289.043242
 1.192800 0.202800 8.948059 -96.635335 -287.937967
 1.203600 0.202800 8.001233 -78.829756 -287.169808
 1.214400 0.202800 7.242797 -61.681022 -286.729117
 1.225200 0.202800 6.667842 -44.821391 -287.153231
 1.236000 0.202800 6.273257 -28.348758 -289.049685
 1.246800 0.202800 6.051963 -12.855623 -292.518986
 1.257600 0.202800 5.989297 0.889839 -296.897943
 1.268400 0.202800 6.062140 12.104797 -301.001675
 1.279200 0.202800 6.239672 20.208386 -303.686620
 1.290000 0.202800 6.488153 25.326334 -304.193382
 1.300800 0.202800 6.780435 28.531324 -301.996551
 1.311600 0.202800 7.103303 31.127454 -296.592658
 1.322400 0.202800 7.453920 33.622170 -287.644850
 1.333200 0.202800 7.829234 35.558827 -275.238960
 1.344000 0.202800 8.221036 36.727800 -260.168626
 1.354800 0.202800 8.625405 38.119808 -244.095500
 1.365600 0.202800 9.053470 41.336136 -229.114412
 1.376400 0.202800 9.529929 47.078014 -216.953960
 1.387200 0.202800 10.080601 54.942466 -208.425650
 1.398000 0.202800 10.723779 64.020675 -203.109445
 1.408800 0.202800 11.468333 73.621078 -199.669333
 1.419600 0.202800 12.318137 83.461510 -196.849002
 1.430400 0.202800 13.275993 93.514019 -194.249099
 1.441200 0.202800 14.343364 103.573000 -192.098274
 1.452000 0.202800 15.518290 113.215867 -190.257042
 1.462800 0.202800 16.796549 122.594597 -187.924308
 1.473600 0.202800 18.180274 132.567913 -184.409502
 1.484400 0.202800 19.681411 144.164343 -179.943670
 1.495200 0.202800 21.319651 157.444825 -175.603628
 1.506000 0.202800 23.112349 172.188970 -172.268434
 1.516800 0.202800 25.077624 188.845672 -170.684194
 1.527600 0.202800 27.246856 209.208147 -171.200037
 1.538400 0.202800 29.676743 235.583843 -173.942772
 1.549200 0.202800 32.449435 269.159483 -179.299394
 1.560000 0.202800 35.656809 309.769349 -186.342687

 0.480000 0.208000 56.436296 -341.295863 -291.833375
 0.490800 0.208000 52.872796 -309.143575 -274.426858
 0.501600 0.208000 49.655659 -281.811966 -261.237624
 0.512400 0.208000 46.725140 -258.022093 -251.932722
 0.523200 0.208000 44.047821 -235.925256 -245.528967
 0.534000 0.208000 41.610545 -214.275436 -240.933302
 0.544800 0.208000 39.408971 -192.899048 -237.528425
 0.555600 0.208000 37.436410 -172.238811 -235.172609
 0.566400 0.208000 35.682981 -152.402495 -233.778518
 0.577200 0.208000 34.142426 -132.768033 -233.032847
 0.588000 0.208000 32.816569 -112.598899 -232.515023
 0.598800 0.208000 31.712717 -91.694761 -232.056837
 0.609600 0.208000 30.837454 -70.339695 -231.956596
 0.620400 0.208000 30.193963 -48.796746 -232.739717
 0.631200 0.208000 29.784193 -27.037635 -234.670586
 0.642000 0.208000 29.611106 -4.969849 -237.523392
 0.652800 0.208000 29.677258 17.186702 -240.839813
 0.663600 0.208000 29.980353 38.753857 -244.384869
 0.674400 0.208000 30.508699 58.688325 -248.372402
 0.685200 0.208000 31.237962 75.687295 -253.284466
 0.696000 0.208000 32.128985 88.364168 -259.411568
 0.706800 0.208000 33.129872 95.839952 -266.485504
 0.717600 0.208000 34.186201 98.674955 -273.841725
 0.728400 0.208000 35.256021 98.262934 -281.233365
 0.739200 0.208000 36.308183 95.147013 -289.479342
 0.750000 0.208000 37.308674 88.387476 -300.546411
 0.760800 0.208000 38.214919 77.818275 -316.257031
 0.771600 0.208000 38.991815 64.828054 -336.871202
 0.782400 0.208000 39.613757 48.761659 -360.395197
 0.793200 0.208000 40.008561 20.469201 -384.114478
 0.804000 0.208000 39.953634 -36.183047 -405.648971
 0.814800 0.208000 39.158401 -109.738843 -421.214129
 0.825600 0.208000 37.692373 -154.153459 -427.924662
 0.836400 0.208000 35.964930 -160.697523 -428.473175
 0.847200 0.208000 34.286281 -148.209304 -427.004266
 0.858000 0.208000 32.783559 -129.550181 -426.201060
 0.868800 0.208000 31.490044 -110.020368 -427.181150
 0.879600 0.208000 30.403301 -91.396173 -429.640297
 0.890400 0.208000 29.512247 -73.698479 -432.225871
 0.901200 0.208000 28.811053 -56.075071 -433.415592
 0.912000 0.208000 28.303629 -37.744530 -432.577400
 0.922800 0.208000 27.998304 -18.735469 -430.433062
 0.933600 0.208000 27.898514 0.145342 -428.512645
 0.944400 0.208000 27.997647 17.968152 -428.039954
 0.955200 0.208000 28.281225 34.257220 -429.087143
 0.966000 0.208000 28.732310 48.980727 -430.556721
 0.976800 0.208000 29.334404 62.195879 -430.980357
 0.987600 0.208000 30.071185 73.845202 -429.646386
 0.998400 0.208000 30.923985 83.341774 -427.370483
 1.009200 0.208000 31.851132 85.958638 -426.772426
 1.020000 0.208000 32.687590 61.135200 -433.487872
 1.030800 0.208000 32.910536 -30.525483 -452.044793
 1.041600 0.208000 31.914300 -147.408739 -457.579378
 1.052400 0.208000 29.937690 -207.187343 -436.533489
 1.063200 0.208000 27.595070 -219.634012 -417.325136
 1.074000 0.208000 25.274675 -206.348514 -409.830408
 1.084800 0.208000 23.166146 -182.462704 -404.509369
 1.095600 0.208000 21.321547 -159.229244 -392.578022
 1.106400 0.208000 19.685178 -144.831902 -371.893494
 1.117200 0.208000 18.137519 -143.126902 -346.211842
 1.128000 0.208000 16.549451 -151.166688 -321.536694
 1.138800 0.208000 14.868071 -158.780323 -301.852861
 1.149600 0.208000 13.147310 -157.855527 -287.579974
 1.160400 0.208000 11.488659 -147.849145 -277.785710
 1.171200 0.208000 9.972232 -132.241720 -271.654279
 1.182000 0.208000 8.639410 -114.333438 -268.338754
 1.192800 0.208000 7.502879 -96.161967 -266.877265
 1.203600 0.208000 6.559463 -78.669957 -266.576319
 1.214400 0.208000 5.800445 -61.999027 -267.409100
 1.225200 0.208000 5.217914 -45.961172 -269.947712
 1.236000 0.208000 4.805590 -30.493063 -274.761476
 1.246800 0.208000 4.556620 -15.754681 -281.655803
 1.257600 0.208000 4.461447 -2.100098 -289.380134
 1.268400 0.208000 4.505008 9.787170 -296.121077
 1.279200 0.208000 4.663681 19.097221 -300.353634
 1.290000 0.208000 4.907895 25.676391 -301.287365
 1.300800 0.208000 5.212414 30.466730 -298.715774
 1.311600 0.208000 5.565018 34.706396 -292.734127
 1.322400 0.208000 5.963065 38.817187 -283.590235
 1.333200 0.208000 6.402641 42.220249 -271.554389
 1.344000 0.208000 6.872645 44.428081 -256.973616
 1.354800 0.208000 7.362395 46.047217 -240.727740
 1.365600 0.208000 7.872985 48.502708 -224.443564
 1.376400 0.208000 8.419367 52.719461 -210.023845
 1.387200 0.208000 9.021780 58.847849 -198.769003
 1.398000 0.208000 9.699636 66.594900 -190.726849
 1.408800 0.208000 10.468242 75.545604 -184.859426
 1.419600 0.208000 11.337707 85.152715 -180.091484
 1.430400 0.208000 12.312746 94.926264 -176.074726
 1.441200 0.208000 13.393735 104.657636 -172.939545
 1.452000 0.208000 14.580049 114.292222 -170.294192
 1.462800 0.208000 15.872217 124.136145 -167.162138
 1.473600 0.208000 17.276105 134.684438 -162.851605
 1.484400 0.208000 18.802135 146.466971 -157.717447
 1.495200 0.208000 20.464059 159.430245 -152.916005
 1.506000 0.208000 22.274955 173.416280 -149.191700
 1.516800 0.208000 24.249721 189.185463 -147.031406
 1.527600 0.208000 26.418687 208.629113 -146.512277
 1.538400 0.208000 28.838741 234.024509 -147.474418
 1.549200 0.208000 31.589786 266.973848 -150.398937
 1.560000 0.208000 34.768948 307.171746 -154.263826

 0.480000 0.213200 54.993529 -334.053418 -261.436538
 0.490800 0.213200 51.507521 -302.991736 -249.470619
 0.501600 0.213200 48.350319 -277.163225 -239.942507
 0.512400 0.213200 45.463590 -254.654977 -232.611258
 0.523200 0.213200 42.817927 -233.433361 -226.953315
 0.534000 0.213200 40.404137 -212.409854 -222.576510
 0.544800 0.213200 38.219756 -191.586108 -219.386286
 0.555600 0.213200 36.258575 -171.437259 -217.338988
 0.566400 0.213200 34.511529 -151.991296 -216.227160
 0.577200 0.213200 32.974155 -132.559489 -215.713176
 0.588000 0.213200 31.650051 -112.474554 -215.566799
 0.598800 0.213200 30.546918 -91.709000 -215.799945
 0.609600 0.213200 29.669932 -70.677447 -216.622749
 0.620400 0.213200 29.020347 -49.596484 -218.222454
 0.631200 0.213200 28.599585 -28.248686 -220.541126
 0.642000 0.213200 28.412034 -6.403868 -223.286538
 0.652800 0.213200 28.462170 15.662487 -226.198571
 0.663600 0.213200 28.748109 37.072153 -229.325713
 0.674400 0.213200 29.256373 56.604402 -233.078729
 0.685200 0.213200 29.959802 72.963251 -238.007470
 0.696000 0.213200 30.817752 84.995736 -244.388870
 0.706800 0.213200 31.779798 92.088448 -251.983085
 0.717600 0.213200 32.794418 94.724843 -260.411050
 0.728400 0.213200 33.819175 93.822154 -270.112951
 0.739200 0.213200 34.816716 89.383400 -282.551431
 0.750000 0.213200 35.743364 80.527134 -299.289422
 0.760800 0.213200 36.552171 67.853223 -320.070878
 0.771600 0.213200 37.214064 53.860501 -342.478091
 0.782400 0.213200 37.717938 38.206083 -363.343350
 0.793200 0.213200 38.004789 11.284803 -380.629965
 0.804000 0.213200 37.860545 -43.237374 -393.514787
 0.814800 0.213200 37.005614 -113.515716 -401.381365
 0.825600 0.213200 35.515577 -155.027219 -404.397529
 0.836400 0.213200 33.786671 -160.349805 -404.727729
 0.847200 0.213200 32.112327 -147.912059 -404.688190
 0.858000 0.213200 30.609578 -129.898297 -405.518593
 0.868800 0.213200 29.308627 -111.000932 -407.327203
 0.879600 0.213200 28.209963 -92.512497 -409.355784
 0.890400 0.213200 27.309294 -74.250898 -410.422619
 0.901200 0.213200 26.607517 -55.595352 -409.522296
 0.912000 0.213200 26.110576 -36.360925 -406.493317
 0.922800 0.213200 25.822027 -17.161691 -402.354878
 0.933600 0.213200 25.736277 1.047645 -398.924912
 0.944400 0.213200 25.839263 17.765826 -397.777696
 0.955200 0.213200 26.115700 33.243435 -399.188521
 0.966000 0.213200 26.554992 47.960816 -401.925134
 0.976800 0.213200 27.149581 61.911815 -404.126039
 0.987600 0.213200 27.888043 74.379668 -404.668060
 0.998400 0.213200 28.747412 83.761943 -404.325328
 1.009200 0.213200 29.667634 83.551783 -407.211820
 1.020000 0.213200 30.436171 49.749900 -424.698522
 1.030800 0.213200 30.489227 -47.466056 -465.718912
 1.041600 0.213200 29.399182 -145.494669 -491.004088
 1.052400 0.213200 27.532221 -192.482538 -472.094681
 1.063200 0.213200 25.340414 -208.207548 -437.934693
 1.074000 0.213200 23.112822 -200.137035 -412.598968
 1.084800 0.213200 21.065344 -176.806379 -395.935361
 1.095600 0.213200 19.295431 -150.961388 -380.217796
 1.106400 0.213200 17.766518 -133.578036 -360.753793
 1.117200 0.213200 16.349914 -130.642060 -337.417410
 1.128000 0.213200 14.893530 -139.680392 -312.741384
 1.138800 0.213200 13.324735 -149.559508 -289.993217
 1.149600 0.213200 11.690082 -151.149453 -271.620168
 1.160400 0.213200 10.090827 -143.517925 -258.865997
 1.171200 0.213200 8.609927 -129.904374 -251.594873
 1.182000 0.213200 7.294097 -113.418773 -248.628913
 1.192800 0.213200 6.162237 -96.136427 -248.513563
 1.203600 0.213200 5.215599 -79.278460 -250.197345
 1.214400 0.213200 4.446236 -63.347370 -253.366619
 1.225200 0.213200 3.843827 -48.338014 -258.341125
 1.236000 0.213200 3.399694 -33.982508 -265.457620
 1.246800 0.213200 3.108726 -19.925464 -274.271806
 1.257600 0.213200 2.968625 -6.090187 -283.335939
 1.268400 0.213200 2.974147 6.860271 -290.808915
 1.279200 0.213200 3.109659 17.797709 -295.234153
 1.290000 0.213200 3.349611 26.197431 -295.875591
 1.300800 0.213200 3.669314 32.733454 -292.691049
 1.311600 0.213200 4.054777 38.485529 -286.204481
 1.322400 0.213200 4.500551 43.847310 -277.205340
 1.333200 0.213200 5.000530 48.364231 -266.262000
 1.344000 0.213200 5.542680 51.599416 -253.405379
 1.354800 0.213200 6.114175 53.893997 -238.578771
 1.365600 0.213200 6.709995 56.248241 -222.452616
 1.376400 0.213200 7.335803 59.499353 -206.619772
 1.387200 0.213200 8.004158 64.183066 -192.687186
 1.398000 0.213200 8.732472 70.603960 -181.383147
 1.408800 0.213200 9.539646 78.678404 -172.415781
 1.419600 0.213200 10.440239 87.737353 -165.191386
 1.430400 0.213200 11.440814 96.991800 -159.352303
 1.441200 0.213200 12.541963 106.306689 -154.669539
 1.452000 0.213200 13.745875 115.925098 -150.466833
 1.462800 0.213200 15.058020 126.201846 -145.862322
 1.473600 0.213200 16.487314 137.216013 -140.400602
 1.484400 0.213200 18.042109 149.060199 -134.506802
 1.495200 0.213200 19.730542 161.635832 -129.143176
 1.506000 0.213200 21.562176 174.880764 -124.933129
 1.516800 0.213200 23.549642 189.847820 -122.328843
 1.527600 0.213200 25.722688 208.521826 -121.582464
 1.538400 0.213200 28.138939 233.071205 -122.659956
 1.549200 0.213200 30.875851 265.479489 -125.970987
 1.560000 0.213200 34.035705 305.268697 -130.552343

 0.480000 0.218400 53.726459 -330.269147 -224.877012
 0.490800 0.218400 50.283744 -299.467544 -220.333960
 0.501600 0.218400 47.162578 -274.179427 -216.152626
 0.512400 0.218400 44.306112 -252.125341 -211.981574
 0.523200 0.218400 41.686153 -231.280234 -207.878565
 0.534000 0.218400 39.293409 -210.712043 -204.264532
 0.544800 0.218400 37.124448 -190.430428 -201.595194
 0.555600 0.218400 35.173013 -170.766560 -199.933778
 0.566400 0.218400 33.431204 -151.665093 -199.055971
 0.577200 0.218400 31.895967 -132.481986 -198.774802
 0.588000 0.218400 30.571338 -112.656210 -199.149923
 0.598800 0.218400 29.464556 -92.212372 -200.332509
 0.609600 0.218400 28.580222 -71.533514 -202.322967
 0.620400 0.218400 27.919681 -50.752832 -204.906496
 0.631200 0.218400 27.485344 -29.583598 -207.785977
 0.642000 0.218400 27.282942 -7.806756 -210.762186
 0.652800 0.218400 27.317679 14.205629 -213.813172
 0.663600 0.218400 27.587127 35.446529 -217.064926
 0.674400 0.218400 28.075984 54.597541 -220.754923
 0.685200 0.218400 28.754688 70.367902 -225.220905
 0.696000 0.218400 29.581017 81.745887 -230.806059
 0.706800 0.218400 30.504623 88.244918 -237.779249
 0.717600 0.218400 31.473941 90.136216 -246.579774
 0.728400 0.218400 32.442249 87.881012 -258.361564
 0.739200 0.218400 33.364390 81.347337 -274.507248
 0.750000 0.218400 34.192136 70.493584 -295.065646
 0.760800 0.218400 34.886389 57.090013 -317.371213
 0.771600 0.218400 35.434951 44.007419 -337.700366
 0.782400 0.218400 35.841403 30.224769 -353.854830
 0.793200 0.218400 36.052875 5.440165 -365.559279
 0.804000 0.218400 35.856438 -46.957190 -373.098896
 0.814800 0.218400 34.972063 -115.250486 -376.970907
 0.825600 0.218400 33.470594 -155.553288 -378.570978
 0.836400 0.218400 31.738008 -160.630631 -379.732412
 0.847200 0.218400 30.059286 -148.491993 -381.480768
 0.858000 0.218400 28.548261 -130.826916 -383.832187
 0.868800 0.218400 27.236713 -111.962242 -386.082779
 0.879600 0.218400 26.129645 -93.026772 -387.283043
 0.890400 0.218400 25.227816 -73.897770 -386.705558
 0.901200 0.218400 24.535376 -54.228654 -384.121088
 0.912000 0.218400 24.057572 -34.271960 -379.957290
 0.922800 0.218400 23.792407 -15.062928 -375.313245
 0.933600 0.218400 23.725499 2.311132 -371.707920
 0.944400 0.218400 23.835126 17.705782 -370.432743
 0.955200 0.218400 24.104463 32.088182 -371.730329
 0.966000 0.218400 24.528922 46.527420 -374.513301
 0.976800 0.218400 25.110456 61.030479 -377.058447
 0.987600 0.218400 25.843626 74.228626 -378.284715
 0.998400 0.218400 26.701226 83.256908 -379.061065
 1.009200 0.218400 27.599004 78.889650 -384.275621
 1.020000 0.218400 28.258259 32.838169 -406.673126
 1.030800 0.218400 28.077684 -69.753673 -450.068085
 1.041600 0.218400 26.845598 -147.509666 -474.382333
 1.052400 0.218400 25.062378 -177.611163 -460.344681
 1.063200 0.218400 23.057018 -190.917395 -425.960441
 1.074000 0.218400 20.991753 -187.785847 -392.800864
 1.084800 0.218400 19.056252 -168.052815 -369.262426
 1.095600 0.218400 17.376372 -142.772777 -352.191771
 1.106400 0.218400 15.941997 -124.298589 -336.558463
 1.117200 0.218400 14.633428 -120.078341 -319.398641
 1.128000 0.218400 13.295985 -128.481160 -299.399614
 1.138800 0.218400 11.845786 -139.095202 -277.578825
 1.149600 0.218400 10.313172 -142.957727 -257.497661
 1.160400 0.218400 8.785990 -138.404161 -242.965772
 1.171200 0.218400 7.344334 -127.634634 -235.314417
 1.182000 0.218400 6.041163 -113.191101 -233.448026
 1.192800 0.218400 4.904382 -97.161176 -235.421191
 1.203600 0.218400 3.942187 -81.085766 -239.622743
 1.214400 0.218400 3.149610 -65.850477 -245.209933
 1.225200 0.218400 2.515817 -51.667394 -252.046451
 1.236000 0.218400 2.031228 -38.106184 -260.144760
 1.246800 0.218400 1.693358 -24.373820 -268.980644
 1.257600 0.218400 1.506901 -10.091107 -277.391319
 1.268400 0.218400 1.475006 4.037672 -284.058472
 1.279200 0.218400 1.588720 16.644428 -287.898913
 1.290000 0.218400 1.826231 26.909117 -288.211067
 1.300800 0.218400 2.163181 35.168951 -284.889164
 1.311600 0.218400 2.582406 42.227227 -278.587620
 1.322400 0.218400 3.073485 48.444143 -270.373312
 1.333200 0.218400 3.626836 53.659594 -260.964385
 1.344000 0.218400 4.230854 57.786343 -250.158590
 1.354800 0.218400 4.874910 61.105373 -237.214475
 1.365600 0.218400 5.552802 64.073260 -221.964605
 1.376400 0.218400 6.263178 67.134812 -205.507662
 1.387200 0.218400 7.010047 70.931572 -189.483058
 1.398000 0.218400 7.805545 76.214430 -175.146024
 1.408800 0.218400 8.667965 83.235888 -162.991187
 1.419600 0.218400 9.613435 91.417522 -153.002036
 1.430400 0.218400 10.650275 99.953075 -144.878240
 1.441200 0.218400 11.781175 108.829763 -138.073659
 1.452000 0.218400 13.012265 118.400472 -131.793714
 1.462800 0.218400 14.352912 128.934895 -125.448007
 1.473600 0.218400 15.813591 140.156260 -118.896329
 1.484400 0.218400 17.400490 151.880414 -112.530427
 1.495200 0.218400 19.117644 163.974115 -106.952292
 1.506000 0.218400 20.971291 176.388908 -102.858477
 1.516800 0.218400 22.970650 190.236488 -101.209065
 1.527600 0.218400 25.141998 207.577820 -103.222925
 1.538400 0.218400 27.541574 230.689791 -109.536435
 1.549200 0.218400 30.245994 262.062640 -119.916591
 1.560000 0.218400 33.363229 301.282965 -132.979114

 0.480000 0.223600 52.657111 -330.296822 -186.258455
 0.490800 0.223600 49.218317 -299.058018 -189.093056
 0.501600 0.223600 46.104101 -273.316419 -190.482833
 0.512400 0.223600 43.259808 -250.820632 -189.958967
 0.523200 0.223600 40.655554 -229.804297 -188.091648
 0.534000 0.223600 38.278104 -209.445562 -185.920472
 0.544800 0.223600 36.120463 -189.600219 -184.326433
 0.555600 0.223600 34.175716 -170.329935 -183.500461
 0.566400 0.223600 32.436993 -151.515454 -183.277991
 0.577200 0.223600 30.901787 -132.638010 -183.619554
 0.588000 0.223600 29.573313 -113.226812 -184.743980
 0.598800 0.223600 28.457916 -93.227858 -186.821821
 0.609600 0.223600 27.560714 -72.870080 -189.672522
 0.620400 0.223600 26.884860 -52.223295 -192.862731
 0.631200 0.223600 26.434481 -31.075829 -196.070363
 0.642000 0.223600 26.215863 -9.324725 -199.288564
 0.652800 0.223600 26.233839 12.613006 -202.665467
 0.663600 0.223600 26.485542 33.750260 -206.226587
 0.674400 0.223600 26.955348 52.752913 -209.850396
 0.685200 0.223600 27.612723 68.231485 -213.569667
 0.696000 0.223600 28.413229 79.053724 -217.890258
 0.706800 0.223600 29.303072 84.626834 -223.865596
 0.717600 0.223600 30.225751 85.023467 -232.931876
 0.728400 0.223600 31.127391 80.611928 -246.594430
 0.739200 0.223600 31.957845 71.775140 -265.265587
 0.750000 0.223600 32.674026 59.809978 -286.929325
 0.760800 0.223600 33.255140 47.260254 -307.479171
 0.771600 0.223600 33.707549 36.251570 -323.780412
 0.782400 0.223600 34.041471 24.596842 -335.493602
 0.793200 0.223600 34.201516 1.609426 -343.727633
 0.804000 0.223600 33.972294 -49.133324 -349.030576
 0.814800 0.223600 33.071663 -116.169215 -351.591004
 0.825600 0.223600 31.562462 -156.203933 -352.969852
 0.836400 0.223600 29.821250 -161.619047 -354.959737
 0.847200 0.223600 28.129874 -149.812058 -357.824540
 0.858000 0.223600 26.604447 -132.098567 -360.783784
 0.868800 0.223600 25.281622 -112.704294 -362.770451
 0.879600 0.223600 24.171074 -92.893861 -362.975438
 0.890400 0.223600 23.275853 -72.820357 -361.197880
 0.901200 0.223600 22.599281 -52.426545 -357.907719
 0.912000 0.223600 22.142916 -32.192018 -354.053827
 0.922800 0.223600 21.899177 -13.272870 -350.693110
 0.933600 0.223600 21.847559 3.277948 -348.658248
 0.944400 0.223600 21.961804 17.587319 -348.345348
 0.955200 0.223600 22.224761 31.104365 -349.562304
 0.966000 0.223600 22.636718 45.318185 -351.513539
 0.976800 0.223600 23.207038 60.239627 -353.142320
 0.987600 0.223600 23.934715 73.938909 -353.911079
 0.998400 0.223600 24.787400 82.287458 -354.939625
 1.009200 0.223600 25.655010 73.261445 -361.073739
 1.020000 0.223600 26.197468 16.215694 -382.645832
 1.030800 0.223600 25.813666 -87.071421 -416.233251
 1.041600 0.223600 24.478416 -148.763807 -431.446128
 1.052400 0.223600 22.758545 -165.906635 -421.243816
 1.063200 0.223600 20.916403 -174.070800 -393.798562
 1.074000 0.223600 19.024283 -173.538613 -361.812270
 1.084800 0.223600 17.217874 -158.383035 -336.597117
 1.095600 0.223600 15.625987 -135.852531 -320.010919
 1.106400 0.223600 14.262030 -117.986046 -308.319247
 1.117200 0.223600 13.026140 -112.791149 -297.220748
 1.128000 0.223600 11.777458 -119.387498 -283.112540
 1.138800 0.223600 10.432029 -129.120938 -265.147155
 1.149600 0.223600 9.001805 -134.382228 -246.534955
 1.160400 0.223600 7.551063 -132.986663 -232.133292
 1.171200 0.223600 6.149232 -125.584583 -224.585593
 1.182000 0.223600 4.853508 -113.680783 -223.447837
 1.192800 0.223600 3.702291 -99.189418 -226.759252
 1.203600 0.223600 2.713276 -83.932832 -232.574742
 1.214400 0.223600 1.887170 -69.184933 -239.609013
 1.225200 0.223600 1.215103 -55.412324 -247.258307
 1.236000 0.223600 0.688356 -42.127029 -255.172104
 1.246800 0.223600 0.307134 -28.304664 -262.841386
 1.257600 0.223600 0.080848 -13.457286 -269.628531
 1.268400 0.223600 0.017649 1.677353 -274.933923
 1.279200 0.223600 0.113081 15.680781 -278.110261
 1.290000 0.223600 0.348946 27.590177 -278.476798
 1.300800 0.223600 0.701848 37.394073 -275.770301
 1.311600 0.223600 1.151454 45.543212 -270.526059
 1.322400 0.223600 1.681919 52.369775 -263.703776
 1.333200 0.223600 2.280266 58.092269 -255.839135
 1.344000 0.223600 2.936461 63.080194 -246.535528
 1.354800 0.223600 3.644404 67.651874 -234.876145
 1.365600 0.223600 4.399697 71.733707 -220.431595
 1.376400 0.223600 5.196269 75.244638 -203.946486
 1.387200 0.223600 6.029996 78.719194 -186.873716
 1.398000 0.223600 6.905941 83.172134 -170.602068
 1.408800 0.223600 7.838500 89.143585 -156.055688
 1.419600 0.223600 8.842743 96.284109 -143.610271
 1.430400 0.223600 9.928232 104.007619 -133.100502
 1.441200 0.223600 11.100802 112.432244 -123.915710
 1.452000 0.223600 12.370449 121.832478 -115.407278
 1.462800 0.223600 13.748617 132.304492 -107.372916
 1.473600 0.223600 15.245704 143.358095 -99.977171
 1.484400 0.223600 16.866066 154.714407 -93.535434
 1.495200 0.223600 18.611538 166.138007 -88.319801
 1.506000 0.223600 20.484001 177.377772 -85.355430
 1.516800 0.223600 22.485223 189.174481 -86.613795
 1.527600 0.223600 24.631363 203.712026 -94.785518
 1.538400 0.223600 26.973696 224.099048 -110.981009
 1.549200 0.223600 29.594507 253.792911 -132.935832
 1.560000 0.223600 32.612956 292.772320 -157.469080

 0.480000 0.228800 51.783776 -333.574417 -150.218676
 0.490800 0.228800 48.314513 -301.402383 -158.717990
 0.501600 0.228800 45.180796 -274.473138 -164.557123
 0.512400 0.228800 42.330252 -250.883937 -167.368958
 0.523200 0.228800 39.729086 -229.288321 -168.051540
 0.534000 0.228800 37.357921 -208.901425 -167.851750
 0.544800 0.228800 35.204605 -189.344951 -167.823092
 0.555600 0.228800 33.260874 -170.368895 -168.294753
 0.566400 0.228800 31.520453 -151.782608 -169.209829
 0.577200 0.228800 29.980901 -133.189327 -170.566159
 0.588000 0.228800 28.644413 -114.170012 -172.502289
 0.598800 0.228800 27.516691 -94.547549 -175.077333
 0.609600 0.228800 26.603963 -74.388340 -178.072156
 0.620400 0.228800 25.911524 -53.755580 -181.146077
 0.631200 0.228800 25.444736 -32.591842 -184.170970
 0.642000 0.228800 25.209402 -10.922106 -187.325332
 0.652800 0.228800 25.209383 10.881615 -190.810508
 0.663600 0.228800 25.442028 31.978059 -194.521867
 0.674400 0.228800 25.893092 51.066684 -198.086559
 0.685200 0.228800 26.532465 66.542640 -201.341181
 0.696000 0.228800 27.312697 76.879115 -204.921423
 0.706800 0.228800 28.172754 81.146566 -210.488932
 0.717600 0.228800 29.046610 79.356667 -220.176028
 0.728400 0.228800 29.872745 72.362731 -235.325144
 0.739200 0.228800 30.602507 61.682870 -254.931414
 0.750000 0.228800 31.207919 49.839772 -275.366703
 0.760800 0.228800 31.690128 39.226929 -292.559824
 0.771600 0.228800 32.067973 30.527945 -304.931347
 0.782400 0.228800 32.349334 20.538213 -313.586605
 0.793200 0.228800 32.471126 -1.370470 -320.211943
 0.804000 0.228800 32.215407 -50.950507 -325.179344
 0.814800 0.228800 31.301211 -116.947873 -327.893205
 0.825600 0.228800 29.784408 -156.985186 -329.453714
 0.836400 0.228800 28.032182 -162.878087 -331.589615
 0.847200 0.228800 26.325799 -151.256344 -334.278756
 0.858000 0.228800 24.786134 -133.208404 -336.570724
 0.868800 0.228800 23.455124 -113.057718 -337.605847
 0.879600 0.228800 22.345745 -92.324471 -336.974778
 0.890400 0.228800 21.461040 -71.498591 -334.861562
 0.901200 0.228800 20.800815 -50.814344 -332.082257
 0.912000 0.228800 20.360928 -30.835447 -329.806084
 0.922800 0.228800 20.128696 -12.533165 -328.887517
 0.933600 0.228800 20.081369 3.347089 -329.336503
 0.944400 0.228800 20.193441 17.154953 -330.473959
 0.955200 0.228800 20.450159 30.427649 -331.597766
 0.966000 0.228800 20.854820 44.692417 -332.375087
 0.976800 0.228800 21.419805 59.895379 -332.722135
 0.987600 0.228800 22.144984 73.740293 -332.843913
 0.998400 0.228800 22.991737 81.070026 -334.007255
 1.009200 0.228800 23.826606 67.621802 -340.259360
 1.020000 0.228800 24.265788 2.866481 -358.053518
 1.030800 0.228800 23.738358 -97.818796 -379.960984
 1.041600 0.228800 22.345440 -148.981441 -387.584045
 1.052400 0.228800 20.669242 -157.998769 -381.107214
 1.063200 0.228800 18.947364 -160.513484 -362.583703
 1.074000 0.228800 17.208206 -159.837009 -336.635278
 1.084800 0.228800 15.531047 -148.508571 -312.944243
 1.095600 0.228800 14.024992 -129.636483 -296.701740
 1.106400 0.228800 12.717440 -113.465307 -286.304909
 1.117200 0.228800 11.531205 -107.846274 -277.611138
 1.128000 0.228800 10.345716 -112.570951 -266.804046
 1.138800 0.228800 9.083242 -120.831510 -252.635535
 1.149600 0.228800 7.741714 -126.652907 -237.290679
 1.160400 0.228800 6.361922 -127.808570 -224.677706
 1.171200 0.228800 4.998581 -123.608042 -217.555177
 1.182000 0.228800 3.709039 -114.356258 -216.244799
 1.192800 0.228800 2.540461 -101.567842 -219.408561
 1.203600 0.228800 1.520320 -87.203540 -225.323980
 1.214400 0.228800 0.656478 -72.839524 -232.592161
 1.225200 0.228800 -0.055767 -59.155462 -240.247858
 1.236000 0.228800 -0.622263 -45.700833 -247.550279
 1.246800 0.228800 -1.040052 -31.469358 -253.942190
 1.257600 0.228800 -1.297598 -16.060734 -259.207923
 1.268400 0.228800 -1.385246 -0.210114 -263.327915
 1.279200 0.228800 -1.305109 14.794131 -266.037546
 1.290000 0.228800 -1.072075 27.984904 -266.772473
 1.300800 0.228800 -0.707919 39.050480 -265.199404
 1.311600 0.228800 -0.235105 48.122831 -261.590387
 1.322400 0.228800 0.326653 55.561116 -256.426879
 1.333200 0.228800 0.962783 61.937225 -249.754888
 1.344000 0.228800 1.665634 67.932581 -241.074467
 1.354800 0.228800 2.433122 73.828971 -229.820039
 1.365600 0.228800 3.262365 79.149228 -215.903344
 1.376400 0.228800 4.143800 83.376741 -199.944992
 1.387200 0.228800 5.066545 86.887997 -183.067712
 1.398000 0.228800 6.028953 90.827690 -166.412613
 1.408800 0.228800 7.040516 95.953142 -150.876260
 1.419600 0.228800 8.114009 102.149204 -136.920475
 1.430400 0.228800 9.259482 109.123551 -124.519608
 1.441200 0.228800 10.485523 117.099048 -113.264176
 1.452000 0.228800 11.804700 126.164428 -102.830367
 1.462800 0.228800 13.228572 136.218839 -93.357029
 1.473600 0.228800 14.766037 146.710993 -85.237764
 1.484400 0.228800 16.419863 157.393371 -78.789060
 1.495200 0.228800 18.190731 167.802653 -74.255655
 1.506000 0.228800 20.073657 177.200448 -73.322093
 1.516800 0.228800 22.056955 185.529038 -79.215767
 1.527600 0.228800 24.139734 195.490307 -95.632933
 1.538400 0.228800 26.370064 212.348149 -122.239325
 1.549200 0.228800 28.851468 241.003133 -152.895966
 1.560000 0.228800 31.726148 281.398433 -182.061228

 0.480000 0.234000 51.082448 -338.990753 -120.774693
 0.490800 0.234000 47.559679 -305.592233 -132.385474
 0.501600 0.234000 44.387859 -277.150113 -140.860408
 0.512400 0.234000 41.515761 -252.218396 -146.149430
 0.523200 0.234000 38.904566 -229.863456 -149.246569
 0.534000 0.234000 36.528821 -209.256120 -151.183811
 0.544800 0.234000 34.371115 -189.811125 -152.881204
 0.555600 0.234000 32.421226 -171.021373 -154.742366
 0.566400 0.234000 30.672850 -152.594390 -156.833787
 0.577200 0.234000 29.123601 -134.172784 -159.136693
 0.588000 0.234000 27.775444 -115.345304 -161.601789
 0.598800 0.234000 26.634160 -95.866957 -164.146453
 0.609600 0.234000 25.706903 -75.740695 -166.650690
 0.620400 0.234000 25.000014 -55.078837 -169.067259
 0.631200 0.234000 24.518837 -33.953880 -171.530120
 0.642000 0.234000 24.267996 -12.448483 -174.292724
 0.652800 0.234000 24.250423 9.169144 -177.494962
 0.663600 0.234000 24.464174 30.227245 -180.984743
 0.674400 0.234000 24.896987 49.457478 -184.416557
 0.685200 0.234000 25.519586 64.998242 -187.670196
 0.696000 0.234000 26.281041 74.803493 -191.434570
 0.706800 0.234000 27.111072 77.482471 -197.517479
 0.717600 0.234000 27.932074 73.158364 -208.115690
 0.728400 0.234000 28.676934 63.690445 -223.971927
 0.739200 0.234000 29.305519 52.024873 -242.904568
 0.750000 0.234000 29.810616 41.306185 -260.778839
 0.760800 0.234000 30.212148 32.969517 -274.574124
 0.771600 0.234000 30.533239 26.220248 -284.153868
 0.782400 0.234000 30.774030 17.255673 -291.240324
 0.793200 0.234000 30.862531 -4.206659 -297.465186
 0.804000 0.234000 30.579541 -53.002271 -302.941779
 0.814800 0.234000 29.649175 -117.930815 -306.409714
 0.825600 0.234000 28.123565 -157.783341 -308.209648
 0.836400 0.234000 26.361386 -163.914888 -309.823803
 0.847200 0.234000 24.643834 -152.218564 -311.342448
 0.858000 0.234000 23.095936 -133.722397 -312.185405
 0.868800 0.234000 21.762717 -112.938608 -312.044950
 0.879600 0.234000 20.658057 -91.592836 -310.961611
 0.890400 0.234000 19.783452 -70.428861 -309.305176
 0.901200 0.234000 19.134348 -49.921151 -307.878715
 0.912000 0.234000 18.700811 -30.610357 -307.678856
 0.922800 0.234000 18.466796 -13.054437 -309.115978
 0.933600 0.234000 18.411557 2.498796 -311.464477
 0.944400 0.234000 18.515163 16.503600 -313.383263
 0.955200 0.234000 18.766968 30.167591 -314.092898
 0.966000 0.234000 19.170437 44.699511 -313.851253
 0.976800 0.234000 19.736053 59.967887 -313.381247
 0.987600 0.234000 20.461145 73.570735 -313.357643
 0.998400 0.234000 21.300733 79.665057 -314.886760
 1.009200 0.234000 22.103180 62.513012 -320.863927
 1.020000 0.234000 22.460126 -6.689432 -334.488379
 1.030800 0.234000 21.842048 -103.704023 -347.952209
 1.041600 0.234000 20.420348 -148.969521 -352.048857
 1.052400 0.234000 18.767196 -153.707984 -349.712067
 1.063200 0.234000 17.118630 -151.397801 -339.934099
 1.074000 0.234000 15.494087 -148.536516 -322.135100
 1.084800 0.234000 13.931643 -139.126149 -302.266353
 1.095600 0.234000 12.510034 -123.348636 -286.285241
 1.106400 0.234000 11.259287 -108.967817 -274.695459
 1.117200 0.234000 10.120817 -103.263139 -264.694482
 1.128000 0.234000 8.991392 -106.730398 -253.615157
 1.138800 0.234000 7.798319 -114.000561 -240.842054
 1.149600 0.234000 6.530043 -120.198659 -227.877732
 1.160400 0.234000 5.210995 -123.208893 -217.116010
 1.171200 0.234000 3.883557 -121.583567 -210.467690
 1.182000 0.234000 2.602465 -114.722234 -208.529608
 1.192800 0.234000 1.419877 -103.668311 -210.693534
 1.203600 0.234000 0.370890 -90.332324 -215.768548
 1.214400 0.234000 -0.529642 -76.418271 -222.499005
 1.225200 0.234000 -1.280808 -62.710090 -229.733449
 1.236000 0.234000 -1.883757 -48.845315 -236.442185
 1.246800 0.234000 -2.332359 -34.023576 -241.957066
 1.257600 0.234000 -2.614479 -18.074094 -246.212781
 1.268400 0.234000 -2.721246 -1.729050 -249.477183
 1.279200 0.234000 -2.654246 13.921763 -251.804340
 1.290000 0.234000 -2.426104 27.980968 -252.920001
 1.300800 0.234000 -2.057028 39.955482 -252.584825
 1.311600 0.234000 -1.570060 49.827832 -250.744395
 1.322400 0.234000 -0.985644 58.075829 -247.181504
 1.333200 0.234000 -0.317042 65.478707 -241.350901
 1.344000 0.234000 0.430642 72.708152 -232.799494
 1.354800 0.234000 1.256638 79.844888 -221.607486
 1.365600 0.234000 2.156937 86.202572 -208.307884
 1.376400 0.234000 3.118753 91.075393 -193.526649
 1.387200 0.234000 4.126433 94.759142 -177.960469
 1.398000 0.234000 5.173531 98.450133 -162.286573
 1.408800 0.234000 6.265590 103.050283 -147.101307
 1.419600 0.234000 7.413213 108.601127 -132.765577
 1.430400 0.234000 8.626301 115.011972 -119.362057
 1.441200 0.234000 9.914701 122.572116 -106.828981
 1.452000 0.234000 11.291774 131.187913 -95.167340
 1.462800 0.234000 12.767860 140.596387 -84.665017
 1.473600 0.234000 14.349556 150.262946 -75.776192
 1.484400 0.234000 16.037677 159.963351 -68.962725
 1.495200 0.234000 17.830592 168.818717 -64.963752
 1.506000 0.234000 19.711872 175.313438 -66.575432
 1.516800 0.234000 21.649698 178.504395 -78.286825
 1.527600 0.234000 23.624585 182.800340 -103.203788
 1.538400 0.234000 25.696369 197.100251 -136.717430
 1.549200 0.234000 28.011090 227.120837 -168.924442
 1.560000 0.234000 30.741288 271.112652 -194.270207

 0.480000 0.239200 50.509828 -345.139279 -101.217672
 0.490800 0.239200 46.924903 -310.474539 -112.982728
 0.501600 0.239200 43.706677 -280.629688 -121.973618
 0.512400 0.239200 40.803228 -254.511440 -128.496164
 0.523200 0.239200 38.170846 -231.454396 -133.396863
 0.534000 0.239200 35.779902 -210.511588 -137.218127
 0.544800 0.239200 33.609170 -190.976715 -140.466149
 0.555600 0.239200 31.646495 -172.211607 -143.444760
 0.566400 0.239200 29.885010 -153.823205 -146.290137
 0.577200 0.239200 28.322387 -135.407146 -149.012316
 0.588000 0.239200 26.961141 -116.523016 -151.480079
 0.598800 0.239200 25.807676 -96.939103 -153.556804
 0.609600 0.239200 24.869414 -76.713512 -155.254003
 0.620400 0.239200 24.152212 -56.035184 -156.782440
 0.631200 0.239200 23.660220 -35.020899 -158.442067
 0.642000 0.239200 23.396801 -13.718799 -160.453095
 0.652800 0.239200 23.364390 7.702410 -162.871372
 0.663600 0.239200 23.561656 28.661909 -165.634734
 0.674400 0.239200 23.977466 47.879715 -168.686203
 0.685200 0.239200 24.582538 63.280509 -172.174810
 0.696000 0.239200 25.322309 72.368874 -176.804643
 0.706800 0.239200 26.117723 73.345697 -184.077860
 0.717600 0.239200 26.881046 66.601411 -195.594861
 0.728400 0.239200 27.543430 55.226967 -211.262145
 0.739200 0.239200 28.077780 43.440674 -228.374322
 0.750000 0.239200 28.497350 34.319623 -243.344397
 0.760800 0.239200 28.834299 28.025844 -254.480661
 0.771600 0.239200 29.109932 22.654872 -262.493359
 0.782400 0.239200 29.315248 14.185373 -269.081546
 0.793200 0.239200 29.370564 -7.235827 -275.555728
 0.804000 0.239200 29.056635 -55.505329 -281.866090
 0.814800 0.239200 28.105642 -119.218411 -286.239684
 0.825600 0.239200 26.570308 -158.432479 -288.123108
 0.836400 0.239200 24.802061 -164.409236 -288.826925
 0.847200 0.239200 23.080341 -152.466220 -288.966864
 0.858000 0.239200 21.531615 -133.622757 -288.566208
 0.868800 0.239200 20.201221 -112.528459 -287.766496
 0.879600 0.239200 19.102193 -90.987231 -286.799058
 0.890400 0.239200 18.234155 -69.875197 -285.972692
 0.901200 0.239200 17.588952 -49.824168 -285.831953
 0.912000 0.239200 17.152474 -31.269898 -286.956009
 0.922800 0.239200 16.907827 -14.283860 -289.281800
 0.933600 0.239200 16.839060 1.343770 -291.797011
 0.944400 0.239200 16.933294 15.974631 -293.273872
 0.955200 0.239200 17.183013 30.263298 -293.354150
 0.966000 0.239200 17.589060 45.003797 -292.735293
 0.976800 0.239200 18.157198 60.075989 -292.395948
 0.987600 0.239200 18.881131 73.194161 -292.963393
 0.998400 0.239200 19.711249 78.126624 -295.070472
 1.009200 0.239200 20.483960 58.271413 -300.442045
 1.020000 0.239200 20.779935 -13.118225 -310.312983
 1.030800 0.239200 20.106094 -107.039022 -318.697517
 1.041600 0.239200 18.665411 -149.636038 -322.112866
 1.052400 0.239200 17.013972 -152.512747 -323.476290
 1.063200 0.239200 15.397335 -146.511167 -320.354879
 1.074000 0.239200 13.845413 -140.426258 -309.795872
 1.084800 0.239200 12.374471 -130.848259 -294.538488
 1.095600 0.239200 11.033942 -116.739128 -279.755954
 1.106400 0.239200 9.846952 -103.619090 -267.386775
 1.117200 0.239200 8.765273 -97.955879 -256.092719
 1.128000 0.239200 7.696617 -100.790235 -244.132607
 1.138800 0.239200 6.570217 -107.737123 -231.263979
 1.149600 0.239200 5.367439 -114.508173 -218.813813
 1.160400 0.239200 4.102492 -119.007400 -208.547157
 1.171200 0.239200 2.809657 -119.413204 -201.797479
 1.182000 0.239200 1.540704 -114.601165 -199.081241
 1.192800 0.239200 0.349905 -105.222159 -200.106286
 1.203600 0.239200 -0.722509 -93.019117 -204.030961
 1.214400 0.239200 -1.655655 -79.676541 -209.786058
 1.225200 0.239200 -2.442599 -65.987396 -216.239675
 1.236000 0.239200 -3.078861 -51.675788 -222.297897
 1.246800 0.239200 -3.554562 -36.205699 -227.205704
 1.257600 0.239200 -3.857068 -19.695699 -230.815835
 1.268400 0.239200 -3.979050 -2.940875 -233.420072
 1.279200 0.239200 -3.923082 13.100393 -235.328210
 1.290000 0.239200 -3.701400 27.620200 -236.664858
 1.300800 0.239200 -3.333429 40.129140 -237.370186
 1.311600 0.239200 -2.841026 50.711136 -237.051680
 1.322400 0.239200 -2.241661 60.031609 -234.814510
 1.333200 0.239200 -1.544496 68.844858 -229.669507
 1.344000 0.239200 -0.752703 77.469328 -221.336519
 1.354800 0.239200 0.130849 85.647395 -210.508159
 1.365600 0.239200 1.097908 92.680254 -198.243071
 1.376400 0.239200 2.132400 97.964953 -185.175687
 1.387200 0.239200 3.216220 101.845937 -171.556017
 1.398000 0.239200 4.340690 105.514157 -157.570852
 1.408800 0.239200 5.509075 109.922676 -143.514579
 1.419600 0.239200 6.730331 115.171865 -129.680159
 1.430400 0.239200 8.013643 121.215578 -116.267202
 1.441200 0.239200 9.368283 128.397390 -103.538980
 1.452000 0.239200 10.807102 136.543042 -91.657466
 1.462800 0.239200 12.339108 145.309105 -80.810422
 1.473600 0.239200 13.968859 154.129510 -71.300199
 1.484400 0.239200 15.694152 162.626200 -63.827201
 1.495200 0.239200 17.507242 169.250705 -60.024864
 1.506000 0.239200 19.373756 171.487093 -63.932816
 1.516800 0.239200 21.236503 168.114431 -80.589268
 1.527600 0.239200 23.066374 167.202903 -110.254620
 1.538400 0.239200 24.960739 181.557050 -143.415930
 1.549200 0.239200 27.119697 215.468447 -170.014272
 1.560000 0.239200 29.737788 264.065932 -187.451241

 0.480000 0.244400 50.009945 -350.409519 -92.585692
 0.490800 0.244400 46.370049 -314.810604 -101.535311
 0.501600 0.244400 43.108368 -284.083070 -108.958700
 0.512400 0.244400 40.170830 -257.276810 -115.330708
 0.523200 0.244400 37.510252 -233.791071 -121.103125
 0.534000 0.244400 35.095718 -212.512117 -126.229415
 0.544800 0.244400 32.904867 -192.697061 -130.628485
 0.555600 0.244400 30.924668 -173.730549 -134.313306
 0.566400 0.244400 29.147583 -155.192245 -137.390293
 0.577200 0.244400 27.571004 -136.611634 -139.963569
 0.588000 0.244400 26.197944 -117.494413 -141.993878
 0.598800 0.244400 25.035414 -97.648930 -143.393851
 0.609600 0.244400 24.090586 -77.241565 -144.228852
 0.620400 0.244400 23.367969 -56.536732 -144.768149
 0.631200 0.244400 22.870073 -35.628048 -145.318515
 0.642000 0.244400 22.599253 -14.485362 -146.055941
 0.652800 0.244400 22.557639 6.761726 -147.073619
 0.663600 0.244400 22.743632 27.503545 -148.563923
 0.674400 0.244400 23.145305 46.396790 -150.898460
 0.685200 0.244400 23.731669 61.247091 -154.580549
 0.696000 0.244400 24.444532 69.319070 -160.284114
 0.706800 0.244400 25.198464 68.619986 -168.924403
 0.717600 0.244400 25.899880 59.921365 -181.121971
 0.728400 0.244400 26.482593 47.418189 -195.984570
 0.739200 0.244400 26.933529 36.125572 -210.917783
 0.750000 0.244400 27.281865 28.597318 -223.419612
 0.760800 0.244400 27.565564 23.863898 -232.872510
 0.771600 0.244400 27.801400 19.365331 -240.216988
 0.782400 0.244400 27.972292 11.047908 -246.836259
 0.793200 0.244400 27.992336 -10.597621 -253.851718
 0.804000 0.244400 27.642685 -58.524070 -261.197953
 0.814800 0.244400 26.666548 -120.741138 -266.418164
 0.825600 0.244400 25.121995 -158.763986 -268.042863
 0.836400 0.244400 23.352963 -164.304106 -267.681652
 0.847200 0.244400 21.633440 -152.178476 -266.810984
 0.858000 0.244400 20.088346 -133.254428 -265.959647
 0.868800 0.244400 18.761935 -112.172072 -265.340911
 0.879600 0.244400 17.666401 -90.708301 -264.999909
 0.890400 0.244400 16.800460 -69.795940 -264.958447
 0.901200 0.244400 16.154083 -50.155439 -265.392525
 0.912000 0.244400 15.711283 -32.095532 -266.468026
 0.922800 0.244400 15.456182 -15.314907 -267.921335
 0.933600 0.244400 15.377529 0.625238 -269.043888
 0.944400 0.244400 15.467165 15.846539 -269.296855
 0.955200 0.244400 15.717904 30.510638 -268.885244
 0.966000 0.244400 16.126476 45.148289 -268.621573
 0.976800 0.244400 16.693956 59.774490 -269.266121
 0.987600 0.244400 17.411683 72.336131 -271.074004
 0.998400 0.244400 18.228336 76.413573 -274.084824
 1.009200 0.244400 18.974339 54.934228 -278.924311
 1.020000 0.244400 19.227584 -17.203203 -285.536573
 1.030800 0.244400 18.520317 -109.066121 -290.124523
 1.041600 0.244400 17.063183 -150.983212 -292.913267
 1.052400 0.244400 15.399112 -153.212762 -296.032804
 1.063200 0.244400 13.788715 -144.361557 -296.243527
 1.074000 0.244400 12.279494 -134.888903 -289.941217
 1.084800 0.244400 10.877773 -124.052246 -278.457763
 1.095600 0.244400 9.607601 -110.729199 -266.459588
 1.106400 0.244400 8.479911 -98.567981 -256.616632
 1.117200 0.244400 7.452208 -92.873436 -247.897439
 1.128000 0.244400 6.442404 -94.963637 -237.887494
 1.138800 0.244400 5.382214 -101.456250 -225.680890
 1.149600 0.244400 4.245620 -108.713155 -212.747369
 1.160400 0.244400 3.036499 -114.583375 -201.413039
 1.171200 0.244400 1.781605 -116.846940 -193.408668
 1.182000 0.244400 0.529932 -113.935520 -189.382014
 1.192800 0.244400 -0.662745 -106.162568 -189.034602
 1.203600 0.244400 -1.751947 -95.101602 -191.524179
 1.214400 0.244400 -2.711463 -82.389674 -195.837234
 1.225200 0.244400 -3.528755 -68.807402 -200.952561
 1.236000 0.244400 -4.193912 -54.143614 -205.903703
 1.246800 0.244400 -4.693160 -38.082619 -209.976853
 1.257600 0.244400 -5.012800 -21.014732 -212.924592
 1.268400 0.244400 -5.146807 -3.881238 -214.948432
 1.279200 0.244400 -5.099766 12.365018 -216.481743
 1.290000 0.244400 -4.885369 27.005873 -217.921635
 1.300800 0.244400 -4.523030 39.744462 -219.303495
 1.311600 0.244400 -4.031815 50.973897 -219.974828
 1.322400 0.244400 -3.423396 61.541288 -218.672910
 1.333200 0.244400 -2.701344 71.959926 -214.296488
 1.344000 0.244400 -1.867880 81.990280 -206.748534
 1.354800 0.244400 -0.930379 90.995922 -196.989605
 1.365600 0.244400 0.096824 98.394482 -186.218127
 1.376400 0.244400 1.194510 103.902706 -174.985341
 1.387200 0.244400 2.344204 108.017456 -163.220064
 1.398000 0.244400 3.537175 111.859883 -150.810290
 1.408800 0.244400 4.775506 116.319571 -137.964238
 1.419600 0.244400 6.066443 121.479549 -125.069143
 1.430400 0.244400 7.417749 127.243319 -112.468623
 1.441200 0.244400 8.836819 134.040825 -100.586597
 1.452000 0.244400 10.335673 141.753179 -89.557685
 1.462800 0.244400 11.922922 150.047011 -79.348865
 1.473600 0.244400 13.602165 158.194703 -70.033022
 1.484400 0.244400 15.367082 165.418620 -62.459067
 1.495200 0.244400 17.199559 169.338389 -58.849183
 1.506000 0.244400 19.043234 166.528801 -63.273253
 1.516800 0.244400 20.817614 156.721127 -79.220861
 1.527600 0.244400 22.501746 152.812018 -103.522869
 1.538400 0.244400 24.246263 169.567270 -126.356860
 1.549200 0.244400 26.293928 207.944365 -141.880308
 1.560000 0.244400 28.844344 260.376446 -150.453664

 0.480000 0.249600 49.534165 -353.476592 -90.916153
 0.490800 0.249600 45.859199 -317.646876 -95.341056
 0.501600 0.249600 42.565823 -286.829172 -100.027423
 0.512400 0.249600 39.597711 -260.024295 -105.320180
 0.523200 0.249600 36.906730 -236.507765 -111.123353
 0.534000 0.249600 34.463603 -215.000228 -116.879525
 0.544800 0.249600 32.247883 -194.783731 -121.962343
 0.555600 0.249600 30.247371 -175.397785 -126.048899
 0.566400 0.249600 28.454249 -156.505682 -129.130777
 0.577200 0.249600 26.865158 -137.618628 -131.377744
 0.588000 0.249600 25.482926 -118.180532 -132.894684
 0.598800 0.249600 24.314802 -98.002163 -133.678385
 0.609600 0.249600 23.367690 -77.329417 -133.753665
 0.620400 0.249600 22.644986 -56.486803 -133.256342
 0.631200 0.249600 22.147859 -35.549206 -132.380375
 0.642000 0.249600 21.877705 -14.454565 -131.332204
 0.652800 0.249600 21.835632 6.615466 -130.442684
 0.663600 0.249600 22.018039 26.936829 -130.307417
 0.674400 0.249600 22.409919 45.098134 -131.728581
 0.685200 0.249600 22.976931 58.914536 -135.460490
 0.696000 0.249600 23.657720 65.664209 -142.016295
 0.706800 0.249600 24.363874 63.416997 -151.625533
 0.717600 0.249600 25.001133 53.355183 -163.968495
 0.728400 0.249600 25.509385 40.427327 -177.672224
 0.739200 0.249600 25.887860 29.917060 -190.638279
 0.750000 0.249600 26.175855 23.706590 -201.435340
 0.760800 0.249600 26.412715 20.052757 -210.071224
 0.771600 0.249600 26.610570 16.085301 -217.355102
 0.782400 0.249600 26.745932 7.688357 -224.386761
 0.793200 0.249600 26.726944 -14.453515 -232.361539
 0.804000 0.249600 26.335324 -62.129462 -241.098984
 0.814800 0.249600 25.329995 -122.344516 -247.009419
 0.825600 0.249600 23.778699 -158.621358 -247.928227
 0.836400 0.249600 22.014737 -163.667619 -246.363144
 0.847200 0.249600 20.301790 -151.641387 -244.762866
 0.858000 0.249600 18.761182 -132.969248 -243.945440
 0.868800 0.249600 17.436550 -112.114806 -243.913814
 0.879600 0.249600 16.340840 -90.782952 -244.321330
 0.890400 0.249600 15.473631 -69.956919 -244.810958
 0.901200 0.249600 14.824918 -50.431979 -245.211024
 0.912000 0.249600 14.378575 -32.456973 -245.446509
 0.922800 0.249600 14.119871 -15.583343 -245.382266
 0.933600 0.249600 14.039697 0.628470 -244.913252
 0.944400 0.249600 14.130756 16.073896 -244.210378
 0.955200 0.249600 14.383853 30.656248 -243.790005
 0.966000 0.249600 14.791857 44.848097 -244.295065
 0.976800 0.249600 15.352790 58.856527 -246.145997
 0.987600 0.249600 16.057545 70.878992 -249.290566
 0.998400 0.249600 16.855837 74.466333 -253.323035
 1.009200 0.249600 17.577414 52.393058 -257.892249
 1.020000 0.249600 17.803556 -19.336613 -261.753064
 1.030800 0.249600 17.081942 -109.857059 -262.687448
 1.041600 0.249600 15.614437 -152.324966 -263.744107
 1.052400 0.249600 13.933771 -154.599472 -266.807946
 1.063200 0.249600 12.318662 -143.517066 -268.201172
 1.074000 0.249600 10.835808 -130.973520 -264.187948
 1.084800 0.249600 9.485948 -118.816299 -255.670500
 1.095600 0.249600 8.268881 -106.408716 -247.335550
 1.106400 0.249600 7.180307 -95.552992 -242.306042
 1.117200 0.249600 6.184149 -89.789720 -239.073892
 1.128000 0.249600 5.214930 -90.423958 -233.671855
 1.138800 0.249600 4.212407 -95.478235 -223.960276
 1.149600 0.249600 3.143127 -102.471404 -211.285223
 1.160400 0.249600 1.996993 -109.345526 -198.577040
 1.171200 0.249600 0.789475 -113.387102 -188.386049
 1.182000 0.249600 -0.435417 -112.410490 -182.027901
 1.192800 0.249600 -1.620827 -106.264273 -179.466067
 1.203600 0.249600 -2.717718 -96.335871 -179.830655
 1.214400 0.249600 -3.694407 -84.254581 -182.026343
 1.225200 0.249600 -4.533157 -70.844381 -185.056843
 1.236000 0.249600 -5.219500 -55.978150 -188.132900
 1.246800 0.249600 -5.736420 -39.502056 -190.747157
 1.257600 0.249600 -6.069013 -22.008193 -192.718624
 1.268400 0.249600 -6.212091 -4.602507 -194.181303
 1.279200 0.249600 -6.172380 11.694282 -195.493779
 1.290000 0.249600 -5.965647 26.255502 -196.996561
 1.300800 0.249600 -5.611307 39.073718 -198.617543
 1.311600 0.249600 -5.124706 50.899751 -199.608652
 1.322400 0.249600 -4.511026 62.677622 -198.817050
 1.333200 0.249600 -3.768672 74.586217 -195.419669
 1.344000 0.249600 -2.899709 85.855343 -189.445499
 1.354800 0.249600 -1.916153 95.556141 -181.647610
 1.365600 0.249600 -0.837769 103.256691 -172.830036
 1.376400 0.249600 0.313971 109.023102 -163.272448
 1.387200 0.249600 1.521287 113.493958 -152.814014
 1.398000 0.249600 2.776007 117.646798 -141.411097
 1.408800 0.249600 4.078735 122.233072 -129.458738
 1.419600 0.249600 5.434210 127.309456 -117.538224
 1.430400 0.249600 6.848107 132.743906 -106.092972
 1.441200 0.249600 8.325566 139.090757 -95.547846
 1.452000 0.249600 9.878046 146.365862 -86.003749
 1.462800 0.249600 11.514625 154.295637 -77.362525
 1.473600 0.249600 13.238788 161.903423 -69.642479
 1.484400 0.249600 15.039943 167.909923 -63.595495
 1.495200 0.249600 16.889153 169.373124 -60.967284
 1.506000 0.249600 18.714257 162.669474 -63.339645
 1.516800 0.249600 20.426115 149.237484 -70.236590
 1.527600 0.249600 22.023502 145.031702 -77.812797
 1.538400 0.249600 23.694209 164.289662 -82.444989
 1.549200 0.249600 25.697016 205.364399 -83.795346
 1.560000 0.249600 28.226510 259.684473 -83.134444

 0.480000 0.254800 49.065323 -354.041795 -88.619930
 0.490800 0.254800 45.378471 -318.767463 -89.030191
 0.501600 0.254800 42.067444 -288.642990 -91.303151
 0.512400 0.254800 39.074921 -262.480019 -95.458793
 0.523200 0.254800 36.354592 -239.303266 -100.924602
 0.534000 0.254800 33.880966 -217.724208 -106.844403
 0.544800 0.254800 31.637756 -197.094584 -112.296079
 0.555600 0.254800 29.615089 -177.172114 -116.734469
 0.566400 0.254800 27.805619 -157.773402 -119.980025
 0.577200 0.254800 26.205226 -138.459577 -122.130579
 0.588000 0.254800 24.815991 -118.639945 -123.349813
 0.598800 0.254800 23.644951 -98.082419 -123.723920
 0.609600 0.254800 22.699001 -77.037071 -123.244017
 0.620400 0.254800 21.981320 -55.857631 -121.862628
 0.631200 0.254800 21.492486 -34.660398 -119.610317
 0.642000 0.254800 21.232647 -13.472156 -116.755758
 0.652800 0.254800 21.200325 7.371954 -113.957047
 0.663600 0.254800 21.387654 27.010030 -112.248711
 0.674400 0.254800 21.774523 44.030521 -112.769023
 0.685200 0.254800 22.322428 56.414003 -116.334242
 0.696000 0.254800 22.968096 61.666847 -123.154667
 0.706800 0.254800 23.623565 58.083276 -132.855896
 0.717600 0.254800 24.197948 47.175431 -144.534576
 0.728400 0.254800 24.638609 34.269102 -156.750488
 0.739200 0.254800 24.954112 24.545414 -168.008487
 0.750000 0.254800 25.188998 19.273485 -177.667816
 0.760800 0.254800 25.381643 16.280550 -186.058439
 0.771600 0.254800 25.540351 12.564740 -193.862869
 0.782400 0.254800 25.636243 3.818267 -202.081678
 0.793200 0.254800 25.571055 -19.114332 -211.945504
 0.804000 0.254800 25.129027 -66.369230 -222.571425
 0.814800 0.254800 24.091764 -123.784379 -228.862371
 0.825600 0.254800 22.538846 -157.807472 -228.546631
 0.836400 0.254800 20.787066 -162.461587 -225.430409
 0.847200 0.254800 19.084951 -150.902464 -222.827613
 0.858000 0.254800 17.549073 -132.821435 -221.749721
 0.868800 0.254800 16.223626 -112.368277 -222.015873
 0.879600 0.254800 15.124295 -91.155319 -222.955830
 0.890400 0.254800 14.253430 -70.236885 -223.879119
 0.901200 0.254800 13.602668 -50.521587 -224.337339
 0.912000 0.254800 13.156556 -32.322513 -224.160208
 0.922800 0.254800 12.900447 -15.248051 -223.443467
 0.933600 0.254800 12.824477 1.041966 -222.532502
 0.944400 0.254800 12.919462 16.345011 -221.900783
 0.955200 0.254800 13.173542 30.524687 -221.998392
 0.966000 0.254800 13.576894 44.089005 -223.218340
 0.976800 0.254800 14.125778 57.389224 -225.864389
 0.987600 0.254800 14.811441 68.856336 -229.914310
 0.998400 0.254800 15.586293 72.211297 -234.797837
 1.009200 0.254800 16.284192 50.432324 -239.342285
 1.020000 0.254800 16.495988 -19.795243 -241.159322
 1.030800 0.254800 15.778105 -109.241657 -238.999147
 1.041600 0.254800 14.310675 -153.103617 -237.985097
 1.052400 0.254800 12.615923 -156.052905 -240.324457
 1.063200 0.254800 10.991870 -143.375666 -242.367175
 1.074000 0.254800 9.524647 -128.293884 -240.416350
 1.084800 0.254800 8.211342 -115.157653 -234.920828
 1.095600 0.254800 7.028059 -104.109988 -230.147907
 1.106400 0.254800 5.954096 -95.006230 -229.176516
 1.117200 0.254800 4.962405 -89.135035 -230.161101
 1.128000 0.254800 4.010472 -87.695242 -228.535500
 1.138800 0.254800 3.050687 -90.439672 -221.791929
 1.149600 0.254800 2.043367 -96.293397 -210.940959
 1.160400 0.254800 0.963799 -103.422211 -198.462990
 1.171200 0.254800 -0.186103 -108.781925 -186.796240
 1.182000 0.254800 -1.370833 -109.600501 -177.802203
 1.192800 0.254800 -2.535171 -105.110087 -172.209698
 1.203600 0.254800 -3.626464 -96.361904 -169.602320
 1.214400 0.254800 -4.607378 -84.927784 -168.957795
 1.225200 0.254800 -5.454886 -71.734542 -169.241165
 1.236000 0.254800 -6.150766 -56.825388 -169.783318
 1.246800 0.254800 -6.676102 -40.207985 -170.357490
 1.257600 0.254800 -7.015598 -22.591992 -171.010012
 1.268400 0.254800 -7.164755 -5.166608 -171.885269
 1.279200 0.254800 -7.131622 11.023503 -173.121009
 1.290000 0.254800 -6.932877 25.463466 -174.691703
 1.300800 0.254800 -6.586817 38.395628 -176.214094
 1.311600 0.254800 -6.104955 50.781391 -176.975532
 1.322400 0.254800 -5.487640 63.516909 -176.311726
 1.333200 0.254800 -4.730417 76.493158 -173.980059
 1.344000 0.254800 -3.835819 88.647817 -170.138550
 1.354800 0.254800 -2.818513 98.971172 -165.034584
 1.365600 0.254800 -1.700479 107.165231 -158.682546
 1.376400 0.254800 -0.503445 113.477819 -150.876091
 1.387200 0.254800 0.755565 118.530513 -141.488645
 1.398000 0.254800 2.067803 123.086511 -130.799415
 1.408800 0.254800 3.431029 127.766594 -119.500079
 1.419600 0.254800 4.846510 132.671110 -108.321122
 1.430400 0.254800 6.317536 137.699376 -97.723174
 1.441200 0.254800 7.847069 143.504346 -88.133896
 1.452000 0.254800 9.445648 150.202591 -79.858657
 1.462800 0.254800 11.122217 157.573883 -73.113749
 1.473600 0.254800 12.879544 164.447964 -68.213965
 1.484400 0.254800 14.703732 169.212856 -65.675241
 1.495200 0.254800 16.560109 169.193706 -65.896498
 1.506000 0.254800 18.378970 161.793885 -66.307622
 1.516800 0.254800 20.086872 149.611090 -61.344462
 1.527600 0.254800 21.699879 147.424822 -48.044927
 1.538400 0.254800 23.402520 167.613413 -31.007477
 1.549200 0.254800 25.440987 208.501250 -15.457226
 1.560000 0.254800 28.002227 262.338191 -3.300814

 0.480000 0.260000 48.623903 -352.944183 -79.858312
 0.490800 0.260000 44.941006 -318.740204 -78.309671
 0.501600 0.260000 41.621591 -289.814808 -79.511304
 0.512400 0.260000 38.609151 -264.675909 -83.138694
 0.523200 0.260000 35.861052 -242.060447 -88.396412
 0.534000 0.260000 33.356525 -220.548616 -94.355367
 0.544800 0.260000 31.084222 -199.586304 -100.077520
 0.555600 0.260000 29.037380 -179.124200 -104.929637
 0.566400 0.260000 27.210091 -159.124914 -108.540424
 0.577200 0.260000 25.598199 -139.255301 -110.817068
 0.588000 0.260000 24.202991 -118.964404 -111.894742
 0.598800 0.260000 23.030763 -97.980570 -111.979202
 0.609600 0.260000 22.088303 -76.483318 -111.143060
 0.620400 0.260000 21.379298 -54.798748 -109.265187
 0.631200 0.260000 20.904555 -33.129553 -106.237484
 0.642000 0.260000 20.662823 -11.711442 -102.307307
 0.652800 0.260000 20.648648 8.873633 -98.298271
 0.663600 0.260000 20.847987 27.628280 -95.500269
 0.674400 0.260000 21.234276 43.237864 -95.222173
 0.685200 0.260000 21.764874 53.996520 -98.233993
 0.696000 0.260000 22.376174 57.766437 -104.483038
 0.706800 0.260000 22.983183 53.094524 -113.260188
 0.717600 0.260000 23.500344 41.687423 -123.472379
 0.728400 0.260000 23.882117 28.978392 -133.843386
 0.739200 0.260000 24.143388 19.860114 -143.420580
 0.750000 0.260000 24.330419 15.094082 -152.169241
 0.760800 0.260000 24.479057 12.289958 -160.748272
 0.771600 0.260000 24.593882 8.384870 -169.935481
 0.782400 0.260000 24.640833 -1.145522 -180.703643
 0.793200 0.260000 24.516175 -25.052677 -193.818387
 0.804000 0.260000 24.012617 -71.247657 -206.819433
 0.814800 0.260000 22.942474 -124.803856 -213.103033
 0.825600 0.260000 21.395712 -156.105575 -211.043611
 0.836400 0.260000 19.665484 -160.467917 -205.849272
 0.847200 0.260000 17.981152 -149.681363 -201.528184
 0.858000 0.260000 16.453425 -132.515062 -199.343914
 0.868800 0.260000 15.127429 -112.712847 -199.168779
 0.879600 0.260000 14.022673 -91.747732 -200.246122
 0.890400 0.260000 13.145693 -70.730965 -201.681936
 0.901200 0.260000 12.491065 -50.725662 -202.805104
 0.912000 0.260000 12.044454 -32.223593 -203.352875
 0.922800 0.260000 11.790417 -14.998749 -203.503958
 0.933600 0.260000 11.716943 1.219635 -203.670199
 0.944400 0.260000 11.812655 16.280149 -204.147780
 0.955200 0.260000 12.064167 30.091591 -205.042945
 0.966000 0.260000 12.460102 43.114728 -206.585879
 0.976800 0.260000 12.994730 55.709604 -209.287910
 0.987600 0.260000 13.658573 66.535852 -213.489421
 0.998400 0.260000 14.406814 69.718954 -218.723419
 1.009200 0.260000 15.080953 48.800101 -223.280122
 1.020000 0.260000 15.286644 -19.119666 -223.956143
 1.030800 0.260000 14.585396 -107.508953 -220.006433
 1.041600 0.260000 13.127747 -153.213463 -217.422156
 1.052400 0.260000 11.423180 -157.408027 -218.835418
 1.063200 0.260000 9.787075 -143.924443 -221.347430
 1.074000 0.260000 8.323874 -127.009330 -221.712014
 1.084800 0.260000 7.030375 -113.108344 -219.555803
 1.095600 0.260000 5.864164 -103.258506 -217.552444
 1.106400 0.260000 4.790359 -95.687892 -217.957968
 1.117200 0.260000 3.790582 -89.598862 -219.446738
 1.128000 0.260000 2.843565 -86.163313 -218.706750
 1.138800 0.260000 1.912988 -86.678005 -214.056781
 1.149600 0.260000 0.954859 -91.121860 -206.136084
 1.160400 0.260000 -0.065270 -97.748183 -196.120404
 1.171200 0.260000 -1.155079 -103.487761 -185.110140
 1.182000 0.260000 -2.288246 -105.446769 -174.606481
 1.192800 0.260000 -3.415443 -102.389954 -166.074470
 1.203600 0.260000 -4.484276 -94.854559 -160.077567
 1.214400 0.260000 -5.453307 -84.151479 -156.149259
 1.225200 0.260000 -6.294385 -71.268592 -153.409900
 1.236000 0.260000 -6.986015 -56.497104 -151.276751
 1.246800 0.260000 -7.508649 -40.051348 -149.708656
 1.257600 0.260000 -7.847808 -22.701131 -148.950332
 1.268400 0.260000 -7.999856 -5.595821 -149.185246
 1.279200 0.260000 -7.972947 10.318767 -150.329200
 1.290000 0.260000 -7.782477 24.683518 -151.929463
 1.300800 0.260000 -7.443777 37.872063 -153.239809
 1.311600 0.260000 -6.964810 50.800616 -153.603070
 1.322400 0.260000 -6.343950 64.144945 -152.902921
 1.333200 0.260000 -5.577173 77.613595 -151.531063
 1.344000 0.260000 -4.668280 90.173598 -149.824120
 1.354800 0.260000 -3.631918 101.008422 -147.556940
 1.365600 0.260000 -2.487998 109.950913 -143.959146
 1.376400 0.260000 -1.255739 117.190896 -138.287942
 1.387200 0.260000 0.048553 123.108990 -130.370152
 1.398000 0.260000 1.413991 128.201158 -120.701248
 1.408800 0.260000 2.834260 133.009444 -110.108776
 1.419600 0.260000 4.306708 137.758742 -99.348232
 1.430400 0.260000 5.832156 142.407258 -88.926146
 1.441200 0.260000 7.410928 147.595257 -79.471295
 1.452000 0.260000 9.050740 153.413194 -71.801590
 1.462800 0.260000 10.757787 159.663530 -66.795769
 1.473600 0.260000 12.531777 165.166311 -65.341617
 1.484400 0.260000 14.356532 168.325907 -67.828302
 1.495200 0.260000 16.198728 167.669977 -73.417160
 1.506000 0.260000 18.010978 162.739952 -76.490850
 1.516800 0.260000 19.759944 156.654678 -67.705319
 1.527600 0.260000 21.480559 159.538007 -42.272468
 1.538400 0.260000 23.322447 180.372974 -7.525931
 1.549200 0.260000 25.490810 218.959147 26.569765
 1.560000 0.260000 28.155374 270.083728 54.829544

 0.480000 0.265200 48.246922 -351.351495 -64.229841
 0.490800 0.265200 44.572600 -318.397316 -62.747421
 0.501600 0.265200 41.246784 -290.842218 -64.167397
 0.512400 0.265200 38.215344 -266.810871 -67.925965
 0.523200 0.265200 35.439823 -244.806864 -73.242915
 0.534000 0.265200 32.904172 -223.432740 -79.243779
 0.544800 0.265200 30.601621 -202.226303 -85.115553
 0.555600 0.265200 28.528779 -181.251893 -90.198454
 0.566400 0.265200 26.682090 -160.575654 -93.972869
 0.577200 0.265200 25.058357 -140.011850 -96.177071
 0.588000 0.265200 23.658235 -119.145027 -96.927680
 0.598800 0.265200 22.486553 -97.714677 -96.588982
 0.609600 0.265200 21.549236 -75.788145 -95.433098
 0.620400 0.265200 20.850416 -53.593234 -93.438719
 0.631200 0.265200 20.391615 -31.395419 -90.459429
 0.642000 0.265200 20.170603 -9.671044 -86.612276
 0.652800 0.265200 20.177918 10.708055 -82.559927
 0.663600 0.265200 20.392973 28.595121 -79.455497
 0.674400 0.265200 20.782479 42.802750 -78.528250
 0.685200 0.265200 21.299868 51.991445 -80.530432
 0.696000 0.265200 21.881882 54.407112 -85.441352
 0.706800 0.265200 22.447282 48.837478 -92.587234
 0.717600 0.265200 22.916209 37.117840 -100.882136
 0.728400 0.265200 23.249345 24.620566 -109.196026
 0.739200 0.265200 23.465179 15.808791 -117.105082
 0.750000 0.265200 23.608397 10.985338 -125.282322
 0.760800 0.265200 23.710154 7.678115 -134.893263
 0.771600 0.265200 23.770509 2.871465 -146.872970
 0.782400 0.265200 23.750971 -7.966197 -161.866652
 0.793200 0.265200 23.546713 -32.698467 -179.409708
 0.804000 0.265200 22.968854 -76.669282 -194.872474
 0.814800 0.265200 21.867120 -125.159576 -200.640355
 0.825600 0.265200 20.336845 -153.281540 -196.337084
 0.836400 0.265200 18.640429 -157.373955 -188.513583
 0.847200 0.265200 16.984746 -147.570986 -181.772929
 0.858000 0.265200 15.473151 -131.631039 -177.674032
 0.868800 0.265200 14.150911 -112.839011 -176.307173
 0.879600 0.265200 13.041226 -92.455371 -177.043736
 0.890400 0.265200 12.155469 -71.585311 -178.949610
 0.901200 0.265200 11.492181 -51.446099 -181.182110
 0.912000 0.265200 11.038835 -32.761808 -183.290558
 0.922800 0.265200 10.779397 -15.488435 -185.284280
 0.933600 0.265200 10.700300 0.660495 -187.315741
 0.944400 0.265200 10.789665 15.675345 -189.275202
 0.955200 0.265200 11.034524 29.449857 -190.913526
 0.966000 0.265200 11.422383 42.200667 -192.446308
 0.976800 0.265200 11.943929 54.151567 -194.732193
 0.987600 0.265200 12.586752 64.226714 -198.532387
 0.998400 0.265200 13.307964 67.168432 -203.562983
 1.009200 0.265200 13.958610 47.327129 -207.927907
 1.020000 0.265200 14.161899 -17.954642 -208.219860
 1.030800 0.265200 13.482858 -105.204944 -203.808874
 1.041600 0.265200 12.041826 -152.644109 -200.073960
 1.052400 0.265200 10.333740 -158.383864 -199.910558
 1.063200 0.265200 8.685284 -144.978910 -201.969441
 1.074000 0.265200 7.215382 -127.125372 -204.008130
 1.084800 0.265200 5.925191 -112.527320 -204.755089
 1.095600 0.265200 4.764286 -103.015409 -204.601857
 1.106400 0.265200 3.689359 -96.074399 -204.507331
 1.117200 0.265200 2.686045 -89.676642 -204.277972
 1.128000 0.265200 1.744612 -84.982396 -202.802876
 1.138800 0.265200 0.834369 -84.167835 -199.569811
 1.149600 0.265200 -0.090942 -87.611728 -194.811253
 1.160400 0.265200 -1.068240 -93.355564 -188.378100
 1.171200 0.265200 -2.106656 -98.462337 -179.804308
 1.182000 0.265200 -3.185110 -100.487785 -169.559982
 1.192800 0.265200 -4.262496 -98.219724 -159.209761
 1.203600 0.265200 -5.291933 -91.726634 -150.229833
 1.214400 0.265200 -6.231944 -81.848093 -143.093865
 1.225200 0.265200 -7.051059 -69.462620 -137.467162
 1.236000 0.265200 -7.725191 -55.064714 -132.964704
 1.246800 0.265200 -8.234729 -39.083649 -129.586017
 1.257600 0.265200 -8.566568 -22.329694 -127.577483
 1.268400 0.265200 -8.717983 -5.839425 -127.087578
 1.279200 0.265200 -8.696321 9.638147 -127.907940
 1.290000 0.265200 -8.513917 23.943855 -129.364799
 1.300800 0.265200 -8.181593 37.487590 -130.515336
 1.311600 0.265200 -7.703960 50.930591 -130.726875
 1.322400 0.265200 -7.079723 64.583276 -130.188310
 1.333200 0.265200 -6.308052 78.045096 -129.671710
 1.344000 0.265200 -5.394910 90.562271 -129.650327
 1.354800 0.265200 -4.353040 101.730983 -129.660673
 1.365600 0.265200 -3.197065 111.531649 -128.517796
 1.376400 0.265200 -1.941357 119.943081 -125.156786
 1.387200 0.265200 -0.600883 126.974698 -119.220773
 1.398000 0.265200 0.811111 132.843984 -111.058362
 1.408800 0.265200 2.284327 138.018158 -101.321822
 1.419600 0.265200 3.812284 142.811742 -90.722091
 1.430400 0.265200 5.392580 147.186244 -80.038960
 1.441200 0.265200 7.021119 151.643474 -70.387238
 1.452000 0.265200 8.699633 156.123224 -63.263798
 1.462800 0.265200 10.427726 160.431505 -60.321927
 1.473600 0.265200 12.198856 163.598901 -63.052017
 1.484400 0.265200 13.994894 164.448627 -71.790538
 1.495200 0.265200 15.789254 163.192946 -84.772853
 1.506000 0.265200 17.566423 161.704717 -95.674399
 1.516800 0.265200 19.343195 163.681317 -95.283657
 1.527600 0.265200 21.185958 174.723096 -76.872366
 1.538400 0.265200 23.217241 199.242440 -42.913337
 1.549200 0.265200 25.592103 236.892975 -1.250573
 1.560000 0.265200 28.444608 285.059359 40.600690

 0.480000 0.270400 47.962381 -350.076818 -44.935137
 0.490800 0.270400 44.292850 -318.336328 -44.696301
 0.501600 0.270400 40.957622 -292.072062 -46.928992
 0.512400 0.270400 37.905640 -269.026961 -51.064431
 0.523200 0.270400 35.102156 -247.565311 -56.473526
 0.534000 0.270400 32.535421 -226.315293 -62.384391
 0.544800 0.270400 30.202546 -204.883344 -68.111726
 0.555600 0.270400 28.103619 -183.373733 -72.978897
 0.566400 0.270400 26.237988 -161.935032 -76.402629
 0.577200 0.270400 24.604021 -140.560853 -78.060348
 0.588000 0.270400 23.201701 -119.044269 -78.097594
 0.598800 0.270400 22.033550 -97.196589 -77.028938
 0.609600 0.270400 21.103454 -74.975363 -75.365312
 0.620400 0.270400 20.415086 -52.458545 -73.318950
 0.631200 0.270400 19.970527 -29.893671 -70.844163
 0.642000 0.270400 19.767319 -7.913583 -67.920250
 0.652800 0.270400 19.793526 12.372987 -64.818086
 0.663600 0.270400 20.023776 29.653986 -62.182107
 0.674400 0.270400 20.419220 42.778404 -60.881274
 0.685200 0.270400 20.929327 50.655371 -61.683662
 0.696000 0.270400 21.490141 51.859303 -64.912899
 0.706800 0.270400 22.023190 45.481828 -70.204977
 0.717600 0.270400 22.454156 33.542729 -76.518599
 0.728400 0.270400 22.749271 21.180166 -82.862889
 0.739200 0.270400 22.927496 12.209530 -89.520376
 0.750000 0.270400 23.027619 6.502376 -98.118270
 0.760800 0.270400 23.073253 1.724052 -110.368859
 0.771600 0.270400 23.059851 -4.823610 -127.006816
 0.782400 0.270400 22.947872 -17.283680 -147.649527
 0.793200 0.270400 22.639740 -42.145719 -169.893706
 0.804000 0.270400 21.976387 -82.322458 -187.034915
 0.814800 0.270400 20.847848 -124.561932 -191.424223
 0.825600 0.270400 19.347106 -149.112644 -184.370749
 0.836400 0.270400 17.699106 -152.961407 -173.639157
 0.847200 0.270400 16.085441 -144.319424 -164.294510
 0.858000 0.270400 14.600941 -129.872200 -158.010257
 0.868800 0.270400 13.289996 -112.459375 -155.004731
 0.879600 0.270400 12.178502 -93.095398 -154.886009
 0.890400 0.270400 11.282382 -72.789637 -156.879947
 0.901200 0.270400 10.604819 -52.836081 -160.068378
 0.912000 0.270400 10.136354 -34.160568 -163.707737
 0.922800 0.270400 9.861828 -16.885504 -167.419084
 0.933600 0.270400 9.767824 -0.680046 -170.987516
 0.944400 0.270400 9.843861 14.581772 -174.030706
 0.955200 0.270400 10.078733 28.678214 -176.172571
 0.966000 0.270400 10.458732 41.433241 -177.666834
 0.976800 0.270400 10.969540 52.855604 -179.526523
 0.987600 0.270400 11.594198 62.174660 -182.684646
 0.998400 0.270400 12.290946 64.835700 -186.979988
 1.009200 0.270400 12.920229 46.005329 -190.762429
 1.020000 0.270400 13.121767 -16.830902 -191.193766
 1.030800 0.270400 12.464512 -102.755014 -187.317606
 1.041600 0.270400 11.045615 -151.220605 -182.521253
 1.052400 0.270400 9.344460 -158.461926 -179.907681
 1.063200 0.270400 7.689322 -145.994649 -180.256625
 1.074000 0.270400 6.207340 -128.208811 -182.662449
 1.084800 0.270400 4.907999 -113.086841 -185.260743
 1.095600 0.270400 3.744166 -103.037845 -186.522479
 1.106400 0.270400 2.670774 -95.799795 -186.220227
 1.117200 0.270400 1.671940 -89.108331 -185.024475
 1.128000 0.270400 0.738920 -83.998117 -183.490419
 1.138800 0.270400 -0.158401 -82.785724 -181.796798
 1.149600 0.270400 -1.066304 -85.736415 -179.727448
 1.160400 0.270400 -2.018582 -90.525178 -176.349585
 1.171200 0.270400 -3.019426 -94.349986 -170.398382
 1.182000 0.270400 -4.047841 -95.465094 -161.526063
 1.192800 0.270400 -5.069801 -93.129104 -150.825753
 1.203600 0.270400 -6.047108 -87.239409 -140.025570
 1.214400 0.270400 -6.942968 -78.158567 -130.375353
 1.225200 0.270400 -7.726157 -66.480277 -122.306066
 1.236000 0.270400 -8.371561 -52.729237 -115.840137
 1.246800 0.270400 -8.859609 -37.456348 -111.007881
 1.257600 0.270400 -9.178084 -21.491313 -107.892599
 1.268400 0.270400 -9.324673 -5.767820 -106.487684
 1.279200 0.270400 -9.305515 9.155249 -106.549430
 1.290000 0.270400 -9.129521 23.316820 -107.481614
 1.300800 0.270400 -8.802752 37.139182 -108.448974
 1.311600 0.270400 -8.326653 50.975089 -108.880525
 1.322400 0.270400 -7.701000 64.728053 -108.956435
 1.333200 0.270400 -6.929032 77.914469 -109.393591
 1.344000 0.270400 -6.019091 90.146442 -110.588081
 1.354800 0.270400 -4.981332 101.496555 -112.025251
 1.365600 0.270400 -3.824104 112.087666 -112.539101
 1.376400 0.270400 -2.556127 121.679136 -111.070144
 1.387200 0.270400 -1.189967 129.954351 -107.063149
 1.398000 0.270400 0.260312 136.901367 -100.467947
 1.408800 0.270400 1.781947 142.829700 -91.571269
 1.419600 0.270400 3.364810 147.937373 -81.076876
 1.430400 0.270400 5.001121 152.057813 -70.304249
 1.441200 0.270400 6.679189 155.483377 -61.086633
 1.452000 0.270400 8.391038 157.966247 -55.671513
 1.462800 0.270400 10.125756 159.336921 -56.429291
 1.473600 0.270400 11.867980 159.093492 -65.179409
 1.484400 0.270400 13.598941 157.006342 -81.650122
 1.495200 0.270400 15.304888 154.979319 -102.465622
 1.506000 0.270400 17.002995 156.307260 -121.372494
 1.516800 0.270400 18.750909 164.831940 -132.084204
 1.527600 0.270400 20.645750 183.656881 -130.119217
 1.538400 0.270400 22.807357 214.239717 -114.985712
 1.549200 0.270400 25.365500 254.839814 -89.072589
 1.560000 0.270400 28.424163 303.417924 -55.919798

 0.480000 0.275600 47.781106 -349.548863 -24.870967
 0.490800 0.275600 44.108482 -318.809809 -26.322862
 0.501600 0.275600 40.759513 -293.567273 -29.326413
 0.512400 0.275600 37.685395 -271.289779 -33.640274
 0.523200 0.275600 34.854047 -250.257685 -38.883610
 0.534000 0.275600 32.257363 -229.073340 -44.437631
 0.544800 0.275600 29.895761 -207.376169 -49.712439
 0.555600 0.275600 27.772863 -185.273335 -54.031741
 0.566400 0.275600 25.891062 -163.001467 -56.815958
 0.577200 0.275600 24.250412 -140.745658 -57.742874
 0.588000 0.275600 22.850104 -118.536363 -56.958642
 0.598800 0.275600 21.689781 -96.307639 -55.029876
 0.609600 0.275600 20.770163 -73.952380 -52.644182
 0.620400 0.275600 20.093105 -51.389680 -50.285302
 0.631200 0.275600 19.660405 -28.760725 -48.120400
 0.642000 0.275600 19.469846 -6.709353 -46.103567
 0.652800 0.275600 19.509071 13.551874 -44.157080
 0.663600 0.275600 19.750907 30.569550 -42.349205
 0.674400 0.275600 20.153280 43.082685 -41.047671
 0.685200 0.275600 20.661808 50.012147 -40.935066
 0.696000 0.275600 21.209880 50.154734 -42.672568
 0.706800 0.275600 21.719986 43.022909 -46.238113
 0.717600 0.275600 22.122929 30.897392 -50.735416
 0.728400 0.275600 22.389239 18.442044 -55.566918
 0.739200 0.275600 22.533970 8.573840 -61.992366
 0.750000 0.275600 22.584699 0.846314 -72.678964
 0.760800 0.275600 22.555272 -6.517300 -89.583429
 0.771600 0.275600 22.439411 -15.428168 -112.480091
 0.782400 0.275600 22.204138 -29.229236 -139.095217
 0.793200 0.275600 21.770216 -52.870648 -164.811166
 0.804000 0.275600 21.017059 -87.566050 -181.796301
 0.814800 0.275600 19.871805 -122.686240 -183.674845
 0.825600 0.275600 18.415659 -143.525508 -173.636026
 0.836400 0.275600 16.830609 -147.303202 -160.316136
 0.847200 0.275600 15.271244 -140.029539 -148.973015
 0.858000 0.275600 13.824206 -127.227352 -141.023980
 0.868800 0.275600 12.533113 -111.401547 -136.484329
 0.879600 0.275600 11.425342 -93.413232 -135.150433
 0.890400 0.275600 10.519969 -74.111656 -136.609525
 0.901200 0.275600 9.824766 -54.705372 -140.055989
 0.912000 0.275600 9.334950 -36.195372 -144.451245
 0.922800 0.275600 9.038608 -18.863332 -148.927127
 0.933600 0.275600 8.924293 -2.431878 -152.961092
 0.944400 0.275600 8.983548 13.256609 -156.207539
 0.955200 0.275600 9.206807 27.834746 -158.455973
 0.966000 0.275600 9.579025 40.755027 -159.955033
 0.976800 0.275600 10.080959 51.814804 -161.531560
 0.987600 0.275600 10.691012 60.522442 -163.992230
 0.998400 0.275600 11.367934 62.924363 -167.309324
 1.009200 0.275600 11.979123 44.774440 -170.513928
 1.020000 0.275600 12.176400 -16.226354 -171.821825
 1.030800 0.275600 11.535980 -100.419900 -169.305713
 1.041600 0.275600 10.144583 -148.745013 -163.559757
 1.052400 0.275600 8.464467 -157.200842 -158.110189
 1.063200 0.275600 6.813840 -146.395068 -156.003135
 1.074000 0.275600 5.321011 -129.641559 -157.648265
 1.084800 0.275600 4.005767 -114.410746 -161.011636
 1.095600 0.275600 2.832017 -103.500197 -163.532183
 1.106400 0.275600 1.758028 -95.529945 -164.245369
 1.117200 0.275600 0.763651 -88.636825 -164.022232
 1.128000 0.275600 -0.164591 -83.611815 -163.945537
 1.138800 0.275600 -1.058012 -82.428192 -164.191776
 1.149600 0.275600 -1.960627 -85.041251 -164.116553
 1.160400 0.275600 -2.900691 -88.862338 -162.611658
 1.171200 0.275600 -3.875753 -91.210628 -158.510329
 1.182000 0.275600 -4.862258 -90.924929 -151.277631
 1.192800 0.275600 -5.830351 -87.835444 -141.439991
 1.203600 0.275600 -6.749981 -81.972218 -130.323503
 1.214400 0.275600 -7.591599 -73.440991 -119.352552
 1.225200 0.275600 -8.327890 -62.534134 -109.536361
 1.236000 0.275600 -8.935215 -49.632783 -101.420549
 1.246800 0.275600 -9.394549 -35.237186 -95.212365
 1.257600 0.275600 -9.693714 -20.127573 -90.866970
 1.268400 0.275600 -9.829866 -5.182138 -88.197455
 1.279200 0.275600 -9.807896 9.125497 -86.975637
 1.290000 0.275600 -9.634281 22.960998 -86.880310
 1.300800 0.275600 -9.311603 36.779823 -87.436940
 1.311600 0.275600 -8.838731 50.725458 -88.244960
 1.322400 0.275600 -8.215949 64.394413 -89.307098
 1.333200 0.275600 -7.449250 77.249659 -90.926719
 1.344000 0.275600 -6.548227 89.208600 -93.150249
 1.354800 0.275600 -5.520289 100.715882 -95.427741
 1.365600 0.275600 -4.368298 111.986323 -96.827800
 1.376400 0.275600 -3.095955 122.639607 -96.495379
 1.387200 0.275600 -1.712652 132.178244 -93.788650
 1.398000 0.275600 -0.231259 140.434832 -88.336474
 1.408800 0.275600 1.334747 147.444087 -80.163495
 1.419600 0.275600 2.971364 153.015693 -70.074138
 1.430400 0.275600 4.662340 156.679672 -59.991058
 1.441200 0.275600 6.384367 158.475320 -52.545563
 1.452000 0.275600 8.115639 158.020137 -50.816074
 1.462800 0.275600 9.831373 155.303441 -57.713890
 1.473600 0.275600 11.507416 150.792899 -74.610853
 1.484400 0.275600 13.131053 145.942797 -99.178679
 1.495200 0.275600 14.712677 143.970664 -125.478835
 1.506000 0.275600 16.301868 148.086408 -147.450020
 1.516800 0.275600 17.980859 161.275996 -161.851687
 1.527600 0.275600 19.860965 185.270085 -167.538279
 1.538400 0.275600 22.062883 220.467232 -164.873661
 1.549200 0.275600 24.708082 264.663009 -155.236945
 1.560000 0.275600 27.889879 315.749867 -139.809118

 0.480000 0.280800 47.704336 -350.003160 -4.723449
 0.490800 0.280800 44.019485 -319.855475 -7.949453
 0.501600 0.280800 40.653373 -295.211963 -11.491395
 0.512400 0.280800 37.557024 -273.449820 -15.675257
 0.523200 0.280800 34.699490 -252.747239 -20.456343
 0.534000 0.280800 32.075343 -231.588052 -25.430904
 0.544800 0.280800 29.687833 -209.601201 -30.101992
 0.555600 0.280800 27.543975 -186.892077 -33.854214
 0.566400 0.280800 25.649052 -163.787494 -36.167259
 0.577200 0.280800 24.004782 -140.639627 -36.723470
 0.588000 0.280800 22.609811 -117.698894 -35.568852
 0.598800 0.280800 21.461081 -95.059075 -33.144122
 0.609600 0.280800 20.555627 -72.627007 -30.140939
 0.620400 0.280800 19.892244 -50.205944 -27.226072
 0.631200 0.280800 19.471201 -27.785814 -24.819111
 0.642000 0.280800 19.290204 -5.900757 -23.026086
 0.652800 0.280800 19.337628 14.273219 -21.700569
 0.663600 0.280800 19.586916 31.218261 -20.599790
 0.674400 0.280800 19.995265 43.493773 -19.660236
 0.685200 0.280800 20.505439 49.841998 -19.254443
 0.696000 0.280800 21.047260 49.156325 -20.012435
 0.706800 0.280800 21.542761 41.384122 -22.099959
 0.717600 0.280800 21.926427 29.003104 -25.059567
 0.728400 0.280800 22.169847 15.954721 -29.172308
 0.739200 0.280800 22.278553 4.133200 -36.852758
 0.750000 0.280800 22.264052 -6.934036 -51.530262
 0.760800 0.280800 22.130894 -17.817460 -74.649304
 0.771600 0.280800 21.878609 -29.080727 -104.035615
 0.782400 0.280800 21.492189 -43.119953 -135.050402
 0.793200 0.280800 20.921006 -63.741301 -161.536107
 0.804000 0.280800 20.084756 -91.598729 -176.141184
 0.814800 0.280800 18.938127 -119.334921 -174.753467
 0.825600 0.280800 17.541486 -136.697600 -162.061218
 0.836400 0.280800 16.030816 -140.779987 -146.984114
 0.847200 0.280800 14.533348 -135.160656 -134.750549
 0.858000 0.280800 13.129630 -124.039935 -126.270717
 0.868800 0.280800 11.864636 -109.736512 -120.952679
 0.879600 0.280800 10.766909 -93.204237 -118.485696
 0.890400 0.280800 9.856633 -75.176058 -118.836853
 0.901200 0.280800 9.144982 -56.592578 -121.535660
 0.912000 0.280800 8.632948 -38.333153 -125.456832
 0.922800 0.280800 8.314169 -20.832979 -129.384010
 0.933600 0.280800 8.180372 -4.054825 -132.655630
 0.944400 0.280800 8.224257 12.038538 -135.195270
 0.955200 0.280800 8.436527 27.003204 -137.115075
 0.966000 0.280800 8.801024 40.105872 -138.577684
 0.976800 0.280800 9.295276 50.985149 -139.968841
 0.987600 0.280800 9.894171 59.285658 -141.826205
 0.998400 0.280800 10.555908 61.385064 -144.425685
 1.009200 0.280800 11.150383 43.307326 -147.808252
 1.020000 0.280800 11.335875 -16.676692 -151.236697
 1.030800 0.280800 10.702775 -98.483625 -151.119802
 1.041600 0.280800 9.342383 -145.314189 -145.162329
 1.052400 0.280800 7.697017 -154.558492 -137.466169
 1.063200 0.280800 6.063874 -145.869109 -132.923449
 1.074000 0.280800 4.566232 -130.878869 -133.011822
 1.084800 0.280800 3.233989 -116.079276 -135.959347
 1.095600 0.280800 2.045072 -104.547804 -139.087648
 1.106400 0.280800 0.963509 -95.964016 -141.238610
 1.117200 0.280800 -0.034892 -89.037942 -143.056493
 1.128000 0.280800 -0.968660 -84.234714 -145.308912
 1.138800 0.280800 -1.868972 -83.018371 -147.726713
 1.149600 0.280800 -2.775523 -85.104746 -149.302619
 1.160400 0.280800 -3.711025 -87.888891 -149.016316
 1.171200 0.280800 -4.668126 -88.835663 -146.153013
 1.182000 0.280800 -5.621032 -87.117924 -140.430695
 1.192800 0.280800 -6.541707 -82.954579 -132.087885
 1.203600 0.280800 -7.405436 -76.611805 -121.863017
 1.214400 0.280800 -8.189313 -68.201170 -110.824672
 1.225200 0.280800 -8.871805 -57.874476 -100.107833
 1.236000 0.280800 -9.433244 -45.824581 -90.649776
 1.246800 0.280800 -9.856446 -32.351807 -82.961285
 1.257600 0.280800 -10.129104 -18.085886 -77.076696
 1.268400 0.280800 -10.247235 -3.872973 -72.784167
 1.279200 0.280800 -10.214708 9.781192 -69.928873
 1.290000 0.280800 -10.037094 23.065304 -68.468547
 1.300800 0.280800 -9.715565 36.485005 -68.316406
 1.311600 0.280800 -9.247502 50.132615 -69.299079
 1.322400 0.280800 -8.632742 63.490822 -71.254864
 1.333200 0.280800 -7.877531 76.038725 -73.991790
 1.344000 0.280800 -6.990505 87.879891 -77.101703
 1.354800 0.280800 -5.975987 99.639479 -79.943879
 1.365600 0.280800 -4.832599 111.547278 -81.805521
 1.376400 0.280800 -3.560179 123.163668 -82.046985
 1.387200 0.280800 -2.164850 133.925883 -80.073856
 1.398000 0.280800 -0.657301 143.547392 -75.463803
 1.408800 0.280800 0.948944 151.708267 -68.261504
 1.419600 0.280800 2.635172 157.651113 -59.490304
 1.430400 0.280800 4.373881 160.430197 -51.516902
 1.441200 0.280800 6.126254 159.766197 -47.614494
 1.452000 0.280800 7.852577 155.267983 -51.494828
 1.462800 0.280800 9.512847 147.495392 -65.901751
 1.473600 0.280800 11.080005 138.751888 -90.332592
 1.484400 0.280800 12.561343 132.570801 -119.471818
 1.495200 0.280800 14.002468 132.365947 -146.232762
 1.506000 0.280800 15.480716 139.938652 -166.338010
 1.516800 0.280800 17.088840 157.072313 -178.801892
 1.527600 0.280800 18.939329 184.707230 -183.939560
 1.538400 0.280800 21.149074 222.846657 -182.639702
 1.549200 0.280800 23.831478 269.421889 -176.569376
 1.560000 0.280800 27.074585 322.343003 -166.672281

 0.480000 0.286000 47.732525 -351.447251 15.431670
 0.490800 0.286000 44.027233 -321.391977 10.956069
 0.501600 0.286000 40.641936 -296.886929 7.188491
 0.512400 0.286000 37.524599 -275.394905 3.326465
 0.523200 0.286000 34.643709 -254.938158 -0.864037
 0.534000 0.286000 31.995408 -233.792076 -5.167691
 0.544800 0.286000 29.585278 -211.540329 -9.183501
 0.555600 0.286000 27.423183 -188.303681 -12.445603
 0.566400 0.286000 25.516785 -164.480493 -14.574004
 0.577200 0.286000 23.869392 -140.524334 -15.285275
 0.588000 0.286000 22.479818 -116.840757 -14.467254
 0.598800 0.286000 21.343395 -93.689005 -12.284147
 0.609600 0.286000 20.454033 -71.073823 -9.215153
 0.620400 0.286000 19.806998 -48.774915 -5.915603
 0.631200 0.286000 19.399830 -26.666915 -2.996992
 0.642000 0.286000 19.228962 -5.139868 -0.857182
 0.652800 0.286000 19.282994 14.757465 0.403989
 0.663600 0.286000 19.536645 31.561476 0.986799
 0.674400 0.286000 19.948210 43.736052 1.227914
 0.685200 0.286000 20.459821 49.824309 1.285470
 0.696000 0.286000 20.999105 48.686737 1.007123
 0.706800 0.286000 21.487111 40.482778 0.195536
 0.717600 0.286000 21.858671 27.602491 -1.543571
 0.728400 0.286000 22.080448 13.104617 -5.908840
 0.739200 0.286000 22.142301 -1.991154 -16.509396
 0.750000 0.286000 22.037375 -17.599948 -36.809780
 0.760800 0.286000 21.766763 -32.265674 -66.431223
 0.771600 0.286000 21.348274 -44.919241 -100.435820
 0.782400 0.286000 20.796079 -57.476246 -132.481555
 0.793200 0.286000 20.092003 -73.450206 -156.593018
 0.804000 0.286000 19.189445 -93.903650 -167.346198
 0.814800 0.286000 18.058365 -114.651538 -162.893969
 0.825600 0.286000 16.732848 -129.030778 -148.455657
 0.836400 0.286000 15.303190 -133.873793 -132.552504
 0.847200 0.286000 13.869606 -130.266383 -120.343195
 0.858000 0.286000 12.509048 -120.844685 -112.352317
 0.868800 0.286000 11.271610 -107.784325 -107.212290
 0.879600 0.286000 10.188667 -92.430426 -104.086985
 0.890400 0.286000 9.280178 -75.602514 -103.024880
 0.901200 0.286000 8.558658 -57.907596 -103.977000
 0.912000 0.286000 8.030337 -39.928911 -106.127076
 0.922800 0.286000 7.695185 -22.218117 -108.349192
 0.933600 0.286000 7.548209 -5.121521 -110.085652
 0.944400 0.286000 7.581755 11.168411 -111.525374
 0.955200 0.286000 7.785306 26.256217 -112.976154
 0.966000 0.286000 8.142356 39.467750 -114.382118
 0.976800 0.286000 8.629786 50.327693 -115.606541
 0.987600 0.286000 9.220298 58.355387 -116.977623
 0.998400 0.286000 9.869239 59.884876 -119.367027
 1.009200 0.286000 10.443023 40.953597 -124.120517
 1.020000 0.286000 10.601252 -18.944984 -131.462248
 1.030800 0.286000 9.958296 -97.624781 -135.746120
 1.041600 0.286000 8.625018 -141.598541 -131.740521
 1.052400 0.286000 7.021995 -150.926118 -123.531348
 1.063200 0.286000 5.417959 -144.257652 -116.987974
 1.074000 0.286000 3.926017 -131.296207 -114.531361
 1.084800 0.286000 2.583260 -117.392198 -115.297865
 1.095600 0.286000 1.379958 -105.809366 -117.360501
 1.106400 0.286000 0.285589 -97.124007 -119.849910
 1.117200 0.286000 -0.726560 -90.470568 -123.094740
 1.128000 0.286000 -1.677552 -85.949092 -127.305074
 1.138800 0.286000 -2.595889 -84.545535 -131.748535
 1.149600 0.286000 -3.515150 -85.853596 -135.081527
 1.160400 0.286000 -4.452521 -87.451333 -136.134202
 1.171200 0.286000 -5.397612 -87.054551 -134.381050
 1.182000 0.286000 -6.324118 -84.042085 -129.906402
 1.192800 0.286000 -7.205379 -78.780926 -123.062196
 1.203600 0.286000 -8.019476 -71.664207 -114.241411
 1.214400 0.286000 -8.747719 -62.932847 -103.998627
 1.225200 0.286000 -9.373909 -52.802211 -93.203254
 1.236000 0.286000 -9.883618 -41.372563 -82.878973
 1.246800 0.286000 -10.263066 -28.713597 -73.803324
 1.257600 0.286000 -10.500793 -15.244083 -66.287937
 1.268400 0.286000 -10.592184 -1.757443 -60.338587
 1.279200 0.286000 -10.540657 11.176454 -55.947893
 1.290000 0.286000 -10.351973 23.713408 -53.199067
 1.300800 0.286000 -10.027411 36.401450 -52.171068
 1.311600 0.286000 -9.563879 49.387123 -52.831022
 1.322400 0.286000 -8.960173 62.212501 -54.963221
 1.333200 0.286000 -8.220663 74.453400 -58.092019
 1.344000 0.286000 -7.351019 86.303606 -61.534273
 1.354800 0.286000 -6.352044 98.400765 -64.593147
 1.365600 0.286000 -5.219045 110.928355 -66.695176
 1.376400 0.286000 -3.948949 123.425856 -67.350695
 1.387200 0.286000 -2.545114 135.295064 -66.099413
 1.398000 0.286000 -1.016432 146.102455 -62.703930
 1.408800 0.286000 0.622662 155.138058 -57.507852
 1.419600 0.286000 2.347268 161.043895 -51.894611
 1.430400 0.286000 4.116879 162.327613 -48.466540
 1.441200 0.286000 5.875157 158.425660 -50.543900
 1.452000 0.286000 7.563742 149.251009 -61.277306
 1.462800 0.286000 9.132271 136.620312 -81.574486
 1.473600 0.286000 10.563443 125.187356 -108.216484
 1.484400 0.286000 11.896164 119.650065 -134.983395
 1.495200 0.286000 13.208067 122.198432 -157.202608
 1.506000 0.286000 14.591254 133.124846 -173.462756
 1.516800 0.286000 16.140826 153.646353 -183.599410
 1.527600 0.286000 17.968044 184.373189 -187.591005
 1.538400 0.286000 20.186037 224.967473 -185.917685
 1.549200 0.286000 22.899970 273.457821 -179.972674
 1.560000 0.286000 26.193343 327.693986 -170.517354

 0.480000 0.291200 47.864813 -353.346117 35.239769
 0.490800 0.291200 44.135841 -323.109966 30.889598
 0.501600 0.291200 40.731376 -298.493439 27.379559
 0.512400 0.291200 37.594874 -277.121085 23.869626
 0.523200 0.291200 34.693518 -256.829160 20.163046
 0.534000 0.291200 32.024433 -235.668141 16.456434
 0.544800 0.291200 29.595112 -213.185090 13.092673
 0.555600 0.291200 27.417323 -189.552370 10.333029
 0.566400 0.291200 25.500173 -165.210657 8.344873
 0.577200 0.291200 23.848207 -140.629345 7.311867
 0.588000 0.291200 22.461136 -116.273828 7.448460
 0.598800 0.291200 21.334169 -92.531966 8.856733
 0.609600 0.291200 20.459509 -69.556399 11.354853
 0.620400 0.291200 19.829410 -47.209991 14.453650
 0.631200 0.291200 19.438014 -25.356019 17.479216
 0.642000 0.291200 19.278930 -4.291781 19.763694
 0.652800 0.291200 19.339323 15.095719 20.867071
 0.663600 0.291200 19.594445 31.532336 20.796654
 0.674400 0.291200 20.004815 43.583118 20.064176
 0.685200 0.291200 20.514948 49.716106 19.421013
 0.696000 0.291200 21.053403 48.627715 19.373385
 0.706800 0.291200 21.540186 40.246541 19.704037
 0.717600 0.291200 21.905056 26.398393 18.806437
 0.728400 0.291200 22.101119 9.202978 13.098962
 0.739200 0.291200 22.096492 -10.653204 -2.136410
 0.750000 0.291200 21.868877 -31.462604 -29.098976
 0.760800 0.291200 21.429733 -49.023210 -63.907207
 0.771600 0.291200 20.829712 -61.230878 -99.037036
 0.782400 0.291200 20.116308 -70.617303 -128.421599
 0.793200 0.291200 19.297924 -81.129907 -148.044344
 0.804000 0.291200 18.349997 -94.533495 -154.828427
 0.814800 0.291200 17.247893 -109.132169 -148.375742
 0.825600 0.291200 15.999479 -121.011596 -133.392002
 0.836400 0.291200 14.653139 -126.903035 -117.371302
 0.847200 0.291200 13.282431 -125.612218 -105.387788
 0.858000 0.291200 11.961689 -117.972022 -98.002402
 0.868800 0.291200 10.749585 -105.868202 -93.376351
 0.879600 0.291200 9.683652 -91.197797 -89.996081
 0.890400 0.291200 8.784356 -75.148437 -87.559562
 0.901200 0.291200 8.063710 -58.156279 -86.258851
 0.912000 0.291200 7.530599 -40.491339 -85.919562
 0.922800 0.291200 7.189421 -22.737376 -86.039270
 0.933600 0.291200 7.037307 -5.578641 -86.385658
 0.944400 0.291200 7.065427 10.595948 -87.166394
 0.955200 0.291200 7.261999 25.559189 -88.480716
 0.966000 0.291200 7.611790 38.858549 -89.863531
 0.976800 0.291200 8.093604 49.878029 -90.739596
 0.987600 0.291200 8.678541 57.674426 -91.439132
 0.998400 0.291200 9.315144 58.097012 -93.755298
 1.009200 0.291200 9.858520 36.973061 -100.766448
 1.020000 0.291200 9.964011 -24.112953 -113.962603
 1.030800 0.291200 9.281121 -99.142954 -125.444143
 1.041600 0.291200 7.956769 -138.853527 -126.475166
 1.052400 0.291200 6.392775 -146.979081 -120.027355
 1.063200 0.291200 4.826782 -141.389169 -112.061408
 1.074000 0.291200 3.356658 -130.096460 -106.023336
 1.084800 0.291200 2.019908 -117.356054 -102.713771
 1.095600 0.291200 0.813329 -106.396293 -101.620170
 1.106400 0.291200 -0.290453 -98.299347 -102.418094
 1.117200 0.291200 -1.319223 -92.376821 -105.211994
 1.128000 0.291200 -2.294110 -88.397151 -109.877989
 1.138800 0.291200 -3.239184 -86.922803 -115.504713
 1.149600 0.291200 -4.180158 -87.385562 -120.423013
 1.160400 0.291200 -5.126875 -87.610077 -122.937847
 1.171200 0.291200 -6.065744 -85.777168 -122.289791
 1.182000 0.291200 -6.971661 -81.561334 -118.824958
 1.192800 0.291200 -7.820658 -75.319280 -113.234857
 1.203600 0.291200 -8.592657 -67.357600 -105.871168
 1.214400 0.291200 -9.270735 -58.006046 -96.890444
 1.225200 0.291200 -9.842161 -47.669650 -86.752385
 1.236000 0.291200 -10.297466 -36.502004 -76.310551
 1.246800 0.291200 -10.627264 -24.427234 -66.444267
 1.257600 0.291200 -10.822511 -11.677337 -57.753902
 1.268400 0.291200 -10.879478 1.042259 -50.568964
 1.279200 0.291200 -10.802016 13.169738 -45.061737
 1.290000 0.291200 -10.596289 24.866680 -41.289955
 1.300800 0.291200 -10.263835 36.704451 -39.246192
 1.311600 0.291200 -9.801442 48.878509 -38.904675
 1.322400 0.291200 -9.206945 61.046838 -40.134825
 1.333200 0.291200 -8.482264 72.923487 -42.527035
 1.344000 0.291200 -7.629511 84.761308 -45.447872
 1.354800 0.291200 -6.645953 97.137922 -48.249321
 1.365600 0.291200 -5.524150 110.169968 -50.439128
 1.376400 0.291200 -4.258758 123.373754 -51.626865
 1.387200 0.291200 -2.851200 136.079804 -51.537239
 1.398000 0.291200 -1.309964 147.627848 -50.274257
 1.408800 0.291200 0.347429 156.876148 -48.717342
 1.419600 0.291200 2.087528 161.929028 -48.798867
 1.430400 0.291200 3.856062 160.943317 -53.157380
 1.441200 0.291200 5.581719 153.513749 -63.976916
 1.452000 0.291200 7.195967 140.468110 -81.628082
 1.462800 0.291200 8.652274 125.176178 -103.611488
 1.473600 0.291200 9.954401 113.592631 -125.524301
 1.484400 0.291200 11.167331 109.817578 -144.136651
 1.495200 0.291200 12.382235 114.594907 -158.922538
 1.506000 0.291200 13.693063 127.814397 -170.307522
 1.516800 0.291200 15.196363 150.848436 -177.785582
 1.527600 0.291200 17.005357 184.140348 -180.683732
 1.538400 0.291200 19.231697 226.968421 -179.175168
 1.549200 0.291200 21.974737 277.233308 -174.114440
 1.560000 0.291200 25.314857 332.620242 -165.946341

 0.480000 0.296400 48.099981 -354.702496 55.211762
 0.490800 0.296400 44.352308 -324.517849 52.581576
 0.501600 0.296400 40.931314 -299.950969 49.787202
 0.512400 0.296400 37.777163 -278.732591 46.473141
 0.523200 0.296400 34.857102 -258.529020 42.925952
 0.534000 0.296400 32.169708 -237.273419 39.534648
 0.544800 0.296400 29.724246 -214.548234 36.643904
 0.555600 0.296400 27.533339 -190.620867 34.333201
 0.566400 0.296400 25.606413 -165.949681 32.569218
 0.577200 0.296400 23.948633 -140.951548 31.408644
 0.588000 0.296400 22.560839 -116.070337 31.052721
 0.598800 0.296400 21.439123 -91.768690 31.703709
 0.609600 0.296400 20.575277 -68.350199 33.352758
 0.620400 0.296400 19.959448 -45.828016 35.662612
 0.631200 0.296400 19.582355 -24.149738 38.003852
 0.642000 0.296400 19.433829 -3.588142 39.631095
 0.652800 0.296400 19.498273 15.137452 39.976844
 0.663600 0.296400 19.750726 31.045124 38.992562
 0.674400 0.296400 20.154754 42.979452 37.335765
 0.685200 0.296400 20.659949 49.471239 36.155486
 0.696000 0.296400 21.198787 48.930189 36.385160
 0.706800 0.296400 21.689779 40.546598 37.627435
 0.717600 0.296400 22.050722 24.994497 36.868042
 0.728400 0.296400 22.210524 3.457861 28.357320
 0.739200 0.296400 22.110713 -22.594667 6.723735
 0.750000 0.296400 21.725030 -48.205870 -26.973754
 0.760800 0.296400 21.096953 -66.529205 -64.252326
 0.771600 0.296400 20.319304 -76.216772 -96.870283
 0.782400 0.296400 19.465440 -81.444569 -121.246659
 0.793200 0.296400 18.557907 -86.644720 -135.943455
 0.804000 0.296400 17.583141 -93.989344 -139.675656
 0.814800 0.296400 16.516829 -103.430769 -132.595491
 0.825600 0.296400 15.345198 -113.105963 -118.252213
 0.836400 0.296400 14.081396 -119.963079 -102.629207
 0.847200 0.296400 12.773205 -121.024370 -90.506158
 0.858000 0.296400 11.490988 -115.260949 -82.902356
 0.868800 0.296400 10.302744 -104.018380 -78.203955
 0.879600 0.296400 9.254936 -89.650606 -74.594000
 0.890400 0.296400 8.370989 -73.873493 -71.244453
 0.901200 0.296400 7.662092 -57.268369 -68.215193
 0.912000 0.296400 7.136433 -39.989850 -65.887664
 0.922800 0.296400 6.798854 -22.568954 -64.575867
 0.933600 0.296400 6.646665 -5.772589 -64.434693
 0.944400 0.296400 6.670567 10.019998 -65.399852
 0.955200 0.296400 6.859719 24.822969 -66.971065
 0.966000 0.296400 7.202630 38.387464 -68.180784
 0.976800 0.296400 7.681767 49.828378 -68.243995
 0.987600 0.296400 8.265959 57.403593 -67.737009
 0.998400 0.296400 8.891504 55.977931 -69.588664
 1.009200 0.296400 9.391875 30.836159 -79.098559
 1.020000 0.296400 9.410480 -33.207387 -99.352803
 1.030800 0.296400 8.645309 -104.240010 -119.408115
 1.041600 0.296400 7.298968 -138.173469 -126.681640
 1.052400 0.296400 5.761027 -143.357888 -123.109882
 1.063200 0.296400 4.238512 -137.280400 -114.530909
 1.074000 0.296400 2.808950 -126.823189 -105.231052
 1.084800 0.296400 1.501099 -115.277300 -97.651941
 1.095600 0.296400 0.310671 -105.466674 -92.620746
 1.106400 0.296400 -0.789309 -98.523876 -90.255238
 1.117200 0.296400 -1.826947 -93.787293 -90.605803
 1.128000 0.296400 -2.822827 -90.808281 -93.674792
 1.138800 0.296400 -3.796725 -89.702494 -98.808619
 1.149600 0.296400 -4.765196 -89.532520 -104.213118
 1.160400 0.296400 -5.727769 -88.327110 -107.656958
 1.171200 0.296400 -6.665836 -84.957578 -107.963619
 1.182000 0.296400 -7.556217 -79.585176 -105.471583
 1.192800 0.296400 -8.379199 -72.512235 -101.073847
 1.203600 0.296400 -9.116716 -63.779877 -95.194301
 1.214400 0.296400 -9.752060 -53.692471 -87.794128
 1.225200 0.296400 -10.273938 -42.870055 -78.990041
 1.236000 0.296400 -10.676615 -31.628329 -69.355912
 1.246800 0.296400 -10.955140 -19.861394 -59.686316
 1.257600 0.296400 -11.103971 -7.684366 -50.687046
 1.268400 0.296400 -11.121673 4.298460 -42.871537
 1.279200 0.296400 -11.013344 15.624092 -36.528544
 1.290000 0.296400 -10.785337 26.538984 -31.687344
 1.300800 0.296400 -10.438855 37.622910 -28.256001
 1.311600 0.296400 -9.970574 49.040439 -26.238636
 1.322400 0.296400 -9.378162 60.509934 -25.721219
 1.333200 0.296400 -8.662167 71.883857 -26.605354
 1.344000 0.296400 -7.822014 83.514909 -28.502669
 1.354800 0.296400 -6.851829 95.947428 -30.849157
 1.365600 0.296400 -5.741683 109.237579 -33.171892
 1.376400 0.296400 -4.484395 122.840074 -35.152692
 1.387200 0.296400 -3.080545 135.935795 -36.751243
 1.398000 0.296400 -1.540358 147.520604 -38.550301
 1.408800 0.296400 0.112248 155.947146 -42.145623
 1.419600 0.296400 1.832148 158.949388 -50.061358
 1.430400 0.296400 3.552272 154.956198 -64.434010
 1.441200 0.296400 5.196154 144.659375 -84.851500
 1.452000 0.296400 6.704076 130.282034 -107.569337
 1.462800 0.296400 8.050476 115.817689 -127.401375
 1.473600 0.296400 9.259312 106.305188 -141.281806
 1.484400 0.296400 10.401043 104.314064 -150.151147
 1.495200 0.296400 11.561047 110.218556 -156.424693
 1.506000 0.296400 12.829201 124.659128 -161.143992
 1.516800 0.296400 14.305752 149.343092 -163.508526
 1.527600 0.296400 16.107767 184.456982 -162.838318
 1.538400 0.296400 18.345693 228.966705 -159.483405
 1.549200 0.296400 21.115551 280.521822 -153.904166
 1.560000 0.296400 24.496183 336.647797 -146.262139

 0.480000 0.301600 48.444998 -354.772549 78.001920
 0.490800 0.301600 44.689315 -325.303502 77.429609
 0.501600 0.301600 41.255452 -301.289655 75.162588
 0.512400 0.301600 38.083613 -280.421727 71.577925
 0.523200 0.301600 35.144425 -260.242508 67.695496
 0.534000 0.301600 32.439194 -238.779247 64.163676
 0.544800 0.301600 29.978994 -215.758239 61.319987
 0.555600 0.301600 27.776538 -191.562158 59.127530
 0.566400 0.301600 25.840761 -166.650913 57.448372
 0.577200 0.301600 24.176891 -141.366199 56.261465
 0.588000 0.301600 22.786595 -116.103368 55.676445
 0.598800 0.301600 21.666868 -91.366184 55.816680
 0.609600 0.301600 20.809470 -67.583357 56.653194
 0.620400 0.301600 20.202946 -44.920213 57.892309
 0.631200 0.301600 19.834969 -23.427333 58.999369
 0.642000 0.301600 19.691786 -3.363966 59.374118
 0.652800 0.301600 19.755209 14.724080 58.632727
 0.663600 0.301600 20.000374 30.166892 56.887865
 0.674400 0.301600 20.394518 42.128948 54.875035
 0.685200 0.301600 20.893426 49.244748 53.756409
 0.696000 0.301600 21.434519 49.545077 54.417694
 0.706800 0.301600 21.933214 41.067545 56.019937
 0.717600 0.301600 22.287789 22.725415 54.061681
 0.728400 0.301600 22.391619 -5.102860 40.679868
 0.739200 0.301600 22.159274 -38.227068 11.210496
 0.750000 0.301600 21.583499 -66.773740 -27.760765
 0.760800 0.301600 20.762431 -83.059897 -64.088006
 0.771600 0.301600 19.827308 -88.725061 -91.717726
 0.782400 0.301600 18.861289 -89.694314 -110.458952
 0.793200 0.301600 17.888832 -90.365264 -120.853030
 0.804000 0.301600 16.900124 -92.882063 -122.629601
 0.814800 0.301600 15.869809 -98.138876 -115.994949
 0.825600 0.301600 14.769066 -105.727225 -103.198285
 0.836400 0.301600 13.584467 -113.079680 -88.456066
 0.847200 0.301600 12.340514 -116.119526 -75.870629
 0.858000 0.301600 11.100608 -112.219171 -67.102812
 0.868800 0.301600 9.938943 -101.997496 -61.476987
 0.879600 0.301600 8.910740 -87.959647 -57.556158
 0.890400 0.301600 8.044677 -72.243465 -54.208074
 0.901200 0.301600 7.352728 -55.799109 -51.034626
 0.912000 0.301600 6.840828 -38.960947 -48.403770
 0.922800 0.301600 6.510871 -22.211249 -47.017623
 0.933600 0.301600 6.358709 -6.107032 -47.230980
 0.944400 0.301600 6.376279 9.247185 -48.655771
 0.955200 0.301600 6.556894 24.110603 -50.259785
 0.966000 0.301600 6.894946 38.270635 -50.823254
 0.976800 0.301600 7.376857 50.412775 -49.661825
 0.987600 0.301600 7.967561 57.758354 -47.691562
 0.998400 0.301600 8.585303 53.647655 -48.871107
 1.009200 0.301600 9.029857 22.372804 -60.810904
 1.020000 0.301600 8.925605 -46.249277 -87.511534
 1.030800 0.301600 8.038440 -112.482722 -113.619953
 1.041600 0.301600 6.643321 -139.327867 -124.392186
 1.052400 0.301600 5.118307 -140.329435 -122.706597
 1.063200 0.301600 3.639570 -132.570627 -114.641541
 1.074000 0.301600 2.261814 -122.170639 -104.527728
 1.084800 0.301600 0.999425 -111.588779 -95.184912
 1.095600 0.301600 -0.157586 -102.966403 -87.766153
 1.106400 0.301600 -1.237075 -97.228923 -82.412963
 1.117200 0.301600 -2.267728 -93.815954 -79.333219
 1.128000 0.301600 -3.271604 -92.240222 -79.162583
 1.138800 0.301600 -4.266827 -92.078621 -81.985566
 1.149600 0.301600 -5.261221 -91.756056 -86.315274
 1.160400 0.301600 -6.242086 -89.382046 -89.756797
 1.171200 0.301600 -7.183704 -84.590617 -90.775644
 1.182000 0.301600 -8.063903 -78.149388 -89.371394
 1.192800 0.301600 -8.867339 -70.367913 -86.269344
 1.203600 0.301600 -9.578241 -60.988166 -81.913614
 1.214400 0.301600 -10.179630 -50.195798 -76.270932
 1.225200 0.301600 -10.660273 -38.767511 -69.274116
 1.236000 0.301600 -11.016631 -27.211996 -61.192276
 1.246800 0.301600 -11.247321 -15.474976 -52.579473
 1.257600 0.301600 -11.350254 -3.613947 -44.026496
 1.268400 0.301600 -11.326633 7.853542 -36.001222
 1.279200 0.301600 -11.183115 18.578129 -28.799923
 1.290000 0.301600 -10.926378 28.903806 -22.540407
 1.300800 0.301600 -10.557447 39.398103 -17.294838
 1.311600 0.301600 -10.073502 50.132777 -13.290814
 1.322400 0.301600 -9.473397 60.822717 -10.899871
 1.333200 0.301600 -8.758018 71.464272 -10.327289
 1.344000 0.301600 -7.925330 82.590370 -11.371316
 1.354800 0.301600 -6.966621 94.778550 -13.494401
 1.365600 0.301600 -5.869461 108.021281 -16.209373
 1.376400 0.301600 -4.625222 121.643499 -19.288116
 1.387200 0.301600 -3.235001 134.570369 -22.976537
 1.398000 0.301600 -1.713473 145.326913 -28.399479
 1.408800 0.301600 -0.094652 151.730962 -37.794685
 1.419600 0.301600 1.562605 151.549459 -53.777951
 1.430400 0.301600 3.183665 144.422795 -76.933088
 1.441200 0.301600 4.702344 132.863825 -103.808364
 1.452000 0.301600 6.085926 120.058619 -128.293224
 1.462800 0.301600 7.337027 109.207235 -145.182034
 1.473600 0.301600 8.491002 103.139036 -152.986738
 1.484400 0.301600 9.607662 102.988016 -154.326209
 1.495200 0.301600 10.756468 109.581435 -152.624572
 1.506000 0.301600 12.020398 124.742592 -149.555404
 1.516800 0.301600 13.502620 150.423375 -144.943463
 1.527600 0.301600 15.322351 186.537682 -138.694931
 1.538400 0.301600 17.587390 231.929014 -131.459093
 1.549200 0.301600 20.391955 284.024398 -123.497772
 1.560000 0.301600 23.814611 340.266221 -114.775759

 0.480000 0.306800 48.923381 -353.870431 106.796926
 0.490800 0.306800 45.166792 -325.771468 106.612671
 0.501600 0.306800 41.720166 -302.801022 103.729816
 0.512400 0.306800 38.527325 -282.449661 99.113964
 0.523200 0.306800 35.565809 -262.206635 94.337586
 0.534000 0.306800 32.840676 -240.421944 90.152020
 0.544800 0.306800 30.364537 -217.052388 86.789357
 0.555600 0.306800 28.149755 -192.563871 84.159255
 0.566400 0.306800 26.204525 -167.402351 82.129995
 0.577200 0.306800 24.533931 -141.855192 80.675303
 0.588000 0.306800 23.139925 -116.296578 79.795975
 0.598800 0.306800 22.019732 -91.264750 79.453935
 0.609600 0.306800 21.164673 -67.275477 79.508166
 0.620400 0.306800 20.561757 -44.598976 79.666455
 0.631200 0.306800 20.196213 -23.338084 79.531381
 0.642000 0.306800 20.051836 -3.694136 78.767759
 0.652800 0.306800 20.109264 13.960744 77.304855
 0.663600 0.306800 20.344747 29.195585 75.441966
 0.674400 0.306800 20.729197 41.391740 73.825009
 0.685200 0.306800 21.223681 49.231957 73.284607
 0.696000 0.306800 21.769206 50.312740 74.271404
 0.706800 0.306800 22.275096 41.224226 75.240207
 0.717600 0.306800 22.612160 18.575148 70.111588
 0.728400 0.306800 22.628548 -17.472225 49.530766
 0.739200 0.306800 22.221757 -57.194544 12.115320
 0.750000 0.306800 21.436087 -85.494217 -28.922136
 0.760800 0.306800 20.435410 -97.296771 -61.173288
 0.771600 0.306800 19.371947 -98.389461 -82.800151
 0.782400 0.306800 18.322423 -95.590225 -96.243041
 0.793200 0.306800 17.305517 -92.707326 -103.022039
 0.804000 0.306800 16.311348 -91.587428 -103.370755
 0.814800 0.306800 15.313600 -93.566992 -97.455470
 0.825600 0.306800 14.274682 -99.150152 -86.455677
 0.836400 0.306800 13.163720 -106.350701 -72.911028
 0.847200 0.306800 11.986281 -110.698253 -59.981001
 0.858000 0.306800 10.795616 -108.509270 -49.875797
 0.868800 0.306800 9.666235 -99.641617 -43.147510
 0.879600 0.306800 8.658751 -86.383395 -39.186636
 0.890400 0.306800 7.807763 -70.971290 -36.891743
 0.901200 0.306800 7.128776 -54.680397 -35.303509
 0.912000 0.306800 6.627302 -38.202613 -34.137006
 0.922800 0.306800 6.302261 -22.089783 -33.717963
 0.933600 0.306800 6.147847 -6.609427 -34.285442
 0.944400 0.306800 6.158259 8.512809 -35.431474
 0.955200 0.306800 6.332270 23.716600 -36.215259
 0.966000 0.306800 6.670104 38.674237 -35.703599
 0.976800 0.306800 7.160922 51.592699 -33.552333
 0.987600 0.306800 7.764256 58.596892 -30.885786
 0.998400 0.306800 8.376098 51.009115 -32.198808
 1.009200 0.306800 8.752042 11.778879 -46.667025
 1.020000 0.306800 8.497134 -61.776055 -77.377411
 1.030800 0.306800 7.469306 -121.731431 -104.505768
 1.041600 0.306800 6.018225 -140.986514 -114.693962
 1.052400 0.306800 4.500655 -137.824328 -113.330856
 1.063200 0.306800 3.060408 -128.282241 -106.708635
 1.074000 0.306800 1.731439 -117.632401 -98.365664
 1.084800 0.306800 0.515565 -107.576889 -90.164670
 1.095600 0.306800 -0.601625 -99.591748 -82.548359
 1.106400 0.306800 -1.648040 -94.502834 -75.393235
 1.117200 0.306800 -2.654330 -92.126015 -69.282883
 1.128000 0.306800 -3.648071 -92.105800 -65.689000
 1.138800 0.306800 -4.650124 -93.375863 -65.534363
 1.149600 0.306800 -5.662053 -93.506291 -67.899281
 1.160400 0.306800 -6.659185 -90.510787 -70.632821
 1.171200 0.306800 -7.607303 -84.656121 -72.049773
 1.182000 0.306800 -8.482960 -77.296712 -71.667947
 1.192800 0.306800 -9.273523 -68.875543 -69.782306
 1.203600 0.306800 -9.965397 -58.958684 -66.773360
 1.214400 0.306800 -10.541751 -47.579360 -62.738677
 1.225200 0.306800 -10.990841 -35.551132 -57.566932
 1.236000 0.306800 -11.309756 -23.528479 -51.237158
 1.246800 0.306800 -11.499161 -11.554764 -43.980535
 1.257600 0.306800 -11.559481 0.323568 -36.166972
 1.268400 0.306800 -11.493982 11.647102 -28.120400
 1.279200 0.306800 -11.310768 22.116763 -20.101614
 1.290000 0.306800 -11.017584 32.089317 -12.409364
 1.300800 0.306800 -10.616732 42.080280 -5.475415
 1.311600 0.306800 -10.107500 52.077388 0.111790
 1.322400 0.306800 -9.491343 61.810620 3.741406
 1.333200 0.306800 -8.770595 71.466084 5.101137
 1.344000 0.306800 -7.942236 81.818484 4.401299
 1.354800 0.306800 -6.994697 93.505999 2.204674
 1.365600 0.306800 -5.913080 106.417971 -1.045135
 1.376400 0.306800 -4.687985 119.675653 -5.302269
 1.387200 0.306800 -3.322631 131.853159 -11.143407
 1.398000 0.306800 -1.838766 140.940288 -20.131940
 1.408800 0.306800 -0.282770 144.382233 -34.679600
 1.419600 0.306800 1.274739 140.650186 -56.523461
 1.430400 0.306800 2.761839 131.265507 -84.018822
 1.441200 0.306800 4.135356 120.188669 -112.123055
 1.452000 0.306800 5.393557 110.507290 -135.456811
 1.462800 0.306800 6.562319 104.245171 -150.359774
 1.473600 0.306800 7.683567 102.334864 -155.608294
 1.484400 0.306800 8.804899 104.682470 -153.055525
 1.495200 0.306800 9.978115 112.359982 -145.952442
 1.506000 0.306800 11.275167 128.162758 -136.858690
 1.516800 0.306800 12.797166 154.340571 -126.749250
 1.527600 0.306800 14.662121 190.734602 -116.141501
 1.538400 0.306800 16.974214 236.237952 -105.712173
 1.549200 0.306800 19.826430 288.173801 -95.701575
 1.560000 0.306800 23.297767 343.964420 -85.994016

 0.480000 0.312000 49.569893 -353.312770 142.271435
 0.490800 0.312000 45.806894 -326.809629 139.514899
 0.501600 0.312000 42.339833 -304.996640 134.286401
 0.512400 0.312000 39.118390 -285.090287 127.816843
 0.523200 0.312000 36.128620 -264.632643 121.698882
 0.534000 0.312000 33.379130 -242.430829 116.495271
 0.544800 0.312000 30.883201 -218.682041 112.220225
 0.555600 0.312000 28.652648 -193.859858 108.758425
 0.566400 0.312000 26.695101 -168.385617 106.025242
 0.577200 0.312000 25.015524 -142.538541 103.994964
 0.588000 0.312000 23.615592 -116.719144 102.559725
 0.598800 0.312000 22.491940 -91.496298 101.539001
 0.609600 0.312000 21.634954 -67.422122 100.729104
 0.620400 0.312000 21.030271 -44.805312 99.912342
 0.631200 0.312000 20.661534 -23.740914 98.885921
 0.642000 0.312000 20.511474 -4.340618 97.564545
 0.652800 0.312000 20.560949 13.160696 96.071030
 0.663600 0.312000 20.787858 28.450637 94.699364
 0.674400 0.312000 21.165812 40.985577 93.814842
 0.685200 0.312000 21.658957 49.419675 93.761893
 0.696000 0.312000 22.209111 50.859510 94.388833
 0.706800 0.312000 22.715195 40.174673 93.203016
 0.717600 0.312000 23.012095 11.319576 82.479094
 0.728400 0.312000 22.898587 -34.157399 52.974776
 0.739200 0.312000 22.280580 -78.042757 9.824354
 0.750000 0.312000 21.285187 -102.541062 -28.967926
 0.760800 0.312000 20.132171 -108.552801 -54.976095
 0.771600 0.312000 18.971976 -105.318525 -70.558916
 0.782400 0.312000 17.864979 -99.436452 -79.312818
 0.793200 0.312000 16.821227 -93.868623 -82.920530
 0.804000 0.312000 15.829013 -90.100084 -81.794310
 0.814800 0.312000 14.861199 -89.601349 -76.077763
 0.825600 0.312000 13.876007 -93.338385 -66.265335
 0.836400 0.312000 12.832760 -99.866609 -53.686369
 0.847200 0.312000 11.722831 -104.891151 -40.699112
 0.858000 0.312000 10.586941 -104.259799 -29.885347
 0.868800 0.312000 9.494012 -97.118478 -22.764716
 0.879600 0.312000 8.505901 -85.229975 -19.392716
 0.890400 0.312000 7.662688 -70.581806 -18.730331
 0.901200 0.312000 6.986208 -54.547423 -19.319570
 0.912000 0.312000 6.485681 -38.162221 -20.043594
 0.922800 0.312000 6.160258 -22.216605 -20.495103
 0.933600 0.312000 6.003480 -6.901324 -20.701990
 0.944400 0.312000 6.010806 8.286816 -20.638116
 0.955200 0.312000 6.184266 23.894007 -20.046616
 0.966000 0.312000 6.527320 39.481951 -18.638863
 0.976800 0.312000 7.029887 52.888913 -16.457959
 0.987600 0.312000 7.645523 59.249955 -14.657008
 0.998400 0.312000 8.246719 47.575622 -17.703867
 1.009200 0.312000 8.540168 -0.474355 -35.004260
 1.020000 0.312000 8.121345 -77.653800 -66.930093
 1.030800 0.312000 6.958410 -129.965817 -91.407868
 1.041600 0.312000 5.460496 -142.156723 -99.177646
 1.052400 0.312000 3.950594 -135.750177 -97.602452
 1.063200 0.312000 2.540473 -125.021541 -92.595718
 1.074000 0.312000 1.248583 -114.132732 -86.578677
 1.084800 0.312000 0.070466 -104.084459 -80.144711
 1.095600 0.312000 -1.008394 -95.966127 -72.977354
 1.106400 0.312000 -2.015125 -90.850207 -64.995860
 1.117200 0.312000 -2.984814 -89.156650 -57.338371
 1.128000 0.312000 -3.954150 -90.654276 -51.925283
 1.138800 0.312000 -4.949668 -93.553605 -49.850392
 1.149600 0.312000 -5.969118 -94.554603 -50.483070
 1.160400 0.312000 -6.977870 -91.481943 -52.178868
 1.171200 0.312000 -7.933355 -85.002669 -53.491991
 1.182000 0.312000 -8.808765 -76.917637 -53.674678
 1.192800 0.312000 -9.591867 -67.904659 -52.612212
 1.203600 0.312000 -10.270718 -57.532866 -50.545349
 1.214400 0.312000 -10.829284 -45.701224 -47.660502
 1.225200 0.312000 -11.255261 -33.136943 -43.852359
 1.236000 0.312000 -11.545054 -20.558161 -38.900209
 1.246800 0.312000 -11.699801 -8.131673 -32.778197
 1.257600 0.312000 -11.721353 4.056611 -25.684048
 1.268400 0.312000 -11.614389 15.571604 -17.854807
 1.279200 0.312000 -11.388342 26.090878 -9.546691
 1.290000 0.312000 -11.052946 35.877179 -1.209304
 1.300800 0.312000 -10.613596 45.349523 6.434098
 1.311600 0.312000 -10.073432 54.465886 12.526876
 1.322400 0.312000 -9.437390 63.063260 16.371463
 1.333200 0.312000 -8.709233 71.586830 17.756910
 1.344000 0.312000 -7.884487 81.055252 17.039357
 1.354800 0.312000 -6.948620 92.119160 14.786317
 1.365600 0.312000 -5.884799 104.488968 11.276491
 1.376400 0.312000 -4.684159 117.023271 6.236661
 1.387200 0.312000 -3.353876 127.907279 -1.286909
 1.398000 0.312000 -1.924499 134.681310 -13.075786
 1.408800 0.312000 -0.454018 134.822848 -31.082333
 1.419600 0.312000 0.981835 128.138342 -55.479064
 1.430400 0.312000 2.324530 117.881920 -82.932184
 1.441200 0.312000 3.556941 108.338246 -108.700694
 1.452000 0.312000 4.700361 101.900729 -129.300030
 1.462800 0.312000 5.796044 99.958037 -142.384537
 1.473600 0.312000 6.892688 102.338432 -146.644084
 1.484400 0.312000 8.031063 107.803803 -142.967150
 1.495200 0.312000 9.247332 117.053221 -134.103727
 1.506000 0.312000 10.598469 133.415187 -123.147265
 1.516800 0.312000 12.177981 159.633025 -111.963221
 1.527600 0.312000 14.100218 195.775464 -101.397692
 1.538400 0.312000 16.466658 240.823386 -91.757457
 1.549200 0.312000 19.368833 292.153979 -83.367249
 1.560000 0.312000 22.886471 347.164993 -76.046014

 0.480000 0.317200 50.412529 -354.633619 181.374294
 0.490800 0.317200 46.622832 -329.409207 173.587212
 0.501600 0.317200 43.119419 -308.362832 164.724896
 0.512400 0.317200 39.858314 -288.531737 155.936568
 0.523200 0.317200 36.832628 -267.645725 148.254443
 0.534000 0.317200 34.052889 -244.940785 141.831125
 0.544800 0.317200 31.531885 -220.773705 136.475272
 0.555600 0.317200 29.280854 -195.554214 132.086128
 0.566400 0.317200 27.307107 -169.688685 128.621199
 0.577200 0.317200 25.615361 -143.500960 125.998753
 0.588000 0.317200 24.206398 -117.448461 123.979079
 0.598800 0.317200 23.075604 -92.106439 122.264371
 0.609600 0.317200 22.212273 -67.999131 120.646315
 0.620400 0.317200 21.601247 -45.410973 119.043324
 0.631200 0.317200 21.225662 -24.403789 117.462340
 0.642000 0.317200 21.068258 -5.025810 115.981608
 0.652800 0.317200 21.110620 12.546715 114.735212
 0.663600 0.317200 21.331745 28.009543 113.831663
 0.674400 0.317200 21.706232 40.797534 113.278316
 0.685200 0.317200 22.198758 49.475399 112.933208
 0.696000 0.317200 22.748603 50.544564 111.948830
 0.706800 0.317200 23.238596 36.827397 106.577881
 0.717600 0.317200 23.459500 -0.209058 87.697449
 0.728400 0.317200 23.168624 -54.573543 49.281870
 0.739200 0.317200 22.320765 -98.388600 5.100926
 0.750000 0.317200 21.138601 -116.410264 -27.204996
 0.760800 0.317200 19.869081 -116.629492 -45.831804
 0.771600 0.317200 18.642587 -109.812566 -55.813309
 0.782400 0.317200 17.500528 -101.554732 -60.680893
 0.793200 0.317200 16.445002 -93.969881 -61.729964
 0.804000 0.317200 15.462479 -88.233491 -59.178102
 0.814800 0.317200 14.525396 -85.821902 -53.004242
 0.825600 0.317200 13.590478 -87.901728 -43.323467
 0.836400 0.317200 12.611853 -93.524788 -30.909192
 0.847200 0.317200 11.569643 -98.933396 -17.822239
 0.858000 0.317200 10.490337 -99.890140 -6.952959
 0.868800 0.317200 9.433531 -94.807127 -0.288715
 0.879600 0.317200 8.460317 -84.686206 2.034126
 0.890400 0.317200 7.616672 -71.066582 1.304633
 0.901200 0.317200 6.933050 -55.270718 -0.646514
 0.912000 0.317200 6.425873 -38.620232 -2.262540
 0.922800 0.317200 6.097656 -22.279826 -2.749524
 0.933600 0.317200 5.941975 -6.655571 -2.099761
 0.944400 0.317200 5.953179 8.750585 -0.738164
 0.955200 0.317200 6.132728 24.559098 0.905867
 0.966000 0.317200 6.484005 40.330821 2.553188
 0.976800 0.317200 6.995896 53.696620 3.870590
 0.987600 0.317200 7.616004 58.960292 3.714754
 0.998400 0.317200 8.194110 42.770231 -2.199570
 1.009200 0.317200 8.389637 -13.924830 -22.561149
 1.020000 0.317200 7.805110 -92.519099 -54.234359
 1.030800 0.317200 6.523564 -136.634128 -75.454101
 1.041600 0.317200 4.990485 -142.793618 -81.405872
 1.052400 0.317200 3.488769 -134.050065 -79.902967
 1.063200 0.317200 2.101702 -122.603296 -75.914845
 1.074000 0.317200 0.837697 -111.403755 -70.936651
 1.084800 0.317200 -0.308700 -100.908294 -64.896353
 1.095600 0.317200 -1.350005 -92.204292 -57.487870
 1.106400 0.317200 -2.314386 -86.895263 -49.277860
 1.117200 0.317200 -3.244331 -85.914644 -41.950716
 1.128000 0.317200 -4.186030 -88.841020 -37.108845
 1.138800 0.317200 -5.169819 -93.130186 -34.957606
 1.149600 0.317200 -6.189670 -94.940264 -34.590452
 1.160400 0.317200 -7.204086 -92.054944 -35.034915
 1.171200 0.317200 -8.164679 -85.321008 -35.574847
 1.182000 0.317200 -9.041014 -76.754520 -35.640302
 1.192800 0.317200 -9.819632 -67.253605 -34.911162
 1.203600 0.317200 -10.489284 -56.497078 -33.396934
 1.214400 0.317200 -11.034729 -44.297698 -31.178216
 1.225200 0.317200 -11.443065 -31.250607 -28.120317
 1.236000 0.317200 -11.709372 -18.089417 -23.962818
 1.246800 0.317200 -11.834408 -5.114743 -18.623790
 1.257600 0.317200 -11.820919 7.508042 -12.277392
 1.268400 0.317200 -11.674833 19.343235 -5.185525
 1.279200 0.317200 -11.406985 30.019554 2.365150
 1.290000 0.317200 -11.029550 39.665183 9.916887
 1.300800 0.317200 -10.551824 48.585076 16.755366
 1.311600 0.317200 -9.981465 56.752092 22.065438
 1.322400 0.317200 -9.326837 64.190963 25.260429
 1.333200 0.317200 -8.592371 71.640675 26.284752
 1.344000 0.317200 -7.771469 80.310249 25.562671
 1.354800 0.317200 -6.846853 90.774198 23.553130
 1.365600 0.317200 -5.800887 102.478417 20.274691
 1.376400 0.317200 -4.627153 113.971525 15.058049
 1.387200 0.317200 -3.338789 123.085588 6.575520
 1.398000 0.317200 -1.975650 127.175147 -6.923673
 1.408800 0.317200 -0.603648 124.250694 -26.476773
 1.419600 0.317200 0.704654 115.661962 -50.754468
 1.430400 0.317200 1.909981 105.669386 -75.866967
 1.441200 0.317200 3.017444 98.082292 -98.006648
 1.452000 0.317200 4.062953 94.628439 -114.878678
 1.462800 0.317200 5.097549 96.407265 -125.041811
 1.473600 0.317200 6.175307 102.597913 -127.891199
 1.484400 0.317200 7.332928 111.058237 -124.237368
 1.495200 0.317200 8.593609 121.834222 -116.306842
 1.506000 0.317200 9.998344 138.404672 -107.032559
 1.516800 0.317200 11.629798 164.116104 -98.624090
 1.527600 0.317200 13.597431 199.537703 -92.105919
 1.538400 0.317200 16.002537 243.681224 -87.243705
 1.549200 0.317200 18.934750 294.170161 -84.430905
 1.560000 0.317200 22.475404 348.295625 -83.172675

 0.480000 0.322400 51.457009 -358.687503 218.506384
 0.490800 0.322400 47.612143 -334.021687 205.279219
 0.501600 0.322400 44.052892 -313.043034 192.869554
 0.512400 0.322400 40.740238 -292.806083 181.985080
 0.523200 0.322400 37.670492 -271.300657 172.813350
 0.534000 0.322400 34.853917 -248.017509 165.126947
 0.544800 0.322400 32.302119 -223.346195 158.695119
 0.555600 0.322400 30.025982 -197.614758 153.489070
 0.566400 0.322400 28.032682 -171.251940 149.499646
 0.577200 0.322400 26.326262 -144.677972 146.547240
 0.588000 0.322400 24.905866 -118.418710 144.241203
 0.598800 0.322400 23.764983 -93.022870 142.144041
 0.609600 0.322400 22.891723 -68.923862 139.989647
 0.620400 0.322400 22.270721 -46.326346 137.755574
 0.631200 0.322400 21.885550 -25.252222 135.586432
 0.642000 0.322400 21.719655 -5.738843 133.675045
 0.652800 0.322400 21.755262 12.011321 132.153147
 0.663600 0.322400 21.971460 27.621190 130.976703
 0.674400 0.322400 22.342039 40.437422 129.843564
 0.685200 0.322400 22.829615 48.842302 128.080116
 0.696000 0.322400 23.366689 48.496470 123.851892
 0.706800 0.322400 23.812425 29.877400 111.755714
 0.717600 0.322400 23.908863 -16.673422 82.586685
 0.728400 0.322400 23.400069 -76.662697 38.119597
 0.739200 0.322400 22.332655 -115.600529 -0.902787
 0.750000 0.322400 21.006117 -126.174388 -23.626662
 0.760800 0.322400 19.659484 -121.624119 -34.617560
 0.771600 0.322400 18.394061 -112.275551 -39.707422
 0.782400 0.322400 17.234609 -102.388357 -41.679222
 0.793200 0.322400 16.178212 -93.306826 -41.129259
 0.804000 0.322400 15.211538 -85.964492 -37.717494
 0.814800 0.322400 14.308169 -81.861924 -30.976133
 0.825600 0.322400 13.424978 -82.350972 -20.728798
 0.836400 0.322400 12.512359 -87.035582 -7.683443
 0.847200 0.322400 11.539359 -92.876497 5.908081
 0.858000 0.322400 10.516555 -95.660765 16.813235
 0.868800 0.322400 9.492805 -92.906800 22.920338
 0.879600 0.322400 8.529322 -84.653881 24.443904
 0.890400 0.322400 7.680006 -71.988289 23.147777
 0.901200 0.322400 6.985374 -56.261860 21.029645
 0.912000 0.322400 6.469881 -39.106833 19.548954
 0.922800 0.322400 6.140091 -22.088514 19.416062
 0.933600 0.322400 5.989513 -5.948371 20.614512
 0.944400 0.322400 6.009762 9.666986 22.589137
 0.955200 0.322400 6.199109 25.422216 24.614722
 0.966000 0.322400 6.558568 40.956202 26.096206
 0.976800 0.322400 7.074781 53.801004 26.513927
 0.987600 0.322400 7.689231 57.502371 24.633044
 0.998400 0.322400 8.229171 36.366794 15.990459
 1.009200 0.322400 8.310984 -28.318777 -7.301935
 1.020000 0.322400 7.563031 -106.129125 -38.419633
 1.030800 0.322400 6.177898 -142.177868 -57.117534
 1.041600 0.322400 4.616264 -143.273095 -62.239052
 1.052400 0.322400 3.121606 -132.621499 -61.029885
 1.063200 0.322400 1.754370 -120.445361 -57.291093
 1.074000 0.322400 0.516750 -108.665711 -51.975589
 1.084800 0.322400 -0.596305 -97.473402 -45.093808
 1.095600 0.322400 -1.597316 -88.267839 -37.017924
 1.106400 0.322400 -2.519736 -83.229638 -29.203814
 1.117200 0.322400 -3.415692 -83.393302 -23.610937
 1.128000 0.322400 -4.337442 -87.616452 -20.905823
 1.138800 0.322400 -5.312603 -92.652711 -19.817673
 1.149600 0.322400 -6.329031 -94.740928 -18.906572
 1.160400 0.322400 -7.342108 -91.994860 -17.940265
 1.171200 0.322400 -8.302329 -85.286218 -17.217877
 1.182000 0.322400 -9.177571 -76.558959 -16.693172
 1.192800 0.322400 -9.952584 -66.773060 -16.018713
 1.203600 0.322400 -10.615358 -55.703049 -14.881991
 1.214400 0.322400 -11.150362 -43.144543 -13.070554
 1.225200 0.322400 -11.543814 -29.628279 -10.380541
 1.236000 0.322400 -11.789678 -15.924329 -6.662224
 1.246800 0.322400 -11.888601 -2.464655 -1.980770
 1.257600 0.322400 -11.844518 10.495955 3.360880
 1.268400 0.322400 -11.665006 22.519700 8.979153
 1.279200 0.322400 -11.362499 33.227789 14.545731
 1.290000 0.322400 -10.951188 42.679233 19.769389
 1.300800 0.322400 -10.443245 51.104566 24.317493
 1.311600 0.322400 -9.849600 58.492478 27.813215
 1.322400 0.322400 -9.180982 65.024631 29.965307
 1.333200 0.322400 -8.441973 71.659607 30.740357
 1.344000 0.322400 -7.624221 79.715316 30.322301
 1.354800 0.322400 -6.708791 89.643377 28.841327
 1.365600 0.322400 -5.678735 100.585654 26.003170
 1.376400 0.322400 -4.532035 110.755009 20.809123
 1.387200 0.322400 -3.289369 117.736711 11.740390
 1.398000 0.322400 -1.998932 119.077700 -2.587783
 1.408800 0.322400 -0.729156 113.686791 -22.086988
 1.419600 0.322400 0.457126 104.183257 -44.445530
 1.430400 0.322400 1.540422 95.161275 -66.047707
 1.441200 0.322400 2.543741 89.814703 -83.775629
 1.452000 0.322400 3.513482 89.289193 -95.844320
 1.462800 0.322400 4.505714 94.179717 -101.791876
 1.473600 0.322400 5.574289 103.224750 -102.340802
 1.484400 0.322400 6.750756 113.878785 -98.671392
 1.495200 0.322400 8.048377 125.702691 -92.343928
 1.506000 0.322400 9.494784 142.060482 -85.471018
 1.516800 0.322400 11.161471 166.796287 -80.050765
 1.527600 0.322400 13.152250 201.136731 -77.209622
 1.538400 0.322400 15.570709 244.074696 -76.353832
 1.549200 0.322400 18.504415 293.680381 -77.882037
 1.560000 0.322400 22.038713 347.002378 -80.739277

 0.480000 0.327600 52.680368 -365.102091 249.252093
 0.490800 0.327600 48.755884 -340.189074 232.313056
 0.501600 0.327600 45.125310 -318.693651 217.630789
 0.512400 0.327600 41.751727 -297.766169 205.288103
 0.523200 0.327600 38.630671 -275.570384 194.864109
 0.534000 0.327600 35.770850 -251.647507 186.036756
 0.544800 0.327600 33.182988 -226.339046 178.718857
 0.555600 0.327600 30.877997 -199.943090 172.939760
 0.566400 0.327600 28.862974 -172.957795 168.660107
 0.577200 0.327600 27.140725 -145.937062 165.578356
 0.588000 0.327600 25.708003 -119.483787 163.169802
 0.598800 0.327600 24.555638 -94.110884 160.853690
 0.609600 0.327600 23.670023 -70.127008 158.231210
 0.620400 0.327600 23.035523 -47.608529 155.204802
 0.631200 0.327600 22.636546 -26.506220 151.934321
 0.642000 0.327600 22.457768 -6.855580 148.695616
 0.652800 0.327600 22.482283 11.071559 145.708481
 0.663600 0.327600 22.688892 26.754456 142.933848
 0.674400 0.327600 23.049187 39.329003 139.835041
 0.685200 0.327600 23.520486 46.764643 134.992455
 0.696000 0.327600 24.021933 43.501723 124.990372
 0.706800 0.327600 24.379808 17.841859 102.686056
 0.717600 0.327600 24.295340 -37.518318 62.550926
 0.728400 0.327600 23.552097 -97.016425 18.440220
 0.739200 0.327600 22.308601 -127.484239 -9.088220
 0.750000 0.327600 20.892977 -131.432553 -20.288366
 0.760800 0.327600 19.508835 -123.759326 -23.684236
 0.771600 0.327600 18.228379 -113.098891 -24.405800
 0.782400 0.327600 17.064584 -102.386447 -24.147989
 0.793200 0.327600 16.013488 -92.284403 -22.713768
 0.804000 0.327600 15.065296 -83.519212 -19.093387
 0.814800 0.327600 14.197595 -77.685746 -12.215923
 0.825600 0.327600 13.369103 -76.465035 -1.528864
 0.836400 0.327600 12.526485 -80.167244 12.271509
 0.847200 0.327600 11.626287 -86.562878 26.668208
 0.858000 0.327600 10.661454 -91.424688 38.142946
 0.868800 0.327600 9.669701 -91.177815 44.512567
 0.879600 0.327600 8.714167 -84.743931 46.242615
 0.890400 0.327600 7.858767 -72.862593 45.346048
 0.901200 0.327600 7.154249 -57.115837 43.713269
 0.912000 0.327600 6.631825 -39.487797 42.477788
 0.922800 0.327600 6.301324 -21.835253 42.211782
 0.933600 0.327600 6.156563 -5.162124 43.097516
 0.944400 0.327600 6.186861 10.681139 44.865567
 0.955200 0.327600 6.386754 26.306245 46.848387
 0.966000 0.327600 6.753702 41.419616 48.289640
 0.976800 0.327600 7.271205 53.496178 48.494997
 0.987600 0.327600 7.873666 55.241836 45.940741
 0.998400 0.327600 8.363404 28.545230 35.427001
 1.009200 0.327600 8.317499 -43.438164 9.762908
 1.020000 0.327600 7.410102 -118.515000 -20.213680
 1.030800 0.327600 5.934115 -146.901022 -36.308041
 1.041600 0.327600 4.347961 -143.720467 -40.491057
 1.052400 0.327600 2.859436 -131.293672 -39.242694
 1.063200 0.327600 1.512097 -118.140769 -35.284301
 1.074000 0.327600 0.304020 -105.510155 -29.264387
 1.084800 0.327600 -0.770838 -93.619465 -21.554669
 1.095600 0.327600 -1.728911 -84.328551 -13.243956
 1.106400 0.327600 -2.612958 -80.243144 -6.369290
 1.117200 0.327600 -3.485166 -82.001923 -2.775144
 1.128000 0.327600 -4.398568 -87.287694 -2.137253
 1.138800 0.327600 -5.370941 -92.322628 -2.073170
 1.149600 0.327600 -6.381675 -94.035902 -0.828924
 1.160400 0.327600 -7.386487 -91.241827 1.294869
 1.171200 0.327600 -8.339759 -84.773657 3.171904
 1.182000 0.327600 -9.210655 -76.238471 4.279976
 1.192800 0.327600 -9.982235 -66.418845 4.913284
 1.203600 0.327600 -10.640007 -55.101978 5.697942
 1.214400 0.327600 -11.166507 -42.153125 7.144631
 1.225200 0.327600 -11.546773 -28.172384 9.491063
 1.236000 0.327600 -11.774452 -14.027851 12.704829
 1.246800 0.327600 -11.851125 -0.274572 16.494473
 1.257600 0.327600 -11.782796 12.756261 20.369013
 1.268400 0.327600 -11.579437 24.645698 23.798686
 1.279200 0.327600 -11.255267 35.098160 26.433066
 1.290000 0.327600 -10.825314 44.254987 28.248754
 1.300800 0.327600 -10.301947 52.375846 29.513638
 1.311600 0.327600 -9.696266 59.432638 30.560278
 1.322400 0.327600 -9.019420 65.591149 31.538781
 1.333200 0.327600 -8.276437 71.811384 32.307063
 1.344000 0.327600 -7.459377 79.413930 32.490584
 1.354800 0.327600 -6.550083 88.765478 31.618396
 1.365600 0.327600 -5.534075 98.768065 29.021605
 1.376400 0.327600 -4.414973 107.355084 23.566351
 1.387200 0.327600 -3.221000 112.052546 13.948309
 1.398000 0.327600 -2.005666 110.960999 -0.423642
 1.408800 0.327600 -0.834024 103.958337 -18.371821
 1.419600 0.327600 0.244323 94.385347 -37.230057
 1.430400 0.327600 1.226992 86.819456 -54.093920
 1.441200 0.327600 2.151683 83.985395 -66.455975
 1.452000 0.327600 3.072798 86.357904 -73.056651
 1.462800 0.327600 4.046153 93.685560 -74.411888
 1.473600 0.327600 5.118811 104.482147 -72.295348
 1.484400 0.327600 6.315583 116.365686 -68.053549
 1.495200 0.327600 7.643693 128.783330 -62.440734
 1.506000 0.327600 9.122755 144.838659 -56.414202
 1.516800 0.327600 10.815412 168.596467 -51.332178
 1.527600 0.327600 12.819655 201.897059 -48.282682
 1.538400 0.327600 15.242232 243.686786 -46.717139
 1.549200 0.327600 18.168447 292.596738 -47.140591
 1.560000 0.327600 21.690182 345.298411 -48.168591

 0.480000 0.332800 54.044670 -372.590805 271.883942
 0.490800 0.332800 50.028196 -346.966069 253.975262
 0.501600 0.332800 46.318503 -324.810210 238.597673
 0.512400 0.332800 42.878082 -303.218096 225.507056
 0.523200 0.332800 39.700091 -280.337805 214.285824
 0.534000 0.332800 36.792027 -255.680773 204.803730
 0.544800 0.332800 34.164633 -229.576919 197.135420
 0.555600 0.332800 31.828818 -202.396669 191.221525
 0.566400 0.332800 29.791046 -174.738564 186.833222
 0.577200 0.332800 28.052121 -147.284687 183.491271
 0.588000 0.332800 26.605810 -120.700987 180.580543
 0.598800 0.332800 25.439742 -95.466852 177.479641
 0.609600 0.332800 24.537995 -71.770356 173.732091
 0.620400 0.332800 23.884104 -49.546061 169.133069
 0.631200 0.332800 23.463015 -28.641858 163.706976
 0.642000 0.332800 23.260700 -9.056804 157.625547
 0.652800 0.332800 23.261490 8.882652 151.089460
 0.663600 0.332800 23.444099 24.454934 144.072513
 0.674400 0.332800 23.776735 36.369728 135.796091
 0.685200 0.332800 24.206723 41.750676 123.808662
 0.696000 0.332800 24.630173 33.453619 102.708701
 0.706800 0.332800 24.835065 -0.665566 65.614547
 0.717600 0.332800 24.518698 -59.997564 17.938631
 0.728400 0.332800 23.568011 -111.413088 -15.579229
 0.739200 0.332800 22.224583 -132.292635 -25.373510
 0.750000 0.332800 20.785217 -131.803366 -22.791659
 0.760800 0.332800 19.404944 -123.003593 -17.566501
 0.771600 0.332800 18.133126 -112.336255 -13.258633
 0.782400 0.332800 16.977275 -101.634086 -10.238311
 0.793200 0.332800 15.936514 -91.031270 -7.515947
 0.804000 0.332800 15.007727 -81.085364 -3.569950
 0.814800 0.332800 14.175424 -73.510642 3.153159
 0.825600 0.332800 13.402371 -70.428712 13.660636
 0.836400 0.332800 12.632280 -72.992055 27.578087
 0.847200 0.332800 11.808730 -79.858344 42.533950
 0.858000 0.332800 10.906172 -86.792866 55.007195
 0.868800 0.332800 9.950600 -89.065185 62.671243
 0.879600 0.332800 9.007259 -84.429330 65.791437
 0.890400 0.332800 8.150091 -73.362391 66.121048
 0.901200 0.332800 7.438888 -57.779059 65.216962
 0.912000 0.332800 6.910064 -39.965285 63.972743
 0.922800 0.332800 6.576513 -21.891001 63.028049
 0.933600 0.332800 6.433998 -4.692275 62.958454
 0.944400 0.332800 6.471649 11.525085 63.958616
 0.955200 0.332800 6.681085 27.164014 65.585305
 0.966000 0.332800 7.055645 41.919170 67.032605
 0.976800 0.332800 7.574756 53.189457 67.437734
 0.987600 0.332800 8.163729 52.623948 64.818344
 0.998400 0.332800 8.595231 19.610071 52.997910
 1.009200 0.332800 8.411778 -58.749559 26.053586
 1.020000 0.332800 7.354728 -129.252353 -1.117699
 1.030800 0.332800 5.804160 -150.511137 -13.456931
 1.041600 0.332800 4.200794 -143.828719 -15.705139
 1.052400 0.332800 2.720437 -129.839044 -13.685415
 1.063200 0.332800 1.394800 -115.609173 -9.270827
 1.074000 0.332800 0.219250 -102.056530 -2.854942
 1.084800 0.332800 -0.814876 -89.639639 4.966851
 1.095600 0.332800 -1.730735 -80.674895 12.775555
 1.106400 0.332800 -2.581917 -77.967414 18.541267
 1.117200 0.332800 -3.439119 -81.449373 20.880126
 1.128000 0.332800 -4.352058 -87.525580 20.646276
 1.138800 0.332800 -5.325355 -92.105893 20.342926
 1.149600 0.332800 -6.329389 -93.058057 21.612350
 1.160400 0.332800 -7.321876 -90.057817 24.057526
 1.171200 0.332800 -8.263963 -83.946953 26.314679
 1.182000 0.332800 -9.128464 -75.856541 27.565916
 1.192800 0.332800 -9.897084 -66.190801 28.042178
 1.203600 0.332800 -10.551615 -54.682482 28.503897
 1.214400 0.332800 -11.071601 -41.350382 29.541620
 1.225200 0.332800 -11.440991 -26.971214 31.313672
 1.236000 0.332800 -11.654050 -12.553127 33.623802
 1.246800 0.332800 -11.714338 1.237944 36.021628
 1.257600 0.332800 -11.630775 14.016311 37.899303
 1.268400 0.332800 -11.416296 25.415106 38.672713
 1.279200 0.332800 -11.086845 35.313570 38.051786
 1.290000 0.332800 -10.656875 44.086782 36.273322
 1.300800 0.332800 -10.135955 52.144925 34.103807
 1.311600 0.332800 -9.531706 59.427013 32.501044
 1.322400 0.332800 -8.853249 65.877883 32.085103
 1.333200 0.332800 -8.106483 72.167643 32.700133
 1.344000 0.332800 -7.286909 79.456849 33.442576
 1.354800 0.332800 -6.380670 88.091341 33.141430
 1.365600 0.332800 -5.377879 96.902222 30.697347
 1.376400 0.332800 -4.287971 103.738047 25.031865
 1.387200 0.332800 -3.144493 106.321138 15.445924
 1.398000 0.332800 -2.001415 103.490037 2.344835
 1.408800 0.332800 -0.915668 95.846065 -12.437297
 1.419600 0.332800 0.076525 86.887426 -26.528862
 1.430400 0.332800 0.985547 81.060976 -37.944225
 1.441200 0.332800 1.860242 80.755281 -44.919311
 1.452000 0.332800 2.759966 85.723254 -46.789450
 1.462800 0.332800 3.736272 94.800580 -44.566519
 1.473600 0.332800 4.826006 106.485844 -40.261318
 1.484400 0.332800 6.047348 118.925593 -35.024143
 1.495200 0.332800 7.405493 131.772460 -28.922993
 1.506000 0.332800 8.917798 147.848760 -21.934425
 1.516800 0.332800 10.641817 171.139093 -14.667611
 1.527600 0.332800 12.670290 203.854365 -8.032190
 1.538400 0.332800 15.111908 244.849583 -1.860484
 1.549200 0.332800 18.048661 293.292181 3.063024
 1.560000 0.332800 21.579500 345.428537 8.013183

 0.480000 0.338000 55.511234 -379.751483 287.882194
 0.490800 0.338000 51.402567 -353.568860 270.676510
 0.501600 0.338000 47.612497 -331.012121 255.508450
 0.512400 0.338000 44.102638 -308.912483 242.296504
 0.523200 0.338000 40.865107 -285.303962 231.016546
 0.534000 0.338000 37.907211 -259.781028 221.669124
 0.544800 0.338000 35.240130 -232.781744 214.312346
 0.555600 0.338000 32.873761 -204.846899 208.598726
 0.566400 0.338000 30.812471 -176.677576 203.937221
 0.577200 0.338000 29.053905 -149.024183 199.585800
 0.588000 0.338000 27.588468 -122.543537 194.879452
 0.598800 0.338000 26.400835 -97.646786 189.345603
 0.609600 0.338000 25.473022 -74.433560 182.698841
 0.620400 0.338000 24.787357 -52.775628 174.702617
 0.631200 0.338000 24.328098 -32.484200 165.034495
 0.642000 0.338000 24.080909 -13.521078 153.313198
 0.652800 0.338000 24.030128 3.793866 139.231100
 0.663600 0.338000 24.153704 18.552406 122.438360
 0.674400 0.338000 24.414922 28.837249 101.832211
 0.685200 0.338000 24.745999 30.509589 74.283357
 0.696000 0.338000 25.013189 15.309971 34.522789
 0.706800 0.338000 24.983422 -24.894302 -17.140480
 0.717600 0.338000 24.423099 -78.382593 -60.159468
 0.728400 0.338000 23.350297 -115.695563 -72.029123
 0.739200 0.338000 22.013152 -128.254213 -59.458088
 0.750000 0.338000 20.630295 -126.143193 -39.869504
 0.760800 0.338000 19.306385 -118.428968 -22.779146
 0.771600 0.338000 18.075987 -109.217366 -10.506950
 0.782400 0.338000 16.948033 -99.481824 -2.238469
 0.793200 0.338000 15.928815 -89.068830 3.764805
 0.804000 0.338000 15.024117 -78.460372 9.388013
 0.814800 0.338000 14.227374 -69.458711 16.490243
 0.825600 0.338000 13.507782 -64.594460 26.532271
 0.836400 0.338000 12.808676 -65.866048 39.777371
 0.847200 0.338000 12.062887 -72.879831 54.543956
 0.858000 0.338000 11.227502 -81.538814 67.762203
 0.868800 0.338000 10.316157 -86.116966 77.053487
 0.879600 0.338000 9.394229 -83.281364 82.191393
 0.890400 0.338000 8.543289 -73.247201 84.324892
 0.901200 0.338000 7.830167 -58.188770 84.597340
 0.912000 0.338000 7.295601 -40.565293 83.787808
 0.922800 0.338000 6.956130 -22.327856 82.637631
 0.933600 0.338000 6.811199 -4.672144 81.922854
 0.944400 0.338000 6.851735 12.010300 82.068024
 0.955200 0.338000 7.067666 27.819979 82.851461
 0.966000 0.338000 7.448488 42.365855 83.645238
 0.976800 0.338000 7.969117 52.888817 83.637196
 0.987600 0.338000 8.543535 49.717809 80.521173
 0.998400 0.338000 8.910546 9.909203 67.621456
 1.009200 0.338000 8.587376 -73.229938 41.309146
 1.020000 0.338000 7.400653 -137.623864 19.000667
 1.030800 0.338000 5.797759 -152.529525 11.310914
 1.041600 0.338000 4.189436 -143.177186 11.697701
 1.052400 0.338000 2.722874 -128.038868 15.015143
 1.063200 0.338000 1.421625 -112.910369 19.956665
 1.074000 0.338000 0.279601 -98.597530 26.344851
 1.084800 0.338000 -0.715038 -85.906150 33.587951
 1.095600 0.338000 -1.592735 -77.501790 40.364278
 1.106400 0.338000 -2.416507 -76.171117 45.139590
 1.117200 0.338000 -3.262674 -81.129191 47.149981
 1.128000 0.338000 -4.176390 -87.795209 47.224815
 1.138800 0.338000 -5.150890 -91.935381 47.142530
 1.149600 0.338000 -6.149060 -92.176480 48.091926
 1.160400 0.338000 -7.130172 -88.945679 49.890859
 1.171200 0.338000 -8.061742 -83.181439 51.525986
 1.182000 0.338000 -8.920680 -75.570016 52.312939
 1.192800 0.338000 -9.687564 -66.091951 52.468394
 1.203600 0.338000 -10.340456 -54.435760 52.627635
 1.214400 0.338000 -10.856280 -40.822567 53.160621
 1.225200 0.338000 -11.218650 -26.219881 54.019222
 1.236000 0.338000 -11.423148 -11.757666 54.903600
 1.246800 0.338000 -11.475776 1.810832 55.351163
 1.257600 0.338000 -11.388559 14.074763 54.809332
 1.268400 0.338000 -11.177202 24.759864 52.832434
 1.279200 0.338000 -10.858705 33.965783 49.328098
 1.290000 0.338000 -10.445793 42.348765 44.707639
 1.300800 0.338000 -9.943524 50.523747 39.872138
 1.311600 0.338000 -9.353798 58.429367 35.982360
 1.322400 0.338000 -8.681593 65.718869 33.974004
 1.333200 0.338000 -7.933094 72.573443 33.935095
 1.344000 0.338000 -7.108967 79.786491 34.876181
 1.354800 0.338000 -6.202766 87.662999 35.190710
 1.365600 0.338000 -5.211359 95.144542 33.403118
 1.376400 0.338000 -4.149495 100.278886 28.543332
 1.387200 0.338000 -3.052659 101.215906 20.524082
 1.398000 0.338000 -1.970788 97.450012 10.387568
 1.408800 0.338000 -0.951142 89.899628 -0.102689
 1.419600 0.338000 -0.019374 81.874269 -9.293814
 1.430400 0.338000 0.843050 77.713656 -15.993289
 1.441200 0.338000 1.692369 79.573104 -19.086328
 1.452000 0.338000 2.590342 86.598558 -18.258182
 1.462800 0.338000 3.583345 96.904884 -14.401682
 1.473600 0.338000 4.698739 109.077934 -9.063058
 1.484400 0.338000 5.949724 121.853028 -2.981906
 1.495200 0.338000 7.342229 135.221076 4.134587
 1.506000 0.338000 8.895176 151.805573 12.767595
 1.516800 0.338000 10.664545 175.329119 22.873320
 1.527600 0.338000 12.739065 208.073331 33.828963
 1.538400 0.338000 15.227277 248.737416 45.446394
 1.549200 0.338000 18.206442 296.882747 56.726978
 1.560000 0.338000 21.781479 348.375218 68.711415

 0.480000 0.343200 57.049358 -386.198982 296.940547
 0.490800 0.343200 52.851953 -359.867195 280.462422
 0.501600 0.343200 48.982447 -337.137050 265.547660
 0.512400 0.343200 45.403229 -314.554295 252.561774
 0.523200 0.343200 42.107106 -290.118309 241.694110
 0.534000 0.343200 39.100924 -263.692864 232.711010
 0.544800 0.343200 36.395547 -235.898760 225.408793
 0.555600 0.343200 33.998068 -207.492599 219.067859
 0.566400 0.343200 31.908761 -179.260601 212.729778
 0.577200 0.343200 30.120753 -151.926388 205.430713
 0.588000 0.343200 28.620995 -126.008607 196.539338
 0.598800 0.343200 27.392391 -101.771040 185.867641
 0.609600 0.343200 26.416138 -79.295419 173.380237
 0.620400 0.343200 25.673047 -58.596876 158.692903
 0.631200 0.343200 25.143995 -39.658388 140.783937
 0.642000 0.343200 24.810061 -22.467048 118.256120
 0.652800 0.343200 24.651706 -7.209550 89.985317
 0.663600 0.343200 24.644202 5.234575 55.491731
 0.674400 0.343200 24.746269 12.519822 14.566104
 0.685200 0.343200 24.878454 9.751993 -33.304877
 0.696000 0.343200 24.894170 -10.107173 -86.798081
 0.706800 0.343200 24.592657 -47.708969 -134.803304
 0.717600 0.343200 23.858045 -86.414882 -156.623841
 0.728400 0.343200 22.786486 -108.627752 -145.390543
 0.739200 0.343200 21.568037 -114.841067 -114.045288
 0.750000 0.343200 20.332706 -112.990942 -77.795228
 0.760800 0.343200 19.136490 -108.127221 -45.715141
 0.771600 0.343200 18.000721 -101.926280 -20.995851
 0.782400 0.343200 16.938680 -94.419529 -3.198070
 0.793200 0.343200 15.966557 -85.259824 9.529269
 0.804000 0.343200 15.100698 -74.926171 19.303079
 0.814800 0.343200 14.345000 -65.262908 28.283517
 0.825600 0.343200 13.677517 -59.094212 38.419910
 0.836400 0.343200 13.045014 -59.141956 50.782042
 0.847200 0.343200 12.374210 -65.957032 64.746387
 0.858000 0.343200 11.608293 -75.801098 78.105497
 0.868800 0.343200 10.748870 -82.271948 88.668407
 0.879600 0.343200 9.858907 -81.129224 95.763101
 0.890400 0.343200 9.024392 -72.278459 99.961111
 0.901200 0.343200 8.317234 -57.997567 102.089295
 0.912000 0.343200 7.782028 -40.820073 102.848151
 0.922800 0.343200 7.438983 -22.678305 102.865541
 0.933600 0.343200 7.291087 -4.841326 102.653403
 0.944400 0.343200 7.331084 12.063886 102.412575
 0.955200 0.343200 7.548060 27.924677 102.009124
 0.966000 0.343200 7.929246 42.293296 101.225425
 0.976800 0.343200 8.446312 52.158806 99.694285
 0.987600 0.343200 9.001519 46.354833 95.342667
 0.998400 0.343200 9.299966 0.128803 82.130189
 1.009200 0.343200 8.846956 -85.618779 59.075519
 1.020000 0.343200 7.559467 -143.281748 42.822733
 1.030800 0.343200 5.927884 -152.907563 39.339365
 1.041600 0.343200 4.327684 -141.668894 41.911342
 1.052400 0.343200 2.881389 -125.864138 46.256411
 1.063200 0.343200 1.606593 -110.194655 51.360232
 1.074000 0.343200 0.496577 -95.433658 57.136838
 1.084800 0.343200 -0.463260 -82.726107 63.130032
 1.095600 0.343200 -1.309325 -74.929167 68.403442
 1.106400 0.343200 -2.110752 -74.651531 72.167312
 1.117200 0.343200 -2.946192 -80.604149 74.289770
 1.128000 0.343200 -3.857266 -87.723413 75.277679
 1.138800 0.343200 -4.830724 -91.740490 75.815563
 1.149600 0.343200 -5.824986 -91.656433 76.391480
 1.160400 0.343200 -6.799697 -88.346347 77.017892
 1.171200 0.343200 -7.726038 -82.855259 77.317132
 1.182000 0.343200 -8.583321 -75.564443 77.090994
 1.192800 0.343200 -9.350828 -66.166600 76.634255
 1.203600 0.343200 -10.004002 -54.398535 76.309750
 1.214400 0.343200 -10.518814 -40.688733 76.108560
 1.225200 0.343200 -10.879807 -26.125099 75.722857
 1.236000 0.343200 -11.084283 -11.881878 74.795565
 1.246800 0.343200 -11.140401 1.250601 72.974699
 1.257600 0.343200 -11.062531 12.878581 69.933417
 1.268400 0.343200 -10.867939 22.855235 65.534704
 1.279200 0.343200 -10.573374 31.475846 59.970503
 1.290000 0.343200 -10.189199 39.586606 53.720533
 1.300800 0.343200 -9.716211 47.959131 47.488008
 1.311600 0.343200 -9.150716 56.598886 42.216168
 1.322400 0.343200 -8.492598 64.976894 38.887045
 1.333200 0.343200 -7.746670 72.789626 37.933411
 1.344000 0.343200 -6.917910 80.308565 38.737352
 1.354800 0.343200 -6.008265 87.665829 39.765592
 1.365600 0.343200 -5.022765 93.983360 39.410939
 1.376400 0.343200 -3.981073 97.718681 36.741159
 1.387200 0.343200 -2.918422 97.542819 31.850003
 1.398000 0.343200 -1.879201 93.360843 25.710700
 1.408800 0.343200 -0.902895 86.118939 19.499349
 1.419600 0.343200 -0.008353 78.906127 14.222290
 1.430400 0.343200 0.827987 76.023910 10.686567
 1.441200 0.343200 1.667022 79.463673 9.596712
 1.452000 0.343200 2.571750 87.956744 11.126814
 1.462800 0.343200 3.584928 99.191594 14.798172
 1.473600 0.343200 4.727872 111.855852 19.860572
 1.484400 0.343200 6.011234 125.102862 26.087529
 1.495200 0.343200 7.442757 139.189441 33.851923
 1.506000 0.343200 9.043842 156.657965 43.545749
 1.516800 0.343200 10.870981 180.943626 55.348031
 1.527600 0.343200 13.010351 214.228273 68.875602
 1.538400 0.343200 15.569206 255.010228 83.872534
 1.549200 0.343200 18.619642 303.051775 99.397868
 1.560000 0.343200 22.272063 353.876989 116.604913

 0.480000 0.348400 58.605004 -392.746693 288.308672
 0.490800 0.348400 54.315433 -366.425753 270.426282
 0.501600 0.348400 50.362747 -343.443194 253.923701
 0.512400 0.348400 46.712099 -320.226209 239.687787
 0.523200 0.348400 43.356230 -294.965584 227.538496
 0.534000 0.348400 40.299357 -267.877773 216.785281
 0.544800 0.348400 37.549958 -239.721534 206.727949
 0.555600 0.348400 35.110466 -211.415570 196.362947
 0.566400 0.348400 32.975615 -183.780340 184.609743
 0.577200 0.348400 31.133619 -157.400971 170.667763
 0.588000 0.348400 29.568760 -132.555891 154.222992
 0.598800 0.348400 28.263717 -109.356063 135.366913
 0.609600 0.348400 27.199506 -88.032743 113.981043
 0.620400 0.348400 26.353665 -68.994580 89.141715
 0.631200 0.348400 25.699669 -52.534059 59.140632
 0.642000 0.348400 25.209861 -38.527655 22.356197
 0.652800 0.348400 24.859836 -26.590041 -21.460941
 0.663600 0.348400 24.627169 -16.932391 -70.489313
 0.674400 0.348400 24.478654 -11.533093 -121.284770
 0.685200 0.348400 24.346212 -14.871199 -169.515254
 0.696000 0.348400 24.106748 -31.828123 -209.191152
 0.706800 0.348400 23.617435 -59.507538 -231.562061
 0.717600 0.348400 22.833179 -83.787761 -230.188583
 0.728400 0.348400 21.855952 -94.814899 -207.607484
 0.739200 0.348400 20.820351 -95.784187 -171.288373
 0.750000 0.348400 19.797172 -93.448177 -128.399754
 0.760800 0.348400 18.800602 -91.066568 -85.334312
 0.771600 0.348400 17.829866 -88.505660 -47.163514
 0.782400 0.348400 16.893548 -84.475021 -16.444993
 0.793200 0.348400 16.013529 -78.004300 6.716281
 0.804000 0.348400 15.216131 -69.332182 23.763065
 0.814800 0.348400 14.516990 -60.214419 36.940325
 0.825600 0.348400 13.905665 -53.628172 48.692961
 0.836400 0.348400 13.336792 -52.836009 60.979987
 0.847200 0.348400 12.737044 -59.260094 74.426804
 0.858000 0.348400 12.040895 -69.764348 87.920531
 0.868800 0.348400 11.239304 -77.671618 99.572821
 0.879600 0.348400 10.390751 -78.025582 108.343408
 0.890400 0.348400 9.583142 -70.335791 114.430964
 0.901200 0.348400 8.892404 -56.844225 118.585987
 0.912000 0.348400 8.366778 -40.159204 121.517074
 0.922800 0.348400 8.029142 -22.317946 123.616394
 0.933600 0.348400 7.883796 -4.735862 124.868269
 0.944400 0.348400 7.923223 11.835652 124.964294
 0.955200 0.348400 8.135615 27.306145 123.678365
 0.966000 0.348400 8.508188 41.329811 121.210767
 0.976800 0.348400 9.012409 50.638400 117.863408
 0.987600 0.348400 9.541714 42.622442 112.405825
 0.998400 0.348400 9.773889 -8.606037 100.543926
 1.009200 0.348400 9.214441 -94.951955 83.126812
 1.020000 0.348400 7.857975 -146.526695 72.871771
 1.030800 0.348400 6.216171 -152.165173 72.221899
 1.041600 0.348400 4.632293 -139.682833 75.707305
 1.052400 0.348400 3.209202 -123.614968 80.093149
 1.063200 0.348400 1.959539 -107.799901 84.478021
 1.074000 0.348400 0.876014 -92.960222 88.708463
 1.084800 0.348400 -0.057917 -80.464820 92.487390
 1.095600 0.348400 -0.882131 -73.177529 95.434428
 1.106400 0.348400 -1.667605 -73.432224 97.653028
 1.117200 0.348400 -2.491989 -79.747312 99.675174
 1.128000 0.348400 -3.395263 -87.131768 101.635147
 1.138800 0.348400 -4.363696 -91.396525 103.029473
 1.149600 0.348400 -5.355414 -91.524689 103.460621
 1.160400 0.348400 -6.329876 -88.438847 102.960230
 1.171200 0.348400 -7.258553 -83.189167 101.777912
 1.182000 0.348400 -8.120272 -76.018686 100.283487
 1.192800 0.348400 -8.892482 -66.560691 98.879982
 1.203600 0.348400 -9.549396 -54.711676 97.693099
 1.214400 0.348400 -10.067856 -41.085802 96.432278
 1.225200 0.348400 -10.434516 -26.806862 94.618859
 1.236000 0.348400 -10.648600 -13.000788 91.879059
 1.246800 0.348400 -10.719704 -0.421720 88.010113
 1.257600 0.348400 -10.663183 10.598607 82.951432
 1.268400 0.348400 -10.496212 20.047426 76.856013
 1.279200 0.348400 -10.233940 28.345184 70.119634
 1.290000 0.348400 -9.884217 36.386755 63.227848
 1.300800 0.348400 -9.444831 45.007972 56.661759
 1.311600 0.348400 -8.908041 54.323618 51.051428
 1.322400 0.348400 -8.269030 63.776350 47.189844
 1.333200 0.348400 -7.529874 72.729605 45.636554
 1.344000 0.348400 -6.697533 80.939107 46.220314
 1.354800 0.348400 -5.780776 88.239521 47.898635
 1.365600 0.348400 -4.792541 93.856716 49.307290
 1.376400 0.348400 -3.757377 96.643142 49.513681
 1.387200 0.348400 -2.710720 95.720216 48.284132
 1.398000 0.348400 -1.693272 91.211018 46.009607
 1.408800 0.348400 -0.739990 84.084991 43.280368
 1.419600 0.348400 0.134781 77.374671 40.889251
 1.430400 0.348400 0.958593 75.326315 39.591830
 1.441200 0.348400 1.795055 79.738981 39.709656
 1.452000 0.348400 2.707509 89.116232 41.164144
 1.462800 0.348400 3.737205 101.054422 43.824627
 1.473600 0.348400 4.903755 114.368423 47.772838
 1.484400 0.348400 6.218136 128.362910 53.366005
 1.495200 0.348400 7.689975 143.332967 60.946486
 1.506000 0.348400 9.341670 161.807112 70.470946
 1.516800 0.348400 11.230442 186.986960 81.994764
 1.527600 0.348400 13.440582 220.987367 95.137471
 1.538400 0.348400 16.078320 262.113886 109.780698
 1.549200 0.348400 19.211319 310.221185 125.154702
 1.560000 0.348400 22.957190 360.463679 142.885042

 0.480000 0.353600 59.987634 -400.934486 218.060795
 0.490800 0.353600 55.580836 -374.727780 191.194928
 0.501600 0.353600 51.521977 -351.302843 167.056924
 0.512400 0.353600 47.780812 -327.258316 146.530659
 0.523200 0.353600 44.346503 -301.345529 128.535963
 0.534000 0.353600 41.218430 -274.031268 112.035578
 0.544800 0.353600 38.399408 -246.124746 95.574765
 0.555600 0.353600 35.886389 -218.488068 78.154273
 0.566400 0.353600 33.669236 -191.843481 59.117284
 0.577200 0.353600 31.733895 -166.535464 38.506324
 0.588000 0.353600 30.064562 -142.689743 16.612746
 0.598800 0.353600 28.644548 -120.495234 -6.495434
 0.609600 0.353600 27.453052 -100.531244 -31.440112
 0.620400 0.353600 26.461650 -83.564704 -59.489137
 0.631200 0.353600 25.635803 -69.854283 -91.814207
 0.642000 0.353600 24.943408 -58.634771 -128.394888
 0.652800 0.353600 24.365068 -48.498455 -167.305891
 0.663600 0.353600 23.893894 -38.841568 -205.090219
 0.674400 0.353600 23.517899 -31.401882 -237.968210
 0.685200 0.353600 23.191258 -30.586185 -262.550836
 0.696000 0.353600 22.815966 -40.817210 -275.543030
 0.706800 0.353600 22.276776 -59.596797 -274.352756
 0.717600 0.353600 21.538732 -75.529110 -259.885793
 0.728400 0.353600 20.685139 -80.625951 -236.101962
 0.739200 0.353600 19.826219 -77.561827 -205.558306
 0.750000 0.353600 19.014877 -72.780209 -168.655571
 0.760800 0.353600 18.245764 -70.032192 -126.421188
 0.771600 0.353600 17.494088 -69.327280 -82.291518
 0.782400 0.353600 16.747809 -68.633819 -41.059167
 0.793200 0.353600 16.018803 -65.867568 -6.464866
 0.804000 0.353600 15.334801 -60.329666 20.261377
 0.814800 0.353600 14.720951 -53.228361 40.228940
 0.825600 0.353600 14.179961 -47.405709 55.885219
 0.836400 0.353600 13.678839 -46.416794 69.959043
 0.847200 0.353600 13.150879 -52.447016 84.345291
 0.858000 0.353600 12.527664 -63.242792 99.048929
 0.868800 0.353600 11.790843 -72.315350 112.383186
 0.879600 0.353600 10.992248 -74.123144 122.819599
 0.890400 0.353600 10.220067 -67.608251 130.249101
 0.901200 0.353600 9.554458 -54.851417 135.547905
 0.912000 0.353600 9.047899 -38.591159 139.663685
 0.922800 0.353600 8.725258 -21.126543 143.035463
 0.933600 0.353600 8.589923 -4.120991 145.422050
 0.944400 0.353600 8.631681 11.620968 146.170800
 0.955200 0.353600 8.837030 26.243946 144.872851
 0.966000 0.353600 9.194718 39.694611 141.868447
 0.976800 0.353600 9.679076 48.556063 137.892625
 0.987600 0.353600 10.179658 39.088851 132.663650
 0.998400 0.353600 10.357395 -15.164628 124.015962
 1.009200 0.353600 9.724481 -100.874564 113.478186
 1.020000 0.353600 8.328505 -147.947183 108.537368
 1.030800 0.353600 6.687791 -150.969231 109.488606
 1.041600 0.353600 5.121750 -137.780977 112.715015
 1.052400 0.353600 3.719288 -121.759735 116.119108
 1.063200 0.353600 2.488549 -106.173119 118.886484
 1.074000 0.353600 1.421030 -91.651342 120.689161
 1.084800 0.353600 0.498939 -79.595628 121.324389
 1.095600 0.353600 -0.318003 -72.650853 121.014291
 1.106400 0.353600 -1.097675 -72.800378 120.859417
 1.117200 0.353600 -1.913064 -78.713484 122.139056
 1.128000 0.353600 -2.804344 -86.046952 124.658076
 1.138800 0.353600 -3.763549 -90.846165 126.704974
 1.149600 0.353600 -4.753326 -91.708289 126.943994
 1.160400 0.353600 -5.733036 -89.179296 125.395226
 1.171200 0.353600 -6.671405 -84.192802 122.859925
 1.182000 0.353600 -7.544178 -77.024874 120.117548
 1.192800 0.353600 -8.326630 -67.445757 117.571335
 1.203600 0.353600 -8.992713 -55.552165 115.205249
 1.214400 0.353600 -9.520981 -42.101887 112.687794
 1.225200 0.353600 -9.900578 -28.214784 109.575797
 1.236000 0.353600 -10.132572 -14.920156 105.545737
 1.246800 0.353600 -10.227345 -2.884761 100.479842
 1.257600 0.353600 -10.200224 7.633816 94.409867
 1.268400 0.353600 -10.067369 16.730293 87.521802
 1.279200 0.353600 -9.841794 24.911639 80.211452
 1.290000 0.353600 -9.528725 33.075632 73.020817
 1.300800 0.353600 -9.123395 42.066779 66.513192
 1.311600 0.353600 -8.615097 52.057339 61.253528
 1.322400 0.353600 -7.995597 62.486633 57.758502
 1.333200 0.353600 -7.264536 72.539272 56.346633
 1.344000 0.353600 -6.429238 81.632163 56.979182
 1.354800 0.353600 -5.502435 89.322101 59.148758
 1.365600 0.353600 -4.502922 94.808695 61.994215
 1.376400 0.353600 -3.459907 97.106853 64.691617
 1.387200 0.353600 -2.411311 95.618315 66.545704
 1.398000 0.353600 -1.397445 90.656108 67.354378
 1.408800 0.353600 -0.450994 83.423873 67.451362
 1.419600 0.353600 0.418072 77.042321 67.735245
 1.430400 0.353600 1.241151 75.527673 68.886239
 1.441200 0.353600 2.082132 80.364475 70.660680
 1.452000 0.353600 3.002780 90.016553 72.511941
 1.462800 0.353600 4.044184 102.343849 74.485634
 1.473600 0.353600 5.228267 116.379477 77.352547
 1.484400 0.353600 6.569349 131.316106 82.019226
 1.495200 0.353600 8.078667 147.191051 88.754641
 1.506000 0.353600 9.776998 166.505005 96.984715
 1.516800 0.353600 11.721062 192.298183 106.450858
 1.527600 0.353600 13.992823 226.776777 116.646877
 1.538400 0.353600 16.698365 268.092053 127.640352
 1.549200 0.353600 19.901490 316.238605 138.697272
 1.560000 0.353600 23.728703 365.984011 151.452763

 0.480000 0.358800 60.676127 -412.402096 18.431307
 0.490800 0.358800 56.095623 -386.441617 -17.593868
 0.501600 0.358800 51.888864 -361.988270 -46.475100
 0.512400 0.358800 48.025194 -336.533023 -69.727776
 0.523200 0.358800 44.486443 -309.690816 -88.791999
 0.534000 0.358800 41.265882 -281.996796 -104.928715
 0.544800 0.358800 38.357517 -254.241544 -119.832562
 0.555600 0.358800 35.753871 -226.939760 -134.175326
 0.566400 0.358800 33.442777 -200.601483 -148.165642
 0.577200 0.358800 31.411496 -175.418780 -161.562365
 0.588000 0.358800 29.645606 -151.632455 -174.261301
 0.598800 0.358800 28.127506 -129.731868 -186.634491
 0.609600 0.358800 26.832317 -110.564842 -199.468010
 0.620400 0.358800 25.725715 -94.915875 -213.673687
 0.631200 0.358800 24.769239 -82.650137 -229.722143
 0.642000 0.358800 23.933130 -72.282879 -247.066735
 0.652800 0.358800 23.208145 -61.761825 -264.063030
 0.663600 0.358800 22.602278 -50.294630 -278.575941
 0.674400 0.358800 22.118005 -39.816091 -288.704347
 0.685200 0.358800 21.722033 -34.821580 -292.757600
 0.696000 0.358800 21.329031 -39.719248 -288.797162
 0.706800 0.358800 20.832055 -53.058330 -275.654600
 0.717600 0.358800 20.186488 -65.362150 -255.579659
 0.728400 0.358800 19.453883 -68.572263 -232.973242
 0.739200 0.358800 18.734947 -63.603379 -209.452353
 0.750000 0.358800 18.088790 -56.062098 -182.875021
 0.760800 0.358800 17.516358 -50.466663 -150.279315
 0.771600 0.358800 16.985621 -48.354247 -111.000755
 0.782400 0.358800 16.462913 -48.630802 -67.968828
 0.793200 0.358800 15.935230 -48.849050 -26.354318
 0.804000 0.358800 15.414997 -47.046378 9.381571
 0.814800 0.358800 14.926377 -43.174488 37.551892
 0.825600 0.358800 14.482134 -39.321237 59.307844
 0.836400 0.358800 14.064204 -38.906765 77.480850
 0.847200 0.358800 13.618408 -44.716669 94.900176
 0.858000 0.358800 13.078805 -55.658085 112.489624
 0.868800 0.358800 12.418380 -65.926701 128.632369
 0.879600 0.358800 11.679373 -69.502332 141.163615
 0.890400 0.358800 10.948394 -64.517139 149.528562
 0.901200 0.358800 10.310518 -52.712424 154.688413
 0.912000 0.358800 9.824162 -36.937131 157.980003
 0.922800 0.358800 9.517585 -19.815157 160.339804
 0.933600 0.358800 9.393815 -3.344122 161.996726
 0.944400 0.358800 9.439686 11.565664 162.602105
 0.955200 0.358800 9.639536 25.305833 161.803574
 0.966000 0.358800 9.983579 38.174459 159.795354
 0.976800 0.358800 10.449889 46.743680 157.190150
 0.987600 0.358800 10.928022 36.613562 154.184874
 0.998400 0.358800 11.072149 -18.837230 150.270474
 1.009200 0.358800 10.402204 -103.509293 146.755073
 1.020000 0.358800 8.992214 -148.015716 146.336556
 1.030800 0.358800 7.358987 -149.750530 148.266440
 1.041600 0.358800 5.807887 -136.344289 150.784124
 1.052400 0.358800 4.419718 -120.609295 152.876065
 1.063200 0.358800 3.198668 -105.569562 153.846072
 1.074000 0.358800 2.133960 -91.759800 153.147142
 1.084800 0.358800 1.206765 -80.400488 150.577902
 1.095600 0.358800 0.379291 -73.663975 146.860563
 1.106400 0.358800 -0.408353 -73.113572 143.919857
 1.117200 0.358800 -1.220907 -77.898381 143.578767
 1.128000 0.358800 -2.100255 -84.849376 145.365855
 1.138800 0.358800 -3.049756 -90.387649 146.726554
 1.149600 0.358800 -4.040689 -92.363108 145.789466
 1.160400 0.358800 -5.031991 -90.576024 142.746479
 1.171200 0.358800 -5.987078 -85.816901 138.807454
 1.182000 0.358800 -6.877191 -78.584491 134.876174
 1.192800 0.358800 -7.675859 -68.894542 131.199218
 1.203600 0.358800 -8.357383 -56.985404 127.655501
 1.214400 0.358800 -8.901781 -43.684263 124.016458
 1.225200 0.358800 -9.300024 -30.106464 120.035750
 1.236000 0.358800 -9.554572 -17.213293 115.512409
 1.246800 0.358800 -9.676444 -5.611462 110.311174
 1.257600 0.358800 -9.681138 4.475329 104.305208
 1.268400 0.358800 -9.584402 13.228599 97.442135
 1.279200 0.358800 -9.397526 21.301556 89.977832
 1.290000 0.358800 -9.122539 29.699126 82.601801
 1.300800 0.358800 -8.750823 39.281034 76.245202
 1.311600 0.358800 -8.268219 50.130725 71.693433
 1.322400 0.358800 -7.664372 61.537753 69.270668
 1.333200 0.358800 -6.938399 72.553469 68.857908
 1.344000 0.358800 -6.098381 82.481523 70.157849
 1.354800 0.358800 -5.158984 90.759985 72.864379
 1.365600 0.358800 -4.142274 96.517749 76.540256
 1.376400 0.358800 -3.081079 98.685786 80.645763
 1.387200 0.358800 -2.017421 96.783191 84.395858
 1.398000 0.358800 -0.993355 91.369443 87.411147
 1.408800 0.358800 -0.039826 84.059744 90.050283
 1.419600 0.358800 0.838033 78.052223 93.211895
 1.430400 0.358800 1.674466 76.904386 97.265327
 1.441200 0.358800 2.530548 81.700880 101.396616
 1.452000 0.358800 3.463999 91.054155 104.634455
 1.462800 0.358800 4.516263 103.375043 107.048495
 1.473600 0.358800 5.714316 118.019266 109.737521
 1.484400 0.358800 7.078002 133.858164 113.850603
 1.495200 0.358800 8.619476 150.416472 119.443061
 1.506000 0.358800 10.355286 170.118688 125.485008
 1.516800 0.358800 12.339977 195.978472 131.407668
 1.527600 0.358800 14.653054 230.464047 136.840164
 1.538400 0.358800 17.401669 271.614582 142.148239
 1.549200 0.358800 20.645985 319.669711 146.722883
 1.560000 0.358800 24.518686 369.121585 151.131435

 0.480000 0.364000 60.173596 -422.344224 -197.268331
 0.490800 0.364000 55.432462 -396.479491 -219.354849
 0.501600 0.364000 51.104356 -370.531097 -234.984449
 0.512400 0.364000 47.144909 -343.520610 -247.178345
 0.523200 0.364000 43.531401 -315.470082 -256.104507
 0.534000 0.364000 40.250537 -286.983979 -262.881430
 0.544800 0.364000 37.289396 -258.795264 -268.366479
 0.555600 0.364000 34.637923 -231.142832 -272.852647
 0.566400 0.364000 32.283180 -204.415461 -276.408380
 0.577200 0.364000 30.212696 -178.823754 -279.110486
 0.588000 0.364000 28.411801 -154.711473 -281.068292
 0.598800 0.364000 26.861078 -132.715918 -282.526267
 0.609600 0.364000 25.532719 -113.766679 -283.801619
 0.620400 0.364000 24.389014 -98.617659 -285.315442
 0.631200 0.364000 23.389476 -86.893007 -287.414543
 0.642000 0.364000 22.506203 -76.672811 -289.939872
 0.652800 0.364000 21.736251 -65.572413 -292.066210
 0.663600 0.364000 21.095782 -52.789741 -292.693185
 0.674400 0.364000 20.594491 -40.376846 -290.840626
 0.685200 0.364000 20.206238 -32.688135 -285.376220
 0.696000 0.364000 19.855293 -33.945885 -274.490890
 0.706800 0.364000 19.441151 -43.692503 -256.772452
 0.717600 0.364000 18.907574 -54.448482 -234.278488
 0.728400 0.364000 18.291379 -58.125531 -212.070806
 0.739200 0.364000 17.682659 -53.453080 -192.776085
 0.750000 0.364000 17.152356 -44.444177 -174.265004
 0.760800 0.364000 16.721527 -35.686226 -152.117213
 0.771600 0.364000 16.369860 -30.093284 -122.844926
 0.782400 0.364000 16.057349 -28.357638 -86.030390
 0.793200 0.364000 15.748264 -29.093972 -44.856571
 0.804000 0.364000 15.428435 -29.970130 -4.552047
 0.814800 0.364000 15.105685 -29.552386 30.518217
 0.825600 0.364000 14.792604 -28.469937 59.023194
 0.836400 0.364000 14.483643 -29.341023 82.734262
 0.847200 0.364000 14.140256 -35.229170 104.691526
 0.858000 0.364000 13.703047 -46.350168 126.462940
 0.868800 0.364000 13.136772 -58.039680 146.559928
 0.879600 0.364000 12.470592 -63.983739 162.141763
 0.890400 0.364000 11.786425 -61.289744 171.891220
 0.901200 0.364000 11.173986 -51.105092 176.550082
 0.912000 0.364000 10.699587 -36.226906 177.781201
 0.922800 0.364000 10.398219 -19.508127 177.237385
 0.933600 0.364000 10.276489 -3.272274 176.095951
 0.944400 0.364000 10.321674 11.351039 174.946634
 0.955200 0.364000 10.517504 24.786514 174.005259
 0.966000 0.364000 10.854935 37.505847 173.425471
 0.976800 0.364000 11.314160 46.116437 173.401829
 0.987600 0.364000 11.785771 36.015732 174.085971
 0.998400 0.364000 11.923531 -19.347771 175.749349
 1.009200 0.364000 11.251937 -103.232401 178.733268
 1.020000 0.364000 9.849363 -147.023236 182.032047
 1.030800 0.364000 8.228084 -148.599814 184.736353
 1.041600 0.364000 6.688628 -135.365606 186.772297
 1.052400 0.364000 5.308896 -120.077518 188.031164
 1.063200 0.364000 4.089670 -105.822740 187.898037
 1.074000 0.364000 3.016714 -93.059036 185.599320
 1.084800 0.364000 2.070099 -82.626297 180.932518
 1.095600 0.364000 1.216740 -76.044909 174.966527
 1.106400 0.364000 0.407720 -74.518250 169.876341
 1.117200 0.364000 -0.412351 -77.932465 167.260797
 1.128000 0.364000 -1.288627 -84.479584 166.289436
 1.138800 0.364000 -2.238043 -90.885898 164.471760
 1.149600 0.364000 -3.240880 -94.019029 160.435794
 1.160400 0.364000 -4.253993 -92.839120 154.857074
 1.171200 0.364000 -5.234088 -88.111775 149.054339
 1.182000 0.364000 -6.148023 -80.691466 143.770542
 1.192800 0.364000 -6.968596 -70.859365 139.036681
 1.203600 0.364000 -7.671065 -58.914695 134.583052
 1.214400 0.364000 -8.236508 -45.662521 130.191674
 1.225200 0.364000 -8.656671 -32.195562 125.797013
 1.236000 0.364000 -8.934645 -19.472652 121.375951
 1.246800 0.364000 -9.082253 -8.137692 116.775900
 1.257600 0.364000 -9.116273 1.553537 111.651160
 1.268400 0.364000 -9.053483 9.878612 105.674970
 1.279200 0.364000 -8.904264 17.742924 98.936355
 1.290000 0.364000 -8.666801 26.405117 92.172253
 1.300800 0.364000 -8.326818 36.782032 86.550752
 1.311600 0.364000 -7.865399 48.740877 83.074431
 1.322400 0.364000 -7.270611 61.237242 82.049020
 1.333200 0.364000 -6.543051 73.120532 83.081637
 1.344000 0.364000 -5.693342 83.698095 85.521453
 1.354800 0.364000 -4.738091 92.455685 88.899442
 1.365600 0.364000 -3.701217 98.542818 92.900194
 1.376400 0.364000 -2.617461 100.762121 97.333856
 1.387200 0.364000 -1.532021 98.681771 101.833013
 1.398000 0.364000 -0.488336 93.094804 106.290895
 1.408800 0.364000 0.484726 85.958300 111.117400
 1.419600 0.364000 1.385914 80.434544 116.840139
 1.430400 0.364000 2.250305 79.548763 123.416366
 1.441200 0.364000 3.134060 84.046772 129.863792
 1.452000 0.364000 4.089574 92.775883 135.188859
 1.462800 0.364000 5.158362 104.760394 139.322467
 1.473600 0.364000 6.372635 119.702320 143.062575
 1.484400 0.364000 7.757569 136.056558 147.191166
 1.495200 0.364000 9.324621 152.733655 151.348104
 1.506000 0.364000 11.084300 172.069624 154.294510
 1.516800 0.364000 13.087730 197.317450 155.338849
 1.527600 0.364000 15.413843 231.318157 154.730159
 1.538400 0.364000 18.172707 272.073597 153.226803
 1.549200 0.364000 21.422469 320.079045 150.746411
 1.560000 0.364000 25.294838 369.806127 146.378256

 0.480000 0.369200 58.895158 -426.723729 -273.886893
 0.490800 0.369200 54.078792 -400.984172 -282.170881
 0.501600 0.369200 49.699277 -374.126713 -287.618053
 0.512400 0.369200 45.698924 -346.369310 -292.198776
 0.523200 0.369200 42.056982 -317.624453 -295.154304
 0.534000 0.369200 38.755253 -288.638175 -297.259015
 0.544800 0.369200 35.778085 -260.071282 -298.797386
 0.555600 0.369200 33.114701 -232.058549 -299.776140
 0.566400 0.369200 30.752260 -204.949834 -300.097582
 0.577200 0.369200 28.677858 -179.023213 -299.818960
 0.588000 0.369200 26.876407 -154.627466 -298.984567
 0.598800 0.369200 25.327855 -132.405278 -297.617659
 0.609600 0.369200 24.003734 -113.312082 -295.696938
 0.620400 0.369200 22.865173 -98.147594 -293.261715
 0.631200 0.369200 21.870374 -86.483910 -290.435600
 0.642000 0.369200 20.991767 -76.176266 -287.195021
 0.652800 0.369200 20.229192 -64.651443 -283.259509
 0.663600 0.369200 19.602546 -51.109862 -278.270896
 0.674400 0.369200 19.125018 -37.591999 -271.838677
 0.685200 0.369200 18.775627 -28.131952 -263.075951
 0.696000 0.369200 18.488223 -26.581139 -250.089539
 0.706800 0.369200 18.170749 -33.304020 -231.051489
 0.717600 0.369200 17.757603 -43.032168 -207.471408
 0.728400 0.369200 17.258066 -48.248184 -184.783773
 0.739200 0.369200 16.744876 -45.496334 -167.022982
 0.750000 0.369200 16.297737 -36.625264 -153.046748
 0.760800 0.369200 15.961287 -25.695421 -138.366762
 0.771600 0.369200 15.736700 -16.429373 -118.445011
 0.782400 0.369200 15.592392 -11.034911 -90.728683
 0.793200 0.369200 15.483518 -9.736095 -55.622794
 0.804000 0.369200 15.372734 -11.047944 -16.526759
 0.814800 0.369200 15.242719 -13.019696 21.685632
 0.825600 0.369200 15.092856 -14.728118 55.448476
 0.836400 0.369200 14.921774 -17.334884 84.481227
 0.847200 0.369200 14.705277 -23.607897 111.081249
 0.858000 0.369200 14.393269 -34.931201 137.196513
 0.868800 0.369200 13.943738 -48.141295 161.799342
 0.879600 0.369200 13.369540 -57.021284 181.560147
 0.890400 0.369200 12.742860 -57.569696 194.055461
 0.901200 0.369200 12.155745 -49.992251 199.391017
 0.912000 0.369200 11.683671 -36.748507 199.382405
 0.922800 0.369200 11.372061 -20.752916 196.323031
 0.933600 0.369200 11.236112 -4.576424 192.248263
 0.944400 0.369200 11.268795 10.384719 188.680778
 0.955200 0.369200 11.456971 24.354020 186.587550
 0.966000 0.369200 11.792984 37.678804 186.391654
 0.976800 0.369200 12.257426 46.910992 188.126137
 0.987600 0.369200 12.741355 37.535058 191.889998
 0.998400 0.369200 12.900535 -16.904608 198.224134
 1.009200 0.369200 12.257970 -100.577095 206.239808
 1.020000 0.369200 10.880031 -145.164690 212.371625
 1.030800 0.369200 9.275076 -147.368995 216.023577
 1.041600 0.369200 7.746681 -134.518524 218.395599
 1.052400 0.369200 6.373535 -119.758512 219.835144
 1.063200 0.369200 5.152968 -106.465903 219.586531
 1.074000 0.369200 4.066270 -94.969850 216.720005
 1.084800 0.369200 3.093045 -85.532389 211.326335
 1.095600 0.369200 2.206729 -79.056074 204.870128
 1.106400 0.369200 1.368817 -76.748882 199.071076
 1.117200 0.369200 0.529254 -79.400784 194.211099
 1.128000 0.369200 -0.363049 -86.153615 188.793966
 1.138800 0.369200 -1.335574 -93.528400 181.405036
 1.149600 0.369200 -2.371653 -97.425397 172.413257
 1.160400 0.369200 -3.422733 -96.353813 163.241197
 1.171200 0.369200 -4.439206 -91.282576 154.953195
 1.182000 0.369200 -5.384905 -83.407209 147.969896
 1.192800 0.369200 -6.232906 -73.254018 142.165739
 1.203600 0.369200 -6.960408 -61.180353 137.042374
 1.214400 0.369200 -7.550064 -47.879512 132.173441
 1.225200 0.369200 -7.993754 -34.323362 127.559000
 1.236000 0.369200 -8.294081 -21.489857 123.431210
 1.246800 0.369200 -8.463362 -10.165554 119.795272
 1.257600 0.369200 -8.520346 -0.705448 116.280315
 1.268400 0.369200 -8.483901 7.258170 112.430305
 1.279200 0.369200 -8.364460 14.902429 108.113602
 1.290000 0.369200 -8.157004 23.783885 103.748487
 1.300800 0.369200 -7.841664 34.928787 100.213415
 1.311600 0.369200 -7.394408 48.005720 98.396844
 1.322400 0.369200 -6.801529 61.595137 98.672127
 1.333200 0.369200 -6.065557 74.269640 100.754404
 1.344000 0.369200 -5.200768 85.308694 103.978460
 1.354800 0.369200 -4.226720 94.299693 107.729376
 1.365600 0.369200 -3.169120 100.543035 111.637019
 1.376400 0.369200 -2.063010 102.865288 115.747971
 1.387200 0.369200 -0.953979 100.903143 120.263223
 1.398000 0.369200 0.115045 95.553167 125.470110
 1.408800 0.369200 1.117195 88.835157 131.701085
 1.419600 0.369200 2.052546 83.799552 138.930218
 1.430400 0.369200 2.955192 83.110611 146.846936
 1.441200 0.369200 3.876913 87.378530 154.808337
 1.452000 0.369200 4.865864 95.576287 162.235110
 1.462800 0.369200 5.962370 107.068388 168.717199
 1.473600 0.369200 7.200452 121.782350 174.058533
 1.484400 0.369200 8.607025 137.865556 178.053553
 1.495200 0.369200 10.190639 153.784739 179.962962
 1.506000 0.369200 11.956091 171.880808 178.935740
 1.516800 0.369200 13.951591 195.973714 174.603194
 1.527600 0.369200 16.259737 229.212329 168.105684
 1.538400 0.369200 18.995095 269.655153 160.294472
 1.549200 0.369200 22.217407 317.872033 151.896216
 1.560000 0.369200 26.051429 368.532824 141.281048

 0.480000 0.374400 57.471786 -428.497867 -266.358161
 0.490800 0.374400 52.626894 -402.801776 -269.828353
 0.501600 0.374400 48.228533 -375.463306 -272.238191
 0.512400 0.374400 44.211191 -347.462205 -274.653960
 0.523200 0.374400 40.558576 -318.447560 -276.179030
 0.534000 0.374400 37.248939 -289.281176 -277.405678
 0.544800 0.374400 34.265576 -260.554125 -278.485906
 0.555600 0.374400 31.598001 -232.341197 -279.320138
 0.566400 0.374400 29.234011 -204.985141 -279.782983
 0.577200 0.374400 27.160515 -178.835294 -279.902147
 0.588000 0.374400 25.362281 -154.226292 -279.705586
 0.598800 0.374400 23.819433 -131.746112 -279.122316
 0.609600 0.374400 22.504185 -112.319037 -277.928758
 0.620400 0.374400 21.378491 -96.757540 -275.769758
 0.631200 0.374400 20.400999 -84.666851 -272.331589
 0.642000 0.374400 19.544492 -73.901135 -267.482141
 0.652800 0.374400 18.809082 -61.905903 -261.384346
 0.663600 0.374400 18.214649 -47.892479 -254.390081
 0.674400 0.374400 17.775122 -33.716702 -246.576035
 0.685200 0.374400 17.473970 -22.914532 -237.082848
 0.696000 0.374400 17.255396 -18.868692 -223.812366
 0.706800 0.374400 17.037682 -22.633658 -204.647839
 0.717600 0.374400 16.748783 -31.191725 -180.574171
 0.728400 0.374400 16.369730 -38.203341 -156.938237
 0.739200 0.374400 15.949116 -38.352421 -138.911535
 0.750000 0.374400 15.569209 -30.961638 -126.684021
 0.760800 0.374400 15.296699 -19.144607 -116.349321
 0.771600 0.374400 15.156889 -7.043279 -103.276793
 0.782400 0.374400 15.134082 2.117560 -84.081602
 0.793200 0.374400 15.186669 6.820496 -57.305410
 0.804000 0.374400 15.266243 7.273126 -23.834208
 0.814800 0.374400 15.333694 4.855911 13.087310
 0.825600 0.374400 15.367404 1.246952 49.275079
 0.836400 0.374400 15.358710 -3.134885 82.265712
 0.847200 0.374400 15.291297 -10.062436 112.621635
 0.858000 0.374400 15.125242 -21.536498 142.186837
 0.868800 0.374400 14.815278 -36.021768 170.825069
 0.879600 0.374400 14.356768 -48.005495 195.324798
 0.890400 0.374400 13.806170 -52.537034 212.121547
 0.901200 0.374400 13.253555 -48.490441 220.287777
 0.912000 0.374400 12.783702 -37.637756 221.515899
 0.922800 0.374400 12.455072 -22.836018 218.471455
 0.933600 0.374400 12.294745 -6.868294 213.626411
 0.944400 0.374400 12.304970 8.613699 208.949106
 0.955200 0.374400 12.478958 23.541614 205.825370
 0.966000 0.374400 12.812135 37.966610 204.952410
 0.976800 0.374400 13.285612 48.303290 206.490949
 0.987600 0.374400 13.791386 40.252533 210.752743
 0.998400 0.374400 13.988764 -12.616877 218.659268
 1.009200 0.374400 13.394761 -96.354319 228.971119
 1.020000 0.374400 12.053878 -142.523166 236.945626
 1.030800 0.374400 10.471625 -145.665969 242.012904
 1.041600 0.374400 8.959090 -133.252648 245.796789
 1.052400 0.374400 7.596419 -119.167033 248.464800
 1.063200 0.374400 6.375882 -107.136831 248.789814
 1.074000 0.374400 5.273808 -97.100279 245.789095
 1.084800 0.374400 4.272153 -88.493734 240.320799
 1.095600 0.374400 3.353635 -81.922384 234.506172
 1.106400 0.374400 2.486553 -79.326248 229.189072
 1.117200 0.374400 1.617096 -82.518196 222.580146
 1.128000 0.374400 0.683897 -90.647834 212.242919
 1.138800 0.374400 -0.343901 -99.110271 198.378397
 1.149600 0.374400 -1.441757 -103.111461 183.648454
 1.160400 0.374400 -2.551591 -101.471092 170.242651
 1.171200 0.374400 -3.619035 -95.574440 158.938638
 1.182000 0.374400 -4.606356 -86.833382 149.949655
 1.192800 0.374400 -5.487581 -76.035981 143.029606
 1.203600 0.374400 -6.243328 -63.680523 137.348948
 1.214400 0.374400 -6.859336 -50.254895 132.154543
 1.225200 0.374400 -7.327445 -36.431109 127.470711
 1.236000 0.374400 -7.648226 -23.154300 123.850843
 1.246800 0.374400 -7.833181 -11.430200 121.609374
 1.257600 0.374400 -7.902660 -1.795233 120.509245
 1.268400 0.374400 -7.878044 6.135391 120.038149
 1.279200 0.374400 -7.771209 13.702482 119.763637
 1.290000 0.374400 -7.576471 22.677316 119.503368
 1.300800 0.374400 -7.271179 34.235374 119.399546
 1.311600 0.374400 -6.827856 48.004313 119.823945
 1.322400 0.374400 -6.230862 62.351852 121.114321
 1.333200 0.374400 -5.483284 75.626012 123.370652
 1.344000 0.374400 -4.601813 87.000953 126.408386
 1.354800 0.374400 -3.608807 96.083328 129.839029
 1.365600 0.374400 -2.531887 102.343289 133.323528
 1.376400 0.374400 -1.405639 104.799644 136.960363
 1.387200 0.374400 -0.273652 103.201564 141.261670
 1.398000 0.374400 0.823255 98.395203 146.709365
 1.408800 0.374400 1.859506 92.204821 153.457142
 1.419600 0.374400 2.833971 87.569344 161.118858
 1.430400 0.374400 3.778978 87.067272 169.361517
 1.441200 0.374400 4.744339 91.402553 178.061897
 1.452000 0.374400 5.776493 99.432817 187.105986
 1.462800 0.374400 6.912315 110.348844 195.549779
 1.473600 0.374400 8.181265 124.064822 201.805561
 1.484400 0.374400 9.606003 138.790082 204.443721
 1.495200 0.374400 11.191349 153.077046 202.899931
 1.506000 0.374400 12.941044 169.473797 197.830957
 1.516800 0.374400 14.904002 192.447284 190.020600
 1.527600 0.374400 17.170721 225.049525 181.245954
 1.538400 0.374400 19.858901 265.485166 171.713960
 1.549200 0.374400 23.033685 314.062027 162.673471
 1.560000 0.374400 26.811952 365.743446 152.850955

 0.480000 0.379600 56.164488 -429.525650 -234.741546
 0.490800 0.379600 51.306793 -403.792012 -236.362201
 0.501600 0.379600 46.897998 -376.201555 -238.129028
 0.512400 0.379600 42.869298 -348.173202 -240.212577
 0.523200 0.379600 39.208888 -319.087343 -241.790221
 0.534000 0.379600 35.892447 -289.876372 -243.246502
 0.544800 0.379600 32.902618 -261.101117 -244.674150
 0.555600 0.379600 30.229496 -232.795631 -245.962014
 0.566400 0.379600 27.861320 -205.321676 -247.078310
 0.577200 0.379600 25.784740 -179.083702 -248.107190
 0.588000 0.379600 23.984257 -154.394671 -249.129158
 0.598800 0.379600 22.440470 -131.737584 -250.041259
 0.609600 0.379600 21.127182 -111.923350 -250.466128
 0.620400 0.379600 20.009177 -95.687342 -249.690885
 0.631200 0.379600 19.047931 -82.712904 -246.967605
 0.642000 0.379600 18.217319 -71.094690 -242.014490
 0.652800 0.379600 17.515645 -58.530855 -235.338795
 0.663600 0.379600 16.959381 -44.232132 -227.849589
 0.674400 0.379600 16.561191 -29.658931 -219.920240
 0.685200 0.379600 16.309229 -17.682630 -210.600593
 0.696000 0.379600 16.159134 -11.223170 -197.615085
 0.706800 0.379600 16.040508 -11.980039 -178.762977
 0.717600 0.379600 15.877241 -19.039926 -154.638196
 0.728400 0.379600 15.623618 -27.633494 -130.125241
 0.739200 0.379600 15.299444 -31.138272 -111.038554
 0.750000 0.379600 14.982397 -26.237433 -98.942700
 0.760800 0.379600 14.757185 -14.746516 -90.856973
 0.771600 0.379600 14.672499 -0.962136 -82.463989
 0.782400 0.379600 14.730906 11.223528 -70.192961
 0.793200 0.379600 14.901115 19.497251 -51.664567
 0.804000 0.379600 15.135447 23.070138 -25.866417
 0.814800 0.379600 15.384036 22.262030 6.294821
 0.825600 0.379600 15.605895 18.381998 41.790909
 0.836400 0.379600 15.775927 12.742311 77.020664
 0.847200 0.379600 15.874956 4.964012 110.318306
 0.858000 0.379600 15.870351 -6.677616 142.453773
 0.868800 0.379600 15.718269 -21.938956 174.008805
 0.879600 0.379600 15.399352 -36.625138 202.679075
 0.890400 0.379600 14.949804 -45.355893 224.473066
 0.901200 0.379600 14.451924 -45.417855 237.400643
 0.912000 0.379600 13.998134 -37.521202 242.630548
 0.922800 0.379600 13.660799 -24.372072 242.733075
 0.933600 0.379600 13.479946 -8.980620 240.127397
 0.944400 0.379600 13.468082 6.744861 236.714382
 0.955200 0.379600 13.625702 22.433753 233.837685
 0.966000 0.379600 13.952090 37.828125 232.225662
 0.976800 0.379600 14.429691 49.236275 232.203411
 0.987600 0.379600 14.952989 42.670905 234.420197
 0.998400 0.379600 15.187573 -8.179633 240.452937
 1.009200 0.379600 14.646332 -91.545828 250.190295
 1.020000 0.379600 13.349811 -139.134748 259.252407
 1.030800 0.379600 11.799044 -143.086367 266.291966
 1.041600 0.379600 10.312268 -131.077142 272.356967
 1.052400 0.379600 8.968714 -117.944898 276.971076
 1.063200 0.379600 7.752177 -107.715573 278.136194
 1.074000 0.379600 6.633453 -99.470167 274.691927
 1.084800 0.379600 5.601518 -91.469363 268.436881
 1.095600 0.379600 4.652659 -84.484886 262.434995
 1.106400 0.379600 3.758052 -82.071449 256.998450
 1.117200 0.379600 2.849828 -87.183444 248.654755
 1.128000 0.379600 1.851635 -97.899211 234.191514
 1.138800 0.379600 0.737123 -107.568368 215.087951
 1.149600 0.379600 -0.450889 -111.128402 195.516405
 1.160400 0.379600 -1.641537 -108.354527 178.108490
 1.171200 0.379600 -2.776254 -101.119251 163.737042
 1.182000 0.379600 -3.815984 -91.011667 152.721385
 1.192800 0.379600 -4.736322 -79.186427 144.702199
 1.203600 0.379600 -5.523057 -66.346192 138.559305
 1.214400 0.379600 -6.166507 -52.664040 133.341170
 1.225200 0.379600 -6.658316 -38.347223 129.104979
 1.236000 0.379600 -6.995562 -24.248623 126.594338
 1.246800 0.379600 -7.187502 -11.646817 126.309698
 1.257600 0.379600 -7.255495 -1.350248 128.072840
 1.268400 0.379600 -7.223823 6.952109 131.272733
 1.279200 0.379600 -7.107298 14.645323 135.235357
 1.290000 0.379600 -6.902516 23.576642 139.316590
 1.300800 0.379600 -6.588074 35.034136 142.932774
 1.311600 0.379600 -6.136378 48.774476 145.751081
 1.322400 0.379600 -5.530515 63.246104 147.892586
 1.333200 0.379600 -4.771920 76.784565 149.874772
 1.344000 0.379600 -3.876359 88.432532 152.244154
 1.354800 0.379600 -2.866960 97.650636 155.112491
 1.365600 0.379600 -1.772821 103.948960 158.257076
 1.376400 0.379600 -0.628279 106.603415 161.655132
 1.387200 0.379600 0.525824 105.502046 165.815761
 1.398000 0.379600 1.651264 101.344145 171.252983
 1.408800 0.379600 2.722858 95.679486 177.997451
 1.419600 0.379600 3.737223 91.383897 185.616982
 1.430400 0.379600 4.725175 91.135938 193.846689
 1.441200 0.379600 5.736795 95.832650 202.835444
 1.452000 0.379600 6.818485 103.986508 212.607907
 1.462800 0.379600 8.000714 114.113528 221.670835
 1.473600 0.379600 9.301257 125.868301 227.201682
 1.484400 0.379600 10.732766 138.118233 226.877225
 1.495200 0.379600 12.299408 150.392027 221.127799
 1.506000 0.379600 14.014402 165.678056 213.017973
 1.516800 0.379600 15.934734 188.560414 204.874943
 1.527600 0.379600 18.159766 221.251818 198.190862
 1.538400 0.379600 20.804846 262.153310 191.794476
 1.549200 0.379600 23.941681 311.031100 186.857495
 1.560000 0.379600 27.682047 363.199457 182.703618

 0.480000 0.384800 55.036868 -429.990129 -198.797772
 0.490800 0.384800 50.173771 -404.361982 -199.346950
 0.501600 0.384800 45.755789 -376.831482 -201.170588
 0.512400 0.384800 41.715787 -348.953112 -203.461167
 0.523200 0.384800 38.045986 -319.890406 -205.501825
 0.534000 0.384800 34.720744 -290.644490 -207.412484
 0.544800 0.384800 31.722459 -261.819524 -209.193590
 0.555600 0.384800 29.041711 -233.455102 -210.779068
 0.566400 0.384800 26.666551 -205.958754 -212.275336
 0.577200 0.384800 24.582949 -179.760311 -213.857742
 0.588000 0.384800 22.774810 -155.132326 -215.670414
 0.598800 0.384800 21.223288 -132.408839 -217.603604
 0.609600 0.384800 19.904426 -112.218474 -219.183677
 0.620400 0.384800 18.787324 -95.152513 -219.501433
 0.631200 0.384800 17.838051 -81.003697 -217.585245
 0.642000 0.384800 17.032199 -68.275169 -213.072776
 0.652800 0.384800 16.364974 -55.069806 -206.601931
 0.663600 0.384800 15.847397 -40.576490 -199.290266
 0.674400 0.384800 15.489852 -25.714779 -191.609166
 0.685200 0.384800 15.285540 -12.614169 -182.602234
 0.696000 0.384800 15.201883 -3.797944 -170.072165
 0.706800 0.384800 15.179702 -1.566786 -151.934545
 0.717600 0.384800 15.140695 -6.837943 -128.427341
 0.728400 0.384800 15.015534 -16.586264 -103.703799
 0.739200 0.384800 14.793159 -23.527052 -83.751005
 0.750000 0.384800 14.539897 -21.820614 -71.330124
 0.760800 0.384800 14.353292 -11.681875 -64.487443
 0.771600 0.384800 14.303355 2.680972 -59.355095
 0.782400 0.384800 14.411216 16.934012 -52.388570
 0.793200 0.384800 14.659200 28.308729 -40.794532
 0.804000 0.384800 15.007928 35.439243 -22.535675
 0.814800 0.384800 15.407767 37.709727 3.219794
 0.825600 0.384800 15.806774 35.411403 35.291065
 0.836400 0.384800 16.161690 29.687498 70.538304
 0.847200 0.384800 16.440306 21.220084 105.822143
 0.858000 0.384800 16.609626 9.281921 140.146689
 0.868800 0.384800 16.628939 -6.377231 173.946974
 0.879600 0.384800 16.469671 -23.036965 206.015037
 0.890400 0.384800 16.147654 -35.590136 232.737437
 0.901200 0.384800 15.732245 -39.863185 251.233300
 0.912000 0.384800 15.319742 -35.240590 261.762266
 0.922800 0.384800 14.995025 -24.138494 266.501101
 0.933600 0.384800 14.810347 -9.786126 267.719592
 0.944400 0.384800 14.787628 5.631832 267.136404
 0.955200 0.384800 14.933709 21.454614 265.828782
 0.966000 0.384800 15.251301 37.198674 264.336953
 0.976800 0.384800 15.724896 49.183090 263.041944
 0.987600 0.384800 16.253344 43.835656 262.876461
 0.998400 0.384800 16.512399 -4.717406 266.136814
 1.009200 0.384800 16.018567 -86.687479 274.469762
 1.020000 0.384800 14.771615 -134.945647 284.389895
 1.030800 0.384800 13.262577 -139.459315 293.283796
 1.041600 0.384800 11.813198 -127.841698 301.401033
 1.052400 0.384800 10.498797 -115.997565 307.783103
 1.063200 0.384800 9.290320 -108.306897 309.580715
 1.074000 0.384800 8.150809 -102.517000 304.986710
 1.084800 0.384800 7.080193 -95.221204 296.327360
 1.095600 0.384800 6.093633 -87.628926 287.698554
 1.106400 0.384800 5.164885 -85.535972 279.852027
 1.117200 0.384800 4.206915 -93.192394 269.165492
 1.128000 0.384800 3.125871 -107.017402 252.297171
 1.138800 0.384800 1.903856 -117.935688 230.820221
 1.149600 0.384800 0.605743 -120.909838 208.744549
 1.160400 0.384800 -0.683592 -116.751881 188.741040
 1.171200 0.384800 -1.899830 -107.768672 172.167319
 1.182000 0.384800 -3.001519 -95.864973 159.622899
 1.192800 0.384800 -3.966337 -82.671497 150.695011
 1.203600 0.384800 -4.786113 -69.061153 144.262758
 1.214400 0.384800 -5.456010 -54.838808 139.474054
 1.225200 0.384800 -5.967394 -39.732635 136.363882
 1.236000 0.384800 -6.313705 -24.500560 135.520980
 1.246800 0.384800 -6.501797 -10.700286 137.319221
 1.257600 0.384800 -6.554123 0.548474 141.504224
 1.268400 0.384800 -6.498400 9.450053 147.378825
 1.279200 0.384800 -6.353165 17.408030 154.209083
 1.290000 0.384800 -6.118741 26.237430 161.256087
 1.300800 0.384800 -5.777888 37.207071 167.575286
 1.311600 0.384800 -5.306329 50.270001 172.278556
 1.322400 0.384800 -4.687239 64.245615 175.222311
 1.333200 0.384800 -3.918507 77.728678 177.219496
 1.344000 0.384800 -3.011369 89.644008 179.403117
 1.354800 0.384800 -1.987253 99.123292 182.263404
 1.365600 0.384800 -0.876327 105.533051 185.587221
 1.376400 0.384800 0.286431 108.406412 189.154095
 1.387200 0.384800 1.462575 107.814885 193.388565
 1.398000 0.384800 2.616626 104.288331 198.872127
 1.408800 0.384800 3.723413 99.134549 205.627986
 1.419600 0.384800 4.777425 95.174932 213.275184
 1.430400 0.384800 5.808116 95.216999 221.494065
 1.441200 0.384800 6.866369 100.325176 230.346278
 1.452000 0.384800 7.998522 108.597520 239.731211
 1.462800 0.384800 9.226489 117.598976 247.930545
 1.473600 0.384800 10.551478 126.551971 251.562292
 1.484400 0.384800 11.973110 135.586039 248.088437
 1.495200 0.384800 13.501158 146.122743 239.219297
 1.506000 0.384800 15.170392 161.629097 229.978574
 1.516800 0.384800 17.052875 185.835199 223.702182
 1.527600 0.384800 19.253470 219.484507 221.013245
 1.538400 0.384800 21.878341 261.219572 219.710337
 1.549200 0.384800 25.004365 310.185744 220.598476
 1.560000 0.384800 28.741107 362.117556 223.437221

 0.480000 0.390000 54.095349 -429.829744 -163.454780
 0.490800 0.390000 49.230569 -404.633472 -163.703889
 0.501600 0.390000 44.802271 -377.517350 -165.875232
 0.512400 0.390000 40.749642 -349.921095 -168.415626
 0.523200 0.390000 37.068157 -320.894245 -170.817028
 0.534000 0.390000 33.732174 -291.550158 -172.977263
 0.544800 0.390000 30.724284 -262.612096 -174.831416
 0.555600 0.390000 28.035190 -234.176542 -176.403817
 0.566400 0.390000 25.652076 -206.707324 -177.913065
 0.577200 0.390000 23.559828 -180.625979 -179.590351
 0.588000 0.390000 21.741539 -156.141225 -181.591692
 0.598800 0.390000 20.178954 -133.418071 -183.796727
 0.609600 0.390000 18.850689 -112.877429 -185.701149
 0.620400 0.390000 17.730634 -94.959565 -186.403721
 0.631200 0.390000 16.789932 -79.579594 -184.964200
 0.642000 0.390000 16.006109 -65.675735 -181.008550
 0.652800 0.390000 15.371277 -51.769457 -175.049289
 0.663600 0.390000 14.890926 -37.030797 -168.043018
 0.674400 0.390000 14.573008 -21.856382 -160.442608
 0.685200 0.390000 14.415177 -7.697704 -151.536917
 0.696000 0.390000 14.395285 3.264299 -139.570350
 0.706800 0.390000 14.464377 8.284216 -122.713033
 0.717600 0.390000 14.544055 4.977208 -100.744268
 0.728400 0.390000 14.545833 -5.430862 -76.837731
 0.739200 0.390000 14.427888 -15.637698 -56.779501
 0.750000 0.390000 14.239621 -17.543149 -44.279174
 0.760800 0.390000 14.086190 -9.521498 -38.351316
 0.771600 0.390000 14.056527 4.540212 -35.585283
 0.782400 0.390000 14.190009 20.036018 -32.519356
 0.793200 0.390000 14.484045 33.906915 -26.183015
 0.804000 0.390000 14.911097 44.444122 -14.152865
 0.814800 0.390000 15.428307 50.400108 5.195008
 0.825600 0.390000 15.981649 51.071848 32.117399
 0.836400 0.390000 16.515134 46.776574 64.920262
 0.847200 0.390000 16.979935 38.401188 100.578737
 0.858000 0.390000 17.334028 26.254863 136.720721
 0.868800 0.390000 17.536611 10.419663 172.759221
 0.879600 0.390000 17.554208 -7.472938 207.953050
 0.890400 0.390000 17.385097 -23.210789 239.333125
 0.901200 0.390000 17.081293 -31.638814 263.284412
 0.912000 0.390000 16.737434 -30.604091 278.896108
 0.922800 0.390000 16.448815 -21.916211 287.909673
 0.933600 0.390000 16.279910 -8.960589 292.699737
 0.944400 0.390000 16.261697 5.706167 294.999050
 0.955200 0.390000 16.406028 21.077247 295.636925
 0.966000 0.390000 16.717798 36.514816 294.915241
 0.976800 0.390000 17.183456 48.469800 293.228241
 0.987600 0.390000 17.707367 43.918674 291.759375
 0.998400 0.390000 17.979567 -2.099893 293.594035
 1.009200 0.390000 17.529806 -81.551975 301.957853
 1.020000 0.390000 16.339499 -129.902394 313.268937
 1.030800 0.390000 14.881141 -135.061065 323.153939
 1.041600 0.390000 13.476632 -123.993138 331.550607
 1.052400 0.390000 12.196563 -113.756068 337.833097
 1.063200 0.390000 10.995593 -109.357747 338.852577
 1.074000 0.390000 9.825353 -106.900384 332.041649
 1.084800 0.390000 8.698739 -100.745083 319.760923
 1.095600 0.390000 7.655087 -92.514648 306.912327
 1.106400 0.390000 6.674907 -90.396259 295.309785
 1.117200 0.390000 5.654808 -100.068256 282.491676
 1.128000 0.390000 4.483970 -116.583412 265.440534
 1.138800 0.390000 3.149920 -128.756121 244.616915
 1.149600 0.390000 1.735354 -131.406767 222.753144
 1.160400 0.390000 0.338950 -125.932798 202.371445
 1.171200 0.390000 -0.966541 -115.048553 185.232725
 1.182000 0.390000 -2.136027 -101.172533 172.098158
 1.192800 0.390000 -3.149171 -86.397426 162.688399
 1.203600 0.390000 -4.002813 -71.666643 156.293720
 1.214400 0.390000 -4.695762 -56.502341 152.408025
 1.225200 0.390000 -5.219540 -40.330479 150.910167
 1.236000 0.390000 -5.565699 -23.854770 151.882428
 1.246800 0.390000 -5.740045 -8.824905 155.320190
 1.257600 0.390000 -5.766600 3.386746 160.892915
 1.268400 0.390000 -5.676670 12.889131 167.964747
 1.279200 0.390000 -5.492487 21.128787 175.876633
 1.290000 0.390000 -5.217997 29.857500 183.980706
 1.300800 0.390000 -4.840909 40.205612 191.354528
 1.311600 0.390000 -4.342041 52.298054 197.001786
 1.322400 0.390000 -3.705608 65.486339 200.712700
 1.333200 0.390000 -2.924944 78.789661 203.397306
 1.344000 0.390000 -2.004867 91.000762 206.306750
 1.354800 0.390000 -0.964108 100.790816 209.911476
 1.365600 0.390000 0.165733 107.284505 213.842314
 1.376400 0.390000 1.348143 110.293062 217.744925
 1.387200 0.390000 2.546823 110.155790 222.054044
 1.398000 0.390000 3.729745 107.248572 227.550610
 1.408800 0.390000 4.872100 102.639059 234.358419
 1.419600 0.390000 5.966333 99.005298 242.000128
 1.430400 0.390000 7.039529 99.209619 249.780600
 1.441200 0.390000 8.142089 104.464074 257.401076
 1.452000 0.390000 9.319572 112.610581 264.740874
 1.462800 0.390000 10.585849 120.283948 270.661292
 1.473600 0.390000 11.925275 126.185062 272.392378
 1.484400 0.390000 13.324899 131.950022 267.771654
 1.495200 0.390000 14.804833 141.307802 258.774682
 1.506000 0.390000 16.427072 158.052647 250.357896
 1.516800 0.390000 18.281589 184.412289 245.854422
 1.527600 0.390000 20.475071 219.629758 245.432789
 1.538400 0.390000 23.102286 262.509547 247.183970
 1.549200 0.390000 26.243674 311.581196 251.697083
 1.560000 0.390000 30.008444 362.975928 259.053469

 0.480000 0.395200 53.335344 -429.285900 -128.859429
 0.490800 0.395200 48.468122 -404.809043 -129.656949
 0.501600 0.395200 44.027456 -378.325656 -132.220327
 0.512400 0.395200 39.961479 -351.014417 -134.752261
 0.523200 0.395200 36.267317 -321.968030 -137.163990
 0.534000 0.395200 32.920151 -292.458769 -139.263646
 0.544800 0.395200 29.902937 -263.362527 -140.984814
 0.555600 0.395200 27.206005 -234.853779 -142.439761
 0.566400 0.395200 24.815265 -207.437008 -143.884183
 0.577200 0.395200 22.714421 -181.496641 -145.526880
 0.588000 0.395200 20.885910 -157.157455 -147.449857
 0.598800 0.395200 19.312197 -134.429086 -149.490091
 0.609600 0.395200 17.974492 -113.550278 -151.161344
 0.620400 0.395200 16.850999 -94.854316 -151.724246
 0.631200 0.395200 15.917277 -78.363652 -150.439193
 0.642000 0.395200 15.152763 -63.351949 -146.948465
 0.652800 0.395200 14.547625 -48.666731 -141.471326
 0.663600 0.395200 14.103297 -33.504805 -134.591606
 0.674400 0.395200 13.825477 -17.920957 -126.724679
 0.685200 0.395200 13.714355 -2.867446 -117.629034
 0.696000 0.395200 13.755139 9.811630 -106.256893
 0.706800 0.395200 13.907503 17.209395 -91.137343
 0.717600 0.395200 14.095544 15.907517 -71.542985
 0.728400 0.395200 14.217276 5.351514 -49.475246
 0.739200 0.395200 14.202073 -7.770496 -30.165934
 0.750000 0.395200 14.078075 -13.459896 -18.041102
 0.760800 0.395200 13.953204 -8.056910 -13.014818
 0.771600 0.395200 13.933052 5.093006 -12.081222
 0.782400 0.395200 14.074794 21.237137 -11.855683
 0.793200 0.395200 14.391433 37.075964 -9.342091
 0.804000 0.395200 14.868221 50.618440 -2.104357
 0.814800 0.395200 15.471457 60.213567 11.674058
 0.825600 0.395200 16.150860 64.511411 33.072482
 0.836400 0.395200 16.845705 62.979887 61.903419
 0.847200 0.395200 17.494378 55.963004 96.349353
 0.858000 0.395200 18.041197 44.189661 133.642127
 0.868800 0.395200 18.438941 28.428498 171.818550
 0.879600 0.395200 18.649544 9.894745 209.723658
 0.890400 0.395200 18.656802 -8.397623 244.955817
 0.901200 0.395200 18.491696 -20.982079 273.448877
 0.912000 0.395200 18.240416 -24.017354 293.007883
 0.922800 0.395200 18.006471 -18.181639 304.910901
 0.933600 0.395200 17.868241 -6.873825 311.955023
 0.944400 0.395200 17.867001 6.810327 316.256578
 0.955200 0.395200 18.018973 21.383783 318.608041
 0.966000 0.395200 18.329986 36.073078 319.021649
 0.976800 0.395200 18.787829 47.534408 317.552838
 0.987600 0.395200 19.302724 43.447634 315.171565
 0.998400 0.395200 19.583116 0.339696 315.768468
 1.009200 0.395200 19.181282 -75.566679 324.848870
 1.020000 0.395200 18.057691 -124.091163 338.269337
 1.030800 0.395200 16.653680 -130.746993 348.463033
 1.041600 0.395200 15.289361 -120.840741 354.631486
 1.052400 0.395200 14.034545 -112.454779 357.110419
 1.063200 0.395200 12.829841 -111.566159 354.074146
 1.074000 0.395200 11.614619 -112.755840 343.956700
 1.084800 0.395200 10.414811 -107.943136 329.402475
 1.095600 0.395200 9.295847 -99.029269 314.957408
 1.106400 0.395200 8.248941 -96.338224 302.413778
 1.117200 0.395200 7.160273 -107.006528 290.070733
 1.128000 0.395200 5.903549 -125.461560 275.122439
 1.138800 0.395200 4.465355 -138.892125 256.894513
 1.149600 0.395200 2.939980 -141.538744 237.117718
 1.160400 0.395200 1.439175 -134.963610 218.193626
 1.171200 0.395200 0.045230 -122.329701 201.944834
 1.182000 0.395200 -1.192773 -106.595979 189.159226
 1.192800 0.395200 -2.255269 -90.150647 179.894752
 1.203600 0.395200 -3.141320 -73.941427 174.060267
 1.214400 0.395200 -3.851468 -57.433906 171.500937
 1.225200 0.395200 -4.378599 -40.040363 171.795328
 1.236000 0.395200 -4.715527 -22.451448 174.362120
 1.246800 0.395200 -4.869205 -6.424491 178.769205
 1.257600 0.395200 -4.865322 6.579892 184.744156
 1.268400 0.395200 -4.737915 16.586593 191.924565
 1.279200 0.395200 -4.512377 25.040050 199.769034
 1.290000 0.395200 -4.195959 33.640203 207.623852
 1.300800 0.395200 -3.780725 43.403776 214.729200
 1.311600 0.395200 -3.251911 54.619809 220.444251
 1.322400 0.395200 -2.594297 67.141805 224.824434
 1.333200 0.395200 -1.796662 80.351208 228.689729
 1.344000 0.395200 -0.858178 92.845835 232.874862
 1.354800 0.395200 0.203966 102.823306 237.442060
 1.365600 0.395200 1.355719 109.216383 241.819698
 1.376400 0.395200 2.558736 112.167636 245.686125
 1.387200 0.395200 3.779260 112.387919 249.571294
 1.398000 0.395200 4.990052 110.128705 254.483666
 1.408800 0.395200 6.167504 106.118357 260.747749
 1.419600 0.395200 7.301221 102.678259 267.779361
 1.430400 0.395200 8.413180 102.637664 274.335994
 1.441200 0.395200 9.550930 107.484114 279.625360
 1.452000 0.395200 10.759670 115.222062 283.642831
 1.462800 0.395200 12.050256 121.877501 286.499422
 1.473600 0.395200 13.396248 125.516223 287.110861
 1.484400 0.395200 14.774742 128.757342 283.989659
 1.495200 0.395200 16.213478 137.238640 277.854297
 1.506000 0.395200 17.795916 155.110849 271.539322
 1.516800 0.395200 19.628123 183.319087 267.694906
 1.527600 0.395200 21.818151 220.159960 266.676541
 1.538400 0.395200 24.453964 264.374107 267.921645
 1.549200 0.395200 27.619103 313.917787 271.972905
 1.560000 0.395200 31.423164 365.161125 279.001956

 0.480000 0.400400 52.755783 -428.822543 -93.886862
 0.490800 0.400400 47.882311 -405.073903 -95.450428
 0.501600 0.400400 43.427829 -379.213681 -98.133508
 0.512400 0.400400 39.349427 -352.081069 -100.340345
 0.523200 0.400400 35.643242 -322.976357 -102.546203
 0.534000 0.400400 32.285441 -293.315708 -104.570481
 0.544800 0.400400 29.259297 -264.096353 -106.351179
 0.555600 0.400400 26.554510 -235.553969 -107.995807
 0.566400 0.400400 24.155768 -208.208782 -109.702844
 0.577200 0.400400 22.045923 -182.389314 -111.582879
 0.588000 0.400400 20.207323 -158.123851 -113.584310
 0.598800 0.400400 18.623466 -135.308538 -115.472329
 0.609600 0.400400 17.277978 -114.066022 -116.807050
 0.620400 0.400400 16.152335 -94.688854 -117.072151
 0.631200 0.400400 15.225285 -77.267746 -115.777982
 0.642000 0.400400 14.478060 -61.254474 -112.594188
 0.652800 0.400400 13.900501 -45.692753 -107.439739
 0.663600 0.400400 13.492038 -29.874354 -100.515605
 0.674400 0.400400 13.256309 -13.762183 -92.193279
 0.685200 0.400400 13.193471 1.967163 -82.704227
 0.696000 0.400400 13.292223 15.815710 -71.735053
 0.706800 0.400400 13.518722 25.019429 -58.279226
 0.717600 0.400400 13.801760 25.582254 -41.319572
 0.728400 0.400400 14.031878 15.314866 -21.781814
 0.739200 0.400400 14.113380 -0.263868 -4.040577
 0.750000 0.400400 14.050203 -9.733391 7.093288
 0.760800 0.400400 13.948583 -7.247102 10.915992
 0.771600 0.400400 13.928903 4.624076 10.130108
 0.782400 0.400400 14.065885 21.046585 8.108955
 0.793200 0.400400 14.387965 38.447481 7.772649
 0.804000 0.400400 14.892663 54.551339 11.373994
 0.814800 0.400400 15.555720 67.467920 20.690132
 0.825600 0.400400 16.333809 75.558372 37.242094
 0.836400 0.400400 17.168451 77.718770 61.965620
 0.847200 0.400400 17.992412 73.415293 94.443760
 0.858000 0.400400 18.736631 62.959192 132.337996
 0.868800 0.400400 19.340588 47.535955 172.453052
 0.879600 0.400400 19.757437 28.623678 212.372710
 0.890400 0.400400 19.958933 8.292140 249.943730
 0.901200 0.400400 19.954116 -8.376475 281.424093
 0.912000 0.400400 19.814039 -16.015366 303.756195
 0.922800 0.400400 19.646996 -13.572159 317.514933
 0.933600 0.400400 19.547399 -4.151015 325.751088
 0.944400 0.400400 19.569650 8.490152 331.058345
 0.955200 0.400400 19.735115 22.174089 334.375355
 0.966000 0.400400 20.049314 35.833421 335.395462
 0.976800 0.400400 20.498738 46.232078 333.420446
 0.987600 0.400400 20.996930 41.962851 328.610074
 0.998400 0.400400 21.274641 2.069831 325.557659
 1.009200 0.400400 20.921116 -68.795520 333.435197
 1.020000 0.400400 19.874522 -117.556474 348.739968
 1.030800 0.400400 18.524476 -127.299821 358.850130
 1.041600 0.400400 17.182409 -120.021259 360.445151
 1.052400 0.400400 15.923907 -113.956557 355.444902
 1.063200 0.400400 14.688867 -115.689766 346.271271
 1.074000 0.400400 13.416417 -118.964231 335.179132
 1.084800 0.400400 12.145755 -114.512443 324.218951
 1.095600 0.400400 10.959503 -104.780350 314.552659
 1.106400 0.400400 9.853626 -101.574411 305.882060
 1.117200 0.400400 8.704782 -113.044733 296.392640
 1.128000 0.400400 7.373226 -133.208442 283.847773
 1.138800 0.400400 5.843216 -147.896135 267.934279
 1.149600 0.400400 4.218608 -150.668840 250.501093
 1.160400 0.400400 2.623192 -143.205074 233.782174
 1.171200 0.400400 1.147725 -129.125026 219.265441
 1.182000 0.400400 -0.154979 -111.767618 207.642537
 1.192800 0.400400 -1.264189 -93.615124 199.322536
 1.203600 0.400400 -2.178099 -75.638035 194.721307
 1.214400 0.400400 -2.897573 -57.515809 193.857377
 1.225200 0.400400 -3.418640 -38.913539 195.949334
 1.236000 0.400400 -3.738761 -20.515886 199.817015
 1.246800 0.400400 -3.868065 -3.857037 204.701685
 1.257600 0.400400 -3.833222 9.737080 210.536678
 1.268400 0.400400 -3.669060 20.198478 217.428484
 1.279200 0.400400 -3.403354 28.805701 225.036484
 1.290000 0.400400 -3.047084 37.190034 232.566470
 1.300800 0.400400 -2.596077 46.432945 239.282572
 1.311600 0.400400 -2.037650 57.082608 244.974527
 1.322400 0.400400 -1.355189 69.323967 250.083102
 1.333200 0.400400 -0.533607 82.622479 255.242586
 1.344000 0.400400 0.430577 95.281659 260.634492
 1.354800 0.400400 1.518970 105.142914 265.778722
 1.365600 0.400400 2.693962 111.124039 269.962013
 1.376400 0.400400 3.915856 113.744961 273.047438
 1.387200 0.400400 5.154093 114.135299 275.721098
 1.398000 0.400400 6.387266 112.473511 279.146155
 1.408800 0.400400 7.594052 109.073306 283.829069
 1.419600 0.400400 8.760927 105.668750 289.180602
 1.430400 0.400400 9.902184 104.970025 293.515872
 1.441200 0.400400 11.060313 108.877393 295.672629
 1.452000 0.400400 12.281034 116.029499 295.801174
 1.462800 0.400400 13.579026 122.342185 295.233245
 1.473600 0.400400 14.926843 125.201549 294.804555
 1.484400 0.400400 16.295354 127.168235 293.918519
 1.495200 0.400400 17.711476 134.771859 291.707796
 1.506000 0.400400 19.266561 152.834958 288.214498
 1.516800 0.400400 21.078182 181.802713 284.919126
 1.527600 0.400400 23.257157 219.754531 282.306880
 1.538400 0.400400 25.892109 265.121443 281.120701
 1.549200 0.400400 29.069146 315.451161 281.803539
 1.560000 0.400400 32.897953 367.185336 284.136682

 0.480000 0.405600 52.360651 -428.742826 -57.934253
 0.490800 0.405600 47.478270 -405.412064 -59.648299
 0.501600 0.405600 43.010425 -380.042547 -62.042243
 0.512400 0.405600 38.921582 -353.026291 -63.872938
 0.523200 0.405600 35.204153 -323.947640 -66.050557
 0.534000 0.405600 31.835212 -294.263404 -68.398898
 0.544800 0.405600 28.798514 -265.020642 -70.774433
 0.555600 0.405600 26.083534 -236.489647 -73.132585
 0.566400 0.405600 23.674254 -209.205567 -75.536298
 0.577200 0.405600 21.553274 -183.440070 -77.973852
 0.588000 0.405600 19.703508 -159.127055 -80.292136
 0.598800 0.405600 18.109814 -136.097984 -82.213931
 0.609600 0.405600 16.757938 -114.432408 -83.366884
 0.620400 0.405600 15.631532 -94.435711 -83.416437
 0.631200 0.405600 14.711363 -76.223991 -82.056764
 0.642000 0.405600 13.980286 -59.295031 -78.996624
 0.652800 0.405600 13.429052 -42.783751 -73.999910
 0.663600 0.405600 13.056736 -26.119527 -67.037731
 0.674400 0.405600 12.865238 -9.361586 -58.399941
 0.685200 0.405600 12.852789 6.895977 -48.538816
 0.696000 0.405600 13.008301 21.458774 -37.626589
 0.706800 0.405600 13.301843 31.881094 -25.163304
 0.717600 0.405600 13.667324 33.954485 -10.277656
 0.728400 0.405600 13.992240 24.149451 6.674146
 0.739200 0.405600 14.160501 6.505114 22.201977
 0.750000 0.405600 14.151003 -6.657829 31.570064
 0.760800 0.405600 14.064888 -7.238057 33.595298
 0.771600 0.405600 14.036145 3.196438 30.827597
 0.782400 0.405600 14.157175 19.734745 26.688032
 0.793200 0.405600 14.471339 38.448926 23.990950
 0.804000 0.405600 14.987357 56.777427 24.798159
 0.814800 0.405600 15.690052 72.716303 30.823486
 0.825600 0.405600 16.544609 84.572167 43.758014
 0.836400 0.405600 17.499227 90.938188 65.103395
 0.847200 0.405600 18.487585 90.449036 95.494293
 0.858000 0.405600 19.431046 82.389203 133.583842
 0.868800 0.405600 20.250907 67.597047 175.627617
 0.879600 0.405600 20.883453 48.081845 217.405301
 0.890400 0.405600 21.288056 25.891664 256.122089
 0.901200 0.405600 21.456059 5.524787 289.016597
 0.912000 0.405600 21.441374 -6.816930 313.117986
 0.922800 0.405600 21.352121 -8.178418 328.024829
 0.933600 0.405600 21.297712 -0.985648 336.380896
 0.944400 0.405600 21.347112 10.415164 341.039293
 0.955200 0.405600 21.527761 23.007075 343.269933
 0.966000 0.405600 21.843424 35.158422 342.644569
 0.976800 0.405600 22.274912 43.512006 337.692878
 0.987600 0.405600 22.734428 37.879637 327.788007
 0.998400 0.405600 22.979891 1.351030 318.559942
 1.009200 0.405600 22.660361 -62.017305 322.996510
 1.020000 0.405600 21.699216 -110.037069 338.948551
 1.030800 0.405600 20.404780 -124.819133 348.895539
 1.041600 0.405600 19.061453 -122.423836 346.271767
 1.052400 0.405600 17.760246 -119.006773 335.418857
 1.063200 0.405600 16.467779 -120.891009 324.342184
 1.074000 0.405600 15.145140 -122.952091 318.637065
 1.084800 0.405600 13.837286 -117.480555 317.428032
 1.095600 0.405600 12.620813 -107.485864 316.693110
 1.106400 0.405600 11.482480 -104.961319 313.321926
 1.117200 0.405600 10.287848 -118.165191 305.396678
 1.128000 0.405600 8.889267 -140.302610 292.664635
 1.138800 0.405600 7.275379 -156.034142 277.191991
 1.149600 0.405600 5.562321 -158.702657 261.557725
 1.160400 0.405600 3.884307 -150.368264 247.345372
 1.171200 0.405600 2.337906 -135.056861 235.267947
 1.182000 0.405600 0.978676 -116.266387 225.691906
 1.192800 0.405600 -0.170205 -96.416406 219.139114
 1.203600 0.405600 -1.104200 -76.551025 216.230207
 1.214400 0.405600 -1.824072 -56.755285 216.995616
 1.225200 0.405600 -2.330614 -37.103150 220.432430
 1.236000 0.405600 -2.628360 -18.253136 225.062740
 1.246800 0.405600 -2.731778 -1.314644 230.012921
 1.257600 0.405600 -2.667195 12.739540 235.473552
 1.268400 0.405600 -2.467558 23.750381 242.042239
 1.279200 0.405600 -2.161689 32.611955 249.674451
 1.290000 0.405600 -1.765120 40.768545 257.477134
 1.300800 0.405600 -1.277993 49.520303 264.573333
 1.311600 0.405600 -0.688296 59.822773 270.912237
 1.322400 0.405600 0.023532 72.050265 277.141943
 1.333200 0.405600 0.875474 85.478894 283.693341
 1.344000 0.405600 1.870545 98.042759 290.174283
 1.354800 0.405600 2.986620 107.391472 295.602079
 1.365600 0.405600 4.182134 112.633601 299.140000
 1.376400 0.405600 5.417273 114.690530 300.861604
 1.387200 0.405600 6.665571 115.068636 301.658517
 1.398000 0.405600 7.911801 113.896262 302.760726
 1.408800 0.405600 9.137483 111.061306 304.804850
 1.419600 0.405600 10.326367 107.559397 307.440800
 1.430400 0.405600 11.483706 105.948059 308.982611
 1.441200 0.405600 12.645692 108.587777 308.166341
 1.452000 0.405600 13.858897 115.023897 305.025289
 1.462800 0.405600 15.146289 121.487752 301.260034
 1.473600 0.405600 16.487991 124.878132 298.963751
 1.484400 0.405600 17.854327 126.999532 298.775264
 1.495200 0.405600 19.266337 134.104588 299.540946
 1.506000 0.405600 20.810289 151.662579 299.256025
 1.516800 0.405600 22.607663 180.290309 297.758676
 1.527600 0.405600 24.770880 218.493926 295.047789
 1.538400 0.405600 27.393821 264.351540 292.295180
 1.549200 0.405600 30.564375 315.252772 289.735905
 1.560000 0.405600 34.390571 367.686120 286.869234

 0.480000 0.410800 52.153959 -428.981379 -21.610610
 0.490800 0.410800 47.264187 -405.630776 -22.620645
 0.501600 0.410800 42.785226 -380.677617 -24.486506
 0.512400 0.410800 38.687298 -353.891929 -26.209069
 0.523200 0.410800 34.957747 -325.067049 -28.753590
 0.534000 0.410800 31.574654 -295.553777 -31.907956
 0.544800 0.410800 28.522986 -266.380426 -35.333003
 0.555600 0.410800 25.793078 -237.850014 -38.737683
 0.566400 0.410800 23.369021 -210.551864 -42.015671
 0.577200 0.410800 21.233730 -184.725601 -45.066632
 0.588000 0.410800 19.370959 -160.235026 -47.737899
 0.598800 0.410800 17.766951 -136.877541 -49.786985
 0.609600 0.410800 16.409190 -114.726760 -50.917295
 0.620400 0.410800 15.282831 -94.114256 -50.863989
 0.631200 0.410800 14.370045 -75.158880 -49.369890
 0.642000 0.410800 13.655078 -57.359218 -46.190988
 0.652800 0.410800 13.129855 -39.898987 -41.144759
 0.663600 0.410800 12.793697 -22.329466 -34.203436
 0.674400 0.410800 12.647257 -4.846097 -25.561636
 0.685200 0.410800 12.686561 11.938948 -15.570661
 0.696000 0.410800 12.899222 27.020001 -4.495970
 0.706800 0.410800 13.256799 38.235238 7.764529
 0.717600 0.410800 13.696528 41.334684 21.580026
 0.728400 0.410800 14.104115 31.800675 36.525970
 0.739200 0.410800 14.346975 12.223066 49.686527
 0.750000 0.410800 14.380375 -4.560883 56.757033
 0.760800 0.410800 14.299023 -8.246794 56.515865
 0.771600 0.410800 14.250091 0.733192 51.490935
 0.782400 0.410800 14.343847 17.356253 45.108994
 0.793200 0.410800 14.638105 37.290593 40.116293
 0.804000 0.410800 15.152209 57.715608 38.566507
 0.814800 0.410800 15.879978 76.558627 42.211964
 0.825600 0.410800 16.795348 92.118182 52.670961
 0.836400 0.410800 17.854511 102.833268 71.391174
 0.847200 0.410800 18.995928 106.817364 99.412278
 0.858000 0.410800 20.137217 102.223822 136.543761
 0.868800 0.410800 21.181566 88.656691 179.676280
 0.879600 0.410800 22.039532 68.117001 223.256428
 0.890400 0.410800 22.651624 43.695617 262.654097
 0.901200 0.410800 22.996626 19.960032 295.727094
 0.912000 0.410800 23.115114 3.126174 320.691103
 0.922800 0.410800 23.110421 -2.384122 336.522730
 0.933600 0.410800 23.102608 2.021626 344.699051
 0.944400 0.410800 23.174804 11.707743 347.631059
 0.955200 0.410800 23.361574 22.780743 346.736045
 0.966000 0.410800 23.664114 32.777742 341.640738
 0.976800 0.410800 24.054009 38.074325 330.554289
 0.987600 0.410800 24.440521 30.304325 313.170881
 0.998400 0.410800 24.617998 -2.154475 297.547757
 1.009200 0.410800 24.313795 -55.760743 299.564620
 1.020000 0.410800 23.442017 -101.684369 317.457308
 1.030800 0.410800 22.207862 -122.599534 330.213974
 1.041600 0.410800 20.853210 -126.224099 328.595595
 1.052400 0.410800 19.496943 -124.564986 319.033737
 1.063200 0.410800 18.155161 -123.940383 312.352686
 1.074000 0.410800 16.819120 -122.577764 314.144236
 1.084800 0.410800 15.523731 -115.985866 321.009956
 1.095600 0.410800 14.317648 -107.314769 326.042905
 1.106400 0.410800 13.166302 -107.616349 324.423533
 1.117200 0.410800 11.924516 -124.038373 314.607709
 1.128000 0.410800 10.449735 -148.078089 299.205313
 1.138800 0.410800 8.749738 -163.865672 283.098400
 1.149600 0.410800 6.956401 -165.625383 269.246927
 1.160400 0.410800 5.209782 -156.135181 258.181100
 1.171200 0.410800 3.607355 -139.665933 249.560169
 1.182000 0.410800 2.204859 -119.637388 243.101845
 1.192800 0.410800 1.027462 -98.275628 239.038128
 1.203600 0.410800 0.082618 -76.697043 237.869020
 1.214400 0.410800 -0.630410 -55.426552 239.619832
 1.225200 0.410800 -1.117544 -34.963453 243.417583
 1.236000 0.410800 -1.390773 -15.922644 247.979723
 1.246800 0.410800 -1.468774 1.092610 252.617141
 1.257600 0.410800 -1.376256 15.579683 257.735305
 1.268400 0.410800 -1.142065 27.322824 264.243036
 1.279200 0.410800 -0.794345 36.709027 272.414917
 1.290000 0.410800 -0.353162 44.834215 281.437971
 1.300800 0.410800 0.175976 53.199234 290.176712
 1.311600 0.410800 0.803780 63.233675 298.192678
 1.322400 0.410800 1.552431 75.464666 305.818325
 1.333200 0.410800 2.441561 88.870682 313.234476
 1.344000 0.410800 3.471611 100.984572 319.856226
 1.354800 0.410800 4.614994 109.377220 324.618176
 1.365600 0.410800 5.826065 113.511542 326.844408
 1.376400 0.410800 7.066220 114.768391 326.913352
 1.387200 0.410800 8.314379 114.958592 325.933094
 1.398000 0.410800 9.561745 114.149853 325.073457
 1.408800 0.410800 10.793183 111.861833 324.937290
 1.419600 0.410800 11.991404 108.335886 325.389333
 1.430400 0.410800 13.153361 105.916071 324.896378
 1.441200 0.410800 14.308071 107.230089 322.048435
 1.452000 0.410800 15.500730 112.700366 316.510749
 1.462800 0.410800 16.762023 119.218331 309.820576
 1.473600 0.410800 18.084459 123.702268 304.876913
 1.484400 0.410800 19.445663 127.245152 303.813103
 1.495200 0.410800 20.864135 134.892596 306.330107
 1.506000 0.410800 22.414271 152.106658 309.390713
 1.516800 0.410800 24.212059 179.849747 310.843136
 1.527600 0.410800 26.366696 217.463478 309.625477
 1.538400 0.410800 28.976573 262.944929 306.504265
 1.549200 0.410800 32.131145 313.742821 301.819474
 1.560000 0.410800 35.935846 366.487645 295.166968

 0.480000 0.416000 52.134477 -429.288559 13.866753
 0.490800 0.416000 47.242199 -405.572999 13.904409
 0.501600 0.416000 42.754850 -381.076268 12.518013
 0.512400 0.416000 38.647516 -354.782944 10.584995
 0.523200 0.416000 34.903285 -326.487507 7.489151
 0.534000 0.416000 31.501327 -297.328653 3.415385
 0.544800 0.416000 28.429009 -268.265364 -1.056251
 0.555600 0.416000 25.678753 -239.666549 -5.432527
 0.566400 0.416000 23.235606 -212.233287 -9.461238
 0.577200 0.416000 21.083131 -186.215006 -12.996855
 0.588000 0.416000 19.205723 -161.445661 -15.948212
 0.598800 0.416000 17.590690 -137.692692 -18.145336
 0.609600 0.416000 16.226904 -115.011648 -19.345254
 0.620400 0.416000 15.100953 -93.733303 -19.250648
 0.631200 0.416000 14.196477 -73.984393 -17.542504
 0.642000 0.416000 13.498883 -55.309887 -14.014288
 0.652800 0.416000 13.000595 -36.965757 -8.665953
 0.663600 0.416000 12.700665 -18.568997 -1.645416
 0.674400 0.416000 12.598857 -0.362021 6.883878
 0.685200 0.416000 12.689977 17.032054 16.800061
 0.696000 0.416000 12.960640 32.664707 28.001332
 0.706800 0.416000 13.382356 44.476170 40.396721
 0.717600 0.416000 13.892849 48.155172 53.826974
 0.728400 0.416000 14.374626 38.474312 67.470690
 0.739200 0.416000 14.680567 16.826024 78.610045
 0.750000 0.416000 14.744832 -3.574614 83.430705
 0.760800 0.416000 14.656380 -10.343343 80.981518
 0.771600 0.416000 14.575638 -2.797860 73.837216
 0.782400 0.416000 14.630499 13.892675 65.325590
 0.793200 0.416000 14.892994 35.036590 58.157369
 0.804000 0.416000 15.393539 57.605336 54.531638
 0.814800 0.416000 16.135377 79.398640 56.299284
 0.825600 0.416000 17.100420 98.586594 64.870228
 0.836400 0.416000 18.251487 113.473021 81.278263
 0.847200 0.416000 19.532368 122.019071 106.404420
 0.858000 0.416000 20.862243 121.634186 140.856533
 0.868800 0.416000 22.132166 110.264728 183.026473
 0.879600 0.416000 23.223674 88.737250 227.442200
 0.890400 0.416000 24.047131 61.440663 267.099713
 0.901200 0.416000 24.567903 34.209416 298.854005
 0.912000 0.416000 24.819628 13.142060 322.252326
 0.922800 0.416000 24.900188 3.313929 337.001275
 0.933600 0.416000 24.934791 4.283919 343.914817
 0.944400 0.416000 25.017609 11.491791 344.634750
 0.955200 0.416000 25.190347 20.337173 340.157219
 0.966000 0.416000 25.451891 27.439809 329.738448
 0.976800 0.416000 25.764472 29.059764 311.617130
 0.987600 0.416000 26.040300 19.609020 287.409708
 0.998400 0.416000 26.125624 -6.881652 268.407181
 1.009200 0.416000 25.834510 -48.718069 270.504248
 1.020000 0.416000 25.069897 -91.026157 291.488508
 1.030800 0.416000 23.922244 -118.086372 310.702334
 1.041600 0.416000 22.579707 -127.855862 317.559417
 1.052400 0.416000 21.195259 -127.238902 317.594729
 1.063200 0.416000 19.838895 -123.564327 319.602568
 1.074000 0.416000 18.525555 -119.088033 327.032003
 1.084800 0.416000 17.271152 -112.438406 336.544973
 1.095600 0.416000 16.088836 -106.773751 341.771644
 1.106400 0.416000 14.918512 -111.650961 337.581583
 1.117200 0.416000 13.609589 -131.932912 323.054216
 1.128000 0.416000 12.040917 -156.918788 303.681917
 1.138800 0.416000 10.251270 -171.331567 286.687873
 1.149600 0.416000 8.387694 -171.167178 274.976849
 1.160400 0.416000 6.590284 -160.076304 267.794100
 1.171200 0.416000 4.951838 -142.460457 263.502162
 1.182000 0.416000 3.524219 -121.501687 260.898200
 1.192800 0.416000 2.332093 -99.108334 259.636186
 1.203600 0.416000 1.384579 -76.352526 259.924229
 1.214400 0.416000 0.681150 -54.050424 261.863454
 1.225200 0.416000 0.212444 -33.015123 265.044149
 1.236000 0.416000 -0.038701 -13.825260 268.798268
 1.246800 0.416000 -0.093503 3.332639 272.857383
 1.257600 0.416000 0.025737 18.372151 277.724095
 1.268400 0.416000 0.295023 31.065730 284.317329
 1.279200 0.416000 0.688270 41.335780 293.157730
 1.290000 0.416000 1.181914 49.805806 303.795821
 1.300800 0.416000 1.764033 57.951512 315.015233
 1.311600 0.416000 2.441035 67.571488 325.613649
 1.322400 0.416000 3.234646 79.425613 334.951257
 1.333200 0.416000 4.164444 92.350209 342.658113
 1.344000 0.416000 5.228148 103.587171 348.240302
 1.354800 0.416000 6.393462 110.717842 351.136859
 1.365600 0.416000 7.612293 113.608742 351.373469
 1.376400 0.416000 8.848999 114.087460 349.841619
 1.387200 0.416000 10.089067 114.131474 347.795851
 1.398000 0.416000 11.329820 113.687806 346.184420
 1.408800 0.416000 12.559078 111.954859 345.441959
 1.419600 0.416000 13.759168 108.474690 345.572463
 1.430400 0.416000 14.919250 105.286389 345.226932
 1.441200 0.416000 16.059480 105.113268 342.570900
 1.452000 0.416000 17.221241 109.230511 336.654367
 1.462800 0.416000 18.442299 115.586905 328.707760
 1.473600 0.416000 19.732001 121.549038 322.135334
 1.484400 0.416000 21.082563 127.548784 320.060248
 1.495200 0.416000 22.513961 136.785770 323.001108
 1.506000 0.416000 24.084757 153.975966 327.951295
 1.516800 0.416000 25.896191 180.438868 331.609184
 1.527600 0.416000 28.049115 216.598254 332.137003
 1.538400 0.416000 30.643693 260.854192 329.533702
 1.549200 0.416000 33.772590 310.829193 324.601444
 1.560000 0.416000 37.538807 363.408882 316.779971

 0.480000 0.421200 52.295757 -429.563824 47.892796
 0.490800 0.421200 47.405636 -405.293481 48.565954
 0.501600 0.421200 42.911899 -381.290201 47.461811
 0.512400 0.421200 38.793688 -355.736637 45.215865
 0.523200 0.421200 35.032339 -328.162526 41.790501
 0.534000 0.421200 31.607523 -299.489429 37.158904
 0.544800 0.421200 28.510096 -270.556369 32.059451
 0.555600 0.421200 25.735259 -241.838430 27.042150
 0.566400 0.421200 23.269639 -214.180604 22.454608
 0.577200 0.421200 21.097667 -187.875273 18.490828
 0.588000 0.421200 19.204137 -162.763841 15.227817
 0.598800 0.421200 17.577134 -138.578916 12.804557
 0.609600 0.421200 16.206737 -115.328891 11.445714
 0.620400 0.421200 15.081228 -93.306135 11.500403
 0.631200 0.421200 14.186121 -72.660782 13.365100
 0.642000 0.421200 13.507872 -53.059706 17.243095
 0.652800 0.421200 13.038484 -33.886825 22.993780
 0.663600 0.421200 12.775721 -14.781928 30.282998
 0.674400 0.421200 12.718355 4.076696 38.878630
 0.685200 0.421200 12.860902 22.114446 48.752912
 0.696000 0.421200 13.189839 38.361752 59.921532
 0.706800 0.421200 13.676036 50.691507 72.233120
 0.717600 0.421200 14.255557 54.643964 85.253937
 0.728400 0.421200 14.805828 44.429191 97.902875
 0.739200 0.421200 15.165671 20.480986 107.501867
 0.750000 0.421200 15.250249 -3.571757 110.544644
 0.760800 0.421200 15.144458 -13.347146 106.431948
 0.771600 0.421200 15.022471 -7.181062 97.890854
 0.782400 0.421200 15.029178 9.564150 88.112608
 0.793200 0.421200 15.250472 31.915767 79.673673
 0.804000 0.421200 15.728310 56.674196 74.742413
 0.814800 0.421200 16.475471 81.420228 75.067513
 0.825600 0.421200 17.480557 104.059087 81.784469
 0.836400 0.421200 18.710778 122.724684 95.542138
 0.847200 0.421200 20.113820 135.456159 116.911277
 0.858000 0.421200 21.613190 139.447306 146.770821
 0.868800 0.421200 23.096178 131.225715 185.056756
 0.879600 0.421200 24.420074 109.412658 227.885134
 0.890400 0.421200 25.454732 78.697374 266.788878
 0.901200 0.421200 26.141607 47.045467 295.690581
 0.912000 0.421200 26.510500 21.591875 313.932959
 0.922800 0.421200 26.661268 7.739614 323.404251
 0.933600 0.421200 26.725476 5.378245 326.174640
 0.944400 0.421200 26.805266 9.855649 323.590916
 0.955200 0.421200 26.945632 15.861805 315.782292
 0.966000 0.421200 27.139716 19.242497 301.310313
 0.976800 0.421200 27.341662 16.951366 278.956961
 0.987600 0.421200 27.479535 7.239139 252.887103
 0.998400 0.421200 27.465610 -11.453443 235.637790
 1.009200 0.421200 27.193087 -40.828206 239.972159
 1.020000 0.421200 26.553854 -77.612050 264.446408
 1.030800 0.421200 25.534759 -108.758026 292.879813
 1.041600 0.421200 24.262027 -123.843543 313.592260
 1.052400 0.421200 22.908917 -124.788726 327.700495
 1.063200 0.421200 21.584161 -119.924386 339.811119
 1.074000 0.421200 20.317123 -114.389490 351.286649
 1.084800 0.421200 19.109009 -108.987094 359.726015
 1.095600 0.421200 17.943833 -107.337750 360.706364
 1.106400 0.421200 16.736969 -117.749317 350.722062
 1.117200 0.421200 15.336949 -141.953327 331.126616
 1.128000 0.421200 13.657429 -166.661867 309.624745
 1.138800 0.421200 11.776922 -178.183319 293.343105
 1.149600 0.421200 9.856036 -175.047663 284.145486
 1.160400 0.421200 8.028577 -161.939954 280.492964
 1.171200 0.421200 6.376457 -143.263871 280.033185
 1.182000 0.421200 4.943178 -121.800014 280.830885
 1.192800 0.421200 3.749898 -99.017616 281.859513
 1.203600 0.421200 2.805883 -75.779917 282.933509
 1.214400 0.421200 2.111422 -52.974285 284.281570
 1.225200 0.421200 1.656497 -31.568283 286.132240
 1.236000 0.421200 1.422367 -12.127171 288.620161
 1.246800 0.421200 1.387626 5.391648 291.971627
 1.257600 0.421200 1.532598 21.148740 296.664931
 1.268400 0.421200 1.837552 34.943336 303.362333
 1.279200 0.421200 2.279304 46.418875 312.606353
 1.290000 0.421200 2.832978 55.732890 324.350396
 1.300800 0.421200 3.480618 64.007248 337.567332
 1.311600 0.421200 4.220576 73.050757 350.416810
 1.322400 0.421200 5.068271 83.860754 361.065910
 1.333200 0.421200 6.039419 95.477847 368.357102
 1.344000 0.421200 7.129484 105.231933 372.028345
 1.354800 0.421200 8.305226 110.953647 372.524048
 1.365600 0.421200 9.521190 112.877083 370.982540
 1.376400 0.421200 10.747935 113.038216 368.748597
 1.387200 0.421200 11.977817 113.289468 366.913236
 1.398000 0.421200 13.212480 113.361503 365.980169
 1.408800 0.421200 14.441208 112.232154 366.067277
 1.419600 0.421200 15.645738 108.920383 367.110107
 1.430400 0.421200 16.807890 105.008619 368.030587
 1.441200 0.421200 17.936626 103.160949 366.712014
 1.452000 0.421200 19.067376 105.570719 361.817515
 1.462800 0.421200 20.245133 111.622187 354.431386
 1.473600 0.421200 21.498928 119.183328 348.105361
 1.484400 0.421200 22.837806 127.854775 345.848402
 1.495200 0.421200 24.283492 138.944123 347.942066
 1.506000 0.421200 25.878664 156.213212 351.775143
 1.516800 0.421200 27.707133 181.331613 354.251871
 1.527600 0.421200 29.860578 215.728073 353.808344
 1.538400 0.421200 32.438428 258.532769 350.084595
 1.549200 0.421200 35.538732 307.411129 344.199118
 1.560000 0.421200 39.260329 359.678203 335.019798

 0.480000 0.426400 52.631531 -429.933913 81.105701
 0.490800 0.426400 47.744804 -405.032522 81.599581
 0.501600 0.426400 43.245666 -381.415663 80.610524
 0.512400 0.426400 39.115088 -356.697498 78.116899
 0.523200 0.426400 35.335832 -329.895030 74.700507
 0.534000 0.426400 31.886530 -301.797631 69.980919
 0.544800 0.426400 28.761920 -273.056625 64.679694
 0.555600 0.426400 25.959946 -244.253770 59.291290
 0.566400 0.426400 23.469232 -216.361804 54.238491
 0.577200 0.426400 21.275447 -189.729223 49.812785
 0.588000 0.426400 19.363935 -164.232937 46.159271
 0.598800 0.426400 17.723525 -139.582275 43.423407
 0.609600 0.426400 16.345416 -115.729807 41.804373
 0.620400 0.426400 15.219720 -92.906656 41.641828
 0.631200 0.426400 14.334103 -71.284790 43.355541
 0.642000 0.426400 13.676179 -50.685500 47.195822
 0.652800 0.426400 13.237201 -30.663095 53.046262
 0.663600 0.426400 13.012995 -10.890204 60.526581
 0.674400 0.426400 13.000838 8.552413 69.296775
 0.685200 0.426400 13.194872 27.172938 79.209260
 0.696000 0.426400 13.581496 43.969473 90.180452
 0.706800 0.426400 14.130647 56.700819 101.985170
 0.717600 0.426400 14.776034 60.742328 114.173734
 0.728400 0.426400 15.389552 49.804025 125.748582
 0.739200 0.426400 15.796312 23.433312 134.156638
 0.750000 0.426400 15.893530 -4.260259 136.024267
 0.760800 0.426400 15.763868 -16.847369 131.116532
 0.771600 0.426400 15.596494 -11.849201 122.475691
 0.782400 0.426400 15.552551 5.038126 113.117491
 0.793200 0.426400 15.730361 28.553373 105.159562
 0.804000 0.426400 16.182076 55.330471 100.260852
 0.814800 0.426400 16.928551 82.719816 99.717232
 0.825600 0.426400 17.963590 108.365616 104.384745
 0.836400 0.426400 19.257434 130.251936 114.802453
 0.847200 0.426400 20.760618 146.554740 131.495874
 0.858000 0.426400 22.401715 154.602557 155.416685
 0.868800 0.426400 24.071195 150.096370 187.558682
 0.879600 0.426400 25.612154 129.142089 226.121581
 0.890400 0.426400 26.849954 94.883724 262.745107
 0.901200 0.426400 27.683834 57.128457 287.770731
 0.912000 0.426400 28.134170 26.310352 298.657344
 0.922800 0.426400 28.317161 9.006371 300.117591
 0.933600 0.426400 28.382662 4.378066 297.071072
 0.944400 0.426400 28.441004 6.817257 291.058976
 0.955200 0.426400 28.535043 10.135945 281.027248
 0.966000 0.426400 28.647838 9.790667 264.869037
 0.976800 0.426400 28.728760 4.392749 242.470445
 0.987600 0.426400 28.732787 -3.924979 219.623554
 0.998400 0.426400 28.636190 -14.613050 206.737008
 1.009200 0.426400 28.390466 -32.699083 212.032497
 1.020000 0.426400 27.885741 -62.113782 236.524264
 1.030800 0.426400 27.038531 -93.624485 271.703734
 1.041600 0.426400 25.909013 -112.561314 305.744290
 1.052400 0.426400 24.660982 -116.314801 333.091368
 1.063200 0.426400 23.419147 -112.932777 353.721377
 1.074000 0.426400 22.219525 -109.013779 368.034704
 1.084800 0.426400 21.054394 -106.644272 375.196649
 1.095600 0.426400 19.888433 -109.954327 373.227729
 1.106400 0.426400 18.621576 -125.917215 360.706340
 1.117200 0.426400 17.113348 -152.930619 340.520438
 1.128000 0.426400 15.320323 -176.067865 320.487926
 1.138800 0.426400 13.357012 -183.996960 306.617782
 1.149600 0.426400 11.392038 -177.557571 299.964580
 1.160400 0.426400 9.550322 -162.281603 298.699146
 1.171200 0.426400 7.900888 -142.598844 300.366807
 1.182000 0.426400 6.476336 -120.951972 302.897185
 1.192800 0.426400 5.291333 -98.358732 304.981229
 1.203600 0.426400 4.353358 -75.296296 306.206289
 1.214400 0.426400 3.664070 -52.461544 306.888883
 1.225200 0.426400 3.215849 -30.806442 307.680780
 1.236000 0.426400 2.992157 -10.925328 309.220666
 1.246800 0.426400 2.973669 7.236518 312.007036
 1.257600 0.426400 3.143140 23.885550 316.444245
 1.268400 0.426400 3.483709 38.843531 322.947004
 1.279200 0.426400 3.974769 51.657386 331.945472
 1.290000 0.426400 4.591774 62.145697 343.610363
 1.300800 0.426400 5.312211 70.894437 357.264601
 1.311600 0.426400 6.124410 79.320485 370.995093
 1.322400 0.426400 7.032061 88.506496 382.205871
 1.333200 0.426400 8.042645 98.038259 388.926250
 1.344000 0.426400 9.150208 105.878339 390.946120
 1.354800 0.426400 10.326111 110.377637 389.763807
 1.365600 0.426400 11.533409 111.885902 387.683906
 1.376400 0.426400 12.750304 112.232531 386.289780
 1.387200 0.426400 13.973887 112.931429 386.172354
 1.398000 0.426400 15.207483 113.532591 387.201314
 1.408800 0.426400 16.440745 112.938448 389.097809
 1.419600 0.426400 17.654962 109.927544 391.568554
 1.430400 0.426400 18.826560 105.493824 393.897417
 1.441200 0.426400 19.952560 102.049388 394.225290
 1.452000 0.426400 21.061112 102.669596 391.351528
 1.462800 0.426400 22.203670 108.365557 386.269906
 1.473600 0.426400 23.428231 117.280111 381.962208
 1.484400 0.426400 24.757544 127.982935 380.257880
 1.495200 0.426400 26.212015 140.290674 380.453229
 1.506000 0.426400 27.820747 157.293901 380.600353
 1.516800 0.426400 29.653560 181.098745 379.086463
 1.527600 0.426400 31.796448 213.867648 375.735126
 1.538400 0.426400 34.347476 255.442678 370.201307
 1.549200 0.426400 37.410358 303.291416 362.948601
 1.560000 0.426400 41.076035 355.240735 352.273087

 0.480000 0.431600 53.140769 -430.532012 114.704532
 0.490800 0.431600 48.254515 -405.043670 114.292101
 0.501600 0.431600 43.750198 -381.560444 113.264963
 0.512400 0.431600 39.605967 -357.621126 110.495378
 0.523200 0.431600 35.809113 -331.544662 107.129601
 0.534000 0.431600 32.335462 -304.091586 102.493266
 0.544800 0.431600 29.183093 -275.654177 97.128148
 0.555600 0.431600 26.352318 -246.861142 91.449557
 0.566400 0.431600 23.834198 -218.764843 85.976987
 0.577200 0.431600 21.616268 -191.781829 81.141931
 0.588000 0.431600 19.684850 -165.860322 77.170471
 0.598800 0.431600 18.029461 -140.722612 74.169542
 0.609600 0.431600 16.642133 -116.276432 72.244686
 0.620400 0.431600 15.514546 -92.677402 71.648011
 0.631200 0.431600 14.636499 -70.088143 72.772749
 0.642000 0.431600 13.997121 -48.451794 75.955334
 0.652800 0.431600 13.587458 -27.497763 81.247480
 0.663600 0.431600 13.401609 -6.984050 88.387430
 0.674400 0.431600 13.434927 13.048362 96.991156
 0.685200 0.431600 13.680289 32.167846 106.723919
 0.696000 0.431600 14.123116 49.357256 117.286201
 0.706800 0.431600 14.731884 62.314900 128.331633
 0.717600 0.431600 15.438181 66.333381 139.486393
 0.728400 0.431600 16.109419 54.676587 150.031663
 0.739200 0.431600 16.558025 25.946987 157.685962
 0.750000 0.431600 16.663830 -5.231993 159.210065
 0.760800 0.431600 16.509157 -20.242643 154.724162
 0.771600 0.431600 16.299905 -15.993673 147.558914
 0.782400 0.431600 16.212200 1.210834 140.385270
 0.793200 0.431600 16.353448 25.714347 134.516012
 0.804000 0.431600 16.782238 54.007236 130.721482
 0.814800 0.431600 17.524518 83.330444 129.643364
 0.825600 0.431600 18.577998 111.232348 131.922635
 0.836400 0.431600 19.916187 135.664915 138.279726
 0.847200 0.431600 21.493326 154.929431 149.604300
 0.858000 0.431600 23.243915 166.600737 167.159044
 0.868800 0.431600 25.066066 166.058430 192.705680
 0.879600 0.431600 26.798724 147.165009 226.248394
 0.890400 0.431600 28.225944 109.801292 260.387796
 0.901200 0.431600 29.186981 64.430599 282.031396
 0.912000 0.431600 29.681649 27.113677 286.282574
 0.922800 0.431600 29.856689 6.941822 280.579911
 0.933600 0.431600 29.893818 1.212840 272.177052
 0.944400 0.431600 29.912014 2.412703 262.696540
 0.955200 0.431600 29.947586 3.532255 250.809025
 0.966000 0.431600 29.973507 0.328354 235.109167
 0.976800 0.431600 29.941980 -6.464339 216.770145
 0.987600 0.431600 29.838474 -12.238204 200.818596
 0.998400 0.431600 29.684319 -16.458627 193.132414
 1.009200 0.431600 29.463982 -25.963814 197.556329
 1.020000 0.431600 29.078706 -47.170605 216.632031
 1.030800 0.431600 28.419913 -74.708055 249.442546
 1.041600 0.431600 27.491020 -95.072671 288.339115
 1.052400 0.431600 26.411874 -102.684370 323.724349
 1.063200 0.431600 25.295656 -103.267987 350.669084
 1.074000 0.431600 24.179814 -103.129729 368.228811
 1.084800 0.431600 23.056474 -104.803091 376.883214
 1.095600 0.431600 21.884329 -112.923337 376.836088
 1.106400 0.431600 20.557510 -133.664938 367.771235
 1.117200 0.431600 18.950343 -162.696278 352.254951
 1.128000 0.431600 17.059099 -183.985384 336.934865
 1.138800 0.431600 15.028453 -188.501347 326.805705
 1.149600 0.431600 13.031624 -179.118171 322.464211
 1.160400 0.431600 11.184109 -161.988447 322.262069
 1.171200 0.431600 9.543072 -141.493491 324.272218
 1.182000 0.431600 8.131192 -119.817334 326.873642
 1.192800 0.431600 6.956485 -97.624054 328.860770
 1.203600 0.431600 6.024040 -74.979173 329.714981
 1.214400 0.431600 5.337139 -52.275645 329.735046
 1.225200 0.431600 4.891913 -30.379233 329.747446
 1.236000 0.431600 4.675550 -9.953715 330.602749
 1.246800 0.431600 4.671480 8.964624 332.875847
 1.257600 0.431600 4.864504 26.548862 336.899859
 1.268400 0.431600 5.239714 42.623488 342.926090
 1.279200 0.431600 5.778322 56.693829 351.147035
 1.290000 0.431600 6.456388 68.367943 361.567682
 1.300800 0.431600 7.248419 77.772227 373.709308
 1.311600 0.431600 8.133897 85.758952 386.187296
 1.322400 0.431600 9.103088 93.210089 396.708642
 1.333200 0.431600 10.151885 100.284245 403.199648
 1.344000 0.431600 11.272231 106.026706 405.418370
 1.354800 0.431600 12.444132 109.617314 405.267982
 1.365600 0.431600 13.643940 111.288756 405.191654
 1.376400 0.431600 14.857965 112.274418 406.099387
 1.387200 0.431600 16.085339 113.573906 407.705234
 1.398000 0.431600 17.327885 114.572225 409.664113
 1.408800 0.431600 18.573405 114.153924 412.223808
 1.419600 0.431600 19.801479 111.202070 415.682181
 1.430400 0.431600 20.985760 106.362188 419.810114
 1.441200 0.431600 22.115366 101.761137 422.878671
 1.452000 0.431600 23.213295 101.036105 423.483177
 1.462800 0.431600 24.335475 106.464713 422.054704
 1.473600 0.431600 25.542861 116.123928 420.595515
 1.484400 0.431600 26.864321 127.561130 419.897711
 1.495200 0.431600 28.314550 139.830432 418.696608
 1.506000 0.431600 29.913918 156.022088 415.594012
 1.516800 0.431600 31.726902 178.872166 409.980057
 1.527600 0.431600 33.840904 210.625060 402.296429
 1.538400 0.431600 36.351908 251.284024 391.827305
 1.549200 0.431600 39.362227 298.014958 377.808246
 1.560000 0.431600 42.952435 348.890885 358.005671

 0.480000 0.436800 53.826891 -431.337245 148.884743
 0.490800 0.436800 48.935034 -405.483149 147.078302
 0.501600 0.436800 44.424674 -381.859648 145.726492
 0.512400 0.436800 40.264941 -358.563269 142.521128
 0.523200 0.436800 36.450189 -333.132429 138.979043
 0.534000 0.436800 32.952434 -306.362537 134.346172
 0.544800 0.436800 29.771912 -278.337000 128.902185
 0.555600 0.436800 26.910861 -249.639559 122.961694
 0.566400 0.436800 24.363344 -221.346059 117.157918
 0.577200 0.436800 22.119519 -193.967230 112.066565
 0.588000 0.436800 20.167011 -167.579320 107.957811
 0.598800 0.436800 18.495635 -141.968298 104.834943
 0.609600 0.436800 17.097575 -117.006475 102.645472
 0.620400 0.436800 15.965493 -92.750526 101.511036
 0.631200 0.436800 15.091118 -69.303309 101.777987
 0.642000 0.436800 14.465561 -46.664534 103.865826
 0.652800 0.436800 14.080664 -24.713328 108.021734
 0.663600 0.436800 13.929674 -3.343574 114.180030
 0.674400 0.436800 14.006088 17.357314 122.028267
 0.685200 0.436800 14.300786 36.964836 131.160590
 0.696000 0.436800 14.797228 54.453681 141.145549
 0.706800 0.436800 15.461838 67.525646 151.547523
 0.717600 0.436800 16.224413 71.491745 162.031455
 0.728400 0.436800 16.949232 59.238631 172.076177
 0.739200 0.436800 17.437528 28.377742 179.665767
 0.750000 0.436800 17.552703 -5.950523 181.802441
 0.760800 0.436800 17.378390 -22.880913 178.888221
 0.771600 0.436800 17.138014 -18.942233 174.239141
 0.782400 0.436800 17.020374 -1.324058 169.991140
 0.793200 0.436800 17.137522 23.812057 166.612165
 0.804000 0.436800 17.549750 52.870850 164.008282
 0.814800 0.436800 18.284777 83.174668 162.237247
 0.825600 0.436800 19.343365 112.415958 161.834365
 0.836400 0.436800 20.703715 138.694776 163.864501
 0.847200 0.436800 22.326354 160.449270 169.799423
 0.858000 0.436800 24.153974 175.501454 181.413456
 0.868800 0.436800 26.095891 179.233783 201.017907
 0.879600 0.436800 27.995247 163.680718 229.946830
 0.890400 0.436800 29.601720 124.036263 262.611822
 0.901200 0.436800 30.678867 69.985223 283.739156
 0.912000 0.436800 31.193471 25.312658 285.944928
 0.922800 0.436800 31.333392 2.511671 277.425541
 0.933600 0.436800 31.318573 -3.978673 265.474046
 0.944400 0.436800 31.276187 -3.690863 251.896251
 0.955200 0.436800 31.239175 -3.816224 237.082762
 0.966000 0.436800 31.179897 -7.926317 222.153450
 0.976800 0.436800 31.060985 -14.020536 209.233889
 0.987600 0.436800 30.889329 -17.008463 200.611455
 0.998400 0.436800 30.704915 -17.157075 197.146588
 1.009200 0.436800 30.503285 -21.589331 199.093553
 1.020000 0.436800 30.199698 -36.284157 209.151188
 1.030800 0.436800 29.693392 -57.806252 231.674658
 1.041600 0.436800 28.962224 -76.249666 265.710313
 1.052400 0.436800 28.076525 -86.262577 302.332457
 1.063200 0.436800 27.115099 -91.192005 332.580645
 1.074000 0.436800 26.104860 -95.588088 353.007614
 1.084800 0.436800 25.040218 -101.341619 364.800518
 1.095600 0.436800 23.883508 -113.506636 370.486596
 1.106400 0.436800 22.526451 -138.434129 370.180264
 1.117200 0.436800 20.852947 -169.555750 363.937342
 1.128000 0.436800 18.892364 -189.533494 355.730888
 1.138800 0.436800 16.815891 -191.432355 349.983239
 1.149600 0.436800 14.799498 -179.956610 347.597622
 1.160400 0.436800 12.950327 -161.595523 347.516727
 1.171200 0.436800 11.316938 -140.572688 348.605524
 1.182000 0.436800 9.915342 -118.916142 350.021034
 1.192800 0.436800 8.748482 -97.110062 351.057863
 1.203600 0.436800 7.819145 -74.893799 351.350631
 1.214400 0.436800 7.132056 -52.329545 351.149802
 1.225200 0.436800 6.687375 -30.159052 351.189732
 1.236000 0.436800 6.476394 -9.136288 352.221999
 1.246800 0.436800 6.485273 10.569569 354.717897
 1.257600 0.436800 6.700500 29.076076 358.928314
 1.268400 0.436800 7.108449 46.166089 364.978513
 1.279200 0.436800 7.690818 61.238941 372.726276
 1.290000 0.436800 8.422763 73.756071 381.695220
 1.300800 0.436800 9.276183 83.650587 391.297917
 1.311600 0.436800 10.225030 91.423826 400.899723
 1.322400 0.436800 11.250002 97.650874 409.461263
 1.333200 0.436800 12.337184 102.809558 415.740551
 1.344000 0.436800 13.476293 107.007596 419.380918
 1.354800 0.436800 14.655887 110.171942 421.739341
 1.365600 0.436800 15.863558 112.130060 424.505471
 1.376400 0.436800 17.088614 113.351730 427.759865
 1.387200 0.436800 18.327477 114.592983 430.573724
 1.398000 0.436800 19.580533 115.599288 432.520897
 1.408800 0.436800 20.838846 115.528710 434.236504
 1.419600 0.436800 22.085735 113.239649 436.589802
 1.430400 0.436800 23.294591 108.639542 440.055897
 1.441200 0.436800 24.445479 103.267414 444.199737
 1.452000 0.436800 25.552525 101.176418 448.111410
 1.462800 0.436800 26.671745 105.900351 451.170217
 1.473600 0.436800 27.873052 115.608129 453.424320
 1.484400 0.436800 29.189629 126.997741 454.443401
 1.495200 0.436800 30.630578 138.549885 452.612217
 1.506000 0.436800 32.208814 153.324876 446.597507
 1.516800 0.436800 33.982914 174.498855 435.494408
 1.527600 0.436800 36.038856 204.113792 419.186092
 1.538400 0.436800 38.466139 242.336155 396.624610
 1.549200 0.436800 41.360623 286.394394 366.269437
 1.560000 0.436800 44.794644 334.736912 327.403701

 0.480000 0.442000 54.690225 -432.296700 182.299323
 0.490800 0.442000 49.784547 -406.435933 178.773364
 0.501600 0.442000 45.265309 -382.477335 176.641086
 0.512400 0.442000 41.087563 -359.619035 172.942263
 0.523200 0.442000 37.253548 -334.722184 169.089339
 0.534000 0.442000 33.731588 -308.627968 164.449136
 0.544800 0.442000 30.522693 -281.081211 159.045348
 0.555600 0.442000 27.630273 -252.543655 152.989777
 0.566400 0.442000 25.051921 -224.048153 146.992401
 0.577200 0.442000 22.781112 -196.222276 141.739909
 0.588000 0.442000 20.806992 -169.330803 137.552660
 0.598800 0.442000 19.119182 -143.275886 134.367177
 0.609600 0.442000 17.709215 -117.902540 132.000193
 0.620400 0.442000 16.570046 -93.142307 130.448482
 0.631200 0.442000 15.695040 -68.991780 129.990180
 0.642000 0.442000 15.077585 -45.449280 131.064605
 0.652800 0.442000 14.711160 -22.506513 134.030303
 0.663600 0.442000 14.589141 -0.206214 138.985783
 0.674400 0.442000 14.703778 21.267594 145.765755
 0.685200 0.442000 15.044013 41.452462 154.048856
 0.696000 0.442000 15.591066 59.298644 163.426272
 0.706800 0.442000 16.309025 72.525792 173.446469
 0.717600 0.442000 17.125897 76.502693 183.742828
 0.728400 0.442000 17.903348 63.789492 193.798167
 0.739200 0.442000 18.432510 31.057379 201.760038
 0.750000 0.442000 18.561830 -6.016004 204.979189
 0.760800 0.442000 18.377367 -24.435692 204.016656
 0.771600 0.442000 18.119120 -20.569034 201.828688
 0.782400 0.442000 17.985704 -2.619528 199.991050
 0.793200 0.442000 18.090098 22.708683 198.416574
 0.804000 0.442000 18.490599 51.789375 196.486600
 0.814800 0.442000 19.214227 82.190758 193.909264
 0.825600 0.442000 20.264487 111.964620 191.197523
 0.836400 0.442000 21.626024 139.517674 189.706201
 0.847200 0.442000 23.268371 163.436647 191.306598
 0.858000 0.442000 25.144701 181.721806 198.067881
 0.868800 0.442000 27.177556 189.931037 212.467916
 0.879600 0.442000 29.220145 178.864341 236.675717
 0.890400 0.442000 30.999620 138.378083 267.819847
 0.901200 0.442000 32.196448 75.670182 290.608102
 0.912000 0.442000 32.729249 23.030469 294.880650
 0.922800 0.442000 32.825606 -3.102715 287.234950
 0.933600 0.442000 32.741780 -11.107740 273.729003
 0.944400 0.442000 32.616845 -11.707490 256.888115
 0.955200 0.442000 32.493012 -11.645715 239.717234
 0.966000 0.442000 32.355768 -14.320047 225.913200
 0.976800 0.442000 32.179796 -18.101575 217.771945
 0.987600 0.442000 31.976837 -18.813841 214.798130
 0.998400 0.442000 31.782247 -17.340191 214.380578
 1.009200 0.442000 31.586974 -20.072455 214.504465
 1.020000 0.442000 31.317629 -31.025030 216.716059
 1.030800 0.442000 30.899688 -46.532760 226.315599
 1.041600 0.442000 30.319549 -60.173184 247.050153
 1.052400 0.442000 29.614246 -69.772807 275.780077
 1.063200 0.442000 28.815413 -78.030742 305.298543
 1.074000 0.442000 27.923420 -86.833427 330.078625
 1.084800 0.442000 26.934018 -95.871677 348.691877
 1.095600 0.442000 25.824714 -110.185166 362.849787
 1.106400 0.442000 24.488853 -137.932344 372.357586
 1.117200 0.442000 22.804979 -171.709216 375.207754
 1.128000 0.442000 20.817388 -191.992046 373.389661
 1.138800 0.442000 18.720265 -192.727662 371.464361
 1.149600 0.442000 16.695890 -180.220833 370.975736
 1.160400 0.442000 14.847207 -161.316786 371.317597
 1.171200 0.442000 13.218157 -140.092305 371.802734
 1.182000 0.442000 11.821741 -118.477133 372.141842
 1.192800 0.442000 10.658486 -96.902892 372.229221
 1.203600 0.442000 9.730003 -74.921408 372.108014
 1.214400 0.442000 9.042402 -52.338760 372.085096
 1.225200 0.442000 8.599385 -29.783421 372.685880
 1.236000 0.442000 8.395882 -8.091993 374.417876
 1.246800 0.442000 8.420384 12.436076 377.626424
 1.257600 0.442000 8.660602 31.845647 382.522653
 1.268400 0.442000 9.103308 49.811560 389.103742
 1.279200 0.442000 9.728855 65.530815 396.853046
 1.290000 0.442000 10.509022 78.329234 404.731060
 1.300800 0.442000 11.412072 88.211042 411.833737
 1.311600 0.442000 12.409331 95.738479 418.065586
 1.322400 0.442000 13.478181 101.334037 423.864901
 1.333200 0.442000 14.600330 105.459479 429.452471
 1.344000 0.442000 15.763838 108.871753 434.620956
 1.354800 0.442000 16.962961 111.978722 439.667822
 1.365600 0.442000 18.192003 114.153482 444.983842
 1.376400 0.442000 19.438627 115.124898 449.964790
 1.387200 0.442000 20.692776 115.589912 453.386369
 1.398000 0.442000 21.952821 115.989180 454.858116
 1.408800 0.442000 23.215434 116.012773 455.450286
 1.419600 0.442000 24.471485 114.420010 456.715428
 1.430400 0.442000 25.697869 110.631353 459.740867
 1.441200 0.442000 26.873089 105.702034 465.117552
 1.452000 0.442000 28.006369 103.499053 472.046285
 1.462800 0.442000 29.148999 107.849210 478.638271
 1.473600 0.442000 30.369330 117.114620 483.381734
 1.484400 0.442000 31.698429 127.542994 485.710342
 1.495200 0.442000 33.135709 137.064259 484.261552
 1.506000 0.442000 34.681216 148.414542 476.313774
 1.516800 0.442000 36.379748 165.433152 458.087900
 1.527600 0.442000 38.312225 190.482069 427.748751
 1.538400 0.442000 40.567064 224.446917 386.254248
 1.549200 0.442000 43.242351 265.557579 336.403642
 1.560000 0.442000 46.420010 312.826797 283.685389

 0.480000 0.447200 55.721953 -433.449051 212.846439
 0.490800 0.447200 50.793287 -407.917902 207.598071
 0.501600 0.447200 46.260078 -383.542630 204.362806
 0.512400 0.447200 42.062166 -360.829051 200.404457
 0.523200 0.447200 38.207442 -336.306384 196.385050
 0.534000 0.447200 34.661510 -310.830858 191.902578
 0.544800 0.447200 31.425016 -283.784026 186.804560
 0.555600 0.447200 28.501192 -255.480028 180.896782
 0.566400 0.447200 25.891373 -226.822692 174.889593
 0.577200 0.447200 23.592756 -198.546279 169.508692
 0.588000 0.447200 21.596386 -171.129849 165.165020
 0.598800 0.447200 19.891652 -144.631477 161.854291
 0.609600 0.447200 18.469055 -118.892089 159.389816
 0.620400 0.447200 17.321335 -93.717937 157.709477
 0.631200 0.447200 16.443087 -68.982254 157.007419
 0.642000 0.447200 15.829827 -44.652323 157.642685
 0.652800 0.447200 15.476885 -20.795926 159.938109
 0.663600 0.447200 15.378350 2.424002 164.043677
 0.674400 0.447200 15.526002 24.731825 169.931442
 0.685200 0.447200 15.907543 45.608996 177.446166
 0.696000 0.447200 16.502372 63.950645 186.300712
 0.706800 0.447200 17.272295 77.457187 196.065935
 0.717600 0.447200 18.143184 81.523363 206.273937
 0.728400 0.447200 18.973662 68.410799 216.261576
 0.739200 0.447200 19.545293 33.995005 224.273039
 0.750000 0.447200 19.693442 -5.460329 228.089240
 0.760800 0.447200 19.507306 -25.087297 228.382573
 0.771600 0.447200 19.241357 -21.260079 227.629283
 0.782400 0.447200 19.101505 -3.150584 226.977487
 0.793200 0.447200 19.199771 22.039719 226.164938
 0.804000 0.447200 19.590847 50.680233 224.491009
 0.814800 0.447200 20.299973 80.658313 221.617308
 0.825600 0.447200 21.333334 110.487208 218.059037
 0.836400 0.447200 22.682835 138.928575 215.182443
 0.847200 0.447200 24.327827 164.684990 214.766043
 0.858000 0.447200 26.232128 185.838257 218.669708
 0.868800 0.447200 28.330953 198.201239 229.069895
 0.879600 0.447200 30.490160 192.077690 248.330128
 0.890400 0.447200 32.429171 152.476820 276.237314
 0.901200 0.447200 33.751947 82.438444 299.855028
 0.912000 0.447200 34.315157 21.732229 306.711539
 0.922800 0.447200 34.374590 -8.599781 300.656494
 0.933600 0.447200 34.218193 -18.946425 287.387586
 0.944400 0.447200 34.002161 -20.416252 270.715566
 0.955200 0.447200 33.788731 -19.168180 254.907586
 0.966000 0.447200 33.584076 -19.103428 243.745307
 0.976800 0.447200 33.372703 -19.971562 238.544184
 0.987600 0.447200 33.160141 -18.998135 237.597332
 0.998400 0.447200 32.965409 -17.398772 237.566450
 1.009200 0.447200 32.766953 -20.540619 235.991795
 1.020000 0.447200 32.496748 -30.290149 233.516046
 1.030800 0.447200 32.106588 -41.687264 234.451613
 1.041600 0.447200 31.607945 -50.043224 243.506995
 1.052400 0.447200 31.033361 -56.241229 261.355386
 1.063200 0.447200 30.385201 -64.202343 284.876941
 1.074000 0.447200 29.633533 -74.969124 309.968556
 1.084800 0.447200 28.759207 -86.370004 333.448893
 1.095600 0.447200 27.743320 -102.468716 354.577927
 1.106400 0.447200 26.476892 -133.125249 372.306206
 1.117200 0.447200 24.824139 -170.688002 383.119895
 1.128000 0.447200 22.836216 -192.604941 386.790557
 1.138800 0.447200 20.733607 -192.972350 387.937032
 1.149600 0.447200 18.709931 -179.907166 389.259723
 1.160400 0.447200 16.865734 -160.870687 390.764532
 1.171200 0.447200 15.240822 -139.798615 391.825763
 1.182000 0.447200 13.846439 -118.390926 392.168570
 1.192800 0.447200 12.683319 -96.943299 392.025492
 1.203600 0.447200 11.754449 -74.918721 391.914793
 1.214400 0.447200 11.068147 -52.059884 392.345874
 1.225200 0.447200 10.630728 -28.989033 393.698115
 1.236000 0.447200 10.439457 -6.595993 396.280857
 1.246800 0.447200 10.484493 14.759054 400.399366
 1.257600 0.447200 10.754573 35.052035 406.260443
 1.268400 0.447200 11.236248 53.775590 413.686407
 1.279200 0.447200 11.906929 69.826712 421.821839
 1.290000 0.447200 12.732615 82.363130 429.240478
 1.300800 0.447200 13.676105 91.624566 434.697283
 1.311600 0.447200 14.707451 98.643104 438.098631
 1.322400 0.447200 15.806568 104.020279 440.706018
 1.333200 0.447200 16.957506 107.980997 444.155654
 1.344000 0.447200 18.147949 111.279302 449.090343
 1.354800 0.447200 19.373419 114.432810 455.304220
 1.365600 0.447200 20.630023 116.697231 461.927857
 1.376400 0.447200 21.903366 117.351241 467.590604
 1.387200 0.447200 23.177645 116.978985 470.665068
 1.398000 0.447200 24.448412 116.597729 470.660348
 1.408800 0.447200 25.716259 116.433816 469.077655
 1.419600 0.447200 26.979221 115.281385 468.280122
 1.430400 0.447200 28.220557 112.608312 469.899419
 1.441200 0.447200 29.425058 109.082957 475.168210
 1.452000 0.447200 30.600006 107.608540 483.733628
 1.462800 0.447200 31.785659 111.453266 493.419664
 1.473600 0.447200 33.039408 119.605721 501.789367
 1.484400 0.447200 34.387965 128.387126 508.320352
 1.495200 0.447200 35.820095 134.770965 511.014946
 1.506000 0.447200 37.312972 140.293960 503.698962
 1.516800 0.447200 38.883347 149.852001 478.714492
 1.527600 0.447200 40.607432 168.361302 435.958784
 1.538400 0.447200 42.598962 199.066972 384.299191
 1.549200 0.447200 44.990938 241.051295 333.437039
 1.560000 0.447200 47.900641 291.784602 289.635174

 0.480000 0.452400 56.904552 -434.849385 239.857945
 0.490800 0.452400 51.945315 -409.791497 233.487394
 0.501600 0.452400 47.392607 -385.013977 229.322463
 0.512400 0.452400 43.173879 -362.141891 225.381348
 0.523200 0.452400 39.297889 -337.834328 221.334511
 0.534000 0.452400 35.728941 -312.891109 217.070119
 0.544800 0.452400 32.466776 -286.316558 212.410875
 0.555600 0.452400 29.512936 -258.315070 206.915228
 0.566400 0.452400 26.872290 -229.582248 201.213003
 0.577200 0.452400 24.545627 -200.923173 195.931917
 0.588000 0.452400 22.526272 -173.002969 191.521932
 0.598800 0.452400 20.803898 -146.039075 188.098805
 0.609600 0.452400 19.368321 -119.894321 185.602021
 0.620400 0.452400 18.212062 -94.283716 184.027813
 0.631200 0.452400 17.330602 -68.986722 183.529796
 0.642000 0.452400 16.720986 -43.952511 184.332573
 0.652800 0.452400 16.379840 -19.302620 186.593790
 0.663600 0.452400 16.301844 4.733626 190.365794
 0.674400 0.452400 16.478780 27.839613 195.651378
 0.685200 0.452400 16.897960 49.455782 202.431608
 0.696000 0.452400 17.537745 68.394605 210.580472
 0.706800 0.452400 18.357915 82.269962 219.751217
 0.717600 0.452400 19.281632 86.422698 229.393756
 0.728400 0.452400 20.163437 72.840106 238.657818
 0.739200 0.452400 20.775633 36.815469 245.826360
 0.750000 0.452400 20.942853 -4.728276 249.056604
 0.760800 0.452400 20.758254 -25.367958 249.180549
 0.771600 0.452400 20.488573 -21.617146 248.425069
 0.782400 0.452400 20.345254 -3.465590 247.776915
 0.793200 0.452400 20.439248 21.508641 247.091598
 0.804000 0.452400 20.822234 49.686967 245.908371
 0.814800 0.452400 21.518086 79.233435 244.020015
 0.825600 0.452400 22.535436 109.050294 241.786729
 0.836400 0.452400 23.872384 138.169696 240.118903
 0.847200 0.452400 25.516204 165.367701 240.184214
 0.858000 0.452400 27.439175 188.775321 243.296802
 0.868800 0.452400 29.586920 204.480819 251.185074
 0.879600 0.452400 31.837647 202.876290 266.027719
 0.890400 0.452400 33.914265 165.406218 289.051946
 0.901200 0.452400 35.360614 89.861718 310.923039
 0.912000 0.452400 35.963697 21.304766 318.931227
 0.922800 0.452400 35.994619 -13.381295 314.963149
 0.933600 0.452400 35.774426 -25.809335 305.316389
 0.944400 0.452400 35.480479 -27.681304 293.625701
 0.955200 0.452400 35.194053 -25.163269 282.409911
 0.966000 0.452400 34.936234 -22.863590 273.434726
 0.976800 0.452400 34.696272 -21.618462 267.402325
 0.987600 0.452400 34.472536 -19.655313 263.598880
 0.998400 0.452400 34.269915 -18.380944 260.114328
 1.009200 0.452400 34.056265 -22.335419 255.255839
 1.020000 0.452400 33.766808 -31.739510 249.405036
 1.030800 0.452400 33.373320 -40.472897 245.878878
 1.041600 0.452400 32.909875 -44.672358 248.967142
 1.052400 0.452400 32.415048 -47.050571 260.736102
 1.063200 0.452400 31.881500 -52.447196 280.669688
 1.074000 0.452400 31.264265 -62.165439 306.719000
 1.084800 0.452400 30.527583 -73.937437 335.223957
 1.095600 0.452400 29.641265 -91.161055 362.395927
 1.106400 0.452400 28.484110 -124.716281 384.758495
 1.117200 0.452400 26.897616 -166.979597 397.788090
 1.128000 0.452400 24.931299 -191.777361 401.575773
 1.138800 0.452400 22.834715 -192.406950 402.222202
 1.149600 0.452400 20.819615 -178.910959 403.531279
 1.160400 0.452400 18.986913 -159.827805 405.596815
 1.171200 0.452400 17.371391 -139.156294 407.306063
 1.182000 0.452400 15.981177 -118.242565 407.965197
 1.192800 0.452400 14.818135 -97.012610 407.922220
 1.203600 0.452400 13.889147 -74.812545 408.135927
 1.214400 0.452400 13.206255 -51.502523 409.356510
 1.225200 0.452400 12.777992 -27.830252 411.819163
 1.236000 0.452400 12.603082 -4.699975 415.550541
 1.246800 0.452400 12.673249 17.536162 420.674548
 1.257600 0.452400 12.978296 38.734031 427.311559
 1.268400 0.452400 13.503568 58.089212 435.231834
 1.279200 0.452400 14.221566 74.143073 443.621835
 1.290000 0.452400 15.090306 85.883070 451.143052
 1.300800 0.452400 16.065072 93.840141 456.383739
 1.311600 0.452400 17.114246 99.802700 458.813365
 1.322400 0.452400 18.224549 105.047972 459.616862
 1.333200 0.452400 19.390644 109.750794 461.016204
 1.344000 0.452400 20.605752 114.023562 464.391305
 1.354800 0.452400 21.864385 117.688803 469.484196
 1.365600 0.452400 23.156741 119.905718 474.942637
 1.376400 0.452400 24.461581 119.802856 479.749344
 1.387200 0.452400 25.755367 117.994766 482.941047
 1.398000 0.452400 27.030347 116.333147 484.016033
 1.408800 0.452400 28.293377 115.917285 483.641598
 1.419600 0.452400 29.554137 115.508103 483.317129
 1.430400 0.452400 30.805956 114.437965 484.537918
 1.441200 0.452400 32.042337 113.109153 488.948125
 1.452000 0.452400 33.271083 113.358795 496.816565
 1.462800 0.452400 34.521727 117.341623 506.425967
 1.473600 0.452400 35.835881 124.762495 515.274308
 1.484400 0.452400 37.233308 131.895912 523.428856
 1.495200 0.452400 38.684204 133.829472 528.986737
 1.506000 0.452400 40.123081 130.197909 523.506422
 1.516800 0.452400 41.526667 129.519569 497.794504
 1.527600 0.452400 42.994037 142.852225 456.251405
 1.538400 0.452400 44.708996 174.843639 413.521458
 1.549200 0.452400 46.857152 221.807882 378.554877
 1.560000 0.452400 49.574711 278.044583 352.965097

 0.480000 0.457600 58.223660 -436.484294 264.960593
 0.490800 0.457600 53.230006 -411.795520 258.294768
 0.501600 0.457600 48.654415 -386.676725 253.862631
 0.512400 0.457600 44.415016 -363.513469 249.946884
 0.523200 0.457600 40.517545 -339.347445 245.818365
 0.534000 0.457600 36.926405 -314.828604 241.644269
 0.544800 0.457600 33.640671 -288.613082 237.340243
 0.555600 0.457600 30.659448 -260.891747 232.451887
 0.566400 0.457600 27.990581 -232.137766 227.476143
 0.577200 0.457600 25.637538 -203.202500 222.789292
 0.588000 0.457600 23.595723 -174.870230 218.712814
 0.598800 0.457600 21.855553 -147.468419 215.398123
 0.609600 0.457600 20.406943 -120.874584 212.938324
 0.620400 0.457600 19.242798 -94.749549 211.486361
 0.631200 0.457600 18.359533 -68.840106 211.251491
 0.642000 0.457600 17.755119 -43.131381 212.368785
 0.652800 0.457600 17.426498 -17.808686 214.809536
 0.663600 0.457600 17.368144 6.873805 218.445767
 0.674400 0.457600 17.571653 30.622067 223.192715
 0.685200 0.457600 18.024391 52.885525 229.068606
 0.696000 0.457600 18.704494 72.407798 236.092974
 0.706800 0.457600 19.570363 86.669414 244.084449
 0.717600 0.457600 20.542286 90.860773 252.508556
 0.728400 0.457600 21.469798 76.684981 260.308315
 0.739200 0.457600 22.115862 39.012044 265.673601
 0.750000 0.457600 22.296031 -4.484054 267.112154
 0.760800 0.457600 22.108610 -25.973570 265.838061
 0.771600 0.457600 21.832252 -22.196682 264.120983
 0.782400 0.457600 21.683699 -3.868587 262.937457
 0.793200 0.457600 21.773745 21.152539 262.337664
 0.804000 0.457600 22.152539 49.254134 262.167070
 0.814800 0.457600 22.843268 78.736464 262.329437
 0.825600 0.457600 23.855676 108.682631 262.847113
 0.836400 0.457600 25.190804 138.266192 263.902310
 0.847200 0.457600 26.840085 166.377262 265.905335
 0.858000 0.457600 28.781388 191.298366 269.674187
 0.868800 0.457600 30.968867 209.411513 276.691239
 0.879600 0.457600 33.292336 211.441844 289.084644
 0.890400 0.457600 35.482988 176.652376 308.588854
 0.901200 0.457600 37.042822 97.308500 329.090654
 0.912000 0.457600 37.690535 21.533499 338.186297
 0.922800 0.457600 37.704305 -16.583113 336.361764
 0.933600 0.457600 37.443492 -30.022281 331.332347
 0.944400 0.457600 37.102395 -32.140579 325.639122
 0.955200 0.457600 36.767673 -29.598622 318.771860
 0.966000 0.457600 36.463130 -27.015104 310.057896
 0.976800 0.457600 36.181221 -25.207290 300.077371
 0.987600 0.457600 35.921275 -22.846615 289.931569
 0.998400 0.457600 35.683739 -21.745536 279.830806
 1.009200 0.457600 35.431628 -26.033706 269.616175
 1.020000 0.457600 35.104607 -34.728135 260.554730
 1.030800 0.457600 34.691259 -40.853077 255.573773
 1.041600 0.457600 34.244391 -41.116885 257.371080
 1.052400 0.457600 33.810399 -39.410662 267.059807
 1.063200 0.457600 33.380015 -41.092903 284.985482
 1.074000 0.457600 32.902740 -47.871509 311.227660
 1.084800 0.457600 32.329103 -58.477657 343.274634
 1.095600 0.457600 31.606733 -76.767175 375.124695
 1.106400 0.457600 30.586066 -114.550111 400.028906
 1.117200 0.457600 29.074736 -163.292217 412.734606
 1.128000 0.457600 27.124270 -191.763683 415.233400
 1.138800 0.457600 25.024899 -192.566011 414.903469
 1.149600 0.457600 23.012271 -178.322903 415.712520
 1.160400 0.457600 21.187982 -158.975058 417.711144
 1.171200 0.457600 19.580233 -138.645096 419.637033
 1.182000 0.457600 18.192901 -118.187453 420.557665
 1.192800 0.457600 17.029756 -96.993816 420.721019
 1.203600 0.457600 16.103172 -74.321083 421.160899
 1.214400 0.457600 15.429277 -50.319420 422.738295
 1.225200 0.457600 15.017454 -25.980051 425.726956
 1.236000 0.457600 14.865960 -2.210140 430.102243
 1.246800 0.457600 14.966687 20.714097 435.838923
 1.257600 0.457600 15.309795 42.585824 442.824822
 1.268400 0.457600 15.879333 62.368315 450.652872
 1.279200 0.457600 16.643579 78.313194 458.594405
 1.290000 0.457600 17.553524 89.200028 465.621030
 1.300800 0.457600 18.556735 95.707810 470.414007
 1.311600 0.457600 19.618765 100.399748 472.075947
 1.322400 0.457600 20.733931 105.518111 471.491274
 1.333200 0.457600 21.910951 111.371432 471.135776
 1.344000 0.457600 23.151580 117.062715 472.995434
 1.354800 0.457600 24.447363 121.281193 476.752743
 1.365600 0.457600 25.777945 123.243855 480.613892
 1.376400 0.457600 27.115271 122.367243 484.082778
 1.387200 0.457600 28.431688 119.469893 487.522449
 1.398000 0.457600 29.718290 116.895314 491.051860
 1.408800 0.457600 30.985957 116.250203 494.432575
 1.419600 0.457600 32.251933 116.233523 497.789911
 1.430400 0.457600 33.517283 116.305837 501.945738
 1.441200 0.457600 34.784352 116.824964 507.651830
 1.452000 0.457600 36.062076 118.537177 515.370847
 1.462800 0.457600 37.369701 122.255196 524.837608
 1.473600 0.457600 38.732914 128.998259 534.557264
 1.484400 0.457600 40.174149 135.684053 544.377868
 1.495200 0.457600 41.657465 135.087316 552.123224
 1.506000 0.457600 43.071539 123.025706 550.529624
 1.516800 0.457600 44.340514 112.366428 533.076193
 1.527600 0.457600 45.596043 122.751076 506.211517
 1.538400 0.457600 47.105525 158.002669 481.843514
 1.549200 0.457600 49.094881 209.911179 464.246813
 1.560000 0.457600 51.701319 270.261745 452.553774

 0.480000 0.462800 59.678366 -438.299709 291.309559
 0.490800 0.462800 54.648679 -413.758421 284.241084
 0.501600 0.462800 50.050085 -388.297959 279.924385
 0.512400 0.462800 45.789379 -364.944506 275.677516
 0.523200 0.462800 41.869788 -340.947173 271.395319
 0.534000 0.462800 38.256677 -316.721593 267.271581
 0.544800 0.462800 34.948935 -290.673638 263.299527
 0.555600 0.462800 31.943707 -263.085167 259.186293
 0.566400 0.462800 29.251106 -234.276426 255.275261
 0.577200 0.462800 26.875814 -205.154976 251.633796
 0.588000 0.462800 24.814306 -176.556337 248.334099
 0.598800 0.462800 23.057607 -148.834332 245.445803
 0.609600 0.462800 21.596347 -121.833339 243.140749
 0.620400 0.462800 20.424632 -95.170697 241.718304
 0.631200 0.462800 19.540249 -68.614830 241.488118
 0.642000 0.462800 18.941869 -42.246413 242.580865
 0.652800 0.462800 18.626034 -16.343547 244.874611
 0.663600 0.462800 18.586186 8.822790 248.107587
 0.674400 0.462800 18.813139 33.014009 252.067255
 0.685200 0.462800 19.294180 55.740244 256.707943
 0.696000 0.462800 20.007707 75.735440 262.125809
 0.706800 0.462800 20.911661 90.354132 268.355689
 0.717600 0.462800 21.923883 94.531076 275.020787
 0.728400 0.462800 22.887953 79.582474 280.906593
 0.739200 0.462800 23.556514 40.080476 283.924723
 0.750000 0.462800 23.737620 -5.274521 282.828438
 0.760800 0.462800 23.537781 -27.289028 279.528346
 0.771600 0.462800 23.248918 -23.139341 276.664217
 0.782400 0.462800 23.093120 -4.272178 275.207362
 0.793200 0.462800 23.181445 21.227268 275.192279
 0.804000 0.462800 23.563297 49.735207 276.487317
 0.814800 0.462800 24.261089 79.550165 278.895983
 0.825600 0.462800 25.283651 109.740325 282.063114
 0.836400 0.462800 26.631342 139.542391 285.571873
 0.847200 0.462800 28.296311 168.060071 289.309471
 0.858000 0.462800 30.260055 193.885839 293.833353
 0.868800 0.462800 32.484637 213.739378 300.588441
 0.879600 0.462800 34.872282 218.779637 311.990164
 0.890400 0.462800 37.165632 187.314585 330.514147
 0.901200 0.462800 38.840827 105.744593 353.020470
 0.912000 0.462800 39.545953 22.737137 365.768146
 0.922800 0.462800 39.554986 -18.305816 366.019882
 0.933600 0.462800 39.274181 -31.972775 363.575780
 0.944400 0.462800 38.910741 -34.515998 360.994808
 0.955200 0.462800 38.542939 -33.484672 355.719111
 0.966000 0.462800 38.186445 -32.668636 345.277808
 0.976800 0.462800 37.837602 -31.756507 330.448596
 0.987600 0.462800 37.506142 -29.462984 313.945027
 0.998400 0.462800 37.197531 -28.285079 297.339979
 1.009200 0.462800 36.876443 -32.118127 281.325806
 1.020000 0.462800 36.492135 -38.968098 268.217033
 1.030800 0.462800 36.050347 -41.687989 261.634477
 1.041600 0.462800 35.616113 -37.920649 263.569613
 1.052400 0.462800 35.238278 -32.236424 273.758421
 1.063200 0.462800 34.907220 -29.859378 291.567935
 1.074000 0.462800 34.573519 -32.687021 317.404636
 1.084800 0.462800 34.178336 -41.188572 350.771257
 1.095600 0.462800 33.638974 -60.907403 386.759009
 1.106400 0.462800 32.764365 -104.083655 416.232756
 1.117200 0.462800 31.327528 -159.804279 430.713201
 1.128000 0.462800 29.391604 -191.800435 432.587697
 1.138800 0.462800 27.288853 -192.840328 430.642912
 1.149600 0.462800 25.276528 -178.006175 429.072059
 1.160400 0.462800 23.457544 -158.390684 428.326033
 1.171200 0.462800 21.855470 -138.240441 427.979866
 1.182000 0.462800 20.470896 -118.057241 427.806215
 1.192800 0.462800 19.309037 -96.813560 428.108562
 1.203600 0.462800 18.386583 -73.681783 429.393433
 1.214400 0.462800 17.723144 -49.005062 431.936110
 1.225200 0.462800 17.329430 -23.938029 435.730230
 1.236000 0.462800 17.203972 0.568634 440.680989
 1.246800 0.462800 17.338518 24.179487 446.627628
 1.257600 0.462800 17.721983 46.549281 453.186107
 1.268400 0.462800 18.335641 66.514035 459.745113
 1.279200 0.462800 19.143896 82.236072 465.682645
 1.290000 0.462800 20.092655 92.335320 470.440344
 1.300800 0.462800 21.122689 97.421665 473.363365
 1.311600 0.462800 22.195033 100.635072 474.150642
 1.322400 0.462800 23.309559 105.331102 473.931361
 1.333200 0.462800 24.489398 112.225598 474.985570
 1.344000 0.462800 25.747178 119.309123 478.865005
 1.354800 0.462800 27.070995 123.935088 484.584200
 1.365600 0.462800 28.428416 125.484405 489.761363
 1.376400 0.462800 29.787931 124.292200 493.940750
 1.387200 0.462800 31.126432 121.629397 498.585467
 1.398000 0.462800 32.439864 119.538789 505.105471
 1.408800 0.462800 33.739797 119.428193 513.352119
 1.419600 0.462800 35.042339 119.847679 522.543054
 1.430400 0.462800 36.348415 120.088523 532.360568
 1.441200 0.462800 37.659598 121.036850 542.046538
 1.452000 0.462800 38.987304 123.486713 550.796128
 1.462800 0.462800 40.352515 127.572551 558.248567
 1.473600 0.462800 41.775292 134.658428 563.825241
 1.484400 0.462800 43.279064 141.352885 569.318125
 1.495200 0.462800 44.816946 138.617607 576.804443
 1.506000 0.462800 46.236067 119.369536 585.922003
 1.516800 0.462800 47.420947 101.017130 590.944156
 1.527600 0.462800 48.541267 110.401689 588.767067
 1.538400 0.462800 49.931248 148.662418 583.323344
 1.549200 0.462800 51.836285 203.884659 578.099816
 1.560000 0.462800 54.388218 266.568358 574.231429

 0.480000 0.468000 61.281690 -440.445881 320.334931
 0.490800 0.468000 56.210990 -415.849904 311.674260
 0.501600 0.468000 51.589303 -389.895098 307.195697
 0.512400 0.468000 47.304296 -366.513414 302.331757
 0.523200 0.468000 43.361684 -342.666219 298.078713
 0.534000 0.468000 39.727099 -318.548472 294.287215
 0.544800 0.468000 36.399270 -292.451276 290.874095
 0.555600 0.468000 33.374197 -264.809698 287.651820
 0.566400 0.468000 30.663484 -235.873116 284.827357
 0.577200 0.468000 28.271607 -206.624606 282.265927
 0.588000 0.468000 26.194881 -177.906533 279.859539
 0.598800 0.468000 24.424390 -150.027020 277.579597
 0.609600 0.468000 22.951618 -122.745596 275.577642
 0.620400 0.468000 21.772363 -95.626002 274.181087
 0.631200 0.468000 20.886173 -68.481769 273.731948
 0.642000 0.468000 20.292503 -41.517450 274.390076
 0.652800 0.468000 19.987320 -15.122705 276.066716
 0.663600 0.468000 19.962686 10.398327 278.508306
 0.674400 0.468000 20.208121 34.852580 281.434097
 0.685200 0.468000 20.710389 57.840121 284.673892
 0.696000 0.468000 21.448323 78.166073 288.277001
 0.706800 0.468000 22.380419 93.113212 292.411846
 0.717600 0.468000 23.422962 97.266862 296.859354
 0.728400 0.468000 24.412760 81.379203 300.249161
 0.739200 0.468000 25.090546 39.830068 300.201073
 0.750000 0.468000 25.258848 -7.190605 296.067046
 0.760800 0.468000 25.037188 -29.176687 290.963828
 0.771600 0.468000 24.732486 -24.138872 287.815150
 0.782400 0.468000 24.571057 -4.337630 287.162339
 0.793200 0.468000 24.662990 21.941097 288.592559
 0.804000 0.468000 25.056081 51.080188 291.639993
 0.814800 0.468000 25.771041 81.348613 295.868503
 0.825600 0.468000 26.814325 111.737365 300.734957
 0.836400 0.468000 28.183668 141.535072 305.638126
 0.847200 0.468000 29.870398 170.123160 310.299578
 0.858000 0.468000 31.858911 196.491645 315.111973
 0.868800 0.468000 34.119060 217.745574 321.333025
 0.879600 0.468000 36.567257 225.649710 331.606204
 0.890400 0.468000 38.963838 198.796277 349.995580
 0.901200 0.468000 40.776494 117.158898 377.301710
 0.912000 0.468000 41.569695 25.735298 397.041560
 0.922800 0.468000 41.585626 -19.516302 399.599131
 0.933600 0.468000 41.289063 -33.584243 397.089472
 0.944400 0.468000 40.906682 -36.698396 394.111965
 0.955200 0.468000 40.504206 -37.956541 387.886292
 0.966000 0.468000 40.083832 -39.914947 375.212766
 0.976800 0.468000 39.647189 -40.480104 357.216393
 0.987600 0.468000 39.219628 -38.421389 337.441019
 0.998400 0.468000 38.814110 -37.258588 317.599565
 1.009200 0.468000 38.397994 -40.516270 298.303439
 1.020000 0.468000 37.934589 -44.838081 282.505678
 1.030800 0.468000 37.451702 -43.263381 274.560914
 1.041600 0.468000 37.025206 -34.977440 276.196872
 1.052400 0.468000 36.701014 -25.343643 286.279750
 1.063200 0.468000 36.464542 -19.219131 303.187496
 1.074000 0.468000 36.267718 -17.984324 326.565280
 1.084800 0.468000 36.051626 -23.121881 356.701517
 1.095600 0.468000 35.712809 -42.682131 391.337947
 1.106400 0.468000 35.012874 -91.010818 423.323713
 1.117200 0.468000 33.671969 -155.005694 442.627091
 1.128000 0.468000 31.757632 -191.746927 448.139149
 1.138800 0.468000 29.647589 -193.907316 447.048383
 1.149600 0.468000 27.623157 -179.126473 443.881211
 1.160400 0.468000 25.792639 -159.384522 440.379788
 1.171200 0.468000 24.181196 -138.956475 437.791233
 1.182000 0.468000 22.791376 -118.277659 437.039166
 1.192800 0.468000 21.630652 -96.367305 438.283962
 1.203600 0.468000 20.716800 -72.541717 440.915484
 1.214400 0.468000 20.069216 -47.214167 444.212037
 1.225200 0.468000 19.698379 -21.484766 447.941227
 1.236000 0.468000 19.603164 3.712535 452.321718
 1.246800 0.468000 19.774880 27.873083 457.460674
 1.257600 0.468000 20.199522 50.399347 462.918125
 1.268400 0.468000 20.853408 70.037257 467.900919
 1.279200 0.468000 21.696255 85.064691 471.785802
 1.290000 0.468000 22.670779 94.219363 474.318153
 1.300800 0.468000 23.715480 98.219351 475.502422
 1.311600 0.468000 24.791917 100.660282 475.851884
 1.322400 0.468000 25.907381 105.612813 476.602716
 1.333200 0.468000 27.096939 113.862495 479.186043
 1.344000 0.468000 28.380369 122.310781 484.224957
 1.354800 0.468000 29.739794 127.222777 490.451571
 1.365600 0.468000 31.130144 128.222502 495.881134
 1.376400 0.468000 32.517700 126.825337 500.321241
 1.387200 0.468000 33.888476 125.087515 506.034395
 1.398000 0.468000 35.248405 124.484423 515.732597
 1.408800 0.468000 36.609701 125.598708 529.972886
 1.419600 0.468000 37.983029 126.626273 547.238213
 1.430400 0.468000 39.363944 126.780414 565.096729
 1.441200 0.468000 40.746700 127.148114 580.278812
 1.452000 0.468000 42.135978 128.457613 590.789906
 1.462800 0.468000 43.549278 130.991152 596.863238
 1.473600 0.468000 45.006100 137.696362 599.626420
 1.484400 0.468000 46.548516 145.667357 602.481174
 1.495200 0.468000 48.147861 145.430082 611.085929
 1.506000 0.468000 49.645447 125.898761 632.732122
 1.516800 0.468000 50.875487 102.285915 663.039169
 1.527600 0.468000 51.983466 107.445226 685.700458
 1.538400 0.468000 53.335873 144.939900 696.354018
 1.549200 0.468000 55.205164 200.911708 699.921034
 1.560000 0.468000 57.730914 264.433058 701.198045

 0.480000 0.473200 63.047124 -443.299025 350.207848
 0.490800 0.473200 57.923033 -418.499067 339.057371
 0.501600 0.473200 53.274846 -391.731513 333.729411
 0.512400 0.473200 48.961515 -368.247383 328.273681
 0.523200 0.473200 44.996247 -344.337370 324.293150
 0.534000 0.473200 41.342696 -320.102318 321.249790
 0.544800 0.473200 37.998577 -293.819262 318.837887
 0.555600 0.473200 34.958534 -266.058261 316.663364
 0.566400 0.473200 32.234973 -236.988554 314.804129
 0.577200 0.473200 29.831521 -207.659318 313.077201
 0.588000 0.473200 27.743820 -178.911573 311.367181
 0.598800 0.473200 25.962645 -150.993471 309.612488
 0.609600 0.473200 24.480079 -123.566842 307.906261
 0.620400 0.473200 23.293513 -96.129703 306.536039
 0.631200 0.473200 22.404265 -68.529446 305.839476
 0.642000 0.473200 21.812731 -41.079076 306.013142
 0.652800 0.473200 21.514597 -14.275687 307.023955
 0.663600 0.473200 21.500694 11.512261 308.625518
 0.674400 0.473200 21.758920 36.087161 310.434983
 0.685200 0.473200 22.274842 59.136342 312.123905
 0.696000 0.473200 23.027464 79.613036 313.684340
 0.706800 0.473200 23.976489 94.795416 315.395231
 0.717600 0.473200 25.037304 98.836398 317.128472
 0.728400 0.473200 26.039018 81.766192 317.400511
 0.739200 0.473200 26.709621 38.044697 314.052690
 0.750000 0.473200 26.850971 -10.055197 307.849172
 0.760800 0.473200 26.601923 -31.145625 302.889433
 0.771600 0.473200 26.283790 -24.662785 301.324909
 0.782400 0.473200 26.123473 -3.669870 302.654687
 0.793200 0.473200 26.227364 23.442456 305.886003
 0.804000 0.473200 26.639872 53.137722 310.276060
 0.814800 0.473200 27.379005 83.727480 315.324586
 0.825600 0.473200 28.448550 114.180458 320.613505
 0.836400 0.473200 29.843720 143.848525 325.780005
 0.847200 0.473200 31.554954 172.342799 330.696581
 0.858000 0.473200 33.568712 198.955691 335.637847
 0.868800 0.473200 35.860789 221.152192 341.449309
 0.879600 0.473200 38.361070 231.664822 350.288976
 0.890400 0.473200 40.857044 210.804254 367.748563
 0.901200 0.473200 42.832319 132.450733 399.081996
 0.912000 0.473200 43.755521 31.261827 426.965349
 0.922800 0.473200 43.789585 -20.946545 431.994126
 0.933600 0.473200 43.470248 -36.054170 427.225091
 0.944400 0.473200 43.060893 -39.506188 420.979231
 0.955200 0.473200 42.617586 -42.996277 412.265270
 0.966000 0.473200 42.126649 -47.815614 398.640589
 0.976800 0.473200 41.595422 -49.778744 381.450267
 0.987600 0.473200 41.065966 -47.915664 363.419429
 0.998400 0.473200 40.556784 -46.974957 344.690239
 1.009200 0.473200 40.036592 -49.790371 325.085335
 1.020000 0.473200 39.485738 -51.323854 308.245341
 1.030800 0.473200 38.956942 -45.147063 299.251982
 1.041600 0.473200 38.535112 -32.357966 299.556206
 1.052400 0.473200 38.259185 -19.189988 307.408996
 1.063200 0.473200 38.105024 -10.176313 320.670528
 1.074000 0.473200 38.022188 -5.859111 338.570846
 1.084800 0.473200 37.956088 -7.566040 361.956061
 1.095600 0.473200 37.800533 -24.781688 391.417911
 1.106400 0.473200 37.290353 -74.929004 424.526511
 1.117200 0.473200 36.084622 -146.644593 451.952179
 1.128000 0.473200 34.219512 -190.282858 465.255920
 1.138800 0.473200 32.107081 -195.323043 467.248491
 1.149600 0.473200 30.061921 -181.342401 463.434448
 1.160400 0.473200 28.207981 -161.352035 457.519936
 1.171200 0.473200 26.580325 -139.898850 452.444522
 1.182000 0.473200 25.187603 -117.872790 450.172638
 1.192800 0.473200 24.037512 -94.890738 450.964101
 1.203600 0.473200 23.142755 -70.579074 453.650235
 1.214400 0.473200 22.517003 -45.165575 456.945804
 1.225200 0.473200 22.168688 -19.329313 460.490466
 1.236000 0.473200 22.098406 6.208187 464.719917
 1.246800 0.473200 22.299260 30.748991 469.909469
 1.257600 0.473200 22.755731 53.344948 475.460949
 1.268400 0.473200 23.439868 72.627853 480.133377
 1.279200 0.473200 24.307534 87.033140 482.872291
 1.290000 0.473200 25.299499 95.448514 483.457999
 1.300800 0.473200 26.353584 98.728819 482.734866
 1.311600 0.473200 27.433358 100.814357 482.312409
 1.322400 0.473200 28.552258 106.161026 483.341779
 1.333200 0.473200 29.752934 115.459884 485.824183
 1.344000 0.473200 31.059326 124.861044 489.226965
 1.354800 0.473200 32.448706 130.013904 492.937586
 1.365600 0.473200 33.867641 130.699142 496.978881
 1.376400 0.473200 35.282791 129.589205 501.974309
 1.387200 0.473200 36.692658 129.680948 509.675892
 1.398000 0.473200 38.117556 131.792851 522.368317
 1.408800 0.473200 39.572324 135.257339 541.228049
 1.419600 0.473200 41.058224 137.428486 565.179071
 1.430400 0.473200 42.556143 136.937359 590.674228
 1.441200 0.473200 44.041000 135.136933 613.002959
 1.452000 0.473200 45.503729 133.585395 628.894585
 1.462800 0.473200 46.961111 133.382253 637.809962
 1.473600 0.473200 48.437678 139.015069 641.923070
 1.484400 0.473200 49.999749 148.327774 646.191919
 1.495200 0.473200 51.656515 154.044707 658.024448
 1.506000 0.473200 53.296230 143.169302 688.474886
 1.516800 0.473200 54.726401 119.618371 737.989787
 1.527600 0.473200 55.979499 116.118577 783.778739
 1.538400 0.473200 57.389515 146.955182 810.431707
 1.549200 0.473200 59.267569 200.392733 822.250983
 1.560000 0.473200 61.789634 262.934213 828.171815

 0.480000 0.478400 64.971387 -446.542227 379.613323
 0.490800 0.478400 59.778121 -421.825914 365.186843
 0.501600 0.478400 55.096942 -394.095798 358.440753
 0.512400 0.478400 50.753455 -370.097531 352.758284
 0.523200 0.478400 46.767788 -345.690937 349.181440
 0.534000 0.478400 43.100781 -321.056163 347.331235
 0.544800 0.478400 39.747476 -294.543014 346.481947
 0.555600 0.478400 36.698680 -266.802568 345.585302
 0.566400 0.478400 33.966909 -237.751052 344.580813
 0.577200 0.478400 31.555130 -208.439471 343.366350
 0.588000 0.478400 29.458842 -179.728409 341.969770
 0.598800 0.478400 27.668615 -151.850338 340.360997
 0.609600 0.478400 26.176905 -124.378407 338.610242
 0.620400 0.478400 24.982605 -96.716963 337.049517
 0.631200 0.478400 24.089040 -68.720186 336.141912
 0.642000 0.478400 23.497941 -40.809280 336.198474
 0.652800 0.478400 23.204887 -13.631744 337.157411
 0.663600 0.478400 23.198985 12.303279 338.514839
 0.674400 0.478400 23.465267 36.746778 339.478718
 0.685200 0.478400 23.986874 59.529600 339.447463
 0.696000 0.478400 24.742836 79.879591 338.540753
 0.706800 0.478400 25.694983 95.111931 337.431632
 0.717600 0.478400 26.758270 98.837448 336.155624
 0.728400 0.478400 27.753686 80.396403 333.111929
 0.739200 0.478400 28.399684 34.987352 326.970640
 0.750000 0.478400 28.507129 -12.861401 320.531069
 0.760800 0.478400 28.236858 -32.155904 317.733085
 0.771600 0.478400 27.916874 -24.091956 318.663216
 0.782400 0.478400 27.768625 -2.091923 321.786910
 0.793200 0.478400 27.892974 25.608530 326.171501
 0.804000 0.478400 28.330863 55.642063 331.372260
 0.814800 0.478400 29.098065 86.392745 337.052502
 0.825600 0.478400 30.196533 116.849355 342.839720
 0.836400 0.478400 31.620197 146.429597 348.495341
 0.847200 0.478400 33.359267 174.886777 353.994898
 0.858000 0.478400 35.401443 201.608833 359.549491
 0.868800 0.478400 37.725967 224.221785 365.630380
 0.879600 0.478400 40.270569 236.773719 372.683583
 0.890400 0.478400 42.855713 222.107854 387.234790
 0.901200 0.478400 45.002067 150.186812 417.707721
 0.912000 0.478400 46.090666 39.489185 450.061635
 0.922800 0.478400 46.155989 -22.554300 455.433238
 0.933600 0.478400 45.805203 -39.700172 446.487031
 0.944400 0.478400 45.356350 -43.388653 436.372108
 0.955200 0.478400 44.862948 -48.619513 426.486351
 0.966000 0.478400 44.299472 -55.438421 415.071126
 0.976800 0.478400 43.681798 -57.914255 402.776575
 0.987600 0.478400 43.064696 -56.093246 390.373441
 0.998400 0.478400 42.463253 -55.961337 376.104672
 1.009200 0.478400 41.843776 -58.823151 359.561073
 1.020000 0.478400 41.207628 -57.618175 345.387268
 1.030800 0.478400 40.634257 -47.044081 338.664078
 1.041600 0.478400 40.213860 -30.388128 339.800658
 1.052400 0.478400 39.974374 -14.606914 346.138384
 1.063200 0.478400 39.879879 -3.765987 354.963304
 1.074000 0.478400 39.876985 2.662376 365.285492
 1.084800 0.478400 39.920098 4.293290 378.683382
 1.095600 0.478400 39.916279 -8.572146 398.778792
 1.106400 0.478400 39.600068 -56.192391 429.451044
 1.117200 0.478400 38.574917 -133.398402 464.805505
 1.128000 0.478400 36.802251 -186.078965 486.577016
 1.138800 0.478400 34.703070 -196.398048 491.048180
 1.149600 0.478400 32.632928 -184.503072 486.338430
 1.160400 0.478400 30.742565 -164.660542 479.083000
 1.171200 0.478400 29.084660 -142.035893 473.425684
 1.182000 0.478400 27.677977 -118.311631 471.432612
 1.192800 0.478400 26.531227 -93.936554 473.054989
 1.203600 0.478400 25.651207 -68.914887 476.748992
 1.214400 0.478400 25.044999 -43.246028 480.821888
 1.225200 0.478400 24.718673 -17.145732 484.567907
 1.236000 0.478400 24.674311 8.844960 488.335071
 1.246800 0.478400 24.905897 33.750138 492.655195
 1.257600 0.478400 25.394542 56.189382 497.365823
 1.268400 0.478400 26.105525 74.652740 501.537628
 1.279200 0.478400 26.988757 87.856276 504.192775
 1.290000 0.478400 27.983598 95.211429 505.124300
 1.300800 0.478400 29.032392 98.103976 505.121051
 1.311600 0.478400 30.107209 100.566934 505.180919
 1.322400 0.478400 31.227094 106.545451 505.192084
 1.333200 0.478400 32.434099 116.250974 504.065682
 1.344000 0.478400 33.750338 125.883477 501.537254
 1.354800 0.478400 35.153413 131.619411 499.236529
 1.365600 0.478400 36.594956 133.335899 499.939427
 1.376400 0.478400 38.046816 133.795855 504.890122
 1.387200 0.478400 39.514423 136.216790 514.079803
 1.398000 0.478400 41.026996 141.493445 527.551016
 1.408800 0.478400 42.606813 148.500437 546.083545
 1.419600 0.478400 44.254767 153.467488 569.404585
 1.430400 0.478400 45.935930 153.634115 594.346534
 1.441200 0.478400 47.595666 149.458607 617.511633
 1.452000 0.478400 49.193678 143.037222 636.111365
 1.462800 0.478400 50.730753 137.575594 649.527080
 1.473600 0.478400 52.241691 141.166583 658.870578
 1.484400 0.478400 53.845153 154.888390 666.323603
 1.495200 0.478400 55.655179 178.815478 673.279879
 1.506000 0.478400 57.775794 211.549388 679.944714
 1.516800 0.478400 60.290114 251.552482 686.373600
 1.527600 0.478400 63.273884 295.600628 693.589793
 1.538400 0.478400 66.818369 339.121557 702.752892
 1.549200 0.478400 70.943658 384.357141 708.995426
 1.560000 0.478400 76.433552 405.977747 749.181210

 0.480000 0.483600 67.058231 -449.341593 409.313660
 0.490800 0.483600 61.772697 -425.996066 389.281821
 0.501600 0.483600 57.050136 -397.359799 380.825828
 0.512400 0.483600 52.676440 -372.104716 375.632008
 0.523200 0.483600 48.672575 -346.566376 372.662009
 0.534000 0.483600 45.000003 -321.124044 372.880691
 0.544800 0.483600 41.647887 -294.360880 374.697993
 0.555600 0.483600 38.598405 -266.947857 375.797465
 0.566400 0.483600 35.863169 -238.227399 375.873648
 0.577200 0.483600 33.444951 -209.143087 374.997274
 0.588000 0.483600 31.340149 -180.604735 373.475077
 0.598800 0.483600 29.539608 -152.877198 371.385015
 0.609600 0.483600 28.036519 -125.418135 368.881448
 0.620400 0.483600 26.832200 -97.477621 366.559679
 0.631200 0.483600 25.933286 -68.913935 365.291066
 0.642000 0.483600 25.343672 -40.351580 365.674963
 0.652800 0.483600 25.058154 -12.762197 367.507179
 0.663600 0.483600 25.061527 13.046541 369.585315
 0.674400 0.483600 25.332476 36.794429 370.159284
 0.685200 0.483600 25.849877 58.731879 368.125006
 0.696000 0.483600 26.594460 78.673784 364.051078
 0.706800 0.483600 27.533675 93.950348 359.536362
 0.717600 0.483600 28.583249 97.289510 354.987115
 0.728400 0.483600 29.554907 77.419067 348.635742
 0.739200 0.483600 30.162830 31.299104 340.367870
 0.750000 0.483600 30.238326 -14.726913 335.162424
 0.760800 0.483600 29.960085 -31.869572 335.493981
 0.771600 0.483600 29.649816 -22.738031 338.540854
 0.782400 0.483600 29.519399 -0.172047 342.167143
 0.793200 0.483600 29.667292 28.071198 346.551980
 0.804000 0.483600 30.134914 58.679622 352.476850
 0.814800 0.483600 30.937328 89.825329 360.043937
 0.825600 0.483600 32.073601 120.369522 368.465483
 0.836400 0.483600 33.534944 149.821964 376.873481
 0.847200 0.483600 35.310351 178.195305 384.794083
 0.858000 0.483600 37.388584 204.876104 392.430184
 0.868800 0.483600 39.752210 227.241475 400.575911
 0.879600 0.483600 42.335243 241.116508 406.851319
 0.890400 0.483600 44.994877 231.538146 418.341716
 0.901200 0.483600 47.298322 167.727163 443.037867
 0.912000 0.483600 48.562896 48.616092 472.563059
 0.922800 0.483600 48.653295 -26.036949 475.131782
 0.933600 0.483600 48.245531 -45.748621 462.769603
 0.944400 0.483600 47.736432 -48.571871 450.805202
 0.955200 0.483600 47.187367 -53.936194 440.346350
 0.966000 0.483600 46.563557 -61.159315 429.882788
 0.976800 0.483600 45.886032 -63.192759 421.345481
 0.987600 0.483600 45.212558 -61.496583 415.413409
 0.998400 0.483600 44.545675 -62.749283 408.703446
 1.009200 0.483600 43.849407 -65.781265 399.717498
 1.020000 0.483600 43.151223 -61.726491 392.725779
 1.030800 0.483600 42.555027 -47.221570 391.737919
 1.041600 0.483600 42.149212 -27.786112 395.951509
 1.052400 0.483600 41.945229 -10.886192 401.946028
 1.063200 0.483600 41.891771 0.034343 406.634026
 1.074000 0.483600 41.931195 6.881786 409.410865
 1.084800 0.483600 42.030381 10.813263 413.374295
 1.095600 0.483600 42.122578 3.139340 424.664616
 1.106400 0.483600 41.972309 -37.474670 450.719496
 1.117200 0.483600 41.157197 -115.576249 489.089797
 1.128000 0.483600 39.520717 -179.149762 516.194749
 1.138800 0.483600 37.447051 -197.645889 521.606581
 1.149600 0.483600 35.343289 -188.801097 515.247299
 1.160400 0.483600 33.404844 -168.872908 506.477024
 1.171200 0.483600 31.710076 -144.477677 500.182051
 1.182000 0.483600 30.289320 -118.488966 498.088857
 1.192800 0.483600 29.151059 -92.324666 499.861545
 1.203600 0.483600 28.293941 -66.443312 504.069017
 1.214400 0.483600 27.715532 -40.647972 509.113309
 1.225200 0.483600 27.416911 -14.599003 513.927210
 1.236000 0.483600 27.400585 11.524627 518.141381
 1.246800 0.483600 27.662226 36.610518 521.755769
 1.257600 0.483600 28.181201 58.850172 524.728287
 1.268400 0.483600 28.917126 76.512969 526.879941
 1.279200 0.483600 29.814614 88.622090 528.151119
 1.290000 0.483600 30.813210 95.224093 528.883246
 1.300800 0.483600 31.861267 98.022410 529.551928
 1.311600 0.483600 32.935889 100.514667 529.722102
 1.322400 0.483600 34.052610 105.834498 527.535209
 1.333200 0.483600 35.245548 114.374718 521.147171
 1.344000 0.483600 36.537860 123.609931 511.404690
 1.354800 0.483600 37.922449 130.888722 502.804213
 1.365600 0.483600 39.371194 135.482370 500.897146
 1.376400 0.483600 40.861285 138.686700 507.375633
 1.387200 0.483600 42.392917 143.152576 520.051833
 1.398000 0.483600 43.992407 150.784807 535.308435
 1.408800 0.483600 45.689640 160.931256 551.814290
 1.419600 0.483600 47.493850 168.947306 569.720102
 1.430400 0.483600 49.359652 171.374280 586.101231
 1.441200 0.483600 51.217693 166.955685 600.894259
 1.452000 0.483600 53.000408 157.951221 615.047768
 1.462800 0.483600 54.688373 148.893030 632.129408
 1.473600 0.483600 56.314001 149.911776 650.837389
 1.484400 0.483600 58.009753 162.553470 665.927955
 1.495200 0.483600 59.902412 185.547865 675.532305
 1.506000 0.483600 62.095130 217.352399 680.862572
 1.516800 0.483600 64.670882 256.545182 686.031290
 1.527600 0.483600 67.708810 299.437534 692.294742
 1.538400 0.483600 71.322078 339.643761 703.752418
 1.549200 0.483600 75.464396 383.337984 717.020187
 1.560000 0.483600 81.258115 389.553730 813.975790

 0.480000 0.488800 69.327898 -450.390060 448.114782
 0.490800 0.488800 63.907728 -431.565772 416.032723
 0.501600 0.488800 59.133494 -402.127586 405.199940
 0.512400 0.488800 54.731026 -374.371440 400.317967
 0.523200 0.488800 50.710753 -346.765210 397.963449
 0.534000 0.488800 47.044741 -319.840580 401.182553
 0.544800 0.488800 43.710335 -292.732149 406.907989
 0.555600 0.488800 40.673299 -266.109508 411.134077
 0.566400 0.488800 37.942227 -238.254233 412.948624
 0.577200 0.488800 35.520154 -209.799457 412.453469
 0.588000 0.488800 33.405705 -181.733585 410.330090
 0.598800 0.488800 31.590759 -154.394393 407.021535
 0.609600 0.488800 30.070321 -127.034913 403.109589
 0.620400 0.488800 28.850462 -98.634805 399.740872
 0.631200 0.488800 27.944078 -69.074298 398.289978
 0.642000 0.488800 27.358966 -39.387102 399.531061
 0.652800 0.488800 27.087829 -11.212556 402.855369
 0.663600 0.488800 27.106125 14.045450 405.997104
 0.674400 0.488800 27.379646 36.147016 405.934561
 0.685200 0.488800 27.880097 56.338718 401.186252
 0.696000 0.488800 28.593922 75.595162 393.439861
 0.706800 0.488800 29.501078 91.161733 385.798700
 0.717600 0.488800 30.520522 94.280447 378.977919
 0.728400 0.488800 31.452837 73.091413 370.553891
 0.739200 0.488800 32.013313 27.477855 361.153432
 0.750000 0.488800 32.063979 -15.285242 357.209409
 0.760800 0.488800 31.792211 -30.468067 359.255580
 0.771600 0.488800 31.498365 -21.282248 362.070498
 0.782400 0.488800 31.383229 1.316743 363.750666
 0.793200 0.488800 31.551240 30.475805 366.542032
 0.804000 0.488800 32.052919 62.624500 373.223107
 0.814800 0.488800 32.905581 95.071133 384.606985
 0.825600 0.488800 34.101866 126.085908 399.016033
 0.836400 0.488800 35.624263 155.229033 413.811971
 0.847200 0.488800 37.455805 183.167614 426.883690
 0.858000 0.488800 39.586176 209.478211 438.162120
 0.868800 0.488800 42.006031 230.701491 450.049145
 0.879600 0.488800 44.628366 245.372121 456.545801
 0.890400 0.488800 47.354057 239.176874 466.274934
 0.901200 0.488800 49.791925 183.189880 483.723852
 0.912000 0.488800 51.218237 56.307205 504.147267
 0.922800 0.488800 51.308096 -32.333527 500.088064
 0.933600 0.488800 50.815406 -53.816965 484.379678
 0.944400 0.488800 50.229140 -55.023086 470.108678
 0.955200 0.488800 49.610978 -60.489645 456.145358
 0.966000 0.488800 48.916808 -67.257444 442.739753
 0.976800 0.488800 48.185989 -66.783936 435.691100
 0.987600 0.488800 47.485430 -63.297125 436.998062
 0.998400 0.488800 46.798076 -64.978723 441.776122
 1.009200 0.488800 46.075614 -68.045516 445.664554
 1.020000 0.488800 45.363521 -61.747979 450.204689
 1.030800 0.488800 44.782236 -44.582593 457.925082
 1.041600 0.488800 44.412721 -24.031255 467.679967
 1.052400 0.488800 44.246484 -7.933216 475.682853
 1.063200 0.488800 44.215265 1.169633 478.152568
 1.074000 0.488800 44.260311 7.108848 474.661164
 1.084800 0.488800 44.369137 12.888600 470.017287
 1.095600 0.488800 44.510882 10.892593 472.266284
 1.106400 0.488800 44.493794 -20.354204 489.936259
 1.117200 0.488800 43.895735 -95.064045 523.457643
 1.128000 0.488800 42.427649 -169.975140 549.706706
 1.138800 0.488800 40.387052 -199.559201 552.781719
 1.149600 0.488800 38.235150 -194.760605 542.969435
 1.160400 0.488800 36.232784 -174.221646 531.926662
 1.171200 0.488800 34.493742 -147.159895 525.005363
 1.182000 0.488800 33.060439 -118.184277 523.504707
 1.192800 0.488800 31.938710 -89.738634 526.731821
 1.203600 0.488800 31.116803 -62.701989 533.111724
 1.214400 0.488800 30.580292 -36.769658 540.832046
 1.225200 0.488800 30.321370 -11.190028 548.302623
 1.236000 0.488800 30.338156 14.227203 554.397901
 1.246800 0.488800 30.624777 38.525727 558.478027
 1.257600 0.488800 31.160062 59.961418 560.350276
 1.268400 0.488800 31.904217 76.956629 560.339277
 1.279200 0.488800 32.804619 88.774705 559.408200
 1.290000 0.488800 33.805540 95.545973 559.027846
 1.300800 0.488800 34.858622 98.550166 560.002034
 1.311600 0.488800 35.936272 100.301368 560.445037
 1.322400 0.488800 37.039370 103.285349 556.116495
 1.333200 0.488800 38.188743 108.934836 544.477643
 1.344000 0.488800 39.413994 117.199670 528.704523
 1.354800 0.488800 40.739668 127.128234 516.807514
 1.365600 0.488800 42.175087 136.958301 515.685142
 1.376400 0.488800 43.709469 145.410420 525.536234
 1.387200 0.488800 45.331380 152.915675 541.345842
 1.398000 0.488800 47.044329 162.003618 556.394255
 1.408800 0.488800 48.867781 172.951310 567.677334
 1.419600 0.488800 50.809125 180.115920 577.013976
 1.430400 0.488800 52.790460 180.646512 582.075379
 1.441200 0.488800 54.738009 173.020660 587.214773
 1.452000 0.488800 56.592537 164.707139 596.245010
 1.462800 0.488800 58.381216 159.965330 618.210331
 1.473600 0.488800 60.149212 163.572211 653.351937
 1.484400 0.488800 61.991871 175.309760 686.856855
 1.495200 0.488800 64.008773 195.345642 706.795557
 1.506000 0.488800 66.298067 224.857770 711.065031
 1.516800 0.488800 68.964566 263.065235 710.767191
 1.527600 0.488800 72.088035 307.946490 703.344084
 1.538400 0.488800 75.825868 349.648841 702.089909
 1.549200 0.488800 80.070545 395.798089 706.306294
 1.560000 0.488800 86.920370 370.287082 866.303096

 0.480000 0.494000 71.864403 -450.559788 501.858791
 0.490800 0.494000 66.217085 -440.275078 451.448270
 0.501600 0.494000 61.375055 -409.121232 437.627004
 0.512400 0.494000 56.943254 -377.009026 431.742205
 0.523200 0.494000 52.909939 -346.022276 429.376678
 0.534000 0.494000 49.268456 -316.622090 435.425335
 0.544800 0.494000 45.975419 -288.960726 445.523482
 0.555600 0.494000 42.970774 -263.754306 454.059696
 0.566400 0.494000 40.255523 -237.635876 458.886468
 0.577200 0.494000 37.832443 -210.544657 459.593486
 0.588000 0.494000 35.704525 -183.445292 457.077288
 0.598800 0.494000 33.867378 -156.722000 452.376605
 0.609600 0.494000 32.321024 -129.370760 446.895665
 0.620400 0.494000 31.079746 -100.120976 442.582286
 0.631200 0.494000 30.165213 -69.023842 441.262021
 0.642000 0.494000 29.589530 -37.759805 443.657244
 0.652800 0.494000 29.340718 -8.949886 448.554355
 0.663600 0.494000 29.378893 15.128310 452.495260
 0.674400 0.494000 29.649936 34.453032 451.190509
 0.685200 0.494000 30.117094 52.098404 443.201824
 0.696000 0.494000 30.780101 70.798612 431.956663
 0.706800 0.494000 31.640048 87.299213 422.114623
 0.717600 0.494000 32.620067 90.533316 414.362847
 0.728400 0.494000 33.505070 68.051946 405.465605
 0.739200 0.494000 34.013391 23.650650 396.256329
 0.750000 0.494000 34.042922 -15.305389 393.344516
 0.760800 0.494000 33.780734 -29.189408 395.455368
 0.771600 0.494000 33.496350 -20.952786 396.196941
 0.782400 0.494000 33.382169 1.465979 394.536882
 0.793200 0.494000 33.559700 32.427823 394.736105
 0.804000 0.494000 34.098870 67.729852 401.319960
 0.814800 0.494000 35.023542 103.125801 416.074569
 0.825600 0.494000 36.316180 135.553030 437.186935
 0.836400 0.494000 37.940298 164.168714 460.448012
 0.847200 0.494000 39.861194 190.716253 481.232883
 0.858000 0.494000 42.065834 215.675706 498.195826
 0.868800 0.494000 44.564422 234.312167 516.000292
 0.879600 0.494000 47.226965 249.803012 523.510148
 0.890400 0.494000 50.013982 245.457115 533.188764
 0.901200 0.494000 52.557673 194.829585 546.099142
 0.912000 0.494000 54.102252 59.780042 557.274237
 0.922800 0.494000 54.150398 -41.542326 544.671689
 0.933600 0.494000 53.547515 -63.800515 525.380403
 0.944400 0.494000 52.859153 -64.356021 507.983300
 0.955200 0.494000 52.135326 -70.602446 487.883879
 0.966000 0.494000 51.341114 -74.834478 467.582610
 0.976800 0.494000 50.560764 -68.125221 457.384151
 0.987600 0.494000 49.877084 -59.350526 461.932086
 0.998400 0.494000 49.243966 -59.502479 477.212054
 1.009200 0.494000 48.577937 -63.094350 495.840624
 1.020000 0.494000 47.920151 -56.426952 513.951599
 1.030800 0.494000 47.401684 -38.335126 531.464038
 1.041600 0.494000 47.099683 -18.105569 547.244765
 1.052400 0.494000 46.985449 -4.626688 557.483908
 1.063200 0.494000 46.967697 0.295826 558.072977
 1.074000 0.494000 46.985616 3.478396 549.604791
 1.084800 0.494000 47.058573 10.640452 538.903925
 1.095600 0.494000 47.205428 14.855405 534.228851
 1.106400 0.494000 47.284872 -6.098062 542.222961
 1.117200 0.494000 46.881106 -75.931008 565.323718
 1.128000 0.494000 45.565303 -162.901196 586.227530
 1.138800 0.494000 43.528387 -204.417357 585.138177
 1.149600 0.494000 41.301854 -202.484353 570.655754
 1.160400 0.494000 39.224745 -179.878910 556.748539
 1.171200 0.494000 37.443435 -149.259901 549.770464
 1.182000 0.494000 36.006535 -116.854807 550.914950
 1.192800 0.494000 34.913881 -85.872078 558.887413
 1.203600 0.494000 34.141971 -57.521351 571.164581
 1.214400 0.494000 33.663119 -31.443789 584.778697
 1.225200 0.494000 33.458641 -6.533887 596.999692
 1.236000 0.494000 33.520023 17.781091 605.736040
 1.246800 0.494000 33.838060 40.766511 609.710560
 1.257600 0.494000 34.390106 60.833604 608.807822
 1.268400 0.494000 35.137333 76.716055 604.517751
 1.279200 0.494000 36.032702 88.225866 599.642598
 1.290000 0.494000 37.031056 95.738260 597.043391
 1.300800 0.494000 38.091076 99.434687 597.604698
 1.311600 0.494000 39.172211 99.526931 598.233438
 1.322400 0.494000 40.242852 97.738232 593.060260
 1.333200 0.494000 41.305123 98.777912 579.307248
 1.344000 0.494000 42.415144 107.105878 561.706690
 1.354800 0.494000 43.656306 122.483126 549.304666
 1.365600 0.494000 45.083702 140.128067 548.663476
 1.376400 0.494000 46.688048 154.925238 560.157134
 1.387200 0.494000 48.424303 164.093547 579.746813
 1.398000 0.494000 50.246898 170.772893 599.776263
 1.408800 0.494000 52.146844 178.275518 614.593588
 1.419600 0.494000 54.140161 181.464236 624.354861
 1.430400 0.494000 56.129435 180.905151 620.791041
 1.441200 0.494000 58.087050 174.756785 608.203128
 1.452000 0.494000 60.009752 176.721805 589.908843
 1.462800 0.494000 62.017649 188.912267 580.897803
 1.473600 0.494000 64.176047 203.631539 595.775755
 1.484400 0.494000 66.445426 209.904824 632.645133
 1.495200 0.494000 68.742724 209.404391 673.579489
 1.506000 0.494000 71.089176 221.205361 697.970465
 1.516800 0.494000 73.735632 249.749756 715.388432
 1.527600 0.494000 76.762148 303.744360 706.002245
 1.538400 0.494000 80.481882 361.457005 698.789459
 1.549200 0.494000 84.807044 428.070498 692.692194
 1.560000 0.494000 inf nan nan

 0.480000 0.499200 74.752004 -449.204820 576.701715
 0.490800 0.499200 68.758665 -452.168642 501.533043
 0.501600 0.499200 63.831312 -418.239986 485.026731
 0.512400 0.499200 59.362597 -380.420607 477.951773
 0.523200 0.499200 55.316474 -344.842558 475.882126
 0.534000 0.499200 51.714222 -311.718068 484.069990
 0.544800 0.499200 48.486687 -282.734162 497.750874
 0.555600 0.499200 45.540491 -259.160697 510.562264
 0.566400 0.499200 42.860735 -235.687337 518.769380
 0.577200 0.499200 40.445387 -210.994909 520.900145
 0.588000 0.499200 38.302735 -185.623171 517.894501
 0.598800 0.499200 36.436324 -159.802488 511.654350
 0.609600 0.499200 34.856642 -132.254405 504.705879
 0.620400 0.499200 33.590561 -101.662443 499.775964
 0.631200 0.499200 32.670068 -68.532938 498.820176
 0.642000 0.499200 32.110335 -35.420284 502.226954
 0.652800 0.499200 31.891067 -6.161591 508.192963
 0.663600 0.499200 31.950802 15.888465 512.361967
 0.674400 0.499200 32.209524 31.290296 509.637204
 0.685200 0.499200 32.624273 45.980257 499.165482
 0.696000 0.499200 33.218860 64.736013 486.086071
 0.706800 0.499200 34.022521 82.981173 475.757101
 0.717600 0.499200 34.960617 86.699487 468.390423
 0.728400 0.499200 35.798032 63.075408 460.369321
 0.739200 0.499200 36.256790 20.253110 452.470852
 0.750000 0.499200 36.269173 -15.174356 450.211591
 0.760800 0.499200 36.013403 -28.700955 451.093355
 0.771600 0.499200 35.725334 -22.175852 449.064012
 0.782400 0.499200 35.594583 0.062941 444.323548
 0.793200 0.499200 35.768156 33.531962 442.160534
 0.804000 0.499200 36.341710 73.187332 447.566045
 0.814800 0.499200 37.350716 113.170657 463.019818
 0.825600 0.499200 38.770669 148.709893 487.823093
 0.836400 0.499200 40.542294 177.627189 517.907859
 0.847200 0.499200 42.599747 202.308424 546.453121
 0.858000 0.499200 44.915905 224.714535 569.522174
 0.868800 0.499200 47.531900 238.299248 594.219235
 0.879600 0.499200 50.237784 254.375322 602.063502
 0.890400 0.499200 53.082556 250.447844 612.430448
 0.901200 0.499200 55.706441 203.025468 623.982368
 0.912000 0.499200 57.329574 59.670482 627.859062
 0.922800 0.499200 57.306949 -52.214184 606.293003
 0.933600 0.499200 56.582876 -74.727227 582.524430
 0.944400 0.499200 55.772876 -76.533489 559.529427
 0.955200 0.499200 54.903666 -84.834163 531.248467
 0.966000 0.499200 53.970213 -85.211160 504.922194
 0.976800 0.499200 53.122757 -69.839422 493.137718
 0.987600 0.499200 52.468045 -52.649070 500.420440
 0.998400 0.499200 51.937381 -48.036125 524.535746
 1.009200 0.499200 51.400036 -51.279723 557.013975
 1.020000 0.499200 50.863899 -45.695254 588.068297
 1.030800 0.499200 50.457153 -28.383412 614.386037
 1.041600 0.499200 50.254757 -9.946429 635.475984
 1.052400 0.499200 50.207341 -0.898350 647.900275
 1.063200 0.499200 50.196584 -2.126449 646.897785
 1.074000 0.499200 50.164289 -2.656490 634.100922
 1.084800 0.499200 50.173596 5.778919 618.816800
 1.095600 0.499200 50.294522 15.508742 609.662097
 1.106400 0.499200 50.427163 3.631343 610.649278
 1.117200 0.499200 50.175133 -59.451083 621.079169
 1.128000 0.499200 48.994611 -157.314742 627.380426
 1.138800 0.499200 46.934149 -212.671453 616.483413
 1.149600 0.499200 44.597453 -212.972596 598.647411
 1.160400 0.499200 42.426220 -186.340187 585.624814
 1.171200 0.499200 40.604121 -150.347585 581.415789
 1.182000 0.499200 39.182578 -113.090726 586.326808
 1.192800 0.499200 38.151189 -78.553547 598.995775
 1.203600 0.499200 37.469720 -48.409797 616.685472
 1.214400 0.499200 37.090302 -22.452709 635.662544
 1.225200 0.499200 36.974458 0.638154 652.254922
 1.236000 0.499200 37.097646 21.898580 663.814121
 1.246800 0.499200 37.440938 41.324093 668.935794
 1.257600 0.499200 37.981946 58.437848 667.653808
 1.268400 0.499200 38.694921 73.073677 661.927053
 1.279200 0.499200 39.554114 85.430550 655.158714
 1.290000 0.499200 40.533355 95.065716 650.756759
 1.300800 0.499200 41.595238 100.102683 650.039163
 1.311600 0.499200 42.676397 98.254351 649.865256
 1.322400 0.499200 43.704921 91.018808 643.290226
 1.333200 0.499200 44.666806 87.544054 627.266743
 1.344000 0.499200 45.654663 96.789568 608.050183
 1.354800 0.499200 46.811613 117.949029 595.415561
 1.365600 0.499200 48.231699 143.337791 595.360274
 1.376400 0.499200 49.909836 165.326267 608.502284
 1.387200 0.499200 51.780554 177.941131 631.627188
 1.398000 0.499200 53.750210 183.481093 656.425403
 1.408800 0.499200 55.767163 187.103980 673.557969
 1.419600 0.499200 57.845105 182.760688 680.089629
 1.430400 0.499200 59.816652 176.228096 661.538593
 1.441200 0.499200 61.688916 162.952944 628.161212
 1.452000 0.499200 63.487996 167.283752 592.439852
 1.462800 0.499200 65.447799 192.674228 570.712323
 1.473600 0.499200 67.739920 225.474513 572.413427
 1.484400 0.499200 70.335440 246.801098 603.777459
 1.495200 0.499200 73.031597 242.683233 663.327704
 1.506000 0.499200 75.624379 234.743385 724.655868
 1.516800 0.499200 78.438948 235.389452 781.422775
 1.527600 0.499200 81.316958 294.158560 780.483192
 1.538400 0.499200 84.924631 354.956012 778.402681
 1.549200 0.499200 89.133563 424.475960 778.483276
 1.560000 0.499200 inf nan nan

 0.480000 0.504400 78.131767 -447.950334 665.922278
 0.490800 0.504400 71.632443 -467.275774 565.169162
 0.501600 0.504400 66.603257 -428.833675 548.283057
 0.512400 0.504400 62.090528 -384.373814 540.856786
 0.523200 0.504400 58.032648 -343.487273 539.656907
 0.534000 0.504400 54.478460 -305.751164 548.710026
 0.544800 0.504400 51.333849 -274.518643 564.179858
 0.555600 0.504400 48.469326 -252.410468 580.292645
 0.566400 0.504400 45.844641 -232.394428 591.876139
 0.577200 0.504400 43.445163 -211.293321 595.827221
 0.588000 0.504400 41.284105 -188.540582 592.813514
 0.598800 0.504400 39.378538 -163.857147 585.719453
 0.609600 0.504400 37.756524 -135.760004 578.241640
 0.620400 0.504400 36.461953 -103.264307 573.574599
 0.631200 0.504400 35.537413 -67.663267 573.386718
 0.642000 0.504400 34.999001 -32.511009 577.532764
 0.652800 0.504400 34.814994 -2.955541 583.729935
 0.663600 0.504400 34.897803 16.433771 587.131083
 0.674400 0.504400 35.137563 27.174230 582.540331
 0.685200 0.504400 35.488859 38.928391 570.369209
 0.696000 0.504400 36.008010 58.322526 557.128125
 0.706800 0.504400 36.753910 78.677330 547.822318
 0.717600 0.504400 37.650977 83.014186 541.857116
 0.728400 0.504400 38.443823 58.561864 535.691208
 0.739200 0.504400 38.859481 17.476628 529.994063
 0.750000 0.504400 38.858452 -15.091288 528.462958
 0.760800 0.504400 38.604190 -29.036052 527.738046
 0.771600 0.504400 38.301308 -24.537023 523.095243
 0.782400 0.504400 38.142175 -2.341537 516.162602
 0.793200 0.504400 38.302248 33.860848 512.239400
 0.804000 0.504400 38.903150 78.161079 515.509714
 0.814800 0.504400 39.995162 123.599491 528.411182
 0.825600 0.504400 41.555477 164.030247 551.833489
 0.836400 0.504400 43.509120 195.178579 583.986816
 0.847200 0.504400 45.752236 218.629009 618.192932
 0.858000 0.504400 48.227102 237.640533 647.450886
 0.868800 0.504400 51.019793 242.869708 680.565634
 0.879600 0.504400 53.776666 259.811039 687.538970
 0.890400 0.504400 56.686756 255.769646 697.509646
 0.901200 0.504400 59.386878 208.930298 707.862132
 0.912000 0.504400 61.038290 52.268465 707.797957
 0.922800 0.504400 60.870576 -67.726557 683.972001
 0.933600 0.504400 59.990618 -87.803878 659.541696
 0.944400 0.504400 59.033995 -91.348336 631.440924
 0.955200 0.504400 57.991465 -101.198787 596.461820
 0.966000 0.504400 56.906139 -95.831765 567.426803
 0.976800 0.504400 55.995163 -70.772554 555.235171
 0.987600 0.504400 55.384091 -43.766373 561.950012
 0.998400 0.504400 54.994233 -31.515051 587.583040
 1.009200 0.504400 54.652431 -32.613719 626.445180
 1.020000 0.504400 54.308400 -29.103826 665.876022
 1.030800 0.504400 54.067180 -14.276449 698.557898
 1.041600 0.504400 54.001918 1.031614 723.597123
 1.052400 0.504400 54.043261 3.936494 737.424010
 1.063200 0.504400 54.039294 -5.660232 734.181489
 1.074000 0.504400 53.937217 -11.020471 717.186359
 1.084800 0.504400 53.858975 -1.179876 698.856806
 1.095600 0.504400 53.931031 13.793583 687.650858
 1.106400 0.504400 54.078948 8.206425 685.383274
 1.117200 0.504400 53.896017 -52.829940 688.477578
 1.128000 0.504400 52.741683 -160.829599 682.384105
 1.138800 0.504400 50.587100 -224.828397 662.266163
 1.149600 0.504400 48.119711 -223.864697 643.928462
 1.160400 0.504400 45.857483 -192.084452 634.948640
 1.171200 0.504400 44.003967 -150.458456 635.443338
 1.182000 0.504400 42.609977 -107.988382 644.538736
 1.192800 0.504400 41.657974 -69.164352 661.116756
 1.203600 0.504400 41.094033 -36.371380 682.930888
 1.214400 0.504400 40.848917 -10.021014 706.080870
 1.225200 0.504400 40.859043 11.190176 725.892046
 1.236000 0.504400 41.078014 28.864894 738.675900
 1.246800 0.504400 41.473035 43.899888 742.765761
 1.257600 0.504400 42.019771 57.136101 738.835709
 1.268400 0.504400 42.706118 69.759012 729.975050
 1.279200 0.504400 43.530548 82.611701 720.272411
 1.290000 0.504400 44.490972 94.544277 713.039306
 1.300800 0.504400 45.558414 101.245833 709.323921
 1.311600 0.504400 46.642057 96.622513 706.438481
 1.322400 0.504400 47.612698 81.701261 698.294365
 1.333200 0.504400 48.439352 72.920954 682.727074
 1.344000 0.504400 49.275652 84.584356 665.981061
 1.354800 0.504400 50.336919 113.083670 655.712975
 1.365600 0.504400 51.751510 147.112728 655.920515
 1.376400 0.504400 53.515684 177.527981 668.042615
 1.387200 0.504400 55.549601 195.382989 691.169910
 1.398000 0.504400 57.710048 200.287979 719.039640
 1.408800 0.504400 59.876280 197.103105 740.178000
 1.419600 0.504400 62.028252 176.556643 748.436240
 1.430400 0.504400 63.860468 157.201113 724.145108
 1.441200 0.504400 65.478650 136.556207 688.221320
 1.452000 0.504400 67.017810 147.757268 658.491124
 1.462800 0.504400 68.821427 185.835354 643.934558
 1.473600 0.504400 71.102764 232.343787 645.106019
 1.484400 0.504400 73.855572 270.461635 667.737778
 1.495200 0.504400 76.880198 280.087208 722.860198
 1.506000 0.504400 79.847933 264.862439 800.777970
 1.516800 0.504400 83.059856 230.304039 899.771800
 1.527600 0.504400 85.894165 291.063181 901.006197
 1.538400 0.504400 89.444432 354.922079 901.679364
 1.549200 0.504400 93.652974 424.437597 901.841242
 1.560000 0.504400 inf nan nan

 0.480000 0.509600 82.123520 -446.722891 764.777086
 0.490800 0.509600 74.915897 -484.005938 643.233383
 0.501600 0.509600 69.784199 -439.359300 627.905924
 0.512400 0.509600 65.228667 -388.120599 620.885268
 0.523200 0.509600 61.166528 -341.754946 620.280346
 0.534000 0.509600 57.667330 -299.004327 628.381058
 0.544800 0.509600 54.618796 -264.621621 643.041241
 0.555600 0.509600 51.857761 -243.444769 660.240343
 0.566400 0.509600 49.309808 -227.511728 674.150050
 0.577200 0.509600 46.936377 -211.325392 679.797558
 0.588000 0.509600 44.753830 -192.179094 677.115989
 0.598800 0.509600 42.799650 -168.807362 669.875667
 0.609600 0.509600 41.127553 -139.749765 662.757633
 0.620400 0.509600 39.802104 -104.839679 659.019128
 0.631200 0.509600 38.875871 -66.416008 659.738652
 0.642000 0.509600 38.363913 -29.062773 664.182848
 0.652800 0.509600 38.220590 0.639216 669.789502
 0.663600 0.509600 38.327282 16.643744 671.787642
 0.674400 0.509600 38.539628 21.928173 665.782958
 0.685200 0.509600 38.815487 30.974569 653.758438
 0.696000 0.509600 39.253678 51.776566 642.398397
 0.706800 0.509600 39.943125 74.680910 635.151074
 0.717600 0.509600 40.803844 79.904805 630.646342
 0.728400 0.509600 41.560817 55.122521 626.068753
 0.739200 0.509600 41.946500 15.879665 622.220647
 0.750000 0.509600 41.940316 -14.805014 621.084622
 0.760800 0.509600 41.683473 -30.265618 619.136728
 0.771600 0.509600 41.353524 -28.126553 613.318316
 0.782400 0.509600 41.153775 -5.760218 606.131550
 0.793200 0.509600 41.289892 33.195746 601.938025
 0.804000 0.509600 41.905886 81.836311 603.504055
 0.814800 0.509600 43.066065 132.700691 612.678849
 0.825600 0.509600 44.757104 179.148575 631.332040
 0.836400 0.509600 46.903270 215.046391 660.485466
 0.847200 0.509600 49.370591 239.581501 696.416942
 0.858000 0.509600 52.058264 255.668383 730.848381
 0.868800 0.509600 55.120422 248.760551 774.443746
 0.879600 0.509600 57.950528 268.364841 778.497787
 0.890400 0.509600 60.973821 266.117119 783.986897
 0.901200 0.509600 63.823079 221.356512 787.450264
 0.912000 0.509600 65.544337 39.181606 777.808168
 0.922800 0.509600 65.130460 -93.193712 757.466485
 0.933600 0.509600 63.999562 -109.079707 739.436946
 0.944400 0.509600 62.806085 -114.423709 713.045348
 0.955200 0.509600 61.515578 -122.477427 680.704201
 0.966000 0.509600 60.248541 -107.498687 657.047484
 0.976800 0.509600 59.270514 -71.645163 647.816350
 0.987600 0.509600 58.706628 -34.093550 652.702182
 0.998400 0.509600 58.479129 -11.349432 673.434267
 1.009200 0.509600 58.395774 -5.979847 708.793885
 1.020000 0.509600 58.347467 -1.580253 747.576721
 1.030800 0.509600 58.400838 12.696914 779.096164
 1.041600 0.509600 58.613739 24.394267 801.534268
 1.052400 0.509600 58.837754 11.924873 813.205606
 1.063200 0.509600 58.792989 -20.524306 809.841537
 1.074000 0.509600 58.468058 -34.037354 796.963941
 1.084800 0.509600 58.171246 -17.265392 785.414664
 1.095600 0.509600 58.125767 8.132233 779.124892
 1.106400 0.509600 58.263620 11.637256 776.997343
 1.117200 0.509600 58.136160 -48.639879 771.882818
 1.128000 0.509600 56.952544 -171.821469 750.020326
 1.138800 0.509600 54.631766 -241.654135 722.945763
 1.149600 0.509600 52.010824 -234.786853 708.404213
 1.160400 0.509600 49.669681 -195.936096 704.638088
 1.171200 0.509600 47.809608 -147.910096 707.958997
 1.182000 0.509600 46.476627 -99.244101 717.024033
 1.192800 0.509600 45.652114 -54.367363 731.489398
 1.203600 0.509600 45.276557 -16.596965 750.616439
 1.214400 0.509600 45.259638 11.798888 772.050527
 1.225200 0.509600 45.495480 30.266946 791.549041
 1.236000 0.509600 45.881268 39.860071 804.650341
 1.246800 0.509600 46.334643 43.512868 809.293308
 1.257600 0.509600 46.820965 47.101160 807.035963
 1.268400 0.509600 47.374447 56.174759 801.571492
 1.279200 0.509600 48.062851 71.640798 795.557807
 1.290000 0.509600 48.933255 88.982985 790.124863
 1.300800 0.509600 49.964367 99.517630 785.406124
 1.311600 0.509600 51.022277 92.378032 780.238050
 1.322400 0.509600 51.902442 69.282947 771.933914
 1.333200 0.509600 52.565975 56.748825 760.117929
 1.344000 0.509600 53.246168 73.014622 748.876880
 1.354800 0.509600 54.224136 109.658907 742.012053
 1.365600 0.509600 55.651663 153.174603 741.320349
 1.376400 0.509600 57.539007 194.735211 748.077444
 1.387200 0.509600 59.818886 223.532655 763.242893
 1.398000 0.509600 62.314510 231.713186 785.585520
 1.408800 0.509600 64.764425 214.934783 808.013906
 1.419600 0.509600 67.012829 155.253860 822.598241
 1.430400 0.509600 68.499047 118.602552 802.285693
 1.441200 0.509600 69.709356 102.840475 775.893386
 1.452000 0.509600 70.970956 131.244981 756.921783
 1.462800 0.509600 72.664592 183.603420 746.351755
 1.473600 0.509600 74.984234 244.955758 740.687613
 1.484400 0.509600 77.996102 310.712672 737.690628
 1.495200 0.509600 81.737479 378.243804 735.568492
 1.506000 0.509600 86.207779 447.147674 734.530250
 1.516800 0.509600 inf nan nan
 1.527600 0.509600 inf nan nan
 1.538400 0.509600 inf nan nan
 1.549200 0.509600 inf nan nan
 1.560000 0.509600 inf nan nan

 0.480000 0.514800 86.860604 -439.928349 873.715087
 0.490800 0.514800 78.712019 -499.899922 732.780212
 0.501600 0.514800 73.497549 -448.810709 719.248254
 0.512400 0.514800 68.906555 -391.385981 713.062830
 0.523200 0.514800 64.842779 -340.033440 713.332359
 0.534000 0.514800 61.399852 -292.118584 719.730488
 0.544800 0.514800 58.453463 -253.652870 732.056986
 0.555600 0.514800 55.814582 -232.306477 748.354590
 0.566400 0.514800 53.367770 -220.579994 763.188152
 0.577200 0.514800 51.036575 -210.513118 769.844595
 0.588000 0.514800 48.835689 -195.947941 767.129258
 0.598800 0.514800 46.830069 -174.020724 759.575322
 0.609600 0.514800 45.106716 -143.663456 752.737208
 0.620400 0.514800 43.753088 -106.017104 749.749921
 0.631200 0.514800 42.830374 -64.635206 751.088013
 0.642000 0.514800 42.350329 -25.190685 755.593131
 0.652800 0.514800 42.249560 4.035323 760.694136
 0.663600 0.514800 42.371166 15.311897 762.075747
 0.674400 0.514800 42.533573 14.322313 756.433781
 0.685200 0.514800 42.712441 21.612985 746.728288
 0.696000 0.514800 43.061590 45.032996 738.552681
 0.706800 0.514800 43.695390 70.916465 733.569349
 0.717600 0.514800 44.522703 77.103114 730.230632
 0.728400 0.514800 45.248044 52.188352 727.050062
 0.739200 0.514800 45.609237 14.686629 725.322716
 0.750000 0.514800 45.598507 -14.892804 725.426268
 0.760800 0.514800 45.330955 -32.535845 723.535118
 0.771600 0.514800 44.962746 -32.591430 717.833158
 0.782400 0.514800 44.716358 -9.418145 711.196770
 0.793200 0.514800 44.828228 32.636869 706.798994
 0.804000 0.514800 45.460670 85.635353 706.017083
 0.814800 0.514800 46.691136 142.180968 709.789704
 0.825600 0.514800 48.523342 196.126162 719.886598
 0.836400 0.514800 50.900074 240.456842 739.143777
 0.847200 0.514800 53.677080 270.642395 769.004922
 0.858000 0.514800 56.697205 284.894647 805.266554
 0.868800 0.514800 60.258475 251.638380 866.275803
 0.879600 0.514800 63.124768 273.647228 869.288837
 0.890400 0.514800 66.216548 272.506438 872.293533
 0.901200 0.514800 69.159283 225.377961 872.350218
 0.912000 0.514800 70.830645 15.388286 859.677970
 0.922800 0.514800 70.113019 -119.044403 844.481502
 0.933600 0.514800 68.709014 -135.194517 829.136550
 0.944400 0.514800 67.202374 -145.401967 804.637018
 0.955200 0.514800 65.599620 -147.211758 779.299109
 0.966000 0.514800 64.132607 -119.845269 764.244602
 0.976800 0.514800 63.078919 -73.678634 759.774527
 0.987600 0.514800 62.546841 -25.762001 764.097368
 0.998400 0.514800 62.482481 11.268145 778.274620
 1.009200 0.514800 62.731129 32.460417 802.941852
 1.020000 0.514800 63.159067 46.992630 832.281442
 1.030800 0.514800 63.770945 67.484269 856.906775
 1.041600 0.514800 64.606008 83.641527 872.047938
 1.052400 0.514800 65.395876 49.622464 873.632977
 1.063200 0.514800 65.451972 -39.577723 859.981065
 1.074000 0.514800 64.768946 -72.850647 848.344747
 1.084800 0.514800 64.098559 -46.242684 846.267229
 1.095600 0.514800 63.796544 -11.253956 850.893665
 1.106400 0.514800 63.739997 -5.881233 859.077564
 1.117200 0.514800 63.380397 -75.904050 856.820836
 1.128000 0.514800 61.848266 -206.568342 827.216163
 1.138800 0.514800 59.210317 -263.853573 800.641602
 1.149600 0.514800 56.427669 -243.473785 791.632059
 1.160400 0.514800 54.044489 -195.655663 790.588732
 1.171200 0.514800 52.225667 -140.702777 792.812202
 1.182000 0.514800 51.006882 -85.226017 797.579486
 1.192800 0.514800 50.373708 -32.825454 805.546727
 1.203600 0.514800 50.273393 12.754617 817.732799
 1.214400 0.514800 50.608116 46.901553 834.475516
 1.225200 0.514800 51.226764 64.488612 853.791683
 1.236000 0.514800 51.927459 61.914097 870.504962
 1.246800 0.514800 52.509325 44.726367 879.110866
 1.257600 0.514800 52.909697 31.725874 879.405857
 1.268400 0.514800 53.260502 35.158797 876.135322
 1.279200 0.514800 53.728487 52.159103 872.622617
 1.290000 0.514800 54.412596 74.664097 869.789229
 1.300800 0.514800 55.328220 92.817900 865.981808
 1.311600 0.514800 56.348164 90.770924 857.805290
 1.322400 0.514800 57.182594 60.574055 844.026527
 1.333200 0.514800 57.689822 37.856284 831.237587
 1.344000 0.514800 58.161666 55.195626 825.062918
 1.354800 0.514800 58.986155 99.889449 823.934927
 1.365600 0.514800 60.362360 153.667534 825.754069
 1.376400 0.514800 62.322452 208.375655 830.613156
 1.387200 0.514800 64.844146 255.739446 838.900834
 1.398000 0.514800 67.819220 289.648008 850.844788
 1.408800 0.514800 70.988712 285.664813 864.134855
 1.419600 0.514800 73.920550 112.489664 880.627624
 1.430400 0.514800 74.561915 24.122711 871.871429
 1.441200 0.514800 74.876534 37.543248 868.862772
 1.452000 0.514800 75.624752 99.187874 868.559210
 1.462800 0.514800 77.071777 168.779834 868.559210
 1.473600 0.514800 79.270396 238.371794 868.559210
 1.484400 0.514800 82.220608 307.963754 868.559210
 1.495200 0.514800 85.922413 377.555714 868.559210
 1.506000 0.514800 90.375811 447.147674 868.559210
 1.516800 0.514800 inf nan nan
 1.527600 0.514800 inf nan nan
 1.538400 0.514800 inf nan nan
 1.549200 0.514800 inf nan nan
 1.560000 0.514800 inf nan nan

 0.480000 0.520000 inf nan nan
 0.490800 0.520000 83.551036 -537.829864 804.122210
 0.501600 0.520000 78.118270 -468.237904 804.122210
 0.512400 0.520000 73.418074 -399.553596 805.032137
 0.523200 0.520000 69.324419 -339.850033 808.606625
 0.534000 0.520000 65.951943 -282.545984 812.897692
 0.544800 0.520000 63.172608 -233.712250 819.788294
 0.555600 0.520000 60.783234 -206.690932 829.816054
 0.566400 0.520000 58.590331 -201.534873 840.764203
 0.577200 0.520000 56.371613 -209.779368 847.033958
 0.588000 0.520000 54.087163 -210.438507 846.489302
 0.598800 0.520000 51.898041 -191.556133 843.098738
 0.609600 0.520000 50.008998 -156.013300 840.977194
 0.620400 0.520000 48.561472 -111.034891 841.478420
 0.631200 0.520000 47.621394 -63.058979 844.293259
 0.642000 0.520000 47.186156 -18.902678 848.322524
 0.652800 0.520000 47.161368 10.768201 851.542422
 0.663600 0.520000 47.323050 14.632995 850.949172
 0.674400 0.520000 47.418334 3.197116 845.629557
 0.685200 0.520000 47.456219 8.310206 839.518503
 0.696000 0.520000 47.682632 36.017021 835.596378
 0.706800 0.520000 48.241886 65.638744 833.387334
 0.717600 0.520000 49.014486 71.565109 832.026715
 0.728400 0.520000 49.667264 44.605175 832.288788
 0.739200 0.520000 49.954530 9.525216 835.357167
 0.750000 0.520000 49.911077 -16.038470 838.299666
 0.760800 0.520000 49.637562 -33.064783 836.234434
 0.771600 0.520000 49.257382 -34.248406 829.069389
 0.782400 0.520000 48.992783 -10.777692 821.272579
 0.793200 0.520000 49.100025 33.435121 815.731445
 0.804000 0.520000 49.760489 90.373670 812.533989
 0.814800 0.520000 51.075146 153.657584 810.940798
 0.825600 0.520000 53.090481 219.802050 810.433620
 0.836400 0.520000 55.832573 286.052440 810.800669
 0.847200 0.520000 59.282886 352.400108 812.560906
 0.858000 0.520000 63.443439 415.910761 816.215001
 0.868800 0.520000 73.601547 324.324308 932.661138
 0.879600 0.520000 77.480046 393.916268 932.661138
 0.890400 0.520000 82.110138 463.508228 932.661138
 0.901200 0.520000 inf nan nan
 0.912000 0.520000 85.814395 -489.051055 875.363758
 0.922800 0.520000 80.908440 -419.459095 875.363758
 0.933600 0.520000 76.754079 -349.867135 875.363758
 0.944400 0.520000 73.351310 -280.275175 875.363758
 0.955200 0.520000 70.700135 -210.683215 875.363758
 0.966000 0.520000 68.800553 -141.091255 875.363758
 0.976800 0.520000 67.652564 -71.499295 875.363758
 0.987600 0.520000 67.256168 -1.907335 875.363758
 0.998400 0.520000 67.611365 67.684625 875.363758
 1.009200 0.520000 68.718156 137.276585 875.363758
 1.020000 0.520000 70.576540 206.868545 875.363758
 1.030800 0.520000 73.186516 276.460505 875.363758
 1.041600 0.520000 76.548087 346.052465 875.363758
 1.052400 0.520000 80.661250 415.644425 875.363758
 1.063200 0.520000 85.526006 485.236385 875.363758
 1.074000 0.520000 inf nan nan
 1.084800 0.520000 inf nan nan
 1.095600 0.520000 83.848088 -517.725520 884.359163
 1.106400 0.520000 77.700027 -480.193983 882.387538
 1.117200 0.520000 72.763080 -424.441088 883.040503
 1.128000 0.520000 68.485686 -367.776227 883.118657
 1.138800 0.520000 64.818987 -311.148537 883.501532
 1.149600 0.520000 61.768731 -253.466462 884.263192
 1.160400 0.520000 59.350341 -194.072662 885.432068
 1.171200 0.520000 57.583427 -132.839967 886.998983
 1.182000 0.520000 56.486743 -70.016329 888.934408
 1.192800 0.520000 56.075269 -6.018768 891.200945
 1.203600 0.520000 56.359288 58.684464 893.756570
 1.214400 0.520000 57.342314 123.157038 896.553855
 1.225200 0.520000 59.003738 182.681743 899.522573
 1.236000 0.520000 61.178235 208.848470 902.330734
 1.246800 0.520000 63.065858 115.206308 903.171646
 1.257600 0.520000 63.543866 -6.507345 901.318861
 1.268400 0.520000 63.467910 -0.612092 900.493662
 1.279200 0.520000 63.794401 59.872717 900.119269
 1.290000 0.520000 64.770256 117.298756 900.894582
 1.300800 0.520000 66.140650 119.740083 905.173976
 1.311600 0.520000 66.873786 1.063556 917.172002
 1.322400 0.520000 66.364115 -71.394654 926.224614
 1.333200 0.520000 65.726888 -36.952658 928.464661
 1.344000 0.520000 65.663221 26.867955 928.832459
 1.354800 0.520000 66.323931 95.431197 928.898017
 1.365600 0.520000 67.730385 165.023157 928.898017
 1.376400 0.520000 69.888431 234.615117 928.898017
 1.387200 0.520000 72.798071 304.207077 928.898017
 1.398000 0.520000 76.459304 373.799037 928.898017
 1.408800 0.520000 80.872130 443.390997 928.898017
 1.419600 0.520000 inf nan nan
 1.430400 0.520000 inf nan nan
 1.441200 0.520000 inf nan nan
 1.452000 0.520000 inf nan nan
 1.462800 0.520000 inf nan nan
 1.473600 0.520000 inf nan nan
 1.484400 0.520000 inf nan nan
 1.495200 0.520000 inf nan nan
 1.506000 0.520000 inf nan nan
 1.516800 0.520000 inf nan nan
 1.527600 0.520000 inf nan nan
 1.538400 0.520000 inf nan nan
 1.549200 0.520000 inf nan nan
 1.560000 0.520000 inf nan nan
