# FES kcal/mol; rows d_tm36 0.48..1.56 nm, cols rmsd_npxxy 0.0..0.52 nm, 109x109
1.068502568836192879e+01 9.927969575017787207e+00 9.235970447988503196e+00 8.607918900567817388e+00 8.050140108779769932e+00 7.572430469568014466e+00 7.182443126036170078e+00 6.881423252093048504e+00 6.661729851683650061e+00 6.506073222887647667e+00 6.390456965059625460e+00 6.293192727634794537e+00 6.205204272959145229e+00 6.130517261163929810e+00 6.076697678628546484e+00 6.046382739449066790e+00 6.035087330211991841e+00 6.033116244023456254e+00 6.029632829442525654e+00 6.017805030557480173e+00 5.997868857368099604e+00 5.975275309613566677e+00 5.956361301832949096e+00 5.946231423318672604e+00 5.949644525142562479e+00 5.972048868697580559e+00 6.018653261260796583e+00 6.092511545645015403e+00 6.193797014218217711e+00 6.320984015191306149e+00 6.472937662164250483e+00 6.650406105694602665e+00 6.855839586462597168e+00 7.091388836855214706e+00 7.356248384971053156e+00 7.645403800220458734e+00 7.951081386215370195e+00 8.265726236560363205e+00 8.583236455074782612e+00 8.896288944803478316e+00 9.191550211842374196e+00 9.448492284113347850e+00 9.647743778996611397e+00 9.784563045153872096e+00 9.872284010959909040e+00 9.933645535880248900e+00 9.990768909654230256e+00 1.005763293617581766e+01 1.013682567805284229e+01 1.022398259472702975e+01 1.031657028862584724e+01 1.041672584321013240e+01 1.052599018425001631e+01 1.064207017456068449e+01 1.076317608233499712e+01 1.089352667371221450e+01 1.104270912083355682e+01 1.122016082170045692e+01 nan nan nan nan nan nan nan nan nan nan nan nan nan nan nan nan nan nan nan nan nan nan nan nan nan nan nan nan nan nan nan nan nan nan nan nan nan nan nan nan nan nan nan nan nan nan nan nan nan nan nan
9.846205914490312239e+00 9.119131327855789948e+00 8.468512532967892525e+00 7.888189203582372855e+00 7.376125307730052150e+00 6.934066680083303069e+00 6.564574447906101895e+00 6.267089885789311587e+00 6.035098761007589907e+00 5.855848383310549465e+00 5.713599499394175218e+00 5.595634327256322038e+00 5.496693327206974011e+00 5.417580616175005304e+00 5.359708201155219065e+00 5.320739666511815180e+00 5.293641331511305559e+00 5.268621261610740625e+00 5.237130760709954203e+00 5.196225480490925364e+00 5.149812119648352393e+00 5.105412305607841539e+00 5.069998456121728836e+00 5.048685048341676307e+00 5.045928126710697015e+00 5.066450263309477897e+00 5.114433861034896722e+00 5.192081065462789802e+00 5.299250535893129666e+00 5.434454746513395662e+00 5.596152253110936670e+00 5.783305909845705806e+00 5.995104810776835436e+00 6.230348612293477473e+00 6.487006135863652823e+00 6.762320289083913138e+00 7.053404924266303055e+00 7.357569517042435336e+00 7.671510696507544580e+00 7.989308800634615793e+00 8.300101976941320459e+00 8.587377892973353966e+00 8.832806962055796518e+00 9.024934253633793091e+00 9.166089463734786946e+00 9.270650083267087282e+00 9.356876573759027593e+00 9.438570295522614728e+00 9.521335014383558004e+00 9.605775352960888469e+00 9.693723485042818666e+00 9.789583303538456960e+00 9.896259513032928723e+00 1.001321249203100905e+01 1.013979390285963866e+01 1.027897733876995012e+01 1.043688202214878658e+01 1.061934158288518049e+01 1.082911320783009756e+01 1.106564928040019069e+01 1.132716806302793344e+01 nan nan nan nan nan nan nan nan nan nan nan nan nan nan nan nan nan nan nan nan nan nan nan nan nan nan nan nan nan nan nan nan nan nan nan nan nan nan nan nan nan nan nan nan nan nan nan nan
9.031058701305589409e+00 8.324452155220766869e+00 7.701962100091128249e+00 7.156232070510841758e+00 6.681240140209613543e+00 6.272833884686566996e+00 5.927998610369274779e+00 5.643033096593353726e+00 5.411821831430494889e+00 5.225599226053940782e+00 5.074763054924440908e+00 4.951668190868684150e+00 4.852060780358756098e+00 4.773736784238623798e+00 4.713616561977415742e+00 4.665670631481525277e+00 4.621146973688547099e+00 4.571183590492771565e+00 4.510809668234793790e+00 4.441778314089926738e+00 4.371453690369834000e+00 4.308567554907391184e+00 4.259860800798634273e+00 4.229852043741881396e+00 4.222358785578708584e+00 4.241269679948196369e+00 4.289753004579329954e+00 4.369116761080960032e+00 4.478694581305970424e+00 4.616776196165035095e+00 4.781532885832303847e+00 4.971161342616930767e+00 5.183550961937573476e+00 5.416278251911386121e+00 5.667166980531846754e+00 5.934878323645769171e+00 6.218856412165647995e+00 6.518440831657945189e+00 6.831535389914313861e+00 7.153384558532771109e+00 7.475715835761069350e+00 7.786380693649054052e+00 8.070310758339038770e+00 8.313335244568744287e+00 8.508553152569962919e+00 8.660397715713637368e+00 8.781460980429500296e+00 8.884659895983904931e+00 8.978173687510329515e+00 9.066727725842971708e+00 9.155524820120081841e+00 9.250745701257581999e+00 9.356643204198300978e+00 9.474461649585364853e+00 9.604872735619268909e+00 9.750343882043393862e+00 9.914675685863333143e+00 1.010104197528012726e+01 1.031093918722303648e+01 1.054472510114898220e+01 1.080284506685865864e+01 1.108630215055987911e+01 nan nan nan nan nan nan nan nan nan nan nan nan nan nan nan nan nan nan nan nan nan nan nan nan nan nan nan nan nan nan nan nan nan nan nan nan nan nan nan nan nan nan nan nan nan nan nan
8.246787134306407197e+00 7.553525006878707870e+00 6.948544184032071414e+00 6.424567521593725239e+00 5.974494503831454750e+00 5.591763503895146314e+00 5.270291925578271197e+00 5.003954475353681097e+00 4.786005722242020255e+00 4.609079181803156899e+00 4.466016521210174339e+00 4.350918304752466881e+00 4.259271379872817676e+00 4.186632675671601689e+00 4.126757989815680538e+00 4.070877653160523302e+00 4.009321034271133399e+00 3.935204667804435452e+00 3.848047828222433075e+00 3.754329424084835498e+00 3.664121306676067391e+00 3.586601218744988273e+00 3.527856308851910594e+00 3.491587390412214553e+00 3.480808639716674868e+00 3.498500067371952404e+00 3.546882060795418123e+00 3.626519368797178622e+00 3.736347228612560301e+00 3.874503534581644537e+00 4.039028518429166326e+00 4.227848189645403210e+00 4.438469009682248334e+00 4.668204652442949687e+00 4.915037571128367588e+00 5.178295799238725294e+00 5.458333749238560628e+00 5.755288976926801858e+00 6.067717857166718076e+00 6.391858264549216351e+00 6.721586873054909539e+00 7.048431759286570397e+00 7.361204027255275228e+00 7.646418969654144249e+00 7.891889829484316721e+00 8.092803124642943047e+00 8.254099285324164370e+00 8.385851963806292275e+00 8.497511874993030290e+00 8.596848779660433593e+00 8.691706495651997599e+00 8.789889805432331116e+00 8.897092350253574367e+00 9.016294823019412874e+00 9.149479535829154742e+00 9.299086322748868483e+00 9.467592805366807696e+00 9.656540716624773424e+00 9.866671894781640972e+00 1.009897461301762611e+01 1.035526578204475179e+01 1.063750029667828301e+01 1.094652034658243345e+01 1.128174014427586691e+01 nan nan nan nan nan nan nan nan nan nan nan nan nan nan nan nan nan nan nan nan nan nan nan nan nan nan nan nan nan nan nan nan nan nan nan nan nan nan nan nan nan nan nan nan nan
7.503218377964138597e+00 6.818343075197696557e+00 6.224026243141574710e+00 5.713280248997442357e+00 5.278990048891682996e+00 4.914130375430836750e+00 4.611776869521903244e+00 4.364892181637928914e+00 4.166091597161974747e+00 4.007747329351843746e+00 3.882584556062218972e+00 3.784305297953876046e+00 3.707336491275474266e+00 3.645354265350130962e+00 3.589625522328916407e+00 3.529147535761582244e+00 3.453840111700497317e+00 3.359422873320501601e+00 3.250123695496163645e+00 3.136612524908501953e+00 3.030933277430752693e+00 2.942372110496243476e+00 2.876371206516877166e+00 2.835850887703451839e+00 2.822969996148422034e+00 2.839763446789512091e+00 2.887596363832715785e+00 2.966501645863889980e+00 3.075251029992085439e+00 3.212017885636417880e+00 3.374878504971431159e+00 3.561726740526863999e+00 3.770010733960953875e+00 3.997021909200455969e+00 4.240808009668183942e+00 4.500882761515770270e+00 4.777897262766036768e+00 5.072366512230442659e+00 5.383344880012589151e+00 5.707908060103654257e+00 6.041524667179284158e+00 6.378405724515634034e+00 6.710769936513075073e+00 7.027558986116638984e+00 7.315329770952592625e+00 7.563182797637808541e+00 7.768095928687074547e+00 7.934830903196810503e+00 8.071723032560255362e+00 8.188058466564546833e+00 8.293715231174127567e+00 8.398188388452789255e+00 8.508802527440597174e+00 8.630245055868662973e+00 8.765738606675325784e+00 8.917970246511801591e+00 9.088816650698424482e+00 9.279046567684485325e+00 9.489143984992278291e+00 9.720554743989609392e+00 9.975811865714510063e+00 1.025722031940638246e+01 1.056545534867751712e+01 1.089957030763356549e+01 1.125836454730712788e+01 nan nan nan nan nan nan nan nan nan nan nan nan nan nan nan nan nan nan nan nan nan nan nan nan nan nan nan nan nan nan nan nan nan nan nan nan nan nan nan nan nan nan nan nan
6.808388761076350271e+00 6.128506044181018630e+00 5.540643539899447134e+00 5.038119676367929678e+00 4.614062717923388846e+00 4.261594885935789279e+00 3.973854406722907129e+00 3.743793643219949452e+00 3.563881840762241016e+00 3.426063338325564533e+00 3.322241457564610201e+00 3.244937897508866964e+00 3.187126949217069072e+00 3.140680210562845520e+00 3.094585405305073866e+00 3.035607269953342957e+00 2.953072780336098546e+00 2.845054708985118364e+00 2.720009491232208365e+00 2.592156023455573166e+00 2.475171007247693566e+00 2.378569020586839944e+00 2.307439720181189369e+00 2.264105373866193371e+00 2.249908854805777292e+00 2.265966476081916259e+00 2.312905462548171975e+00 2.390424096257488529e+00 2.497329125095942182e+00 2.631974954183973647e+00 2.792577850358975766e+00 2.977095986410542849e+00 3.182996417003136624e+00 3.407540150846193328e+00 3.648696915660925022e+00 3.905926445861036100e+00 4.179948176213754252e+00 4.471519833481344186e+00 4.780129865441455017e+00 5.103542730454018184e+00 5.438354031617911311e+00 5.780593761966669852e+00 6.125049518511310076e+00 6.463395140684547790e+00 6.783448186337785124e+00 7.072028705005044102e+00 7.320200155110334173e+00 7.526219453254348934e+00 7.694521957507641119e+00 7.833630326424898094e+00 7.954468160801745569e+00 8.068202556319262087e+00 8.184038619891444100e+00 8.308477658480677874e+00 8.446017451007799437e+00 8.599810140043587126e+00 8.771629248960314484e+00 8.962075578941039566e+00 9.171741424284517663e+00 9.402422479304458847e+00 9.656934302300470563e+00 9.937568732715103437e+00 1.024478959692303981e+01 1.057752674660026138e+01 1.093469640330177661e+01 1.131616056952827698e+01 nan nan nan nan nan nan nan nan nan nan nan nan nan nan nan nan nan nan nan nan nan nan nan nan nan nan nan nan nan nan nan nan nan nan nan nan nan nan nan nan nan nan nan
6.167609717503274247e+00 5.490626156453249251e+00 4.906753965531868822e+00 4.409596402252039304e+00 3.992519003650432552e+00 3.648837533306904746e+00 3.371886778474242785e+00 3.154850032636968393e+00 2.990392782301718011e+00 2.870432646045054437e+00 2.786433340479763210e+00 2.730046850514185497e+00 2.693090005702204692e+00 2.665993055393690359e+00 2.635734171386381774e+00 2.586566726680924688e+00 2.506174942921748361e+00 2.393595765400146735e+00 2.260404118947270558e+00 2.123865837090504360e+00 1.999408567617634969e+00 1.897234309011335940e+00 1.822530816131191500e+00 1.777294006286367134e+00 1.762182396194471812e+00 1.777502469103129368e+00 1.823289649842078530e+00 1.899061426400387997e+00 2.003763945362427190e+00 2.135973253030015506e+00 2.294054046919010048e+00 2.476032689440576195e+00 2.679392264315933136e+00 2.901344278308638724e+00 3.139748071333462232e+00 3.393966277502848516e+00 3.664724628815131613e+00 3.952940506009635424e+00 4.258435412824173483e+00 4.579502042803955675e+00 4.913529275752098968e+00 5.257759084742099631e+00 5.608771777516949442e+00 5.960554532806805916e+00 6.303082351401362082e+00 6.623627533947807677e+00 6.910502954005631970e+00 7.156488674242800663e+00 7.360379125907592801e+00 7.527246577315232834e+00 7.667282672264659205e+00 7.792826656024851140e+00 7.915127457395152000e+00 8.042765089862669470e+00 8.181751569783257239e+00 8.336017513211194441e+00 8.507663544245481546e+00 8.697546102071617824e+00 8.906555056150887495e+00 9.136673499228999518e+00 9.390652466412751309e+00 9.670542196786918510e+00 9.976619021560958700e+00 1.030785229432739136e+01 1.066338916107431700e+01 1.104331793191065181e+01 nan nan nan nan nan nan nan nan nan nan nan nan nan nan nan nan nan nan nan nan nan nan nan nan nan nan nan nan nan nan nan nan nan nan nan nan nan nan nan nan nan nan nan
5.584410825611485052e+00 4.909314625473320426e+00 4.328208838229568478e+00 3.834920217996841352e+00 3.422950725826307661e+00 3.085678172462464008e+00 2.816502297188271164e+00 2.608773967058578780e+00 2.455463042427392217e+00 2.348827931521271672e+00 2.280510435440049388e+00 2.242039142737379809e+00 2.224846600555345777e+00 2.218746729443545451e+00 2.209487394139574068e+00 2.178893679649107185e+00 2.111605266023368621e+00 2.005200757404009604e+00 1.872502535529693146e+00 1.733288648668738219e+00 1.605135670940020187e+00 1.499602025624296564e+00 1.422526590889380493e+00 1.375930453919392837e+00 1.360015454655183254e+00 1.374471382521662788e+00 1.418915521804743340e+00 1.492793794894977433e+00 1.595204172646417229e+00 1.724884669928663516e+00 1.880271146897524615e+00 2.059401664275389177e+00 2.259761259923835475e+00 2.478560374821042522e+00 2.713651604115403071e+00 2.964394042150259256e+00 3.231522068553699611e+00 3.516007533081376035e+00 3.817846542382608011e+00 4.135690039775873572e+00 4.467495467152192923e+00 4.811331442850626416e+00 5.164976623540121992e+00 5.524111839755821762e+00 5.880801101302792766e+00 6.224050084213645029e+00 6.542080015794946135e+00 6.824592467792726325e+00 7.064893505459796330e+00 7.262571956783599347e+00 7.424792222920384432e+00 7.563910717930568239e+00 7.693108082929433600e+00 7.823341259636210410e+00 7.962518494559867044e+00 8.115786218763249238e+00 8.286039659194182505e+00 8.474734917616483898e+00 8.683092245788404995e+00 8.912987874544519684e+00 9.166719691796037850e+00 9.445894536451103107e+00 9.750654003891089161e+00 1.008013169322984837e+01 1.043367160915321712e+01 1.081133717659939464e+01 1.121284705649237523e+01 nan nan nan nan nan nan nan nan nan nan nan nan nan nan nan nan nan nan nan nan nan nan nan nan nan nan nan nan nan nan nan nan nan nan nan nan nan nan nan nan nan nan
5.061674981378107674e+00 4.388146439943086285e+00 3.809335670044077915e+00 3.319202770493315580e+00 2.911256385967332161e+00 2.578774954425842481e+00 2.315051500987319155e+00 2.113475082041940123e+00 1.967322215580901146e+00 1.869419243140223008e+00 1.812065118405474129e+00 1.787316196710442062e+00 1.786950709713689411e+00 1.801049603043156200e+00 1.815309168130993189e+00 1.810124814344558519e+00 1.766487026017606654e+00 1.677803266479602540e+00 1.555311205301662447e+00 1.420193458940786524e+00 1.292506482438601889e+00 1.185929010262883221e+00 1.107602752339322372e+00 1.060023091225742231e+00 1.043261807993122847e+00 1.056658697179751805e+00 1.099607044117620003e+00 1.171557428122329991e+00 1.271711218619922423e+00 1.398847176524415259e+00 1.551347372731781915e+00 1.727184280338881939e+00 1.923854107672172020e+00 2.138682601116347115e+00 2.369698523939914203e+00 2.616397868315467168e+00 2.879526852194724373e+00 3.159981462676338282e+00 3.457753994877529991e+00 3.771702786700704024e+00 4.100214477018644388e+00 4.441945686170204688e+00 4.795435272570750307e+00 5.157475095243393426e+00 5.521796842579486331e+00 5.879432814490826331e+00 6.219985412232938771e+00 6.532327295971459336e+00 6.805758474688391679e+00 7.033834077951794939e+00 7.218826441360342017e+00 7.371665494508859773e+00 7.507049141162755568e+00 7.638463323214499390e+00 7.776029366374526575e+00 7.926511878842055658e+00 8.094026591028681494e+00 8.280893148927345848e+00 8.488593224993687514e+00 8.718527937613774981e+00 8.972121186009001548e+00 9.250319620085475592e+00 9.553161944442187803e+00 9.880032856915189399e+00 1.023038204264962125e+01 1.060392165156660660e+01 1.099954651562711128e+01 nan nan nan nan nan nan nan nan nan nan nan nan nan nan nan nan nan nan nan nan nan nan nan nan nan nan nan nan nan nan nan nan nan nan nan nan nan nan nan nan nan nan
4.602085423237322281e+00 3.930040450045576783e+00 3.353313252089173968e+00 2.865905632490386434e+00 2.461219685873039964e+00 2.132308365223799740e+00 1.872232017280855976e+00 1.674321268946594721e+00 1.532143737907213366e+00 1.439214571747002847e+00 1.388761389906779220e+00 1.373731410264489305e+00 1.386632471533202127e+00 1.418328138487815249e+00 1.455506460403614311e+00 1.478841496221489749e+00 1.466733857615860837e+00 1.406789199167306492e+00 1.305173221561718666e+00 1.182158876098647227e+00 1.060009714962317995e+00 9.552115675454047050e-01 8.769670014338298847e-01 8.288279445447741534e-01 8.111731275282845210e-01 8.233230787499832282e-01 8.646533898859722900e-01 9.346738699762656699e-01 1.032613507823218146e+00 1.157155766060330437e+00 1.306508843526003050e+00 1.478531204392906639e+00 1.670785406398517470e+00 1.880861810514761423e+00 2.107135700404346945e+00 2.349329621219444331e+00 2.608161820564713018e+00 2.884319834958859907e+00 3.177648030562976178e+00 3.487117807412150494e+00 3.811478780261849941e+00 4.149825975133121680e+00 4.501130263486126104e+00 4.862824400600216812e+00 5.229859137246218204e+00 5.595115984086013405e+00 5.950005119830841238e+00 6.283814357839403897e+00 6.583442793149980155e+00 6.837188134218354918e+00 7.041859847976686737e+00 7.206015795639583388e+00 7.345410754637789807e+00 7.475967069808219456e+00 7.610043885290749266e+00 7.756140929844151266e+00 7.919754860979030475e+00 8.104132281732052689e+00 8.310889241789150006e+00 8.540670517514323379e+00 8.793723711451455927e+00 9.070150521966809265e+00 9.369846745385874698e+00 9.692438042035421475e+00 1.003737553968667484e+01 1.040381488528721476e+01 1.078958265851182396e+01 1.118845847852660036e+01 nan nan nan nan nan nan nan nan nan nan nan nan nan nan nan nan nan nan nan nan nan nan nan nan nan nan nan nan nan nan nan nan nan nan nan nan nan nan nan nan nan
4.207743056894121203e+00 3.537017601634083519e+00 2.962083968430980541e+00 2.476919523886693231e+00 2.074757470932316217e+00 1.748370272649527601e+00 1.490536661672700935e+00 1.294487237020852222e+00 1.154058607219245136e+00 1.063471823078146583e+00 1.016947378955961767e+00 1.008408300192786600e+00 1.031153386803886685e+00 1.076932784942217447e+00 1.133969590851648945e+00 1.184839584035829896e+00 1.207756970536256969e+00 1.185184822009652583e+00 1.115377203043574683e+00 1.014021131959252697e+00 9.039886043855773767e-01 8.048066746379773928e-01 7.285477391864014773e-01 6.805758934266760152e-01 6.621556580741058129e-01 6.729900501829396697e-01 7.126531836132232733e-01 7.807530748104805074e-01 8.764664956673093865e-01 9.982721335186717226e-01 1.144142295789934760e+00 1.311846915191158036e+00 1.499121581358483501e+00 1.703952853515482202e+00 1.925138040933138672e+00 2.162602863802649544e+00 2.416944154740604311e+00 2.688537959155253620e+00 2.977013939160657596e+00 3.281441018517709196e+00 3.600924498681213226e+00 3.934901221625800805e+00 4.282529874217660293e+00 4.641539213409894948e+00 5.007727894563968718e+00 5.375461078299226259e+00 5.737714033049729601e+00 6.084417731409341279e+00 6.401062441791948388e+00 6.672048632405712887e+00 6.889576582865863053e+00 7.059982617861122023e+00 7.199896902924963982e+00 7.327341872153787961e+00 7.456534642880340513e+00 7.597396447516764795e+00 7.756550218348235326e+00 7.937944280608217440e+00 8.143170959838180067e+00 8.372053768716686051e+00 8.623640263892564661e+00 8.897138284885906856e+00 9.192199972496737814e+00 9.508550561427947301e+00 9.845534652614830406e+00 1.020178376136418841e+01 1.057425328850457014e+01 1.095521116187945587e+01 1.132537898244353158e+01 nan nan nan nan nan nan nan nan nan nan nan nan nan nan nan nan nan nan nan nan nan nan nan nan nan nan nan nan nan nan nan nan nan nan nan nan nan nan nan nan
3.879387697195726847e+00 3.209674848359974408e+00 2.636081354016033718e+00 2.152537673544609564e+00 1.752115558383287697e+00 1.427336804425829664e+00 1.170728149358914560e+00 9.754189544739521045e-01 8.354607252264277806e-01 7.456760697975755026e-01 7.011524687019283775e-01 6.966728794011821657e-01 7.262195436422407280e-01 7.823222629582438081e-01 8.548151817275984055e-01 9.290861939688364046e-01 9.856514158854183805e-01 1.004688391381496348e+00 9.761828389269742168e-01 9.072956747339263606e-01 8.180277308588043139e-01 7.299935382695386110e-01 6.587204950571659001e-01 6.123055106219255084e-01 5.936681020714581480e-01 6.034007743112613786e-01 6.415176419722796730e-01 7.077585085394798581e-01 8.011832007278446577e-01 9.200166733985207790e-01 1.062029728343408364e+00 1.225020161775340011e+00 1.407031168366739582e+00 1.606508970144295834e+00 1.822617063511797530e+00 2.055350878186184449e+00 2.305069653610463121e+00 2.571798650306414746e+00 2.854983292784322391e+00 3.153846245354658517e+00 3.467868131120730002e+00 3.796751934243366211e+00 4.139669192039273860e+00 4.494414548137423360e+00 4.857342251706079139e+00 5.223856338747717487e+00 5.587905202991758635e+00 5.939650248632349694e+00 6.263520905711515319e+00 6.541415328756607472e+00 6.762756001961252039e+00 6.932861425508956010e+00 7.069369859525009403e+00 7.191824023304891789e+00 7.315550230331893999e+00 7.451225423614654453e+00 7.606037206773099690e+00 7.784225180773157504e+00 7.987213716176039924e+00 8.214146106629684141e+00 8.463128093734988866e+00 8.732620261712778387e+00 9.021964267089053635e+00 9.330796417031264056e+00 9.658262817340931505e+00 1.000264784699459852e+01 1.036046002902114083e+01 1.072309797656572528e+01 1.106965350742506260e+01 nan nan nan nan nan nan nan nan nan nan nan nan nan nan nan nan nan nan nan nan nan nan nan nan nan nan nan nan nan nan nan nan nan nan nan nan nan nan nan nan
3.615958323304182098e+00 2.946948799750750414e+00 2.374205343074451413e+00 1.891637207044551294e+00 1.492229317090840723e+00 1.168354979467909116e+00 9.123735248321633851e-01 7.173231335559638877e-01 5.773655000101998169e-01 4.877124172051900963e-01 4.440606552204317548e-01 4.418343925240073022e-01 4.755549229152538637e-01 5.384003869157325539e-01 6.216457411396608679e-01 7.136052144238578254e-01 7.985540626034819400e-01 8.578683504665726156e-01 8.761158934599742043e-01 8.501572729983101206e-01 7.924006186029316501e-01 7.234970365912202217e-01 6.620627916355217302e-01 6.198006838130333263e-01 6.022623093956382956e-01 6.116017890301659321e-01 6.485886687862015831e-01 7.131588989257298117e-01 8.042380106005554419e-01 9.198368869518023239e-01 1.057663624281845571e+00 1.215722825407946850e+00 1.392476176043302427e+00 1.586795270222913556e+00 1.798047859704438922e+00 2.026118304678857118e+00 2.271045853166915318e+00 2.532555426429806911e+00 2.810029642516923332e+00 3.102938340368031067e+00 3.411136489562053509e+00 3.734502963760130356e+00 4.072097811657144462e+00 4.421644323400321319e+00 4.779818102347099362e+00 5.142591057328524506e+00 5.504165897739827784e+00 5.854258288495258533e+00 6.176226183387278468e+00 6.450745631077548836e+00 6.666727921885292396e+00 6.830211429890781893e+00 6.960036251040948585e+00 7.076439123116159635e+00 7.194878214499314417e+00 7.325992216530706536e+00 7.476937443339415346e+00 7.651868610306909346e+00 7.851963421508427743e+00 8.075914039341784090e+00 8.321265336807774915e+00 8.586013659625695738e+00 8.869235661615471500e+00 9.170374294211205424e+00 9.488330251360203249e+00 9.821160141386290121e+00 1.016514972851272702e+01 1.051118658044087439e+01 1.083775610614962304e+01 1.110490171165996465e+01 1.126689145190997010e+01 1.131337737627819884e+01 1.128397621405394702e+01 1.122906026798162138e+01 1.118104588421558709e+01 1.115514663746347956e+01 1.115738923569053398e+01 1.118995024941170158e+01 1.125370552733200569e+01 nan nan nan nan nan nan nan nan nan nan nan nan nan nan nan nan nan nan nan nan nan nan nan nan nan nan nan nan nan nan
3.415071151327278898e+00 2.746627985880799372e+00 2.174388881406492668e+00 1.692303104161853700e+00 1.293384674387101807e+00 9.699968193164957286e-01 7.144333112355191195e-01 5.196394135283007865e-01 3.797430645896177070e-01 2.900816344459585250e-01 2.466630443598256117e-01 2.453256585804572953e-01 2.810221333172090996e-01 3.475070583319854189e-01 4.372721742780886767e-01 5.411654472953971728e-01 6.473928129532301456e-01 7.408475716016936774e-01 8.051346987263723332e-01 8.290529837507100153e-01 8.141529980916404341e-01 7.750589926888981074e-01 7.310131280753174865e-01 6.974537713000098504e-01 6.835830837812438832e-01 6.939984480158279956e-01 7.307024682221212597e-01 7.940033614549720786e-01 8.827798948474528951e-01 9.949774173010252909e-01 1.128455115934243969e+00 1.281598554401068846e+00 1.453319677659343334e+00 1.642792380728408386e+00 1.849394347609815581e+00 2.072756952299873223e+00 2.312599896195311366e+00 2.568488478275255282e+00 2.839921101284610394e+00 3.126698367030955161e+00 3.428988711638116360e+00 3.746717995122534450e+00 4.078740308054598529e+00 4.422637787218957506e+00 4.775221275913009045e+00 5.132580759285906069e+00 5.488466657944333527e+00 5.831446611267684155e+00 6.143701855006554524e+00 6.405896383730355303e+00 6.608729934510706450e+00 6.760657487217434536e+00 6.881721692595095696e+00 6.991867318835756961e+00 7.105672707095255447e+00 7.233019652280186840e+00 7.380592331771371306e+00 7.552246797766108521e+00 7.748918166022384924e+00 7.969065181869306791e+00 8.210016774519441896e+00 8.469602248360672547e+00 8.746764992848349962e+00 9.040772305639739770e+00 9.350286023625828946e+00 9.673113899126878579e+00 1.000521380867598431e+01 1.033694880296058294e+01 1.064674771171728729e+01 1.089724485777493435e+01 1.104852837998582693e+01 1.109288448444000785e+01 1.106581113974404040e+01 1.101330348050689167e+01 1.096635986459521028e+01 1.094029154378497815e+01 1.094159121991683925e+01 1.097295928515522689e+01 1.103572094999461939e+01 1.113071699218675548e+01 1.125838506814671192e+01 nan nan nan nan nan nan nan nan nan nan nan nan nan nan nan nan nan nan nan nan nan nan nan nan nan nan nan nan
3.274344966996334261e+00 2.606532815323567398e+00 2.034654959148437303e+00 1.552769431929185151e+00 1.154035815783310381e+00 8.309381698542863681e-01 5.757930242452768965e-01 3.814384844216086590e-01 2.418241021776706134e-01 1.521692595959634464e-01 1.085362590001590632e-01 1.070054811716736054e-01 1.429154238406815658e-01 2.105946654685972586e-01 3.035717150106537199e-01 4.146714201269022237e-01 5.353625319351726919e-01 6.545762840199876864e-01 7.583683702538061011e-01 8.324769455580449673e-01 8.687673049574321515e-01 8.714104087407118504e-01 8.553055405266767330e-01 8.377504615304365299e-01 8.320137985801844271e-01 8.461122235753719689e-01 8.840076509764267509e-01 9.467857220617903469e-01 1.033547519874605802e+00 1.142438053567681022e+00 1.271702186029077586e+00 1.420206990156272830e+00 1.587246340559257618e+00 1.772134811618348849e+00 1.974118742292850337e+00 2.192537415926988587e+00 2.426885308073346348e+00 2.676761332894391998e+00 2.941957936887463099e+00 3.222640799154526725e+00 3.519166577635583604e+00 3.831348878653425327e+00 4.157762757297446932e+00 4.495826577792787049e+00 4.842346261713708522e+00 5.193133306764050161e+00 5.540855535655976105e+00 5.872315933727055182e+00 6.168493997940091234e+00 6.411276247919619031e+00 6.595225835715038620e+00 6.732433489845298880e+00 6.843822992343337575e+00 6.948073669940929342e+00 7.058046657200601537e+00 7.182343208033496573e+00 7.326912096908443139e+00 7.495233741508376291e+00 7.688065078706204147e+00 7.903819651929757661e+00 8.139872281168383239e+00 8.394112272658016849e+00 8.665475708241109132e+00 8.953123293670939731e+00 9.255512436493276596e+00 9.570103421870928884e+00 9.892275656367838010e+00 1.021174330273788833e+01 1.050721769213978618e+01 1.074438016442672605e+01 1.088855798700160449e+01 1.093346264737452422e+01 1.091028295380659152e+01 1.086100240209096235e+01 1.081545017067450054e+01 1.078921219837284617e+01 1.078941437952875759e+01 1.081940051269648784e+01 1.088097617862168853e+01 1.097515845658578648e+01 1.110224914357997505e+01 1.126168869975633946e+01 nan nan nan nan nan nan nan nan nan nan nan nan nan nan nan nan nan nan nan nan nan nan nan nan nan nan nan
3.192695138134955091e+00 2.525620830256843252e+00 1.954041808406810299e+00 1.472169580496430541e+00 1.073388398150947332e+00 7.503951895883409495e-01 4.955946211464658524e-01 3.017121989268773952e-01 1.624197559921060630e-01 7.264735841243011305e-02 2.833545453865995295e-02 2.570398378453846513e-02 6.048170375955652656e-02 1.276115210573358638e-01 2.215403420961758740e-01 3.365580064899933443e-01 4.664654417276135057e-01 6.035155202415620757e-01 7.373542497182312694e-01 8.550365103138085621e-01 9.438051540386712679e-01 9.974366051510856757e-01 1.021388446493004309e+00 1.030172279960646753e+00 1.039660251086826914e+00 1.061785585746567229e+00 1.103374362565009426e+00 1.167012775937751101e+00 1.252543867028164337e+00 1.358691091031326348e+00 1.484295956786211068e+00 1.628714415053829079e+00 1.791494547617267896e+00 1.971966719331681217e+00 2.169216143523887474e+00 2.382365013520673092e+00 2.610833591146518806e+00 2.854431492500912881e+00 3.113358786887891139e+00 3.388113023182077743e+00 3.679083059250288112e+00 3.985824586327344932e+00 4.306597988357262707e+00 4.638673568879339904e+00 4.978745888007926723e+00 5.321997395051393909e+00 5.659466153863248472e+00 5.975725423606195186e+00 6.250770545812360801e+00 6.469069825925492623e+00 6.630675318974645904e+00 6.751732889086452971e+00 6.853378218078751694e+00 6.952256272653819735e+00 7.059035985242829270e+00 7.180782039318749810e+00 7.322570874919589912e+00 7.487470000264286440e+00 7.676130938863201081e+00 7.887094027752591607e+00 8.117985720460184851e+00 8.366898275823304587e+00 8.632814629760865444e+00 8.914819988738473810e+00 9.211184849782775075e+00 9.518929936300605021e+00 9.832676854516366305e+00 1.014148362830400885e+01 1.042460855733075320e+01 1.065070547037815096e+01 1.078936861260318558e+01 1.083517995364419484e+01 1.081571015186638363e+01 1.076949846824633106e+01 1.072523961192380071e+01 1.069871189205627893e+01 1.069763108490687209e+01 1.072596042914821268e+01 1.078596810510970805e+01 1.087885706317669587e+01 1.100486217474688999e+01 1.116330076315909992e+01 nan nan nan nan nan nan nan nan nan nan nan nan nan nan nan nan nan nan nan nan nan nan nan nan nan nan nan
3.170536190766910956e+00 2.504149483257400721e+00 1.932712550086612913e+00 1.450592191613343962e+00 1.051419896406799337e+00 7.281481264905549367e-01 4.733188221125711470e-01 2.795732365929854968e-01 1.402839635819182196e-01 5.001459438024670467e-02 4.486230282422043122e-03 0.000000000000000000e+00 3.268831311381633492e-02 9.814538042644918581e-02 1.916505650781896442e-01 3.085561692834881131e-01 4.441593221656564006e-01 5.929351273329553917e-01 7.476015637071490305e-01 8.983417479553245100e-01 1.032846844327252933e+00 1.139307202206703673e+00 1.212872445095492413e+00 1.259916966259855275e+00 1.294634234414643315e+00 1.331655345237481081e+00 1.381209835537797526e+00 1.448319238148760624e+00 1.534344814280642177e+00 1.639076069847908546e+00 1.762142014355636999e+00 1.903357619362010089e+00 2.062432046894010718e+00 2.238695936397881336e+00 2.431167446273495791e+00 2.638900434454521271e+00 2.861382917496051892e+00 3.098728167836398484e+00 3.351547401412053429e+00 3.620570854105042091e+00 3.906079448462242087e+00 4.207298519766822231e+00 4.522213493757603509e+00 4.847999522678252404e+00 5.181129527864483109e+00 5.515801774637489885e+00 5.840947934532375818e+00 6.138697892987378779e+00 6.388719446982353389e+00 6.579558268709442714e+00 6.717631387824308575e+00 6.822586132915426482e+00 6.914861749209641140e+00 7.008665105095192693e+00 7.112467277773729002e+00 7.231844622900338138e+00 7.370953456140207471e+00 7.532372004461294956e+00 7.716662821683490492e+00 7.922629916955700402e+00 8.148317491132898382e+00 8.392101378656491306e+00 8.652993068020856882e+00 8.929964134385736330e+00 9.221073503194668675e+00 9.522856477679010112e+00 9.829163937933785178e+00 1.012855726029920156e+01 1.040100609530884945e+01 1.061762960824524704e+01 1.075111126637075110e+01 1.079672749394023512e+01 1.077956613084412929e+01 1.073547478607616767e+01 1.069204392712878260e+01 1.066507476514955677e+01 1.066269253175766529e+01 1.068930450872394111e+01 1.074751853315455996e+01 1.083870415134087750e+01 1.096312486907265793e+01 1.112014629223370576e+01 1.130861876480228112e+01 nan nan nan nan nan nan nan nan nan nan nan nan nan nan nan nan nan nan nan nan nan nan nan nan nan nan
3.208713924027194242e+00 2.542760527510060875e+00 1.971168289550633279e+00 1.488419085115477047e+00 1.088360130453574603e+00 7.641973374346293646e-01 5.086491772262378142e-01 3.143416852183482657e-01 1.744094754471777753e-01 8.306413960058636747e-02 3.577142054400479776e-02 2.886492094787512785e-02 5.885723617480268649e-02 1.219798616093067528e-01 2.142509418537199839e-01 3.317835140761946078e-01 4.707563021265869785e-01 6.269188575800587193e-01 7.950060222870345417e-01 9.680902514870176612e-01 1.136673509820780303e+00 1.288795066430625802e+00 1.413682905920057964e+00 1.508146033139504238e+00 1.579467889209319020e+00 1.641063835809625893e+00 1.705511748558213192e+00 1.780812095016500285e+00 1.870687327112870557e+00 1.976562103623948019e+00 2.099075212082585740e+00 2.238534910986844650e+00 2.394850748306843524e+00 2.567487568807298892e+00 2.755587588852361769e+00 2.958300058518191555e+00 3.175261483730033252e+00 3.406867345194010799e+00 3.654025108205274375e+00 3.917545110848080991e+00 4.197509860756991174e+00 4.492862777943798847e+00 4.801463453761948053e+00 5.120467225152123270e+00 5.445946809779548481e+00 5.770693281513866069e+00 6.081145566798355162e+00 6.357192278859371548e+00 6.579425028979033918e+00 6.741895408616290553e+00 6.857213285335485686e+00 6.947128263003202520e+00 7.030489066415667843e+00 7.119091200614175108e+00 7.219622365751789062e+00 7.336475841750611515e+00 7.472914990179772232e+00 7.630905244344815763e+00 7.810852262299189164e+00 8.011882956420823376e+00 8.232556368214503095e+00 8.471556014511874011e+00 8.727864299756449284e+00 9.000265145017595003e+00 9.286560483343762940e+00 9.582811625411972400e+00 9.882231374631301080e+00 1.017312357632091313e+01 1.043615755142376500e+01 1.064414451733683009e+01 1.077179734757151230e+01 1.081525541421448544e+01 1.079836203114164839e+01 1.075503760410204812e+01 1.071185513598944361e+01 1.068450078272746673e+01 1.068127232721504960e+01 1.070671037154826344e+01 1.076348465192207016e+01 1.085299370925102025e+01 1.097556516108462432e+01 1.113077641808345852e+01 1.131785684219542532e+01 nan nan nan nan nan nan nan nan nan nan nan nan nan nan nan nan nan nan nan nan nan nan nan nan nan nan
3.307077375370266470e+00 2.641238484638508854e+00 2.069180177658031194e+00 1.585430314634348692e+00 1.183980790014441009e+00 8.582529978896608069e-01 6.011669476283664215e-01 4.054240677709189944e-01 2.640399730320273086e-01 1.709618354081301195e-01 1.214166476854630083e-01 1.117234390351403428e-01 1.386985607578585522e-01 1.991219916568513770e-01 2.896229184073031426e-01 4.068473453057043221e-01 5.474596522744177296e-01 7.078524696148463802e-01 8.838634108977396764e-01 1.070461322952150018e+00 1.260903771924907213e+00 1.445766202387433363e+00 1.613842074691255180e+00 1.756368154961511774e+00 1.872208177959634456e+00 1.968807350202643525e+00 2.057586729026172900e+00 2.148502531896638423e+00 2.247928376621950886e+00 2.359386878999854886e+00 2.484784558640426244e+00 2.625071254653044139e+00 2.780551398270946439e+00 2.951083722680070576e+00 3.136174824696384533e+00 3.335213242101885633e+00 3.548000956868160749e+00 3.775102740897581466e+00 4.017519172764302482e+00 4.275959151152651572e+00 4.550285090989848236e+00 4.839341500510051297e+00 5.141108356974691596e+00 5.452764671523631534e+00 5.769670440999696837e+00 6.082704324591579947e+00 6.375611637551852340e+00 6.626832674409035562e+00 6.819674767332591259e+00 6.954646101656569712e+00 7.049292297932770346e+00 7.125690170307373172e+00 7.200493651898010938e+00 7.283460991251053507e+00 7.380111417353859338e+00 7.494058283840163703e+00 7.627757398909587927e+00 7.782464696661212322e+00 7.958334361822154257e+00 8.154785973014362810e+00 8.370870337219770363e+00 8.605516974617160031e+00 8.857604424640838303e+00 9.125678433367260922e+00 9.407274920987925171e+00 9.698055404231963550e+00 9.990793243966422210e+00 1.027372235703775338e+01 1.052799222096521348e+01 1.072728208874443645e+01 1.084766456742562646e+01 1.088664270543942436e+01 1.086792691842821768e+01 1.082411097566619951e+01 1.078083924003717442e+01 1.075358733172046577e+01 1.075058623607418973e+01 1.077612843587685099e+01 1.083254124630910376e+01 1.092098061423856947e+01 1.104178359699056600e+01 1.119487308490015920e+01 nan nan nan nan nan nan nan nan nan nan nan nan nan nan nan nan nan nan nan nan nan nan nan nan nan nan nan
3.463756583122668431e+00 2.797830237530728237e+00 2.225156459788808938e+00 1.740225439286151587e+00 1.337078060133147339e+00 1.009282964137413696e+00 7.499591683353123983e-01 5.519619398890829309e-01 4.083235361310910694e-01 3.128619835462302379e-01 2.606394188961536074e-01 2.479417848770500976e-01 2.717870943016771901e-01 3.293516731721131130e-01 4.177046578664455612e-01 5.338372260512307399e-01 6.746596320525189983e-01 8.368467029434156768e-01 1.016745697451614916e+00 1.210299332961490393e+00 1.412516920770843898e+00 1.616563001385476372e+00 1.813589990253532624e+00 1.994467023270533046e+00 2.153246740974935847e+00 2.290261783624508940e+00 2.411933747449333865e+00 2.527208115658871268e+00 2.643963790163053051e+00 2.767645570664524879e+00 2.901485137215713550e+00 3.047188142891635643e+00 3.205653560380252731e+00 3.377383664002473029e+00 3.562461807056140017e+00 3.760635106370070702e+00 3.971868418089922415e+00 4.196755050202709114e+00 4.436160970667888392e+00 4.690529639528404182e+00 4.959561688909582600e+00 5.242280519030837915e+00 5.537043225262872959e+00 5.840981541496711671e+00 6.148287822627994892e+00 6.447433424917939249e+00 6.719617235363037899e+00 6.943262303875817665e+00 7.106337214531727398e+00 7.215890422322200237e+00 7.292460402080545911e+00 7.356903345855148046e+00 7.423500099843639788e+00 7.500481509723304185e+00 7.592716197631205866e+00 7.703336512560373883e+00 7.834111330522382843e+00 7.985625253939109491e+00 8.157773933589979265e+00 8.350187700611478192e+00 8.562242379573884676e+00 8.792941009986837031e+00 9.040977855310860178e+00 9.304682446863825618e+00 9.581403141047516669e+00 9.866531194793614290e+00 1.015256969941707865e+01 1.042771182167877519e+01 1.067319977072966530e+01 1.086290849923412871e+01 1.097409803786495885e+01 1.100635716139208853e+01 1.098412114790637339e+01 1.093901803944846485e+01 1.089576168002093937e+01 1.086949186449893467e+01 1.086815915560100798e+01 1.089547422318224612e+01 1.095302181817173448e+01 1.104139903791879185e+01 1.116084823534915138e+01 1.131173499153878481e+01 nan nan nan nan nan nan nan nan nan nan nan nan nan nan nan nan nan nan nan nan nan nan nan nan nan nan nan
3.675511466677779282e+00 3.009449702169743723e+00 2.436216965521334377e+00 1.950180527709716838e+00 1.545322331244708858e+00 1.215262915385062481e+00 9.532776236826300265e-01 7.524129991516099736e-01 6.058339533980360292e-01 5.073862368762400710e-01 4.520999485119856498e-01 4.362705766360974735e-01 4.570372317091957459e-01 5.117927641078753309e-01 5.978347865845357045e-01 7.123128950651693714e-01 8.522180090859851065e-01 1.014305334580763995e+00 1.195099033202708938e+00 1.390917480888099744e+00 1.597579398861660005e+00 1.809878447935218126e+00 2.021446875104008889e+00 2.225312931865597754e+00 2.415152617184227690e+00 2.587382461677654621e+00 2.743112046582214969e+00 2.887817316983485760e+00 3.028665359471270691e+00 3.171819586986915240e+00 3.321292268122336910e+00 3.479274307633279495e+00 3.647113298519463420e+00 3.825895041590863688e+00 4.016290114495109087e+00 4.218451950565976105e+00 4.432516678300427948e+00 4.659008679961868182e+00 4.898493847494354014e+00 5.151062241608414638e+00 5.416368307688182782e+00 5.693871115856710574e+00 5.982434045169179093e+00 6.278914911818628930e+00 6.575849336015138213e+00 6.859013702776908694e+00 7.107687591031286445e+00 7.302103840322954120e+00 7.436360148182107999e+00 7.523198518605571650e+00 7.584218742916531752e+00 7.638176319242142576e+00 7.697170939831465830e+00 7.768311140318314045e+00 7.856019433269334051e+00 7.963028487925795318e+00 8.090565083120244694e+00 8.238766407789233526e+00 8.407411890607837890e+00 8.596255865340998170e+00 8.804729970355104740e+00 9.031670508232465977e+00 9.275536917541991500e+00 9.534557994271136039e+00 9.806059696202524378e+00 1.008530489786514295e+01 1.036458112901475737e+01 1.063186381060908658e+01 1.086801919040734887e+01 1.104673028280610403e+01 1.114671390274542695e+01 1.117040293385871585e+01 1.114351767066158772e+01 1.109686249247875445e+01 1.105407148038598741e+01 1.102972339572038329e+01 1.103131577059833290e+01 1.106181216242636189e+01 1.112183170700216372e+01 1.121119841009980078e+01 1.132997200451293374e+01 nan nan nan nan nan nan nan nan nan nan nan nan nan nan nan nan nan nan nan nan nan nan nan nan nan nan nan nan
3.938724904867826559e+00 3.272457381354847872e+00 2.698759269219452861e+00 2.211807391425777425e+00 1.805423457868426951e+00 1.473168457686583332e+00 1.208390790714807261e+00 1.004312519079484156e+00 8.543041226383371045e-01 7.523864495288352661e-01 6.937235447634952923e-01 6.747227744640655889e-01 6.926154355592580858e-01 7.448461187615513790e-01 8.287096831513380835e-01 9.413055741713346469e-01 1.079553059198702147e+00 1.240155765683284006e+00 1.419637420156189433e+00 1.614378478243585269e+00 1.820428654847451533e+00 2.033315341483390881e+00 2.248256429145344182e+00 2.460471791488899385e+00 2.665251062939129945e+00 2.858644628142873678e+00 3.039297300545420910e+00 3.209700314719643899e+00 3.375123765397698872e+00 3.541096097148586086e+00 3.711513536058711704e+00 3.888433582933154220e+00 4.073041150871966387e+00 4.266402284865931094e+00 4.469344109882935179e+00 4.682233654889429886e+00 4.905322674258912663e+00 5.139029577515322522e+00 5.383580439436319587e+00 5.638711458330581294e+00 5.904086652595771589e+00 6.179636793506950276e+00 6.464609864878031686e+00 6.755277717522780279e+00 7.042213915383834788e+00 7.308617477013124919e+00 7.532872905954014264e+00 7.698646767459065288e+00 7.806595675249460520e+00 7.873758591814461028e+00 7.921529712091308184e+00 7.966481885957676923e+00 8.018932304990148197e+00 8.085031935264352043e+00 8.168633637154064431e+00 8.271977317685808018e+00 8.395917368490991350e+00 8.540488655983910604e+00 8.705580459996015819e+00 8.890991494864408651e+00 9.095939331371793557e+00 9.318909295783500468e+00 9.558170948355250829e+00 9.812042325585448310e+00 1.007800635470213102e+01 1.035127328482944797e+01 1.062380970937649494e+01 1.088301441371046607e+01 1.110891728996866057e+01 1.127494820395588881e+01 nan nan 1.134352434928803532e+01 1.129545469501954891e+01 1.125369390648105750e+01 1.123192748318804668e+01 1.123706620264162304e+01 1.127137126293378522e+01 1.133455932955195244e+01 nan nan nan nan nan nan nan nan nan nan nan nan nan nan nan nan nan nan nan nan nan nan nan nan nan nan nan nan nan nan
4.250170154521093480e+00 3.583345650456544629e+00 3.009033394610460377e+00 2.521199038385455893e+00 2.113442316363873363e+00 1.779165960325291174e+00 1.511686275655372613e+00 1.304336037619175270e+00 1.150704817705056060e+00 1.045085325391275966e+00 9.829177415365505377e-01 9.608383194749979817e-01 9.761887165850116066e-01 1.026351230169187057e+00 1.108409746613287616e+00 1.219199663208502482e+00 1.355415520510232952e+00 1.513611378873456426e+00 1.690213895690732659e+00 1.881507083316455553e+00 2.083465245544083189e+00 2.291782533213004847e+00 2.502428111024951107e+00 2.712086133209651084e+00 2.917875515703719724e+00 3.117259772639243476e+00 3.309084401091126448e+00 3.494742765782848259e+00 3.677930962460898012e+00 3.863021026318524065e+00 4.053342248751737209e+00 4.250572265879174694e+00 4.455355655068898635e+00 4.668106494774066029e+00 4.889150263931218987e+00 5.118618927610537384e+00 5.356676154688633673e+00 5.603612537652046477e+00 5.859389547817364985e+00 6.123414760889263952e+00 6.395188044453475662e+00 6.674736787312552266e+00 6.961279007324038481e+00 7.250254386669350737e+00 7.530356088285074634e+00 7.782730979541750749e+00 7.985796670204789116e+00 8.127230088994060964e+00 8.213458231576959534e+00 8.264515230085159203e+00 8.301343800249012972e+00 8.338940208359067796e+00 8.386320454105657518e+00 8.448657458184124280e+00 8.528959089684853723e+00 8.628842847288980877e+00 8.748970297144575525e+00 8.889592517098932944e+00 9.050873589521446050e+00 9.232569994180860107e+00 9.433530352562423005e+00 9.651894486764604153e+00 9.885925275287968716e+00 1.013422406158231048e+01 1.039450825640219200e+01 1.066187374269695631e+01 1.092771755097591502e+01 1.117839744637925037e+01 nan nan nan nan nan nan nan nan nan nan nan nan nan nan nan nan nan nan nan nan nan nan nan nan nan nan nan nan nan nan nan nan nan nan nan nan nan nan nan nan nan
4.606840285664697277e+00 3.938734664354375248e+00 3.363269378585597824e+00 2.874246268139664107e+00 2.465052554763499160e+00 2.128884025739463226e+00 1.858930511899108851e+00 1.648538146436310692e+00 1.491461656226167776e+00 1.382276739097849871e+00 1.316763222448700921e+00 1.291862484356515184e+00 1.305061981287942707e+00 1.353630218471736812e+00 1.434297959073214113e+00 1.543462776621161048e+00 1.677468170372820921e+00 1.832658136534075499e+00 2.005308148054746553e+00 2.191490531614830317e+00 2.386899769049024123e+00 2.587079479424374551e+00 2.788302739614433978e+00 2.988271696650131926e+00 3.185856271212788915e+00 3.380570379541786963e+00 3.572676767010338761e+00 3.763578533037304830e+00 3.955815289185975470e+00 4.152474697378885971e+00 4.356209943731873757e+00 4.568493815967567429e+00 4.789686681004555524e+00 5.019608086844544736e+00 5.257918636949656666e+00 5.504301750237183377e+00 5.758720207153859683e+00 6.021392693246169436e+00 6.292201301805444125e+00 6.570321907988270205e+00 6.854827100274301976e+00 7.145243555703079785e+00 7.440245127999050467e+00 7.734429961136878973e+00 8.015136713840927740e+00 8.262089403871588189e+00 8.453698148592923900e+00 8.580333212317590608e+00 8.652318806975559440e+00 8.691987608757898442e+00 8.720629924110674835e+00 8.752787103516840972e+00 8.796750269597787053e+00 8.856719278011869534e+00 8.934672467937209817e+00 9.031558989464439691e+00 9.147990664881263001e+00 9.284586059843693562e+00 9.441783032792038455e+00 9.619208033057827123e+00 9.815375028777499011e+00 1.002831673868447560e+01 1.025656443483031666e+01 1.049909463325398917e+01 1.075374858724394400e+01 1.101529737104971041e+01 1.127423605140950968e+01 nan nan nan nan nan nan nan nan nan nan nan nan nan nan nan nan nan nan nan nan nan nan nan nan nan nan nan nan nan nan nan nan nan nan nan nan nan nan nan nan nan nan
5.005018028505976879e+00 4.334746954075615832e+00 3.757352311224274377e+00 3.266573172841404471e+00 2.855663279882463268e+00 2.517631113203946835e+00 2.245488529646836540e+00 2.032496120206439105e+00 1.872470969930911222e+00 1.760201046579247919e+00 1.691779846451675784e+00 1.664462831396292586e+00 1.675900290299526363e+00 1.723234310033151973e+00 1.802774525560639107e+00 1.910380324451015355e+00 2.041975360815447615e+00 2.193680355095198653e+00 2.361596828827080330e+00 2.541479638614728032e+00 2.728578537382697178e+00 2.918151078146344002e+00 3.106716236993220193e+00 3.293012957429017895e+00 3.477742735077707259e+00 3.662571952240045725e+00 3.849282880884582259e+00 4.039403133775432586e+00 4.234384526266122606e+00 4.435983928640816920e+00 4.646110662250129586e+00 4.866120766126740271e+00 5.096376805932747445e+00 5.336463494199815472e+00 5.585677767627270640e+00 5.843470183817156993e+00 6.109763794532569570e+00 6.384856965095289993e+00 6.668757893161805228e+00 6.960654233739421493e+00 7.259297261909347654e+00 7.563594736207350344e+00 7.871649736149281651e+00 8.177760343249580899e+00 8.469003599360544143e+00 8.724357742468539456e+00 8.920872547654854046e+00 9.048007299600135056e+00 9.116878590357107015e+00 9.151817409451171059e+00 9.175982636023871208e+00 9.204956310619481386e+00 9.247094078946993534e+00 9.305891494270706943e+00 9.382388698551132222e+00 9.476954345852188766e+00 9.590205415343021400e+00 9.723057294315953669e+00 9.876065732683633414e+00 1.004868440125497031e+01 1.023931114171991652e+01 1.044624426917697235e+01 1.066851138416232025e+01 1.090537363302027174e+01 1.115450830266882498e+01 nan nan nan nan nan nan nan nan nan nan nan nan nan nan nan nan nan nan nan nan nan nan nan nan nan nan nan nan nan nan nan nan nan nan nan nan nan nan nan nan nan nan nan nan
5.439730825289614380e+00 4.766636189643656429e+00 4.186645490401065040e+00 3.693536703764134455e+00 3.280536006149137318e+00 2.940540411910819607e+00 2.666400038945576423e+00 2.451240468634967140e+00 2.288848467106192608e+00 2.174123517552222218e+00 2.103389559621858584e+00 2.074159400722484392e+00 2.084214743797584202e+00 2.130555149774406853e+00 2.209049953738637662e+00 2.314993679050839859e+00 2.443881964801642770e+00 2.591635701581920248e+00 2.754189992174044033e+00 2.926925098284519411e+00 3.104578185613505514e+00 3.282167551244971726e+00 3.456658374534295142e+00 3.628042519938443178e+00 3.798844573138391745e+00 3.972521242714960099e+00 4.151858819580437121e+00 4.338236374352846703e+00 4.532130162143279684e+00 4.734220861446321926e+00 4.945792668904524625e+00 5.168051018561789611e+00 5.401339173886697154e+00 5.645119673423876883e+00 5.898567459616906206e+00 6.161183160755797417e+00 6.433052899144368730e+00 6.714605702374417895e+00 7.005966864907946068e+00 7.306464481793404353e+00 7.614860811994108580e+00 7.929884794609172616e+00 8.249672588704449083e+00 8.569315184195581026e+00 8.877349332562458173e+00 9.153532069364480606e+00 9.372697000158913383e+00 9.518899004735258629e+00 9.599192581451729822e+00 9.638568084673188707e+00 9.663393805274548498e+00 9.691934237907338101e+00 9.733704302224063909e+00 9.792173198187903438e+00 9.867888995821939346e+00 9.960867282769008568e+00 1.007169621835348039e+01 1.020135956364182306e+01 1.035033163713264059e+01 1.051794523763097366e+01 1.070278637131360888e+01 1.090372366377376423e+01 1.112031431222018973e+01 nan nan nan nan nan nan nan nan nan nan nan nan nan nan nan nan nan nan nan nan nan nan nan nan nan nan nan nan nan nan nan nan nan nan nan nan nan nan nan nan nan nan nan nan nan nan
5.905442017437159130e+00 5.229327218161770041e+00 4.646403573851515034e+00 4.150534025184096087e+00 3.735000601465499948e+00 3.392697694312298839e+00 3.116415218214033889e+00 2.899200430369694104e+00 2.734801899308640039e+00 2.618162546773192823e+00 2.545726536895790648e+00 2.515139035966092340e+00 2.524212679126842662e+00 2.569763688834665771e+00 2.647240272965353025e+00 2.751415631604867684e+00 2.877393485297609299e+00 3.020918695350176542e+00 3.177775531506740414e+00 3.342990406371476375e+00 3.510865208683721317e+00 3.676372096598541361e+00 3.837180569972016286e+00 3.994631515356917628e+00 4.152754064239363885e+00 4.316087626805504840e+00 4.487738595487426707e+00 4.668749965032445992e+00 4.859012386614976364e+00 5.058714989116325000e+00 5.268832474901634200e+00 5.490340856570002259e+00 5.723319044282632717e+00 5.966975330912917208e+00 6.220438107051627696e+00 6.483437551908806107e+00 6.756328417864649438e+00 7.039601737204042031e+00 7.333328142328713106e+00 7.636896857663919569e+00 7.949239905304096965e+00 8.269283672299156507e+00 8.595717993546150737e+00 8.925191198097456535e+00 9.249043786233574593e+00 9.549967368131861534e+00 9.802428833268784558e+00 9.983509794569037865e+00 1.009089005135246886e+01 1.014618415602280876e+01 1.017855362705727806e+01 1.021017857805648532e+01 1.025305309525465702e+01 1.031169870530334798e+01 1.038695002428598002e+01 1.047884367773869485e+01 1.058790362852601774e+01 1.071495112503433411e+01 1.086026341622608271e+01 1.102319011100102486e+01 1.120273937782074292e+01 nan nan nan nan nan nan nan nan nan nan nan nan nan nan nan nan nan nan nan nan nan nan nan nan nan nan nan nan nan nan nan nan nan nan nan nan nan nan nan nan nan nan nan nan nan nan nan nan
6.397104092771980888e+00 5.718111011579364522e+00 5.132153450891367541e+00 4.633154047293747801e+00 4.214493788480411673e+00 3.869188832477517881e+00 3.590148856881457906e+00 3.370519032188648900e+00 3.204115121744969930e+00 3.085911183656650625e+00 3.012337106995937486e+00 2.980967898528076088e+00 2.989478437291618995e+00 3.034458467053341657e+00 3.111027677670948677e+00 3.213578101653611796e+00 3.336896857294133767e+00 3.476533281297615741e+00 3.628081567943127084e+00 3.786252902517839747e+00 3.945065849312314299e+00 4.099667445294232770e+00 4.248591597476591986e+00 4.394414454730479314e+00 4.542145962670669057e+00 4.696657515060883803e+00 4.860852402871135958e+00 5.035490055985598623e+00 5.220437335212924523e+00 5.416029244996930281e+00 5.623214937620671705e+00 5.842604347031759460e+00 6.073724246819691253e+00 6.315373905887936345e+00 6.566671212525938550e+00 6.827667143776584346e+00 7.098996043024669689e+00 7.381120049229497937e+00 7.673920603214465785e+00 7.976758029333310240e+00 8.288777848977657570e+00 8.609284737824111744e+00 8.937687090368534371e+00 9.272186290743356096e+00 9.606980922178561144e+00 9.928753895941602181e+00 1.021469719507463125e+01 1.043806767634791299e+01 1.058529803429448535e+01 1.066887911670544398e+01 1.071731528348493434e+01 1.075659968325279792e+01 1.080240959292945924e+01 1.086162844094987356e+01 1.093637745083367996e+01 1.102723910025013154e+01 1.113476736151042701e+01 1.125954339104547941e+01 nan nan nan nan nan nan nan nan nan nan nan nan nan nan nan nan nan nan nan nan nan nan nan nan nan nan nan nan nan nan nan nan nan nan nan nan nan nan nan nan nan nan nan nan nan nan nan nan nan nan nan
6.909862981447254526e+00 6.228201684148559458e+00 5.639161179274056579e+00 5.136662887518733456e+00 4.714207486654186319e+00 4.365054975667971071e+00 4.082436930315816781e+00 3.859816521751509910e+00 3.691231117276655205e+00 3.571700518115670242e+00 3.497492599118776191e+00 3.465870072648361333e+00 3.474179432477311202e+00 3.518780263428551436e+00 3.594663135365592677e+00 3.696101782048021533e+00 3.817696291281287291e+00 3.954724861806197200e+00 4.102437273873494661e+00 4.255176721449119626e+00 4.406770639205610074e+00 4.552671884022903015e+00 4.692298129186068145e+00 4.829235927033860065e+00 4.968991149146638975e+00 5.116244328847997735e+00 5.273473421617706158e+00 5.441377366369539281e+00 5.620274370585105039e+00 5.811019212678321999e+00 6.014609692992976875e+00 6.231149103704329839e+00 6.459477358932699254e+00 6.697980177448801697e+00 6.945822552729695509e+00 7.203364737258345585e+00 7.471433889595615163e+00 7.750400922705828144e+00 8.039963650316535038e+00 8.339498696621502560e+00 8.648458634523413124e+00 8.966665718408712848e+00 9.294248695273953587e+00 9.630546017989773944e+00 9.971792495860793082e+00 1.030819476942502533e+01 1.062135859601900734e+01 1.088551399026546385e+01 1.107906077898334196e+01 1.120173457499265446e+01 1.127565696857672428e+01 1.132838504032197946e+01 nan nan nan nan nan nan nan nan nan nan nan nan nan nan nan nan nan nan nan nan nan nan nan nan nan nan nan nan nan nan nan nan nan nan nan nan nan nan nan nan nan nan nan nan nan nan nan nan nan nan nan nan nan nan nan nan nan
7.437613763472281647e+00 6.753561520196290857e+00 6.161537116684793425e+00 5.655424028038750883e+00 5.228868994065497766e+00 4.875464507235017564e+00 4.588889342442247887e+00 4.363047775478956503e+00 4.192280034736727501e+00 4.071654803063723627e+00 3.997182774903459634e+00 3.965652594499471384e+00 3.973959498983937078e+00 4.018277548926570297e+00 4.093720370029472200e+00 4.194779113943791771e+00 4.316063057989410368e+00 4.452511807350358453e+00 4.598807267550242273e+00 4.748759603301086152e+00 4.895970548797497379e+00 5.036176840822404799e+00 5.169538933089755872e+00 5.300373675659557193e+00 5.434360236104937236e+00 5.575798890224810123e+00 5.726813396987752824e+00 5.888298439881514135e+00 6.061228532002619573e+00 6.246988742599673294e+00 6.446533492508787155e+00 6.659443670061422793e+00 6.883997702799371510e+00 7.118331538024203375e+00 7.361686298260027961e+00 7.614575111844331445e+00 7.877834860282844076e+00 8.151729884864790776e+00 8.435940530188803521e+00 8.730076985817721180e+00 9.034080484315355264e+00 9.348400392391193137e+00 9.673789233303221380e+00 1.001022262326056911e+01 1.035502321008410398e+01 1.070085205124303585e+01 1.103372608558803591e+01 1.133203331794227786e+01 nan nan nan nan nan nan nan nan nan nan nan nan nan nan nan nan nan nan nan nan nan nan nan nan nan nan nan nan nan nan nan nan nan nan nan nan nan nan nan nan nan nan nan nan nan nan nan nan nan nan nan nan nan nan nan nan nan nan nan nan nan
7.972653520228507595e+00 7.286807445285845120e+00 6.692367986460729945e+00 6.183211435969812264e+00 5.753165268743716254e+00 5.396159827737503356e+00 5.106275377613293642e+00 4.877775444183950704e+00 4.705235508128247091e+00 4.583765079765467654e+00 4.509161812961792748e+00 4.477784032056500330e+00 4.486095243510394681e+00 4.530135613050861210e+00 4.605305777976779424e+00 4.706581092241303388e+00 4.828816704615527478e+00 4.966679467897240130e+00 5.114186004201010327e+00 5.264487562095600204e+00 5.410855411393683312e+00 5.549102983861422977e+00 5.679743333866346333e+00 5.807401001819205710e+00 5.937717676144897538e+00 6.074714282200206483e+00 6.220448223818278777e+00 6.376218859606577638e+00 6.543603930180919015e+00 6.724304516976628676e+00 6.919136497091330718e+00 7.127336494322327631e+00 7.346962961512371493e+00 7.576142397290624331e+00 7.814137970544797973e+00 8.061329642256055195e+00 8.318318132040785073e+00 8.585277957041947516e+00 8.862136042559136229e+00 9.149061114543346918e+00 9.446696212629346334e+00 9.756128089352117172e+00 1.007849851885085180e+01 1.041394759997454855e+01 1.076020616337971170e+01 1.111152450808578429e+01 nan nan nan nan nan nan nan nan nan nan nan nan nan nan nan nan nan nan nan nan nan nan nan nan nan nan nan nan nan nan nan nan nan nan nan nan nan nan nan nan nan nan nan nan nan nan nan nan nan nan nan nan nan nan nan nan nan nan nan nan nan nan nan
8.507213516100975426e+00 7.820451236319725830e+00 7.224675817745525919e+00 6.713853377011150592e+00 6.281997011650076068e+00 5.923245929232465734e+00 5.631833676144115230e+00 5.402100075674443502e+00 5.228665239038116752e+00 5.106681811911180979e+00 5.031925123688984591e+00 5.000576863411472672e+00 5.008832799164403937e+00 5.052625258323208080e+00 5.127618423465055031e+00 5.229325420124509627e+00 5.353023001484864096e+00 5.493344257057206192e+00 5.643863246764395214e+00 5.797234894949990114e+00 5.946407363242754762e+00 6.086933909529635756e+00 6.218978799154242232e+00 6.346777887517726313e+00 6.475682425153809874e+00 6.609675447372603152e+00 6.751144355474593794e+00 6.901958926837882480e+00 7.064143986495931671e+00 7.239489570261762097e+00 7.428679665467051940e+00 7.630913063605407665e+00 7.844436523044600484e+00 8.067594426187811862e+00 8.299574933547853917e+00 8.540316579220668558e+00 8.789932080738690701e+00 9.048503061827037897e+00 9.316434471529152717e+00 9.594750379859890543e+00 9.884959735804116576e+00 1.018869349927302537e+01 1.050716006426562110e+01 1.084027530586458532e+01 1.118583541511159929e+01 nan nan nan nan nan nan nan nan nan nan nan nan nan nan nan nan nan nan nan nan nan nan nan nan nan nan nan nan nan nan nan nan nan nan nan nan nan nan nan nan nan nan nan nan nan nan nan nan nan nan nan nan nan nan nan nan nan nan nan nan nan nan nan nan
9.033736850374324945e+00 8.346712542829621384e+00 7.750758397807500977e+00 7.240051898319151746e+00 6.808727486511178206e+00 6.450874220919700086e+00 6.160495274198595439e+00 5.931626207055344047e+00 5.758693061972404159e+00 5.636887084061095621e+00 5.562183092141541607e+00 5.530911823858637888e+00 5.539249998143366938e+00 5.583064400406479777e+00 5.658131908494565820e+00 5.760313899474183152e+00 5.885277980360109851e+00 6.027866900491315683e+00 6.181696626473747180e+00 6.339479968404433841e+00 6.494179410155004994e+00 6.640883806199229689e+00 6.778605584348857072e+00 6.910259875015836606e+00 7.040455906540278974e+00 7.173277534602735983e+00 7.311771160478317100e+00 7.458498037105712797e+00 7.615814563796421410e+00 7.785493493563619971e+00 7.968186638383331299e+00 8.163345637025875234e+00 8.369729015851646636e+00 8.586088520446370609e+00 8.811514372113714799e+00 9.045322011364579140e+00 9.286947468038635023e+00 9.536319618827121758e+00 9.794409869341542674e+00 1.006323801261037509e+01 1.034522825528096490e+01 1.064242139732707493e+01 1.095582873802243284e+01 1.128492185022067851e+01 nan nan nan nan nan nan nan nan nan nan nan nan nan nan nan nan nan nan nan nan nan nan nan nan nan nan nan nan nan nan nan nan nan nan nan nan nan nan nan nan nan nan nan nan nan nan nan nan nan nan nan nan nan nan nan nan nan nan nan nan nan nan nan nan nan
9.539572200269343938e+00 8.852536528320060327e+00 8.257353156734435373e+00 7.748498096880332753e+00 7.320114812681807415e+00 6.965967890604273016e+00 6.679482449303215219e+00 6.454067863297539454e+00 6.283736131310529771e+00 6.163641080834246999e+00 6.090034122249768700e+00 6.059596017903373877e+00 6.068721493836234160e+00 6.113342644078155530e+00 6.189257715344699484e+00 6.292392419651702262e+00 6.418535495686099601e+00 6.562744254420483259e+00 6.719076599858371246e+00 6.880975555284526202e+00 7.042053601806639307e+00 7.197179215250976370e+00 7.343864050360603635e+00 7.482968355162365803e+00 7.617750128454225056e+00 7.752167990931188690e+00 7.889901830267729288e+00 8.034148953024493167e+00 8.187519295051165713e+00 8.351784020386459062e+00 8.527695623818139836e+00 8.715141183874770547e+00 8.913572107043435722e+00 9.122316355853405057e+00 9.340496931017433724e+00 9.566855710565636883e+00 9.800123499450933195e+00 1.004001908854739078e+01 1.028801599691641755e+01 1.054703593119223548e+01 1.082027928346469281e+01 1.111004330726580847e+01 nan nan nan nan nan nan nan nan nan nan nan nan nan nan nan nan nan nan nan nan nan nan nan nan nan nan nan nan nan nan nan nan nan nan nan nan nan nan nan nan nan nan nan nan nan nan nan nan nan nan nan nan nan nan nan nan nan nan nan nan nan nan nan nan nan nan nan
9.998688041854540742e+00 9.312178222714054598e+00 8.718847429713759922e+00 8.213461431964846682e+00 7.790085091449865828e+00 7.442050138051755859e+00 7.162114445164882603e+00 6.942983283658568538e+00 6.778141971818831379e+00 6.662531191736756675e+00 6.592485819330592633e+00 6.564933070574528351e+00 6.576547333264390893e+00 6.623504431702193607e+00 6.701750722931985038e+00 6.807191117563596627e+00 6.935447992574651721e+00 7.081510649801058044e+00 7.239836223879065003e+00 7.404865579844043921e+00 7.571362481182787540e+00 7.734599884850478446e+00 7.891128983885383974e+00 8.039915852643080285e+00 8.182567140833629793e+00 8.322347954829485417e+00 8.462964739161176198e+00 8.607784623499878052e+00 8.759458074317455711e+00 8.919770621604286021e+00 9.089680934402192491e+00 9.269590699914646237e+00 9.459706132371255904e+00 9.660062095039808838e+00 9.870055258745784599e+00 1.008815610832171039e+01 1.031265539257500485e+01 1.054317668016897258e+01 1.078156338362683542e+01 1.103127220256486751e+01 1.129585455730706478e+01 nan nan nan nan nan nan nan nan nan nan nan nan nan nan nan nan nan nan nan nan nan nan nan nan nan nan nan nan nan nan nan nan nan nan nan nan nan nan nan nan nan nan nan nan nan nan nan nan nan nan nan nan nan nan nan nan nan nan nan nan nan nan nan nan nan nan nan nan
1.037703169729045705e+01 9.692232819747323092e+00 9.101987394035299772e+00 8.601232069419557646e+00 8.183937592503655267e+00 7.843134862027105747e+00 7.571173636064830959e+00 7.360332978977907281e+00 7.203702643464889199e+00 7.095874852976177927e+00 7.032894820391114798e+00 7.011495115711091408e+00 7.028329008705186176e+00 7.079794357172728425e+00 7.162221609563274249e+00 7.271773609275035355e+00 7.403949230893720923e+00 7.553368323368779613e+00 7.714385691152149782e+00 7.881993534462254480e+00 8.051967220459285812e+00 8.220401704675504462e+00 8.383923412447883194e+00 8.540818987245268445e+00 8.691715775783613651e+00 8.838984450653775582e+00 8.985598081380063107e+00 9.134339425032589332e+00 9.287472213134467580e+00 9.446643778679517212e+00 9.612925780341484483e+00 9.787072419717402383e+00 9.969862072981808154e+00 1.016199008119226832e+01 1.036336191910577043e+01 1.057271522310718481e+01 1.078855650606667105e+01 1.101083305042188876e+01 1.124165023070586145e+01 nan nan nan nan nan nan nan nan nan nan nan nan nan nan nan nan nan nan nan nan nan nan nan nan nan nan nan nan nan nan nan nan nan nan nan nan nan nan nan nan nan nan nan nan nan nan nan nan nan nan nan nan nan nan nan nan nan nan nan nan nan nan nan nan nan nan nan nan nan nan
1.066223797545666763e+01 9.979801926220911668e+00 9.392906005640826450e+00 8.896525276437152741e+00 8.484573603845481315e+00 8.149995745258907576e+00 7.885095968315163795e+00 7.682151329874243650e+00 7.534197414093669387e+00 7.435590524462215356e+00 7.381907743645352404e+00 7.369268484102496686e+00 7.393784221924187605e+00 7.451658436106793459e+00 7.539501932229872416e+00 7.653981299256841453e+00 7.790822216663681132e+00 7.944347753627591935e+00 8.108385838427043524e+00 8.277664248283571169e+00 8.448111481150656132e+00 8.616208178124368899e+00 8.779079509441697127e+00 8.935627499091053139e+00 9.087008282379876789e+00 9.235666328799204905e+00 9.384152876403453192e+00 9.534708537075816892e+00 9.689230120462468676e+00 9.849080551760367896e+00 1.001490805328472788e+01 1.018695370854376492e+01 1.036572771658713066e+01 1.055215704295900103e+01 1.074682692918666227e+01 1.094940064534987556e+01 1.115935401802377669e+01 nan nan nan nan nan nan nan nan nan nan nan nan nan nan nan nan nan nan nan nan nan nan nan nan nan nan nan nan nan nan nan nan nan nan nan nan nan nan nan nan nan nan nan nan nan nan nan nan nan nan nan nan nan nan nan nan nan nan nan nan nan nan nan nan nan nan nan nan nan nan nan nan
1.087996709713354448e+01 1.019939000661240769e+01 9.614877804353135105e+00 9.121405896857808671e+00 8.712895445394694960e+00 8.382340026268966682e+00 8.122177232682373571e+00 7.924893243485150229e+00 7.783700386466157362e+00 7.692932759544013344e+00 7.647836562722660325e+00 7.643910387487773406e+00 7.676498659207616981e+00 7.741150754967651260e+00 7.834222353135361416e+00 7.952582105792645351e+00 8.092298747310229245e+00 8.247742279008544841e+00 8.412325065567957338e+00 8.580049958552351086e+00 8.746031375180159273e+00 8.906133546196672413e+00 9.057613561812681624e+00 9.200620764235809546e+00 9.338139077517293885e+00 9.474063446814676936e+00 9.611739824935449761e+00 9.753929628892370474e+00 9.902941343456259204e+00 1.006004734939910961e+01 1.022491482606294433e+01 1.039621044887675616e+01 1.057320247179323580e+01 1.075665988572236387e+01 1.094803672018230145e+01 1.114821973879458206e+01 nan nan nan nan nan nan nan nan nan nan nan nan nan nan nan nan nan nan nan nan nan nan nan nan nan nan nan nan nan nan nan nan nan nan nan nan nan nan nan nan nan nan nan nan nan nan nan nan nan nan nan nan nan nan nan nan nan nan nan nan nan nan nan nan nan nan nan nan nan nan nan nan nan
1.106956701718728020e+01 1.039022710552826823e+01 9.807138337854667043e+00 9.315299725647200546e+00 8.908702323752844876e+00 8.580456448134388125e+00 8.323174770623088747e+00 8.129565433384778217e+00 7.993030677465963407e+00 7.907932160219596440e+00 7.869293886542016558e+00 7.872157422192661791e+00 7.911242359683902770e+00 7.981390091022801059e+00 8.078333113132444510e+00 8.198624815962800128e+00 8.338375419898142127e+00 8.492088550526004198e+00 8.652993339588711308e+00 8.814334029679336879e+00 8.970010786769691435e+00 9.114886724243071114e+00 9.246444272698207456e+00 9.366631879669155225e+00 9.480865103013426776e+00 9.594958122733212136e+00 9.713442531046911910e+00 9.839865209823203784e+00 9.976985707322137742e+00 1.012586058457806359e+01 1.028505893708206109e+01 1.045170153239807576e+01 1.062405458671578629e+01 1.080311702687075304e+01 1.099146156095815208e+01 1.119095322051523489e+01 nan nan nan nan nan nan nan nan nan nan nan nan nan nan nan nan nan nan nan nan nan nan nan nan nan nan nan nan nan nan nan nan nan nan nan nan nan nan nan nan nan nan nan nan nan nan nan nan nan nan nan nan nan nan nan nan nan nan nan nan nan nan nan nan nan nan nan nan nan nan nan nan nan
1.126009798253832983e+01 1.058189174219271145e+01 9.999945652132407048e+00 9.509278008899755719e+00 9.103955447461983042e+00 8.777222714354353528e+00 8.521885482609567575e+00 8.330872420054454608e+00 8.197739033812716514e+00 8.116803413952624169e+00 8.082797869257356993e+00 8.090322515904668776e+00 8.133648009209965224e+00 8.207178288913215880e+00 8.306152463444478329e+00 8.426624091218528179e+00 8.564365009165801013e+00 8.713715028062733126e+00 8.867619545109215906e+00 9.018584682227029248e+00 9.159483657684464930e+00 9.284751355471643208e+00 9.392931437758498703e+00 9.488253334604911160e+00 9.578376348799375606e+00 9.670504492609920177e+00 9.769793610620808977e+00 9.879986193557899199e+00 1.000371580403601435e+01 1.014151348535837194e+01 1.029106935615616436e+01 1.044869564613302160e+01 1.061255229867019878e+01 1.078443292743538784e+01 1.096801442325812204e+01 1.116568699252044183e+01 nan nan nan nan nan nan nan nan nan nan nan nan nan nan nan nan nan nan nan nan nan nan nan nan nan nan nan nan nan nan nan nan nan nan nan nan nan nan nan nan nan nan nan nan nan nan nan nan nan nan nan nan nan nan nan nan nan nan nan nan nan nan nan nan nan nan nan nan nan nan nan nan nan
nan 1.079102065712547365e+01 1.021036864911118514e+01 9.720954709514616709e+00 9.316857634513976194e+00 8.991412190164920659e+00 8.737609974237125599e+00 8.548616709118892487e+00 8.418139773803805070e+00 8.340395586209133683e+00 8.309715081478822540e+00 8.320175981214378069e+00 8.365681717116979499e+00 8.440503374106295809e+00 8.539756277724787736e+00 8.659133986661824878e+00 8.793852080382629666e+00 8.937682609815544410e+00 9.082970128176008018e+00 9.221456505372930934e+00 9.345425317513734953e+00 9.449768666895966618e+00 9.534880086489318174e+00 9.607295420126401808e+00 9.676245725997317138e+00 9.749507791981844917e+00 9.832191356478471533e+00 9.927718718203774273e+00 1.003826178916917122e+01 1.016380943821196325e+01 1.030161025061284796e+01 1.044796325419940430e+01 1.060163476244763991e+01 1.076537199673657241e+01 1.094355843927905880e+01 1.113859840388562183e+01 nan nan nan nan nan nan nan nan nan nan nan nan nan nan nan nan nan nan nan nan nan nan nan nan nan nan nan nan nan nan nan nan nan nan nan nan nan nan nan nan nan nan nan nan nan nan nan nan nan nan nan nan nan nan nan nan nan nan nan nan nan nan nan nan nan nan nan nan nan nan nan nan nan
nan 1.102691828022647336e+01 1.044767920192335353e+01 9.959634430242186198e+00 9.556802834997426999e+00 9.232544244063413785e+00 8.979999634492076055e+00 8.792560739856337904e+00 8.664080538058447800e+00 8.588659222950065342e+00 8.560210802233072513e+00 8.572297610074155472e+00 8.618525836395441786e+00 8.693202957449296164e+00 8.791553383821641532e+00 8.909071522687321831e+00 9.040373132907356890e+00 9.178423118518983514e+00 9.314700487378084759e+00 9.440153315441005333e+00 9.546877593117548244e+00 9.630892455108826411e+00 9.694805814357769336e+00 9.747161569850431917e+00 9.798074664383147336e+00 9.855250430008394957e+00 9.923336834324835820e+00 1.000524916621658456e+01 1.010270647164513846e+01 1.021538369858241602e+01 1.034057187776059550e+01 1.047515242646865907e+01 1.061882309318698603e+01 1.077506858729144668e+01 1.094841317125833768e+01 1.114081602538059101e+01 nan nan nan nan nan nan nan nan nan nan nan nan nan nan nan nan nan nan nan nan nan nan nan nan nan nan nan nan nan nan nan nan nan nan nan nan nan nan nan nan nan nan nan nan nan nan nan nan nan nan nan nan nan nan nan nan nan nan nan nan nan nan nan nan nan nan nan nan nan nan nan nan nan
nan 1.129615032878233905e+01 1.071808531645702089e+01 1.023112364539758801e+01 9.829215069484527945e+00 9.505737070593484717e+00 9.253964352882654509e+00 9.067476801613727488e+00 8.940222037001316124e+00 8.866171001127131746e+00 8.838900684544245934e+00 8.851615173184709917e+00 8.897759509220623642e+00 8.971711849021753338e+00 9.068773998172922290e+00 9.184237090491000899e+00 9.312137663822724676e+00 9.444574773225975051e+00 9.572017185484831714e+00 9.684601875445277841e+00 9.774539077753789940e+00 9.839390332339178258e+00 9.884051387803935995e+00 9.918692423313242301e+00 9.953782463419379667e+00 9.996579855417570215e+00 1.005114641681383247e+01 1.011995586309540762e+01 1.020443809001735680e+01 1.030420226832419139e+01 1.041691630950873204e+01 1.054032762513976529e+01 1.067506002647895968e+01 1.082497935608265927e+01 1.099427278494955473e+01 1.118415688076821723e+01 nan nan nan nan nan nan nan nan nan nan nan nan nan nan nan nan nan nan nan nan nan nan nan nan nan nan nan nan nan nan nan nan nan nan nan nan nan nan nan nan nan nan nan nan nan nan nan nan nan nan nan nan nan nan nan nan nan nan nan nan nan nan nan nan nan nan nan nan nan nan nan nan nan
nan nan 1.102635694650076736e+01 1.053958805549922850e+01 1.013762970574439670e+01 9.813956136388338081e+00 9.562022270872670759e+00 9.375574663498191796e+00 9.248585746616434733e+00 9.174867514585120176e+00 9.147761079582529931e+00 9.160326349684682512e+00 9.206020214708955152e+00 9.279276711169854863e+00 9.375310908403040600e+00 9.489071731537425336e+00 9.613970897213313549e+00 9.741180303116429684e+00 9.860040320629046562e+00 9.959900928387618535e+00 1.003339556419692968e+01 1.007994645453938887e+01 1.010667609797556032e+01 1.012499201991645137e+01 1.014536785685709397e+01 1.017453397774736601e+01 1.021610645462206612e+01 1.027229526011785765e+01 1.034435222478984073e+01 1.043190095179742904e+01 1.053306239783718468e+01 1.064643757762988585e+01 1.077338973807067468e+01 1.091786508358995711e+01 1.108345818871374000e+01 1.127055953681109557e+01 nan nan nan nan nan nan nan nan nan nan nan nan nan nan nan nan nan nan nan nan nan nan nan nan nan nan nan nan nan nan nan nan nan nan nan nan nan nan nan nan nan nan nan nan nan nan nan nan nan nan nan nan nan nan nan nan nan nan nan nan nan nan nan nan nan nan nan nan nan nan nan nan nan
nan nan nan 1.088733035275551408e+01 1.048378850073235746e+01 1.015842501191344383e+01 9.904955535541571265e+00 9.717304778903669060e+00 9.589436491606170065e+00 9.514998603016344703e+00 9.487179006681085269e+00 9.499038402410661774e+00 9.544144625590449849e+00 9.616953269687405381e+00 9.712454110961482812e+00 9.825104925214203533e+00 9.947556267100269523e+00 1.006988619254347483e+01 1.018017719393867893e+01 1.026710768341230207e+01 1.032410451281098140e+01 1.035268748079774248e+01 1.036201649895053833e+01 1.036437211543210957e+01 1.037011793648932390e+01 1.038568203804361190e+01 1.041455056254208067e+01 1.045881016304708133e+01 1.051947762150792087e+01 1.059607123669219497e+01 1.068703445012038777e+01 1.079162566891794839e+01 1.091169099839002321e+01 1.105105707258563541e+01 1.121268494391718740e+01 nan nan nan nan nan nan nan nan nan nan nan nan nan nan nan nan nan nan nan nan nan nan nan nan nan nan nan nan nan nan nan nan nan nan nan nan nan nan nan nan nan nan nan nan nan nan nan nan nan nan nan nan nan nan nan nan nan nan nan nan nan nan nan nan nan nan nan nan nan nan nan nan nan nan
nan nan nan 1.127434864471012865e+01 1.086741088511385556e+01 1.053864035801897003e+01 1.028206373916791527e+01 1.009180293421938579e+01 9.961841072931811425e+00 9.885728040111038339e+00 9.856574404058488170e+00 9.867458131117949449e+00 9.911980569823120035e+00 9.984496248246692574e+00 1.007967718031046189e+01 1.019143099727387103e+01 1.031155514938211937e+01 1.042889768354703151e+01 1.053023751606921365e+01 1.060377174569624437e+01 1.064400760753219188e+01 1.065457493709289949e+01 1.064635559619213723e+01 1.063227265107621022e+01 1.062275317918536466e+01 1.062435423187318229e+01 1.064073602354726766e+01 1.067385059395604330e+01 1.072429033721341796e+01 1.079129111879696801e+01 1.087345458994403380e+01 1.097044807017364754e+01 1.108430343799235196e+01 1.121855877171742399e+01 nan nan nan nan nan nan nan nan nan nan nan nan nan nan nan nan nan nan nan nan nan nan nan nan nan nan nan nan nan nan nan nan nan nan nan nan nan nan nan nan nan nan nan nan nan nan nan nan nan nan nan nan nan nan nan nan nan nan nan nan nan nan nan nan nan nan nan nan nan nan nan nan nan nan nan
nan nan nan nan 1.128660150694808628e+01 1.095284708442117250e+01 1.069173114977863648e+01 1.049757651811282777e+01 1.036445413491602707e+01 1.028593587855362124e+01 1.025512118054807154e+01 1.026500331783263675e+01 1.030895794817478262e+01 1.038098230547450740e+01 1.047533701648639592e+01 1.058545165826155632e+01 1.070239066597348909e+01 1.081386942160019515e+01 1.090547423670843052e+01 1.096505383934257338e+01 1.098820636889619884e+01 1.098043677381056327e+01 1.095406480274761130e+01 1.092267636725046742e+01 1.089712687421909898e+01 1.088447348613610544e+01 1.088862084757192505e+01 1.091120709358386520e+01 1.095223657064176770e+01 1.101063759746763715e+01 1.108514864545671408e+01 1.117564878727384681e+01 1.128402654807949546e+01 nan nan nan nan nan nan nan nan nan nan nan nan nan nan nan nan nan nan nan nan nan nan nan nan nan nan nan nan nan nan nan nan nan nan nan nan nan nan nan nan nan nan nan nan nan nan nan nan nan nan nan nan nan nan nan nan nan nan nan nan nan nan nan nan nan nan nan nan nan nan nan nan nan nan nan nan
nan nan nan nan nan nan 1.113214263378463897e+01 1.093321673719718490e+01 1.079621449476169914e+01 1.071482294214452224e+01 1.068214895471125025e+01 1.069093865469892890e+01 1.073402328931642735e+01 1.080475006627249712e+01 1.089690176482680251e+01 1.100363207536263843e+01 1.111561159501887097e+01 1.121972177946685889e+01 1.130048907360498056e+01 1.134534756110044817e+01 nan 1.132402199730578474e+01 1.127876092647430539e+01 1.122946441498382697e+01 1.118767117100562025e+01 1.116095534835299752e+01 1.115322353573743541e+01 1.116557643755980322e+01 1.119745638189782611e+01 1.124770357031747992e+01 1.131535015412097600e+01 nan nan nan nan nan nan nan nan nan nan nan nan nan nan nan nan nan nan nan nan nan nan nan nan nan nan nan nan nan nan nan nan nan nan nan nan nan nan nan nan nan nan nan nan nan nan nan nan nan nan nan nan nan nan nan nan nan nan nan nan nan nan nan nan nan nan nan nan nan nan nan nan nan nan nan nan nan nan
nan nan nan nan nan nan nan nan 1.125642120852847938e+01 1.117177878901319765e+01 1.113679974962660424e+01 1.114385395997287098e+01 1.118503698369558563e+01 1.125291032341835518e+01 1.134084211577111390e+01 nan nan nan nan nan nan nan nan nan nan nan nan nan nan nan nan nan nan nan nan nan nan nan nan nan nan nan nan nan nan nan nan nan nan nan nan nan nan nan nan nan nan nan nan nan nan nan nan nan nan nan nan nan nan nan nan nan nan nan nan nan nan nan nan nan nan nan nan nan nan nan nan nan nan nan nan nan nan nan nan nan nan nan nan nan nan nan nan nan nan nan nan nan nan
nan nan nan nan nan nan nan nan nan nan nan nan nan nan nan nan nan nan nan nan nan nan nan nan nan nan nan nan nan nan nan nan nan nan nan nan nan nan nan nan nan nan nan nan nan nan nan nan nan nan nan nan nan nan nan nan nan nan nan nan nan nan nan nan nan nan nan nan nan nan nan nan nan nan nan nan nan nan nan nan nan nan nan nan nan nan nan nan nan nan nan nan nan nan nan nan nan nan nan nan nan nan nan nan nan nan nan nan nan
nan nan nan nan nan nan nan nan nan nan nan nan nan nan nan nan nan nan nan nan nan nan nan nan nan nan nan nan nan nan nan nan nan nan nan nan nan nan nan nan nan nan nan nan nan nan nan nan nan nan nan nan nan nan nan nan nan nan nan nan nan nan nan nan nan nan nan nan nan nan nan nan nan nan nan nan nan nan nan nan nan nan nan nan nan nan nan nan nan nan nan nan nan nan nan nan nan nan nan nan nan nan nan nan nan nan nan nan nan
nan nan nan nan nan nan nan nan nan nan nan nan nan nan nan nan nan nan nan nan nan nan nan nan nan nan nan nan nan nan nan nan nan nan nan nan nan nan nan nan nan nan nan nan nan nan nan nan nan nan nan nan nan nan nan nan nan nan nan nan nan nan nan nan nan nan nan nan nan nan nan nan nan nan nan nan nan nan nan nan nan nan nan nan nan nan nan nan nan nan nan nan nan nan nan nan nan nan nan nan nan nan nan nan nan nan nan nan nan
nan nan nan nan nan nan nan nan nan nan nan nan nan nan nan nan nan nan nan nan nan nan nan nan nan nan nan nan nan nan nan nan nan nan nan nan nan nan nan nan nan nan nan nan nan nan nan nan nan nan nan nan nan nan nan nan nan nan nan nan nan nan nan nan nan nan nan nan nan nan nan nan nan nan nan nan nan nan nan nan nan nan nan nan nan nan nan nan nan nan nan nan nan nan nan nan nan nan nan nan nan nan nan nan nan nan nan nan nan
nan nan nan nan nan nan nan nan nan nan nan nan nan nan nan nan nan nan nan nan nan nan nan nan nan nan nan nan nan nan nan nan nan nan nan nan nan nan nan nan nan nan nan nan nan nan nan nan nan nan nan nan nan nan nan nan nan nan nan nan nan nan nan nan nan nan nan nan nan nan nan nan nan nan nan nan nan nan nan nan nan nan nan nan nan nan nan nan nan nan nan nan nan nan nan nan nan nan nan nan nan nan nan nan nan nan nan nan nan
nan nan nan nan nan nan nan nan nan nan nan nan nan nan nan nan nan nan nan nan nan nan nan nan nan nan nan nan nan nan nan nan nan nan nan nan nan nan nan nan nan nan nan nan nan nan nan nan nan nan nan nan nan nan nan nan nan nan nan nan nan nan nan nan nan nan nan nan nan nan nan nan nan nan nan nan nan nan nan nan nan nan nan nan nan nan nan nan nan nan nan nan nan nan nan nan nan nan nan nan nan nan nan nan nan nan nan nan nan
nan nan nan nan nan nan nan nan nan nan nan nan nan nan nan nan nan nan nan nan nan nan nan nan nan nan nan nan nan nan nan nan nan nan nan nan nan nan nan nan nan nan nan nan nan nan nan nan nan nan nan nan nan nan nan nan nan nan nan nan nan nan nan nan nan nan nan nan nan nan nan nan nan nan nan nan nan nan nan nan nan nan nan nan nan nan nan nan nan nan nan nan nan nan nan nan nan nan nan nan nan nan nan nan nan nan nan nan nan
nan nan nan nan nan nan nan nan nan nan nan nan nan nan nan nan nan nan nan nan nan nan nan nan nan nan nan nan nan nan nan nan nan nan nan nan nan nan nan nan nan nan nan nan nan nan nan nan nan nan nan nan nan nan nan nan nan nan nan nan nan nan nan nan nan nan nan nan nan nan nan nan nan nan nan nan nan nan nan nan nan nan nan nan nan nan nan nan nan nan nan nan nan nan nan nan nan nan nan nan nan nan nan nan nan nan nan nan nan
nan nan nan nan nan nan nan nan nan nan nan nan nan nan nan nan nan nan nan nan nan nan nan nan nan nan nan nan nan nan nan nan nan nan nan nan nan nan nan nan nan nan nan nan nan nan nan nan nan nan nan nan nan nan nan nan nan nan nan nan nan nan nan nan nan nan nan nan nan nan nan nan nan nan nan nan nan nan nan nan nan nan nan nan nan nan nan nan nan nan nan nan nan nan nan nan nan nan nan nan nan nan nan nan nan nan nan nan nan
nan nan nan nan nan nan nan nan nan nan nan nan nan nan nan nan nan nan nan nan nan nan nan nan nan nan nan nan nan nan nan nan nan nan nan nan nan nan nan nan nan nan nan nan nan nan nan nan nan nan nan nan nan nan nan nan nan nan nan nan nan nan nan nan nan nan nan nan nan nan nan nan nan nan nan nan nan nan nan nan nan nan nan nan nan nan nan nan nan nan nan nan nan nan nan nan nan nan nan nan nan nan nan nan nan nan nan nan nan
nan nan nan nan nan nan nan nan nan nan nan nan nan nan nan nan nan nan nan nan nan nan nan nan nan nan nan nan nan nan nan nan nan nan nan nan nan nan nan nan nan nan nan nan nan nan nan nan nan nan nan nan nan nan nan nan nan nan nan nan nan nan nan nan nan nan nan nan nan nan nan nan nan nan nan nan nan nan nan nan nan nan nan nan nan nan nan nan nan nan nan nan nan nan nan nan nan nan nan nan nan nan nan nan nan nan nan nan nan
nan nan nan nan nan nan nan nan nan nan nan nan nan nan nan nan nan nan nan nan nan nan nan nan nan nan nan nan nan nan nan nan nan nan nan nan nan nan nan nan nan nan nan nan nan nan nan nan nan nan nan nan nan nan nan nan nan nan nan nan nan nan nan nan nan nan nan nan nan nan nan nan nan nan nan nan nan nan nan nan nan nan nan nan nan nan nan nan nan nan nan nan nan nan nan nan nan nan nan nan nan nan nan nan nan nan nan nan nan
nan nan nan nan nan nan nan nan nan nan nan nan nan nan nan nan nan nan nan nan nan nan nan nan nan nan nan nan nan nan nan nan nan nan nan nan nan nan nan nan nan nan nan nan nan nan nan nan nan nan nan nan nan nan nan nan nan nan nan nan nan nan nan nan nan nan nan nan nan nan nan nan nan nan nan nan nan nan nan nan nan nan nan nan nan nan nan nan nan nan nan nan nan nan nan nan nan nan nan nan nan nan nan nan nan nan nan nan nan
nan nan nan nan nan nan nan nan nan nan nan nan nan nan nan nan nan nan nan nan nan nan nan nan nan nan nan nan nan nan nan nan nan nan nan nan nan nan nan nan nan nan nan nan nan nan nan nan nan nan nan nan nan nan nan nan nan nan nan nan nan nan nan nan nan nan nan nan nan nan nan nan nan nan nan nan nan nan nan nan nan nan nan nan nan nan nan nan nan nan nan nan nan nan nan nan nan nan nan nan nan nan nan nan nan nan nan nan nan
nan nan nan nan nan nan nan nan nan nan nan nan nan nan nan nan nan nan nan nan nan nan nan nan nan nan nan nan nan nan nan nan nan nan nan nan nan nan nan nan nan nan nan nan nan nan nan nan nan nan nan nan nan nan nan nan nan nan nan nan nan nan nan nan nan nan nan nan nan nan nan nan nan nan nan nan nan nan nan nan nan nan nan nan nan nan nan nan nan nan nan nan nan nan nan nan nan nan nan nan nan nan nan nan nan nan nan nan nan
nan nan nan nan nan nan nan nan nan nan nan nan nan nan nan nan nan nan nan nan nan nan nan nan nan nan nan nan nan nan nan nan nan nan nan nan nan nan nan nan nan nan nan nan nan nan nan nan nan nan nan nan nan nan nan nan nan nan nan nan nan nan nan nan nan nan nan nan nan nan nan nan nan nan nan nan nan nan nan nan nan nan nan nan nan nan nan nan nan nan nan nan nan nan nan nan nan nan nan nan nan nan nan nan nan nan nan nan nan
nan nan nan nan nan nan nan nan nan nan nan nan nan nan nan nan nan nan nan nan nan nan nan nan nan nan nan nan nan nan nan nan nan nan nan nan nan nan nan nan nan nan nan nan nan nan nan nan nan nan nan nan nan nan nan nan nan nan nan nan nan nan nan nan nan nan nan nan nan nan nan nan nan nan nan nan nan nan nan nan nan nan nan nan nan nan nan nan nan nan nan nan nan nan nan nan nan nan nan nan nan nan nan nan nan nan nan nan nan
nan nan nan nan nan nan nan nan nan nan nan nan nan nan nan nan nan nan nan nan nan nan nan nan nan nan nan nan nan nan nan nan nan nan nan nan nan nan nan nan nan nan nan nan nan nan nan nan nan nan nan nan nan nan nan nan nan nan nan nan nan nan nan nan nan nan nan nan nan nan nan nan nan nan nan nan nan nan nan nan nan nan nan nan nan nan nan nan nan nan nan nan nan nan nan nan nan nan nan nan nan nan nan nan nan nan nan nan nan
nan nan nan nan nan nan nan nan nan nan nan nan nan nan nan nan nan nan nan nan nan nan nan nan nan nan nan nan nan nan nan nan nan nan nan nan nan nan nan nan nan nan nan nan nan nan nan nan nan nan nan nan nan nan nan nan nan nan nan nan nan nan nan nan nan nan nan nan nan nan nan nan nan nan nan nan nan nan nan nan nan nan nan nan nan nan nan nan nan nan nan nan nan nan nan nan nan nan nan nan nan nan nan nan nan nan nan nan nan
nan nan nan nan nan nan nan nan nan nan nan nan nan nan nan nan nan nan nan nan nan nan nan nan nan nan nan nan nan nan nan nan nan nan nan nan nan nan nan nan nan nan nan nan nan nan nan nan nan nan nan nan nan nan nan nan nan nan nan nan nan nan nan nan nan nan nan nan nan nan nan nan nan nan nan nan nan nan nan nan nan nan nan nan nan nan nan nan nan nan nan nan nan nan nan nan nan nan nan nan nan nan nan nan nan nan nan nan nan
nan nan nan nan nan nan nan nan nan nan nan nan nan nan nan nan nan nan nan nan nan nan nan nan nan nan nan nan nan nan nan nan nan nan nan nan nan nan nan nan nan nan nan nan nan nan nan nan nan nan nan nan nan nan nan nan nan nan nan nan nan nan nan nan nan nan nan nan nan nan nan nan nan nan nan nan nan nan nan nan nan nan nan nan nan nan nan nan nan nan nan nan nan nan nan nan nan nan nan nan nan nan nan nan nan nan nan nan nan
nan nan nan nan nan nan nan nan nan nan nan nan nan nan nan nan nan nan nan nan nan nan nan nan nan nan nan nan nan nan nan nan nan nan nan nan nan nan nan nan nan nan nan nan nan nan nan nan nan nan nan nan nan nan nan nan nan nan nan nan nan nan nan nan nan nan nan nan nan nan nan nan nan nan nan nan nan nan nan nan nan nan nan nan nan nan nan nan nan nan nan nan nan nan nan nan nan nan nan nan nan nan nan nan nan nan nan nan nan
nan nan nan nan nan nan nan nan nan nan nan nan nan nan nan nan nan nan nan nan nan nan nan nan nan nan nan nan nan nan nan nan nan nan nan nan nan nan nan nan nan nan nan nan nan nan nan nan nan nan nan nan nan nan nan nan nan nan nan nan nan nan nan nan nan nan nan nan nan nan nan nan nan nan nan nan nan nan nan nan nan nan nan nan nan nan nan nan nan nan nan nan nan nan nan nan nan nan nan nan nan nan nan nan nan nan nan nan nan
nan nan nan nan nan nan nan nan nan nan nan nan nan nan nan nan nan nan nan nan nan nan nan nan nan nan nan nan nan nan nan nan nan nan nan nan nan nan nan nan nan nan nan nan nan nan nan nan nan nan nan nan nan nan nan nan nan nan nan nan nan nan nan nan nan nan nan nan nan nan nan nan nan nan nan nan nan nan nan nan nan nan nan nan nan nan nan nan nan nan nan nan nan nan nan nan nan nan nan nan nan nan nan nan nan nan nan nan nan
nan nan nan nan nan nan nan nan nan nan nan nan nan nan nan nan nan nan nan nan nan nan nan nan nan nan nan nan nan nan nan nan nan nan nan nan nan nan nan nan nan nan nan nan nan nan nan nan nan nan nan nan nan nan nan nan nan nan nan nan nan nan nan nan nan nan nan nan nan nan nan nan nan nan nan nan nan nan nan nan nan nan nan nan nan nan nan nan nan nan nan nan nan nan nan nan nan nan nan nan nan nan nan nan nan nan nan nan nan
nan nan nan nan nan nan nan nan nan nan nan nan nan nan nan nan nan nan nan nan nan nan nan nan nan nan nan nan nan nan nan nan nan nan nan nan nan nan nan nan nan nan nan nan nan nan nan nan nan nan nan nan nan nan nan nan nan nan nan nan nan nan nan nan nan nan nan nan nan nan nan nan nan nan nan nan nan nan nan nan nan nan nan nan nan nan nan nan nan nan nan nan nan nan nan nan nan nan nan nan nan nan nan nan nan nan nan nan nan
nan nan nan nan nan nan nan nan nan nan nan nan nan nan nan nan nan nan nan nan nan nan nan nan nan nan nan nan nan nan nan nan nan nan nan nan nan nan nan nan nan nan nan nan nan nan nan nan nan nan nan nan nan nan nan nan nan nan nan nan nan nan nan nan nan nan nan nan nan nan nan nan nan nan nan nan nan nan nan nan nan nan nan nan nan nan nan nan nan nan nan nan nan nan nan nan nan nan nan nan nan nan nan nan nan nan nan nan nan
nan nan nan nan nan nan nan nan nan nan nan nan nan nan nan nan nan nan nan nan nan nan nan nan nan nan nan nan nan nan nan nan nan nan nan nan nan nan nan nan nan nan nan nan nan nan nan nan nan nan nan nan nan nan nan nan nan nan nan nan nan nan nan nan nan nan nan nan nan nan nan nan nan nan nan nan nan nan nan nan nan nan nan nan nan nan nan nan nan nan nan nan nan nan nan nan nan nan nan nan nan nan nan nan nan nan nan nan nan
nan nan nan nan nan nan nan nan nan nan nan nan nan nan nan nan nan nan nan nan nan nan nan nan nan nan nan nan nan nan nan nan nan nan nan nan nan nan nan nan nan nan nan nan nan nan nan nan nan nan nan nan nan nan nan nan nan nan nan nan nan nan nan nan nan nan nan nan nan nan nan nan nan nan nan nan nan nan nan nan nan nan nan nan nan nan nan nan nan nan nan nan nan nan nan nan nan nan nan nan nan nan nan nan nan nan nan nan nan
nan nan nan nan nan nan nan nan nan nan nan nan nan nan nan nan nan nan nan nan nan nan nan nan nan nan nan nan nan nan nan nan nan nan nan nan nan nan nan nan nan nan nan nan nan nan nan nan nan nan nan nan nan nan nan nan nan nan nan nan nan nan nan nan nan nan nan nan nan nan nan nan nan nan nan nan nan nan nan nan nan nan nan nan nan nan nan nan nan nan nan nan nan nan nan nan nan nan nan nan nan nan nan nan nan nan nan nan nan
nan nan nan nan nan nan nan nan nan nan nan nan nan nan nan nan nan nan nan nan nan nan nan nan nan nan nan nan nan nan nan nan nan nan nan nan nan nan nan nan nan nan nan nan nan nan nan nan nan nan nan nan nan nan nan nan nan nan nan nan nan nan nan nan nan nan nan nan nan nan nan nan nan nan nan nan nan nan nan nan nan nan nan nan nan nan nan nan nan nan nan nan nan nan nan nan nan nan nan nan nan nan nan nan nan nan nan nan nan
nan nan nan nan nan nan nan nan nan nan nan nan nan nan nan nan nan nan nan nan nan nan nan nan nan nan nan nan nan nan nan nan nan nan nan nan nan nan nan nan nan nan nan nan nan nan nan nan nan nan nan nan nan nan nan nan nan nan nan nan nan nan nan nan nan nan nan nan nan nan nan nan nan nan nan nan nan nan nan nan nan nan nan nan nan nan nan nan nan nan nan nan nan nan nan nan nan nan nan nan nan nan nan nan nan nan nan nan nan
nan nan nan nan nan nan nan nan nan nan nan nan nan nan nan nan nan nan nan nan nan nan nan nan nan nan nan nan nan nan nan nan nan nan nan nan nan nan nan nan nan nan nan nan nan nan nan nan nan nan nan nan nan nan nan nan nan nan nan nan nan nan nan nan nan nan nan nan nan nan nan nan nan nan nan nan nan nan nan nan nan nan nan nan nan nan nan nan nan nan nan nan nan nan nan nan nan nan nan nan nan nan nan nan nan nan nan nan nan
nan nan nan nan nan nan nan nan nan nan nan nan nan nan nan nan nan nan nan nan nan nan nan nan nan nan nan nan nan nan nan nan nan nan nan nan nan nan nan nan nan nan nan nan nan nan nan nan nan nan nan nan nan nan nan nan nan nan nan nan nan nan nan nan nan nan nan nan nan nan nan nan nan nan nan nan nan nan nan nan nan nan nan nan nan nan nan nan nan nan nan nan nan nan nan nan nan nan nan nan nan nan nan nan nan nan nan nan nan
nan nan nan nan nan nan nan nan nan nan nan nan nan nan nan nan nan nan nan nan nan nan nan nan nan nan nan nan nan nan nan nan nan nan nan nan nan nan nan nan nan nan nan nan nan nan nan nan nan nan nan nan nan nan nan nan nan nan nan nan nan nan nan nan nan nan nan nan nan nan nan nan nan nan nan nan nan nan nan nan nan nan nan nan nan nan nan nan nan nan nan nan nan nan nan nan nan nan nan nan nan nan nan nan nan nan nan nan nan
nan nan nan nan nan nan nan nan nan nan nan nan nan nan nan nan nan nan nan nan nan nan nan nan nan nan nan nan nan nan nan nan nan nan nan nan nan nan nan nan nan nan nan nan nan nan nan nan nan nan nan nan nan nan nan nan nan nan nan nan nan nan nan nan nan nan nan nan nan nan nan nan nan nan nan nan nan nan nan nan nan nan nan nan nan nan nan nan nan nan nan nan nan nan nan nan nan nan nan nan nan nan nan nan nan nan nan nan nan
nan nan nan nan nan nan nan nan nan nan nan nan nan nan nan nan nan nan nan nan nan nan nan nan nan nan nan nan nan nan nan nan nan nan nan nan nan nan nan nan nan nan nan nan nan nan nan nan nan nan nan nan nan nan nan nan nan nan nan nan nan nan nan nan nan nan nan nan nan nan nan nan nan nan nan nan nan nan nan nan nan nan nan nan nan nan nan nan nan nan nan nan nan nan nan nan nan nan nan nan nan nan nan nan nan nan nan nan nan
nan nan nan nan nan nan nan nan nan nan nan nan nan nan nan nan nan nan nan nan nan nan nan nan nan nan nan nan nan nan nan nan nan nan nan nan nan nan nan nan nan nan nan nan nan nan nan nan nan nan nan nan nan nan nan nan nan nan nan nan nan nan nan nan nan nan nan nan nan nan nan nan nan nan nan nan nan nan nan nan nan nan nan nan nan nan nan nan nan nan nan nan nan nan nan nan nan nan nan nan nan nan nan nan nan nan nan nan nan
nan nan nan nan nan nan nan nan nan nan nan nan nan nan nan nan nan nan nan nan nan nan nan nan nan nan nan nan nan nan nan nan nan nan nan nan nan nan nan nan nan nan nan nan nan nan nan nan nan nan nan nan nan nan nan nan nan nan nan nan nan nan nan nan nan nan nan nan nan nan nan nan nan nan nan nan nan nan nan nan nan nan nan nan nan nan nan nan nan nan nan nan nan nan nan nan nan nan nan nan nan nan nan nan nan nan nan nan nan
nan nan nan nan nan nan nan nan nan nan nan nan nan nan nan nan nan nan nan nan nan nan nan nan nan nan nan nan nan nan nan nan nan nan nan nan nan nan nan nan nan nan nan nan nan nan nan nan nan nan nan nan nan nan nan nan nan nan nan nan nan nan nan nan nan nan nan nan nan nan nan nan nan nan nan nan nan nan nan nan nan nan nan nan nan nan nan nan nan nan nan nan nan nan nan nan nan nan nan nan nan nan nan nan nan nan nan nan nan
nan nan nan nan nan nan nan nan nan nan nan nan nan nan nan nan nan nan nan nan nan nan nan nan nan nan nan nan nan nan nan nan nan nan nan nan nan nan nan nan nan nan nan nan nan nan nan nan nan nan nan nan nan nan nan nan nan nan nan nan nan nan nan nan nan nan nan nan nan nan nan nan nan nan nan nan nan nan nan nan nan nan nan nan nan nan nan nan nan nan nan nan nan nan nan nan nan nan nan nan nan nan nan nan nan nan nan nan nan
nan nan nan nan nan nan nan nan nan nan nan nan nan nan nan nan nan nan nan nan nan nan nan nan nan nan nan nan nan nan nan nan nan nan nan nan nan nan nan nan nan nan nan nan nan nan nan nan nan nan nan nan nan nan nan nan nan nan nan nan nan nan nan nan nan nan nan nan nan nan nan nan nan nan nan nan nan nan nan nan nan nan nan nan nan nan nan nan nan nan nan nan nan nan nan nan nan nan nan nan nan nan nan nan nan nan nan nan nan
nan nan nan nan nan nan nan nan nan nan nan nan nan nan nan nan nan nan nan nan nan nan nan nan nan nan nan nan nan nan nan nan nan nan nan nan nan nan nan nan nan nan nan nan nan nan nan nan nan nan nan nan nan nan nan nan nan nan nan nan nan nan nan nan nan nan nan nan nan nan nan nan nan nan nan nan nan nan nan nan nan nan nan nan nan nan nan nan nan nan nan nan nan nan nan nan nan nan nan nan nan nan nan nan nan nan nan nan nan
nan nan nan nan nan nan nan nan nan nan nan nan nan nan nan nan nan nan nan nan nan nan nan nan nan nan nan nan nan nan nan nan nan nan nan nan nan nan nan nan nan nan nan nan nan nan nan nan nan nan nan nan nan nan nan nan nan nan nan nan nan nan nan nan nan nan nan nan nan nan nan nan nan nan nan nan nan nan nan nan nan nan nan nan nan nan nan nan nan nan nan nan nan nan nan nan nan nan nan nan nan nan nan nan nan nan nan nan nan
nan nan nan nan nan nan nan nan nan nan nan nan nan nan nan nan nan nan nan nan nan nan nan nan nan nan nan nan nan nan nan nan nan nan nan nan nan nan nan nan nan nan nan nan nan nan nan nan nan nan nan nan nan nan nan nan nan nan nan nan nan nan nan nan nan nan nan nan nan nan nan nan nan nan nan nan nan nan nan nan nan nan nan nan nan nan nan nan nan nan nan nan nan nan nan nan nan nan nan nan nan nan nan nan nan nan nan nan nan
nan nan nan nan nan nan nan nan nan nan nan nan nan nan nan nan nan nan nan nan nan nan nan nan nan nan nan nan nan nan nan nan nan nan nan nan nan nan nan nan nan nan nan nan nan nan nan nan nan nan nan nan nan nan nan nan nan nan nan nan nan nan nan nan nan nan nan nan nan nan nan nan nan nan nan nan nan nan nan nan nan nan nan nan nan nan nan nan nan nan nan nan nan nan nan nan nan nan nan nan nan nan nan nan nan nan nan nan nan
nan nan nan nan nan nan nan nan nan nan nan nan nan nan nan nan nan nan nan nan nan nan nan nan nan nan nan nan nan nan nan nan nan nan nan nan nan nan nan nan nan nan nan nan nan nan nan nan nan nan nan nan nan nan nan nan nan nan nan nan nan nan nan nan nan nan nan nan nan nan nan nan nan nan nan nan nan nan nan nan nan nan nan nan nan nan nan nan nan nan nan nan nan nan nan nan nan nan nan nan nan nan nan nan nan nan nan nan nan
nan nan nan nan nan nan nan nan nan nan nan nan nan nan nan nan nan nan nan nan nan nan nan nan nan nan nan nan nan nan nan nan nan nan nan nan nan nan nan nan nan nan nan nan nan nan nan nan nan nan nan nan nan nan nan nan nan nan nan nan nan nan nan nan nan nan nan nan nan nan nan nan nan nan nan nan nan nan nan nan nan nan nan nan nan nan nan nan nan nan nan nan nan nan nan nan nan nan nan nan nan nan nan nan nan nan nan nan nan
nan nan nan nan nan nan nan nan nan nan nan nan nan nan nan nan nan nan nan nan nan nan nan nan nan nan nan nan nan nan nan nan nan nan nan nan nan nan nan nan nan nan nan nan nan nan nan nan nan nan nan nan nan nan nan nan nan nan nan nan nan nan nan nan nan nan nan nan nan nan nan nan nan nan nan nan nan nan nan nan nan nan nan nan nan nan nan nan nan nan nan nan nan nan nan nan nan nan nan nan nan nan nan nan nan nan nan nan nan
nan nan nan nan nan nan nan nan nan nan nan nan nan nan nan nan nan nan nan nan nan nan nan nan nan nan nan nan nan nan nan nan nan nan nan nan nan nan nan nan nan nan nan nan nan nan nan nan nan nan nan nan nan nan nan nan nan nan nan nan nan nan nan nan nan nan nan nan nan nan nan nan nan nan nan nan nan nan nan nan nan nan nan nan nan nan nan nan nan nan nan nan nan nan nan nan nan nan nan nan nan nan nan nan nan nan nan nan nan
nan nan nan nan nan nan nan nan nan nan nan nan nan nan nan nan nan nan nan nan nan nan nan nan nan nan nan nan nan nan nan nan nan nan nan nan nan nan nan nan nan nan nan nan nan nan nan nan nan nan nan nan nan nan nan nan nan nan nan nan nan nan nan nan nan nan nan nan nan nan nan nan nan nan nan nan nan nan nan nan nan nan nan nan nan nan nan nan nan nan nan nan nan nan nan nan nan nan nan nan nan nan nan nan nan nan nan nan nan
nan nan nan nan nan nan nan nan nan nan nan nan nan nan nan nan nan nan nan nan nan nan nan nan nan nan nan nan nan nan nan nan nan nan nan nan nan nan nan nan nan nan nan nan nan nan nan nan nan nan nan nan nan nan nan nan nan nan nan nan nan nan nan nan nan nan nan nan nan nan nan nan nan nan nan nan nan nan nan nan nan nan nan nan nan nan nan nan nan nan nan nan nan nan nan nan nan nan nan nan nan nan nan nan nan nan nan nan nan
nan nan nan nan nan nan nan nan nan nan nan nan nan nan nan nan nan nan nan nan nan nan nan nan nan nan nan nan nan nan nan nan nan nan nan nan nan nan nan nan nan nan nan nan nan nan nan nan nan nan nan nan nan nan nan nan nan nan nan nan nan nan nan nan nan nan nan nan nan nan nan nan nan nan nan nan nan nan nan nan nan nan nan nan nan nan nan nan nan nan nan nan nan nan nan nan nan nan nan nan nan nan nan nan nan nan nan nan nan
nan nan nan nan nan nan nan nan nan nan nan nan nan nan nan nan nan nan nan nan nan nan nan nan nan nan nan nan nan nan nan nan nan nan nan nan nan nan nan nan nan nan nan nan nan nan nan nan nan nan nan nan nan nan nan nan nan nan nan nan nan nan nan nan nan nan nan nan nan nan nan nan nan nan nan nan nan nan nan nan nan nan nan nan nan nan nan nan nan nan nan nan nan nan nan nan nan nan nan nan nan nan nan nan nan nan nan nan nan
nan nan nan nan nan nan nan nan nan nan nan nan nan nan nan nan nan nan nan nan nan nan nan nan nan nan nan nan nan nan nan nan nan nan nan nan nan nan nan nan nan nan nan nan nan nan nan nan nan nan nan nan nan nan nan nan nan nan nan nan nan nan nan nan nan nan nan nan nan nan nan nan nan nan nan nan nan nan nan nan nan nan nan nan nan nan nan nan nan nan nan nan nan nan nan nan nan nan nan nan nan nan nan nan nan nan nan nan nan
nan nan nan nan nan nan nan nan nan nan nan nan nan nan nan nan nan nan nan nan nan nan nan nan nan nan nan nan nan nan nan nan nan nan nan nan nan nan nan nan nan nan nan nan nan nan nan nan nan nan nan nan nan nan nan nan nan nan nan nan nan nan nan nan nan nan nan nan nan nan nan nan nan nan nan nan nan nan nan nan nan nan nan nan nan nan nan nan nan nan nan nan nan nan nan nan nan nan nan nan nan nan nan nan nan nan nan nan nan
nan nan nan nan nan nan nan nan nan nan nan nan nan nan nan nan nan nan nan nan nan nan nan nan nan nan nan nan nan nan nan nan nan nan nan nan nan nan nan nan nan nan nan nan nan nan nan nan nan nan nan nan nan nan nan nan nan nan nan nan nan nan nan nan nan nan nan nan nan nan nan nan nan nan nan nan nan nan nan nan nan nan nan nan nan nan nan nan nan nan nan nan nan nan nan nan nan nan nan nan nan nan nan nan nan nan nan nan nan
nan nan nan nan nan nan nan nan nan nan nan nan nan nan nan nan nan nan nan nan nan nan nan nan nan nan nan nan nan nan nan nan nan nan nan nan nan nan nan nan nan nan nan nan nan nan nan nan nan nan nan nan nan nan nan nan nan nan nan nan nan nan nan nan nan nan nan nan nan nan nan nan nan nan nan nan nan nan nan nan nan nan nan nan nan nan nan nan nan nan nan nan nan nan nan nan nan nan nan nan nan nan nan nan nan nan nan nan nan
nan nan nan nan nan nan nan nan nan nan nan nan nan nan nan nan nan nan nan nan nan nan nan nan nan nan nan nan nan nan nan nan nan nan nan nan nan nan nan nan nan nan nan nan nan nan nan nan nan nan nan nan nan nan nan nan nan nan nan nan nan nan nan nan nan nan nan nan nan nan nan nan nan nan nan nan nan nan nan nan nan nan nan nan nan nan nan nan nan nan nan nan nan nan nan nan nan nan nan nan nan nan nan nan nan nan nan nan nan
nan nan nan nan nan nan nan nan nan nan nan nan nan nan nan nan nan nan nan nan nan nan nan nan nan nan nan nan nan nan nan nan nan nan nan nan nan nan nan nan nan nan nan nan nan nan nan nan nan nan nan nan nan nan nan nan nan nan nan nan nan nan nan nan nan nan nan nan nan nan nan nan nan nan nan nan nan nan nan nan nan nan nan nan nan nan nan nan nan nan nan nan nan nan nan nan nan nan nan nan nan nan nan nan nan nan nan nan nan
