# FES kcal/mol; rows d_tm36 0.48..1.56 nm, cols rmsd_npxxy 0.0..0.52 nm, 109x109
nan nan nan nan nan nan nan nan nan nan nan nan nan nan nan nan nan nan nan nan nan nan nan nan nan nan nan nan nan nan nan nan nan nan nan nan nan nan nan nan nan nan nan nan nan nan nan nan nan nan nan 1.124613147736118357e+01 1.114116531908243957e+01 1.103810420329834763e+01 1.094136053388306173e+01 1.085782164851772436e+01 1.079281980812490538e+01 1.074871497098580697e+01 1.072607348450584830e+01 1.072516139202439689e+01 1.074604078684468789e+01 1.078816433103973793e+01 1.085132134456222097e+01 1.093773147330287721e+01 1.105293771905246736e+01 1.120394864141835534e+01 nan nan nan nan nan nan nan nan nan nan nan nan nan nan nan nan nan nan nan nan nan nan nan nan nan nan nan nan nan nan nan nan nan nan nan nan nan nan nan nan nan nan nan
nan nan nan nan nan nan nan nan nan nan nan nan nan nan nan nan nan nan nan nan nan nan nan nan nan nan nan nan nan nan nan nan nan nan nan nan nan nan nan nan nan nan nan nan nan nan 1.124285132362630790e+01 1.102754589059923518e+01 1.084472131378930904e+01 1.069029567485920040e+01 1.055756023078816952e+01 1.043865876968292739e+01 1.032748888045901303e+01 1.022239674432455558e+01 1.012635000017262676e+01 1.004433744548902574e+01 9.980275143444567121e+00 9.935782702131765731e+00 9.911087154505198171e+00 9.906399396595150009e+00 9.922331898154922669e+00 9.959720775234947254e+00 1.001996835710129119e+01 1.010585134607883440e+01 1.022158734820271242e+01 1.037147721191031735e+01 1.055790079882034149e+01 1.078007685765840407e+01 1.103434734947784079e+01 1.131562625630341223e+01 nan nan nan nan nan nan nan nan nan nan nan nan nan nan nan nan nan nan nan nan nan nan nan nan nan nan nan nan nan nan nan nan nan nan nan nan nan nan nan
nan nan nan nan nan nan nan nan nan nan nan nan nan nan nan nan nan nan nan nan nan nan nan nan nan nan nan nan nan nan nan nan nan nan nan nan nan nan nan nan nan nan nan nan 1.106561894209382046e+01 1.079377110718893107e+01 1.054836103270491066e+01 1.033105591011284119e+01 1.014183263413598368e+01 9.978329137698727536e+00 9.835815089954550672e+00 9.708380115552866840e+00 9.591242021991334354e+00 9.482876502349000702e+00 9.385305981235939399e+00 9.302228453920839968e+00 9.236612348770865566e+00 9.189700710815586149e+00 9.161723078201077897e+00 9.153036074612028727e+00 9.164581855592409454e+00 9.197821625545447688e+00 9.254805871124766270e+00 9.338352355668737559e+00 9.451701626215530894e+00 9.597443793452844929e+00 9.776380042226165301e+00 9.987168005017805328e+00 1.022689995823108866e+01 1.049201743202564607e+01 1.077904616517975889e+01 1.108532204910452101e+01 nan nan nan nan nan nan nan nan nan nan nan nan nan nan nan nan nan nan nan nan nan nan nan nan nan nan nan nan nan nan nan nan nan nan nan nan nan
nan nan nan nan nan nan nan nan nan nan nan nan nan nan nan nan nan nan nan nan nan nan nan nan nan nan nan nan nan nan nan nan nan nan nan nan nan nan nan nan nan 1.133182754572646189e+01 1.100686258575369258e+01 1.070089527806981877e+01 1.041502371296469320e+01 1.015052389924686693e+01 9.908901118103230488e+00 9.691536678329107701e+00 9.498844732231649601e+00 9.329378593379376028e+00 9.179636535659206231e+00 9.045049398980468780e+00 8.921858769639612774e+00 8.808828967950326216e+00 8.707544723672137721e+00 8.620973408575006047e+00 8.551551600869848002e+00 8.500417208076195053e+00 8.467999016439078375e+00 8.454890432036645365e+00 8.462192709020484926e+00 8.491481013238558972e+00 8.544816420020460157e+00 8.624728119257589753e+00 8.733757950930270297e+00 8.873563267575187652e+00 9.044208007938200566e+00 9.244213974361755959e+00 9.471180048569403098e+00 9.722350744529697053e+00 9.995057625095922660e+00 1.028749794368756021e+01 1.059971297418088909e+01 1.093382421327026499e+01 1.129318619804865165e+01 nan nan nan nan nan nan nan nan nan nan nan nan nan nan nan nan nan nan nan nan nan nan nan nan nan nan nan nan nan nan nan nan nan nan
nan nan nan nan nan nan nan nan nan nan nan nan nan nan nan nan nan nan nan nan nan nan nan nan nan nan nan nan nan nan nan nan nan nan nan nan nan nan nan nan 1.104608425420200035e+01 1.070958419090382208e+01 1.039193357833898368e+01 1.009352424705221374e+01 9.814813483107437619e+00 9.556279553378624669e+00 9.318647715120162545e+00 9.102780392202644677e+00 8.908950161119248534e+00 8.735957376216823889e+00 8.580924965510785540e+00 8.440167298499845927e+00 8.310762870655043599e+00 8.191932504667178705e+00 8.085238145020850808e+00 7.993355141891675508e+00 7.918498220311921187e+00 7.861855938211903982e+00 7.824110687042603374e+00 7.806092196259947436e+00 7.808977122640135882e+00 7.834242260019280479e+00 7.883691959103638069e+00 7.959445183549433089e+00 8.063527581532918376e+00 8.197094788373970431e+00 8.359883579125339637e+00 8.550371808580209176e+00 8.766366477801872392e+00 9.005486092366492556e+00 9.265666100253087123e+00 9.546040357870749560e+00 9.847619729281339218e+00 1.017283161595300456e+01 1.052425018274334079e+01 1.090384450073944755e+01 1.131354709520603130e+01 nan nan nan nan nan nan nan nan nan nan nan nan nan nan nan nan nan nan nan nan nan nan nan nan nan nan nan nan nan nan nan nan
nan nan nan nan nan nan nan nan nan nan nan nan nan nan nan nan nan nan nan nan nan nan nan nan nan nan nan nan nan nan nan nan nan nan nan nan nan nan 1.119465255043837537e+01 1.082363213076317621e+01 1.047293006388288283e+01 1.014142868510271178e+01 9.829004666658429201e+00 9.535980598885156923e+00 9.262603466051194445e+00 9.008938411828999904e+00 8.775115066425307475e+00 8.561388125698071505e+00 8.367610022782786316e+00 8.192481827693226748e+00 8.033390050467534849e+00 7.887208785706799397e+00 7.751684083195537589e+00 7.626555432325157646e+00 7.513590993578842081e+00 7.415439248498875813e+00 7.334297718025447388e+00 7.271498721258091713e+00 7.227969602710129671e+00 7.204737498261567730e+00 7.203039692568577124e+00 7.224250584186979296e+00 7.269899338855563720e+00 7.341688335913246988e+00 7.441187585236090918e+00 7.569177701264576008e+00 7.725164082450821645e+00 7.907535983412065761e+00 8.114149344363420724e+00 8.342892988069658955e+00 8.592352350304942377e+00 8.862632601685600520e+00 9.155505828490204223e+00 9.473282383533584650e+00 9.817376317861885582e+00 1.018806392689190510e+01 1.058595167885429866e+01 1.101467812120525380e+01 nan nan nan nan nan nan nan nan nan nan nan nan nan nan nan nan nan nan nan nan nan nan nan nan nan nan nan nan nan nan nan
nan nan nan nan nan nan nan nan nan nan nan nan nan nan nan nan nan nan nan nan nan nan nan nan nan nan nan nan nan nan nan nan nan nan nan nan nan 1.104923927448401777e+01 1.066267095928964537e+01 1.029708088899145402e+01 9.951129470203648353e+00 9.624100661810151891e+00 9.315971342840482450e+00 9.027107114957280132e+00 8.757781774026280885e+00 8.507907974069178536e+00 8.277194835291657782e+00 8.065340529908930023e+00 7.871750111582233700e+00 7.694955726297797227e+00 7.532476405480063697e+00 7.381557326324701407e+00 7.240438456058240213e+00 7.109287239808231185e+00 6.990085209266423405e+00 6.885551104194512106e+00 6.798009928072493935e+00 6.729035973690852934e+00 6.679795515184646426e+00 6.651459168748321993e+00 6.645320446000458681e+00 6.662717297361758995e+00 6.704977198173327935e+00 6.773406415150354576e+00 6.869095164980230095e+00 6.992431833759567894e+00 7.142696981735987549e+00 7.318194290383884137e+00 7.516833613965602900e+00 7.736826845519956919e+00 7.977465241218288483e+00 8.239710728034479459e+00 8.525732370913740255e+00 8.837288140293590999e+00 9.174388762536500153e+00 9.535693339302449445e+00 9.920824101396039651e+00 1.033373057974142029e+01 1.078516562015235003e+01 1.129193630704616069e+01 nan nan nan nan nan nan nan nan nan nan nan nan nan nan nan nan nan nan nan nan nan nan nan nan nan nan nan nan nan
nan nan nan nan nan nan nan nan nan nan nan nan nan nan nan nan nan nan nan nan nan nan nan nan nan nan nan nan nan nan nan nan nan nan nan nan 1.096285174860118516e+01 1.056070884972330681e+01 1.017998802946940984e+01 9.819585653802947789e+00 9.478431965372575263e+00 9.155795907983986126e+00 8.851514705181882547e+00 8.565962790939876115e+00 8.299585403915690662e+00 8.052371603707497272e+00 7.823798702460993404e+00 7.613102220042785362e+00 7.419284552783037334e+00 7.240757273470624256e+00 7.075204641241914949e+00 6.920203523201538864e+00 6.774351357074555047e+00 6.638046745494979639e+00 6.513328524212059989e+00 6.402973760085953536e+00 6.309554709229810321e+00 6.235000097146671472e+00 6.180707902849863267e+00 6.147900984090004961e+00 6.137874845075657504e+00 6.151975393289855987e+00 6.191420219489152998e+00 6.257168024796604833e+00 6.349810645413748844e+00 6.469321438296355531e+00 6.614791228181506000e+00 6.784519647300855993e+00 6.976548846828503514e+00 7.189449805703772789e+00 7.423149995224919806e+00 7.679219649252009283e+00 7.959850276465751051e+00 8.265947681728173180e+00 8.596083757628846911e+00 8.947597057803148957e+00 9.319646630865646486e+00 9.716877810146581140e+00 1.015140278272721019e+01 1.064107982974541322e+01 1.120504772526467363e+01 nan nan nan nan nan nan nan nan nan nan nan nan nan nan nan nan nan nan nan nan nan nan nan nan nan nan nan nan
nan nan nan nan nan nan nan nan nan nan nan nan nan nan nan nan nan nan nan nan nan nan nan nan nan nan nan nan nan nan nan nan nan nan nan 1.093764277868726964e+01 1.051881142360776344e+01 1.012177189101155506e+01 9.745886065326898162e+00 9.390209380919623428e+00 9.053601068906111493e+00 8.735025731663256465e+00 8.434013741168577383e+00 8.150915900952510285e+00 7.886452236401924054e+00 7.640870116176903259e+00 7.413560693758484810e+00 7.203341156650051147e+00 7.008809688220011047e+00 6.828307635855435542e+00 6.659798603063010525e+00 6.501272019040260197e+00 6.351622333443899038e+00 6.211283156946636019e+00 6.082159129856856694e+00 5.967037919290584469e+00 5.868823774011456607e+00 5.789875066525243419e+00 5.731772521503102347e+00 5.695640592621257881e+00 5.682648774252849755e+00 5.694146988171942425e+00 5.731350697161695429e+00 5.794991771431597272e+00 5.885223242298123658e+00 6.001625460027468328e+00 6.143153929006653691e+00 6.308200504758160854e+00 6.495006187438294276e+00 6.702450068286561091e+00 6.930880616711149855e+00 7.182140214583959903e+00 7.458143490667944242e+00 7.758868776402452205e+00 8.081700041237484200e+00 8.423205602299439931e+00 8.782700000463767864e+00 9.165744714493811784e+00 9.585296117540920591e+00 1.005927824434056284e+01 1.060618418988455680e+01 1.124167002308355556e+01 nan nan nan nan nan nan nan nan nan nan nan nan nan nan nan nan nan nan nan nan nan nan nan nan nan nan nan
nan nan nan nan nan nan nan nan nan nan nan nan nan nan nan nan nan nan nan nan nan nan nan nan nan nan nan nan nan nan nan nan nan nan 1.097613074475905215e+01 1.053975521320750453e+01 1.012515433077278004e+01 9.732117072683028169e+00 9.360229495343395101e+00 9.008539554939158478e+00 8.675697019766596796e+00 8.360335989679116508e+00 8.061719607085558792e+00 7.780207855585796750e+00 7.516820558711040157e+00 7.272105103443253782e+00 7.045406663719579576e+00 6.835131933559011941e+00 6.639473483506010965e+00 6.456754782595413467e+00 6.285336817163857503e+00 6.123722741349587828e+00 5.971092200405056616e+00 5.827798821519704298e+00 5.695503082867919176e+00 5.576974589126314719e+00 5.475473583025237900e+00 5.393780857567524123e+00 5.333559024738281806e+00 5.295645830158675516e+00 5.280902693318655139e+00 5.290631380701294795e+00 5.326159683105174736e+00 5.388184017527257730e+00 5.476561746056087365e+00 5.590536394409652665e+00 5.728959978070118808e+00 5.890376627059021430e+00 6.073261508350259241e+00 6.276690165880826733e+00 6.501118792139473967e+00 6.748271783870282370e+00 7.019575279677553681e+00 7.314251558502965267e+00 7.629076159386626088e+00 7.960641256713990366e+00 8.309000192309532906e+00 8.680527793784628798e+00 9.088184093120421636e+00 9.548927598612509726e+00 1.008001400182601159e+01 1.069636607311989529e+01 nan nan nan nan nan nan nan nan nan nan nan nan nan nan nan nan nan nan nan nan nan nan nan nan nan nan nan
nan nan nan nan nan nan nan nan nan nan nan nan nan nan nan nan nan nan nan nan nan nan nan nan nan nan nan nan nan nan nan nan nan 1.107865881398985586e+01 1.062446993846053189e+01 1.019203255799299868e+01 9.780959712565620023e+00 9.391320215888873335e+00 9.022731274314743644e+00 8.674114682963608658e+00 8.343951968451699841e+00 8.030734649240113043e+00 7.733650040908612411e+00 7.453109537531459772e+00 7.190313635774435497e+00 6.945956424991411637e+00 6.719282045274167281e+00 6.508359126808688444e+00 6.311108801313766392e+00 6.125956101063702697e+00 5.951726677596812287e+00 5.787441664673742103e+00 5.632522294691055365e+00 5.487203597500421637e+00 5.352905237570552366e+00 5.232390138351744824e+00 5.129244858117169237e+00 5.046602426685272924e+00 4.986102739508138093e+00 4.948135308315043446e+00 4.933063046999885515e+00 4.942036140689210377e+00 4.976564572799581754e+00 5.037500860181421736e+00 5.124579239697551358e+00 5.236772460059123446e+00 5.372831088035319169e+00 5.531476105049373260e+00 5.711444101893444980e+00 5.911896579585007139e+00 6.133067484839567207e+00 6.376170529865671455e+00 6.642014998940786619e+00 6.929439324037340420e+00 7.235430595479438232e+00 7.557489597769613709e+00 7.896808630590229861e+00 8.260188910471528700e+00 8.659686861433065985e+00 9.110481682549661286e+00 9.628317571144965115e+00 1.022768995622804411e+01 1.092107559393490668e+01 nan nan nan nan nan nan nan nan nan nan nan nan nan nan nan nan nan nan nan nan nan nan nan nan nan nan
nan nan nan nan nan nan nan nan nan nan nan nan nan nan nan nan nan nan nan nan nan nan nan nan nan nan nan nan nan nan nan nan 1.124586819959448292e+01 1.077338346719068518e+01 1.032293329415495897e+01 9.893685905917394052e+00 9.485631129690961671e+00 9.098889414675307208e+00 8.732929987408402539e+00 8.386508868673921313e+00 8.058065143067716818e+00 7.746174479182671213e+00 7.450122982986389530e+00 7.170341117055667901e+00 6.907963125256603831e+00 6.663554728107092373e+00 6.436188391397580588e+00 6.223797242268245711e+00 6.024348479711826521e+00 5.836572704412491319e+00 5.659757820875613632e+00 5.493311863122837480e+00 5.336777081699853653e+00 5.190249490762280260e+00 5.054963806832284412e+00 4.933703617516950857e+00 4.830330713184800118e+00 4.748262105906041697e+00 4.689078883219478300e+00 4.652662504737503646e+00 4.638737252403552169e+00 4.648151181825848965e+00 4.682559726597524730e+00 4.743069818221360201e+00 4.829425256131376187e+00 4.940391970673317701e+00 5.074618669556947737e+00 5.231015656209626385e+00 5.408611906083388376e+00 5.606587494955467044e+00 5.824703909667877433e+00 6.063370501929357559e+00 6.322758274637864773e+00 6.601784154200887933e+00 6.898458705250593681e+00 7.211891772303990145e+00 7.544566074642676590e+00 7.903307974017587334e+00 8.298706106191529486e+00 8.743801595709358665e+00 9.252796972010527199e+00 9.839968883749598660e+00 1.051872444906990189e+01 1.130085381609862694e+01 nan nan nan nan nan nan nan nan nan nan nan nan nan nan nan nan nan nan nan nan nan nan nan nan nan
nan nan nan nan nan nan nan nan nan nan nan nan nan nan nan nan nan nan nan nan nan nan nan nan nan nan nan nan nan nan nan nan 1.098827168901332563e+01 1.051946492273824241e+01 1.007177922085410948e+01 9.644987122401090573e+00 9.239323918884421616e+00 8.854849075316666429e+00 8.490838761259160705e+00 8.145924057020245357e+00 7.818599076892528643e+00 7.507627070318362072e+00 7.212433721828768185e+00 6.933369072115596055e+00 6.671259494865405593e+00 6.426309215260100238e+00 6.197408989966375792e+00 5.982633813467058914e+00 5.780372709914231244e+00 5.589863951285466648e+00 5.410797230118306267e+00 5.242778505046950421e+00 5.085329923158756316e+00 4.938380361631941717e+00 4.803003468293997713e+00 4.681983744907065592e+00 4.579385013145238936e+00 4.498873474797779437e+00 4.442037740675185198e+00 4.408342015325837693e+00 4.396847956313458816e+00 4.407942778299945630e+00 4.443262661817606762e+00 4.504115452100509565e+00 4.590304485996537842e+00 4.700456491178985452e+00 4.833150048335501658e+00 4.987496447998326587e+00 5.162826667866240449e+00 5.358312430777426805e+00 5.573150214725339779e+00 5.806869485212726723e+00 6.059123574866833728e+00 6.329310849532961747e+00 6.616976000659802182e+00 6.923136066742371142e+00 7.251539703706974649e+00 7.608930317787341302e+00 8.004487968043109802e+00 8.449274811299822829e+00 8.955972552545459209e+00 9.538410571538642913e+00 1.021050575328902354e+01 1.098497178447869338e+01 nan nan nan nan nan nan nan nan nan nan nan nan nan nan nan nan nan nan nan nan nan nan nan nan nan
nan nan nan nan nan nan nan nan nan nan nan nan nan nan nan nan nan nan nan nan nan nan nan nan nan nan nan nan nan nan nan 1.127068903831770008e+01 1.078413516468566868e+01 1.031796170087736364e+01 9.872299435320941896e+00 9.447280852279437369e+00 9.043295119758854028e+00 8.660358332319527008e+00 8.297632606542379108e+00 7.953693845926835593e+00 7.627094503225575473e+00 7.316731272810512721e+00 7.022105854141946324e+00 6.743424849119562303e+00 6.481123063805170226e+00 6.234978529148697213e+00 6.003760773664904349e+00 5.785902619482220288e+00 5.580447927343010761e+00 5.387219491600740540e+00 5.206218665502068355e+00 5.037129667954006074e+00 4.879411271979625653e+00 4.732831112803207674e+00 4.598260690967327591e+00 4.478355405027066638e+00 4.377229748794270847e+00 4.298753506164939786e+00 4.244656939225859738e+00 4.214225342548111541e+00 4.205997871879460170e+00 4.219803309466768404e+00 4.257006783661061888e+00 4.318917543704426265e+00 4.405366939922931380e+00 4.514932935167796479e+00 4.646212735522331272e+00 4.798525184868078775e+00 4.971448437146286814e+00 5.164118396468409422e+00 5.375242413794750540e+00 5.603660271542278970e+00 5.848764047244715769e+00 6.110658319203840172e+00 6.390489299307215987e+00 6.691073450191621141e+00 7.017363915687521825e+00 7.376311155415498533e+00 7.776337566636593479e+00 8.227102617143760455e+00 8.739752335078026846e+00 9.326972569115275391e+00 1.000218774259489329e+01 1.077817305654938451e+01 nan nan nan nan nan nan nan nan nan nan nan nan nan nan nan nan nan nan nan nan nan nan nan nan nan
nan nan nan nan nan nan nan nan nan nan nan nan nan nan nan nan nan nan nan nan nan nan nan nan nan nan nan nan nan nan nan 1.111913288481697748e+01 1.063488140233395995e+01 1.017060713977743980e+01 9.726443035157334549e+00 9.302649129181439491e+00 8.899705152444139955e+00 8.517637914028146184e+00 8.155581226254410510e+00 7.812077981163410456e+00 7.485660427217768920e+00 7.175244710227630662e+00 6.880368748404110946e+00 6.601168340554785630e+00 6.337806828676371573e+00 6.089731040318894451e+00 5.855654625242326716e+00 5.634413220832287017e+00 5.425694419523406253e+00 5.229823695499970171e+00 5.047037074234034471e+00 4.877122064508792931e+00 4.719595845010306157e+00 4.574154124588143411e+00 4.441387230766716598e+00 4.323569164915538110e+00 4.224582064381901425e+00 4.148369269388669345e+00 4.096930034519214558e+00 4.069697215739479290e+00 4.064979177081696093e+00 4.082060873427269421e+00 4.121780094964539565e+00 4.185172803811560094e+00 4.272028844785117130e+00 4.381010900950993658e+00 4.510884829393886797e+00 4.661170739341252478e+00 4.831551893838943457e+00 5.021051776573513870e+00 5.228055433789164930e+00 5.451080587923150311e+00 5.689578894965740652e+00 5.944396679068161937e+00 6.218008817200450622e+00 6.514696538157874528e+00 6.840599540335557727e+00 7.203413993437568941e+00 7.611767763156066735e+00 8.074774603417953500e+00 8.602175903323555417e+00 9.204725264315841926e+00 9.894062854843895138e+00 1.068185756411447684e+01 nan nan nan nan nan nan nan nan nan nan nan nan nan nan nan nan nan nan nan nan nan nan nan nan nan
nan nan nan nan nan nan nan nan nan nan nan nan nan nan nan nan nan nan nan nan nan nan nan nan nan nan nan nan nan nan nan 1.102461503067317850e+01 1.054192004509000569e+01 1.007908076093857908e+01 9.636036225772080854e+00 9.213071705819913859e+00 8.810729717864388633e+00 8.429046317731243576e+00 8.067105032196776548e+00 7.723345653383055343e+00 7.396186742446102969e+00 7.084528297892980220e+00 6.788043267983579376e+00 6.507016014378368851e+00 6.241565592950682806e+00 5.990926255518453480e+00 5.753732185905468199e+00 5.529091887783811998e+00 5.317160291678185047e+00 5.118625662610993388e+00 4.933946384823164166e+00 4.763160496305647307e+00 4.606071902063328949e+00 4.462452391079131608e+00 4.332536773382665629e+00 4.217911659664274282e+00 4.121843924659319036e+00 4.048113421995612526e+00 3.999042513879169647e+00 3.974526151102944826e+00 3.972993823428321303e+00 3.993303195970238750e+00 4.035590906100768649e+00 4.100386799311060315e+00 4.187403289125398942e+00 4.295565998889708581e+00 4.423987306924821006e+00 4.572358903245338446e+00 4.740261345049965769e+00 4.926464412530039638e+00 5.129165908127245821e+00 5.346915036851934033e+00 5.579494875162125389e+00 5.828426135675575104e+00 6.097146622979566999e+00 6.391054273931524143e+00 6.717490369338326772e+00 7.085423038024348585e+00 7.504611826479387737e+00 7.984616595598081901e+00 8.534347436093497663e+00 9.162371456999791164e+00 9.877473336622728084e+00 1.068881581438025030e+01 nan nan nan nan nan nan nan nan nan nan nan nan nan nan nan nan nan nan nan nan nan nan nan nan nan
nan nan nan nan nan nan nan nan nan nan nan nan nan nan nan nan nan nan nan nan nan nan nan nan nan nan nan nan nan nan nan 1.098696747656740769e+01 1.050561326931207518e+01 1.004396733046065826e+01 9.601784699158155689e+00 9.179421131576344095e+00 8.777480629234474918e+00 8.395915549647577691e+00 8.033604106381673660e+00 7.688745048683430561e+00 7.359609577247312018e+00 7.045204589791764782e+00 6.745593269291408234e+00 6.461487072461703285e+00 6.193133069886818554e+00 5.939552952741284919e+00 5.699154972902619853e+00 5.471112400389933406e+00 5.255873640022277193e+00 5.054426734447812208e+00 4.867529818715021328e+00 4.695650205221569173e+00 4.539070107010514832e+00 4.397748400372740285e+00 4.271520584313153179e+00 4.161056775467697477e+00 4.068665501382743521e+00 3.997683217451960314e+00 3.950700971796211380e+00 3.928260885839634398e+00 3.929185072076923024e+00 3.952058274215983769e+00 3.996288573087133589e+00 4.061833638913944000e+00 4.148397229665749641e+00 4.255359302556674272e+00 4.382307996064935374e+00 4.529033750372734701e+00 4.694800870054319120e+00 4.877962510384834083e+00 5.076550291284183558e+00 5.289302838645939531e+00 5.516441381707556602e+00 5.760063732694995053e+00 6.024306372042799396e+00 6.315459030065450285e+00 6.642082094194869057e+00 7.014742840045395056e+00 7.444944474991673111e+00 7.943566475348308842e+00 8.519706950696892989e+00 9.180510696408996196e+00 9.931865218038666399e+00 1.077938583793865490e+01 nan nan nan nan nan nan nan nan nan nan nan nan nan nan nan nan nan nan nan nan nan nan nan nan nan
nan nan nan nan nan nan nan nan nan nan nan nan nan nan nan nan nan nan nan nan nan nan nan nan nan nan nan nan nan nan nan 1.100480026683397661e+01 1.052478398813502380e+01 1.006420182736108160e+01 9.622752137636551240e+00 9.200952377988420139e+00 8.799432614197840508e+00 8.417887493026675827e+00 8.054772844352729777e+00 7.707926969002147466e+00 7.375548240677689549e+00 7.057006425289641172e+00 6.753062808174990828e+00 6.465053622221081042e+00 6.193369538917642636e+00 5.936693660634015934e+00 5.693023829125076318e+00 5.461434189238834946e+00 5.242588453047869912e+00 5.037813330817384028e+00 4.848287492888457173e+00 4.675021364485528963e+00 4.518821471809109092e+00 4.379834774218888782e+00 4.257498156579732296e+00 4.151536985499442167e+00 4.063177517229571656e+00 3.995114677018498650e+00 3.950047667470963031e+00 3.929120550456809635e+00 3.931607852481524557e+00 3.955937001068829506e+00 4.000928821099679844e+00 4.066143589275624137e+00 4.151477273734405671e+00 4.256908824530268198e+00 4.382498460830764664e+00 4.528003859200419257e+00 4.692226688700436910e+00 4.873008652912583116e+00 5.068141561849470733e+00 5.276452399716310637e+00 5.498464682889371069e+00 5.736695840621556464e+00 5.995829068509995530e+00 6.282959818380956740e+00 6.607893304324265138e+00 6.982909975667152658e+00 7.421453814351176348e+00 7.936161092755419588e+00 8.537246961290273717e+00 9.231860970275732825e+00 1.002436995769428485e+01 1.091717865388956099e+01 nan nan nan nan nan nan nan nan nan nan nan nan nan nan nan nan nan nan nan nan nan nan nan nan nan
nan nan nan nan nan nan nan nan nan nan nan nan nan nan nan nan nan nan nan nan nan nan nan nan nan nan nan nan nan nan nan 1.107616520183355924e+01 1.059725863716022509e+01 1.013752617880371254e+01 9.696755876508206029e+00 9.275623031345537228e+00 8.874635474899685406e+00 8.493013143355611305e+00 8.128628151382486067e+00 7.778961114591176340e+00 7.442325263294067739e+00 7.118724753430581309e+00 6.809802728217722922e+00 6.517520723639053770e+00 6.242298207263621279e+00 5.982374133114148229e+00 5.735277460339292865e+00 5.499937962638152378e+00 5.277202375528926126e+00 5.068754388403169386e+00 4.876241854140107357e+00 4.701210653275553319e+00 4.544896242523015495e+00 4.407549860255796759e+00 4.288274576592327136e+00 4.186069521971824692e+00 4.101279737211349641e+00 4.035959804727644595e+00 3.992700120898516669e+00 3.972944491383956223e+00 3.976212239704743912e+00 4.000798782933352449e+00 4.045207695781277479e+00 4.108978304637298073e+00 4.192475286853352578e+00 4.296312608194709171e+00 4.420856592104493110e+00 4.565659288739214894e+00 4.729033895529338949e+00 4.908370190306617253e+00 5.101163492876410466e+00 5.306062431870095963e+00 5.523522904444641668e+00 5.756163919851768895e+00 6.009026061638990335e+00 6.289961954439098335e+00 6.610060774605324596e+00 6.983315701238512752e+00 7.424985233471933732e+00 7.949310092233671909e+00 8.567706229159163911e+00 9.287830385789691334e+00 1.011302381302487063e+01 1.104045878679452919e+01 nan nan nan nan nan nan nan nan nan nan nan nan nan nan nan nan nan nan nan nan nan nan nan nan nan
nan nan nan nan nan nan nan nan nan nan nan nan nan nan nan nan nan nan nan nan nan nan nan nan nan nan nan nan nan nan nan 1.119958380401885378e+01 1.072100281928034171e+01 1.026158736415079886e+01 9.821321262728504919e+00 9.400869074259624369e+00 9.000338184335246794e+00 8.618272699329413200e+00 8.251951495208794896e+00 7.898680015594911730e+00 7.557142002980627993e+00 7.228119153947586639e+00 6.914050780133912610e+00 6.617297726353002396e+00 6.338175402822558979e+00 6.074570914674829680e+00 5.823743279243640103e+00 5.584558295245118487e+00 5.357944453946565488e+00 5.145778669579074815e+00 4.950038483359006314e+00 4.772665053711901528e+00 4.615171263227213494e+00 4.477846751103730760e+00 4.359621948111085388e+00 4.259185569529671866e+00 4.176475927020701917e+00 4.113128335847191508e+00 4.071437691219591315e+00 4.052696615607191966e+00 4.056277847475389997e+00 4.080282339223341381e+00 4.123186776879520288e+00 4.184914168393111034e+00 4.266509634312051880e+00 4.369115743368233495e+00 4.493129514818524406e+00 4.637731566837817176e+00 4.800840263612233372e+00 4.979624907937500566e+00 5.171374851097578329e+00 5.374340954006498805e+00 5.588445889550353485e+00 5.815884868620501358e+00 6.061647827665634480e+00 6.334153824119543863e+00 6.645746612728888891e+00 7.012045220102290699e+00 7.449732039928460559e+00 7.973741628590314434e+00 8.594824991702850525e+00 9.316963522558536326e+00 1.013167860603729231e+01 1.099938721925457230e+01 nan nan nan nan nan nan nan nan nan nan nan nan nan nan nan nan nan nan nan nan nan nan nan nan nan
nan nan nan nan nan nan nan nan nan nan nan nan nan nan nan nan nan nan nan nan nan nan nan nan nan nan nan nan nan nan nan nan 1.089490735153603751e+01 1.043467517728654492e+01 9.994221311006761255e+00 9.573930719284422963e+00 9.173193116383652423e+00 8.789759192672887522e+00 8.420476610031993658e+00 8.062798681470942697e+00 7.716011273135287674e+00 7.381592575937628631e+00 7.062398608232372865e+00 6.760806045305152168e+00 6.476977153454473779e+00 6.208797066005676157e+00 5.953704958642269673e+00 5.710665719925075656e+00 5.480472909492439371e+00 5.264808315010712114e+00 5.065624968474654821e+00 4.885008298534502913e+00 4.724623635189283632e+00 4.584851110689092124e+00 4.464733260356801736e+00 4.363146176899461715e+00 4.280162207587461687e+00 4.217308744913705887e+00 4.176502250183815157e+00 4.158518744101507458e+00 4.162243207002209289e+00 4.185507458415361093e+00 4.226938621310677213e+00 4.287038320196397301e+00 4.367515766487807483e+00 4.469791557276628247e+00 4.593992046562518361e+00 4.738797058040046473e+00 4.901864816512278900e+00 5.080451986257371821e+00 5.271922391764953808e+00 5.474186286564084902e+00 5.686351956317053258e+00 5.909597709366082974e+00 6.148158517910842669e+00 6.410460275728858903e+00 6.709737045398892263e+00 7.062758070109637742e+00 7.486386675387528555e+00 7.992968334572955413e+00 8.584423016805683204e+00 9.242553338059774859e+00 9.914780325615900836e+00 1.050831845617307714e+01 1.092274186426327098e+01 1.114098734782490752e+01 1.127172737553866000e+01 nan nan nan nan nan nan nan nan nan nan nan nan nan nan nan nan nan nan nan nan nan nan
nan nan nan nan nan nan nan nan nan nan nan nan nan nan nan nan nan nan nan nan nan nan nan nan nan nan nan nan nan nan nan nan 1.111848485216858329e+01 1.065526319977635161e+01 1.021280697343817323e+01 9.791024999460109512e+00 9.388399676589825660e+00 9.001911510172194042e+00 8.628243170338963708e+00 8.265317861102159824e+00 7.913107000799651125e+00 7.573465738590130059e+00 7.249103063266046476e+00 6.942005404676824476e+00 6.652247553667256064e+00 6.378198332985881791e+00 6.117992413981822253e+00 5.870853836601726883e+00 5.637187855978877060e+00 5.418022300240922462e+00 5.214842248694279370e+00 5.029588062169887408e+00 4.864023627557148899e+00 4.718817009188374989e+00 4.593500740174035535e+00 4.487567249410943759e+00 4.401578766653836183e+00 4.337159576971815866e+00 4.295884523629474927e+00 4.277948755585442520e+00 4.281703778484621914e+00 4.304732783403560248e+00 4.345805787376268547e+00 4.405838001250943492e+00 4.486866878271551506e+00 4.590199314833365740e+00 4.715384017351378354e+00 4.860454428713121722e+00 5.022830353474487808e+00 5.200038318570994633e+00 5.389863530107393608e+00 5.590304134542741998e+00 5.799903712702496605e+00 6.018590202329103356e+00 6.249053770738037805e+00 6.498595181573150192e+00 6.780008728424673947e+00 7.109189960137858755e+00 7.498808384032852103e+00 7.948760482437376318e+00 8.434898524175153511e+00 8.907736183062555213e+00 9.321897226340270848e+00 9.660180946617591857e+00 9.905341068671294380e+00 1.005496433155789227e+01 1.017021569334604791e+01 1.033096035772049426e+01 1.058600697458079409e+01 1.095637719442438218e+01 nan nan nan nan nan nan nan nan nan nan nan nan nan nan nan nan nan nan nan
nan nan nan nan nan nan nan nan nan nan nan nan nan nan nan nan nan nan nan nan nan nan nan nan nan nan nan nan nan nan nan nan nan 1.092029161253141467e+01 1.047225946756392645e+01 1.004565765573964420e+01 9.638160012112145125e+00 9.246172187582486046e+00 8.866461409367401458e+00 8.497545939988894403e+00 8.139895131738633438e+00 7.795238757661389961e+00 7.465576774866310217e+00 7.152222542873652777e+00 6.855298496897014537e+00 6.574028410404712197e+00 6.307528402780319787e+00 6.055318251449108402e+00 5.817255341952233039e+00 5.593464288084531333e+00 5.384704776025230899e+00 5.192610319378331063e+00 5.019090424505732173e+00 4.865367033761258675e+00 4.731797677937279900e+00 4.618703477269381352e+00 4.527186039344999635e+00 4.458986037643485112e+00 4.415454530020444857e+00 4.396428374159755847e+00 4.399967271199079377e+00 4.423523789104847559e+00 4.465851821067192695e+00 4.527815899365398522e+00 4.611172387926797178e+00 4.716563141130614589e+00 4.842542165457890846e+00 4.986160961407836822e+00 5.144303068823886882e+00 5.314608593907732548e+00 5.495498130580653395e+00 5.685768421704135100e+00 5.884409041560300757e+00 6.090892400086337588e+00 6.306283230063812084e+00 6.535263668240522072e+00 6.787046645406407563e+00 7.071495756446357639e+00 7.389181275986492992e+00 7.720497489977097949e+00 8.030527515689573903e+00 8.301657762182982125e+00 8.548207317315831943e+00 8.777437955535106084e+00 8.964637337594458799e+00 9.095504168611624252e+00 9.210991018182555834e+00 9.374142057698916730e+00 9.628229453348478017e+00 9.993683016221442728e+00 1.047666349642573813e+01 1.107322108350427214e+01 nan nan nan nan nan nan nan nan nan nan nan nan nan nan nan nan nan
nan nan nan nan nan nan nan nan nan nan nan nan nan nan nan nan nan nan nan nan nan nan nan nan nan nan nan nan nan nan nan nan nan 1.122272665420912752e+01 1.076366564928747493e+01 1.032727922757187144e+01 9.910860771079958553e+00 9.510572951864757485e+00 9.123372790750433836e+00 8.748151307470548588e+00 8.385371098945542556e+00 8.036060017767256980e+00 7.701115755147551312e+00 7.381086811431692318e+00 7.076233216035249463e+00 6.786659138891480758e+00 6.512324768774525374e+00 6.252901656022373800e+00 6.007728800392824198e+00 5.776216971864532645e+00 5.558613978792288357e+00 5.356412362748872447e+00 5.171824102553675750e+00 5.006795282744622710e+00 4.862605453371253716e+00 4.740339747686534544e+00 4.641481627124865561e+00 4.567814375242313929e+00 4.520562565216089013e+00 4.499406123918520350e+00 4.502289417502439939e+00 4.526553376994297828e+00 4.570669814528956820e+00 4.634868194992125545e+00 4.719857848126204125e+00 4.824855478017670229e+00 4.946729271970178310e+00 5.080898849844924570e+00 5.223191644328143646e+00 5.371261632619908077e+00 5.524759081787427917e+00 5.684564300924098923e+00 5.851856536601188985e+00 6.027488383876558942e+00 6.212016010583178094e+00 6.406649837817001369e+00 6.613819521885223374e+00 6.833881977298993604e+00 7.057618112328187365e+00 7.265362368845765140e+00 7.445764938718600234e+00 7.613088959945531364e+00 7.788970352378888684e+00 7.972308809462861134e+00 8.137182237606788604e+00 8.268177362521871743e+00 8.393068178857234329e+00 8.562815967249571614e+00 8.817405355670153710e+00 9.177414966034024957e+00 9.648089069020839403e+00 1.022164293023297965e+01 1.087677740943751559e+01 nan nan nan nan nan nan nan nan nan nan nan nan nan nan nan nan
nan nan nan nan nan nan nan nan nan nan nan nan nan nan nan nan nan nan nan nan nan nan nan nan nan nan nan nan nan nan nan nan nan nan 1.107273472367493028e+01 1.062133210152287255e+01 1.019216597023542370e+01 9.781457583810183820e+00 9.386248033136922686e+00 9.005278425738886483e+00 8.638320451153351343e+00 8.285187249368581419e+00 7.945480699446896722e+00 7.618974848879059181e+00 7.305958282566101580e+00 7.007060757345578317e+00 6.722662279853730993e+00 6.452441830885909724e+00 6.195543509845079733e+00 5.951334254070601126e+00 5.720256958142681647e+00 5.504135407901286747e+00 5.305635924606140641e+00 5.127328579887843851e+00 4.971178125321233487e+00 4.838780871699515096e+00 4.731828729330546324e+00 4.652057988642634534e+00 4.600477319394259190e+00 4.576445241844932177e+00 4.577543452378288080e+00 4.600673989203097669e+00 4.643554270176583287e+00 4.705082544312076287e+00 4.784055566298151874e+00 4.877442340321195502e+00 4.979927217188603095e+00 5.085467139115861457e+00 5.190020753456841440e+00 5.293422780220627288e+00 5.398930335147182014e+00 5.511097577289785221e+00 5.633768960766484923e+00 5.768944784933184522e+00 5.916241719702812318e+00 6.073218827790354268e+00 6.236628048862816520e+00 6.402059998116768291e+00 6.560985446552055400e+00 6.703191505653704141e+00 6.829599876087357302e+00 6.957192037768992421e+00 7.102848794261421794e+00 7.265505349679637348e+00 7.426087684094497376e+00 7.569931527818952510e+00 7.712648499147822356e+00 7.893977306345427714e+00 8.151079196918079361e+00 8.504795371902092782e+00 8.958724729805922493e+00 9.500019981717741757e+00 1.010212322354720094e+01 1.073942387364246365e+01 nan nan nan nan nan nan nan nan nan nan nan nan nan nan nan
nan nan nan nan nan nan nan nan nan nan nan nan nan nan nan nan nan nan nan nan nan nan nan nan nan nan nan nan nan nan nan nan nan nan nan 1.091097637889174443e+01 1.046774494582094128e+01 1.004660585264599604e+01 9.644494664175239151e+00 9.259517380187697100e+00 8.890212750029661493e+00 8.534830748048587878e+00 8.191530708552912543e+00 7.859141640639196957e+00 7.537596674224880111e+00 7.227564550178811054e+00 6.929608424394964494e+00 6.643695574470589449e+00 6.369535334439898833e+00 6.107397983531991592e+00 5.858695742440358956e+00 5.625932725941586554e+00 5.412112183896162776e+00 5.220013264855512425e+00 5.051843086602819000e+00 4.909428642769950280e+00 4.794528813007439716e+00 4.708649108655970750e+00 4.652218739075661524e+00 4.623742724255714975e+00 4.619817909868330297e+00 4.636232062847354563e+00 4.669220824731111108e+00 4.715657484426039936e+00 4.772071803633730624e+00 4.833713338067353149e+00 4.895067204889229195e+00 4.952150616355265988e+00 5.005063683131218966e+00 5.058364268997947555e+00 5.118725197355884049e+00 5.191979664236277436e+00 5.281477927473086531e+00 5.387546643687763037e+00 5.507259387968090003e+00 5.635274734284712039e+00 5.766435644518150383e+00 5.897214323011353621e+00 6.023511123148617585e+00 6.140628304053695530e+00 6.250526531756299242e+00 6.365801880148923786e+00 6.500492618229213093e+00 6.657617278554647910e+00 6.826227395991481650e+00 6.992935403443613751e+00 7.162208743916059106e+00 7.361715848196300094e+00 7.624472693812411883e+00 7.970811213205228896e+00 8.401737346205667478e+00 8.899398443282517945e+00 9.437442368051135233e+00 1.000501628257197773e+01 1.062143381321095248e+01 1.132075669358194503e+01 nan nan nan nan nan nan nan nan nan nan nan nan nan
nan nan nan nan nan nan nan nan nan nan nan nan nan nan nan nan nan nan nan nan nan nan nan nan nan nan nan nan nan nan nan nan nan nan nan 1.118104319361623666e+01 1.072671286434355054e+01 1.029799104930128451e+01 9.891764327505423893e+00 9.505459186115229997e+00 9.136249158922812086e+00 8.780635212358342656e+00 8.435043452620012872e+00 8.096897398106085220e+00 7.765273863908413787e+00 7.440717902060807631e+00 7.124460512605429230e+00 6.817770909979916638e+00 6.521989539319187124e+00 6.238969725143581613e+00 5.971252723285060071e+00 5.721769868366741285e+00 5.493375316307009371e+00 5.288537917993283877e+00 5.109328214021958914e+00 4.957585572933444595e+00 4.834917346602235710e+00 4.742218090890429671e+00 4.678800430983047320e+00 4.641731607429709250e+00 4.626054561033211776e+00 4.625924173961990071e+00 4.635835937468597123e+00 4.651132831908704190e+00 4.667881947280174693e+00 4.682880495329309056e+00 4.694411609201968538e+00 4.703521848640438208e+00 4.714540306969646544e+00 4.733805176206787202e+00 4.767332174004387468e+00 4.819048166375678122e+00 4.890095235351131997e+00 4.978500477204642394e+00 5.079127480804398687e+00 5.185383936771668090e+00 5.292926298093648896e+00 5.401289095195076051e+00 5.510621193425592423e+00 5.619223928564260895e+00 5.727768538986933500e+00 5.844166153419235954e+00 5.980045548747731310e+00 6.142052731638264262e+00 6.326617375842321422e+00 6.523229820549460989e+00 6.727744578548866095e+00 6.954221910096880954e+00 7.227879306106999024e+00 7.566185966248523798e+00 7.966814521871456556e+00 8.410167252371316238e+00 8.879843020690607602e+00 9.386132695862421826e+00 9.961653684185778346e+00 1.063868296402025493e+01 nan nan nan nan nan nan nan nan nan nan nan nan nan
nan nan nan nan nan nan nan nan nan nan nan nan nan nan nan nan nan nan nan nan nan nan nan nan nan nan nan nan nan nan nan nan nan nan nan nan 1.096527507767070198e+01 1.053357413846443791e+01 1.012666162751960108e+01 9.741659180382260530e+00 9.374570474675191889e+00 9.020028936209847359e+00 8.672280016287970739e+00 8.326796452464543918e+00 7.981637259121802330e+00 7.637879743951272893e+00 7.298782489647847704e+00 6.968258861179703167e+00 6.649891288072347528e+00 6.346866555758666095e+00 6.062139661341373831e+00 5.798340596261621016e+00 5.557650139734468198e+00 5.341926934135953431e+00 5.152942011233872854e+00 4.992352938999105483e+00 4.861241608704231609e+00 4.759357194970952776e+00 4.684387153307872254e+00 4.631676946560259189e+00 4.594776587600009954e+00 4.566768446101990619e+00 4.541783666354064941e+00 4.516042899844125103e+00 4.488125908784622808e+00 4.458669183833855243e+00 4.430064738574460037e+00 4.406328922935261794e+00 4.392541757669644831e+00 4.393604819330631628e+00 4.413048841194491700e+00 4.452499853634382276e+00 4.511403659797492693e+00 4.586468647524054809e+00 4.671677406088750928e+00 4.760701768393294842e+00 4.850999767989655709e+00 4.944813454649698237e+00 5.045081080614577829e+00 5.152003026065764324e+00 5.265508290075119113e+00 5.390033597417043687e+00 5.534532988446065005e+00 5.707387183312721213e+00 5.910958038499808609e+00 6.139674052593786513e+00 6.385434204678984038e+00 6.648810945191325317e+00 6.941704496158826565e+00 7.273800109776932921e+00 7.639279697896262711e+00 8.024111246099547401e+00 8.431470320015661102e+00 8.890952848674025688e+00 9.439100624698243180e+00 1.010230486680984718e+01 1.089517045087316305e+01 nan nan nan nan nan nan nan nan nan nan nan nan
nan nan nan nan nan nan nan nan nan nan nan nan nan nan nan nan nan nan nan nan nan nan nan nan nan nan nan nan nan nan nan nan nan nan nan nan 1.118855690332879860e+01 1.075775788646258135e+01 1.035263315159048858e+01 9.970266430641338218e+00 9.605612357144341473e+00 9.251270106780690838e+00 8.898927517413241617e+00 8.542002324345942199e+00 8.178304303802729436e+00 7.811053960595634393e+00 7.447068431388257359e+00 7.093410845135246667e+00 6.755293491535133477e+00 6.436103544854940850e+00 6.138200734571345407e+00 5.863344210966935144e+00 5.612877592046923603e+00 5.388063429283736383e+00 5.190311592353905823e+00 5.020812126088356031e+00 4.879643620896530365e+00 4.764930685974927194e+00 4.672520467638181962e+00 4.596351868406079788e+00 4.529534642029078739e+00 4.465924752490438188e+00 4.401641309975929950e+00 4.335811813177947727e+00 4.270156617220904671e+00 4.207916195736989273e+00 4.153076621880917862e+00 4.109968588430254144e+00 4.082582602228866264e+00 4.073670112897755047e+00 4.084413530003151216e+00 4.114721340086200385e+00 4.163176822739278471e+00 4.226244756239334599e+00 4.298255618742711448e+00 4.374039893284017211e+00 4.452713750232627277e+00 4.537982988198878687e+00 4.634071092598898822e+00 4.742430490044190705e+00 4.863105317431024588e+00 4.998476370592051410e+00 5.154796993668188776e+00 5.340221937544207265e+00 5.560905431590401626e+00 5.817063604023390511e+00 6.102172029539729259e+00 6.408028188514707679e+00 6.730195797081387710e+00 7.064024138625359939e+00 7.399528230061829248e+00 7.735339092571871689e+00 8.097086332066323777e+00 8.526528555242851581e+00 9.058579275788648744e+00 9.714007785020715602e+00 1.050324357563722089e+01 nan nan nan nan nan nan nan nan nan nan nan nan
nan nan nan nan nan nan nan nan nan nan nan nan nan nan nan nan nan nan nan nan nan nan nan nan nan nan nan nan nan nan nan nan nan nan nan nan nan 1.097950295499305895e+01 1.057674068318319627e+01 1.019637597848755917e+01 9.832051178531811431e+00 9.474125841089014344e+00 9.111830036958842527e+00 8.737443456609339520e+00 8.350380649383730258e+00 7.957768310648130061e+00 7.570366219844285816e+00 7.197368866142301869e+00 6.844155672054053952e+00 6.513178513094676880e+00 6.205641019315876861e+00 5.922382146011258897e+00 5.664121940549582845e+00 5.431658208331305637e+00 5.225859860297529025e+00 5.047016855980567485e+00 4.893778764920037716e+00 4.762481275162135042e+00 4.647427721640686293e+00 4.542096452593969325e+00 4.440780180477944761e+00 4.339982694224006288e+00 4.239075975591461543e+00 4.140022530114038091e+00 4.046320049280148545e+00 3.961889882813978581e+00 3.890571062127908153e+00 3.835869296502918413e+00 3.800312562174743558e+00 3.784795790538019400e+00 3.788788984301908247e+00 3.811156928761848306e+00 3.850247765957684365e+00 3.902934310772813831e+00 3.964494664146075209e+00 4.031070618140752515e+00 4.102847535374969823e+00 4.183960169949859420e+00 4.278981872366007799e+00 4.390200915265293879e+00 4.518235452988871081e+00 4.664454573916319902e+00 4.832713969444405677e+00 5.029508634151462765e+00 5.262232706939984794e+00 5.535467748918668995e+00 5.847264897988187826e+00 6.188390052963143262e+00 6.543980826457674205e+00 6.894443609936975470e+00 7.222831463872662283e+00 7.537329530930228394e+00 7.878961202997171398e+00 8.295793628349157345e+00 8.821355036136958816e+00 9.473640153873329695e+00 1.026118685861606750e+01 1.118778694816961838e+01 nan nan nan nan nan nan nan nan nan nan nan
nan nan nan nan nan nan nan nan nan nan nan nan nan nan nan nan nan nan nan nan nan nan nan nan nan nan nan nan nan nan nan nan nan nan nan nan nan 1.120892338905971997e+01 1.080744927823256951e+01 1.042666592438785678e+01 1.005836344183414788e+01 9.690681042075766527e+00 9.311408623846258337e+00 8.913757305808179154e+00 8.500837197541850188e+00 8.084187062884131691e+00 7.677204271641580924e+00 7.289414693885764684e+00 6.925162211521482369e+00 6.585513289036295070e+00 6.270561628791125663e+00 5.980520521024045522e+00 5.715772138251680623e+00 5.476651964958096919e+00 5.263135150447808996e+00 5.074155383708876421e+00 4.906730888965872062e+00 4.755659804008227631e+00 4.614454277920436276e+00 4.477338880714826885e+00 4.341122032813670373e+00 4.205744198346601515e+00 4.073577145530644650e+00 3.948332138962508786e+00 3.834044495411296882e+00 3.734364749226279923e+00 3.652317483224652328e+00 3.590162856998612817e+00 3.548943974544054747e+00 3.528162916928996307e+00 3.526324217263358651e+00 3.541921776133881927e+00 3.573469352295161716e+00 3.618422030974890014e+00 3.672982473151688687e+00 3.734270148277087031e+00 3.802947576724079237e+00 3.883024636887643766e+00 3.979030799435570476e+00 4.093814486575364953e+00 4.228622872531877519e+00 4.384399279877931654e+00 4.563144010126189976e+00 4.769106100154651529e+00 5.008798100947499776e+00 5.288421591980347891e+00 5.609739254985810497e+00 5.967168871026832022e+00 6.346617667359488735e+00 6.725279414117806276e+00 7.080407180825074143e+00 7.415075028423534498e+00 7.769232789063013733e+00 8.192950978058521017e+00 8.721898413506792735e+00 9.375292194274710056e+00 1.016210866600142104e+01 1.108600472972923789e+01 nan nan nan nan nan nan nan nan nan nan nan
nan nan nan nan nan nan nan nan nan nan nan nan nan nan nan nan nan nan nan nan nan nan nan nan nan nan nan nan nan nan nan nan nan nan nan nan nan nan 1.105260901423251418e+01 1.066780124485117831e+01 1.028983464423550132e+01 9.905283093926504634e+00 9.502591441938148975e+00 9.078434812525792097e+00 8.640566405231695057e+00 8.203596207027741727e+00 7.781400923693592375e+00 7.382423325891146249e+00 7.009604418203917220e+00 6.662863342598932981e+00 6.341560966261318377e+00 6.045544518869029105e+00 5.774886833292361743e+00 5.529234471680068097e+00 5.307308159672911252e+00 5.106444218782397293e+00 4.922141701893053778e+00 4.748227965431343733e+00 4.578409350003500577e+00 4.408795104417713162e+00 4.239425842309055170e+00 4.073487166414141214e+00 3.915405069924757786e+00 3.769589273207488933e+00 3.639950191789254941e+00 3.529579163623775440e+00 3.440496444047568936e+00 3.373529509238799573e+00 3.328242414107811076e+00 3.303130874656021732e+00 3.296390491109173926e+00 3.306717424562645391e+00 3.333032044047269160e+00 3.373307475054096116e+00 3.424400724949521191e+00 3.483977534856057545e+00 3.552729943994617834e+00 3.634260579052420947e+00 3.732871313113579781e+00 3.851713048020819929e+00 3.992480667369792791e+00 4.155985249995213238e+00 4.343092114137395043e+00 4.556119828329756594e+00 4.799708710580622650e+00 5.079386511436394080e+00 5.398289127639642082e+00 5.754704272524604036e+00 6.141314995333038596e+00 6.544308290340603129e+00 6.945251934113788828e+00 7.336079052907447995e+00 7.737703275402285641e+00 8.191814624963198455e+00 8.736368632233315168e+00 9.394843204670042525e+00 1.017857003973688990e+01 1.109126451404557123e+01 nan nan nan nan nan nan nan nan nan nan nan
nan nan nan nan nan nan nan nan nan nan nan nan nan nan nan nan nan nan nan nan nan nan nan nan nan nan nan nan nan nan nan nan nan nan nan nan nan nan 1.131861172752936007e+01 1.092553737286703175e+01 1.053181868381284048e+01 1.012399610053438614e+01 9.693922240789449418e+00 9.243572327654067777e+00 8.784505330944433865e+00 8.331968477700772979e+00 7.898428484908562197e+00 7.490664821357211345e+00 7.110531947848975243e+00 6.757378209585835904e+00 6.430195628358434945e+00 6.128417680962224168e+00 5.851447891679887547e+00 5.597852812494719110e+00 5.364926071437865041e+00 5.148540419045970928e+00 4.943125367711564522e+00 4.742374858733707121e+00 4.541391979234627563e+00 4.339247392779963519e+00 4.139415021832682839e+00 3.947491767562136822e+00 3.768709507667315606e+00 3.607213787340207478e+00 3.466375641264198837e+00 3.348714099878653538e+00 3.255352117261599787e+00 3.185748513191628550e+00 3.138054472066249545e+00 3.109963109420047278e+00 3.099706645792920767e+00 3.106497334697409407e+00 3.129794788232167502e+00 3.168045157007056467e+00 3.218591365379944946e+00 3.279386900115722980e+00 3.350878230143687464e+00 3.436036155603504394e+00 3.538699994385228642e+00 3.661988220618515477e+00 3.807747534752895291e+00 3.976785323005429973e+00 4.169590219221349869e+00 4.387485088226341645e+00 4.633431936745422419e+00 4.911263895754311548e+00 5.223745059493968945e+00 5.571546671865249323e+00 5.953682456136490053e+00 6.366918508360162932e+00 6.803527287135297641e+00 7.254125052703064291e+00 7.720443399206227575e+00 8.223682140532119433e+00 8.794256009535201812e+00 9.456591596899784236e+00 1.022359950067285439e+01 1.109844136397593317e+01 nan nan nan nan nan nan nan nan nan nan nan
nan nan nan nan nan nan nan nan nan nan nan nan nan nan nan nan nan nan nan nan nan nan nan nan nan nan nan nan nan nan nan nan nan nan nan nan nan nan nan 1.120514323477493157e+01 1.078997753665929160e+01 1.035424107107888858e+01 9.895739150871625256e+00 9.422169871739443536e+00 8.946876623851398591e+00 8.483392844527726240e+00 8.041650165628343672e+00 7.626827646336752586e+00 7.240271112895679373e+00 6.881249177808569151e+00 6.548426730617006086e+00 6.240370330213107941e+00 5.955173154488332621e+00 5.689954364591923941e+00 5.440734225236968591e+00 5.202504011500186820e+00 4.969529240313835139e+00 4.736695966106394984e+00 4.502038168893152559e+00 4.268430229498568984e+00 4.042240807886559928e+00 3.829982568573398360e+00 3.636190475328938909e+00 3.463812504866403241e+00 3.315394685807167008e+00 3.193069190072806318e+00 3.097470950073885287e+00 3.027085440410666628e+00 2.978870806608910460e+00 2.949750528803829042e+00 2.937940988822067556e+00 2.943126266890576215e+00 2.965302050430481007e+00 3.003415698529856126e+00 3.055326961031961108e+00 3.119276979691349982e+00 3.195396290185168464e+00 3.285839116626704470e+00 3.393666829786557315e+00 3.521567181655509859e+00 3.671206128172874728e+00 3.843391647051141113e+00 4.038822173043772779e+00 4.258875900633593226e+00 4.505746020064437474e+00 4.781717356109452588e+00 5.088456454936545192e+00 5.427479282290374130e+00 5.801246228378476033e+00 6.212405829895498499e+00 6.660492026074840588e+00 7.140325438288170901e+00 7.647326488759724761e+00 8.186307103312483235e+00 8.772384389408740546e+00 9.422618874997249705e+00 1.014899984805769506e+01 1.095814381786857439e+01 nan nan nan nan nan nan nan nan nan nan nan
nan nan nan nan nan nan nan nan nan nan nan nan nan nan nan nan nan nan nan nan nan nan nan nan nan nan nan nan nan nan nan nan nan nan nan nan nan nan nan nan 1.107148352700001404e+01 1.060499262073994942e+01 1.011879914876111464e+01 9.625564026765930592e+00 9.138385012428321019e+00 8.667581521303128866e+00 8.220157984241501126e+00 7.800014691126857080e+00 7.408369957678742956e+00 7.044376410112930920e+00 6.705799186442928495e+00 6.389478193294886310e+00 6.091563513528366336e+00 5.807796911965460218e+00 5.533747765513860273e+00 5.264790983180844819e+00 4.996589783390448680e+00 4.727003185991388357e+00 4.458255862619604493e+00 4.196802416943283376e+00 3.950346058467145927e+00 3.724475601326108887e+00 3.521677921491125574e+00 3.343013108397179245e+00 3.190089567308230567e+00 3.064981107933836046e+00 2.968437969249557273e+00 2.898619096099528392e+00 2.851692044914047486e+00 2.823793559516163842e+00 2.812791762234398973e+00 2.818478159655487758e+00 2.841190471281315855e+00 2.880375655265173140e+00 2.934541873941904022e+00 3.002411946840158219e+00 3.083939295196788333e+00 3.180407809188916968e+00 3.293837166677915373e+00 3.426140269168489905e+00 3.578531485066938966e+00 3.751757229478234201e+00 3.947018280577747174e+00 4.166460248126832688e+00 4.412460477291961780e+00 4.686528364471401531e+00 4.989347346010779560e+00 5.322252837330823994e+00 5.688423788624603183e+00 6.091642237210557198e+00 6.533021439318833501e+00 7.009288059997846432e+00 7.515857004729936008e+00 8.052758643903940694e+00 8.627139755673466581e+00 9.250475492305382019e+00 9.935251073329942173e+00 1.069404179642317132e+01 nan nan nan nan nan nan nan nan nan nan nan
nan nan nan nan nan nan nan nan nan nan nan nan nan nan nan nan nan nan nan nan nan nan nan nan nan nan nan nan nan nan nan nan nan nan nan nan nan nan nan nan nan 1.088729903816831701e+01 1.037420084971812173e+01 9.863411996495489831e+00 9.366609733085546452e+00 8.890523161842317279e+00 8.439418941581344313e+00 8.016148810065248043e+00 7.621547125007811729e+00 7.253661314252664916e+00 6.907893038695011256e+00 6.578169910256276509e+00 6.258706679596592437e+00 5.945391051498035928e+00 5.635640118967637946e+00 5.327291929963228867e+00 5.018958476065042085e+00 4.712290393449962700e+00 4.413221957622086578e+00 4.130131111131466248e+00 3.870270443075710443e+00 3.637127411182455639e+00 3.430542667781673050e+00 3.249430624433588655e+00 3.094467834075304236e+00 2.967953282897371814e+00 2.871279507643831330e+00 2.802908321037951289e+00 2.758683579016237619e+00 2.734007952259002394e+00 2.726047162768848064e+00 2.734216544275373639e+00 2.758854580949532842e+00 2.799799185529485701e+00 2.856307298206108403e+00 2.927828664317074114e+00 3.014400123426468348e+00 3.116545568068330052e+00 3.235155757752889993e+00 3.371209584343214605e+00 3.525369778203688131e+00 3.698292987262325582e+00 3.891713761776770752e+00 4.108738465431182263e+00 4.352447882523898137e+00 4.624357473722259471e+00 4.924718867611813877e+00 5.254329497216247091e+00 5.615472337585617701e+00 6.010437683286811605e+00 6.439049056503895585e+00 6.898358831108717837e+00 7.385807442804897427e+00 7.903029349192839170e+00 8.456673127783266963e+00 9.056908740081942355e+00 9.716332050979323398e+00 1.044923703624391820e+01 1.127006610616763638e+01 nan nan nan nan nan nan nan nan nan nan
nan nan nan nan nan nan nan nan nan nan nan nan nan nan nan nan nan nan nan nan nan nan nan nan nan nan nan nan nan nan nan nan nan nan nan nan nan nan nan nan nan 1.121442084514731441e+01 1.067411786537526730e+01 1.014548837180322494e+01 9.638649904752830011e+00 9.157418654860023821e+00 8.703978133059868227e+00 8.280037349946477221e+00 7.884821100960833107e+00 7.512967029304883582e+00 7.154945814202172016e+00 6.800808892525231464e+00 6.445189792543397189e+00 6.088839423227178749e+00 5.734871914015974959e+00 5.384751148445857005e+00 5.039127098426440021e+00 4.701483563311251501e+00 4.379213070744182978e+00 4.080948575904877806e+00 3.812876112081048596e+00 3.576511000162784004e+00 3.369356877715640852e+00 3.188354233309737662e+00 3.033285173351432107e+00 2.906717239425984811e+00 2.810839437949225861e+00 2.744693817640364575e+00 2.704096072416925178e+00 2.683846906511250019e+00 2.680279977131934999e+00 2.692132876944771436e+00 2.719450462801610957e+00 2.762297129358282088e+00 2.820680143985439425e+00 2.894921679427345129e+00 2.985363306791874116e+00 3.091962445749924626e+00 3.214586531904508604e+00 3.353355845911869970e+00 3.508493867417680878e+00 3.680634829392817498e+00 3.871929559847465452e+00 4.086232355947026385e+00 4.327369141047907597e+00 4.597338494466080228e+00 4.896525736583114075e+00 5.225273022055874073e+00 5.584437166811257569e+00 5.974118434984883486e+00 6.392501392310565578e+00 6.837138060418604724e+00 7.308066757085311949e+00 7.809428328872172642e+00 8.348405734032841252e+00 8.934197553752303733e+00 9.578474631123773619e+00 1.029532976760642704e+01 1.109938333159945323e+01 nan nan nan nan nan nan nan nan nan nan
nan nan nan nan nan nan nan nan nan nan nan nan nan nan nan nan nan nan nan nan nan nan nan nan nan nan nan nan nan nan nan nan nan nan nan nan nan nan nan nan nan nan 1.103207746258911115e+01 1.048320212649879224e+01 9.963632753974705381e+00 9.475644325202514651e+00 9.020232661296276433e+00 8.597393130831360253e+00 8.202346359796040431e+00 7.822381413797354632e+00 7.439676710281969640e+00 7.042105814479765691e+00 6.632613691895488550e+00 6.224300328476902067e+00 5.827384419606956634e+00 5.443701857868989080e+00 5.071563651371914005e+00 4.712794511226133132e+00 4.374440546301652688e+00 4.065229684261665533e+00 3.791076316904697485e+00 3.552540910059756030e+00 3.345625338171566376e+00 3.165787243658401362e+00 3.012016399503216313e+00 2.886942377958789940e+00 2.793224668946379108e+00 2.730239013317318442e+00 2.693717470948315373e+00 2.677977038412709732e+00 2.678689902710677195e+00 2.694010670465667001e+00 2.723672847261876306e+00 2.767885512941225645e+00 2.827315736451409656e+00 2.903101616309566424e+00 2.995923587293265911e+00 3.105322193875172943e+00 3.230364996580741721e+00 3.370575895974722513e+00 3.526012463362468985e+00 3.697435029705998577e+00 3.887255918232326302e+00 4.099702909054097510e+00 4.339136776641775661e+00 4.608227937035188404e+00 4.907857465682742060e+00 5.238099189636568731e+00 5.598460457098809684e+00 5.987202160995178879e+00 6.401537452560170927e+00 6.839840606224205644e+00 7.303994903644044356e+00 7.799126061762255979e+00 8.331682729146963950e+00 8.909302629470511548e+00 9.542608899948598733e+00 1.024562516912477861e+01 1.103341295292794122e+01 nan nan nan nan nan nan nan nan nan nan
nan nan nan nan nan nan nan nan nan nan nan nan nan nan nan nan nan nan nan nan nan nan nan nan nan nan nan nan nan nan nan nan nan nan nan nan nan nan nan nan nan nan nan 1.088939099963969426e+01 1.035323607534106394e+01 9.855849040537538741e+00 9.397698008550822379e+00 8.975755674524474870e+00 8.577364103827743946e+00 8.176810022995015359e+00 7.746605904355898353e+00 7.282551749712345313e+00 6.808813176209353557e+00 6.352801897698287625e+00 5.925705002606035166e+00 5.523353522294504714e+00 5.137455347698496766e+00 4.766083002322247353e+00 4.415911453389735009e+00 4.096985981338075788e+00 3.816334245568195005e+00 3.574609809025439233e+00 3.367067234406875720e+00 3.188221314866912071e+00 3.036467698564451201e+00 2.914234982496846094e+00 2.824061163316851530e+00 2.765034593813897157e+00 2.732429694070982684e+00 2.720101972894389597e+00 2.723428035318154361e+00 2.740451877710348594e+00 2.770934144934451115e+00 2.815327232978829919e+00 2.874820251915705338e+00 2.951094903232966971e+00 3.044962251874965720e+00 3.155558688415699642e+00 3.281380385342965944e+00 3.421700712973767988e+00 3.576767909659917866e+00 3.747679632669586702e+00 3.937011904913563232e+00 4.149018681039948753e+00 4.388305964171605567e+00 4.658185240849923581e+00 4.960156052009095262e+00 5.294168003913931386e+00 5.658692643548760337e+00 6.050847108574680888e+00 6.467665660218943735e+00 6.908379189972469803e+00 7.375514088567689974e+00 7.873409304581393542e+00 8.406454212928597514e+00 8.980248394828699077e+00 9.604615335946125043e+00 1.029411798462608196e+01 1.106478456977079894e+01 nan nan nan nan nan nan nan nan nan nan
nan nan nan nan nan nan nan nan nan nan nan nan nan nan nan nan nan nan nan nan nan nan nan nan nan nan nan nan nan nan nan nan nan nan nan nan nan nan nan nan nan nan nan nan 1.082046111066529370e+01 1.031106437302013923e+01 9.848453421650596340e+00 9.424007016821354554e+00 9.011233589010478440e+00 8.565829297752065585e+00 8.059380257627076105e+00 7.515923897763997275e+00 6.984897838549357196e+00 6.497128388545226230e+00 6.056052397254986452e+00 5.647913894312310390e+00 5.256412915662637353e+00 4.875817016880041876e+00 4.513875786562355330e+00 4.183864354352861525e+00 3.895150748135288055e+00 3.648901744350180110e+00 3.439713507355420585e+00 3.261279008577034233e+00 3.111521220984015290e+00 2.992551592749256972e+00 2.906356639418058663e+00 2.851165434980828195e+00 2.821359041515838939e+00 2.810277948279389371e+00 2.813394493137524766e+00 2.829278660548253832e+00 2.858283720371143755e+00 2.901358628822190866e+00 2.960070205116899889e+00 3.036231973904597758e+00 3.130394411014779443e+00 3.241136347941500517e+00 3.366492107765985509e+00 3.505780662219105892e+00 3.659826339803057937e+00 3.830381678128030654e+00 4.020243283739151074e+00 4.233444196963692008e+00 4.474464867747867558e+00 4.746971241336164660e+00 5.052965977833439482e+00 5.392389186118608180e+00 5.763118279347726691e+00 6.161858467157546926e+00 6.586078688045670759e+00 7.035761667473332537e+00 7.513156405276983030e+00 8.020661420438353062e+00 8.559792784343168037e+00 9.133817617077221840e+00 9.751903383507258383e+00 1.042943472012527373e+01 1.118344477250460756e+01 nan nan nan nan nan nan nan nan nan nan
nan nan nan nan nan nan nan nan nan nan nan nan nan nan nan nan nan nan nan nan nan nan nan nan nan nan nan nan nan nan nan nan nan nan nan nan nan nan nan nan nan nan nan nan nan 1.085498328731010886e+01 1.038535414487816411e+01 9.950461011015303114e+00 9.501954811981001114e+00 8.978805717677388998e+00 8.377748124724643475e+00 7.763407547690718502e+00 7.194292629545501860e+00 6.691441172894988298e+00 6.247340310209037462e+00 5.838670472959304192e+00 5.441429141833542538e+00 5.047600899287956189e+00 4.668974503200453263e+00 4.324417125672787243e+00 4.026227503132751018e+00 3.775465551627113836e+00 3.565090528181167340e+00 3.387204877314226259e+00 3.238971843403951389e+00 3.122272308265497731e+00 3.038685877294049487e+00 2.985588304412007954e+00 2.956354625178151174e+00 2.943750002890331618e+00 2.943527416318056478e+00 2.955248817533979278e+00 2.980412348336296535e+00 3.020793132170462414e+00 3.078252010706675090e+00 3.154340252621976148e+00 3.248919087810819839e+00 3.359720395631255130e+00 3.484202349269297283e+00 3.621833572550890779e+00 3.774370673604178883e+00 3.944696363936619488e+00 4.136128513804569806e+00 4.352371393549279155e+00 4.597286993662065946e+00 4.874281179030194977e+00 5.185460453929027658e+00 5.530815858190990753e+00 5.908161533329099768e+00 6.314500560032374921e+00 6.748166613943585190e+00 7.209809641353666976e+00 7.701066042483617480e+00 8.222237384130124838e+00 8.772065573913646830e+00 9.351525319191079433e+00 9.968763774794512145e+00 1.063916056983187630e+01 nan nan nan nan nan nan nan nan nan nan nan
nan nan nan nan nan nan nan nan nan nan nan nan nan nan nan nan nan nan nan nan nan nan nan nan nan nan nan nan nan nan nan nan nan nan nan nan nan nan nan nan nan nan nan nan nan nan 1.101978024615744722e+01 1.056003534745990535e+01 1.004443904666476151e+01 9.416557811208184248e+00 8.726670503599452289e+00 8.063729157725671115e+00 7.474800915085074493e+00 6.967007907430529556e+00 6.522799607301357661e+00 6.109490666638862422e+00 5.696012484033785128e+00 5.276108902383133348e+00 4.870957167369996732e+00 4.507251232693493037e+00 4.199430156456808838e+00 3.946623197930632543e+00 3.738131069846506005e+00 3.562618737056912011e+00 3.415514968283680286e+00 3.298732690358978648e+00 3.214482233576938075e+00 3.160345986839655730e+00 3.129220081698439238e+00 3.113130047113767951e+00 3.107641911852181860e+00 3.113148564789041117e+00 3.132605905996091344e+00 3.169046929082636854e+00 3.224812664389783201e+00 3.301089652690065268e+00 3.396793045068847050e+00 3.508466582553956048e+00 3.632626480395588775e+00 3.768717307192047450e+00 3.919665214515636542e+00 4.090045417339943867e+00 4.284211778941011239e+00 4.505611740189024772e+00 4.756962248209823052e+00 5.040526477509927439e+00 5.357799807627630528e+00 5.708708807010363095e+00 6.091502324158861725e+00 6.504162210597549176e+00 6.946249182407046696e+00 7.419102061859855546e+00 7.923938527600114412e+00 8.459767524694019158e+00 9.023751756526744217e+00 9.615185339338843562e+00 1.024024621473394880e+01 1.091192531774950503e+01 nan nan nan nan nan nan nan nan nan nan nan
nan nan nan nan nan nan nan nan nan nan nan nan nan nan nan nan nan nan nan nan nan nan nan nan nan nan nan nan nan nan nan nan nan nan nan nan nan nan nan nan nan nan nan nan nan nan nan 1.125207191992606504e+01 1.063589330881858430e+01 9.898886618346063315e+00 9.143678758651146765e+00 8.453266759224081994e+00 7.855628579792325539e+00 7.345791462657736304e+00 6.896269189683841283e+00 6.463167101515978175e+00 6.010769794664311938e+00 5.544245595882220989e+00 5.101114970029237305e+00 4.715185495537503435e+00 4.399898413102169670e+00 4.150040038648423746e+00 3.949066966305491366e+00 3.779683185766726794e+00 3.633869621069247380e+00 3.513990937016970406e+00 3.424976606615539154e+00 3.366854953589536237e+00 3.333130633932324560e+00 3.314483327056928719e+00 3.304680868029946872e+00 3.303770874122667678e+00 3.316122462642161928e+00 3.346703581438678299e+00 3.399108608981455060e+00 3.474690372983209485e+00 3.571579736551245166e+00 3.684900575876296713e+00 3.809733788493930184e+00 3.945095452423522886e+00 4.095084301577817776e+00 4.266344418742143318e+00 4.464721483866203933e+00 4.693597071296585099e+00 4.954189964941581259e+00 5.246762169129304709e+00 5.571312674586593516e+00 5.927346486948059656e+00 6.313855420520417816e+00 6.730393128367036404e+00 7.178146664738420668e+00 7.659337977805509290e+00 8.175226784290108739e+00 8.724661810184304755e+00 9.304841508014026985e+00 9.914440609463175846e+00 1.055681213188412748e+01 1.123937558528904113e+01 nan nan nan nan nan nan nan nan nan nan nan
nan nan nan nan nan nan nan nan nan nan nan nan nan nan nan nan nan nan nan nan nan nan nan nan nan nan nan nan nan nan nan nan nan nan nan nan nan nan nan nan nan nan nan nan nan nan nan nan 1.128408881774033112e+01 1.045696759739193737e+01 9.661516011274697391e+00 8.957191644803499386e+00 8.355114439647776337e+00 7.839441884146544304e+00 7.369160023985044106e+00 6.886529330849319841e+00 6.362526035674945568e+00 5.830255366979051779e+00 5.344314656409381747e+00 4.938247364407120088e+00 4.620076296449441067e+00 4.379045248491100217e+00 4.191972665297837075e+00 4.033477377826736543e+00 3.889942214655384589e+00 3.764609565597534679e+00 3.667844067055295643e+00 3.604815917668318992e+00 3.570715242274779655e+00 3.553809226249981190e+00 3.543538182260021152e+00 3.537467445687399348e+00 3.540942516517886940e+00 3.561838107025371958e+00 3.606479217416448613e+00 3.677673776520596682e+00 3.773503956127307379e+00 3.887805745647958666e+00 4.013918870566642205e+00 4.149959254623277971e+00 4.300796537848467160e+00 4.474904362543844272e+00 4.679579637053696395e+00 4.918247718542954949e+00 5.190617290164439623e+00 5.494545194946945266e+00 5.827873659595865341e+00 6.189233245347917745e+00 6.578393127117114325e+00 6.996843032663312201e+00 7.447787493540983128e+00 7.934697820325727236e+00 8.459390307911952789e+00 9.021333375263850485e+00 9.618747551152416975e+00 1.025056472235499783e+01 1.091722127612998428e+01 nan nan nan nan nan nan nan nan nan nan nan nan
nan nan nan nan nan nan nan nan nan nan nan nan nan nan nan nan nan nan nan nan nan nan nan nan nan nan nan nan nan nan nan nan nan nan nan nan nan nan nan nan nan nan nan nan nan nan nan nan nan 1.111977523523910527e+01 1.030198022986725093e+01 9.590252057097904625e+00 8.982175566843299208e+00 8.447904352410773754e+00 7.925319067467245127e+00 7.349633391686738015e+00 6.727476281135633229e+00 6.127574986100057686e+00 5.606355901526779206e+00 5.187332873091986762e+00 4.871368216160139930e+00 4.643371956685800939e+00 4.474744724525277384e+00 4.331311547917128912e+00 4.191863942443218249e+00 4.060547830734134500e+00 3.955377084468093329e+00 3.888576845874451848e+00 3.857648298225742067e+00 3.847628872321820381e+00 3.841237996476346783e+00 3.830896769538364666e+00 3.822061868379702965e+00 3.826700485187721323e+00 3.855873090742192755e+00 3.915608082076343255e+00 4.005120055014011804e+00 4.117649421849850278e+00 4.245029294779815388e+00 4.384070005105638046e+00 4.539371093419182657e+00 4.720010716686657837e+00 4.933912338303030332e+00 5.184391866920831760e+00 5.469966870909523493e+00 5.786418877627705015e+00 6.129471181664849055e+00 6.496698133970259192e+00 6.888474968895010875e+00 7.308194908970162551e+00 7.761236596700953783e+00 8.252690958708624791e+00 8.785406542780318517e+00 9.359819390913834525e+00 9.975333480568405520e+00 1.063144205933534892e+01 1.132614236407043684e+01 nan nan nan nan nan nan nan nan nan nan nan nan
nan nan nan nan nan nan nan nan nan nan nan nan nan nan nan nan nan nan nan nan nan nan nan nan nan nan nan nan nan nan nan nan nan nan nan nan nan nan nan nan nan nan nan nan nan nan nan nan nan nan 1.107755198714763978e+01 1.035930697440128512e+01 9.736081850009288274e+00 9.154501035691412270e+00 8.528967386264060480e+00 7.824273200642132053e+00 7.107445127040604049e+00 6.458087726279195806e+00 5.915707397879096163e+00 5.491438178132212578e+00 5.181049175961403463e+00 4.967524542345196359e+00 4.819050942439236707e+00 4.693405344479576691e+00 4.560410886273952968e+00 4.424393835187801827e+00 4.311898804050439793e+00 4.242860534242536730e+00 4.217339271650313748e+00 4.217072917079685901e+00 4.216535678019760702e+00 4.200283062790695965e+00 4.172810431678752430e+00 4.151761500130564109e+00 4.155280878296697011e+00 4.194301055972685432e+00 4.270301181633221255e+00 4.377010654848571214e+00 4.505600833659216597e+00 4.651318370609960340e+00 4.816811015106583937e+00 5.009551051500974239e+00 5.236492768341063808e+00 5.500327674043981041e+00 5.798810761722110740e+00 6.126607362130891410e+00 6.478294364904337854e+00 6.850923564212343386e+00 7.245406785296468755e+00 7.666618261728756600e+00 8.121816214826967695e+00 8.617817004431859829e+00 9.158834379925446356e+00 9.746435083724707127e+00 1.038106212481045354e+01 1.106278176304421734e+01 nan nan nan nan nan nan nan nan nan nan nan nan nan
nan nan nan nan nan nan nan nan nan nan nan nan nan nan nan nan nan nan nan nan nan nan nan nan nan nan nan nan nan nan nan nan nan nan nan nan nan nan nan nan nan nan nan nan nan nan nan nan nan nan nan 1.126370978304219150e+01 1.060201220307325798e+01 9.921135030491457840e+00 9.144343124865011774e+00 8.316089639252432164e+00 7.535193143456654141e+00 6.858831106091340502e+00 6.306857010963494048e+00 5.882263947069302112e+00 5.578659987202329695e+00 5.379049036367238301e+00 5.250429121905156649e+00 5.144069933916751047e+00 5.020103841105147957e+00 4.881592647587932987e+00 4.763306608094059591e+00 4.692751759032984360e+00 4.672576534428016792e+00 4.681502963104482440e+00 4.684831807682916960e+00 4.656826118664987746e+00 4.600649082148155600e+00 4.542317758928853699e+00 4.509470820142203351e+00 4.518714435597087409e+00 4.574135403239848685e+00 4.670891151678379316e+00 4.800716754810567366e+00 4.957515663841533637e+00 5.140370574829105976e+00 5.352429927453616010e+00 5.597304707040639649e+00 5.875877787341759806e+00 6.185268900910767087e+00 6.520273387190585801e+00 6.876186503916927428e+00 7.251116310174475998e+00 7.647012781923145042e+00 8.069720467519070795e+00 8.527637628012829651e+00 9.028941892355291543e+00 9.579193785545994544e+00 1.018107171926776644e+01 1.083588920650656640e+01 nan nan nan nan nan nan nan nan nan nan nan nan nan nan
nan nan nan nan nan nan nan nan nan nan nan nan nan nan nan nan nan nan nan nan nan nan nan nan nan nan nan nan nan nan nan nan nan nan nan nan nan nan nan nan nan nan nan nan nan nan nan nan nan nan nan nan nan 1.070335172932587930e+01 9.774162402433358210e+00 8.864127819214333570e+00 8.050368929039978028e+00 7.362019387221154787e+00 6.806814017744836853e+00 6.384057921878556030e+00 6.087070050803142784e+00 5.899936529271578856e+00 5.789937921297430456e+00 5.703610409457338548e+00 5.591191671264954088e+00 5.452581561502194418e+00 5.329817097506875712e+00 5.257595991569386840e+00 5.240980674216706880e+00 5.255590228161264754e+00 5.256345798236845113e+00 5.205423048881314685e+00 5.106726495950520750e+00 4.999101818268650632e+00 4.921003866317234632e+00 4.893537713123012445e+00 4.922558257886977096e+00 5.005152176729733782e+00 5.135022120848807603e+00 5.305911962411049565e+00 5.513022112087257121e+00 5.752874125959394291e+00 6.022399634341042862e+00 6.317948794933387013e+00 6.635120532519914960e+00 6.970190205355767610e+00 7.322088931706405290e+00 7.692814722509863756e+00 8.086659546131160781e+00 8.510133163595021699e+00 8.971809317327705813e+00 9.480407323347883164e+00 1.004228744038390708e+01 1.066075805415336575e+01 1.133753199859839178e+01 nan nan nan nan nan nan nan nan nan nan nan nan nan nan
nan nan nan nan nan nan nan nan nan nan nan nan nan nan nan nan nan nan nan nan nan nan nan nan nan nan nan nan nan nan nan nan nan nan nan nan nan nan nan nan nan nan nan nan nan nan nan nan nan nan nan nan nan nan 1.046035927937250598e+01 9.509444345300785528e+00 8.681501715737274694e+00 7.988558514811514577e+00 7.432871851785674444e+00 7.012534959143986057e+00 6.721400940222558518e+00 6.545079679463555067e+00 6.452111865773848542e+00 6.386044817071492297e+00 6.287470477238605859e+00 6.151062187701175965e+00 6.024849133561025916e+00 5.950338360365643453e+00 5.934577706903941596e+00 5.949054631143681604e+00 5.935957629370623323e+00 5.845075938770971646e+00 5.687763092847851532e+00 5.520828593765890524e+00 5.391653417789795455e+00 5.322608809320990453e+00 5.320038518426566831e+00 5.383347206371354332e+00 5.509484208409912043e+00 5.693848706820431538e+00 5.929348946673026255e+00 6.205458949267622870e+00 6.508765844995167527e+00 6.825719688475169633e+00 7.147195641554005441e+00 7.472537587945897286e+00 7.809087018076780851e+00 8.166810459329635563e+00 8.553869808080557746e+00 8.977152837285322207e+00 9.444547442177700702e+00 9.964460658225814171e+00 1.054319034849863357e+01 1.118363772059824335e+01 nan nan nan nan nan nan nan nan nan nan nan nan nan nan nan
nan nan nan nan nan nan nan nan nan nan nan nan nan nan nan nan nan nan nan nan nan nan nan nan nan nan nan nan nan nan nan nan nan nan nan nan nan nan nan nan nan nan nan nan nan nan nan nan nan nan nan nan nan nan 1.124672318335413657e+01 1.027848422107542525e+01 9.444974959806577530e+00 8.750527056592947162e+00 8.195332716739606838e+00 7.777317315200740211e+00 7.491121893536970333e+00 7.323988696843260371e+00 7.246328288695171871e+00 7.200301311877324473e+00 7.117542537523121382e+00 6.985500871543488977e+00 6.856714024364662485e+00 6.779118777289675712e+00 6.760952250255551021e+00 6.767102156634048349e+00 6.723084802668817694e+00 6.569829407359862650e+00 6.338490993226828074e+00 6.105702033089674075e+00 5.921819147105837011e+00 5.807109502427251435e+00 5.768054587669406708e+00 5.806826721087473331e+00 5.923979018569100141e+00 6.117531336136338815e+00 6.380473544551692022e+00 6.697716430527187903e+00 7.044202411821014032e+00 7.389255747214655834e+00 7.712107385532050330e+00 8.017072408282324147e+00 8.327098838146660853e+00 8.664217083731548641e+00 9.040688316747470310e+00 9.463092666332855174e+00 9.938358047399525219e+00 1.047450581287425742e+01 1.107742290800661067e+01 nan nan nan nan nan nan nan nan nan nan nan nan nan nan nan nan
nan nan nan nan nan nan nan nan nan nan nan nan nan nan nan nan nan nan nan nan nan nan nan nan nan nan nan nan nan nan nan nan nan nan nan nan nan nan nan nan nan nan nan nan nan nan nan nan nan nan nan nan nan nan nan 1.118514243323374480e+01 1.034957145717834059e+01 9.654784100382396872e+00 9.100322715268921669e+00 8.684306122376876047e+00 8.402173346067748128e+00 8.242745311134328290e+00 8.178640995416071036e+00 8.152025514249830351e+00 8.086662556265624247e+00 7.961028246821884480e+00 7.830485194952886197e+00 7.748915327974600586e+00 7.724320846538006435e+00 7.710382971926215134e+00 7.611028268324163015e+00 7.370010381836712199e+00 7.053125053861054816e+00 6.751060169052307991e+00 6.509956387315727788e+00 6.346849384201632915e+00 6.269032487983746904e+00 6.281184705261495083e+00 6.386214179162842619e+00 6.583939657422738456e+00 6.868635492673917931e+00 7.224396046328230625e+00 7.617741685468384816e+00 7.996548828243188467e+00 8.319305837939170445e+00 8.596766702734754517e+00 8.874777736938257888e+00 9.188747387818736456e+00 9.553216058370370689e+00 9.973736753864216098e+00 1.045691122619332170e+01 1.101139463875840008e+01 nan nan nan nan nan nan nan nan nan nan nan nan nan nan nan nan nan
nan nan nan nan nan nan nan nan nan nan nan nan nan nan nan nan nan nan nan nan nan nan nan nan nan nan nan nan nan nan nan nan nan nan nan nan nan nan nan nan nan nan nan nan nan nan nan nan nan nan nan nan nan nan nan nan nan 1.070534793192953060e+01 1.015159527470629719e+01 9.737220361361158538e+00 9.458382355476537384e+00 9.305353052322962171e+00 9.253099423941092638e+00 9.244927451170669386e+00 9.198117472945213535e+00 9.080805088868769914e+00 8.949286381924730804e+00 8.862610109959446092e+00 8.825924257346606794e+00 8.773864177502051831e+00 8.586141538125628969e+00 8.233958863152098573e+00 7.826079817435992680e+00 7.454283769390401382e+00 7.156245230654175060e+00 6.946598617455294722e+00 6.833442703952796293e+00 6.822317068082949021e+00 6.916331294543266672e+00 7.115515210040594063e+00 7.415170017165920058e+00 7.800748416429182264e+00 8.235380264559610808e+00 8.647846160906825119e+00 8.970646183006488528e+00 9.220751239880705441e+00 9.469331448740408774e+00 9.762663225083304752e+00 1.011538657536791597e+01 1.053209953604987170e+01 1.102015106256208909e+01 nan nan nan nan nan nan nan nan nan nan nan nan nan nan nan nan nan nan
nan nan nan nan nan nan nan nan nan nan nan nan nan nan nan nan nan nan nan nan nan nan nan nan nan nan nan nan 1.128095594705600568e+01 1.119757193120491046e+01 1.113155834939170674e+01 1.107945709160474479e+01 1.103854781630992044e+01 1.100720074890138456e+01 1.098499908010897919e+01 1.097238143657219211e+01 1.096981057637732704e+01 1.097691923609078479e+01 1.099235973846938208e+01 1.101421897434536312e+01 1.103987257886981155e+01 1.106538073024671931e+01 1.108685644536280002e+01 1.110504579552477722e+01 1.112946023742474644e+01 1.117775099387423587e+01 1.127159830834764875e+01 nan nan nan nan nan nan nan nan nan nan nan nan 1.093848475786920460e+01 1.066229660417145020e+01 1.051454303813735791e+01 1.047253811456533867e+01 1.048159518783974775e+01 1.045407052197756137e+01 1.034684357621731188e+01 1.021503318426783480e+01 1.012145271377102773e+01 1.006338172299803624e+01 9.944230226780396364e+00 9.628503090391614450e+00 9.151229720336404583e+00 8.654723745469215856e+00 8.217810306997112235e+00 7.869058528019619025e+00 7.620982379820489427e+00 7.480991569601399327e+00 7.453509159201717971e+00 7.540354925889251270e+00 7.740810597153288342e+00 8.050582467710418300e+00 8.456719559303790490e+00 8.922040798016498186e+00 9.362240275567097925e+00 9.685836267967344426e+00 9.914255150479890588e+00 1.014022676876973605e+01 1.041700425197129753e+01 1.075847097934381580e+01 1.116907144827636422e+01 nan nan nan nan nan nan nan nan nan nan nan nan nan nan nan nan nan nan nan
nan nan nan nan nan nan nan nan nan nan nan nan nan nan nan nan nan nan nan nan nan nan nan nan 1.115233189368570699e+01 1.095167379943902120e+01 1.079191042543729040e+01 1.066582335560860884e+01 1.056615691338532059e+01 1.048677623815195759e+01 1.042296847164399942e+01 1.037119520039719944e+01 1.032907462467360027e+01 1.029567485885433875e+01 1.027150050761223454e+01 1.025770573473033309e+01 1.025481229601705202e+01 1.026199121598940600e+01 1.027785198483873863e+01 1.030197587299393192e+01 1.033483625926103855e+01 1.037515191228628453e+01 1.041731136101272348e+01 1.045347450710326775e+01 1.048218422545295070e+01 1.051689274242451155e+01 1.058424146279499922e+01 1.071370780129401901e+01 1.092911923712910749e+01 1.124623338839437281e+01 nan nan nan nan nan nan nan nan nan nan nan nan nan nan nan nan nan nan nan 1.119670152498338034e+01 1.071765463187981204e+01 1.011848051053733499e+01 9.544783428189814956e+00 9.053989289061670220e+00 8.666282407800457221e+00 8.391213605286894861e+00 8.234046582972284867e+00 8.197202977842602323e+00 8.280916025901158051e+00 8.483570939831299285e+00 8.800909191801750353e+00 9.221073763561511427e+00 9.707450141800665122e+00 1.016781044660188904e+01 1.049257828711374430e+01 1.070574947665032361e+01 1.091537599123971525e+01 1.117868844112120641e+01 nan nan nan nan nan nan nan nan nan nan nan nan nan nan nan nan nan nan nan nan nan
nan nan nan nan nan nan nan nan nan nan nan nan nan nan nan nan nan nan nan nan nan 1.132845948101588540e+01 1.097580962154943762e+01 1.067803544777025770e+01 1.043231862579946956e+01 1.023491399689807047e+01 1.008017510765631286e+01 9.960569616468308851e+00 9.867869363022197859e+00 9.794716988091130006e+00 9.735531796640673363e+00 9.686612163755608407e+00 9.646059726865875206e+00 9.613776747508476106e+00 9.591120119119027621e+00 9.579822144527843975e+00 9.580491671152254085e+00 9.591906399108042436e+00 9.612232176871978950e+00 9.641272168652333718e+00 9.680746605728298704e+00 9.731002043478225616e+00 9.786721574667350154e+00 9.837111405363136996e+00 9.874889267234085111e+00 9.908873937167417267e+00 9.965261387422204464e+00 1.007538358881369511e+01 1.026437634563804124e+01 1.054815150468436968e+01 1.093538194488620974e+01 nan nan nan nan nan nan nan nan nan nan nan nan nan nan nan nan nan nan nan nan 1.114508303667244959e+01 1.051250397080884724e+01 9.982892293080155355e+00 9.569216494576203047e+00 9.277642833577012027e+00 9.111028330517219942e+00 9.069991613740160830e+00 9.153535468878144954e+00 9.359360178872133673e+00 9.683111817350370742e+00 1.011352879269239402e+01 1.061447994206625367e+01 1.108888212203057044e+01 nan nan nan nan nan nan nan nan nan nan nan nan nan nan nan nan nan nan nan nan nan nan nan nan nan
nan nan nan nan nan nan nan nan nan nan nan nan nan nan nan nan nan nan nan nan 1.105083002759266364e+01 1.064125373451675571e+01 1.028922585618615138e+01 9.992360029619996808e+00 9.748452850665561442e+00 9.554275195701835699e+00 9.404421403350259112e+00 9.291096791493515639e+00 9.205228849406751124e+00 9.138343630637475457e+00 9.084070563582848479e+00 9.038657162561003489e+00 9.000788504118029110e+00 8.971145259709246034e+00 8.951704959770617975e+00 8.944551743184627313e+00 8.950346451914315438e+00 8.967588820070146127e+00 8.993973100665018094e+00 9.029036760256071048e+00 9.074858898791775985e+00 9.132908799543246303e+00 9.199518872090877153e+00 9.264938635355026264e+00 9.319724379189224805e+00 9.365957894882496859e+00 9.422217915034542202e+00 9.516121027081794637e+00 9.673463490869902870e+00 9.913346709839350623e+00 1.024887814364916139e+01 1.068952943471021833e+01 1.124291570074560198e+01 nan nan nan nan nan nan nan nan nan nan nan nan nan nan nan nan nan nan nan nan 1.102508968103768616e+01 1.059594498880164082e+01 1.029537619919402758e+01 1.012438388570487824e+01 1.008236063673873417e+01 1.016753860171577273e+01 1.037718517346855762e+01 1.070683069107043650e+01 1.114548184940950826e+01 nan nan nan nan nan nan nan nan nan nan nan nan nan nan nan nan nan nan nan nan nan nan nan nan nan nan nan
nan nan nan nan nan nan nan nan nan nan nan nan nan nan nan nan nan nan nan 1.087807398742902620e+01 1.040903758377876187e+01 1.000034571904539504e+01 9.649264857536534734e+00 9.353813639359502830e+00 9.112158097178868488e+00 8.921350020610562481e+00 8.776082580042924519e+00 8.668324205929483384e+00 8.588358079115831600e+00 8.526887254542494077e+00 8.477021354000715547e+00 8.435102733385360096e+00 8.400354542873952113e+00 8.374012434267532612e+00 8.358388634099304326e+00 8.355720240854797254e+00 8.366707359667689303e+00 8.389747289822214071e+00 8.422295612734881587e+00 8.463690096647281891e+00 8.516182379551315407e+00 8.582236338090652339e+00 8.660410383953601965e+00 8.743657480237589041e+00 8.821810334496630546e+00 8.888039417435535938e+00 8.947256062257077147e+00 9.019923649292781676e+00 9.135870040071637277e+00 9.324042523621310252e+00 9.606892581326652802e+00 1.000005515771585962e+01 1.051403929964987860e+01 1.115589919028334620e+01 nan nan nan nan nan nan nan nan nan nan nan nan nan nan nan nan nan nan nan nan nan nan 1.128162663850376823e+01 1.124040001278758361e+01 1.132817333708981877e+01 nan nan nan nan nan nan nan nan nan nan nan nan nan nan nan nan nan nan nan nan nan nan nan nan nan nan nan nan nan nan
nan nan nan nan nan nan nan nan nan nan nan nan nan nan nan nan nan nan 1.081589495013000501e+01 1.028391173852731555e+01 9.815574825467750841e+00 9.407937658638580558e+00 9.058485704064439759e+00 8.765354496976881293e+00 8.526751922289697916e+00 8.339729865611920090e+00 8.198923595814745724e+00 8.096105222471392082e+00 8.021177117862828609e+00 7.964404686063455863e+00 7.918665583985718293e+00 7.880406408369501570e+00 7.849136472438461354e+00 7.826322759944654095e+00 7.814394268962862711e+00 7.815681326418483010e+00 7.831013166263500302e+00 7.858927837970195895e+00 7.896996071151286323e+00 7.944663676870969304e+00 8.004460491922850807e+00 8.079753218249344116e+00 8.171151869189435146e+00 8.274250475984381126e+00 8.378331318470223721e+00 8.466702984564921763e+00 8.527388536277873854e+00 8.573768647080731498e+00 8.646048259283240611e+00 8.788024854701429689e+00 9.030868037839274720e+00 9.392757029806668712e+00 9.883630668853285783e+00 1.050896315670729919e+01 1.127188590686775527e+01 nan nan nan nan nan nan nan nan nan nan nan nan nan nan nan nan nan nan nan nan nan nan nan nan nan nan nan nan nan nan nan nan nan nan nan nan nan nan nan nan nan nan nan nan nan nan nan nan nan nan nan nan nan nan
nan nan nan nan nan nan nan nan nan nan nan nan nan nan nan nan nan 1.086787828132091605e+01 1.026973607532481303e+01 9.737740766492422040e+00 9.269838638246914897e+00 8.863494108439541108e+00 8.516339677370158512e+00 8.226423668579695203e+00 7.991731183069619604e+00 7.809070611510988691e+00 7.672882550251737044e+00 7.574798260795656546e+00 7.504611041717909714e+00 7.452502088919655598e+00 7.411285718728248817e+00 7.377331800981667520e+00 7.350031980889490946e+00 7.330745150891978312e+00 7.321905536638015022e+00 7.326018794987687599e+00 7.344243670358165055e+00 7.375563702238704167e+00 7.418038942597336316e+00 7.471525063725055205e+00 7.538898585370627181e+00 7.624189477419055727e+00 7.729490199821684726e+00 7.852392799267086332e+00 7.981901540700489406e+00 8.092918643130840195e+00 8.157293378215918267e+00 8.182828919218799513e+00 8.222742510413848294e+00 8.334374139775453827e+00 8.553778042975912044e+00 8.898943255752651993e+00 9.378263943473564623e+00 9.995719798495606767e+00 1.075330118500843568e+01 nan nan nan nan nan nan nan nan nan nan nan nan nan nan nan nan nan nan nan nan nan nan nan nan nan nan nan nan nan nan nan nan nan nan nan nan nan nan nan nan nan nan nan nan nan nan nan nan nan nan nan nan nan nan
nan nan nan nan nan nan nan nan nan nan nan nan nan nan nan nan 1.103209849940366105e+01 1.036805013000886966e+01 9.770172902797805037e+00 9.238227678649792551e+00 8.770884096968813992e+00 8.366107569994706950e+00 8.021715622483501562e+00 7.735633070004458212e+00 7.505516598789169436e+00 7.327801106971758571e+00 7.196657778173447539e+00 7.103635478341485232e+00 7.038612558475123571e+00 6.991881343591181519e+00 6.956185190963541487e+00 6.927533173975779945e+00 6.904795953748476656e+00 6.888938370455185201e+00 6.882341886252642205e+00 6.887821519646275092e+00 6.907125043026033140e+00 6.940017219531094739e+00 6.985363805832818684e+00 7.043573856037755654e+00 7.117742288419251828e+00 7.212167106428320373e+00 7.329816114668827431e+00 7.469864884924677817e+00 7.622412424098897965e+00 7.758912557855241587e+00 7.839683923585350378e+00 7.864297875737312538e+00 7.892631564307275305e+00 7.991491367451570405e+00 8.200719421592918223e+00 8.538612603507742094e+00 9.012934429852304419e+00 9.627000866245065680e+00 1.038229455119917333e+01 1.127952245847737522e+01 nan nan nan nan nan nan nan nan nan nan nan nan nan nan nan nan nan nan nan nan nan nan nan nan nan nan nan nan nan nan nan nan nan nan nan nan nan nan nan nan nan nan nan nan nan nan nan nan nan nan nan nan nan
nan nan nan nan nan nan nan nan nan nan nan nan nan nan nan 1.130095234417150429e+01 1.057456189833938431e+01 9.912395709664865606e+00 9.315543323594246417e+00 8.784353761797934368e+00 8.318118747412389880e+00 7.915302271382642196e+00 7.573980440427221517e+00 7.292045073199946437e+00 7.066880108543520222e+00 6.894562071210013521e+00 6.769007015666080207e+00 6.681732105428311641e+00 6.622766170135180985e+00 6.582511496060897471e+00 6.553507988497635495e+00 6.531160906002956068e+00 6.513550077044795827e+00 6.501036814010692666e+00 6.495870755566590660e+00 6.501270822461098220e+00 6.519825084660904935e+00 6.552380918032207013e+00 6.598789694572088749e+00 6.659945006974160364e+00 6.738857584873211515e+00 6.839648450927221290e+00 6.965646074930998743e+00 7.117411567116320725e+00 7.288087335803053790e+00 7.453170682747867204e+00 7.570577455371284792e+00 7.625696379799179248e+00 7.669715960384111852e+00 7.773736797832503598e+00 7.983601379831683609e+00 8.320726282680777075e+00 8.794055268298128780e+00 9.407266717187113159e+00 1.016191312561381821e+01 1.105867982315890963e+01 nan nan nan nan nan nan nan nan nan nan nan nan nan nan nan nan nan nan nan nan nan nan nan nan nan nan nan nan nan nan nan nan nan nan nan nan nan nan nan nan nan nan nan nan nan nan nan nan nan nan nan nan nan
nan nan nan nan nan nan nan nan nan nan nan nan nan nan nan 1.088421721880877691e+01 1.016059028311815915e+01 9.500698287712335599e+00 8.905707679523093390e+00 8.376204619070966473e+00 7.911837158814345017e+00 7.511452575854845826e+00 7.173413474340656570e+00 6.895694188916285938e+00 6.675541902796349625e+00 6.508788677623412511e+00 6.389176137004420220e+00 6.308228692793826475e+00 6.256096437214328176e+00 6.223184699239286743e+00 6.201693422930609323e+00 6.186310928539252352e+00 6.174214397832794354e+00 6.165013144291267011e+00 6.160705549293652439e+00 6.164943977256124086e+00 6.181335914323919489e+00 6.211976078488867792e+00 6.257671988250677053e+00 6.319562253479164227e+00 6.400267584844817392e+00 6.503448531891192985e+00 6.632433018188983453e+00 6.788733778075994429e+00 6.969159895805819183e+00 7.158716815468557648e+00 7.325493092695398722e+00 7.444149438655434103e+00 7.539368212294762728e+00 7.673324258164270439e+00 7.898316728220932781e+00 8.242859887834631749e+00 8.719944736573255639e+00 9.335188150702768084e+00 1.009103089595615543e+01 1.098856651200465251e+01 nan nan nan nan nan nan nan nan nan nan nan nan nan nan nan nan nan nan nan nan nan nan nan nan nan nan nan nan nan nan nan nan nan nan nan nan nan nan nan nan nan nan nan nan nan nan nan nan nan nan nan nan nan
nan nan nan nan nan nan nan nan nan nan nan nan nan nan 1.129939466410354321e+01 1.051450014822093948e+01 9.792842485359082971e+00 9.135219039441269118e+00 8.542604161011748687e+00 8.015485221987313835e+00 7.553587878410931822e+00 7.155981492332014859e+00 6.821279581816058091e+00 6.547602776718065343e+00 6.332178823138301382e+00 6.170717481475208821e+00 6.056874684906942363e+00 5.982211533481184951e+00 5.936962541880736133e+00 5.911468372621404122e+00 5.897556584551548298e+00 5.889212735591266679e+00 5.882690156574729379e+00 5.876736603877288800e+00 5.872987072838729006e+00 5.875519763346546576e+00 5.889005828341055349e+00 5.916713057140744247e+00 5.960138561365393883e+00 6.020354591056197080e+00 6.099468279414518079e+00 6.200765037627461673e+00 6.327531107725271831e+00 6.481537295703406087e+00 6.661649536732235255e+00 6.861331664597937419e+00 7.065307674220239420e+00 7.255267094354183932e+00 7.432992799555518282e+00 7.633028693387642782e+00 7.901334664578674172e+00 8.272435208811172558e+00 8.765972369978120682e+00 9.391865282897130740e+00 1.015496470755425307e+01 1.105767602572011654e+01 nan nan nan nan nan nan nan nan nan nan nan nan nan nan nan nan nan nan nan nan nan nan nan nan nan nan nan nan nan nan nan nan nan nan nan nan nan nan nan nan nan nan nan nan nan nan nan nan nan nan nan nan nan
nan nan nan nan nan nan nan nan nan nan nan nan nan nan 1.097958249404614861e+01 1.019513508703619742e+01 9.474831467053899559e+00 8.819329561807426998e+00 8.229250886871078308e+00 7.704792863154838578e+00 7.245590119524636386e+00 6.850810966178692674e+00 6.519252290337059996e+00 6.249174718618841773e+00 6.037832986466020735e+00 5.880884414875797717e+00 5.771956581643637563e+00 5.702674963366262340e+00 5.663375110354667008e+00 5.644381266428630362e+00 5.637242411485081206e+00 5.635320965727400377e+00 5.633937083653051126e+00 5.630903241962301742e+00 5.627447306096040158e+00 5.628054751116708054e+00 5.638332581377280661e+00 5.662393585309998478e+00 5.701989154953492012e+00 5.757831315956029705e+00 5.831581927683783917e+00 5.926544492318856605e+00 6.046285309528579788e+00 6.192318260045204248e+00 6.362951354426824579e+00 6.554118955390771717e+00 6.761115840790211884e+00 6.981519549489232368e+00 7.221158518351786348e+00 7.498665408460473358e+00 7.841029377618271567e+00 8.274028680354527765e+00 8.816682041511899826e+00 9.481123741195187193e+00 1.027461623473319818e+01 1.120147271864121308e+01 nan nan nan nan nan nan nan nan nan nan nan nan nan nan nan nan nan nan nan nan nan nan nan nan nan nan nan nan nan nan nan nan nan nan nan nan nan nan nan nan nan nan nan nan nan nan nan nan nan nan nan nan nan
nan nan nan nan nan nan nan nan nan nan nan nan nan nan 1.071183517354045378e+01 9.927553968621541713e+00 9.208489957352632871e+00 8.555079500551254768e+00 7.967534278346856347e+00 7.445721233767631730e+00 6.989140804794685913e+00 6.596997071352537212e+00 6.268192420374537832e+00 6.001065370677976851e+00 5.792879430359518800e+00 5.639263255211981019e+00 5.533856440429393508e+00 5.468392507082700860e+00 5.433376015030119355e+00 5.419230945916321041e+00 5.417356005983958056e+00 5.420545808501461060e+00 5.423155987109473664e+00 5.422051002985064372e+00 5.418109058394748878e+00 5.416207094779156961e+00 5.422637878099709319e+00 5.441920022293040837e+00 5.475629493957370642e+00 5.523877341861030743e+00 5.587892819965706970e+00 5.671199500410398109e+00 5.777857139221185712e+00 5.908933308036424137e+00 6.060550089247476180e+00 6.226456855981256311e+00 6.404690202307482316e+00 6.603547653869134670e+00 6.841817269706961469e+00 7.143375445778481492e+00 7.530771543107994681e+00 8.021576728947332313e+00 8.627833986392380083e+00 9.357127230855033062e+00 1.021398191108513487e+01 1.120102978325896537e+01 nan nan nan nan nan nan nan nan nan nan nan nan nan nan nan nan nan nan nan nan nan nan nan nan nan nan nan nan nan nan nan nan nan nan nan nan nan nan nan nan nan nan nan nan nan nan nan nan nan nan nan nan nan
nan nan nan nan nan nan nan nan nan nan nan nan nan 1.134335032977801028e+01 1.049391437452127640e+01 9.710149737737513220e+00 8.992598514563544754e+00 8.341399383031756543e+00 7.756383236533634928e+00 7.237146069361870993e+00 6.783080181037768774e+00 6.393382807492121955e+00 6.066961436547288145e+00 5.802127182821995355e+00 5.596099215286251649e+00 5.444495250735029934e+00 5.341029938090561480e+00 5.277618857035710320e+00 5.245008957887743684e+00 5.233788800975323063e+00 5.235223686069243598e+00 5.241484555069122031e+00 5.245917504834335610e+00 5.244534681851962254e+00 5.238051438800535031e+00 5.231774486949105629e+00 5.232468056612922247e+00 5.244753651706156816e+00 5.269809316510616348e+00 5.306943972025428558e+00 5.356563116674279534e+00 5.421745773886955888e+00 5.506364983884221687e+00 5.610987954836340386e+00 5.730888277733859226e+00 5.860148940206932444e+00 6.000570632651800018e+00 6.167258490991677000e+00 6.384984265431200789e+00 6.679813634336651873e+00 7.073258985387694153e+00 7.580704030601611798e+00 8.212234730790941128e+00 8.974088315646282510e+00 9.869920880262897711e+00 1.090170666569110836e+01 nan nan nan nan nan nan nan nan nan nan nan nan nan nan nan nan nan nan nan nan nan nan nan nan nan nan nan nan nan nan nan nan nan nan nan nan nan nan nan nan nan nan nan nan nan nan nan nan nan nan nan nan nan
nan nan nan nan nan nan nan nan nan nan nan nan nan 1.117087168831488420e+01 1.032150100944480364e+01 9.538791349143702192e+00 8.823088732093285813e+00 8.174216600348088946e+00 7.591729141880506404e+00 7.075064750359590704e+00 6.623548829622453837e+00 6.236310503535604788e+00 5.912126133289196339e+00 5.649139192282091493e+00 5.444452629744848338e+00 5.293696048022544787e+00 5.190742155631770771e+00 5.127767389404578324e+00 5.095782604946990091e+00 5.085471859551939033e+00 5.087800464742188389e+00 5.094131919539064413e+00 5.096788754001340571e+00 5.091200280029005931e+00 5.078298869666226345e+00 5.064018468404215767e+00 5.055583291318217931e+00 5.057704253520745930e+00 5.071206622289082588e+00 5.094408389596960518e+00 5.126015702296014886e+00 5.167018113499979748e+00 5.219550146985069361e+00 5.284316275533513796e+00 5.360871446712882182e+00 5.451966737732986346e+00 5.567604565940012407e+00 5.724777649237989152e+00 5.944076729976043971e+00 6.246031452420982788e+00 6.648474604986424730e+00 7.165274103367237579e+00 7.806301956521100038e+00 8.578106451664019971e+00 9.484724271175839050e+00 1.052827206067890309e+01 nan nan nan nan nan nan nan nan nan nan nan nan nan nan nan nan nan nan nan nan nan nan nan nan nan nan nan nan nan nan nan nan nan nan nan nan nan nan nan nan nan nan nan nan nan nan nan nan nan nan nan nan nan
nan nan nan nan nan nan nan nan nan nan nan nan nan 1.103893154636916307e+01 1.019011664811438678e+01 9.408821613532680317e+00 8.695081743066527480e+00 8.048468498368304580e+00 7.468404406311462296e+00 6.954293986318297094e+00 6.505429440167529442e+00 6.120799827709074492e+00 5.798907052358393877e+00 5.537576777697674757e+00 5.333700730608894602e+00 5.182903372287685606e+00 5.079244340727887774e+00 5.015170800502693815e+00 4.981887614895025074e+00 4.969989687530474320e+00 4.969870157637137353e+00 4.971886595911207962e+00 4.967471847780661420e+00 4.952015957503845378e+00 4.927319006063703988e+00 4.900347661557590939e+00 4.878944809195910892e+00 4.868019748710085359e+00 4.868157299979467112e+00 4.876546543154653079e+00 4.889306619613108751e+00 4.903567818401624478e+00 4.918440629931472685e+00 4.936674075649598592e+00 4.967700074358477380e+00 5.027764360514899167e+00 5.135061286533111335e+00 5.305024201214140867e+00 5.549917734117443047e+00 5.880976914279098189e+00 6.309698450204411557e+00 6.847269474419042545e+00 7.503235042687975920e+00 8.284475650453227757e+00 9.194501108984784565e+00 1.023226361549515318e+01 nan nan nan nan nan nan nan nan nan nan nan nan nan nan nan nan nan nan nan nan nan nan nan nan nan nan nan nan nan nan nan nan nan nan nan nan nan nan nan nan nan nan nan nan nan nan nan nan nan nan nan nan nan
nan nan nan nan nan nan nan nan nan nan nan nan nan 1.094448966688610625e+01 1.009669302930071133e+01 9.316936972233655467e+00 8.605042257414032392e+00 7.960453347178322758e+00 7.382577706472514656e+00 6.870858890288790377e+00 6.424568965815490529e+00 6.042514868927773009e+00 5.722841408425024312e+00 5.462949303629703657e+00 5.259403937944953533e+00 5.107713701848166643e+00 5.002017269941344324e+00 4.934912102338800288e+00 4.897640640565890102e+00 4.880501099939976051e+00 4.873109413741096851e+00 4.864820666904799751e+00 4.846658758318201699e+00 4.814894501193964338e+00 4.773066752939420176e+00 4.729574368624262171e+00 4.692843842978211555e+00 4.667795916256599398e+00 4.654712636398846470e+00 4.649780456980726839e+00 4.646427596989560982e+00 4.637136899272483070e+00 4.617495434753439376e+00 4.593709217657270472e+00 4.586498694249061536e+00 4.623806159024846707e+00 4.729490075170627250e+00 4.918295819303974525e+00 5.197415353104863911e+00 5.570499707331592276e+00 6.041083318645657840e+00 6.613812424992154604e+00 7.293035213366850122e+00 8.079078543251181799e+00 8.962518045682774215e+00 9.918364443549187115e+00 1.091020997054982189e+01 nan nan nan nan nan nan nan nan nan nan nan nan nan nan nan nan nan nan nan nan nan nan nan nan nan nan nan nan nan nan nan nan nan nan nan nan nan nan nan nan nan nan nan nan nan nan nan nan nan nan nan nan
nan nan nan nan nan nan nan nan nan nan nan nan nan 1.088461829216937815e+01 1.003879628653617750e+01 9.260927175981699122e+00 8.550947287163499055e+00 7.908339900272245870e+00 7.332534239233146955e+00 6.822982718559009285e+00 6.378905717812666687e+00 5.998931039361587558e+00 5.680868874393764756e+00 5.421682527973882060e+00 5.217513584313985042e+00 5.063568510656804023e+00 4.953836271689533888e+00 4.880848342666631368e+00 4.835706547012562417e+00 4.808286002971316364e+00 4.787448726368590535e+00 4.761960304720851411e+00 4.723398565248015935e+00 4.670089825734708100e+00 4.607999399917936501e+00 4.546855040934186576e+00 4.495060933262465142e+00 4.456939161863553878e+00 4.432350709594512495e+00 4.417137670699742280e+00 4.403146198606134654e+00 4.378829619025847997e+00 4.335841456194164500e+00 4.282557938315594726e+00 4.248172258489908870e+00 4.268482751988500468e+00 4.371069769170858876e+00 4.571592586587612139e+00 4.876485340115992884e+00 5.286298772524744116e+00 5.797463460402746627e+00 6.401126823456268156e+00 7.077633617144218015e+00 7.790332106253135436e+00 8.498279612217336521e+00 9.197011615868524004e+00 9.928727381827570753e+00 1.073978146068317940e+01 nan nan nan nan nan nan nan nan nan nan nan nan nan nan nan nan nan nan nan nan nan nan nan nan nan nan nan nan nan nan nan nan nan nan nan nan nan nan nan nan nan nan nan nan nan nan nan nan nan nan nan
nan nan nan nan nan nan nan nan nan nan nan nan nan 1.085314073078221853e+01 1.001180844606140319e+01 9.237300592049702885e+00 8.530197691787043013e+00 7.890255050162060080e+00 7.316924910118125069e+00 6.809560723499163082e+00 6.367247196876832938e+00 5.988448584932232421e+00 5.670735999784218606e+00 5.410716202019478338e+00 5.204077856072677477e+00 5.045568925824396977e+00 4.928816890320456778e+00 4.846112909213818654e+00 4.788329890475410799e+00 4.744968515383146901e+00 4.704490175791534057e+00 4.655940042422490599e+00 4.592674626020412987e+00 4.515919595958442834e+00 4.433936255586984565e+00 4.356911684466725276e+00 4.292251527388363463e+00 4.243095470892448873e+00 4.209044553242355491e+00 4.186712779297460330e+00 4.168310112240077636e+00 4.140026103610789932e+00 4.089026629392773948e+00 4.022063262285795915e+00 3.972131254595127725e+00 3.980004451421026879e+00 4.076214400035389041e+00 4.277723836665200174e+00 4.590977537413281517e+00 5.013172689483973876e+00 5.527484845511966505e+00 6.090586624774605440e+00 6.632198549825457867e+00 7.115064230359801734e+00 7.588419320118831912e+00 8.126209293198696670e+00 8.770510515956761566e+00 9.530019936870939290e+00 1.036966910151127053e+01 1.115148351731251175e+01 nan nan nan nan nan nan nan nan nan nan nan nan nan nan nan nan nan nan nan nan nan nan nan nan nan nan nan nan nan nan nan nan nan nan nan nan nan nan nan nan nan nan nan nan nan nan nan nan nan
nan nan nan nan nan nan nan nan nan nan nan nan nan 1.083859179242296555e+01 1.000684242488467923e+01 9.239150800246715534e+00 8.537340938240079780e+00 7.901791265025687849e+00 7.332076998240912857e+00 6.827391183356673388e+00 6.386597579852504758e+00 6.007994165060871694e+00 5.689007312938340277e+00 5.426006828966448481e+00 5.214286385620173547e+00 5.048110364347042633e+00 4.920694306619780356e+00 4.824086709217424662e+00 4.749030354944188126e+00 4.684956039133824746e+00 4.620620736535983930e+00 4.546418058208748114e+00 4.458319635068099807e+00 4.360279835288789485e+00 4.261758010779177930e+00 4.172200490183170629e+00 4.097299966656673398e+00 4.038907731139315338e+00 3.996837504473972569e+00 3.969551962279426860e+00 3.951502660533123823e+00 3.928990293466235961e+00 3.885020372378020337e+00 3.820547855895051637e+00 3.767059649793160769e+00 3.767964018633723544e+00 3.856421668198992236e+00 4.049880375508637442e+00 4.351199649003306469e+00 4.743878596829044447e+00 5.176791730437384054e+00 5.567246013800495774e+00 5.883851351371060190e+00 6.195331535429043690e+00 6.580664536548808563e+00 7.078434995595946688e+00 7.697033625049162886e+00 8.415794463456794716e+00 9.143677572107659302e+00 9.694707113506185081e+00 1.004084276097309925e+01 1.036548890299786052e+01 1.077620607571471112e+01 1.128957726314792609e+01 nan nan nan nan nan nan nan nan nan nan nan nan nan nan nan nan nan nan nan nan nan nan nan nan nan nan nan nan nan nan nan nan nan nan nan nan nan nan nan nan nan nan nan nan nan
nan nan nan nan nan nan nan nan nan nan nan nan nan 1.082622020959948017e+01 1.001157399456404029e+01 9.256237315593670800e+00 8.563623985688099793e+00 7.935132465177853867e+00 7.370738100722088681e+00 6.869589052513663141e+00 6.430340415839668644e+00 6.051130959943381349e+00 5.729307351166467832e+00 5.461122207285638908e+00 5.241609405007474187e+00 5.064675660848146244e+00 4.923251405398185732e+00 4.809309298148504830e+00 4.713754949708185649e+00 4.626511170686935515e+00 4.537492452062386938e+00 4.439193685856545279e+00 4.330098180740481695e+00 4.215736319889531458e+00 4.105342414317356692e+00 4.006757441739374315e+00 3.923817166637023401e+00 3.857405032046102633e+00 3.808030395717466821e+00 3.776536252460843457e+00 3.760611715157696100e+00 3.748851996080462712e+00 3.722256758459349335e+00 3.674174432616307939e+00 3.629303141021165136e+00 3.630005951946602583e+00 3.710300523722598776e+00 3.884685916952859586e+00 4.142970278531581840e+00 4.438589258812800864e+00 4.694436113624000484e+00 4.880620374495562075e+00 5.060917260471297752e+00 5.311367238988856876e+00 5.670890595661412625e+00 6.150182413888687805e+00 6.737977803957155842e+00 7.377904694677956066e+00 7.921197421841934982e+00 8.250063629740193250e+00 8.487393100626185571e+00 8.779903386125146980e+00 9.177316416299435176e+00 9.674490421636894766e+00 1.022171104510185380e+01 1.072695585530144591e+01 1.113674481120492210e+01 nan nan nan nan nan nan nan nan nan nan nan nan nan nan nan nan nan nan nan nan nan nan nan nan nan nan nan nan nan nan nan nan nan nan nan nan nan nan nan nan nan nan
nan nan nan nan nan nan nan nan nan nan nan nan nan 1.080320688292214371e+01 1.001344430992949697e+01 9.276934784429725411e+00 8.598308438241907936e+00 7.980101090940049602e+00 7.422980035762160256e+00 6.926317781547891350e+00 6.488730003841040705e+00 6.108292492193693413e+00 5.782370562033729122e+00 5.507255148652595800e+00 5.277932165303156786e+00 5.088172538674480272e+00 4.930815203637958888e+00 4.797967382430067040e+00 4.681069965689270695e+00 4.571163820268789202e+00 4.459960265063663165e+00 4.342116145699817409e+00 4.217748995420611990e+00 4.092607096219170515e+00 3.974694967500180809e+00 3.869960880351518195e+00 3.780638578965612062e+00 3.707069161843710603e+00 3.650666330269647375e+00 3.614441952218645060e+00 3.599065142865222722e+00 3.596366695227468657e+00 3.588430927148390737e+00 3.563218017632049595e+00 3.535484664605331062e+00 3.540441653824466961e+00 3.606915220448324355e+00 3.738211888469073152e+00 3.901544737873063884e+00 4.036255222508395413e+00 4.114525918619805545e+00 4.184469203622508182e+00 4.313935816044233817e+00 4.543167143070308001e+00 4.886377607738342732e+00 5.338831723650619310e+00 5.866441582853791914e+00 6.367795489967710942e+00 6.697877393192484874e+00 6.879380151663283982e+00 7.065070285243300496e+00 7.340776469366510959e+00 7.726520082742203144e+00 8.204645928929620524e+00 8.714375289976501904e+00 9.164615295298375486e+00 9.526751666464164714e+00 9.855621766110068904e+00 1.018825179196080910e+01 1.052750646441850790e+01 1.088990026611889839e+01 1.131533234856144787e+01 nan nan nan nan nan nan nan nan nan nan nan nan nan nan nan nan nan nan nan nan nan nan nan nan nan nan nan nan nan nan nan nan nan nan nan nan nan
nan nan nan nan nan nan nan nan nan nan nan nan nan 1.076329974804173695e+01 1.000304528421407113e+01 9.290498478783542069e+00 8.630330924976489015e+00 8.025703045210027753e+00 7.477923073827652978e+00 6.986770840980432773e+00 6.551058626790476680e+00 6.169009304233351365e+00 5.838211755156812011e+00 5.555243651919612446e+00 5.315328125685345739e+00 5.112346999351065513e+00 4.939201520363924125e+00 4.788266593357457523e+00 4.651775479074584219e+00 4.522239310416130031e+00 4.393270264133497527e+00 4.261184081679533442e+00 4.126750654908245330e+00 3.995057973474322566e+00 3.872532735153453753e+00 3.763392113654085325e+00 3.668688681015946695e+00 3.588560697351020234e+00 3.525179235151298496e+00 3.482841109935338686e+00 3.463779223569306343e+00 3.462116360665885573e+00 3.462616179703803088e+00 3.452198024072867799e+00 3.436907906607608698e+00 3.438938715405802427e+00 3.472845816288050891e+00 3.525825432645672830e+00 3.560805515671493282e+00 3.555854137447372665e+00 3.540263689418052362e+00 3.568378015328393271e+00 3.680562398572994276e+00 3.895447445416466259e+00 4.213995075903925525e+00 4.616220436302912233e+00 5.039443871433957334e+00 5.362204653914847796e+00 5.522787462244668433e+00 5.625804755714822747e+00 5.785809256476044382e+00 6.049823961423487440e+00 6.423049931657916822e+00 6.878390234528137803e+00 7.345906373180278059e+00 7.741818323083547781e+00 8.061974786123952796e+00 8.363713801658548164e+00 8.672676560654078770e+00 8.989444566331373565e+00 9.335145872443119330e+00 9.751136113596057697e+00 1.027286274119881071e+01 1.092067043879707278e+01 nan nan nan nan nan nan nan nan nan nan nan nan nan nan nan nan nan nan nan nan nan nan nan nan nan nan nan nan nan nan nan nan nan nan nan
nan nan nan nan nan nan nan nan nan nan nan nan nan 1.070781757665506717e+01 9.976364427140460123e+00 9.289295516201208969e+00 8.650083533587238804e+00 8.061557823765969744e+00 7.525145515557199793e+00 7.040887419782972501e+00 6.607868796439991144e+00 6.224629042724925121e+00 5.889196394376875254e+00 5.598696851227817461e+00 5.348869459676345528e+00 5.133931836099558943e+00 4.946972954571437597e+00 4.780691859984536940e+00 4.628135436040871298e+00 4.483186718953803940e+00 4.340985633848339020e+00 4.198862016972517708e+00 4.057592382595038849e+00 3.921283767858306124e+00 3.794896905853287095e+00 3.681353874990156427e+00 3.581071332454762057e+00 3.494283006775617650e+00 3.423528295463539983e+00 3.373106219790351190e+00 3.344820928994183706e+00 3.332953089482128206e+00 3.324182441841191604e+00 3.306964772240889250e+00 3.282549686720744653e+00 3.260493657226806619e+00 3.241349294537497983e+00 3.209602745054511264e+00 3.151674173895175013e+00 3.081455048565153731e+00 3.036573378911484156e+00 3.053906459192799794e+00 3.155978796253937624e+00 3.349495793501291008e+00 3.624427308637626854e+00 3.944661066531653049e+00 4.230064356163333095e+00 4.390110542005660754e+00 4.446427692036692747e+00 4.508902625732398306e+00 4.653424527592767035e+00 4.906843245713139012e+00 5.265513004993214174e+00 5.693842857704276561e+00 6.115415029208168818e+00 6.459603645816669015e+00 6.743247980558350285e+00 7.020288055108395930e+00 7.306149310025649157e+00 7.601430652770515550e+00 7.931956964165057578e+00 8.339676545260649831e+00 8.857527492195199414e+00 9.503588850153590784e+00 1.028617126253839764e+01 1.120872487390050765e+01 nan nan nan nan nan nan nan nan nan nan nan nan nan nan nan nan nan nan nan nan nan nan nan nan nan nan nan nan nan nan nan nan nan
nan nan nan nan nan nan nan nan nan nan nan nan nan 1.064346268270898754e+01 9.935815111578772729e+00 9.271637298950945905e+00 8.652708598288754160e+00 8.080870514018148043e+00 7.557119818448525095e+00 7.081400317550152756e+00 6.652864685199433303e+00 6.270255094829352061e+00 5.931997187501430346e+00 5.635804739582848555e+00 5.378054515152252080e+00 5.153480453643529025e+00 4.955542006099903141e+00 4.777344001785669647e+00 4.612608177922496111e+00 4.456193843679328914e+00 4.304222711706324311e+00 4.154519142122185649e+00 4.007518426007166568e+00 3.866270829753510885e+00 3.734531142346054544e+00 3.614502121422003444e+00 3.506650979651158018e+00 3.411667644500062213e+00 3.332065698137357757e+00 3.270971927752314379e+00 3.228186410411657103e+00 3.196598121370867407e+00 3.163763823056077396e+00 3.120266407021770494e+00 3.066123097354708005e+00 3.005032658327643436e+00 2.934386338834571895e+00 2.847869701787568708e+00 2.750102864810385128e+00 2.662958936896764328e+00 2.615129855624671595e+00 2.629367745353154984e+00 2.716648782612531399e+00 2.874451110016710054e+00 3.083936681749036790e+00 3.300944294182773131e+00 3.453100412846075606e+00 3.499015065410981062e+00 3.496537025112512964e+00 3.535682648909884040e+00 3.668425189051645496e+00 3.910641345249004974e+00 4.251993706776806548e+00 4.648952172572148989e+00 5.022314654795759559e+00 5.318844088578309481e+00 5.570862566368285584e+00 5.824988000939002930e+00 6.088356801776566130e+00 6.363429889520856086e+00 6.680380450448736518e+00 7.080936525199466480e+00 7.595435304812336419e+00 8.239879129826386261e+00 9.021423610272243820e+00 9.942847089044592579e+00 1.100470353919286559e+01 nan nan nan nan nan nan nan nan nan nan nan nan nan nan nan nan nan nan nan nan nan nan nan nan nan nan nan nan nan nan nan nan
nan nan nan nan nan nan nan nan nan nan nan nan 1.131477982395069226e+01 1.057951617322015281e+01 9.889717931292464570e+00 9.243751113090375782e+00 8.641858962756806761e+00 8.084919982752065692e+00 7.573459916606921638e+00 7.107187442687538770e+00 6.685055821350573524e+00 6.305643581239168682e+00 5.967392948489452564e+00 5.668311953158139183e+00 5.405293476493515215e+00 5.173673348372990866e+00 4.967498335796864950e+00 4.780417598162981285e+00 4.606685035106449888e+00 4.441722718817556981e+00 4.282156779762734011e+00 4.125934140114424054e+00 3.972917069251658440e+00 3.825044803447239072e+00 3.685102620523292405e+00 3.555136080134805532e+00 3.436322984818322102e+00 3.330152882099828293e+00 3.238909973028902378e+00 3.164013807495400510e+00 3.102873511369329762e+00 3.046993341784994591e+00 2.984842482835321498e+00 2.909137093513358696e+00 2.820552476604441416e+00 2.722498436624314788e+00 2.615627389032091354e+00 2.501856796051161513e+00 2.392061028836156122e+00 2.305235292423186255e+00 2.260167856086951144e+00 2.268420037442284709e+00 2.331501761757120761e+00 2.440611628446298198e+00 2.574996564750635208e+00 2.694497705994646441e+00 2.745930859685658643e+00 2.720890786086584079e+00 2.684060041369297434e+00 2.707573951278805069e+00 2.829631914314452157e+00 3.059179457475036834e+00 3.379969259058671405e+00 3.741458503565604055e+00 4.066077727144884690e+00 4.319868101616394895e+00 4.544406680363565876e+00 4.777006258991009169e+00 5.018750791340263362e+00 5.275244573445823981e+00 5.580307919354580370e+00 5.974739512706130462e+00 6.486284496232014085e+00 7.129042193496363033e+00 7.909043345001953718e+00 8.828184774152123993e+00 9.885740492106238619e+00 1.107778277589695115e+01 nan nan nan nan nan nan nan nan nan nan nan nan nan nan nan nan nan nan nan nan nan nan nan nan nan nan nan nan nan nan nan
nan nan nan nan nan nan nan nan nan nan nan nan 1.124963480700287910e+01 1.052586497924381170e+01 9.849619826094505370e+00 9.217689386871866120e+00 8.629024701794170582e+00 8.083868514856181520e+00 7.582631088373405603e+00 7.125014233937797314e+00 6.709770031540734259e+00 6.335085056635423761e+00 5.999042076405260104e+00 5.699538484177060660e+00 5.433682918013441387e+00 5.197313449335026370e+00 4.985141686930552929e+00 4.791449251511145313e+00 4.610937701919210596e+00 4.439307298263153179e+00 4.273339198685246032e+00 4.110836997850385366e+00 3.950972109336359228e+00 3.794619479657782790e+00 3.643823615032933283e+00 3.500837430406580797e+00 3.367868655078189111e+00 3.247319523907768790e+00 3.141243179837467814e+00 3.049522488411372301e+00 2.967734791598525046e+00 2.886790041460790324e+00 2.796442980001622836e+00 2.691355989904868462e+00 2.573432799009554461e+00 2.447622221071896753e+00 2.318229079743139298e+00 2.191458135660687034e+00 2.078788587957103751e+00 1.994322346589394002e+00 1.948561514217611146e+00 1.944323579957063508e+00 1.976799327503294457e+00 2.036060667101390997e+00 2.105308283309697881e+00 2.151649128171627012e+00 2.136798686819079141e+00 2.069032758398271277e+00 2.011106828702756921e+00 2.022950193824989640e+00 2.134379692228912884e+00 2.349310965928391504e+00 2.646044954542240646e+00 2.968667499559399570e+00 3.245745721661410954e+00 3.462004205701207482e+00 3.662512459297896150e+00 3.874897479787230647e+00 4.096390109382133993e+00 4.336374522650867647e+00 4.631347619166138685e+00 5.020604143300680278e+00 5.529374646894011036e+00 6.169962709821768421e+00 6.947114349078232998e+00 7.861207860778741008e+00 8.908620366097643739e+00 1.007898294680869711e+01 nan nan nan nan nan nan nan nan nan nan nan nan nan nan nan nan nan nan nan nan nan nan nan nan nan nan nan nan nan nan nan
nan nan nan nan nan nan nan nan nan nan nan nan 1.120567486469229301e+01 1.049139692910438271e+01 9.826255842103391203e+00 9.205634930506004565e+00 8.627313239627667940e+00 8.091063805605124060e+00 7.597420716431034116e+00 7.146347794593642000e+00 6.736638574884907804e+00 6.366239882956483243e+00 6.032864063461228277e+00 5.734100874216981225e+00 5.466967504270278333e+00 5.227522108006416701e+00 5.010980447144113725e+00 4.812202460696111572e+00 4.626273751837259418e+00 4.448988343763105036e+00 4.277015133300701599e+00 4.107866945252876434e+00 3.940153478038371571e+00 3.773999251307267766e+00 3.610962314153312480e+00 3.453537344598031744e+00 3.304793514212398087e+00 3.167865827366699527e+00 3.044648167696761387e+00 2.933920881851181051e+00 2.830085632195050049e+00 2.724048193857429023e+00 2.607183163248537827e+00 2.476407288664521644e+00 2.335383687995237878e+00 2.190609817338502019e+00 2.048218423947853584e+00 1.915259298999498538e+00 1.801251543223510110e+00 1.715632807770415713e+00 1.663207961826508319e+00 1.642021738878253645e+00 1.645545137320264084e+00 1.665968961879720656e+00 1.690098461120586704e+00 1.689466228137903148e+00 1.635316942650523853e+00 1.544012593349629148e+00 1.474124495264025114e+00 1.477262685799913156e+00 1.577904008044536566e+00 1.776107205978923798e+00 2.045373839779695224e+00 2.326861509661985128e+00 2.559130845684548738e+00 2.742974601452900618e+00 2.922442223617778723e+00 3.116247927781077287e+00 3.319658027970239011e+00 3.545765354069839503e+00 3.832577842535293211e+00 4.217445671432618504e+00 4.723170213799530615e+00 5.360187342027809443e+00 6.131361873068591706e+00 7.033955208252531399e+00 8.057889348035512711e+00 9.180011555654587596e+00 1.035857798797697882e+01 nan nan nan nan nan nan nan nan nan nan nan nan nan nan nan nan nan nan nan nan nan nan nan nan nan nan nan nan nan nan
nan nan nan nan nan nan nan nan nan nan nan nan 1.118880680357131396e+01 1.048245962384808294e+01 9.826506727176488099e+00 9.215276206852948349e+00 8.645502715646827596e+00 8.116392404677341688e+00 7.628451397072093521e+00 7.181895770699901149e+00 6.775776007448084393e+00 6.408148595520715141e+00 6.076637034414997807e+00 5.778579113409304746e+00 5.510720535974066969e+00 5.269039669593420072e+00 5.048987506646283485e+00 4.845848836354525346e+00 4.654999653362937195e+00 4.472165573190054033e+00 4.293699065183596453e+00 4.116830807723464325e+00 3.939995231352322325e+00 3.763099883078129704e+00 3.587473565298648914e+00 3.415656493285450956e+00 3.251115834595306620e+00 3.097334159158844802e+00 2.955985273279252645e+00 2.825012878702988672e+00 2.698062311695272886e+00 2.566488811258641256e+00 2.423853740612058161e+00 2.270037081475891672e+00 2.110855234228859345e+00 1.953669200057273514e+00 1.804423664288345552e+00 1.668567628713497841e+00 1.552386195403746560e+00 1.461510358480702099e+00 1.397978832628979040e+00 1.359216177780078416e+00 1.340233851734972781e+00 1.335313379399593270e+00 1.332513455819542170e+00 1.306354455141869764e+00 1.234827795348259816e+00 1.136441084660557044e+00 1.063583309682003541e+00 1.061671016252950128e+00 1.151889989595263009e+00 1.331534209355952791e+00 1.570483776835035483e+00 1.810118236103006595e+00 2.001629549927433249e+00 2.158047786773813037e+00 2.319449952803211978e+00 2.497138928603001684e+00 2.685779606054876645e+00 2.901357376232715168e+00 3.182073260542752635e+00 3.562971333312038968e+00 4.064391305918850783e+00 4.694408580038890832e+00 5.452489572516250327e+00 6.329448358861483825e+00 7.303208047297255590e+00 8.334849991659606161e+00 9.381531391969634370e+00 1.043300223810398464e+01 nan nan nan nan nan nan nan nan nan nan nan nan nan nan nan nan nan nan nan nan nan nan nan nan nan nan nan nan nan
nan nan nan nan nan nan nan nan nan nan nan nan 1.120285434332871155e+01 1.050222099825839628e+01 9.853100207602857097e+00 9.249367873746685120e+00 8.686970018199614785e+00 8.164326567000969703e+00 7.681464500617218860e+00 7.238541790868795900e+00 6.834880673457835343e+00 6.468895294835611764e+00 6.138380943812311585e+00 5.840542008798903950e+00 5.571807166118985855e+00 5.327920856937429228e+00 5.104381907465311841e+00 4.896738868455630111e+00 4.700523915808480169e+00 4.511255190827098360e+00 4.324889167420050029e+00 4.138525594301466271e+00 3.950856873706185102e+00 3.762080688991098043e+00 3.573581734520979936e+00 3.387846586567510254e+00 3.208298760373331948e+00 3.038207949119887896e+00 2.878654005052863951e+00 2.726788410964215537e+00 2.576013034151855674e+00 2.418940932716919345e+00 2.252023528674691910e+00 2.078272656753143544e+00 1.905191456160286068e+00 1.740059002359980900e+00 1.587393098981822348e+00 1.449936001976203759e+00 1.330420789810513371e+00 1.231585571358626785e+00 1.154781563998865446e+00 1.099180817721218784e+00 1.062454754658496592e+00 1.040420787161728589e+00 1.022175053391702004e+00 9.863503836102300859e-01 9.161543428961251845e-01 8.269521740081654526e-01 7.618738522111423439e-01 7.604917188220871038e-01 8.419989603889903584e-01 1.002167415737765799e+00 1.209205269504195268e+00 1.408383087984437676e+00 1.564643688708316160e+00 1.698950409726225130e+00 1.845928706650467044e+00 2.011368914545621056e+00 2.190051099682900571e+00 2.399304847782534722e+00 2.676023704460432473e+00 3.052504798543152820e+00 3.546227547210668796e+00 4.161582970747054411e+00 4.891690011400079641e+00 5.716407759806502398e+00 6.600467315649930278e+00 7.505717921929742964e+00 8.422238016228257962e+00 9.379329702306653971e+00 1.041793125931468822e+01 nan nan nan nan nan nan nan nan nan nan nan nan nan nan nan nan nan nan nan nan nan nan nan nan nan nan nan nan
nan nan nan nan nan nan nan nan nan nan nan nan 1.124925207457509835e+01 1.055171735602895566e+01 9.906817451044357625e+00 9.308604444075246676e+00 8.752572476742159324e+00 8.236214111986926767e+00 7.758631613178765818e+00 7.319518274583430184e+00 6.918294236043951884e+00 6.553745622106738722e+00 6.223909191287968490e+00 5.925909693203638362e+00 5.655889722521346918e+00 5.409352625565823303e+00 5.181764905006565947e+00 4.968790568915702366e+00 4.765975762401621019e+00 4.568594264367034974e+00 4.372321280323124171e+00 4.174339360369004659e+00 3.973837190376945383e+00 3.771595825024885773e+00 3.569416312438627337e+00 3.369916979946321334e+00 3.176179236386556415e+00 2.990561830767942908e+00 2.812986728002312198e+00 2.639940229778335201e+00 2.465485217299049570e+00 2.284550456135187702e+00 2.096736444499311069e+00 1.907378027860533010e+00 1.724508623843232336e+00 1.554506796764673071e+00 1.400076412037784657e+00 1.261245669017456938e+00 1.137580020516456569e+00 1.029641878357483442e+00 9.389162910335389078e-01 8.668118712220362898e-01 8.136314904642097945e-01 7.769026747421233781e-01 7.480629447673732280e-01 7.114621740026652041e-01 6.550366664155296004e-01 5.883299165360353911e-01 5.422535533055733437e-01 5.487871428990329647e-01 6.250065697330384751e-01 7.663126926317928023e-01 9.420545867380997196e-01 1.105271262469732951e+00 1.234057001651098995e+00 1.352894612625111348e+00 1.490606692285865620e+00 1.649553046981314441e+00 1.824765664506981189e+00 2.032743413384340059e+00 2.307228150235840491e+00 2.676922821035104594e+00 3.155328514547211860e+00 3.740805770224421511e+00 4.416959112078724381e+00 5.153469368252660665e+00 5.917809845527719048e+00 6.700801104800300223e+00 7.526669225816441156e+00 8.431990514286610505e+00 9.445177283064982277e+00 1.058291830427630131e+01 nan nan nan nan nan nan nan nan nan nan nan nan nan nan nan nan nan nan nan nan nan nan nan nan nan nan nan
nan nan nan nan nan nan nan nan nan nan nan nan 1.132839354381311203e+01 1.063195190288423930e+01 9.989207362491217879e+00 9.394750843052456446e+00 8.843918274116266076e+00 8.333355019376302408e+00 7.861093737706173812e+00 7.426103862102580777e+00 7.027653022388919091e+00 6.664724270759935010e+00 6.335518839957977377e+00 6.037098443405648496e+00 5.765386769181110260e+00 5.515679296080734595e+00 5.283329380206919446e+00 5.063937279637493738e+00 4.852939663897067213e+00 4.645468337152856897e+00 4.437202137354612219e+00 4.225607562973562104e+00 4.010383558837900431e+00 3.792993239946328643e+00 3.576009206981851207e+00 3.362453502600740496e+00 3.154841220081173958e+00 2.954045728862512377e+00 2.758544211507598209e+00 2.564647364029701837e+00 2.368090553041741320e+00 2.166708169896900849e+00 1.962723355343221288e+00 1.762537055717271706e+00 1.573629918712524667e+00 1.400969556045248865e+00 1.245469148373684387e+00 1.104966562908013872e+00 9.767156210280780737e-01 8.598278461077518697e-01 7.560645135538655026e-01 6.685905349548628696e-01 5.997967478393885221e-01 5.490693343956879469e-01 5.108770903213354364e-01 4.753726041974321581e-01 4.351338035275920113e-01 3.951611755651180391e-01 3.742732076452391365e-01 3.945798452771488440e-01 4.691987691444743924e-01 5.936967470656304702e-01 7.418933493406845159e-01 8.778807868411704352e-01 9.903222484034499562e-01 1.102779889576938732e+00 1.238540401815495962e+00 1.398611097780823487e+00 1.578136471079138126e+00 1.790233215568033831e+00 2.063005880365105682e+00 2.419880340834526855e+00 2.868610266938998343e+00 3.399972681163986543e+00 3.990883301772673253e+00 4.615803798666109792e+00 5.267091301907757206e+00 5.964029144399169091e+00 6.738297878667470542e+00 7.616831644185965366e+00 8.616873294036119901e+00 9.748171425824043723e+00 1.101600570564460746e+01 nan nan nan nan nan nan nan nan nan nan nan nan nan nan nan nan nan nan nan nan nan nan nan nan nan nan
nan nan nan nan nan nan nan nan nan nan nan nan nan 1.074512474533279160e+01 1.010342591693534864e+01 9.511336283572871864e+00 8.964226898359591189e+00 8.458199166098816946e+00 7.990438598691429917e+00 7.559178026074965473e+00 7.163310331159318700e+00 6.801765331055134034e+00 6.472801725433050102e+00 6.173477156140718236e+00 5.899606948544387386e+00 5.646296276255317714e+00 5.408633728285350273e+00 5.181899075020924172e+00 4.961270288234564951e+00 4.741885427758193217e+00 4.519771671987291128e+00 4.292892461497353374e+00 4.061451045004733196e+00 3.827619500066728353e+00 3.594888728001246481e+00 3.366724363942553033e+00 3.144919615314766492e+00 2.928779236777895534e+00 2.715659175952286120e+00 2.502383699601289813e+00 2.286841835686333368e+00 2.069463662433127737e+00 1.854114364988870278e+00 1.647267807970582032e+00 1.455241130215680689e+00 1.281327608325802503e+00 1.124769072319025565e+00 9.819355073483553298e-01 8.489760510898155532e-01 7.245101686204159508e-01 6.105645182077904520e-01 5.111714709908293797e-01 4.298571405734530337e-01 3.674288433433023360e-01 3.209233045386805649e-01 2.848859017801932958e-01 2.556961049355624405e-01 2.364008597967389991e-01 2.372219746989640832e-01 2.706419986256133337e-01 3.442989271568754339e-01 4.541720964815577632e-01 5.814222894371646744e-01 7.024989575307658551e-01 8.124631370575399192e-01 9.299460566736500455e-01 1.072911544974611608e+00 1.242612381227677032e+00 1.434179380998320097e+00 1.654822486194654996e+00 1.923732094313417518e+00 2.256662488841714165e+00 2.655241031049894396e+00 3.107285722160571861e+00 3.596683419500442458e+00 4.119063633267567859e+00 4.689811816158731439e+00 5.335652996324707686e+00 6.081634434960102809e+00 6.945430030177836223e+00 7.937877559142556549e+00 9.065214854232984010e+00 1.033094457466290272e+01 nan nan nan nan nan nan nan nan nan nan nan nan nan nan nan nan nan nan nan nan nan nan nan nan nan nan
nan nan nan nan nan nan nan nan nan nan nan nan nan 1.089387512524429980e+01 1.025274514011093352e+01 9.661876430190778464e+00 9.116768612702767172e+00 8.613370428470096485e+00 8.148443486699672889e+00 7.719648293746808498e+00 7.325360555043983091e+00 6.964225748463217514e+00 6.634480844949615985e+00 6.333296831568720364e+00 6.056552948269157355e+00 5.799207126638672882e+00 5.555896296039039228e+00 5.321231854388475568e+00 5.089870241833164499e+00 4.857009645119541474e+00 4.619349624932126197e+00 4.375684669348809841e+00 4.126909708495722029e+00 3.875913797825189189e+00 3.626907947719785863e+00 3.383542928392187399e+00 3.146920595645569474e+00 2.915283869791983840e+00 2.685612514834976317e+00 2.455679197386866353e+00 2.225226527333171944e+00 1.996390475381830010e+00 1.773769853629793003e+00 1.563365195604095925e+00 1.370090624650199151e+00 1.195491387446194098e+00 1.037377389583996168e+00 8.914939175365125257e-01 7.541852962746311562e-01 6.245310366869830654e-01 5.046964923757897292e-01 3.985468720491295302e-01 3.096110015876240573e-01 2.393440559375996091e-01 1.864892725927992934e-01 1.483950005530115523e-01 1.239191938065783427e-01 1.154793675444542034e-01 1.283002888753239368e-01 1.678938870421941010e-01 2.372811339365964167e-01 3.338026513185691768e-01 4.472442320549891992e-01 5.651563759515532137e-01 6.852332480088266786e-01 8.188719757340764405e-01 9.783642786069217667e-01 1.165424747517524784e+00 1.374804522896696080e+00 1.605753002252156669e+00 1.865248180741216899e+00 2.160202465132790905e+00 2.491038688308063964e+00 2.854619762238566949e+00 3.253449133283205619e+00 3.701805367977227590e+00 4.222465930395922662e+00 4.838500066842420289e+00 5.567896424716805015e+00 6.422685218431667842e+00 7.410250726514998831e+00 8.534924359070361177e+00 9.799189045480659388e+00 1.120445223376456312e+01 nan nan nan nan nan nan nan nan nan nan nan nan nan nan nan nan nan nan nan nan nan nan nan nan nan
nan nan nan nan nan nan nan nan nan nan nan nan nan 1.107965087002081006e+01 1.043866712521725937e+01 9.847920045415134993e+00 9.303026595730397474e+00 8.800102093979099038e+00 8.335905449104233256e+00 7.907767912153725653e+00 7.513519266887156434e+00 7.151363623773721478e+00 6.819441086095927140e+00 6.515131453407648543e+00 6.234563552386016561e+00 5.972639892349636881e+00 5.723383995532760338e+00 5.480349516682061051e+00 5.237313908150441399e+00 4.989493918099861425e+00 4.734577772997818457e+00 4.472676084202985791e+00 4.205741945308659524e+00 3.937329627677140120e+00 3.671904870454707925e+00 3.412932927992567755e+00 3.161076257731486816e+00 2.914323832066834097e+00 2.669994967018907595e+00 2.426808294918983755e+00 2.185635587173805128e+00 1.949405820402058565e+00 1.722802162583939811e+00 1.511041284043497912e+00 1.317563107678863865e+00 1.142310525192723469e+00 9.821373021613076792e-01 8.330217015485782417e-01 6.924390553024771799e-01 5.603816706770710088e-01 4.388394645583916232e-01 3.306915568464832145e-01 2.386360193408365027e-01 1.641530433443029735e-01 1.070393362835284079e-01 6.641878474259287068e-02 4.261171524053094378e-02 3.765576409131745489e-02 5.384804600110175421e-02 9.250827408245394790e-02 1.542461081822191771e-01 2.388762242265586311e-01 3.440221725338447611e-01 4.656461335546207558e-01 6.025859248142142466e-01 7.595677887217182622e-01 9.428514891057714342e-01 1.153053878286953937e+00 1.383229895798764986e+00 1.623406099781897538e+00 1.867059776566714291e+00 2.115046585396951784e+00 2.375698637822217130e+00 2.663091113046035296e+00 2.995922715357164812e+00 3.396156674989405655e+00 3.885774484582437349e+00 4.483246903936428218e+00 5.201982369613071810e+00 6.050758241950306093e+00 7.034954712162624801e+00 8.157743364314582024e+00 9.420952840918403126e+00 1.082562470311444081e+01 nan nan nan nan nan nan nan nan nan nan nan nan nan nan nan nan nan nan nan nan nan nan nan nan nan
nan nan nan nan nan nan nan nan nan nan nan nan nan 1.130193079587714244e+01 1.066042625771487096e+01 1.006863798649563080e+01 9.522208771634286251e+00 9.017603516689588261e+00 8.551907446456084472e+00 8.122406735308839387e+00 7.726498628802863422e+00 7.361890634783117449e+00 7.026516896982922589e+00 6.717937044785096568e+00 6.432604967812174834e+00 6.165415315373836691e+00 5.909638615108257831e+00 5.657467161492403029e+00 5.401568179579044227e+00 5.137232768294031082e+00 4.863475580914414564e+00 4.582180677342675423e+00 4.296662620431323631e+00 4.010999203504992394e+00 3.729420718394399703e+00 3.454919880515953778e+00 3.188035665462395585e+00 2.927195567385560082e+00 2.670491063430014300e+00 2.417365086674607699e+00 2.169153156235772428e+00 1.928914939429144049e+00 1.700962386444710317e+00 1.489488019382203543e+00 1.296473377472855404e+00 1.120604529610591094e+00 9.584149204731609029e-01 8.067661760725837183e-01 6.645423412120953222e-01 5.324467476496782536e-01 4.118838578211187484e-01 3.044063604788577182e-01 2.116643726150600757e-01 1.349722455966079759e-01 7.485961491599743556e-02 3.166722601519873781e-02 6.585667388636703458e-03 1.292051841855311597e-03 1.634340976899728570e-02 5.094180807540392431e-02 1.050596364030241536e-01 1.809977743035773023e-01 2.818444558589324744e-01 4.091275079305090601e-01 5.631279966080227073e-01 7.447903913339535276e-01 9.552447444981345681e-01 1.191883398914177272e+00 1.443874883604943982e+00 1.691950768787495285e+00 1.918426873527692589e+00 2.123515498942320612e+00 2.328232159752817498e+00 2.561527374094358933e+00 2.850779577751606730e+00 3.220046380744184145e+00 3.689527580709583532e+00 4.274665879593531947e+00 4.986123166323291223e+00 5.830696705814606418e+00 6.812495865815077600e+00 7.933925716239063064e+00 9.196367620437207790e+00 1.060060665037118888e+01 nan nan nan nan nan nan nan nan nan nan nan nan nan nan nan nan nan nan nan nan nan nan nan nan nan
nan nan nan nan nan nan nan nan nan nan nan nan nan nan 1.091557190802423172e+01 1.032150553159627648e+01 9.771848957470078645e+00 9.263516627523449287e+00 8.794159008985728221e+00 8.361308772801374189e+00 7.962148329257243695e+00 7.593924684147763671e+00 7.254233186746543716e+00 6.940636053484045220e+00 6.649772840850135758e+00 6.376393296881559536e+00 6.112859755788232263e+00 5.849956561292531276e+00 5.579451697283345446e+00 5.297091241268407913e+00 5.003513571023110451e+00 4.702500393673873624e+00 4.398706099603096220e+00 4.096536363864788477e+00 3.799698357008906680e+00 3.510583570638556861e+00 3.229782775895807312e+00 2.956480443414986947e+00 2.689677948997765800e+00 2.429346288171403412e+00 2.176893151523074721e+00 1.935126634422120295e+00 1.707705650403286146e+00 1.497672647482760411e+00 1.305675231687688509e+00 1.129558853265851814e+00 9.660685286781710568e-01 8.132026998427817066e-01 6.709820625988751619e-01 5.402760461483225862e-01 4.215786438717429307e-01 3.152141988633640479e-01 2.221107379374744617e-01 1.436319581154283098e-01 8.091100721746727342e-02 3.503478005182986826e-02 7.587721640980982230e-03 0.000000000000000000e+00 1.219391854283351576e-02 4.294335807174708142e-02 9.250534649370593943e-02 1.645150603025824221e-01 2.645500931411672862e-01 3.971393241040370170e-01 5.644502063748393361e-01 7.667674273371628546e-01 1.002268224958102305e+00 1.264272271934081315e+00 1.536717608221015885e+00 1.793340235586351694e+00 2.010986925145608950e+00 2.191976963235569897e+00 2.365460834219788921e+00 2.567952592068893480e+00 2.831358849467822125e+00 3.181429815921989146e+00 3.637938449985156364e+00 4.214881202655537784e+00 4.921385075582601409e+00 5.763045827226950912e+00 6.743160176184347598e+00 7.863624999186480835e+00 9.125517376875279751e+00 1.052944459492314699e+01 nan nan nan nan nan nan nan nan nan nan nan nan nan nan nan nan nan nan nan nan nan nan nan nan nan
nan nan nan nan nan nan nan nan nan nan nan nan nan nan 1.120021167583684196e+01 1.060264650010591758e+01 1.004827912170159898e+01 9.534558663193694272e+00 9.059832733975808239e+00 8.622074644260413478e+00 8.218441307649925420e+00 7.845788030294406745e+00 7.501264213184772878e+00 7.182182369864738014e+00 6.885019652663448397e+00 6.604024028259488865e+00 6.330511368137536898e+00 6.054226074268480140e+00 5.766876212103956512e+00 5.465402176606983353e+00 5.152166190628432396e+00 4.832437038263241114e+00 4.511767607026692772e+00 4.194680010604285414e+00 3.884339775004054474e+00 3.582560309149556144e+00 3.289956648722735633e+00 3.006392075410777576e+00 2.731670575997546813e+00 2.466159716138049074e+00 2.211185929962514063e+00 1.969162746618243309e+00 1.743042617845861342e+00 1.534835076966126977e+00 1.344155593864327036e+00 1.168393608483929480e+00 1.004729739534768518e+00 8.521151240767596002e-01 7.111679436020711398e-01 5.824211641698354702e-01 4.653606901050809652e-01 3.594455105099426673e-01 2.654455753525773454e-01 1.851299452216465802e-01 1.200832231724482807e-01 7.154206210504329699e-02 4.096286148110880182e-02 2.975299804942932447e-02 3.837542789009099065e-02 6.661168573598365283e-02 1.153980462345852442e-01 1.882790549097450306e-01 2.907214520581188344e-01 4.280821390744773414e-01 6.040567438251360777e-01 8.197916546501758939e-01 1.072330359046360204e+00 1.351621338595402788e+00 1.637626455095461786e+00 1.902955382638740423e+00 2.127129545958993173e+00 2.313379106190122769e+00 2.487745892189030084e+00 2.685326198744500736e+00 2.940498228216209764e+00 3.282285555955974932e+00 3.732226186822508396e+00 4.304609290175096525e+00 5.008183508727301891e+00 5.848046329314148473e+00 6.827087436843993551e+00 7.946922495483938143e+00 9.208449354611438764e+00 1.061216595268737173e+01 nan nan nan nan nan nan nan nan nan nan nan nan nan nan nan nan nan nan nan nan nan nan nan nan nan
nan nan nan nan nan nan nan nan nan nan nan nan nan nan nan 1.090656301120471561e+01 1.034653747016518999e+01 9.826647081925786509e+00 9.345882029924073464e+00 8.902617125193456715e+00 8.493995422889193847e+00 8.116497071985666167e+00 7.766766609306500868e+00 7.441638068730793698e+00 7.136999285641689283e+00 6.846172842535888314e+00 6.559464290472099002e+00 6.266425799501569749e+00 5.960023905490763774e+00 5.639211899501426650e+00 5.307852809611014244e+00 4.971856392309154771e+00 4.636929681363228362e+00 4.307456138781011745e+00 3.986195833870135097e+00 3.674524920822953344e+00 3.372960766634463425e+00 3.081728125410104546e+00 2.801150516855207773e+00 2.531861340571281094e+00 2.275076285589614056e+00 2.032840698997708806e+00 1.807563257245160315e+00 1.600600700756385164e+00 1.411043628534718986e+00 1.236192984682875640e+00 1.073611433149404437e+00 9.227002041682406119e-01 7.840574304411496165e-01 6.575597226456260103e-01 5.418195162391697961e-01 4.358915862309191147e-01 3.408842108344926070e-01 2.591816337164595807e-01 1.925653949706754020e-01 1.418518947921360018e-01 1.079892041050946883e-01 9.266021007797199671e-02 9.777064267639797024e-02 1.249407563305663521e-01 1.758503004146567406e-01 2.530596195054637398e-01 3.604122780684309024e-01 5.025584308460362415e-01 6.837068633282028518e-01 9.056319536886656696e-01 1.164710529353984336e+00 1.448701122387810125e+00 1.736651543578591417e+00 2.006702527973561967e+00 2.248601922870206771e+00 2.467349002577554185e+00 2.677551143518125176e+00 2.902013251332554056e+00 3.171857988445911491e+00 3.519578164794934239e+00 3.971053461868024659e+00 4.543297630641562890e+00 5.246306343039342401e+00 6.085626316686999715e+00 7.064259926225613384e+00 8.183819177045636550e+00 9.445169405972466237e+00 1.084877660602177407e+01 nan nan nan nan nan nan nan nan nan nan nan nan nan nan nan nan nan nan nan nan nan nan nan nan nan
nan nan nan nan nan nan nan nan nan nan nan nan nan nan nan 1.122670635011576223e+01 1.066075989094429843e+01 1.013501669857471477e+01 9.648828556563284309e+00 9.200651126480730468e+00 8.787382641003812722e+00 8.405022321321549583e+00 8.049663530899135111e+00 7.717518303077485875e+00 7.403578882221215629e+00 7.100036735883054284e+00 6.796582911958341633e+00 6.483735017368335463e+00 6.156967945696901090e+00 5.817691878107341452e+00 5.470797231300125851e+00 5.121953705625537090e+00 4.776243995579802615e+00 4.437568920048806653e+00 4.108382383018303941e+00 3.789818687119576701e+00 3.482233642908687088e+00 3.185875806649057118e+00 2.901238735053036866e+00 2.629068137684524853e+00 2.370499274070139606e+00 2.127345729548344444e+00 1.901750170036940357e+00 1.694898118587504054e+00 1.505927004170029671e+00 1.332398002909350954e+00 1.172108348775682041e+00 1.024343689078994535e+00 8.891178429693973317e-01 7.654623991686988482e-01 6.513390922284919560e-01 5.457809600378347170e-01 4.504730091106410317e-01 3.683768950977996393e-01 3.012390828566108847e-01 2.492324384104943336e-01 2.128102318143013094e-01 1.942277646884636721e-01 1.971216670966666196e-01 2.249271922262774948e-01 2.798364906241662675e-01 3.632104006737463808e-01 4.769386247751872254e-01 6.242673268406837561e-01 8.089249695142096686e-01 1.032458284584476749e+00 1.290491093414914747e+00 1.569883626667675003e+00 1.851388301813047477e+00 2.121022884422374855e+00 2.380279254195808214e+00 2.640284611767051981e+00 2.909065956928016838e+00 3.192718680568272127e+00 3.507708725832508367e+00 3.883055094996546330e+00 4.349074147378225952e+00 4.928298829154351246e+00 5.634474585144039871e+00 6.475175344020823509e+00 7.454388345903194768e+00 8.574178740520594033e+00 9.835613734793744456e+00 1.123924695304652488e+01 nan nan nan nan nan nan nan nan nan nan nan nan nan nan nan nan nan nan nan nan nan nan nan nan nan
nan nan nan nan nan nan nan nan nan nan nan nan nan nan nan nan 1.098596625670817595e+01 1.045528438098184409e+01 9.965041155519726246e+00 9.513276209338680900e+00 9.096226412736706735e+00 8.709177049088525635e+00 8.347600215222309217e+00 8.007057712816731510e+00 7.681631747919468900e+00 7.362613700388893179e+00 7.039818043360672739e+00 6.705721610323131188e+00 6.358839893961353518e+00 6.002871508860986083e+00 5.643283616372831268e+00 5.285020303228435523e+00 4.932020681743435553e+00 4.587319562992482780e+00 4.253007832021775236e+00 3.930130658787117426e+00 3.618925681771603120e+00 3.319450496001972617e+00 3.032065068297628674e+00 2.757493501843077954e+00 2.496895474299924977e+00 2.252089211112885625e+00 2.025237786521230987e+00 1.817696602913821513e+00 1.629004887364574605e+00 1.457188438171816314e+00 1.300177810859241667e+00 1.156792253842802598e+00 1.026125705329139048e+00 9.062843040073973455e-01 7.947465277370940884e-01 6.906839139775634573e-01 5.962847944347942075e-01 5.148698746979841756e-01 4.480853963376886240e-01 3.957066588270717333e-01 3.580899826586556589e-01 3.382319764864198386e-01 3.411637581445194911e-01 3.714916340115879123e-01 4.315504145632049759e-01 5.217109398765017447e-01 6.423196180096421015e-01 7.952243630022599596e-01 9.831520868287724202e-01 1.206892033809085163e+00 1.461550853732276556e+00 1.734391179476426403e+00 2.008873714628407470e+00 2.276843972247402537e+00 2.547525368118275679e+00 2.839609297578544744e+00 3.165230853809952283e+00 3.524336437274005362e+00 3.915147541501494910e+00 4.349254531512173116e+00 4.852415239914436462e+00 5.452186299550850990e+00 6.168903322450669968e+00 7.014808047195529639e+00 7.996542879365332368e+00 9.117544464252517855e+00 1.037955832760286867e+01 nan nan nan nan nan nan nan nan nan nan nan nan nan nan nan nan nan nan nan nan nan nan nan nan nan nan
nan nan nan nan nan nan nan nan nan nan nan nan nan nan nan nan 1.131993694798038419e+01 1.078501837401393537e+01 1.029187349601695445e+01 9.837668897467931828e+00 9.417548990610274728e+00 9.025820024697923216e+00 8.657258397971553165e+00 8.306862874898525817e+00 7.968103949569536937e+00 7.631985199341657200e+00 7.289216635219538887e+00 6.934599467036684395e+00 6.569322030670388557e+00 6.198785693781157846e+00 5.828815072083559201e+00 5.463653153440192867e+00 5.105988851052577715e+00 4.757727728395871658e+00 4.420421135088481890e+00 4.095050780587110140e+00 3.781809385962913606e+00 3.480488287285146143e+00 3.191130020129037348e+00 2.914377478642315999e+00 2.651601001170485361e+00 2.404924236978050800e+00 2.176742745079493613e+00 1.968643128771270678e+00 1.780544794678877052e+00 1.610903810880330633e+00 1.457757342432860481e+00 1.319437954617708408e+00 1.194128380483578278e+00 1.079086302981425716e+00 9.713977919011349549e-01 8.702928667282361364e-01 7.781453014077185371e-01 6.983453995351549537e-01 6.325396623435394217e-01 5.806236779568261230e-01 5.433548121894431482e-01 5.244123331027545909e-01 5.295434058037981062e-01 5.637523601857157285e-01 6.292658970699099852e-01 7.258884035586881112e-01 8.530966061531977118e-01 1.011693248553868107e+00 1.203306900148814140e+00 1.427877944459412296e+00 1.680494180653013814e+00 1.949773748777806848e+00 2.221683805376394982e+00 2.490696519176571755e+00 2.768898620810693600e+00 3.080153252616570025e+00 3.444822799102255750e+00 3.869637197216471591e+00 4.348304822485454579e+00 4.872838388884429328e+00 5.448273723626691378e+00 6.095239834824094594e+00 6.838885015607132800e+00 7.699004949516529805e+00 8.687948576447865889e+00 9.812536910589342298e+00 1.107632064857383725e+01 nan nan nan nan nan nan nan nan nan nan nan nan nan nan nan nan nan nan nan nan nan nan nan nan nan nan
nan nan nan nan nan nan nan nan nan nan nan nan nan nan nan nan nan 1.112444886238251307e+01 1.062885730911701465e+01 1.017263531618207573e+01 9.749591276456969879e+00 9.352882736227082106e+00 8.976539483370043371e+00 8.615139846124144185e+00 8.261997857350774410e+00 7.908542301140988329e+00 7.546886141007163928e+00 7.173905113188218330e+00 6.792614723828002354e+00 6.409469494723849969e+00 6.030599672365075214e+00 5.659835127754670125e+00 5.298845131307791334e+00 4.948403805788278653e+00 4.609378801468500875e+00 4.282594775993918468e+00 3.968216007517268551e+00 3.665787519502623493e+00 3.374994051789165450e+00 3.096399386202393522e+00 2.831731445819566151e+00 2.583625993342257843e+00 2.354789622500527813e+00 2.146913377263138578e+00 1.960066461992624687e+00 1.792981927672706144e+00 1.643844472551082569e+00 1.510707475274835954e+00 1.391096675843961128e+00 1.281615798363049175e+00 1.178992823435766502e+00 1.082295430046964935e+00 9.936937179481611926e-01 9.164108189453973319e-01 8.522648548695515025e-01 8.017256901749135745e-01 7.662140437197990650e-01 7.497956962846107354e-01 7.582562575980762443e-01 7.964891410770054136e-01 8.666610837685335689e-01 9.685628957663627858e-01 1.101467133623402095e+00 1.265509707300148445e+00 1.461241960341800983e+00 1.687734319986731846e+00 1.940379961440238166e+00 2.209714062312894800e+00 2.484012006759533708e+00 2.758305629481360821e+00 3.044015062327155796e+00 3.366697030261458945e+00 3.752923221212828064e+00 4.219220179191766285e+00 4.768134027692378929e+00 5.389985737524382259e+00 6.071245474067930026e+00 6.808172949478598746e+00 7.613863869274685392e+00 8.510852775215635546e+00 9.519794859684083121e+00 1.065470450765499955e+01 nan nan nan nan nan nan nan nan nan nan nan nan nan nan nan nan nan nan nan nan nan nan nan nan nan nan nan
nan nan nan nan nan nan nan nan nan nan nan nan nan nan nan nan nan nan 1.097821579058012098e+01 1.051982951683612555e+01 1.009358884519058996e+01 9.691441037196300456e+00 9.306605918764827123e+00 8.933358870200295954e+00 8.565305251582310930e+00 8.194906296441622828e+00 7.815922990841323248e+00 7.426852779964997708e+00 7.031744640628171616e+00 6.637572171027934509e+00 6.250679765393793552e+00 5.874701335314091111e+00 5.510626416545677309e+00 5.158344655941423440e+00 4.818063319208929052e+00 4.490352851093444286e+00 4.175329816941589556e+00 3.872387142852618425e+00 3.580926245186952350e+00 3.301393571289376716e+00 3.035771549242132217e+00 2.787125350854382511e+00 2.558421877268460154e+00 2.351391470579615728e+00 2.166164717187359923e+00 2.001716313362441380e+00 1.856485002337826096e+00 1.728483356308940566e+00 1.614834862875679899e+00 1.511629513523917057e+00 1.415179329932003238e+00 1.324145690874956260e+00 1.240229225351410669e+00 1.166416816602288797e+00 1.104869791060272943e+00 1.056823488031958247e+00 1.024270459389838850e+00 1.011232638922019200e+00 1.023061734282989077e+00 1.064398104305089632e+00 1.137658356803012305e+00 1.243198831391613579e+00 1.380625174217247286e+00 1.549677518064428661e+00 1.749792582997066637e+00 1.978957821105982839e+00 2.232779246987014687e+00 2.504035963833574741e+00 2.783902571048308516e+00 3.067805118322532110e+00 3.364454596894632221e+00 3.697612197010366586e+00 4.096268233140425430e+00 4.583525239178198873e+00 5.171671970468207036e+00 5.861467856254300557e+00 6.642955606691993253e+00 7.499457955807385723e+00 8.417854722011497870e+00 9.400046056515128257e+00 1.046312511582128124e+01 nan nan nan nan nan nan nan nan nan nan nan nan nan nan nan nan nan nan nan nan nan nan nan nan nan nan nan nan
nan nan nan nan nan nan nan nan nan nan nan nan nan nan nan nan nan nan 1.134422025459414662e+01 1.088321421546188184e+01 1.045325686260331466e+01 1.004503767545471149e+01 9.650869626402636570e+00 9.264834214427073888e+00 8.881246032574864557e+00 8.494077501885199055e+00 8.098863771100354825e+00 7.695378409175554602e+00 7.288177471173169053e+00 6.884326946587719043e+00 6.490136851400754914e+00 6.109034094000779014e+00 5.741578038367987524e+00 5.387115064545646703e+00 5.045385981248805329e+00 4.716731841488446264e+00 4.401270631148638479e+00 4.098416346937536758e+00 3.807413133339128564e+00 3.528432321805016869e+00 3.263293611670299743e+00 3.015108412729709642e+00 2.786999954692788606e+00 2.580889283064977224e+00 2.397187750132299122e+00 2.235273471757423636e+00 2.093954855887296240e+00 1.971322459067140098e+00 1.864196430379198244e+00 1.768148613108811551e+00 1.678932024705726667e+00 1.594610955521912343e+00 1.516333888324424173e+00 1.446934475802213793e+00 1.389045444986110711e+00 1.344642822413293581e+00 1.316032385959524209e+00 1.306832123460217376e+00 1.321734792628441513e+00 1.365190351258908530e+00 1.440185133521100891e+00 1.548055703449608522e+00 1.689102076294236143e+00 1.862912331690849133e+00 2.067861319148539323e+00 2.300609557280388184e+00 2.556581820532842553e+00 2.830860457971196897e+00 3.118548113444213676e+00 3.416702994276938021e+00 3.730642290662168570e+00 4.079143983834343956e+00 4.489844260087524574e+00 4.988886627728255085e+00 5.594516502817749704e+00 6.315974270924707312e+00 7.154058708336934913e+00 8.101181397034492804e+00 9.141814127936648049e+00 1.025709341099537575e+01 nan nan nan nan nan nan nan nan nan nan nan nan nan nan nan nan nan nan nan nan nan nan nan nan nan nan nan nan nan
nan nan nan nan nan nan nan nan nan nan nan nan nan nan nan nan nan nan nan 1.126644990930276435e+01 1.083169198785025600e+01 1.041613311977420331e+01 1.001120020040637293e+01 9.611020977635662987e+00 9.211031476152639286e+00 8.807037027225677051e+00 8.396365282522729956e+00 7.979824338277354379e+00 7.562131284429656652e+00 7.150055815401556103e+00 6.749517818911892064e+00 6.363579506320248491e+00 5.992487419303434315e+00 5.635316707906842026e+00 5.291583896737689585e+00 4.961558861332418857e+00 4.645527621652520089e+00 4.343149402010795690e+00 4.053638326198138131e+00 3.776690582858079015e+00 3.513459350766384048e+00 3.266646437432506378e+00 3.039449465522414684e+00 2.834250892243883158e+00 2.652084945193344367e+00 2.492912475026808128e+00 2.355916661770113940e+00 2.239228007277128008e+00 2.139360417104276824e+00 2.051354755878084468e+00 1.970330988052819032e+00 1.893671987839918858e+00 1.821960606448118414e+00 1.757918732571148501e+00 1.704650720954946630e+00 1.664778433644084066e+00 1.640786492938247410e+00 1.635806590616835310e+00 1.653870437952485561e+00 1.699290251551142772e+00 1.775701107985548477e+00 1.885527625400061025e+00 2.029961702075996577e+00 2.208786910544790594e+00 2.419699069072194675e+00 2.658107083873601173e+00 2.918838106068446958e+00 3.198868348518249860e+00 3.497734133682443680e+00 3.815640661434720471e+00 4.155158609041514239e+00 4.527891959909754682e+00 4.956570523548653462e+00 5.467703061453958568e+00 6.083155264683431263e+00 6.817117752946168174e+00 7.676801589219120814e+00 8.663573655746191093e+00 9.773015645580111155e+00 1.099399675822861866e+01 nan nan nan nan nan nan nan nan nan nan nan nan nan nan nan nan nan nan nan nan nan nan nan nan nan nan nan nan nan
nan nan nan nan nan nan nan nan nan nan nan nan nan nan nan nan nan nan nan nan 1.122857289198587161e+01 1.080335335262925156e+01 1.038551236266291156e+01 9.969704757083610147e+00 9.552784498818903458e+00 9.132400093445047773e+00 8.707469274847955631e+00 8.279555423013897908e+00 7.853222322360795538e+00 7.434584378611302391e+00 7.028873418316990751e+00 6.638685192541780467e+00 6.264029801001335329e+00 5.903852653454427113e+00 5.557599027963410876e+00 5.225641732367922287e+00 4.908631262973520037e+00 4.606663759001883740e+00 4.319040865896028869e+00 4.044923155770634438e+00 3.784545321577026389e+00 3.539936625470481157e+00 3.314310380411880530e+00 3.110655307276624537e+00 2.930774133732421127e+00 2.775188120187709107e+00 2.643296204965416063e+00 2.533147821769904162e+00 2.440994678721754241e+00 2.361520913896124174e+00 2.289384432041140727e+00 2.221347415621058197e+00 2.157340893868148868e+00 2.099767752531398912e+00 2.051972649100286983e+00 2.017116119949493136e+00 1.997978679559312631e+00 1.997475184954227823e+00 2.019180038711936298e+00 2.067248398186657621e+00 2.145768246008525004e+00 2.258075914729273048e+00 2.406316442145373546e+00 2.590895621036399810e+00 2.809533738247883772e+00 3.056944916354054964e+00 3.327196724413209683e+00 3.618280845574065818e+00 3.933595127096462196e+00 4.277437370387431770e+00 4.651442577707221027e+00 5.059646529720842167e+00 5.516591318055064086e+00 6.046200806240690895e+00 6.672737207136687942e+00 7.414334073222393684e+00 8.282127348863008720e+00 9.281829432080368036e+00 1.041513426924880648e+01 nan nan nan nan nan nan nan nan nan nan nan nan nan nan nan nan nan nan nan nan nan nan nan nan nan nan nan nan nan nan
nan nan nan nan nan nan nan nan nan nan nan nan nan nan nan nan nan nan nan nan nan 1.120295725483865823e+01 1.076996205282846475e+01 1.033765903383249452e+01 9.904284386837858278e+00 9.468930141691307867e+00 9.031658368729196695e+00 8.594420602849343283e+00 8.161323731683784999e+00 7.737591430359663569e+00 7.327687205174636453e+00 6.933835107059772795e+00 6.555943840126868594e+00 6.192884152299158451e+00 5.844041672124424380e+00 5.509937323432656520e+00 5.191652003010251093e+00 4.889782184669376086e+00 4.603825722141187349e+00 4.332578143952251715e+00 4.075489513206141723e+00 3.833923515468072640e+00 3.611022699754115273e+00 3.410264347836282628e+00 3.234059706000170120e+00 3.083262631845868018e+00 2.957250376570233374e+00 2.853885863725475147e+00 2.769306189000400487e+00 2.698220795714385556e+00 2.635251657246908241e+00 2.576745557549288357e+00 2.521805736678633725e+00 2.472040196976830639e+00 2.430555197080260577e+00 2.400889723352861438e+00 2.386397711078974471e+00 2.390298218931307339e+00 2.416086847605734444e+00 2.467736560065250551e+00 2.549433127959443990e+00 2.665041817179442774e+00 2.817537686379043116e+00 3.008243343357117183e+00 3.235659278163972363e+00 3.494830451646679936e+00 3.779660506907611239e+00 4.088517755726875258e+00 4.427243212426664520e+00 4.804012129117785967e+00 5.221640520963911847e+00 5.678292742212007305e+00 6.177945563424678710e+00 6.737705819234252047e+00 7.382257119369904252e+00 8.133805216163530361e+00 9.007571725087615278e+00 1.001243819201548568e+01 1.115295854511742668e+01 nan nan nan nan nan nan nan nan nan nan nan nan nan nan nan nan nan nan nan nan nan nan nan nan nan nan nan nan nan nan
nan nan nan nan nan nan nan nan nan nan nan nan nan nan nan nan nan nan nan nan nan nan 1.116365865432656790e+01 1.071485612368033635e+01 1.026626096639367880e+01 9.817817953935447761e+00 9.370225227728383288e+00 8.925435103698470485e+00 8.486859446343624214e+00 8.058791463262609867e+00 7.645090431845281920e+00 7.247879701476821701e+00 6.867177018664547994e+00 6.501826401555189427e+00 6.151069382160519794e+00 5.815429375303551751e+00 5.496251142435660597e+00 5.194519498522550904e+00 4.910006464319775610e+00 4.641450357857435982e+00 4.387871488869860670e+00 4.150117006994038071e+00 3.931139061682786373e+00 3.734641955120206358e+00 3.563367610511336991e+00 3.418254624116209062e+00 3.298467936151484814e+00 3.201622918647866634e+00 3.123910723371694509e+00 3.060487022517057731e+00 3.006452253102205763e+00 2.958041825011645365e+00 2.913384649149302064e+00 2.872744202042554651e+00 2.838389052009571589e+00 2.813997594987967421e+00 2.803773602486305361e+00 2.811814055063101669e+00 2.841965367823092059e+00 2.897970728850949307e+00 2.983618596731407724e+00 3.102676640064655711e+00 3.258494498023359665e+00 3.453186517498282093e+00 3.686450854812672873e+00 3.954973400228294356e+00 4.254510861850233638e+00 4.585062093991868259e+00 4.954106096696497374e+00 5.372243414297113162e+00 5.844345579870364737e+00 6.365605259288869888e+00 6.928941408950589853e+00 7.538900998437735979e+00 8.215752221227182517e+00 8.985282290679217354e+00 9.868363934904627044e+00 1.087823967859184826e+01 nan nan nan nan nan nan nan nan nan nan nan nan nan nan nan nan nan nan nan nan nan nan nan nan nan nan nan nan nan nan nan
nan nan nan nan nan nan nan nan nan nan nan nan nan nan nan nan nan nan nan nan nan nan nan 1.110541904015456716e+01 1.064241938138532007e+01 1.018210737504717223e+01 9.725447653777139934e+00 9.274035358222842973e+00 8.830406733303489020e+00 8.398034365224347653e+00 7.980485407053413915e+00 7.580104334117999443e+00 7.197216648947364348e+00 6.830680104521087870e+00 6.479468830855373618e+00 6.143834591969830505e+00 5.825051655834551312e+00 5.524266310596954277e+00 5.241545624076979770e+00 4.975823963178511278e+00 4.725985932362168462e+00 4.492487354549088430e+00 4.278010992255100398e+00 4.086325226349423190e+00 3.920359330965623723e+00 3.781026376045489634e+00 3.667184673190762911e+00 3.576155586640964668e+00 3.504277886405111175e+00 3.447448449704892059e+00 3.401660224996577497e+00 3.363346827764880143e+00 3.329641352735227766e+00 3.299071523021781527e+00 3.272562531734743541e+00 3.253693068868227734e+00 3.247709450289091304e+00 3.260016634900684274e+00 3.295075027590760985e+00 3.356160486915480412e+00 3.445908475653451930e+00 3.567014148554171538e+00 3.722316591979667688e+00 3.914050003260924449e+00 4.142904000335581927e+00 4.408230294506148006e+00 4.710538474048851398e+00 5.055150879046707679e+00 5.453100069880203904e+00 5.916867350672949222e+00 6.453324875928320381e+00 7.058142798127775563e+00 7.716339710202942292e+00 8.413991696259497388e+00 9.155048730955984482e+00 9.963062202205003715e+00 1.086629818487078580e+01 nan nan nan nan nan nan nan nan nan nan nan nan nan nan nan nan nan nan nan nan nan nan nan nan nan nan nan nan nan nan nan nan
nan nan nan nan nan nan nan nan nan nan nan nan nan nan nan nan nan nan nan nan nan nan nan nan 1.103801552048373402e+01 1.056579343736787990e+01 1.010023683540698514e+01 9.642223141180959800e+00 9.193252399965155419e+00 8.756196399500812078e+00 8.334746175280024261e+00 7.931746764814663564e+00 7.547848920480778823e+00 7.181780688234356447e+00 6.832035565054543902e+00 6.498330696967128617e+00 6.181621957938779666e+00 5.883084591048403311e+00 5.603076964874915689e+00 5.340769893640357147e+00 5.094926324322257116e+00 4.865614730791684828e+00 4.655298572709466676e+00 4.467907736638515814e+00 4.306634135388881290e+00 4.172354107377273635e+00 4.063531729605063703e+00 3.977131898646172559e+00 3.909738849583047404e+00 3.858279892735787975e+00 3.819977048597579916e+00 3.791647332074347343e+00 3.769356199883225678e+00 3.749603395140522988e+00 3.731661702080459442e+00 3.718931748951222360e+00 3.717883636415728166e+00 3.735450207307015269e+00 3.776677133384737761e+00 3.843867542561380635e+00 3.937492831776917779e+00 4.057950127570423504e+00 4.206514038291076396e+00 4.384818539264748516e+00 4.594308749997146890e+00 4.837688340660434072e+00 5.122027850773285707e+00 5.460274527785027310e+00 5.868856098731024318e+00 6.363026153253919404e+00 6.952666602666267792e+00 7.638939840754614963e+00 8.411041386590822455e+00 9.245602411791091768e+00 1.011734887029026631e+01 1.102135764072398771e+01 nan nan nan nan nan nan nan nan nan nan nan nan nan nan nan nan nan nan nan nan nan nan nan nan nan nan nan nan nan nan nan nan nan
nan nan nan nan nan nan nan nan nan nan nan nan nan nan nan nan nan nan nan nan nan nan nan nan nan 1.097590516830596563e+01 1.050083061371218207e+01 1.003542196278463905e+01 9.580047404353170037e+00 9.137446735671369780e+00 8.712096261366687244e+00 8.307596666657065754e+00 7.924589360461168575e+00 7.561066200163668150e+00 7.214565635402309773e+00 6.884117980932100700e+00 6.570502602035261930e+00 6.275176227980027832e+00 5.998877945007292212e+00 5.740780194648478663e+00 5.499128620332897732e+00 5.273429366774997185e+00 5.066160868545379614e+00 4.881825565642277986e+00 4.724080352260386917e+00 4.593604392992598484e+00 4.488126015427662097e+00 4.404129518740234062e+00 4.338861255303674724e+00 4.291106314027082647e+00 4.259976022973277487e+00 4.242684644528458726e+00 4.233628926301759243e+00 4.226506742672516914e+00 4.218521873796571064e+00 4.213043114334602102e+00 4.218163399167387695e+00 4.242570429908424146e+00 4.291784222737488719e+00 4.366628188147490874e+00 4.464465843724416239e+00 4.582284918904778515e+00 4.719081005914206095e+00 4.875914875378621005e+00 5.055701479026697420e+00 5.265409770264125378e+00 5.518710896648593156e+00 5.834801625547503257e+00 6.233714165844567390e+00 6.732129264852664718e+00 7.341625792099920389e+00 8.068314466168457599e+00 8.912032827336190621e+00 9.863711683083094428e+00 1.090132390683747055e+01 nan nan nan nan nan nan nan nan nan nan nan nan nan nan nan nan nan nan nan nan nan nan nan nan nan nan nan nan nan nan nan nan nan nan
nan nan nan nan nan nan nan nan nan nan nan nan nan nan nan nan nan nan nan nan nan nan nan nan nan nan 1.094000794000536381e+01 1.046554586786087526e+01 1.000153854669030373e+01 9.551553871709383969e+00 9.121922936279043270e+00 8.717273579294749553e+00 8.337513896451632434e+00 7.978713814829313300e+00 7.636582319585209611e+00 7.309392577542126901e+00 6.998396000594897970e+00 6.706135899917121890e+00 6.434041682058029288e+00 6.180829601239548055e+00 5.943398616681531799e+00 5.720299124855985795e+00 5.514452349686374433e+00 5.331652314757902467e+00 5.176215863457168886e+00 5.048033527258660058e+00 4.943196875126096401e+00 4.857456470426764206e+00 4.789809774657753927e+00 4.742864456412828389e+00 4.719114024554313502e+00 4.716225884511872302e+00 4.725538977837996590e+00 4.735940105407915546e+00 4.741248716009617503e+00 4.744888437760678812e+00 4.757424564892410501e+00 4.789983037826062606e+00 4.848856991214833378e+00 4.933383290407370225e+00 5.037392234379844069e+00 5.153702473986216503e+00 5.278584448487637637e+00 5.412945132545591065e+00 5.562191198900485745e+00 5.738120340067356828e+00 5.960014269986214863e+00 6.251057122545936373e+00 6.632729143155668972e+00 7.121587283698986859e+00 7.728984200985033581e+00 8.462046255844613896e+00 9.324547129866465056e+00 1.031695511874205984e+01 nan nan nan nan nan nan nan nan nan nan nan nan nan nan nan nan nan nan nan nan nan nan nan nan nan nan nan nan nan nan nan nan nan nan nan
nan nan nan nan nan nan nan nan nan nan nan nan nan nan nan nan nan nan nan nan nan nan nan nan nan nan nan 1.095029807569790670e+01 1.047415917707289168e+01 1.001389656250547411e+01 9.579013303302394533e+00 9.175348186198807099e+00 8.801129651926281383e+00 8.448982028326481597e+00 8.111572947101830522e+00 7.786326054417419762e+00 7.475969358097148465e+00 7.185367407811656726e+00 6.917166339860079560e+00 6.669088289066971598e+00 6.435568356286177405e+00 6.213621758000085649e+00 6.007183941783549308e+00 5.824279394670643484e+00 5.669992258221859593e+00 5.542347772910388493e+00 5.434308440754988645e+00 5.340591440785385835e+00 5.263812235485491264e+00 5.213291823333009667e+00 5.196962228507606696e+00 5.213428706323252726e+00 5.249657779592062923e+00 5.286670933508969661e+00 5.311829447463274789e+00 5.327809475525584482e+00 5.348866489432570148e+00 5.390046381888475402e+00 5.459503627667516845e+00 5.555916166185968841e+00 5.669932262670993595e+00 5.789699768730048213e+00 5.907857297724924628e+00 6.024801549652871735e+00 6.148720353451754050e+00 6.296300794716970017e+00 6.491629234170305018e+00 6.760671005894132612e+00 7.125519620327012582e+00 7.602208279214225151e+00 8.201369143185591071e+00 8.929743423590297269e+00 9.791470165507453416e+00 1.078887464665737639e+01 nan nan nan nan nan nan nan nan nan nan nan nan nan nan nan nan nan nan nan nan nan nan nan nan nan nan nan nan nan nan nan nan nan nan nan
nan nan nan nan nan nan nan nan nan nan nan nan nan nan nan nan nan nan nan nan nan nan nan nan nan nan nan nan 1.101656484617455511e+01 1.054283565918922783e+01 1.010156598702217323e+01 9.699680357378490214e+00 9.332834051067578685e+00 8.988802516569313283e+00 8.655910255459238201e+00 8.330561515641136339e+00 8.018063591921002597e+00 7.726933817154221451e+00 7.461603057070784750e+00 7.218315153945598972e+00 6.987915549413426852e+00 6.765265151197032090e+00 6.555945077288535039e+00 6.371175107928889858e+00 6.216794595338423157e+00 6.087658567529197207e+00 5.971947511818738619e+00 5.863378343712752461e+00 5.770531512032528454e+00 5.711893369819404320e+00 5.702065316648435633e+00 5.741491849374296130e+00 5.813275118956722665e+00 5.888554573123340852e+00 5.943534037086503297e+00 5.977130861890796787e+00 6.008144722123620163e+00 6.057773595310000481e+00 6.137906698066249334e+00 6.248125869736153248e+00 6.376985457421616488e+00 6.507681807965681742e+00 6.627494804275909424e+00 6.734696231317263582e+00 6.839862896181699625e+00 6.964809150722209630e+00 7.138411599314602896e+00 7.389153667961426919e+00 7.739587749539817985e+00 8.205235238924911911e+00 8.796025201127967819e+00 9.518130759651560524e+00 1.037536913453181597e+01 nan nan nan nan nan nan nan nan nan nan nan nan nan nan nan nan nan nan nan nan nan nan nan nan nan nan nan nan nan nan nan nan nan nan nan nan
nan nan nan nan nan nan nan nan nan nan nan nan nan nan nan nan nan nan nan nan nan nan nan nan nan nan nan nan nan 1.115647252268337120e+01 1.070815182977020719e+01 1.030863995896849339e+01 9.950398841151095297e+00 9.615418096900562261e+00 9.286539673057800925e+00 8.958931953353049593e+00 8.641507781625687556e+00 8.347567194701278837e+00 8.083721206753175181e+00 7.844345841223479887e+00 7.615808461574009591e+00 7.390357580779719271e+00 7.175852583427712261e+00 6.987477231333524941e+00 6.831672004247634433e+00 6.698961770819407135e+00 6.571560998341780646e+00 6.442907165196641195e+00 6.329671454144018661e+00 6.260146677771525781e+00 6.255004940018765502e+00 6.317199217336910699e+00 6.428639164409175599e+00 6.552140088908701365e+00 6.648741784716839298e+00 6.707580470674631812e+00 6.751028738534126106e+00 6.808931275206147937e+00 6.899311962599450787e+00 7.024569557253741436e+00 7.172754167248656110e+00 7.322315038446546076e+00 7.453063513477161450e+00 7.558479742817930891e+00 7.650735897589006740e+00 7.757489260365201922e+00 7.913038996417584237e+00 8.148525340892991409e+00 8.486948932357295305e+00 8.943348918138941173e+00 9.527008035927515550e+00 1.024355978008705570e+01 1.109643855897435571e+01 nan nan nan nan nan nan nan nan nan nan nan nan nan nan nan nan nan nan nan nan nan nan nan nan nan nan nan nan nan nan nan nan nan nan nan nan
nan nan nan nan nan nan nan nan nan nan nan nan nan nan nan nan nan nan nan nan nan nan nan nan nan nan nan nan nan nan nan 1.101868914789089082e+01 1.066973001140147481e+01 1.034423664200649995e+01 1.001871531735601195e+01 9.686905704853083776e+00 9.362227837177314882e+00 9.063559729313121593e+00 8.799802629792052855e+00 8.563139752738967658e+00 8.334910695615846521e+00 8.104599663522455089e+00 7.882955220440743815e+00 7.689554292254998202e+00 7.531134894334747365e+00 7.393117179096785563e+00 7.251382851229550397e+00 7.100367614972321384e+00 6.966003505166789900e+00 6.885167255853711588e+00 6.882756736156632194e+00 6.964195715606257053e+00 7.113192939708297580e+00 7.289152162516420397e+00 7.438020577322431492e+00 7.531618397969888967e+00 7.591524891286939969e+00 7.658086245664780911e+00 7.758118530264800583e+00 7.898768095171585735e+00 8.069375977667275990e+00 8.244628531308393349e+00 8.395179151779291971e+00 8.506332249549629410e+00 8.590560566419542354e+00 8.682421044451013259e+00 8.822641999812050884e+00 9.045267231992774271e+00 9.373718561118575821e+00 9.822543232597393370e+00 1.040041092242084275e+01 1.111245898128799858e+01 nan nan nan nan nan nan nan nan nan nan nan nan nan nan nan nan nan nan nan nan nan nan nan nan nan nan nan nan nan nan nan nan nan nan nan nan nan
