# FIELDS time d_tm36 rmsd_npxxy d_hbond chi_w295 d_salt na_site lig_cont opes.bias opes.rct opes.zed opes.neff opes.nker opes.work uw.bias lw.bias  (every 50th line of /scratch/kuhfeldr-Kuhfeld_temp/oprm1-opes-activation/runs/prod2/active/w0/COLVAR.0)
0 1.1857 0.3292 1.0525 -1.0542 0.31426 0 370.49 -50 -50 1 1 0 0 0 0
100 1.2226 0.27557 0.98152 -1.0182 0.3179 0 375.25 -3.5379 0.25133 0.14689 72.41 60 91.905 0 0
200 1.1702 0.26538 0.98494 -1.0013 0.30589 0 379.6 -1.691 -0.14351 0.09397 106.82 103 111.36 0 0
300 1.0542 0.26871 0.89711 -0.9817 0.31601 0 364.21 -20.945 0.34991 0.086671 147.39 147 127.39 0 0
400 1.1063 0.26111 0.97102 -0.95448 0.32495 0 363.71 -9.2699 -0.036281 0.077186 175.52 188 144.7 0 0
500 1.125 0.24215 1.0382 -1.067 0.30446 0 373.63 -8.6387 0.14894 0.073149 215.55 192 157.41 0 0
600 1.0369 0.27391 0.94875 -1.0641 0.32102 0 362.46 -14.72 -0.002266 0.06722 245.94 210 169.46 0 0
700 1.0841 0.2675 1.0336 -0.98042 0.30787 0 348.06 -4.2687 -0.049194 0.060305 291.12 245 182.83 0 0
800 1.12 0.25813 1.2133 -0.83855 0.3041 0 366.68 -0.93327 0.026116 0.057989 338.96 272 194.27 0 0
900 1.0264 0.28295 1.0787 -1.0917 0.3251 0 364.88 -14.3 0.047605 0.056255 375.22 284 205.39 0 0
1000 1.1113 0.27652 1.0311 -0.9621 0.31862 0 368.17 1.9289 0.092268 0.053051 414.74 310 216.27 0 0
1100 1.203 0.22948 1.1442 -1.0051 0.31432 0 348.39 -9.3671 -0.006338 0.050498 438.86 331 226.58 0 0
1200 1.1694 0.23011 0.94191 -0.92412 0.31863 0 383.86 -4.5815 0.035224 0.046877 464.01 357 237.69 0 0
1300 1.1702 0.2454 0.9655 -0.80428 0.3294 0 389.4 -1.2995 0.45372 0.047617 475.45 376 245.82 0 0
1400 1.2196 0.25305 0.94943 -0.96821 0.33783 0 362.45 -5.2599 0.57966 0.049556 507.37 389 252.33 0 0
1500 1.1636 0.27674 0.9315 -1.1347 0.3324 0 384.8 5.1477 0.68249 0.048695 547.73 389 258.39 0 0
1600 1.1079 0.29477 0.97217 -1.079 0.31427 0 348.23 1.6007 0.7978 0.048206 584.14 395 264.76 0 0
1700 1.1626 0.26502 0.93324 -0.94171 0.326 0 377.73 3.282 0.95978 0.048188 622.8 405 269.57 0 0
1800 1.1269 0.26959 0.9539 -1.107 0.32328 0 362.52 2.6777 0.98844 0.048503 659.12 415 274.37 0 0
1900 1.1722 0.18776 0.9219 -0.78134 0.32473 0 401.4 -21.182 1.0241 0.04629 689.34 430 279.8 0 0
2000 1.1634 0.34756 0.96218 -0.90157 0.31631 0 369.87 5.0279 1.0784 0.045623 738.02 436 284.05 0 0
2100 1.2475 0.31903 0.9888 -0.94924 0.34456 0 359.31 0.67273 1.2156 0.04797 799.58 441 287.53 0 0
2200 1.16 0.39689 0.94222 -0.88575 0.30154 0 343.38 -4.3181 1.291 0.046956 846.59 441 291.63 0 0
2300 1.2255 0.32498 0.98285 -1.1189 0.32215 0 390.38 3.7412 1.3351 0.04777 885.43 450 295.44 0 0
2400 1.2497 0.37203 0.94293 -1.0512 0.31633 0 349.72 -5.193 1.3752 0.048644 918.12 462 299.17 0 0
2500 1.2298 0.339 1.0491 -0.8281 0.30271 0 359.64 1.696 1.387 0.048704 961.96 464 302.24 0 0
2600 1.215 0.27166 1.0074 -0.8383 0.30502 0 328.18 -0.55895 1.4507 0.049835 1007.8 471 304.87 0 0
2700 1.169 0.33481 0.96178 -1.0346 0.30282 0 355.24 7.3231 1.4696 0.049383 1052.2 481 307.62 0 0
2800 1.1748 0.36854 1.0334 -1.0678 0.28864 0 386.09 2.3891 1.4535 0.050369 1089.9 485 310.44 0 0
2900 1.2715 0.34995 1.034 -0.96835 0.3525 0 361.86 -4.6467 1.4533 0.052416 1135.3 495 313.14 0 0
3000 1.1355 0.31433 0.96696 -1.1834 0.329 0 369.11 5.0107 1.4706 0.052558 1188.8 497 315.52 0 0
3100 1.122 0.35791 0.99214 -0.9331 0.31292 0 377.91 2.4531 1.4261 0.051724 1214.3 516 318.06 0 0
3200 1.1571 0.37237 0.99055 -1.129 0.34823 0 384.17 2.2127 1.4081 0.04992 1250.1 528 320.71 0 0
3300 1.1699 0.3204 0.96947 -1.0636 0.31077 0 367.54 7.275 1.4295 0.048139 1284.7 531 323.23 0 0
3400 1.1223 0.3383 1.0379 -0.86612 0.29388 0 372.2 4.3001 1.4463 0.046843 1313.5 543 325.77 0 0
3500 1.1456 0.3478 0.95174 -1.1287 0.32402 0 383.34 6.1314 1.4445 0.047213 1339.9 548 328.19 0 0
3600 1.1611 0.37848 0.91271 -0.99922 0.29747 0 405.13 1.6001 1.4035 0.046131 1361.2 549 330.97 0 0
3700 1.103 0.41039 1.0063 -1.0857 0.30656 0 367 -10.573 1.3727 0.045848 1387.9 556 333.67 0 0
3800 1.1101 0.44318 0.842 -0.93698 0.32792 0 383.82 -25.135 1.3149 0.04486 1398.4 571 337.18 0 0
3900 1.1387 0.45321 0.90773 -1.0792 0.31739 0 384.65 -25.6 1.2635 0.044084 1411.7 582 341.28 0 0
4000 1.09 0.4552 0.92996 -0.97353 0.29986 0 386.29 -30.828 1.2095 0.044067 1422 583 345.39 0 0
4100 1.0812 0.45353 0.92539 -0.95201 0.34979 0 389.63 -30.094 1.1837 0.043051 1446.4 595 350.38 0 0
4200 1.1078 0.43654 0.94396 -0.85267 0.31998 0 369.25 -19.397 1.1812 0.041982 1474.5 604 355.6 0 0
4300 0.94977 0.42846 0.90382 -0.91346 0.32002 0 353.41 -49.46 1.1408 0.039771 1491.4 638 362.02 0 0
4400 0.98296 0.39369 0.95665 -0.9498 0.31502 0 355.98 -32.004 1.1328 0.038652 1513.9 657 368.71 0 0
4500 0.94058 0.36039 0.9054 -0.98034 0.32112 0 363.34 -44.463 1.1502 0.037653 1543.9 675 374.76 0 0
4600 0.95431 0.41061 0.8573 -1.1845 0.32092 0 374.06 -44.916 1.1418 0.037376 1566.1 681 381.17 0 0
4700 0.98141 0.35988 1.0127 -1.0531 0.3306 0 394.64 -26.488 1.0951 0.036933 1574.5 689 387.87 0 0
4800 0.9057 0.37162 0.94218 -1.0301 0.31222 0 375.07 -49.765 1.0556 0.036402 1586.3 700 396.16 0 0
4900 0.94902 0.34402 0.89458 -1.0654 0.30902 0 381.49 -37.262 1.0432 0.036702 1603.1 709 404.07 0 0
5000 0.93196 0.40603 0.89739 -0.91009 0.32208 0 368.23 -48.441 1.0181 0.036528 1616.3 709 411.62 0 0
5100 0.96098 0.3986 0.92682 -0.83982 0.31132 0 397.88 -37.691 0.98403 0.036009 1631 720 418.73 0 0
5200 0.91533 0.351 0.95926 -1.1812 0.31027 0 389.83 -43.881 0.99503 0.035765 1655.4 723 425.75 0 0
5300 0.94507 0.35871 0.87191 -1.0952 0.31628 0 355.37 -35.603 0.99099 0.035917 1670 722 432.64 0 0
5400 0.9063 0.33989 0.90998 -0.96514 0.31459 0 353.86 -44.783 0.94637 0.035979 1673.9 724 440.31 0 0
5500 0.89569 0.31492 0.92443 -0.8973 0.32686 0 346.15 -48.112 0.91243 0.035381 1685.4 737 447.24 0 0
5600 0.92585 0.36244 0.91024 -1.1474 0.30258 0 350.33 -38.427 0.88806 0.034647 1698.9 753 454.83 0 0
5700 0.87611 0.32369 0.88685 -0.86085 0.30756 0 360.01 -48.517 0.84967 0.034402 1706 758 462.31 0 0
5800 0.91505 0.33035 0.95056 -0.81692 0.32911 0 367.7 -40.368 0.81912 0.034027 1722 767 469.59 0 0
5900 0.859 0.33864 0.95867 -0.93602 0.32185 0 370.28 -49.236 0.79492 0.03374 1742 771 476.69 0 0
6000 0.83247 0.37126 1.1121 -1.1102 0.3146 0 380.09 -49.731 0.79696 0.033668 1771 781 484.55 0 0
6100 0.94761 0.41801 1.1595 -1.1884 0.3261 0 372.32 -44.622 0.83927 0.033695 1809.7 786 491.63 0 0
6200 0.92575 0.40253 1.1419 -1.0743 0.30002 0 362.25 -41.825 0.86336 0.033569 1850 788 498.37 0 0
6300 0.90659 0.37347 1.1159 -1.0017 0.30736 0 367.08 -40.748 0.86871 0.03369 1887.4 789 505.16 0 0
6400 0.97266 0.35937 1.2279 -0.77056 0.33456 0 354.91 -27.755 0.88031 0.03355 1924.1 793 511.34 0 0
6500 0.8996 0.40076 1.1233 -1.0201 0.31357 0 377.46 -45.934 0.87818 0.034036 1955.7 802 517.67 0 0
6600 0.88329 0.37768 1.0023 -1.1071 0.33458 0 380.26 -44.681 0.8917 0.034131 1992.7 809 524.27 0 0
6700 0.97173 0.42348 0.94583 -1.0498 0.33482 0 375.51 -41.38 0.89055 0.033796 2021.7 817 530.38 0 0
6800 0.88373 0.35274 1.1197 -0.9617 0.31356 0 376.42 -43.013 0.91205 0.033004 2048.9 822 536.85 0 0
6900 0.93493 0.34474 1.1423 -1.0488 0.34874 0 359.74 -34.216 0.95423 0.033632 2075.6 829 543.05 0 0
7000 0.9212 0.3844 1.0981 -1.0877 0.33892 0 381.01 -36.909 0.97542 0.033403 2103.2 839 548.99 0 0
7100 0.96114 0.42302 1.0794 -0.88143 0.31316 0 393.94 -41.977 1.0093 0.033801 2125 858 555.23 0 0
7200 1.0361 0.45198 1.1142 -1.1201 0.34318 0 365.67 -36.843 1.0064 0.033524 2151.4 859 560.65 0 0
7300 1.0065 0.38622 1.1429 -1.0355 0.32763 0 371.14 -22.264 0.98742 0.03339 2169.1 868 565.21 0 0
7400 1.0215 0.44107 1.1569 -1.062 0.33323 0 346.51 -35.668 0.97401 0.033486 2185.9 866 569.94 0 0
7500 0.96945 0.43766 1.1201 -1.0682 0.30208 0 367.43 -43.456 0.97589 0.033998 2210.5 870 575.27 0 0
7600 0.95954 0.45674 1.1567 -1.1138 0.32535 0 363.2 -47.906 0.94976 0.033718 2220.3 876 581.17 0 0
7700 1.0286 0.43446 1.1948 -1.0087 0.33784 0 360.54 -31.777 0.9262 0.033629 2230.6 879 586.68 0 0
7800 0.97927 0.42112 1.1745 -1.1055 0.32508 0 362.43 -36.042 0.89481 0.033177 2233.1 891 592.42 0 0
7900 0.98246 0.47098 1.1651 -0.8997 0.30851 0 342.29 -48.416 0.86222 0.032956 2233.5 897 598.6 0.047619 0
8000 0.95665 0.44964 1.1341 -0.90926 0.3229 0 349.24 -43.923 0.83865 0.032802 2241.8 901 604.88 0 0
8100 0.99238 0.43922 1.1513 -0.99895 0.30295 0 358.87 -37.378 0.81842 0.03277 2253.7 902 610.93 0 0
8200 1.0025 0.41741 1.1621 -1.058 0.31566 0 345.22 -29.649 0.78842 0.0326 2256.3 907 616.41 0 0
8300 1.0644 0.40761 1.1737 -1.1867 0.32238 0 365.54 -16.174 0.76485 0.032489 2266 917 621.09 0 0
8400 1.0339 0.41937 1.1294 -1.1571 0.32716 0 353.1 -24.253 0.74563 0.03205 2278.4 920 625.75 0 0
8500 0.94378 0.39951 1.0715 -1.0893 0.33357 0 358.77 -35.783 0.7242 0.032068 2288.4 923 630.68 0 0
8600 0.96146 0.39942 1.1652 -1.0338 0.31655 0 359.45 -32.983 0.70031 0.032486 2297.2 929 635.37 0 0
8700 0.96292 0.34909 1.1494 -0.89413 0.31585 0 365.19 -28.636 0.67815 0.032258 2304 935 640.14 0 0
8800 1.0395 0.40081 1.1385 -1.1031 0.31372 0 368.75 -17.493 0.65617 0.032339 2313.9 931 645.29 0 0
8900 0.95857 0.43994 1.0985 -1.0232 0.29222 0 348.03 -39.718 0.64405 0.031804 2331.8 930 650.25 0 0
9000 0.91631 0.39857 1.1231 -1.1274 0.30632 0 375.03 -39.514 0.6162 0.031874 2333.5 928 655.53 0 0
9100 0.90787 0.43778 1.1304 -1.2086 0.29891 0 340.24 -48.366 0.59264 0.031969 2340.9 928 660.68 0 0
9200 0.95978 0.44509 1.1368 -0.95155 0.32494 0 347.43 -39.875 0.5673 0.031867 2344.9 931 665.8 0 0
9300 0.94142 0.44312 1.094 -0.8603 0.31168 0 333.96 -42.483 0.54132 0.031632 2348 938 670.88 0 0
9400 1.0279 0.44408 1.1575 -1.1724 0.30359 0 364.29 -31.723 0.51835 0.031409 2353.4 938 675.62 0 0
9500 1.0357 0.41758 1.1215 -1.1171 0.29763 0 348.09 -23.096 0.4933 0.03135 2357.1 940 680.05 0 0
9600 0.99089 0.4456 1.1985 -1.1052 0.3324 0 343.84 -35.192 0.47295 0.031063 2366.1 948 685.29 0 0
9700 1.0407 0.43856 1.2183 -0.97202 0.31221 0 347.37 -27.991 0.45164 0.031099 2374.2 947 689.75 0 0
9800 0.94994 0.4573 1.1259 -0.97618 0.31321 0 347.67 -44.372 0.43939 0.031035 2381 957 695.17 0 0
9900 0.95668 0.44395 1.1721 -0.93591 0.31987 0 345.26 -38.634 0.41553 0.031087 2384.6 955 701.27 0 0
10000 0.9407 0.4237 1.2093 -1.0142 0.34386 0 357.68 -37.129 0.39044 0.030924 2386 960 707.66 0 0
10100 1.0466 0.45343 1.2125 -1.0345 0.32691 0 358.95 -32.065 0.36763 0.030737 2390.6 967 713.43 0 0
10200 1.0443 0.44946 1.1493 -1.0834 0.34732 0 366.02 -30.256 0.34842 0.030771 2400.4 966 718.3 0 0
10300 0.98977 0.46179 1.0895 -1.1235 0.32392 0 366.38 -39.026 0.34085 0.030851 2420.1 963 722.79 0 0
10400 0.94103 0.44714 1.1583 -0.90439 0.31279 0 363.99 -40.725 0.3213 0.03091 2427.6 961 727.69 0 0
10500 0.91081 0.44164 1.136 -0.92608 0.32181 0 346.04 -45.544 0.29741 0.030722 2429 967 733.24 0 0
10600 0.99643 0.4455 1.1632 -0.76008 0.31024 0 372.92 -32.173 0.27445 0.030528 2431.6 973 738.87 0 0
10700 1.0075 0.45442 1.1584 -1.0121 0.31472 0 364.04 -33.266 0.25838 0.030531 2442.4 974 744.43 0 0
10800 0.99269 0.44039 1.2135 -0.92187 0.32715 0 387.16 -30.543 0.23944 0.030478 2449.8 976 749.21 0 0
10900 1.0198 0.46237 1.2161 -0.91279 0.33487 0 368.2 -34.629 0.21943 0.030222 2456.1 985 754.08 0 0
11000 0.99586 0.4631 1.1473 -1.0765 0.31631 0 350.77 -37.063 0.19771 0.030137 2459.1 988 759.26 0 0
11100 0.91373 0.42502 1.1458 -1.0997 0.32388 0 365.5 -42.108 0.17466 0.029897 2459.6 996 765.06 0 0
11200 0.96165 0.45298 1.1071 -0.84893 0.3265 0 370.16 -36.859 0.15256 0.029721 2461.3 1002 770.87 0 0
11300 0.96922 0.43721 1.221 -0.97946 0.30736 0 356.36 -32.155 0.13215 0.029637 2465.3 1005 776.19 0 0
11400 1.034 0.46513 1.2112 -1.0152 0.3121 0 375.16 -32.869 0.11212 0.029639 2469.9 1005 781.51 0 0
11500 1.036 0.45378 1.1777 -1.1044 0.32075 0 359.98 -29.463 0.097698 0.029694 2482.4 1004 786.44 0 0
11600 0.92492 0.44583 1.0306 -0.84454 0.33387 0 367.01 -41.2 0.087532 0.029729 2499.9 1004 791.85 0 0
11700 0.90445 0.43092 1.0829 -0.96362 0.30814 0 377.81 -43.667 0.073724 0.029758 2511 1006 797.9 0 0
11800 0.87834 0.42139 1.0176 -1.0893 0.31034 0 345.51 -48.34 0.05235 0.029846 2512.1 1003 804.22 0 0
11900 0.87505 0.42038 1.0324 -1.157 0.31866 0 352.4 -48.48 0.037978 0.029569 2523.6 1015 810.05 0 0
12000 0.88326 0.39964 1.0984 -0.85228 0.33139 0 347.29 -45.476 0.018629 0.029336 2526.8 1021 815.96 0 0
12100 0.85894 0.42277 1.0021 -0.90241 0.33567 0 357.91 -49.402 -0.002749 0.029165 2526.8 1027 822.42 0 0
12200 0.88165 0.42027 1.032 -1.0044 0.31285 0 340.81 -45.424 -0.023962 0.02894 2526.8 1035 829.1 0 0
12300 0.90018 0.42269 1.0583 -0.81661 0.33586 0 380.49 -40.307 -0.045002 0.028856 2526.8 1038 835.87 0 0
12400 0.87378 0.42692 1.0716 -1.0343 0.31983 0 348.87 -45.029 -0.065871 0.028553 2526.8 1049 842.46 0 0
12500 0.85712 0.41215 0.99354 -1.0907 0.30883 0 354.31 -46.744 -0.086573 0.028499 2526.8 1051 849.31 0 0
12600 0.84125 0.41776 0.97692 -0.98144 0.34166 0 350.33 -47.943 -0.10711 0.028098 2526.8 1066 856.49 0 0
12700 0.88553 0.42191 1.1049 -1.2977 0.352 0 353.83 -41.799 -0.12748 0.028019 2526.8 1069 863.65 0 0
12800 0.91594 0.45169 1.1004 -0.93899 0.33946 0 370.65 -41.641 -0.1477 0.027811 2526.8 1077 869.97 0 0
12900 0.89957 0.4607 1.0515 -0.99513 0.30806 0 381.93 -45.961 -0.16776 0.02758 2526.8 1086 876.26 0 0
13000 0.89988 0.46301 1.0497 -0.88412 0.31281 0 377.48 -45.648 -0.18766 0.027205 2526.8 1101 882.76 0 0
13100 0.87516 0.42748 1.0829 -1.1355 0.34111 0 372.83 -41.767 -0.20741 0.027205 2526.8 1101 889.3 0 0
13200 0.91082 0.39897 1.0951 -1.0032 0.32436 0 363.1 -37.448 -0.22701 0.027131 2526.8 1104 895.79 0 0
13300 0.86983 0.43766 1.0908 -0.91349 0.30413 0 363.1 -43.085 -0.24646 0.026984 2526.8 1110 902.5 0 0
13400 0.91247 0.45315 1.0771 -1.0219 0.31023 0 388.33 -39.563 -0.26576 0.027008 2526.8 1109 908.89 0 0
13500 0.90745 0.41199 1.0603 -0.8803 0.34868 0 346.34 -36.1 -0.28493 0.026984 2526.8 1110 915.33 0 0
13600 0.89304 0.44481 1.0127 -0.92242 0.32808 0 370.97 -39.913 -0.30395 0.027008 2526.8 1109 921.39 0 0
13700 0.88828 0.4108 1.0699 -1.0182 0.31034 0 359.39 -38.171 -0.32283 0.02696 2526.8 1111 927.72 0 0
13800 0.87573 0.41362 1.0435 -1.1078 0.30204 0 332.93 -39.896 -0.34157 0.026767 2526.8 1119 933.79 0 0
13900 0.90528 0.38542 1.0713 -0.83595 0.31323 0 359.52 -37.388 -0.36018 0.026577 2526.8 1127 939.61 0 0
14000 0.88576 0.41063 1.0128 -1.1071 0.31433 0 349.97 -37.798 -0.37866 0.026413 2526.8 1134 945.36 0 0
14100 0.88683 0.40421 1.0523 -1.1259 0.33454 0 373.2 -37.789 -0.397 0.026274 2526.8 1140 951.17 0 0
14200 0.84703 0.40243 0.99896 -1.0089 0.31617 0 344.65 -45.194 -0.41522 0.026228 2526.8 1142 957.93 0 0
14300 0.84873 0.40196 0.99391 -0.94842 0.35968 0 348.58 -44.338 -0.4333 0.026159 2526.8 1145 964.46 0 0
14400 0.92627 0.40642 1.1304 -0.88046 0.31418 0 363.57 -31.416 -0.45126 0.026091 2526.8 1148 970.09 0 0
14500 0.94286 0.41417 1.1577 -0.83086 0.30749 0 356.37 -29.018 -0.4691 0.026114 2526.8 1147 975.63 0 0
14600 0.97315 0.40871 1.1321 -1.1693 0.31514 0 354.12 -26.168 -0.48681 0.026068 2526.8 1149 981.12 0 0
14700 0.96945 0.42313 1.1742 -0.79828 0.32379 0 350.73 -26.611 -0.50441 0.026 2526.8 1152 986.25 0 0
14800 0.98328 0.43493 1.0881 -0.88585 0.29936 0 342.84 -27.384 -0.52188 0.025978 2526.8 1153 991.47 0 0
14900 0.96942 0.43644 1.1213 -1.0542 0.31789 0 343.07 -28.575 -0.53923 0.02591 2526.8 1156 996.98 0 0
15000 0.91765 0.39448 1.1474 -1.0589 0.33272 0 363.39 -32.298 -0.55647 0.025978 2526.8 1153 1003.3 0 0
15100 0.87448 0.44827 1.0759 -1.0969 0.30346 0 351.62 -42.066 -0.5736 0.025933 2526.8 1155 1009.4 0 0
15200 0.88902 0.46475 0.99716 -1.088 0.32525 0 355.77 -43.604 -0.59061 0.025843 2526.8 1159 1015.8 0 0
15300 0.91363 0.44579 1.1026 -1.0539 0.34609 0 359.57 -33.95 -0.60751 0.025799 2526.8 1161 1022 0 0
15400 0.91277 0.38699 1.1196 -1.0621 0.31334 0 348.27 -33.685 -0.6243 0.025622 2526.8 1169 1029.2 0 0
15500 0.84186 0.39833 1.0245 -1.1537 0.33278 0 348.81 -44.197 -0.64098 0.02547 2526.8 1176 1036.3 0 0
15600 0.85791 0.41703 1.0098 -1.1682 0.32776 0 352.21 -39.762 -0.65755 0.025557 2526.8 1172 1043.1 0 0
15700 0.88194 0.37415 1.0672 -0.78729 0.31991 0 362.83 -39.6 -0.67402 0.0256 2526.8 1170 1049.7 0 0
15800 0.85053 0.38041 1.0614 -1.0615 0.32843 0 357.89 -42.915 -0.69038 0.025448 2526.8 1177 1057 0 0
15900 0.93836 0.44612 1.1131 -1.0388 0.32932 0 349.6 -31.475 -0.70664 0.025426 2526.8 1178 1064 0 0
16000 0.99127 0.42226 1.0691 -1.0543 0.31005 0 378.89 -24.557 -0.7228 0.025213 2526.8 1188 1070.2 0 0
16100 0.82444 0.41628 1.0395 -0.86797 0.3473 0 367.97 -45.758 -0.73885 0.02517 2526.9 1190 1077.3 0 0
16200 0.83204 0.42225 1.0272 -1.165 0.31255 0 358.43 -43.946 -0.75481 0.025149 2526.9 1191 1084.4 0 0
16300 0.8676 0.44533 1.0284 -0.79537 0.32807 0 360.54 -40.825 -0.77067 0.025002 2526.9 1198 1090.5 0 0
16400 0.93766 0.40528 1.0592 -0.73878 0.34094 0 350.78 -27.175 -0.78643 0.025065 2526.9 1195 1096.7 0 0
16500 0.95886 0.34395 1.0324 -1.0288 0.32776 0 356.18 -26.496 -0.8021 0.024981 2526.9 1199 1102.9 0 0
16600 0.98926 0.40161 1.1031 -0.97187 0.30173 0 347.1 -23.657 -0.81767 0.024857 2526.9 1205 1108.9 0 0
16700 0.89506 0.41025 1.0687 -0.90329 0.33048 0 357.81 -31.523 -0.83314 0.024857 2526.9 1205 1114.9 0 0
16800 0.84694 0.40531 1.018 -0.79129 0.30225 0 369.16 -39.105 -0.84853 0.024795 2526.9 1208 1120.8 0 0
16900 0.85667 0.41313 0.99728 -1.0256 0.3078 0 373 -36.6 -0.86382 0.024878 2526.9 1204 1127.1 0 0
17000 0.89253 0.38404 0.97333 -1.0927 0.30716 0 352.68 -33.109 -0.87902 0.024878 2526.9 1204 1133.4 0 0
17100 0.85675 0.43484 0.97537 -0.93873 0.33 0 368.22 -40.088 -0.89413 0.024981 2526.9 1199 1139.7 0 0
17200 0.90659 0.39251 1.0294 -0.80473 0.3237 0 381.95 -29.003 -0.90915 0.025044 2526.9 1196 1145.9 0 0
17300 0.86894 0.39801 0.99309 -0.78043 0.30457 0 347.53 -33.687 -0.92409 0.024981 2527 1199 1151.9 0 0
17400 0.8611 0.37854 1.0463 -1.0952 0.31186 0 373.18 -37.359 -0.93893 0.025002 2527 1198 1158.3 0 0
17500 0.86023 0.40391 1.0631 -0.86167 0.32362 0 337.36 -34.152 -0.9537 0.024795 2527 1208 1165.3 0 0
17600 0.88748 0.42546 1.0711 -1.1371 0.305 0 373.76 -30.142 -0.96838 0.024795 2527 1208 1172.1 0 0
17700 0.87616 0.40407 1.0341 -1.0936 0.3054 0 342.93 -30.558 -0.98298 0.024632 2527 1216 1178.5 0 0
17800 0.9029 0.40636 1.071 -0.98002 0.31083 0 353.1 -27.248 -0.9975 0.024673 2527 1214 1184.7 0 0
17900 0.79783 0.38958 0.96709 -1.1434 0.33312 0 374.1 -48.925 -1.0119 0.024451 2527 1225 1191.7 0 0
18000 0.80922 0.38296 0.98843 -0.87457 0.32181 0 374.14 -46.338 -1.0263 0.024332 2527 1231 1199.2 0 0
18100 0.83072 0.39594 1.0242 -0.97022 0.32137 0 357.25 -38.758 -1.0406 0.024411 2527 1227 1205.9 0 0
18200 0.81429 0.44912 1.0447 -1.0431 0.31421 0 366.57 -49.247 -1.0548 0.024253 2527 1235 1213 0 0
18300 0.82653 0.45017 1.0107 -0.72808 0.32309 0 365.53 -47.357 -1.0689 0.02402 2527 1247 1220.5 0 0
18400 0.82288 0.41775 0.98191 -0.73314 0.31223 0 348.1 -40.105 -1.0829 0.023924 2527 1252 1228.5 0 0
18500 0.90072 0.47049 1.0435 -1.2737 0.32095 0 343.09 -42.692 -1.0969 0.023659 2527 1266 1236.6 0.012225 0
18600 0.84357 0.41433 1.0273 -0.8743 0.33209 0 362.92 -34.902 -1.1108 0.023585 2527.1 1270 1245 0 0
18700 0.80277 0.43608 0.91688 -1.0643 0.31331 0 344.42 -44.189 -1.1246 0.023456 2527.1 1277 1253.5 0 0
18800 0.79236 0.43297 0.94341 -0.99087 0.3093 0 361.1 -44.331 -1.1383 0.023456 2527.1 1277 1261.8 0 0
18900 0.78204 0.39832 0.89202 -0.86602 0.31629 0 367.59 -45.511 -1.152 0.023382 2527.1 1281 1270.1 0 0
19000 0.82994 0.43182 0.94 -0.85262 0.31838 0 367.97 -39.229 -1.1656 0.023328 2527.2 1284 1278.2 0 0
19100 0.79014 0.41071 0.96408 -1.0327 0.31573 0 381.59 -41.747 -1.1791 0.023255 2527.2 1288 1286.2 0 0
19200 0.7512 0.40314 0.99006 -0.98582 0.30918 0 359.01 -48.391 -1.1925 0.023201 2527.2 1291 1294.4 0 0
19300 0.79071 0.41679 0.9137 -0.79879 0.34069 0 366.99 -40.498 -1.2059 0.02322 2527.3 1290 1302.5 0 0
19400 0.80068 0.43573 1.0093 -1.1737 0.35765 0 375.9 -40.763 -1.2192 0.023148 2527.4 1294 1310.3 0 0
19500 0.84625 0.41023 0.96801 -0.918 0.3346 0 396.63 -33.17 -1.2324 0.023077 2527.4 1298 1317.4 0 0
19600 0.87111 0.43797 1.0011 -1.0337 0.34071 0 386.39 -34.069 -1.2456 0.023094 2527.4 1297 1324.4 0 0
19700 0.89566 0.44083 1.0461 -1.014 0.34228 0 353.48 -32.31 -1.2587 0.023112 2527.5 1296 1331.9 0 0
19800 0.87434 0.44114 1.011 -1.0644 0.30388 0 385.23 -34.14 -1.2717 0.023113 2527.6 1296 1339.2 0 0
19900 0.81755 0.40722 1.0202 -1.2012 0.33165 0 367.3 -35.611 -1.2846 0.023166 2527.6 1293 1346.3 0 0
20000 0.82584 0.39979 1.0196 -1.0476 0.32401 0 367.26 -34.456 -1.2975 0.023077 2527.7 1298 1353.1 0 0
20100 0.81234 0.43498 1.032 -0.87332 0.33205 0 361.13 -37.351 -1.3103 0.023095 2527.8 1297 1360.2 0 0
20200 0.89587 0.37637 1.1133 -0.78123 0.32432 0 339.49 -30.305 -1.323 0.02306 2527.9 1299 1366.2 0 0
20300 0.95307 0.38979 1.1119 -1.0037 0.30403 0 372.42 -24.917 -1.3357 0.022954 2528 1305 1371.9 0 0
20400 0.86476 0.44334 1.0493 -0.94967 0.30619 0 354.84 -34.523 -1.3483 0.023078 2528.1 1298 1378.3 0 0
20500 0.80722 0.45798 1.0482 -0.98864 0.31832 0 365.23 -44.65 -1.3609 0.023024 2528.1 1301 1385.6 0 0
20600 0.91701 0.431 1.0644 -0.78974 0.30504 0 367.87 -26.618 -1.3734 0.023024 2528.2 1301 1392.4 0 0
20700 0.95229 0.41103 1.0196 -0.91626 0.33446 0 350.67 -23.875 -1.3859 0.023024 2528.3 1301 1398.3 0 0
20800 0.91529 0.38006 1.0688 -0.93582 0.33297 0 366.91 -27.03 -1.3982 0.02299 2528.4 1303 1404.1 0 0
20900 0.89827 0.45465 1.0418 -1.0351 0.31563 0 371.33 -33.378 -1.4105 0.023114 2528.5 1296 1411 0 0
21000 0.77827 0.40255 1.0058 -0.96081 0.32662 0 354.84 -42.053 -1.4228 0.023043 2528.6 1300 1417.7 0 0
21100 0.81349 0.46397 1.0459 -1.1123 0.32324 0 376.92 -44.712 -1.435 0.022763 2528.7 1316 1425 0 0
21200 0.7657 0.4291 1.0463 -0.96411 0.31821 0 361.44 -44.677 -1.4471 0.022798 2528.8 1314 1432.2 0 0
21300 0.81426 0.38721 1.0628 -0.86713 0.29745 0 367.72 -36.611 -1.4592 0.022643 2528.9 1323 1439.3 0 0
21400 0.88644 0.40399 1.0585 -0.79401 0.32288 0 374.97 -26.202 -1.4712 0.02266 2529 1322 1446.2 0 0
21500 0.86397 0.44946 1.0215 -1.0828 0.30834 0 364.72 -32.988 -1.4832 0.022643 2529.1 1323 1452.9 0 0
21600 0.78888 0.36708 0.82625 -1.0247 0.33045 0 363.58 -44.009 -1.4951 0.02266 2529.2 1322 1459.6 0 0
21700 0.7807 0.37357 0.91721 -1.1044 0.32618 0 349.4 -44.633 -1.507 0.022575 2529.2 1327 1467 0 0
21800 0.7703 0.31927 0.81693 -1.2759 0.33219 0 364.79 -47.276 -1.5188 0.022423 2529.4 1336 1475.5 0 0
21900 0.78436 0.34455 0.77814 -1.1345 0.35397 0 359.47 -42.09 -1.5305 0.02244 2529.5 1335 1484.5 0 0
22000 0.74005 0.36972 0.84484 -0.92381 0.32723 0 365.09 -48.446 -1.5422 0.022257 2529.6 1346 1493.7 0 0
22100 0.74111 0.39414 0.8236 -0.99148 0.32194 0 367.77 -48.669 -1.5538 0.022175 2529.8 1351 1502.6 0 0
22200 0.82109 0.37242 0.81084 -1.1243 0.33075 0 356.77 -35.011 -1.5654 0.022208 2529.9 1349 1511 0 0
22300 0.83742 0.38441 0.77424 -0.98294 0.30144 0 379.8 -32.495 -1.5769 0.022208 2530 1349 1518.8 0 0
22400 0.8184 0.37382 0.78673 -0.83484 0.31953 0 369.05 -33.88 -1.5884 0.022241 2530.1 1347 1526.1 0 0
22500 0.78314 0.39521 0.82768 -0.93001 0.31886 0 381.43 -38.934 -1.5997 0.022159 2530.3 1352 1533.7 0 0
22600 0.77909 0.38485 0.78144 -1.0595 0.30471 0 346.46 -38.316 -1.6111 0.022159 2530.4 1352 1541.2 0 0
22700 0.79725 0.39737 0.786 -1.094 0.32664 0 356.34 -34.548 -1.6224 0.022045 2530.5 1359 1548.8 0 0
22800 0.78411 0.38559 0.77428 -1.0961 0.32466 0 382.85 -35.9 -1.6337 0.022013 2530.6 1361 1556.4 0 0
22900 0.81683 0.39197 0.81477 -1.0232 0.30715 0 361.25 -31.193 -1.645 0.022013 2530.7 1361 1563.5 0 0
23000 0.76933 0.41254 0.8093 -0.88502 0.3292 0 383.21 -41.353 -1.6562 0.021917 2530.8 1367 1570.3 0 0
23100 0.79213 0.4173 0.76985 -0.83407 0.3075 0 359.63 -35.498 -1.6673 0.021789 2530.8 1375 1579 0 0
23200 0.77789 0.41856 0.83413 -1.1153 0.31924 0 389.92 -38.42 -1.6784 0.021774 2530.9 1376 1587.5 0 0
23300 0.78981 0.46115 0.80554 -1.0894 0.32056 0 361.43 -46.133 -1.6894 0.021663 2531 1383 1595.5 0 0
23400 0.78464 0.39254 0.78514 -1.2626 0.30395 0 363.41 -34.454 -1.7004 0.02157 2531.2 1389 1604.2 0 0
23500 0.76933 0.38924 0.85123 -0.92482 0.33615 0 363.19 -36.249 -1.7113 0.021524 2531.4 1392 1612.5 0 0
23600 0.7381 0.40727 0.83605 -1.1392 0.30946 0 347.93 -44.036 -1.7222 0.021462 2531.5 1396 1620.9 0 0
23700 0.80212 0.40039 0.89232 -0.88713 0.3103 0 371.75 -31.692 -1.733 0.021602 2531.7 1387 1629 0 0
23800 0.79073 0.41437 0.88174 -0.95893 0.3122 0 367.12 -33.577 -1.7437 0.021556 2531.9 1390 1637.2 0 0
23900 0.74035 0.39755 0.85811 -0.90421 0.33904 0 371.01 -40.84 -1.7545 0.021464 2532 1396 1646 0 0
24000 0.73031 0.38884 0.83696 -1.0225 0.311 0 343.96 -42.511 -1.7651 0.021387 2532.2 1401 1654.2 0 0
24100 0.71431 0.43048 0.79831 -0.98512 0.30177 0 365.56 -48.542 -1.7758 0.021326 2532.2 1405 1661.9 0 0
24200 0.73161 0.36894 0.84955 -1.0095 0.30779 0 365.26 -43.186 -1.7865 0.021116 2532.3 1419 1670.5 0 0
24300 0.81817 0.3887 0.83758 -1.0388 0.32335 0 359.64 -29.874 -1.7971 0.020998 2532.3 1427 1678.4 0 0
24400 0.7507 0.3985 0.87933 -0.94174 0.31643 0 358.69 -35.624 -1.8076 0.020983 2532.4 1428 1686.3 0 0
24500 0.7626 0.39502 0.85528 -1.0268 0.31992 0 347.95 -33.398 -1.8181 0.020998 2532.5 1427 1694.3 0 0
24600 0.84951 0.38989 0.95155 -0.90859 0.30824 0 374.93 -28.228 -1.8285 0.021057 2532.6 1423 1701.3 0 0
24700 0.7587 0.3775 0.8631 -1.2959 0.28975 0 364.51 -34.665 -1.8389 0.020969 2532.8 1429 1709.2 0 0
24800 0.74587 0.42119 0.84222 -0.91986 0.30526 0 350.64 -38.609 -1.8493 0.020896 2532.9 1434 1716.8 0 0
24900 0.87116 0.3775 0.91957 -0.83316 0.30178 0 346.04 -27.417 -1.8595 0.020838 2533.2 1438 1724 0 0
25000 0.84003 0.46194 0.92119 -0.84455 0.30972 0 371.88 -38.704 -1.8697 0.020781 2533.5 1442 1731.1 0 0
25100 0.81964 0.43392 0.90355 -1.0517 0.31761 0 347.21 -31.493 -1.8797 0.020695 2533.9 1448 1739.5 0 0
25200 0.77053 0.40892 0.92793 -1.1903 0.30131 0 379.07 -31.224 -1.8898 0.020582 2534.3 1456 1747.8 0 0
25300 0.78844 0.38781 0.86811 -1.1052 0.33058 0 370.44 -29.726 -1.8998 0.020625 2534.6 1453 1755.7 0 0
25400 0.73139 0.3983 0.84619 -1.2293 0.30792 0 372.01 -37.922 -1.9099 0.020486 2534.9 1463 1764 0 0
25500 0.71325 0.40669 0.8899 -1.1409 0.36705 0 374.03 -41.819 -1.9199 0.020514 2535.2 1461 1772.5 0 0
25600 0.70453 0.37178 0.81223 -1.0023 0.33854 0 363.57 -45.783 -1.9298 0.020417 2535.4 1468 1781.6 0 0
25700 0.68087 0.41071 0.75462 -1.2486 0.28987 0 371.04 -48.702 -1.9398 0.020238 2535.5 1481 1791.4 0 0
25800 0.72514 0.41868 0.82565 -1.132 0.32078 0 369.91 -39.122 -1.9497 0.02017 2535.7 1486 1800.6 0 0
25900 0.69825 0.37742 0.8106 -1.0984 0.33795 0 347.5 -43.938 -1.9596 0.020225 2536 1482 1809.6 0 0
26000 0.69851 0.38678 0.84363 -1.1687 0.29065 0 346.58 -42.341 -1.9694 0.02013 2536.1 1489 1819 0 0
26100 0.69487 0.40072 0.81158 -1.1666 0.33966 0 381.03 -42.659 -1.9791 0.02013 2536.5 1489 1828.6 0 0
26200 0.69812 0.41228 0.85965 -1.0403 0.30683 0 349 -42.736 -1.9887 0.020049 2537.1 1495 1837.4 0 0
26300 0.71262 0.40108 0.83126 -1.0846 0.32503 0 363.82 -38.863 -1.9982 0.02005 2537.7 1495 1846.5 0 0
26400 0.63897 0.41775 0.80286 -0.98665 0.332 0 369.69 -49.92 -2.0077 0.019984 2538.2 1500 1855.8 0 0
26500 0.72962 0.45991 0.82264 -0.97068 0.33284 0 374.01 -48.775 -2.0172 0.019826 2538.7 1512 1865.5 0 0
26600 0.63166 0.41266 0.76929 -1.0169 0.31713 0 368.03 -49.397 -2.0266 0.019709 2539.2 1521 1875.3 0 0
26700 0.64711 0.40407 0.81563 -1.1945 0.33274 0 394.98 -45.832 -2.0361 0.019568 2539.7 1532 1885.3 0 0
26800 0.68756 0.42919 0.82125 -1.0472 0.33487 0 398.58 -45.034 -2.0454 0.019494 2540.3 1538 1895.2 0 0
26900 0.70113 0.4324 0.83898 -1.1068 0.32063 0 422.64 -44.468 -2.0548 0.019431 2540.7 1543 1905.2 0 0
27000 0.65919 0.43438 0.77997 -0.8361 0.33075 0 387.67 -45.601 -2.064 0.01933 2541.3 1551 1915.2 0 0
27100 0.63547 0.40397 0.7829 -0.7596 0.31215 0 408.35 -44.595 -2.0732 0.019307 2542 1553 1925.3 0 0
27200 0.66026 0.43567 0.7532 -0.85317 0.32343 0 394.41 -44.445 -2.0823 0.019295 2542.8 1554 1935.4 0 0
27300 0.66032 0.41299 0.77916 -1.1531 0.35158 0 392.62 -40.508 -2.0913 0.019248 2543.7 1558 1945.1 0 0
27400 0.6573 0.42861 0.78261 -1.0354 0.38589 0 385.74 -42.167 -2.1005 0.019247 2544.1 1558 1954.5 0 0
27500 0.61487 0.41073 0.81696 -0.91034 0.31154 0 381.61 -45.989 -2.1095 0.019186 2544.9 1563 1963.9 0 0
27600 0.59896 0.4526 0.75295 -1.1205 0.30943 0 394.91 -49.612 -2.1184 0.019152 2545.8 1566 1973.8 0 0
27700 0.62741 0.40263 0.77094 -0.96776 0.31529 0 397.27 -42.566 -2.1272 0.019141 2546.8 1567 1983.5 0 0
27800 0.62106 0.40365 0.80425 -0.998 0.30415 0 380.37 -42.664 -2.136 0.019094 2547.8 1571 1993.6 0 0
27900 0.65722 0.4267 0.7677 -1.1442 0.31711 0 392.78 -39.971 -2.1443 0.018986 2549.7 1580 2003.4 0 0
28000 0.64399 0.40666 0.78614 -1.1737 0.31911 0 407.37 -39.658 -2.1527 0.019035 2551.3 1576 2013.1 0 0
28100 0.70478 0.43866 0.85216 -1.0756 0.31389 0 364.57 -42.319 -2.1612 0.019015 2552.7 1578 2022.8 0 0
28200 0.75118 0.43704 0.89138 -1.0311 0.31607 0 356.26 -38.334 -2.1698 0.019016 2553.7 1578 2032.6 0 0
28300 0.71039 0.4434 0.84586 -0.88314 0.31812 0 370.45 -41.364 -2.1781 0.01889 2555.3 1589 2042.1 0 0
28400 0.75061 0.46763 0.78778 -0.92233 0.35653 0 409.27 -46.092 -2.1869 0.018795 2555.9 1597 2051.5 0 0
28500 0.72211 0.44089 0.8128 -1.0027 0.29532 0 390.05 -38.46 -2.195 0.018834 2557.7 1594 2061 0 0
28600 0.72464 0.41034 0.81909 -1.166 0.32076 0 400.93 -35.218 -2.2035 0.018846 2558.8 1593 2069.8 0 0
28700 0.79854 0.41937 0.84871 -1.159 0.30823 0 400.06 -29.942 -2.212 0.018954 2559.8 1584 2078.4 0 0
28800 0.76165 0.3956 0.87452 -1.1814 0.32388 0 395.77 -30.706 -2.2195 0.018906 2562.7 1589 2086.3 0 0
28900 0.72724 0.37392 0.8061 -0.84137 0.32267 0 410.59 -36.131 -2.2268 0.018942 2565.9 1586 2095 0 0
29000 0.66797 0.37822 0.75037 -0.96597 0.35203 0 387.04 -38.94 -2.2345 0.01892 2568.3 1588 2104.3 0 0
29100 0.65562 0.39951 0.79117 -1.0844 0.33901 0 391.4 -37.721 -2.2422 0.018912 2570.5 1589 2113.3 0 0
29200 0.63066 0.40582 0.76313 -1.1476 0.29179 0 385.73 -39.784 -2.2497 0.018939 2573.3 1587 2123.2 0 0
29300 0.58879 0.41513 0.7806 -0.98191 0.31609 0 392.76 -46.297 -2.2566 0.018767 2576.9 1602 2133.3 0 0
29400 0.6043 0.39731 0.80532 -1.2531 0.3134 0 396.52 -42.837 -2.2635 0.018736 2580.6 1605 2143.5 0 0
29500 0.64465 0.37006 0.78365 -0.97454 0.3089 0 399.69 -42.526 -2.2699 0.01866 2585.5 1612 2153.5 0 0
29600 0.68048 0.36533 0.7953 -1.0243 0.31851 0 425.72 -40.451 -2.2763 0.018611 2589.9 1617 2163.2 0 0
29700 0.60733 0.38089 0.79388 -1.0466 0.35321 0 358.61 -42.07 -2.2815 0.018557 2596.8 1623 2172.7 0 0
29800 0.64142 0.34286 0.76957 -1.0418 0.34704 0 378.38 -48.683 -2.2874 0.018589 2602.4 1621 2182.7 0 0
29900 0.60881 0.40868 0.77725 -0.93234 0.34789 0 388.78 -40.791 -2.2934 0.018575 2607.6 1623 2192.4 0 0
30000 0.57485 0.38935 0.76434 -0.78321 0.34612 0 360.22 -45.363 -2.2995 0.018543 2612.4 1626 2202.2 0 0
30100 0.59763 0.43091 0.76969 -1.0764 0.31756 0 391.95 -45.008 -2.3061 0.018525 2616.5 1628 2211.7 0 0
30200 0.68004 0.39189 0.72205 -1.2699 0.30861 0 381.79 -35.476 -2.3101 0.01855 2625.1 1627 2221.5 0 0
30300 0.59661 0.38174 0.77628 -1.159 0.32861 0 383.61 -39.881 -2.3126 0.018527 2636.6 1631 2230.6 0 0
30400 0.66689 0.39961 0.80076 -1.2405 0.33979 0 367.41 -35.094 -2.3151 0.018524 2648.1 1634 2240.2 0 0
30500 0.66932 0.36688 0.81658 -1.0893 0.32411 0 355.66 -39.315 -2.3181 0.018465 2658.2 1640 2249.3 0 0
30600 0.66562 0.37722 0.78627 -1.143 0.33616 0 373.26 -36.264 -2.3184 0.018492 2672.1 1636 2258.7 0 0
30700 0.59783 0.41119 0.76106 -1.1695 0.33371 0 380.66 -39.801 -2.3215 0.018478 2682.4 1638 2267.8 0 0
30800 0.65331 0.39753 0.76293 -0.90858 0.34044 0 393.77 -33.83 -2.3159 0.018465 2701.8 1637 2276.8 0 0
30900 0.67622 0.39213 0.78934 -1.0237 0.32016 0 353.1 -33.414 -2.3089 0.018393 2722.6 1647 2285.6 0 0
31000 0.6056 0.41416 0.77817 -0.99476 0.36507 0 387.4 -38.21 -2.301 0.018436 2746.3 1649 2293.9 0 0
31100 0.54384 0.41168 0.76687 -1.099 0.30249 0 390.21 -49.573 -2.272 0.018594 2770.7 1650 2303.2 0 0
31200 0.58395 0.40729 0.78014 -0.93484 0.31341 0 406.97 -39.781 -2.2409 0.018554 2793.6 1650 2312.9 0 0
31300 0.59919 0.43225 0.79158 -1.0949 0.33768 0 406.28 -41.954 -2.2212 0.018536 2816.1 1652 2321.8 0 0
31400 0.59369 0.42257 0.79127 -0.99123 0.33295 0 411.89 -39.592 -2.209 0.018581 2836.2 1650 2331 0 0
31500 0.60484 0.41865 0.81145 -0.91317 0.32779 0 418.57 -37.152 -2.1916 0.018167 2842.7 1651 2339.3 0 0
31600 0.56778 0.40917 0.75011 -0.99123 0.32404 0 377.49 -42.182 -2.1869 0.018128 2863.2 1654 2348.1 0 0
31700 0.60104 0.34129 0.74881 -0.89476 0.33142 0 387.79 -47.621 -2.1929 0.018093 2867.7 1655 2357 0 0
31800 0.66492 0.38556 0.78373 -1.181 0.3188 0 389.15 -32.068 -2.1997 0.018088 2870.5 1656 2365.2 0 0
31900 0.68445 0.38027 0.76894 -0.94228 0.31563 0 394.02 -33.86 -2.2036 0.018089 2879.4 1657 2373.4 0 0
32000 0.59682 0.41153 0.83029 -1.2938 0.30889 0 404 -36.006 -2.1974 0.018161 2902.2 1655 2381.5 0 0
32100 0.7245 0.40311 0.73685 -1.0421 0.31919 0 396.04 -33.497 -2.1917 0.018181 2924.3 1650 2390.1 0 0
32200 0.55427 0.3947 0.73282 -1.1509 0.3405 0 396.87 -45.026 -2.193 0.018125 2938.1 1658 2398.8 0 0
32300 0.62466 0.42778 0.7669 -0.92876 0.33254 0 391.2 -34.582 -2.1983 0.018109 2944 1660 2406.6 0 0
32400 0.66617 0.45332 0.77568 -0.97763 0.32508 0 384.47 -43.312 -2.1965 0.018057 2959.5 1667 2414.7 0 0
32500 0.63251 0.43992 0.72877 -1.0322 0.32752 0 382.91 -37.501 -2.1975 0.018084 2973.9 1667 2422.9 0 0
32600 0.60132 0.36708 0.76137 -1.0684 0.33036 0 387.28 -36.736 -2.1987 0.018062 2987.5 1676 2431.2 0 0
32700 0.66602 0.41101 0.78 -0.95978 0.32983 0 385.75 -31.175 -2.1994 0.018043 3000.1 1679 2439.4 0 0
32800 0.64188 0.4038 0.73283 -1.0325 0.35104 0 372.22 -29.017 -2.2023 0.017975 3010.4 1685 2447.1 0 0
32900 0.66383 0.41104 0.72319 -0.96322 0.34574 0 379.63 -29.978 -2.204 0.017961 3019.5 1688 2455.1 0 0
33000 0.68154 0.44481 0.78882 -0.87184 0.31296 0 376.36 -38.882 -2.2069 0.01793 3030.2 1692 2463.2 0 0
33100 0.66022 0.42557 0.78153 -1.2366 0.30321 0 388.99 -31.385 -2.2103 0.017976 3040 1688 2471.5 0 0
33200 0.69084 0.42637 0.7855 -1.0412 0.3094 0 375.14 -33.053 -2.2141 0.017981 3048.9 1689 2479.1 0 0
33300 0.72133 0.41074 0.71083 -0.95702 0.31111 0 388.16 -32.695 -2.2155 0.017984 3061.6 1690 2486.7 0 0
33400 0.70764 0.40697 0.81818 -1.0983 0.33138 0 400.51 -31.071 -2.219 0.018022 3070.7 1689 2494.5 0 0
33500 0.726 0.41897 0.76295 -0.89579 0.35094 0 385.11 -32.761 -2.2251 0.017995 3074.4 1692 2502 0 0
33600 0.67954 0.39359 0.77877 -1.1928 0.32193 0 365.4 -28.894 -2.2299 0.017973 3080.9 1694 2509.5 0 0
33700 0.67605 0.41029 0.76616 -0.98542 0.31943 0 392.4 -28.502 -2.235 0.017981 3086.6 1694 2517.3 0 0
33800 0.68754 0.35289 0.78748 -0.82766 0.31594 0 384.36 -39.395 -2.2403 0.018053 3092.1 1688 2525.1 0 0
33900 0.72336 0.36969 0.76045 -0.9138 0.32864 0 359.03 -33.815 -2.2456 0.01804 3097.3 1690 2532.6 0 0
34000 0.71949 0.39696 0.76149 -1.0145 0.32081 0 423.81 -29.047 -2.2518 0.018024 3100.6 1692 2540.5 0 0
34100 0.69084 0.41774 0.79799 -1.0278 0.33727 0 386.28 -28.273 -2.256 0.017976 3108.2 1697 2548 0 0
34200 0.61647 0.41423 0.79862 -1.3091 0.33444 0 376.8 -30.346 -2.2626 0.018052 3110.5 1690 2555.8 0 0
34300 0.65074 0.40531 0.81332 -0.9489 0.33044 0 393.47 -27.493 -2.2691 0.017897 3112.9 1705 2563.1 0 0
34400 0.70207 0.40004 0.83798 -0.99871 0.31189 0 358.2 -27.051 -2.2757 0.017764 3115 1718 2570.8 0 0
34500 0.65807 0.40738 0.79628 -1.0316 0.33073 0 387.03 -26.668 -2.2819 0.017725 3118 1722 2578.8 0 0
34600 0.62733 0.36402 0.82307 -1.0071 0.3181 0 390.36 -33.409 -2.2881 0.017791 3120.9 1716 2586.2 0 0
34700 0.68729 0.44309 0.79345 -0.90597 0.32184 0 379.95 -32.316 -2.2943 0.017692 3123.8 1726 2593.8 0 0
34800 0.70086 0.43041 0.89251 -1.0834 0.33163 0 371.47 -29.881 -2.3002 0.017681 3127.2 1728 2601.7 0 0
34900 0.73015 0.4569 0.78147 -1.255 0.34651 0 365.26 -40.288 -2.3062 0.017554 3130.4 1740 2609 0 0
35000 0.73993 0.39158 0.77015 -1.0108 0.34832 0 375.34 -30.479 -2.3107 0.01752 3136.9 1744 2617 0 0
35100 0.68687 0.40082 0.79798 -0.82441 0.34749 0 397.02 -25.268 -2.3167 0.017531 3139.9 1743 2624.3 0 0
35200 0.70343 0.39359 0.76154 -0.80043 0.34211 0 379.59 -26.184 -2.3205 0.017473 3148.1 1750 2631.7 0 0
35300 0.67556 0.37317 0.76677 -0.93408 0.34875 0 373.17 -29.536 -2.3253 0.01745 3153.9 1754 2639.2 0 0
35400 0.68548 0.45142 0.77148 -1.0596 0.35424 0 387.27 -33.673 -2.3298 0.017454 3160.6 1754 2647 0 0
35500 0.70024 0.40065 0.7638 -0.91302 0.31837 0 384.81 -24.851 -2.3341 0.017465 3167.4 1753 2654.7 0 0
35600 0.74578 0.39662 0.77789 -1.0078 0.3504 0 389.35 -29.506 -2.3383 0.017423 3174.4 1759 2662.3 0 0
35700 0.74433 0.43024 0.83843 -1.1895 0.33983 0 386.95 -32.298 -2.3422 0.017422 3182 1760 2670.1 0 0
35800 0.67187 0.44593 0.76814 -1.0858 0.36128 0 380.82 -31.226 -2.3492 0.017442 3182.3 1758 2678.3 0 0
35900 0.69345 0.44282 0.79112 -1.1649 0.34343 0 391.17 -29.948 -2.3561 0.017266 3183.1 1776 2686.5 0 0
36000 0.6695 0.46357 0.76257 -1.2699 0.34261 0 353.78 -36.5 -2.3582 0.017256 3194.5 1779 2694.4 0 0
36100 0.59849 0.46272 0.77875 -1.214 0.35883 0 418.75 -45.699 -2.363 0.017203 3199.9 1786 2702.7 0 0
36200 0.60222 0.45948 0.76401 -1.0532 0.34797 0 393.46 -43.016 -2.3648 0.017152 3211.8 1794 2711.3 0 0
36300 0.75567 0.4645 0.76542 -1.2234 0.35462 0 387.15 -42.056 -2.3696 0.017075 3217.2 1803 2719.7 0 0
36400 0.63966 0.43265 0.77527 -1.263 0.33094 0 398.78 -27.37 -2.375 0.017031 3221.1 1808 2727.5 0 0
36500 0.65404 0.47592 0.7628 -1.1835 0.35393 0 387.88 -38.057 -2.382 0.016993 3221.3 1812 2736.1 1.7514 0
36600 0.65912 0.42434 0.7929 -1.0156 0.32261 0 371.56 -24.526 -2.3887 0.01705 3222.1 1806 2744.4 0 0
36700 0.74509 0.4769 0.76335 -1.0477 0.33767 0 398.25 -45.97 -2.3956 0.016958 3222.5 1816 2752.2 2.3823 0
36800 0.67208 0.44613 0.74925 -1.232 0.33246 0 404.36 -28.055 -2.4026 0.016893 3222.6 1823 2760.2 0 0
36900 0.67244 0.43286 0.80911 -1.1374 0.33824 0 380.27 -25.675 -2.4095 0.016737 3222.7 1840 2768.5 0 0
37000 0.68745 0.42226 0.81529 -1.0872 0.34241 0 379.83 -23.824 -2.4164 0.016692 3222.8 1845 2775.8 0 0
37100 0.71506 0.45728 0.8249 -1.0653 0.36163 0 399.93 -33.447 -2.423 0.016657 3223.8 1849 2783.9 0 0
37200 0.72874 0.41073 0.78689 -1.1888 0.33942 0 378.25 -26.859 -2.4293 0.016657 3225.3 1849 2792 0 0
37300 0.75265 0.41029 0.82731 -0.97808 0.33952 0 379.57 -28.366 -2.4361 0.016639 3225.6 1851 2799.4 0 0
37400 0.74959 0.38075 0.81393 -0.989 0.36294 0 374.65 -29.232 -2.4419 0.016626 3228.1 1853 2806.8 0 0
37500 0.73067 0.41867 0.77657 -1.1527 0.37213 0 372.1 -26.44 -2.4469 0.016667 3232.5 1849 2814.3 0 0
37600 0.73491 0.40022 0.7799 -1.031 0.33172 0 377.04 -25.719 -2.4529 0.016663 3234.4 1850 2821.7 0 0
37700 0.75653 0.3893 0.68683 -1.2755 0.33117 0 377.22 -27.353 -2.4592 0.016691 3235.8 1847 2828.8 0 0
37800 0.81788 0.43817 0.84204 -1.1184 0.33454 0 396.5 -31.818 -2.4656 0.016629 3236.8 1854 2836.2 0 0
37900 0.79765 0.41623 0.9624 -0.9856 0.34952 0 403.21 -28.058 -2.4724 0.016584 3236.9 1859 2843.9 0 0
38000 0.82029 0.40493 0.79472 -1.2159 0.33331 0 394.58 -26.748 -2.4791 0.016522 3237 1866 2851.3 0 0
38100 0.77844 0.46427 0.8617 -1.155 0.34194 0 372.79 -40.77 -2.4859 0.016461 3237.1 1873 2859.6 0 0
38200 0.75352 0.43751 0.83544 -1.1762 0.35604 0 378.52 -29.58 -2.4922 0.016452 3238 1874 2867.5 0 0
38300 0.76709 0.4573 0.88343 -1.0676 0.33057 0 414.74 -35.431 -2.4989 0.016453 3238.3 1874 2875.3 0 0
38400 0.75109 0.42707 0.87968 -1.3424 0.32022 0 391.78 -26.433 -2.5056 0.016331 3238.3 1888 2883.1 0 0
38500 0.80136 0.42372 0.842 -1.0879 0.35868 0 389.58 -26.423 -2.5122 0.016253 3238.4 1897 2890.5 0 0
38600 0.75528 0.43064 0.88249 -1.0931 0.34708 0 376.66 -25.574 -2.5188 0.016228 3238.6 1900 2897.7 0 0
38700 0.78494 0.42796 0.93513 -1.4319 0.30459 0 399.94 -25.687 -2.5255 0.016228 3238.6 1900 2905.4 0 0
38800 0.80141 0.40571 0.95842 -1.2283 0.34491 0 394.59 -24.65 -2.5321 0.016126 3238.8 1912 2912.6 0 0
38900 0.75345 0.41604 0.92773 -1.0705 0.33785 0 374.67 -22.867 -2.5384 0.01611 3239.5 1914 2919.8 0 0
39000 0.73861 0.42173 0.88087 -1.0622 0.30852 0 383.46 -23.209 -2.5448 0.016094 3240.2 1916 2926.8 0 0
39100 0.75539 0.43533 0.90573 -1.1531 0.32325 0 388.87 -24.968 -2.551 0.016078 3241 1918 2933.9 0 0
39200 0.78421 0.42183 0.93209 -1.0748 0.3274 0 381.74 -22.519 -2.5554 0.016109 3246.3 1915 2941.5 0 0
39300 0.78208 0.37945 0.99482 -0.96118 0.3554 0 391.73 -24.375 -2.5543 0.016116 3263.4 1917 2948.7 0 0
39400 0.81968 0.39065 1.0176 -1.0222 0.35665 0 399.87 -24.25 -2.5551 0.016069 3276.6 1924 2955.8 0 0
39500 0.73751 0.40159 0.95335 -1.2471 0.35324 0 389.82 -22.082 -2.559 0.01607 3282.7 1924 2962.9 0 0
39600 0.83379 0.40175 0.99069 -1.211 0.35794 0 389.42 -25.414 -2.5609 0.016085 3293.2 1924 2970.1 0 0
39700 0.79589 0.39633 0.98496 -1.1652 0.33609 0 387.15 -21.232 -2.5621 0.01607 3305.4 1927 2976.8 0 0
39800 0.78969 0.4061 0.90374 -1.0096 0.36157 0 402.22 -19.549 -2.56 0.016108 3325 1924 2983.6 0 0
39900 0.75144 0.42756 0.94788 -0.79337 0.3517 0 404.23 -21.318 -2.5583 0.016123 3343.4 1925 2990.5 0 0
40000 0.76287 0.38733 0.94891 -0.90332 0.31125 0 388.29 -21.036 -2.5573 0.016129 3360.4 1926 2997.3 0 0
40100 0.79884 0.40608 0.96245 -1.1501 0.35006 0 385.82 -19.475 -2.5526 0.016142 3385.5 1928 3004.2 0 0
40200 0.81803 0.393 0.89968 -1.0848 0.35453 0 397.16 -22.626 -2.5493 0.016184 3406.8 1925 3011.1 0 0
40300 0.84713 0.40432 0.84383 -1.0594 0.33591 0 383.79 -25.449 -2.5531 0.016199 3412.8 1924 3017.8 0 0
40400 0.8278 0.45088 0.90058 -1.1069 0.32409 0 395.9 -31.931 -2.559 0.016113 3414 1935 3024.9 0 0
40500 0.85152 0.43391 0.91518 -1.3427 0.37712 0 397.69 -28.814 -2.5589 0.016123 3428.4 1937 3032.1 0 0
40600 0.80438 0.38502 0.94915 -1.1346 0.34023 0 391.32 -20.514 -2.5565 0.016138 3448.2 1938 3039.2 0 0
40700 0.84505 0.40642 0.86967 -1.1224 0.33473 0 388.48 -22.879 -2.5556 0.01613 3464.2 1942 3046 0 0
40800 0.83102 0.4346 0.90159 -1.1077 0.32716 0 396.96 -24.994 -2.5571 0.016124 3475 1944 3053.4 0 0
40900 0.80839 0.44166 0.8819 -1.1578 0.34313 0 391.75 -23.826 -2.5609 0.016157 3481 1941 3060.8 0 0
41000 0.81493 0.44949 0.9575 -1.0813 0.35008 0 381.02 -26.789 -2.5664 0.016151 3483.1 1942 3067.7 0 0
41100 0.72501 0.42156 0.89061 -0.98211 0.33072 0 360.94 -23.381 -2.5722 0.016118 3484.2 1946 3074.5 0 0
41200 0.77299 0.40947 0.95815 -1.1726 0.32812 0 367.12 -17.307 -2.5784 0.016061 3484.5 1953 3081.4 0 0
41300 0.80326 0.37459 0.87261 -1.169 0.33399 0 380.72 -20.557 -2.5846 0.015995 3484.7 1961 3087.9 0 0
41400 0.73442 0.36474 0.86697 -1.1077 0.31101 0 381.09 -27.999 -2.5904 0.015963 3485.8 1965 3094.6 0 0
41500 0.73121 0.34367 0.89226 -1.057 0.32818 0 391.15 -35.961 -2.5961 0.015915 3487.2 1971 3102.3 0 0
41600 0.73967 0.35424 0.89419 -1.1786 0.3383 0 359.66 -28.89 -2.6017 0.015957 3488.6 1966 3109.8 0 0
41700 0.71471 0.38429 0.90003 -1.0768 0.3414 0 368.11 -23.892 -2.6072 0.015958 3490.4 1966 3118.1 0 0
41800 0.77391 0.36623 0.93086 -1.1774 0.29915 0 404.4 -22.694 -2.6105 0.015928 3497.6 1972 3125.4 0 0
41900 0.76274 0.37339 0.93147 -1.1253 0.31157 0 398.01 -20.315 -2.6139 0.015958 3504.8 1968 3132.4 0 0
42000 0.81279 0.3917 0.90787 -1.4661 0.32522 0 397.35 -19.398 -2.6153 0.015917 3514.5 1973 3139.7 0 0
42100 0.76002 0.38836 0.89755 -1.1988 0.33697 0 388.09 -17.069 -2.6195 0.015947 3519.4 1970 3146.2 0 0
42200 0.79105 0.4196 0.88791 -0.89371 0.31729 0 387.47 -17.151 -2.6231 0.015933 3526.1 1972 3152.6 0 0
42300 0.85825 0.41441 0.90182 -1.2906 0.32645 0 386.62 -24.168 -2.6226 0.015958 3542.5 1972 3159.1 0 0
42400 0.88188 0.39477 0.93651 -0.98283 0.33037 0 383.42 -25.486 -2.6227 0.015992 3557.3 1971 3165.6 0 0
42500 0.83186 0.39067 0.89573 -1.1389 0.31802 0 372.7 -19.096 -2.6266 0.016007 3563 1969 3172.2 0 0
42600 0.85071 0.36307 1.0585 -1.3292 0.30926 0 359.46 -18.421 -2.6292 0.016005 3571.4 1970 3179 0 0
42700 0.82419 0.36929 0.88612 -1.1263 0.33179 0 388.78 -19.01 -2.6344 0.016013 3573.8 1969 3185.5 0 0
42800 0.78472 0.39088 0.96979 -1.1988 0.35 0 380.33 -16.399 -2.6393 0.015957 3576.6 1976 3192 0 0
42900 0.83713 0.38529 0.89784 -1.2486 0.33434 0 384.26 -18.385 -2.6439 0.015912 3580.4 1982 3198.5 0 0
43000 0.84985 0.42006 0.95537 -1.1837 0.35648 0 385.9 -21.776 -2.6467 0.015912 3588.4 1981 3204.7 0 0
43100 0.86297 0.38427 0.87969 -1.2135 0.31358 0 373.33 -20.699 -2.6453 0.01587 3606.8 1986 3211.9 0 0
43200 0.85494 0.38086 0.95662 -1.1174 0.32801 0 388.61 -18.826 -2.6453 0.015826 3621.5 1990 3218.3 0 0
43300 0.81264 0.38708 0.90404 -1.2379 0.30999 0 381.43 -15.85 -2.6406 0.015824 3645.1 1992 3224.7 0 0
43400 0.84862 0.41202 0.85479 -1.1437 0.33062 0 394.85 -19.478 -2.6348 0.01585 3672.3 2003 3231.1 0 0
43500 0.88325 0.38276 0.99177 -1.3555 0.33882 0 374.86 -21.724 -2.6314 0.01587 3694.7 1998 3237.8 0 0
43600 0.92499 0.38836 0.99196 -1.3209 0.32043 0 383.81 -23.286 -2.6264 0.01589 3719.8 1999 3244.3 0 0
43700 0.90255 0.40147 0.86286 -1.241 0.31932 0 392.79 -22.863 -2.6197 0.015872 3748.1 1998 3250.6 0 0
43800 0.72736 0.38633 0.77914 -1.2233 0.30757 0 400.16 -20.468 -2.6161 0.015873 3771.2 1997 3257 0 0
43900 0.74588 0.37522 0.75694 -0.95266 0.32185 0 366.19 -19.844 -2.6062 0.015874 3805.5 1997 3263.5 0 0
44000 0.69942 0.35222 0.73837 -1.0798 0.31078 0 383.38 -33.08 -2.595 0.015922 3841.5 2002 3270.6 0 0
44100 0.67745 0.37237 0.74668 -1.0102 0.3081 0 394.04 -27.591 -2.5813 0.01594 3879.6 2007 3278.3 0 0
44200 0.64507 0.38716 0.78344 -1.3448 0.33396 0 375.66 -26.073 -2.566 0.016005 3919.9 2008 3286 0 0
44300 0.62185 0.3891 0.81326 -1.0477 0.32743 0 378.52 -27.751 -2.5525 0.016074 3958 2013 3292.9 0 0
44400 0.6856 0.36425 0.75818 -1.2568 0.33746 0 375.13 -28.241 -2.5413 0.016145 3993.4 2017 3299.5 0 0
44500 0.70854 0.35434 0.7645 -0.97582 0.34069 0 380.52 -29.34 -2.5264 0.016079 4033.5 2015 3307 0 0
44600 0.63793 0.38048 0.74903 -1.1805 0.33503 0 380.23 -27.205 -2.5149 0.016107 4070 2023 3314.3 0 0
44700 0.67263 0.38923 0.7999 -1.254 0.34434 0 378.61 -22.842 -2.5022 0.016101 4110 2026 3321.7 0 0
44800 0.68836 0.38306 0.78716 -1.0474 0.31331 0 376.24 -22.661 -2.4872 0.016126 4148.4 2024 3328.6 0 0
44900 0.68042 0.32467 0.74482 -1.0171 0.34171 0 380.97 -44.112 -2.4755 0.016125 4182.3 2029 3336.4 0 0
45000 0.69169 0.33881 0.72697 -1.071 0.31456 0 359.25 -34.926 -2.4629 0.016122 4219.2 2036 3344.8 0 0
45100 0.67233 0.31675 0.79587 -1.0877 0.31449 0 365.9 -45.552 -2.4531 0.016063 4253 2049 3353.6 0 0
45200 0.65893 0.31331 0.7858 -1.0233 0.32761 0 390.59 -47.133 -2.4408 0.016124 4290.3 2044 3361.7 0 0
45300 0.69315 0.31531 0.78335 -1.0265 0.31799 0 394.29 -42.382 -2.4319 0.016117 4323 2049 3369.6 0 0
45400 0.7138 0.33057 0.75076 -0.95059 0.30455 0 407.29 -34.627 -2.4209 0.016139 4355.7 2049 3377.2 0 0
45500 0.65813 0.36458 0.76084 -1.267 0.32547 0 386.07 -27.4 -2.4121 0.016272 4385.3 2048 3384.7 0 0
45600 0.61408 0.34453 0.82665 -1.3212 0.35901 0 405.18 -40.79 -2.3998 0.016334 4416.6 2048 3391.9 0 0
45700 0.69601 0.352 0.76027 -0.98353 0.30268 0 402.42 -26.876 -2.3839 0.016374 4453.7 2048 3398.5 0 0
45800 0.73443 0.32533 0.78711 -1.2227 0.30918 0 405.5 -34.678 -2.3709 0.016447 4489.2 2046 3405.6 0 0
45900 0.64201 0.32206 0.76038 -1.1939 0.31593 0 413.67 -44.407 -2.3559 0.016562 4525.5 2043 3412.6 0 0
46000 0.72514 0.34495 0.90157 -1.1612 0.3319 0 401.61 -27.57 -2.3468 0.01661 4552.5 2046 3419.1 0 0
46100 0.71257 0.37823 0.82426 -1.3814 0.33815 0 393.4 -21.32 -2.3304 0.016601 4596.3 2051 3425.6 0 0
46200 0.66308 0.40305 0.79221 -1.4137 0.34469 0 410.99 -22.16 -2.3088 0.016611 4637.1 2052 3432.6 0 0
46300 0.66708 0.38388 0.77961 -1.2787 0.31868 0 409.15 -22.32 -2.2859 0.01653 4681.3 2046 3439.4 0 0
46400 0.70265 0.37843 0.74888 -1.5275 0.30869 0 396.45 -21.703 -2.2643 0.016588 4728.1 2045 3445.6 0 0
46500 0.68681 0.39124 0.76908 -1.2223 0.30198 0 406.2 -21.402 -2.2469 0.016615 4768.1 2047 3451.4 0 0
46600 0.70896 0.33943 0.77088 -1.1968 0.30894 0 366.01 -28.044 -2.2354 0.016691 4801.9 2047 3457.2 0 0
46700 0.73291 0.37005 0.76152 -1.402 0.32509 0 399.78 -20.901 -2.2199 0.016778 4836.9 2047 3462.9 0 0
46800 0.71132 0.39215 0.73212 -1.3632 0.32827 0 384.96 -20.285 -2.2143 0.016826 4858.8 2049 3468.3 0 0
46900 0.70557 0.37651 0.77789 -1.1175 0.31218 0 371.48 -19.912 -2.2127 0.016822 4880.7 2052 3473.6 0 0
47000 0.64742 0.38664 0.81879 -1.1953 0.33182 0 377.32 -22.808 -2.2071 0.016825 4904.7 2051 3479.1 0 0
47100 0.64816 0.35936 0.79019 -1.241 0.3286 0 402.25 -25.774 -2.2055 0.01688 4924.4 2046 3485.5 0 0
47200 0.62577 0.37928 0.79492 -1.2534 0.3313 0 383.92 -26.567 -2.2031 0.016839 4944.7 2055 3491.6 0 0
47300 0.67412 0.40072 0.766 -1.5201 0.29813 0 383.35 -20.674 -2.1977 0.016807 4971.4 2060 3497.8 0 0
47400 0.6466 0.37627 0.71381 -1.1167 0.3125 0 378.02 -22.574 -2.1831 0.016813 5006.8 2064 3504.3 0 0
47500 0.73681 0.36852 0.74738 -1.1524 0.31764 0 390.38 -20.114 -2.1742 0.016784 5041 2058 3510.2 0 0
47600 0.73711 0.38312 0.71423 -1.083 0.30157 0 373.36 -18.514 -2.161 0.016819 5079.5 2061 3515.4 0 0
47700 0.70345 0.3455 0.76535 -1.3396 0.32149 0 388.92 -25.165 -2.1534 0.016912 5108.1 2060 3520.7 0 0
47800 0.65992 0.36741 0.76871 -1.3843 0.31846 0 375.13 -21.434 -2.1334 0.016926 5152.7 2060 3526.4 0 0
47900 0.69399 0.35584 0.79382 -1.4307 0.31225 0 388.47 -22.07 -2.1266 0.016995 5185 2064 3532 0 0
48000 0.68846 0.3837 0.78346 -1.2177 0.31325 0 365.73 -18.17 -2.12 0.017015 5210.3 2065 3537.4 0 0
48100 0.68453 0.36617 0.75333 -1.251 0.31632 0 384.95 -19.597 -2.1054 0.017126 5248.7 2066 3543 0 0
48200 0.62615 0.3866 0.81118 -1.1384 0.32135 0 362.47 -24.504 -2.0971 0.017062 5277 2070 3548.8 0 0
48300 0.69871 0.33784 0.76848 -1.078 0.32547 0 366.61 -27.095 -2.0819 0.017062 5311.9 2077 3554.1 0 0
48400 0.66367 0.35341 0.77579 -1.1706 0.32466 0 367.69 -23.03 -2.0742 0.017146 5339 2085 3559.9 0 0
48500 0.69969 0.35969 0.78268 -1.3495 0.33261 0 402.83 -20.617 -2.0758 0.017085 5347.2 2093 3566 0 0
48600 0.69806 0.33816 0.78782 -1.0551 0.34953 0 409.13 -26.545 -2.0779 0.017052 5354.8 2098 3571.7 0 0
48700 0.70827 0.41125 0.85601 -0.98323 0.31188 0 405.54 -20.599 -2.0821 0.017002 5358.7 2105 3576.7 0 0
48800 0.70507 0.42196 0.7821 -1.2143 0.30832 0 384.95 -22.192 -2.0873 0.016994 5359 2106 3581.7 0 0
48900 0.67263 0.41105 0.76226 -1.3239 0.31669 0 403.95 -20.068 -2.0926 0.01697 5359.3 2109 3586.8 0 0
49000 0.66565 0.45313 0.76861 -1.1442 0.32082 0 373.61 -29.884 -2.097 0.016923 5362.4 2115 3591.9 0 0
49100 0.69208 0.42787 0.79609 -1.1012 0.32318 0 376.22 -22.068 -2.0949 0.016943 5376.6 2115 3597 0 0
49200 0.69916 0.4153 0.78248 -0.91966 0.34084 0 380.43 -19.452 -2.0955 0.016942 5389.1 2119 3602 0 0
49300 0.66281 0.42529 0.79357 -0.98698 0.32024 0 371.52 -22.238 -2.0996 0.016971 5393.1 2116 3607 0 0
49400 0.67195 0.45598 0.76651 -1.0298 0.31193 0 405.81 -29.913 -2.1036 0.016957 5396.9 2118 3612.6 0 0
49500 0.72039 0.4311 0.76876 -1.2713 0.32164 0 344.65 -22.066 -2.1029 0.016958 5410 2120 3617.9 0 0
49600 0.72376 0.44001 0.75498 -0.93009 0.31973 0 366.56 -24.413 -2.0998 0.017014 5432 2114 3623 0 0
49700 0.64148 0.40314 0.76095 -1.2989 0.31563 0 359.23 -22.11 -2.0885 0.017254 5456.7 2119 3627.9 0 0
49800 0.71783 0.39909 0.76267 -1.0494 0.30316 0 370.78 -17.24 -2.0812 0.017376 5481.1 2117 3632.5 0 0
49900 0.71225 0.35857 0.74625 -1.0927 0.34501 0 367.03 -21.274 -2.0837 0.01738 5490.2 2117 3637.1 0 0
50000 0.69606 0.39874 0.75953 -1.0899 0.32467 0 408.24 -16.441 -2.0883 0.017349 5492.2 2121 3641.7 0 0
50100 0.67605 0.41359 0.78887 -1.2586 0.31125 0 384.31 -18.15 -2.093 0.017333 5493.7 2123 3646.3 0 0
50200 0.68296 0.40785 0.77587 -1.0748 0.30017 0 379.49 -17.05 -2.0969 0.017305 5497.7 2126 3651.1 0 0
50300 0.72612 0.40178 0.78947 -1.3754 0.30847 0 380.53 -16.675 -2.0829 0.017153 5528.1 2127 3655.7 0 0
50400 0.68822 0.41956 0.74366 -1.1839 0.36116 0 369.22 -18.006 -2.0591 0.017217 5556.2 2126 3660.4 0 0
50500 0.68473 0.43471 0.77264 -1.1728 0.32663 0 373.15 -21.274 -2.031 0.017337 5579 2130 3665.3 0 0
50600 0.66642 0.42858 0.75702 -1.2187 0.31725 0 354.1 -21.077 -1.9988 0.017671 5592.2 2130 3669.9 0 0
50700 0.66938 0.42205 0.75923 -1.028 0.32076 0 356.36 -18.941 -1.9844 0.017729 5620 2130 3674.7 0 0
50800 0.6391 0.42222 0.79388 -1.1526 0.34218 0 358.77 -23.613 -1.9624 0.017433 5640.8 2129 3679.3 0 0
50900 0.65178 0.43497 0.78687 -1.2401 0.33121 0 370.3 -23.323 -1.9309 0.017362 5647 2129 3684.3 0 0
51000 0.63748 0.4331 0.81461 -1.0545 0.32295 0 380.2 -25.499 -1.9291 0.017401 5663.6 2126 3689 0 0
51100 0.70596 0.39895 0.78996 -1.0359 0.3068 0 365.37 -15.791 -1.9218 0.017439 5689.3 2125 3693.8 0 0
51200 0.66769 0.39593 0.78501 -1.1018 0.31063 0 367.43 -16.632 -1.9042 0.017487 5715.2 2128 3698 0 0
51300 0.70022 0.44443 0.77621 -1.1509 0.31649 0 399.5 -23.156 -1.9021 0.01751 5731.9 2124 3702.1 0 0
51400 0.6515 0.39201 0.78307 -1.0123 0.34891 0 383.03 -18.663 -1.8923 0.017497 5750.6 2126 3706.3 0 0
51500 0.73465 0.40369 0.7666 -1.0343 0.30449 0 373.62 -16.187 -1.8659 0.017762 5765.3 2128 3710.4 0 0
51600 0.63653 0.4366 0.79276 -1.3863 0.30993 0 398.42 -26.274 -1.8373 0.01781 5802.8 2130 3714.6 0 0
51700 0.59772 0.45889 0.79502 -1.2169 0.32641 0 378.65 -41.914 -1.8137 0.017877 5825.6 2130 3718.9 0 0
51800 0.69873 0.3911 0.77939 -1.0279 0.32255 0 397.8 -15.289 -1.7863 0.017968 5847.6 2132 3723.2 0 0
51900 0.65301 0.40898 0.78282 -1.0768 0.32333 0 384.04 -17.953 -1.7735 0.017982 5874.2 2133 3727.4 0 0
52000 0.69191 0.4281 0.80446 -1.0262 0.32691 0 395.93 -17.131 -1.7652 0.01802 5888.5 2133 3731.1 0 0
52100 0.68001 0.45796 0.75945 -1.3289 0.338 0 403.21 -27.057 -1.7592 0.01805 5901.1 2134 3735.3 0 0
52200 0.69708 0.45746 0.77419 -1.1039 0.35135 0 390.36 -27.058 -1.7513 0.018236 5920.6 2137 3739.7 0 0
52300 0.64601 0.45198 0.7746 -1.2738 0.32075 0 405.06 -28.059 -1.7313 0.018304 5945.6 2139 3743.8 0 0
52400 0.65351 0.40986 0.79371 -1.0922 0.33 0 423.09 -17.457 -1.7078 0.018089 5967.5 2140 3748.3 0 0
52500 0.6977 0.47322 0.76728 -1.15 0.3325 0 393.83 -33.322 -1.6943 0.018094 5986.8 2145 3752.6 0.51882 0
52600 0.66443 0.41435 0.81588 -1.2525 0.32913 0 370.88 -15.708 -1.6863 0.018123 6007.1 2145 3756.5 0 0
52700 0.64753 0.39872 0.80491 -1.1845 0.32258 0 361.43 -18.152 -1.6815 0.018152 6024 2148 3760.1 0 0
52800 0.67335 0.3807 0.76723 -1.2882 0.3495 0 372.89 -16.437 -1.682 0.018106 6038.7 2151 3763.7 0 0
52900 0.66515 0.40578 0.78571 -1.0701 0.32975 0 399.34 -15.153 -1.6799 0.018148 6055.6 2149 3767.2 0 0
53000 0.6903 0.40796 0.80221 -1.2328 0.31573 0 401.59 -13.729 -1.6743 0.01814 6078.5 2152 3771 0 0
53100 0.65095 0.4254 0.77787 -1.2471 0.3414 0 387.45 -18.328 -1.6682 0.018168 6106.7 2153 3774.8 0 0
53200 0.6124 0.41553 0.80489 -0.9291 0.30653 0 394.48 -27.109 -1.6651 0.018211 6131.1 2154 3778.4 0 0
53300 0.68212 0.44212 0.79856 -1.3183 0.32781 0 402.91 -19.265 -1.665 0.018199 6149.9 2155 3782.2 0 0
53400 0.66383 0.4044 0.8194 -1.0256 0.3172 0 382.81 -14.7 -1.6668 0.018192 6162.8 2156 3786.1 0 0
53500 0.68047 0.39085 0.81013 -1.2085 0.31088 0 385.81 -14.665 -1.6629 0.018209 6184.2 2157 3789.8 0 0
53600 0.60111 0.4341 0.82166 -1.4323 0.36259 0 380.21 -33.01 -1.6576 0.018224 6219.2 2157 3794 0 0
53700 0.6315 0.39342 0.7621 -1.1973 0.34713 0 387.27 -21.526 -1.6533 0.018248 6256.1 2158 3798.3 0 0
53800 0.62974 0.42477 0.79109 -1.4427 0.35692 0 355.82 -21.572 -1.6444 0.018307 6296.4 2160 3802.3 0 0
53900 0.61063 0.39286 0.79821 -1.2685 0.314 0 386.58 -27.005 -1.6343 0.018248 6351.7 2158 3806 0 0
54000 0.66495 0.39604 0.81132 -1.0194 0.29674 0 364.98 -14.646 -1.6199 0.018299 6411.7 2163 3809.7 0 0
54100 0.68311 0.38551 0.81754 -1.2002 0.3486 0 384.69 -14.849 -1.6065 0.018338 6465.5 2164 3813.1 0 0
54200 0.68346 0.4041 0.76122 -0.85891 0.32282 0 397.48 -13.33 -1.592 0.018369 6524.4 2168 3816.4 0 0
54300 0.65272 0.43772 0.80091 -1.0981 0.30627 0 378.22 -19.429 -1.5724 0.0184 6582.8 2172 3820 0 0
54400 0.72627 0.45245 0.77011 -1.2883 0.33355 0 382.94 -25.936 -1.5645 0.01836 6626 2169 3823.8 0 0
54500 0.67945 0.40726 0.81697 -1.2054 0.32451 0 371.66 -13.092 -1.5513 0.018435 6674.2 2167 3827.6 0 0
54600 0.7257 0.38968 0.76406 -1.2705 0.3049 0 363.65 -15.841 -1.543 0.018517 6714.1 2171 3831.4 0 0
54700 0.64347 0.41906 0.80865 -1.3595 0.321 0 381.38 -17.824 -1.5267 0.018587 6761 2175 3835.3 0 0
54800 0.6758 0.4528 0.8087 -1.2702 0.36781 0 401.62 -21.797 -1.5011 0.01857 6796.5 2174 3838.8 0 0
54900 0.70813 0.41584 0.77694 -1.2325 0.32352 0 407.42 -14.08 -1.4749 0.018614 6821.8 2176 3842.5 0 0
55000 0.64546 0.45384 0.81746 -1.0665 0.34538 0 399.75 -25.643 -1.4485 0.01858 6856.8 2178 3846 0 0
55100 0.64467 0.41563 0.76503 -1.3804 0.33875 0 412.38 -17.244 -1.4208 0.018649 6896.9 2180 3849.5 0 0
55200 0.73591 0.42467 0.78691 -1.0665 0.35215 0 394.29 -18.019 -1.3974 0.018673 6934.8 2175 3852.7 0 0
55300 0.66507 0.39344 0.79984 -0.87943 0.33831 0 389.1 -14.626 -1.3718 0.018668 6972.8 2174 3855.8 0 0
55400 0.72108 0.36069 0.77392 -1.2432 0.32138 0 397.83 -21.345 -1.351 0.018714 7019.1 2175 3858.7 0 0
55500 0.70216 0.42304 0.78136 -1.0254 0.32147 0 377.6 -14.177 -1.3432 0.018659 7053 2172 3861.8 0 0
55600 0.68901 0.41652 0.77669 -0.96808 0.35046 0 392.8 -12.855 -1.323 0.018685 7077 2173 3864.8 0 0
55700 0.64822 0.43671 0.79076 -1.3935 0.35657 0 373 -19.251 -1.2949 0.018677 7073.6 2177 3867.7 0 0
55800 0.70308 0.40373 0.81555 -1.2456 0.3042 0 379.95 -12.429 -1.2691 0.018729 7100.6 2177 3870.9 0 0
55900 0.64653 0.4248 0.80355 -1.2572 0.33639 0 346.39 -16.582 -1.2489 0.018789 7135.6 2176 3874 0 0
56000 0.62618 0.41103 0.8147 -1.2505 0.30552 0 355.79 -20.787 -1.2226 0.018942 7180.5 2179 3877 0 0
56100 0.66685 0.40602 0.80968 -1.2946 0.32933 0 368.37 -12.632 -1.2036 0.019267 7223.7 2181 3879.9 0 0
56200 0.69213 0.44034 0.82549 -1.3564 0.33726 0 389.33 -17.141 -1.1886 0.019157 7267.5 2180 3882.9 0 0
56300 0.66234 0.46935 0.81501 -1.2428 0.31194 0 387.95 -29.42 -1.1765 0.019248 7312.7 2183 3886.1 0 0
56400 0.65321 0.45982 0.79315 -1.4204 0.30675 0 384.65 -25.612 -1.1749 0.01925 7339.5 2184 3889.4 0 0
56500 0.63954 0.43028 0.8094 -1.3281 0.33064 0 362.28 -18.715 -1.1785 0.01924 7344.7 2187 3892.4 0 0
56600 0.71204 0.45115 0.73862 -1.1239 0.33645 0 388.17 -21.608 -1.182 0.019124 7349.7 2194 3895.5 0 0
56700 0.64541 0.45628 0.79398 -1.3368 0.31339 0 358.22 -25.162 -1.1836 0.019075 7361.8 2199 3898.7 0 0
56800 0.68239 0.47236 0.79177 -1.1442 0.33121 0 352.77 -29.354 -1.1823 0.019076 7389.4 2200 3901.7 0.27964 0
56900 0.74051 0.40875 0.78081 -1.479 0.31927 0 368.83 -16.711 -1.1794 0.019079 7419.6 2204 3904.5 0 0
57000 0.66133 0.4072 0.75515 -1.2356 0.31897 0 370.91 -12.864 -1.1758 0.019019 7450.1 2212 3907.2 0 0
57100 0.71723 0.38833 0.77697 -1.1725 0.33647 0 386.69 -14.646 -1.1755 0.018969 7472.9 2217 3910 0 0
57200 0.695 0.42231 0.80842 -1.389 0.31711 0 371.12 -12.369 -1.1756 0.018933 7493.4 2224 3913.1 0 0
57300 0.72447 0.44359 0.75696 -1.3218 0.3264 0 381.49 -19.943 -1.1777 0.018903 7506.2 2228 3916.3 0 0
57400 0.69341 0.42963 0.77701 -1.3461 0.31953 0 381.47 -13.239 -1.1776 0.018848 7527.7 2230 3919.4 0 0
57500 0.77617 0.46777 0.78938 -1.4203 0.32978 0 358.25 -35.369 -1.1808 0.018884 7534.4 2229 3922.4 0 0
57600 0.75062 0.45649 0.82468 -1.4007 0.31174 0 383.7 -28.124 -1.1846 0.018825 7538 2236 3925.5 0 0
57700 0.76953 0.41732 0.76804 -1.3276 0.33492 0 378.2 -18.296 -1.1887 0.018788 7540.7 2241 3928.7 0 0
57800 0.75911 0.41132 0.77457 -1.2602 0.31995 0 358.63 -17.236 -1.1923 0.018771 7544.7 2241 3931.9 0 0
57900 0.74707 0.43966 0.79372 -1.3918 0.31591 0 387 -20.658 -1.1948 0.018741 7554 2245 3935.2 0 0
58000 0.78041 0.42134 0.80553 -0.99671 0.32184 0 394.6 -18.462 -1.1976 0.018705 7562.7 2249 3938.3 0 0
58100 0.74591 0.41736 0.81963 -1.238 0.32502 0 353.36 -16.358 -1.1986 0.018715 7578.7 2249 3941.2 0 0
58200 0.75886 0.41267 0.79565 -1.0205 0.33159 0 379.11 -16.936 -1.2009 0.018751 7588.6 2245 3944.5 0 0
58300 0.74171 0.38674 0.7744 -1.2836 0.29585 0 392.09 -17.175 -1.2035 0.01873 7596.9 2248 3947.4 0 0
58400 0.78544 0.3916 0.7559 -0.90428 0.31418 0 382.16 -17.772 -1.2059 0.018729 7607.7 2249 3950.2 0 0
58500 0.79899 0.3768 0.73752 -1.2015 0.33527 0 384.51 -18.925 -1.206 0.018717 7628.8 2252 3953.2 0 0
58600 0.71848 0.37426 0.73644 -1.275 0.34682 0 383.84 -17.467 -1.2055 0.018731 7652.5 2256 3956.6 0 0
58700 0.75374 0.34624 0.71566 -1.3026 0.34775 0 389.13 -27.261 -1.202 0.018684 7685.1 2262 3959.6 0 0
58800 0.79826 0.40393 0.76545 -1.5586 0.30911 0 364.32 -17.564 -1.1938 0.018677 7724.7 2265 3962.6 0 0
58900 0.79428 0.40774 0.7729 -1.2348 0.32635 0 378.97 -17.451 -1.1774 0.018547 7759.7 2267 3965.5 0 0
59000 0.7692 0.37178 0.79243 -1.2016 0.34078 0 374.75 -19.072 -1.1614 0.018528 7787.8 2272 3968.3 0 0
59100 0.79793 0.38306 0.78284 -1.1892 0.33339 0 383.95 -17.692 -1.137 0.018598 7792 2267 3971.2 0 0
59200 0.79347 0.3744 0.76547 -1.0034 0.30883 0 364.99 -18.688 -1.1177 0.01861 7820.2 2272 3974 0 0
59300 0.76334 0.38514 0.80909 -1.2842 0.31279 0 380.26 -16.336 -1.0968 0.018687 7846.8 2271 3976.9 0 0
59400 0.74373 0.36767 0.739 -1.1726 0.30305 0 383.45 -19.881 -1.0768 0.018784 7877 2274 3979.7 0 0
59500 0.7323 0.42507 0.71535 -1.1248 0.30961 0 381.07 -15.748 -1.0499 0.018836 7866.3 2275 3982.4 0 0
59600 0.7525 0.40013 0.67831 -1.1043 0.31617 0 383.4 -15.186 -1.0294 0.018931 7893.4 2280 3985 0 0
59700 0.73702 0.3753 0.70782 -1.069 0.33579 0 377.25 -18.043 -1.0097 0.019077 7937 2279 3987.5 0 0
59800 0.76292 0.37286 0.73641 -1.1931 0.31805 0 386.73 -17.657 -0.99127 0.019031 7959.6 2281 3990.1 0 0
59900 0.77334 0.39554 0.71986 -1.2907 0.3057 0 403.5 -15.588 -0.97211 0.019533 7971.3 2283 3992.6 0 0
60000 0.78148 0.36369 0.70688 -1.5026 0.32517 0 424.05 -20.054 -0.95272 0.019396 7975.1 2281 3995 0 0
60100 0.71001 0.34047 0.72242 -1.4023 0.32909 0 382.26 -27.991 -0.93534 0.019586 8002.7 2281 3997.6 0 0
60200 0.75589 0.34572 0.70257 -1.2647 0.31237 0 374.11 -25.881 -0.93586 0.019588 8021.6 2283 4000.3 0 0
60300 0.76965 0.33922 0.73353 -1.4177 0.33615 0 418.88 -26.849 -0.93385 0.019626 8048.8 2285 4002.9 0 0
60400 0.76484 0.3432 0.69232 -0.92276 0.32761 0 394.15 -26.083 -0.93366 0.019639 8072.3 2289 4005.5 0 0
60500 0.78356 0.36185 0.69941 -1.2164 0.32592 0 400.48 -19.677 -0.93213 0.019604 8100.4 2286 4008.1 0 0
60600 0.74944 0.37523 0.72387 -1.2838 0.32925 0 410.45 -16.695 -0.93105 0.019481 8126.9 2296 4010.7 0 0
60700 0.75519 0.37688 0.69207 -1.1374 0.318 0 382.18 -16.029 -0.93039 0.019471 8151.9 2296 4013.3 0 0
60800 0.75267 0.3886 0.72533 -1.004 0.32539 0 402.82 -14.724 -0.92924 0.019439 8179.3 2304 4015.8 0 0
60900 0.73285 0.33187 0.69201 -1.0267 0.32661 0 358.8 -30.786 -0.92992 0.019455 8198.3 2310 4018.4 0 0
61000 0.73787 0.38414 0.7234 -1.2204 0.32341 0 374.71 -15.697 -0.93203 0.019474 8210.1 2307 4020.9 0 0
61100 0.78948 0.39318 0.75101 -1.2809 0.31553 0 365.05 -15.713 -0.93216 0.019428 8231.6 2318 4023.3 0 0
61200 0.79356 0.35566 0.76488 -1.2097 0.32964 0 392.63 -20.95 -0.93253 0.019299 8251.7 2332 4025.8 0 0
61300 0.7616 0.39533 0.78233 -1.4134 0.31332 0 348.54 -14.125 -0.93263 0.019257 8273.4 2332 4028.3 0 0
61400 0.75632 0.38978 0.79687 -1.0704 0.31898 0 364.43 -13.839 -0.93244 0.019211 8296.8 2339 4030.8 0 0
61500 0.76451 0.35033 0.77093 -1.2817 0.32337 0 383.18 -21.469 -0.93034 0.019225 8327.2 2336 4033.3 0 0
61600 0.76183 0.34321 0.77771 -1.3081 0.3248 0 386.12 -23.921 -0.92839 0.019298 8352 2337 4035.9 0 0
61700 0.81271 0.39983 0.81093 -1.3751 0.35807 0 385.35 -17.721 -0.92473 0.019328 8386 2336 4038.5 0 0
61800 0.78168 0.37909 0.72557 -1.1811 0.30677 0 420.43 -14.999 -0.91954 0.019272 8418.1 2339 4040.9 0 0
61900 0.82363 0.39545 0.74086 -1.1939 0.33301 0 415.99 -18.237 -0.90973 0.019131 8457.5 2341 4043.2 0 0
62000 0.76868 0.34532 0.81495 -1.0703 0.32496 0 382.28 -22.731 -0.90493 0.019093 8495.5 2342 4045.7 0 0
62100 0.80371 0.39848 0.76307 -1.359 0.32037 0 393.96 -16.079 -0.90024 0.019107 8534.3 2341 4048 0 0
62200 0.85578 0.39511 0.76946 -1.2837 0.346 0 423.54 -20.799 -0.89631 0.019258 8569.9 2340 4050.6 0 0
62300 0.80634 0.41778 0.72897 -1.1685 0.33053 0 411.44 -19.149 -0.89348 0.019196 8602.1 2346 4053 0 0
62400 0.81334 0.40909 0.81526 -1.2727 0.31579 0 391.62 -17.597 -0.88975 0.01918 8637.7 2344 4055.4 0 0
62500 0.78254 0.42066 0.69925 -1.1 0.37213 0 398.67 -17.615 -0.8865 0.019222 8672.7 2348 4057.8 0 0
62600 0.75622 0.38545 0.7115 -1.2102 0.31707 0 404.09 -13.466 -0.88093 0.019243 8713 2348 4060.2 0 0
62700 0.7972 0.39541 0.72227 -1.1297 0.31818 0 374.57 -14.806 -0.87742 0.019278 8742 2354 4062.5 0 0
62800 0.7648 0.34708 0.72034 -1.1592 0.34167 0 365.11 -21.99 -0.87468 0.019251 8775.2 2358 4064.8 0 0
62900 0.78327 0.3743 0.72136 -1.057 0.33599 0 379.05 -14.753 -0.8696 0.019202 8815.4 2355 4067.2 0 0
63000 0.75763 0.34538 0.71095 -1.1986 0.32033 0 376.14 -22.371 -0.86265 0.019313 8856.6 2358 4069.5 0 0
63100 0.74788 0.37209 0.71128 -1.198 0.32075 0 383.62 -15.422 -0.85708 0.019278 8897.5 2363 4071.9 0 0
63200 0.71541 0.36979 0.72022 -1.4515 0.3085 0 387.5 -18.414 -0.85111 0.0193 8940.4 2368 4074.2 0 0
63300 0.82283 0.38849 0.75442 -1.3506 0.31996 0 398.7 -16.686 -0.84581 0.019395 8980 2372 4076.6 0 0
63400 0.81386 0.47544 0.81961 -1.2819 0.33028 0 381.24 -42.014 -0.84065 0.019403 9019.6 2372 4079.7 1.4792 0
63500 0.81278 0.47786 0.74935 -1.2368 0.33669 0 386.99 -42.16 -0.8347 0.019373 9061.1 2377 4083.3 3.0885 0
63600 0.81852 0.47785 0.82393 -1.3031 0.34002 0 391.8 -41.518 -0.83031 0.019293 9100.7 2377 4087 3.0822 0
63700 0.80789 0.45549 0.7769 -1.2774 0.33699 0 383.81 -30.285 -0.82606 0.019299 9137.8 2382 4090.5 0 0
63800 0.81092 0.46586 0.77434 -1.1895 0.31889 0 368.02 -34.727 -0.819 0.019441 9178.1 2384 4094.1 0 0
63900 0.80414 0.46927 0.73787 -1.2924 0.31283 0 370.67 -34.968 -0.81922 0.019442 9199.2 2385 4097.3 0 0
64000 0.77803 0.46305 0.78812 -1.3572 0.32787 0 388.29 -31.485 -0.82169 0.019421 9209.2 2387 4100.5 0 0
64100 0.79188 0.47757 0.78706 -1.2726 0.32922 0 365.82 -36.664 -0.82235 0.019432 9228.5 2385 4103.9 2.8673 0
64200 0.83485 0.4703 0.77398 -1.4099 0.30305 0 378.06 -37.642 -0.82228 0.019434 9250.5 2387 4107.1 0.004645 0
64300 0.83442 0.45887 0.78966 -1.3192 0.31701 0 374.74 -33.469 -0.82258 0.019425 9272.2 2391 4110.2 0 0
64400 0.80897 0.46583 0.77567 -1.3602 0.30177 0 387.8 -32.172 -0.82405 0.019383 9287.9 2393 4113.2 0 0
64500 0.77281 0.44179 0.77383 -1.1708 0.31958 0 374.35 -22.429 -0.82645 0.019401 9298 2394 4116.1 0 0
64600 0.79034 0.45043 0.78395 -1.3631 0.29431 0 380.69 -25.293 -0.82994 0.019392 9301.5 2396 4118.8 0 0
64700 0.84589 0.4274 0.80371 -1.2894 0.32285 0 372.79 -24.523 -0.83382 0.019368 9302.2 2399 4121.4 0 0
64800 0.85817 0.41692 0.8041 -1.2468 0.29867 0 374.63 -23.871 -0.83761 0.019362 9303.6 2399 4124.2 0 0
64900 0.87678 0.42671 0.79705 -1.0634 0.34662 0 385.12 -27.266 -0.84119 0.019338 9306.3 2402 4127 0 0
65000 0.85059 0.4367 0.78629 -1.0178 0.35456 0 374.86 -27.522 -0.84338 0.019337 9317.7 2403 4130.1 0 0
65100 0.81689 0.4149 0.82337 -1.3033 0.29735 0 390.44 -17.966 -0.83991 0.019451 9351.2 2403 4132.5 0 0
65200 0.80752 0.44929 0.79897 -1.2491 0.3053 0 396.36 -26.015 -0.83333 0.019442 9395.2 2405 4135 0 0
65300 0.75122 0.46042 0.79987 -1.3266 0.33232 0 396.22 -28.096 -0.82751 0.019426 9441.8 2405 4137.6 0 0
65400 0.83279 0.45201 0.77783 -1.2567 0.30094 0 369.38 -28.895 -0.82545 0.019424 9473.8 2405 4140.1 0 0
65500 0.7686 0.38718 0.79806 -1.1845 0.31029 0 379.42 -13.106 -0.82421 0.019494 9501.4 2410 4142.4 0 0
65600 0.85585 0.40146 0.81802 -1.3073 0.3063 0 379.11 -20.771 -0.82568 0.019513 9516.8 2415 4145 0 0
65700 0.85474 0.44108 0.81937 -1.4724 0.33791 0 369.21 -28.7 -0.82295 0.019479 9551.8 2415 4147.5 0 0
65800 0.77543 0.40175 0.83935 -1.2815 0.34431 0 374.88 -14.004 -0.81915 0.019501 9592.6 2414 4149.7 0 0
65900 0.78281 0.41135 0.76496 -1.2212 0.31005 0 377.83 -15.267 -0.81189 0.019593 9643.3 2418 4152 0 0
66000 0.82307 0.43575 0.81074 -1.4663 0.36407 0 376.79 -22.419 -0.80357 0.019573 9702.9 2413 4154.4 0 0
66100 0.84629 0.42988 0.7796 -1.4343 0.31715 0 373.76 -24.005 -0.79636 0.019544 9749.6 2413 4156.9 0 0
66200 0.80233 0.43695 0.84532 -1.2069 0.32809 0 368.99 -20.51 -0.7907 0.019468 9794 2412 4159.3 0 0
66300 0.80982 0.43737 0.76637 -1.228 0.31999 0 375.94 -20.885 -0.78443 0.019396 9842.2 2416 4161.8 0 0
66400 0.86274 0.42771 0.7971 -1.2669 0.32468 0 374.07 -26.242 -0.77431 0.019633 9902.1 2419 4164.4 0 0
66500 0.86707 0.42495 0.84518 -1.2563 0.31387 0 360.78 -25.999 -0.76813 0.019741 9952.7 2427 4167.3 0 0
66600 0.86615 0.45574 0.83244 -1.2249 0.3295 0 375.98 -34.387 -0.76741 0.019738 9981.5 2428 4170.2 0 0
66700 0.85358 0.47803 0.76375 -1.249 0.30133 0 367.85 -43.125 -0.76465 0.019672 10019 2428 4173.1 3.2267 0
66800 0.82629 0.46748 0.79742 -1.0158 0.31814 0 359.88 -32.915 -0.7644 0.019672 10044 2431 4176 0 0
66900 0.82182 0.42994 0.76783 -1.1741 0.30214 0 355.78 -20.098 -0.7637 0.019643 10072 2432 4178.8 0 0
67000 0.78494 0.4374 0.80339 -1.3938 0.32189 0 386.69 -20.319 -0.7615 0.019575 10105 2435 4181.6 0 0
67100 0.78079 0.39822 0.78257 -1.3755 0.34236 0 382.96 -13.762 -0.75845 0.019548 10138 2436 4183.9 0 0
67200 0.83625 0.43209 0.78053 -1.2319 0.32266 0 364.57 -21.997 -0.7583 0.019558 10162 2433 4186.3 0 0
67300 0.87369 0.45793 0.77153 -1.3752 0.32013 0 393.6 -35.907 -0.75505 0.019576 10198 2432 4188.9 0 0
67400 0.79092 0.44755 0.77253 -1.1392 0.32584 0 372.23 -22.783 -0.75548 0.01954 10219 2435 4191.5 0 0
67500 0.80436 0.45274 0.74539 -1.1537 0.34682 0 410.49 -24.367 -0.75584 0.019539 10241 2435 4194.2 0 0
67600 0.8079 0.45775 0.78782 -1.183 0.33209 0 381.77 -25.903 -0.7552 0.019565 10267 2434 4196.9 0 0
67700 0.80599 0.47446 0.78705 -1.343 0.32091 0 387.38 -32.211 -0.75647 0.019565 10284 2430 4199.6 0.99437 0
67800 0.78104 0.44595 0.74728 -1.3019 0.3396 0 390.82 -21.813 -0.7577 0.019569 10302 2428 4202.2 0 0
67900 0.76588 0.44232 0.76425 -1.4981 0.34154 0 396.3 -21.601 -0.76093 0.019538 10306 2432 4204.8 0 0
68000 0.75359 0.46769 0.789 -1.1256 0.30412 0 387.72 -30.759 -0.76367 0.019499 10314 2437 4207.5 0 0
68100 0.80363 0.43657 0.75919 -1.0135 0.29903 0 365.48 -19.129 -0.76452 0.019485 10333 2438 4210.1 0 0
68200 0.801 0.46017 0.78291 -0.97319 0.31294 0 380.07 -25.301 -0.76643 0.019494 10346 2437 4212.7 0 0
68300 0.82152 0.41871 0.80378 -1.4082 0.31318 0 381.42 -17.274 -0.76841 0.019481 10358 2439 4215.3 0 0
68400 0.76089 0.41191 0.80987 -1.117 0.32436 0 402.71 -15.064 -0.77133 0.019456 10365 2442 4217.7 0 0
68500 0.75776 0.46728 0.76237 -1.391 0.33676 0 369.42 -29.651 -0.77358 0.019458 10376 2445 4220.2 0 0
68600 0.77505 0.43604 0.76863 -1.641 0.30506 0 390.08 -18.737 -0.77563 0.01943 10388 2449 4222.7 0 0
68700 0.8086 0.42452 0.75627 -1.5015 0.30976 0 392.37 -16.87 -0.77756 0.019453 10401 2451 4225.1 0 0
68800 0.74565 0.41576 0.78274 -1.1866 0.31818 0 388.06 -15.685 -0.77989 0.019413 10411 2452 4227.4 0 0
68900 0.7927 0.44186 0.77579 -1.3341 0.35558 0 378.61 -19.19 -0.78241 0.019419 10420 2454 4229.8 0 0
69000 0.79702 0.44717 0.77223 -1.166 0.33553 0 374.51 -20.635 -0.78482 0.019409 10430 2456 4232.2 0 0
69100 0.78291 0.42479 0.74343 -1.2679 0.32936 0 389.91 -15.974 -0.78779 0.019395 10436 2458 4234.7 0 0
69200 0.79975 0.3821 0.78568 -1.1914 0.30086 0 383.81 -14.863 -0.7911 0.019381 10439 2460 4237 0 0
69300 0.82448 0.42618 0.8017 -1.0487 0.32205 0 380.19 -18.338 -0.79364 0.019408 10448 2457 4239.3 0 0
69400 0.84207 0.41772 0.77156 -1.2527 0.29958 0 386.99 -19.674 -0.79589 0.019395 10459 2457 4241.8 0 0
69500 0.80173 0.45009 0.77685 -1.3124 0.32139 0 379 -21.097 -0.79858 0.019354 10466 2463 4244.2 0 0
69600 0.78339 0.40906 0.75488 -1.2796 0.33267 0 384.43 -14.268 -0.80161 0.019332 10472 2466 4246.7 0 0
69700 0.74783 0.4075 0.7697 -1.1792 0.32095 0 365.92 -14.603 -0.80481 0.019312 10475 2469 4249.2 0 0
69800 0.85043 0.42351 0.79714 -1.3004 0.32456 0 372.89 -21.91 -0.8083 0.01925 10477 2477 4251.6 0 0
69900 0.75771 0.42257 0.75652 -1.3591 0.3025 0 378.51 -15.955 -0.81132 0.019204 10482 2483 4254.2 0 0
70000 0.74536 0.45923 0.79971 -1.4307 0.30164 0 399.7 -26.134 -0.81411 0.01923 10489 2479 4257 0 0
70100 0.85855 0.47544 0.76007 -1.2014 0.30936 0 388.09 -38.643 -0.81586 0.019241 10502 2478 4259.8 1.4808 0
70200 0.78058 0.46948 0.79509 -1.2667 0.29407 0 398.08 -26.052 -0.81197 0.019244 10537 2479 4262.5 0 0
70300 0.8003 0.47662 0.77191 -1.62 0.3215 0 387.82 -29.038 -0.80599 0.019292 10571 2482 4265.2 2.1882 0
70400 0.77541 0.45816 0.77991 -0.94542 0.29369 0 415.57 -22.521 -0.80344 0.01926 10606 2487 4267.8 0 0
70500 0.74072 0.47087 0.74882 -1.3696 0.30832 0 416.99 -29.975 -0.8 0.019351 10645 2489 4270.5 0.037997 0
70600 0.80893 0.47747 0.79202 -1.437 0.33204 0 385.93 -30.444 -0.79397 0.019281 10689 2494 4273 2.7915 0
70700 0.77225 0.46873 0.75538 -1.429 0.30528 0 409.22 -25.167 -0.78942 0.019304 10730 2493 4275.5 0 0
70800 0.76515 0.4384 0.7624 -1.2313 0.3141 0 383.94 -18.008 -0.79012 0.019311 10750 2494 4278 0 0
70900 0.73991 0.46478 0.74931 -1.3067 0.33656 0 387.04 -26.823 -0.7911 0.019306 10768 2495 4280.7 0 0
71000 0.77155 0.46943 0.78246 -1.4173 0.32472 0 374.65 -24.667 -0.79354 0.019297 10777 2496 4283.3 0 0
71100 0.81235 0.44778 0.77815 -1.0233 0.29218 0 377.02 -20.335 -0.79486 0.019273 10792 2500 4286 0 0
71200 0.81699 0.44912 0.8002 -1.2831 0.30032 0 380.3 -20.907 -0.79211 0.019285 10828 2504 4288.6 0 0
71300 0.80743 0.43932 0.79325 -1.4485 0.36205 0 406.58 -18.163 -0.79212 0.01929 10851 2502 4291 0 0
71400 0.77378 0.41071 0.71975 -1.2862 0.31413 0 383.11 -14.2 -0.7942 0.019291 10863 2502 4293.4 0 0
71500 0.77451 0.41356 0.78343 -1.1231 0.35433 0 392.73 -14.303 -0.79447 0.019309 10886 2500 4295.5 0 0
71600 0.78864 0.44341 0.74326 -1.4715 0.29467 0 382.7 -17.695 -0.79587 0.019276 10902 2501 4297.6 0 0
71700 0.79083 0.39954 0.75492 -1.2062 0.30749 0 376.35 -13.493 -0.79718 0.019282 10919 2504 4299.8 0 0
71800 0.83308 0.46545 0.7485 -1.2739 0.29935 0 376.25 -27.792 -0.79653 0.019291 10945 2503 4302 0 0
71900 0.76798 0.45549 0.81017 -1.0519 0.31851 0 403.05 -21.371 -0.79676 0.019282 10970 2505 4304.2 0 0
72000 0.78266 0.45273 0.72103 -1.287 0.32685 0 385.97 -19.582 -0.79702 0.019322 10993 2504 4306.5 0 0
72100 0.79783 0.43554 0.69279 -1.1855 0.29656 0 401.44 -15.624 -0.79924 0.019305 11004 2506 4308.8 0 0
72200 0.79294 0.36986 0.79207 -1.2478 0.30587 0 379.92 -16.006 -0.80244 0.019309 11007 2505 4310.9 0 0
72300 0.73699 0.45521 0.72813 -1.276 0.33672 0 379.47 -23.718 -0.80507 0.019336 11015 2503 4313 0 0
72400 0.77595 0.42708 0.72816 -1.2283 0.28762 0 399.63 -15.006 -0.80775 0.019315 11021 2509 4315.2 0 0
72500 0.75606 0.40552 0.82039 -1.2971 0.31003 0 393.33 -13.788 -0.8108 0.019306 11025 2511 4317.3 0 0
72600 0.75498 0.42042 0.72318 -1.141 0.31051 0 359.87 -15.077 -0.81424 0.019262 11026 2517 4319.4 0 0
72700 0.74592 0.39928 0.76529 -1.3925 0.31464 0 349.38 -14.215 -0.81739 0.019255 11030 2518 4321.6 0 0
72800 0.79063 0.41943 0.77493 -1.362 0.3369 0 384.03 -13.624 -0.81962 0.019245 11039 2519 4323.7 0 0
72900 0.78194 0.4419 0.80917 -1.6568 0.31421 0 396.24 -16.732 -0.8199 0.019266 11063 2524 4325.8 0 0
73000 0.77943 0.41122 0.81788 -1.364 0.33125 0 409.66 -12.994 -0.82182 0.019275 11076 2530 4327.9 0 0
73100 0.79949 0.46181 0.76811 -1.3461 0.30978 0 357.26 -21.667 -0.8241 0.019283 11086 2530 4330.1 0 0
73200 0.83005 0.45919 0.7963 -1.2702 0.33869 0 372.4 -24.977 -0.82468 0.019292 11108 2529 4332.5 0 0
73300 0.75142 0.43285 0.73386 -1.0193 0.29417 0 379.09 -16.653 -0.82431 0.019305 11137 2533 4334.5 0 0
73400 0.75991 0.41511 0.70335 -1.4588 0.3056 0 388.24 -13.603 -0.82417 0.019282 11163 2532 4336.6 0 0
73500 0.71277 0.37314 0.72657 -1.092 0.30685 0 370.64 -17.96 -0.82595 0.019267 11176 2531 4338.6 0 0
73600 0.70543 0.35197 0.69422 -0.84772 0.28983 0 394.64 -24.227 -0.82686 0.019246 11195 2534 4340.8 0 0
73700 0.72222 0.34893 0.68884 -1.2082 0.31358 0 382.67 -23.957 -0.82821 0.019211 11212 2539 4343.6 0 0
73800 0.71476 0.3647 0.72415 -1.2469 0.30088 0 380.33 -19.566 -0.82846 0.019211 11236 2536 4345.8 0 0
73900 0.743 0.3898 0.72476 -1.2265 0.33042 0 379.94 -14.277 -0.82264 0.019421 11293 2541 4347.8 0 0
74000 0.73817 0.4375 0.68014 -1.1264 0.34145 0 393.21 -18.244 -0.81803 0.019435 11344 2543 4349.8 0 0
74100 0.71564 0.38624 0.7102 -1.1956 0.32333 0 386.67 -14.78 -0.8154 0.019388 11385 2543 4351.9 0 0
74200 0.73467 0.38226 0.74122 -1.2237 0.32101 0 386.85 -14.802 -0.81163 0.019362 11430 2548 4354 0 0
74300 0.75046 0.37706 0.71387 -1.1195 0.30551 0 373.35 -14.059 -0.80525 0.019331 11489 2558 4356 0 0
74400 0.79308 0.40156 0.72525 -1.2388 0.31119 0 389.56 -12.656 -0.79465 0.01927 11565 2564 4358.1 0 0
74500 0.79795 0.36096 0.76018 -1.2971 0.31311 0 390.66 -18.212 -0.78437 0.019095 11644 2569 4360.1 0 0
74600 0.73579 0.3315 0.74736 -1.0457 0.31978 0 391.82 -30.351 -0.77112 0.019278 11726 2578 4362.4 0 0
74700 0.8027 0.36716 0.72371 -1.1361 0.32089 0 415.84 -17.057 -0.75854 0.019458 11808 2581 4364.4 0 0
74800 0.8131 0.35598 0.72105 -0.94312 0.32457 0 410.75 -19.996 -0.74694 0.019543 11889 2580 4366.7 0 0
74900 0.70802 0.34572 0.74189 -1.1576 0.3059 0 367.89 -26.007 -0.73994 0.019489 11953 2586 4369.2 0 0
75000 0.8119 0.3541 0.71366 -1.3302 0.32576 0 400.39 -20.102 -0.7281 0.019644 12022 2593 4371.5 0 0
75100 0.72377 0.31792 0.73064 -1.399 0.32694 0 402.37 -37.593 -0.71885 0.01958 12091 2597 4374 0 0
75200 0.76484 0.34368 0.73726 -1.3798 0.32814 0 404.52 -22.106 -0.7126 0.0196 12154 2602 4376.3 0 0
75300 0.77382 0.32795 0.72804 -1.3656 0.31263 0 379.37 -26.542 -0.70564 0.019635 12219 2602 4378.8 0 0
75400 0.71645 0.31554 0.73361 -1.3315 0.31214 0 403.91 -39.737 -0.69788 0.019602 12280 2602 4381.5 0 0
75500 0.6815 0.40558 0.69503 -1.2876 0.30085 0 417.94 -12.789 -0.68829 0.019521 12349 2600 4383.7 0 0
75600 0.72906 0.36652 0.77063 -1.1339 0.31255 0 390.82 -17.274 -0.67961 0.019519 12399 2602 4385.8 0 0
75700 0.71657 0.40775 0.76515 -1.3425 0.30669 0 419.71 -13.507 -0.6749 0.019473 12432 2609 4387.8 0 0
75800 0.72556 0.38763 0.77954 -1.2785 0.34168 0 398.95 -14.348 -0.66658 0.01936 12462 2608 4389.7 0 0
75900 0.72844 0.43285 0.72319 -1.4737 0.31658 0 392.26 -17.089 -0.66402 0.019559 12491 2609 4391.6 0 0
76000 0.70774 0.44021 0.76983 -1.1622 0.32282 0 386.13 -17.54 -0.65476 0.019376 12514 2605 4393.5 0 0
76100 0.72912 0.46346 0.75524 -1.2846 0.3318 0 419.47 -26.21 -0.64571 0.019282 12537 2615 4395.6 0 0
76200 0.70673 0.44922 0.7565 -1.2192 0.30829 0 385.13 -20.088 -0.6418 0.019615 12572 2620 4398 0 0
76300 0.74853 0.41716 0.73303 -1.0171 0.31952 0 407.52 -14.136 -0.63623 0.019479 12604 2621 4400.3 0 0
76400 0.71764 0.46237 0.80099 -1.2187 0.29833 0 394.41 -25.083 -0.63068 0.01951 12635 2622 4402.8 0 0
76500 0.72511 0.3969 0.76681 -1.2305 0.30822 0 403.17 -13.667 -0.62658 0.019392 12666 2624 4404.8 0 0
76600 0.67784 0.40698 0.73212 -1.1542 0.31013 0 423.78 -12.584 -0.62597 0.01936 12688 2625 4406.8 0 0
76700 0.75142 0.43706 0.77627 -1.3334 0.30136 0 411.65 -17.537 -0.62206 0.019309 12726 2626 4408.7 0 0
76800 0.70244 0.40201 0.74468 -1.3901 0.33327 0 429.56 -12.602 -0.6165 0.01918 12772 2627 4410.6 0 0
76900 0.73154 0.36937 0.72083 -1.2166 0.30837 0 398.84 -16.299 -0.61449 0.019193 12792 2626 4412.5 0 0
77000 0.73924 0.37361 0.74591 -1.2686 0.3009 0 410.39 -15 -0.60977 0.019283 12817 2628 4414.4 0 0
77100 0.72124 0.44354 0.76434 -1.1444 0.30824 0 375.85 -18.541 -0.60172 0.019362 12846 2630 4416.2 0 0
77200 0.62148 0.39622 0.77547 -1.2521 0.3255 0 395.14 -24.427 -0.59432 0.019534 12888 2633 4418.4 0 0
77300 0.61956 0.42153 0.79302 -1.2387 0.32517 0 400.5 -24.367 -0.59073 0.019498 12934 2636 4420.8 0 0
77400 0.64252 0.47029 0.7762 -1.327 0.29558 0 402.36 -32.666 -0.58754 0.019499 12974 2644 4423.2 0.00406 0
77500 0.607 0.42003 0.76431 -1.2971 0.30472 0 406.91 -28.189 -0.58234 0.019321 13013 2645 4426.2 0 0
77600 0.59662 0.43686 0.75702 -1.232 0.2932 0 419.54 -35.422 -0.57113 0.019305 13081 2649 4429.2 0 0
77700 0.61284 0.40123 0.75574 -1.3399 0.32337 0 400.1 -26.48 -0.5626 0.019397 13131 2653 4431.7 0 0
77800 0.71331 0.46959 0.7249 -1.3357 0.32382 0 382.03 -27.838 -0.55243 0.019278 13199 2651 4434.6 0 0
77900 0.59427 0.43499 0.77139 -1.29 0.30607 0 394.9 -35.248 -0.54274 0.019271 13270 2654 4437.3 0 0
78000 0.62341 0.39163 0.7385 -1.2954 0.31023 0 383.46 -24.332 -0.53519 0.019545 13320 2658 4440 0 0
78100 0.56361 0.44494 0.78156 -1.1529 0.32949 0 381.71 -48.258 -0.5228 0.019873 13388 2658 4443.1 0 0
78200 0.58839 0.41606 0.8133 -1.2053 0.33123 0 375.54 -34.92 -0.51114 0.019974 13447 2664 4446.1 0 0
78300 0.57476 0.46626 0.80782 -1.4519 0.31516 0 406.75 -48.929 -0.50237 0.019668 13491 2668 4449.1 0 0
78400 0.60148 0.46334 0.80238 -1.4807 0.31244 0 405.64 -40.031 -0.49248 0.019587 13540 2668 4451.9 0 0
78500 0.62117 0.46806 0.78399 -1.0527 0.32402 0 409.43 -36.375 -0.48388 0.019487 13604 2666 4454.5 0 0
78600 0.64206 0.45337 0.77438 -1.2191 0.32026 0 399.22 -25.263 -0.47672 0.019508 13653 2665 4457.3 0 0
78700 0.62721 0.46008 0.75019 -1.243 0.30207 0 397.73 -31.02 -0.47154 0.019521 13687 2667 4460.1 0 0
78800 0.58374 0.44776 0.76604 -1.294 0.31659 0 402.88 -41.242 -0.46953 0.01939 13708 2667 4462.9 0 0
78900 0.60376 0.46174 0.77898 -1.3628 0.29952 0 385.02 -37.819 -0.47142 0.019355 13720 2672 4465.7 0 0
79000 0.62784 0.4531 0.81468 -1.2811 0.3081 0 396.99 -28.218 -0.47327 0.019349 13732 2673 4468.5 0 0
79100 0.60276 0.46999 0.79965 -1.1408 0.3076 0 398.25 -40.516 -0.47265 0.019346 13750 2675 4471.2 0 0
79200 0.70867 0.47452 0.75495 -1.2199 0.32794 0 395.23 -30.122 -0.47445 0.019312 13763 2680 4473.8 1.0239 0
79300 0.66256 0.46283 0.77299 -1.0842 0.30198 0 377.61 -25.491 -0.47541 0.019272 13781 2687 4476.4 0 0
79400 0.62423 0.46998 0.74784 -1.3633 0.32752 0 378.4 -33.515 -0.47505 0.019277 13803 2687 4479 0 0
79500 0.63213 0.44862 0.80934 -1.1781 0.31313 0 407.87 -25.583 -0.47333 0.019275 13838 2686 4481.5 0 0
79600 0.60596 0.44533 0.74364 -1.1987 0.31496 0 396.45 -32.016 -0.4738 0.019301 13861 2687 4484 0 0
79700 0.64031 0.46892 0.76101 -1.1668 0.33022 0 407.63 -29.531 -0.47424 0.019195 13885 2699 4486.8 0 0
79800 0.59533 0.45178 0.75554 -1.3518 0.33897 0 432.36 -36.308 -0.47195 0.019209 13926 2698 4489.6 0 0
79900 0.60774 0.44481 0.78078 -1.3487 0.30527 0 420.58 -30.874 -0.47309 0.019239 13944 2694 4492.5 0 0
80000 0.57951 0.44893 0.78377 -1.2969 0.33878 0 415.4 -41.129 -0.47244 0.019184 13976 2698 4495.4 0 0
80100 0.61438 0.45975 0.75072 -1.3526 0.30245 0 419.46 -31.785 -0.46913 0.019165 14027 2701 4498 0 0
80200 0.57254 0.47068 0.7669 -1.1381 0.32125 0 395.06 -47.525 -0.46949 0.019166 14050 2702 4500.9 0.022989 0
80300 0.58881 0.44639 0.7507 -1.5 0.30185 0 417.15 -36.509 -0.4708 0.019144 14067 2705 4503.8 0 0
80400 0.56417 0.44989 0.77671 -1.2598 0.32659 0 392.75 -46.095 -0.46793 0.01913 14112 2708 4506.8 0 0
80500 0.55589 0.43562 0.80732 -1.2437 0.33256 0 394.64 -47.745 -0.46243 0.019117 14172 2711 4509.5 0 0
80600 0.56539 0.48087 0.79883 -1.2667 0.31837 0 419.64 -49.82 -0.45431 0.019237 14245 2721 4512.4 5.9131 0
80700 0.64345 0.45313 0.75858 -1.3246 0.33245 0 388.73 -24.062 -0.45025 0.0191 14297 2723 4515.1 0 0
80800 0.67744 0.46865 0.79335 -1.2264 0.306 0 407.27 -26.841 -0.44151 0.019151 14368 2734 4517.5 0 0
80900 0.67589 0.41199 0.78088 -1.2926 0.3428 0 379.19 -12.689 -0.44163 0.019206 14394 2734 4519.8 0 0
81000 0.69703 0.47406 0.79982 -0.9549 0.3315 0 409.23 -29.157 -0.44189 0.019222 14416 2732 4521.9 0.82222 0
81100 0.62889 0.40948 0.77255 -1.1431 0.32633 0 415.61 -21.171 -0.43864 0.019124 14464 2728 4524.1 0 0
81200 0.58869 0.45874 0.79325 -1.4619 0.32815 0 392.72 -37.486 -0.43182 0.019168 14526 2736 4526.6 0 0
81300 0.58136 0.40097 0.81912 -1.4367 0.31561 0 405.86 -37.359 -0.42551 0.019082 14587 2738 4529.2 0 0
81400 0.58476 0.41412 0.79995 -1.1596 0.31315 0 402.88 -34.65 -0.41958 0.019048 14645 2740 4532.2 0 0
81500 0.55969 0.43111 0.77704 -1.1704 0.33537 0 409.27 -44.852 -0.41361 0.019034 14708 2748 4534.9 0 0
81600 0.56216 0.44645 0.79833 -1.2715 0.31694 0 377.17 -45.28 -0.40999 0.019075 14754 2749 4537.5 0 0
81700 0.61007 0.4697 0.79254 -1.4237 0.34203 0 416.13 -34.748 -0.40858 0.019019 14790 2749 4540.1 0 0
81800 0.61236 0.42233 0.79599 -1.1213 0.32898 0 408.11 -25.729 -0.40649 0.019101 14829 2750 4542.7 0 0
81900 0.57377 0.47746 0.82378 -1.3109 0.3236 0 383.99 -47.431 -0.40214 0.019135 14881 2748 4545.6 2.7834 0
82000 0.59786 0.45011 0.7851 -1.1631 0.35213 0 397.66 -32.82 -0.39601 0.019173 14941 2752 4548.5 0 0
82100 0.59446 0.41833 0.78979 -1.3714 0.32385 0 377.04 -31.051 -0.38907 0.019175 15010 2752 4551.1 0 0
82200 0.60019 0.41084 0.80107 -1.2303 0.31429 0 365.17 -29.319 -0.38124 0.019098 15083 2754 4553.8 0 0
82300 0.62522 0.39768 0.78029 -1.2089 0.34051 0 396.33 -23.146 -0.37436 0.01905 15145 2757 4556.4 0 0
82400 0.63284 0.46383 0.79859 -1.2409 0.32025 0 399.57 -28.3 -0.36689 0.019084 15211 2761 4559 0 0
82500 0.59163 0.43142 0.81071 -1.6141 0.3138 0 401.83 -31.615 -0.36037 0.019002 15279 2758 4561.6 0 0
82600 0.64684 0.46081 0.82198 -1.2829 0.3108 0 406.74 -25.221 -0.35159 0.019084 15355 2757 4564.2 0 0
82700 0.61668 0.46647 0.80794 -1.1485 0.33704 0 405.75 -31.726 -0.34392 0.019098 15423 2757 4566.4 0 0
82800 0.67862 0.45904 0.81248 -1.4818 0.34589 0 386.94 -22.788 -0.33612 0.019105 15497 2756 4568.7 0 0
82900 0.54794 0.43239 0.81122 -1.3058 0.31988 0 408.88 -48.389 -0.32785 0.019252 15574 2755 4571 0 0
83000 0.57383 0.41279 0.80954 -1.2387 0.31475 0 394.75 -37.638 -0.32096 0.01915 15643 2754 4573.5 0 0
83100 0.62291 0.42598 0.80666 -1.5829 0.30662 0 403.99 -23.247 -0.31239 0.019139 15717 2754 4576 0 0
83200 0.575 0.44148 0.82292 -1.2678 0.31187 0 371.31 -38.448 -0.3075 0.01929 15774 2759 4578.7 0 0
83300 0.56543 0.38854 0.77372 -1.3769 0.34998 0 405.73 -44.193 -0.30352 0.019236 15821 2766 4581.7 0 0
83400 0.57412 0.44529 0.79698 -1.2174 0.31917 0 409.74 -38.851 -0.29826 0.019315 15865 2771 4584.2 0 0
83500 0.55495 0.46808 0.79302 -1.3136 0.31355 0 374.14 -49.124 -0.293 0.019392 15898 2774 4587.1 0 0
83600 0.56689 0.39734 0.78544 -1.4234 0.3341 0 375.62 -41.971 -0.28941 0.019435 15938 2776 4589.9 0 0
83700 0.53868 0.41392 0.81887 -1.2815 0.31539 0 380.09 -49.151 -0.28325 0.019517 15984 2786 4592.6 0 0
83800 0.62507 0.44233 0.78281 -1.5924 0.33637 0 382.63 -24.341 -0.27705 0.019399 16021 2783 4595 0 0
83900 0.60815 0.44439 0.80183 -1.4087 0.31438 0 386.17 -27.804 -0.27003 0.019299 16058 2786 4597.5 0 0
84000 0.61254 0.457 0.78425 -1.4381 0.31496 0 358.85 -29.348 -0.26529 0.019353 16107 2788 4599.8 0 0
84100 0.57418 0.40057 0.80542 -1.2594 0.29781 0 378.58 -38.393 -0.26275 0.019511 16150 2793 4602.1 0 0
84200 0.57207 0.44007 0.78556 -1.2488 0.32893 0 422.88 -37.925 -0.25964 0.019394 16196 2788 4604.6 0 0
84300 0.58087 0.43806 0.77713 -1.2176 0.31633 0 372.18 -34.345 -0.25719 0.019413 16238 2786 4607.2 0 0
84400 0.58475 0.38046 0.83863 -1.0282 0.3257 0 388.78 -38.29 -0.25527 0.019378 16279 2793 4609.8 0 0
84500 0.60784 0.44934 0.78612 -1.2305 0.35371 0 404.78 -28.462 -0.25429 0.019377 16315 2796 4612.1 0 0
84600 0.58662 0.40928 0.77224 -1.4136 0.30894 0 391.96 -32.618 -0.25149 0.019447 16365 2799 4614.8 0 0
84700 0.62248 0.39204 0.80876 -1.4035 0.34298 0 399.3 -24.411 -0.24858 0.019468 16413 2798 4617.3 0 0
84800 0.55698 0.41178 0.79258 -1.1473 0.32558 0 377.68 -42.643 -0.24382 0.019458 16475 2800 4619.7 0 0
84900 0.56206 0.42394 0.76438 -1.2708 0.3266 0 403.79 -39.631 -0.24031 0.019361 16526 2797 4622 0 0
85000 0.60712 0.44883 0.80668 -1.2185 0.33644 0 386.69 -28.35 -0.23574 0.019479 16578 2799 4624.4 0 0
85100 0.67393 0.44823 0.75936 -1.2487 0.3085 0 367.08 -19.659 -0.23167 0.0195 16629 2797 4626.5 0 0
85200 0.60573 0.43267 0.79348 -1.2045 0.31957 0 398.51 -26.887 -0.22762 0.019488 16679 2799 4629.2 0 0
85300 0.55594 0.42244 0.80423 -1.3541 0.32926 0 390.19 -42.206 -0.22316 0.019544 16731 2803 4631.8 0 0
85400 0.57247 0.37829 0.79557 -1.41 0.318 0 390.02 -42.774 -0.21826 0.019561 16786 2799 4634.4 0 0
85500 0.62264 0.47393 0.77765 -1.2606 0.3187 0 380 -32.264 -0.21197 0.01957 16848 2801 4636.9 0.77106 0
85600 0.60798 0.42142 0.79358 -1.2578 0.32442 0 392.89 -25.72 -0.20646 0.019557 16909 2800 4639.2 0 0
85700 0.63062 0.44889 0.79154 -1.1023 0.35404 0 407.07 -24.534 -0.20015 0.019382 16982 2800 4641.7 0 0
85800 0.58873 0.42345 0.78308 -1.2876 0.32879 0 372.77 -30.008 -0.19519 0.019391 17046 2802 4644.1 0 0
85900 0.58036 0.39919 0.77855 -1.3137 0.32309 0 376.06 -34.967 -0.19009 0.01963 17109 2810 4646.4 0 0
86000 0.59617 0.39821 0.75578 -1.1798 0.32183 0 371.47 -30.632 -0.18675 0.01963 17156 2811 4648.4 0 0
86100 0.57191 0.41402 0.81007 -1.3789 0.32865 0 376.9 -35.618 -0.17923 0.019656 17223 2811 4650.9 0 0
86200 0.56721 0.46162 0.76899 -1.1192 0.30596 0 375.5 -41.881 -0.17275 0.019622 17280 2816 4653.4 0 0
86300 0.54585 0.41288 0.80667 -1.1803 0.33214 0 402.97 -45.821 -0.16699 0.019621 17328 2816 4655.9 0 0
86400 0.61383 0.45173 0.80356 -1.3362 0.32027 0 385.13 -27.235 -0.15987 0.01966 17394 2817 4658.2 0 0
86500 0.63175 0.46221 0.82187 -1.1543 0.30301 0 395.83 -27.375 -0.1513 0.019691 17466 2818 4660.3 0 0
86600 0.63085 0.44948 0.81431 -1.1292 0.313 0 397.42 -24.562 -0.14493 0.019742 17536 2820 4662.3 0 0
86700 0.66033 0.40023 0.8273 -1.1448 0.32708 0 373.74 -15.088 -0.13908 0.01973 17589 2821 4664.2 0 0
86800 0.62482 0.41993 0.77648 -1.5155 0.32556 0 393.92 -21.751 -0.13284 0.019825 17637 2821 4665.9 0 0
86900 0.61107 0.40195 0.76658 -1.0552 0.31775 0 385.52 -25.852 -0.12836 0.019819 17685 2825 4667.8 0 0
87000 0.61072 0.44824 0.78712 -0.92253 0.31727 0 384.81 -26.687 -0.12443 0.019776 17731 2825 4669.8 0 0
87100 0.67612 0.42308 0.83961 -1.1891 0.28725 0 375.01 -14.107 -0.11894 0.01986 17777 2824 4671.7 0 0
87200 0.67272 0.41967 0.76389 -1.2492 0.30289 0 401.47 -13.907 -0.11371 0.019869 17825 2822 4673.4 0 0
87300 0.59896 0.40906 0.78806 -1.3395 0.32628 0 399.13 -27.519 -0.10977 0.019855 17871 2823 4675 0 0
87400 0.63201 0.38203 0.80266 -1.3556 0.33461 0 390.19 -24.288 -0.10599 0.020044 17918 2822 4676.8 0 0
87500 0.69733 0.44646 0.79234 -1.1 0.3115 0 388.56 -18.899 -0.10068 0.020008 17971 2823 4678.5 0 0
87600 0.62027 0.40396 0.81848 -1.2913 0.31282 0 385.01 -23.103 -0.094944 0.020094 18030 2825 4680.3 0 0
87700 0.65105 0.38972 0.77953 -1.2349 0.32923 0 392.53 -17.857 -0.088358 0.020013 18091 2825 4682.1 0 0
87800 0.68248 0.44103 0.76344 -1.3874 0.31978 0 360.9 -17.277 -0.081511 0.019897 18150 2825 4684 0 0
87900 0.62749 0.46972 0.828 -1.2885 0.32681 0 382.3 -29.734 -0.075181 0.020128 18206 2830 4685.6 0 0
88000 0.66519 0.46255 0.78416 -1.0596 0.30041 0 393.92 -24.006 -0.068844 0.020128 18253 2832 4687.4 0 0
88100 0.61929 0.47103 0.77794 -1.4909 0.29052 0 431.27 -31.099 -0.062905 0.019958 18302 2830 4689.2 0.052826 0
88200 0.72129 0.44229 0.73658 -1.2494 0.31578 0 413.3 -18.919 -0.057563 0.020286 18358 2833 4690.9 0 0
88300 0.64581 0.46722 0.80942 -1.1037 0.31546 0 402.46 -26.642 -0.051521 0.020346 18419 2833 4692.8 0 0
88400 0.66218 0.45871 0.77134 -1.0546 0.31432 0 406.39 -22.999 -0.044716 0.020483 18479 2830 4694.7 0 0
88500 0.60151 0.4716 0.80443 -1.3001 0.32283 0 406.16 -34.892 -0.03965 0.02041 18526 2832 4696.5 0.12886 0
88600 0.72446 0.47882 0.77779 -1.4484 0.31772 0 396.11 -32.401 -0.03374 0.020437 18572 2834 4698.3 3.8909 0
88700 0.76173 0.46982 0.80927 -1.3594 0.34305 0 401 -26.182 -0.026955 0.02008 18619 2834 4700.1 0 0
88800 0.7095 0.46322 0.80184 -1.2363 0.32398 0 384.48 -24.826 -0.021056 0.020255 18665 2837 4701.8 0 0
88900 0.60037 0.4433 0.74464 -0.93416 0.32869 0 429.1 -27.806 -0.014503 0.020249 18708 2839 4703.5 0 0
89000 0.61591 0.42947 0.79458 -1.2307 0.31098 0 401.23 -23.729 -0.007507 0.020281 18747 2836 4705.1 0 0
89100 0.60194 0.40558 0.77884 -1.2577 0.31403 0 391.68 -26.973 -0.001585 0.02031 18794 2840 4706.8 0 0
89200 0.69253 0.42285 0.82133 -1.1202 0.30357 0 403.21 -13.68 0.003732 0.020311 18841 2841 4708.3 0 0
89300 0.6286 0.43717 0.81831 -1.1365 0.32558 0 348.38 -21.765 0.009161 0.020465 18878 2843 4709.8 0 0
89400 0.59653 0.41349 0.75954 -1.1204 0.31484 0 376.2 -27.774 0.01495 0.02041 18935 2842 4711.5 0 0
89500 0.65683 0.4201 0.78475 -1.2658 0.3108 0 365.4 -15.367 0.022051 0.020429 19005 2847 4713.1 0 0
89600 0.65541 0.42374 0.78836 -1.2481 0.30651 0 386.45 -15.843 0.030342 0.02043 19071 2843 4714.7 0 0
89700 0.661 0.45737 0.81053 -1.2528 0.29764 0 394.02 -22.312 0.037267 0.020603 19132 2843 4716.2 0 0
89800 0.7198 0.48057 0.78871 -1.3981 0.32604 0 401.96 -32.751 0.042192 0.020703 19180 2846 4717.8 5.5888 0
89900 0.69794 0.47487 0.77633 -1.241 0.31503 0 374.98 -28.304 0.047731 0.020495 19230 2840 4719.4 1.1877 0
90000 0.70457 0.46367 0.77396 -1.1201 0.32235 0 388.61 -24.518 0.053894 0.020423 19284 2844 4721 0 0
90100 0.62712 0.44929 0.79763 -1.2715 0.309 0 388.58 -24.01 0.059562 0.02032 19332 2845 4722.7 0 0
90200 0.64383 0.4677 0.80005 -1.1537 0.30153 0 399.99 -26.273 0.067949 0.020476 19393 2848 4724.3 0 0
90300 0.57259 0.46465 0.79619 -1.2913 0.33429 0 403.87 -41.012 0.074231 0.020578 19439 2849 4726 0 0
90400 0.58324 0.46126 0.79149 -1.4947 0.31828 0 402.67 -36.299 0.081973 0.020389 19502 2845 4727.8 0 0
90500 0.64464 0.46937 0.78817 -1.5478 0.35019 0 398.28 -26.431 0.090834 0.020646 19568 2852 4729.6 0 0
90600 0.64478 0.46282 0.7561 -1.433 0.32289 0 387.13 -24.333 0.1015 0.020724 19647 2851 4731.4 0 0
90700 0.60609 0.47039 0.79571 -1.3868 0.32406 0 395.91 -32.787 0.11322 0.020824 19720 2852 4733 0.007562 0
90800 0.62724 0.43921 0.79204 -1.4039 0.32913 0 409.92 -21.965 0.1237 0.020729 19794 2850 4734.7 0 0
90900 0.67325 0.45229 0.76645 -1.3864 0.33264 0 406.84 -19.733 0.13311 0.0206 19868 2850 4736.3 0 0
91000 0.70123 0.47316 0.81261 -1.2481 0.30514 0 372.73 -27.77 0.14347 0.020439 19936 2849 4738 0.49926 0
91100 0.5844 0.47671 0.77936 -1.4777 0.29525 0 393.94 -41.553 0.15299 0.020445 20010 2850 4739.7 2.2502 0
91200 0.65502 0.4537 0.77723 -1.2364 0.31731 0 405.92 -21.025 0.16331 0.020456 20080 2851 4741.3 0 0
91300 0.62436 0.45939 0.77042 -1.0645 0.32123 0 397.47 -25.893 0.17264 0.02047 20155 2852 4743 0 0
91400 0.59608 0.38275 0.74712 -1.1294 0.30174 0 384.52 -33.428 0.18021 0.020501 20215 2852 4744.6 0 0
91500 0.71161 0.45779 0.77127 -1.0531 0.33332 0 398.78 -23.003 0.18791 0.020539 20296 2853 4746.1 0 0
91600 0.60989 0.4263 0.83617 -1.2975 0.31031 0 399.27 -24.585 0.19915 0.020588 20378 2852 4747.6 0 0
91700 0.61873 0.42436 0.78217 -1.2786 0.31313 0 379.91 -22.635 0.20938 0.020681 20451 2853 4749.1 0 0
91800 0.64772 0.43355 0.77712 -1.2088 0.29907 0 376.74 -17.802 0.22 0.020888 20527 2852 4750.5 0 0
91900 0.62067 0.45137 0.7793 -1.0496 0.30862 0 395.35 -24.424 0.22976 0.020972 20606 2853 4752.1 0 0
92000 0.55504 0.41708 0.82694 -1.2281 0.33152 0 392.09 -42.237 0.24015 0.020963 20678 2853 4753.8 0 0
92100 0.61903 0.42611 0.80359 -1.3226 0.34628 0 369.48 -22.425 0.24954 0.021118 20754 2851 4755.4 0 0
92200 0.6151 0.42322 0.82453 -1.2901 0.33335 0 382.84 -23.194 0.25856 0.021079 20812 2851 4756.9 0 0
92300 0.56509 0.46398 0.79962 -1.09 0.3153 0 411.28 -43.497 0.26821 0.020995 20888 2851 4758.6 0 0
92400 0.56024 0.47106 0.78237 -1.0906 0.29056 0 386.18 -46.833 0.27465 0.020903 20946 2852 4760.3 0.056469 0
92500 0.57096 0.42278 0.81279 -1.4103 0.30725 0 394.67 -35.353 0.28072 0.0208 21007 2852 4761.7 0 0
92600 0.58966 0.44314 0.7693 -1.1822 0.3079 0 393.63 -30.346 0.28731 0.020952 21076 2858 4763.1 0 0
92700 0.64848 0.4491 0.794 -1.1069 0.31175 0 419.61 -20.079 0.29309 0.020974 21127 2862 4764.6 0 0
92800 0.67111 0.4274 0.77145 -1.2818 0.30065 0 403.79 -15.131 0.29976 0.020852 21197 2863 4766 0 0
92900 0.63917 0.44606 0.78892 -1.1221 0.30834 0 407.27 -20.208 0.30781 0.021119 21276 2870 4767.4 0 0
93000 0.67215 0.46578 0.77459 -1.3739 0.32037 0 407.12 -22.829 0.31446 0.021107 21321 2874 4768.8 0 0
93100 0.63394 0.44771 0.80455 -1.3539 0.31606 0 384.52 -21.28 0.32053 0.020993 21363 2878 4770.3 0 0
93200 0.59109 0.41498 0.82749 -1.2554 0.32619 0 411.35 -29.488 0.32693 0.021111 21424 2883 4771.7 0 0
93300 0.66846 0.40928 0.77699 -1.3172 0.3039 0 405.88 -14.175 0.3355 0.021332 21492 2886 4773.1 0 0
93400 0.61682 0.45139 0.79091 -1.2544 0.31177 0 406.11 -24.474 0.34004 0.021389 21548 2887 4774.5 0 0
93500 0.63667 0.45741 0.77785 -1.1481 0.3352 0 387.06 -22.61 0.34586 0.021333 21601 2889 4776 0 0
93600 0.62399 0.43843 0.81157 -1.4556 0.32139 0 389.88 -21.401 0.35235 0.021391 21679 2890 4777.5 0 0
93700 0.61086 0.46113 0.78268 -1.2877 0.30597 0 406.44 -27.511 0.35897 0.021285 21748 2895 4779 0 0
93800 0.60285 0.46717 0.77587 -1.1663 0.29594 0 378.08 -30.947 0.36724 0.021279 21826 2895 4780.6 0 0
93900 0.59736 0.4711 0.81254 -1.3606 0.32155 0 404.24 -33.924 0.37681 0.021436 21903 2903 4782.3 0.060844 0
94000 0.64233 0.45099 0.76637 -1.198 0.31497 0 390.03 -20.403 0.38649 0.021524 21982 2905 4783.9 0 0
94100 0.58453 0.47039 0.78759 -1.2711 0.29858 0 403.16 -37.855 0.39604 0.021323 22059 2909 4785.5 0.007443 0
94200 0.62013 0.47285 0.78448 -1.4231 0.31467 0 402.6 -29.215 0.39938 0.021197 22119 2922 4787.1 0.40596 0
94300 0.57796 0.44486 0.78879 -1.4238 0.30327 0 378.19 -34.352 0.40041 0.021125 22163 2924 4788.8 0 0
94400 0.59486 0.44738 0.81471 -1.2743 0.31078 0 381.49 -28.673 0.40384 0.020901 22229 2926 4790.3 0 0
94500 0.58027 0.45153 0.83239 -1.2115 0.33485 0 381.67 -34.225 0.40746 0.020931 22292 2927 4791.9 0 0
94600 0.60256 0.44887 0.79224 -1.2887 0.29444 0 393.95 -26.726 0.41121 0.020882 22356 2935 4793.4 0 0
94700 0.56056 0.4357 0.81044 -1.3839 0.30155 0 401.92 -39.753 0.4166 0.020787 22432 2937 4794.9 0 0
94800 0.65368 0.45483 0.80412 -1.2174 0.30923 0 379.36 -20.476 0.42307 0.020753 22504 2938 4796.4 0 0
94900 0.63796 0.45611 0.79708 -1.4216 0.305 0 401.51 -21.671 0.42665 0.020686 22570 2946 4798 0 0
95000 0.6391 0.4712 0.77855 -1.4614 0.3055 0 393.43 -25.297 0.42897 0.020741 22622 2953 4799.3 0.072033 0
95100 0.62193 0.44479 0.78721 -1.0158 0.30131 0 378.42 -22.033 0.43241 0.020729 22674 2962 4800.7 0 0
95200 0.68046 0.45324 0.78299 -1.1641 0.29473 0 373.85 -19.626 0.4345 0.020604 22728 2976 4802.2 0 0
95300 0.61444 0.44353 0.81319 -1.1613 0.29457 0 380.82 -23.289 0.43985 0.020742 22797 2977 4803.6 0 0
95400 0.63212 0.42348 0.78483 -1.2729 0.36556 0 389.33 -19.355 0.44418 0.020949 22865 2979 4804.9 0 0
95500 0.59122 0.42663 0.80713 -1.4358 0.3259 0 394.96 -28.5 0.45018 0.020985 22925 2981 4806.2 0 0
95600 0.5893 0.41515 0.81372 -1.218 0.30647 0 380.9 -29.915 0.45483 0.02096 22992 2983 4807.6 0 0
95700 0.63051 0.41093 0.82478 -1.4394 0.2991 0 385.88 -19.848 0.46077 0.020827 23070 2987 4809.3 0 0
95800 0.58998 0.45428 0.79338 -1.0866 0.31267 0 388.49 -30.851 0.46661 0.020901 23142 2993 4810.7 0 0
95900 0.68229 0.47129 0.73657 -1.2561 0.30461 0 391.31 -25.18 0.47398 0.020992 23211 2995 4812 0.082511 0
96000 0.61142 0.47096 0.82409 -1.1923 0.31656 0 392.59 -29.326 0.47945 0.021034 23276 2996 4813.6 0.045937 0
96100 0.70271 0.46265 0.75541 -1.2435 0.31073 0 393.16 -23.991 0.48638 0.021057 23356 3004 4815 0 0
96200 0.67249 0.43174 0.76514 -1.2456 0.30504 0 410.24 -15.679 0.49229 0.021082 23436 3002 4816.4 0 0
96300 0.65799 0.44726 0.77712 -1.3265 0.30275 0 404.56 -18.351 0.49925 0.021206 23513 3006 4817.7 0 0
96400 0.64388 0.44844 0.77606 -1.3854 0.32201 0 409.87 -19.127 0.50531 0.020992 23574 3006 4819 0 0
96500 0.59798 0.45509 0.81834 -1.1511 0.29263 0 401.17 -28.61 0.5127 0.021165 23634 3007 4820.3 0 0
96600 0.63502 0.46095 0.80528 -1.2582 0.32504 0 411.73 -22.388 0.51855 0.021212 23702 3006 4821.6 0 0
96700 0.63388 0.42295 0.7586 -1.2053 0.30324 0 428.34 -18.868 0.52467 0.021203 23786 3005 4822.9 0 0
96800 0.60022 0.43189 0.80964 -1.4009 0.29832 0 408.11 -25.917 0.53198 0.021103 23857 3007 4824.2 0 0
96900 0.58557 0.44568 0.77476 -1.2577 0.29856 0 407.79 -30.839 0.53861 0.021275 23925 3007 4825.5 0 0
97000 0.57521 0.4545 0.76467 -1.1375 0.30716 0 407.4 -35.981 0.54416 0.021351 23998 3008 4826.9 0 0
97100 0.55533 0.45832 0.81272 -1.5352 0.29677 0 406.48 -44.832 0.55005 0.021209 24069 3005 4828.2 0 0
97200 0.58923 0.45141 0.77944 -1.1308 0.30549 0 392.79 -30.237 0.55772 0.02111 24142 3005 4829.6 0 0
97300 0.65562 0.41644 0.78331 -1.2074 0.30376 0 419.46 -15.559 0.56572 0.021154 24226 3008 4830.8 0 0
97400 0.67838 0.44303 0.79096 -1.2176 0.32052 0 412.6 -17.26 0.57125 0.02122 24299 3009 4832.1 0 0
97500 0.64156 0.473 0.75808 -1.4572 0.29899 0 421.71 -25.423 0.57824 0.021284 24367 3011 4833.3 0.45102 0
97600 0.70786 0.43505 0.80573 -1.2981 0.32333 0 394 -17.456 0.58654 0.021294 24447 3009 4834.6 0 0
97700 0.69965 0.46915 0.80383 -1.1829 0.30067 0 405.92 -25.385 0.59359 0.02132 24521 3010 4835.8 0 0
97800 0.6356 0.46602 0.75313 -1.0592 0.30419 0 397.25 -23.463 0.59842 0.021455 24591 3006 4837.1 0 0
97900 0.64537 0.43579 0.7844 -1.1556 0.31 0 400.68 -17.628 0.6048 0.021645 24661 3009 4838.4 0 0
98000 0.55847 0.43054 0.8268 -1.244 0.3312 0 406.24 -40.173 0.61375 0.021337 24738 3011 4840.1 0 0
98100 0.58254 0.43777 0.78202 -1.3379 0.32506 0 405.22 -31.594 0.62238 0.021349 24810 3012 4841.7 0 0
98200 0.56682 0.43617 0.80763 -1.0402 0.31041 0 425.01 -37.008 0.63024 0.021305 24876 3013 4843.1 0 0
98300 0.57496 0.44627 0.77208 -1.303 0.31231 0 396.39 -34.659 0.638 0.021365 24946 3017 4844.6 0 0
98400 0.55429 0.44701 0.79286 -1.2205 0.30836 0 414.72 -43.183 0.6457 0.021257 25026 3018 4846.2 0 0
98500 0.55606 0.43128 0.8046 -1.4574 0.30808 0 428.13 -40.811 0.65471 0.021172 25098 3020 4847.7 0 0
98600 0.54184 0.43435 0.81443 -1.4185 0.30912 0 416.59 -46.883 0.66562 0.020984 25168 3021 4849.3 0 0
98700 0.55609 0.46078 0.81263 -1.205 0.31856 0 402.9 -44.654 0.67531 0.021236 25240 3027 4850.9 0 0
98800 0.62199 0.42007 0.78641 -1.1992 0.31925 0 398.42 -21.07 0.68094 0.021104 25313 3030 4852.3 0 0
98900 0.60645 0.41557 0.79139 -1.2479 0.34102 0 408.38 -24.523 0.68554 0.02101 25381 3031 4853.9 0 0
99000 0.58714 0.42733 0.78973 -1.4445 0.31338 0 395.17 -29.178 0.69328 0.021091 25465 3035 4855.7 0 0
99100 0.56363 0.42845 0.78118 -1.1192 0.29961 0 408.39 -37.217 0.69661 0.021143 25531 3036 4857.2 0 0
99200 0.56763 0.47526 0.80376 -1.0233 0.32979 0 390.7 -44.553 0.70158 0.021272 25604 3039 4858.7 1.3842 0
99300 0.56204 0.45912 0.78469 -1.3786 0.34028 0 390.62 -41.269 0.70589 0.021353 25675 3039 4860.2 0 0
99400 0.56943 0.46515 0.79053 -1.2819 0.29441 0 405.31 -39.601 0.71297 0.021334 25758 3039 4861.9 0 0
99500 0.56261 0.45082 0.77608 -0.95791 0.32725 0 412.01 -39.205 0.71888 0.021337 25833 3042 4863.4 0 0
99600 0.56745 0.4475 0.78277 -1.3174 0.3046 0 388.1 -36.78 0.72571 0.021193 25909 3043 4865 0 0
99700 0.58534 0.44369 0.79233 -1.2596 0.31167 0 413.79 -29.986 0.73214 0.021006 25982 3046 4866.7 0 0
99800 0.56088 0.47752 0.77477 -1.3161 0.30444 0 374.2 -47.022 0.73987 0.020946 26059 3045 4868.4 2.8266 0
99900 0.56274 0.44442 0.77521 -1.1968 0.30527 0 394.72 -38.021 0.74808 0.021128 26139 3043 4870.1 0 0
1e+05 0.56167 0.4601 0.78089 -1.3935 0.31582 0 412.58 -40.67 0.75545 0.021309 26217 3043 4871.8 0 0
1.001e+05 0.56802 0.47068 0.79121 -1.1288 0.33359 0 390.59 -41.187 0.763 0.021254 26293 3039 4873.2 0.023201 0
1.002e+05 0.6084 0.4491 0.76998 -1.298 0.33424 0 398.37 -24.606 0.77052 0.021382 26368 3040 4874.7 0 0
1.003e+05 0.60553 0.44689 0.79283 -1.209 0.2984 0 402.9 -25.058 0.77502 0.021395 26437 3045 4876.1 0 0
1.004e+05 0.59573 0.43061 0.81685 -1.2618 0.31084 0 409.57 -26.547 0.78005 0.021268 26507 3050 4877.5 0 0
1.005e+05 0.61624 0.46762 0.80712 -1.2705 0.30031 0 389.7 -26.708 0.78848 0.021437 26582 3059 4879.1 0 0
1.006e+05 0.54967 0.41416 0.85131 -1.205 0.32962 0 381.53 -44.263 0.79648 0.021329 26661 3082 4880.7 0 0
1.007e+05 0.56175 0.43506 0.75762 -1.1964 0.30378 0 379.65 -37.569 0.80514 0.021232 26734 3087 4882.5 0 0
1.008e+05 0.55231 0.43195 0.78216 -1.223 0.28365 0 385.91 -41.294 0.81157 0.021147 26802 3092 4884.4 0 0
1.009e+05 0.53288 0.40178 0.79548 -1.2221 0.31792 0 381.22 -49.571 0.81756 0.021238 26874 3098 4886 0 0
1.01e+05 0.57622 0.4525 0.83016 -1.2186 0.31559 0 390.47 -33.874 0.82465 0.021449 26946 3103 4887.5 0 0
1.011e+05 0.53892 0.41647 0.8105 -1.5566 0.32675 0 380.05 -47.156 0.83123 0.021209 27018 3101 4888.9 0 0
1.012e+05 0.60771 0.43163 0.81558 -1.1251 0.2939 0 369.86 -23.964 0.83892 0.021248 27085 3100 4890.4 0 0
1.013e+05 0.55539 0.46096 0.76309 -1.1944 0.32072 0 378.88 -42.82 0.84569 0.021287 27158 3104 4891.9 0 0
1.014e+05 0.58572 0.43057 0.80907 -1.2465 0.32092 0 380.32 -29.148 0.85132 0.021263 27212 3108 4893.1 0 0
1.015e+05 0.60379 0.42633 0.76408 -1.3751 0.3227 0 380.57 -24.772 0.85509 0.021332 27253 3111 4894.5 0 0
1.016e+05 0.58476 0.42032 0.75787 -1.2863 0.32564 0 398.17 -29.788 0.85972 0.021289 27300 3110 4895.9 0 0
1.017e+05 0.55418 0.38835 0.7681 -1.2196 0.31071 0 380.23 -46.461 0.86348 0.021221 27347 3113 4897.4 0 0
1.018e+05 0.61534 0.39519 0.76901 -1.2992 0.33104 0 365.68 -25.454 0.86713 0.021243 27392 3109 4898.8 0 0
1.019e+05 0.56954 0.43307 0.7926 -1.3776 0.31409 0 360.77 -34.27 0.87164 0.02125 27453 3107 4899.9 0 0
1.02e+05 0.55102 0.41858 0.7802 -1.2669 0.29079 0 397.25 -41.906 0.87627 0.021241 27520 3112 4901.3 0 0
1.021e+05 0.63965 0.4714 0.78363 -1.4038 0.32127 0 373.21 -24.994 0.88132 0.021368 27579 3116 4902.6 0.097764 0
1.022e+05 0.60442 0.47594 0.76523 -1.0766 0.31879 0 396.46 -32.186 0.88774 0.021566 27636 3122 4903.6 1.7632 0
1.023e+05 0.66105 0.3962 0.78899 -1.3385 0.33002 0 404.43 -16.689 0.89177 0.021529 27681 3124 4904.7 0 0
1.024e+05 0.65921 0.4155 0.79675 -1.3603 0.3353 0 382.92 -15.492 0.89572 0.021422 27718 3123 4905.8 0 0
1.025e+05 0.65258 0.46826 0.78099 -1.5054 0.33388 0 415.71 -23.321 0.89978 0.0215 27753 3122 4906.9 0 0
1.026e+05 0.67465 0.42751 0.79631 -1.2738 0.29681 0 392.2 -15.485 0.90394 0.02167 27786 3120 4908 0 0
1.027e+05 0.60344 0.40727 0.81481 -1.2252 0.32927 0 376.24 -26.119 0.90942 0.02147 27826 3120 4909 0 0
1.028e+05 0.61097 0.43284 0.79915 -1.3493 0.32732 0 391.15 -22.987 0.91169 0.021383 27869 3123 4910.1 0 0
1.029e+05 0.65132 0.44423 0.81448 -1.6404 0.32678 0 358.67 -18.138 0.91644 0.021363 27904 3123 4911.2 0 0
1.03e+05 0.61019 0.40445 0.79144 -1.3693 0.33007 0 407.62 -25.096 0.91772 0.021319 27942 3118 4912.2 0 0
1.031e+05 0.65601 0.46526 0.78111 -1.1662 0.32294 0 392.07 -22.167 0.92173 0.02134 27974 3121 4913.3 0 0
1.032e+05 0.74693 0.46165 0.81614 -1.3456 0.31912 0 377.57 -26.609 0.92627 0.021349 28005 3126 4914.3 0 0
1.033e+05 0.66575 0.42209 0.79782 -1.5606 0.33337 0 396.84 -15.245 0.93037 0.021176 28037 3133 4915.3 0 0
1.034e+05 0.75679 0.46479 0.80209 -1.1467 0.31615 0 371.95 -26.565 0.93468 0.021144 28064 3138 4916.4 0 0
1.035e+05 0.7176 0.45022 0.82159 -1.4313 0.30675 0 386.68 -21.551 0.93784 0.021123 28096 3138 4917.5 0 0
1.036e+05 0.73006 0.43542 0.79995 -1.1635 0.3251 0 388.83 -19.162 0.94061 0.021239 28135 3143 4918.5 0 0
1.037e+05 0.72223 0.4509 0.7973 -1.1501 0.3188 0 388.1 -22.199 0.94447 0.021112 28166 3141 4919.6 0 0
1.038e+05 0.73979 0.42976 0.74155 -1.2505 0.32328 0 406.89 -18.468 0.94812 0.021127 28201 3138 4920.6 0 0
1.039e+05 0.69034 0.46146 0.75706 -1.4014 0.314 0 375.86 -22.163 0.9509 0.021195 28233 3139 4921.6 0 0
1.04e+05 0.71164 0.44496 0.74524 -1.3017 0.31228 0 401.86 -19.563 0.9541 0.021205 28265 3142 4922.7 0 0
1.041e+05 0.63081 0.41711 0.74441 -1.2238 0.35168 0 391.33 -19.398 0.95817 0.021333 28296 3143 4923.7 0 0
1.042e+05 0.56998 0.41989 0.76933 -1.2541 0.33184 0 379.02 -34.705 0.96228 0.021429 28331 3146 4924.8 0 0
1.043e+05 0.59469 0.44596 0.75647 -1.3517 0.31271 0 400.8 -27.031 0.96668 0.021395 28363 3145 4925.9 0 0
1.044e+05 0.61853 0.41509 0.78167 -1.1427 0.32559 0 392.32 -21.85 0.97045 0.021429 28399 3146 4926.9 0 0
1.045e+05 0.56038 0.46283 0.78097 -1.2435 0.33255 0 394.69 -40.986 0.97571 0.021567 28447 3147 4927.9 0 0
1.046e+05 0.60354 0.40857 0.80675 -1.2488 0.31688 0 388.79 -25.849 0.98094 0.02153 28503 3146 4929.1 0 0
1.047e+05 0.59536 0.43585 0.75956 -1.32 0.31141 0 398.68 -26.27 0.98493 0.021544 28536 3149 4930.2 0 0
1.048e+05 0.62124 0.40567 0.76516 -1.218 0.3276 0 407.08 -22.309 0.9886 0.021544 28569 3150 4931.3 0 0
1.049e+05 0.63009 0.39416 0.81528 -1.1651 0.32009 0 416.78 -22.36 0.99473 0.021564 28614 3149 4932.4 0 0
1.05e+05 0.65037 0.42646 0.81412 -1.2987 0.33483 0 394.09 -16.586 1.0008 0.021426 28659 3152 4933.6 0 0
1.051e+05 0.5574 0.40999 0.79234 -1.2101 0.32532 0 410.36 -41.001 1.0068 0.021372 28711 3150 4934.7 0 0
1.052e+05 0.57662 0.45664 0.84774 -1.2925 0.31021 0 388.69 -33.993 1.0116 0.021505 28763 3152 4935.7 0 0
1.053e+05 0.6458 0.47681 0.81174 -1.3062 0.31455 0 385.42 -27.063 1.015 0.021488 28813 3151 4936.7 2.3171 0
1.054e+05 0.67705 0.44661 0.78062 -1.484 0.3195 0 395.66 -17.957 1.0177 0.021491 28854 3156 4937.8 0 0
1.055e+05 0.62844 0.4192 0.83749 -1.3935 0.29681 0 396.21 -19.403 1.02 0.021502 28907 3158 4938.7 0 0
1.056e+05 0.5859 0.45312 0.80977 -1.7439 0.31213 0 400.12 -30.409 1.0236 0.021719 28944 3158 4939.7 0 0
1.057e+05 0.64926 0.44923 0.84179 -1.352 0.31003 0 374.35 -18.74 1.0284 0.021537 28983 3162 4940.7 0 0
1.058e+05 0.67682 0.39647 0.76189 -1.3889 0.31034 0 379.82 -15.536 1.0345 0.021446 29028 3160 4941.7 0 0
1.059e+05 0.6204 0.41308 0.80568 -1.4401 0.31742 0 378.47 -21.168 1.0396 0.021144 29072 3154 4942.8 0 0
1.06e+05 0.5978 0.3997 0.76038 -1.2884 0.31531 0 413.7 -28.423 1.0436 0.021362 29106 3157 4943.7 0 0
1.061e+05 0.67635 0.41584 0.77053 -1.2914 0.32457 0 379.32 -14.474 1.0484 0.021243 29144 3154 4944.6 0 0
1.062e+05 0.58073 0.39059 0.81455 -1.2119 0.32762 0 380.27 -36.441 1.0542 0.02161 29192 3154 4945.7 0 0
1.063e+05 0.55579 0.41474 0.80858 -1.2386 0.31623 0 391.13 -40.671 1.0588 0.021544 29256 3153 4946.8 0 0
1.064e+05 0.56797 0.39514 0.81343 -1.2306 0.33227 0 389.84 -39.831 1.065 0.02173 29310 3156 4947.9 0 0
1.065e+05 0.59398 0.38222 0.77179 -1.1493 0.32751 0 381.42 -34.779 1.0699 0.021678 29365 3152 4949 0 0
1.066e+05 0.63397 0.399 0.792 -1.1498 0.30747 0 401.14 -20.451 1.0742 0.021599 29406 3150 4950.2 0 0
1.067e+05 0.60965 0.42094 0.8156 -1.3157 0.30949 0 393.1 -22.687 1.0787 0.021735 29459 3155 4951.2 0 0
1.068e+05 0.66738 0.42336 0.79172 -1.1399 0.31698 0 405.58 -15.093 1.0821 0.021741 29507 3155 4952.1 0 0
1.069e+05 0.62281 0.43995 0.78777 -1.0828 0.35583 0 412.17 -20.238 1.0865 0.021616 29561 3157 4953.1 0 0
1.07e+05 0.59527 0.42179 0.75403 -1.2155 0.31658 0 415.44 -26.182 1.0919 0.021721 29601 3158 4954 0 0
1.071e+05 0.64606 0.42256 0.77333 -1.3125 0.3179 0 390.71 -16.714 1.0966 0.02147 29653 3155 4955.1 0 0
1.072e+05 0.58338 0.38942 0.7551 -1.2351 0.3108 0 374.84 -35.539 1.097 0.021477 29690 3156 4956 0 0
1.073e+05 0.65921 0.4195 0.79287 -1.1402 0.32378 0 417.92 -15.164 1.0966 0.021459 29726 3162 4957 0 0
1.074e+05 0.59375 0.40294 0.7548 -1.287 0.3179 0 386.25 -28.752 1.0975 0.021476 29770 3161 4958.1 0 0
1.075e+05 0.68093 0.47266 0.77869 -1.3612 0.33576 0 390.36 -25.433 1.1008 0.021656 29824 3164 4959.2 0.35302 0
1.076e+05 0.64804 0.45989 0.81755 -1.3271 0.32638 0 371.85 -20.875 1.1053 0.021507 29872 3166 4960.2 0 0
1.077e+05 0.58389 0.41626 0.7756 -1.5835 0.32537 0 371.74 -29.959 1.1081 0.021491 29923 3170 4961.1 0 0
1.078e+05 0.62387 0.42931 0.77141 -1.6351 0.31366 0 378.83 -19.432 1.1138 0.021391 29993 3170 4962.2 0 0
1.079e+05 0.64531 0.46006 0.8113 -1.4707 0.34471 0 394.97 -20.963 1.1201 0.021362 30056 3171 4963.3 0 0
1.08e+05 0.58571 0.39944 0.81175 -1.3476 0.30796 0 395.2 -31.926 1.1248 0.0215 30106 3175 4964.4 0 0
1.081e+05 0.55679 0.4017 0.7749 -1.294 0.31187 0 381 -42.942 1.1279 0.02164 30154 3175 4965.5 0 0
1.082e+05 0.61061 0.40803 0.76663 -1.2475 0.31116 0 389.5 -23.337 1.1314 0.021371 30204 3174 4966.6 0 0
1.083e+05 0.60832 0.41789 0.79782 -1.0493 0.34038 0 391.26 -22.781 1.1355 0.021436 30247 3179 4967.7 0 0
1.084e+05 0.55978 0.43602 0.75897 -0.98396 0.31726 0 378.24 -37.95 1.1395 0.021498 30300 3181 4968.8 0 0
1.085e+05 0.59716 0.39223 0.74274 -1.2771 0.31088 0 386.07 -30.355 1.1403 0.02149 30341 3182 4969.9 0 0
1.086e+05 0.61878 0.40772 0.84146 -1.244 0.3132 0 385.98 -21.693 1.1413 0.021524 30386 3188 4971.1 0 0
1.087e+05 0.57419 0.38084 0.77635 -1.3301 0.30908 0 383.48 -41.67 1.1438 0.021441 30434 3187 4972.3 0 0
1.088e+05 0.59932 0.39185 0.7935 -1.0795 0.30587 0 381.67 -29.622 1.147 0.021315 30477 3182 4973.5 0 0
1.089e+05 0.61637 0.42522 0.80015 -1.2293 0.3159 0 379.52 -20.799 1.1515 0.02159 30525 3186 4974.6 0 0
1.09e+05 0.57628 0.38853 0.76494 -1.2498 0.33236 0 388.39 -38.018 1.1587 0.022038 30589 3191 4975.7 0 0
1.091e+05 0.58976 0.39397 0.78551 -1.4149 0.31468 0 387.53 -31.752 1.1651 0.022031 30651 3195 4976.9 0 0
1.092e+05 0.59931 0.40728 0.82018 -1.3707 0.34002 0 365.56 -25.989 1.1698 0.021858 30698 3192 4978 0 0
1.093e+05 0.60539 0.44291 0.78043 -1.2484 0.33759 0 395.62 -24.068 1.174 0.021828 30756 3190 4979.2 0 0
1.094e+05 0.57184 0.40836 0.7927 -1.4069 0.3436 0 395.98 -34.672 1.1781 0.021999 30801 3193 4980.4 0 0
1.095e+05 0.55794 0.46829 0.76462 -1.3299 0.3304 0 408.12 -43.555 1.1826 0.021897 30858 3197 4981.4 0 0
1.096e+05 0.54331 0.41025 0.78868 -1.2999 0.33468 0 417.96 -45.683 1.1868 0.021657 30903 3196 4982.4 0 0
1.097e+05 0.58545 0.39676 0.79447 -1.3116 0.32076 0 390.81 -32.13 1.1913 0.021647 30945 3196 4983.5 0 0
1.098e+05 0.55258 0.41116 0.76707 -1.1913 0.31926 0 403.84 -41.954 1.1952 0.021741 30995 3195 4984.6 0 0
1.099e+05 0.57822 0.40721 0.77565 -1.4258 0.3683 0 410.79 -32.339 1.2002 0.021783 31042 3195 4985.7 0 0
1.1e+05 0.61744 0.39861 0.76305 -1.4238 0.30987 0 397.17 -23.21 1.2041 0.021749 31087 3194 4986.7 0 0
1.101e+05 0.64745 0.43485 0.78829 -1.5325 0.31428 0 389.87 -17 1.2078 0.021785 31123 3196 4987.7 0 0
1.102e+05 0.56275 0.38619 0.76581 -1.2188 0.31196 0 414.22 -43.812 1.2109 0.02179 31165 3196 4988.8 0 0
1.103e+05 0.61037 0.41569 0.77833 -1.2395 0.31709 0 386.92 -22.199 1.2125 0.021752 31205 3197 4989.7 0 0
1.104e+05 0.61179 0.38364 0.75463 -1.3268 0.33352 0 414.22 -28.943 1.2155 0.021928 31255 3196 4990.7 0 0
1.105e+05 0.59904 0.39125 0.77122 -1.1361 0.32343 0 381.57 -29.666 1.2204 0.021966 31309 3198 4991.7 0 0
1.106e+05 0.6095 0.42379 0.7667 -1.3657 0.31608 0 398.34 -22.045 1.2242 0.022056 31355 3204 4992.9 0 0
1.107e+05 0.62074 0.47011 0.79455 -1.1615 0.31178 0 382.98 -26.96 1.2264 0.022027 31409 3202 4994 0.000612 0
1.108e+05 0.54051 0.41197 0.78622 -1.3784 0.31321 0 382.17 -46.369 1.2306 0.022091 31469 3207 4995.3 0 0
1.109e+05 0.56191 0.44248 0.78036 -1.0775 0.32837 0 360.4 -37.01 1.2354 0.021985 31505 3208 4996.4 0 0
1.11e+05 0.54658 0.39406 0.75187 -1.174 0.31907 0 370.64 -47.13 1.2389 0.021951 31547 3208 4997.5 0 0
1.111e+05 0.56186 0.41688 0.80128 -1.3514 0.31258 0 353.25 -36.802 1.2426 0.021846 31589 3212 4998.8 0 0
1.112e+05 0.68946 0.40494 0.74537 -1.1653 0.30773 0 374.81 -14.64 1.2473 0.021964 31629 3213 5000 0 0
1.113e+05 0.5757 0.39659 0.79136 -1.1346 0.32963 0 400.82 -35.15 1.2518 0.021923 31675 3214 5001 0 0
1.114e+05 0.59927 0.42406 0.80636 -0.98439 0.34666 0 382.6 -24.419 1.2573 0.021777 31719 3214 5002.2 0 0
1.115e+05 0.62175 0.41838 0.78722 -1.3958 0.33876 0 393.26 -19.805 1.2613 0.021906 31766 3212 5003.5 0 0
1.116e+05 0.59803 0.376 0.78829 -1.2599 0.32218 0 366.94 -34.924 1.2646 0.021836 31819 3213 5004.6 0 0
1.117e+05 0.57421 0.38059 0.81679 -1.1543 0.3296 0 374.29 -41.049 1.2688 0.021797 31878 3212 5005.8 0 0
1.118e+05 0.61854 0.36741 0.74691 -1.1187 0.3172 0 404.17 -32.724 1.273 0.02199 31928 3213 5007 0 0
1.119e+05 0.60249 0.37358 0.78849 -1.5559 0.32136 0 375.16 -34.604 1.2765 0.02212 31970 3216 5008 0 0
1.12e+05 0.63322 0.40432 0.77756 -1.4495 0.31396 0 354.35 -19.431 1.282 0.022094 32019 3218 5009.2 0 0
1.121e+05 0.6022 0.36259 0.78603 -1.503 0.33262 0 353.78 -38.978 1.2869 0.022013 32063 3217 5010.3 0 0
1.122e+05 0.56827 0.42329 0.80925 -1.3906 0.32554 0 354.75 -33.774 1.2894 0.022056 32111 3217 5011.4 0 0
1.123e+05 0.57995 0.38282 0.80222 -1.2163 0.33769 0 374.17 -37.85 1.289 0.022318 32144 3222 5012.4 0 0
1.124e+05 0.56033 0.38455 0.77814 -1.2644 0.30948 0 343.92 -44.097 1.2895 0.022429 32187 3224 5013.4 0 0
1.125e+05 0.59539 0.42113 0.79767 -1.1482 0.32054 0 388.25 -25.337 1.2911 0.022453 32237 3224 5014.4 0 0
1.126e+05 0.62487 0.40681 0.80016 -1.3267 0.30949 0 404.63 -20.509 1.2939 0.022348 32294 3221 5015.3 0 0
1.127e+05 0.55718 0.40234 0.80963 -1.2264 0.30964 0 405.69 -41.115 1.2966 0.022364 32346 3221 5016.2 0 0
1.128e+05 0.64529 0.45292 0.83783 -1.2528 0.31172 0 393.94 -19.686 1.3007 0.022194 32414 3219 5017.1 0 0
1.129e+05 0.59301 0.42334 0.78449 -1.3931 0.32007 0 385.51 -25.761 1.3053 0.022253 32480 3217 5017.9 0 0
1.13e+05 0.66904 0.43383 0.74772 -1.3515 0.30002 0 376.3 -16.194 1.3098 0.021854 32546 3220 5018.9 0 0
1.131e+05 0.6483 0.39651 0.79807 -1.3075 0.33234 0 392.13 -18.376 1.3134 0.0219 32597 3222 5019.7 0 0
1.132e+05 0.5581 0.3991 0.75545 -1.4743 0.30422 0 391.96 -41.305 1.3175 0.021867 32657 3221 5020.7 0 0
1.133e+05 0.60093 0.40016 0.81572 -1.4092 0.34015 0 405.36 -26.273 1.32 0.02196 32712 3225 5021.7 0 0
1.134e+05 0.62979 0.40579 0.80732 -1.2736 0.31653 0 402.59 -19.655 1.322 0.021932 32755 3226 5022.8 0 0
1.135e+05 0.59236 0.4268 0.79275 -1.2682 0.33482 0 389.33 -25.853 1.323 0.021817 32802 3224 5023.7 0 0
1.136e+05 0.60872 0.44766 0.78457 -1.4404 0.34214 0 397.45 -23.613 1.3261 0.021835 32844 3220 5024.6 0 0
1.137e+05 0.583 0.41841 0.7879 -1.3495 0.32407 0 399.34 -28.716 1.3302 0.022003 32883 3223 5025.5 0 0
1.138e+05 0.64346 0.40858 0.77272 -1.0823 0.3 0 396.37 -17.31 1.3347 0.021993 32937 3225 5026.4 0 0
1.139e+05 0.66498 0.44941 0.78226 -1.3453 0.35246 0 374.34 -18.339 1.3391 0.021827 32979 3226 5027.2 0 0
1.14e+05 0.66387 0.43874 0.81051 -1.1505 0.30772 0 387.06 -16.768 1.3436 0.021872 33007 3228 5028 0 0
1.141e+05 0.6662 0.44692 0.794 -1.1521 0.29969 0 371.65 -17.914 1.3462 0.021929 33043 3229 5028.7 0 0
1.142e+05 0.6691 0.4596 0.77399 -1.1461 0.31219 0 371.33 -20.753 1.3502 0.021959 33084 3231 5029.6 0 0
1.143e+05 0.65491 0.47902 0.8168 -1.3834 0.31163 0 388.83 -28.396 1.3544 0.021972 33117 3230 5030.5 4.0691 0
1.144e+05 0.69159 0.46361 0.77966 -1.2652 0.32261 0 405.34 -23.24 1.3578 0.021957 33150 3233 5031.4 0 0
1.145e+05 0.61796 0.46784 0.78691 -1.2839 0.31162 0 374.15 -26.505 1.3594 0.021965 33195 3234 5032.2 0 0
1.146e+05 0.6273 0.43814 0.81632 -1.2544 0.30596 0 415.81 -19.027 1.3603 0.02194 33235 3231 5033.1 0 0
1.147e+05 0.69002 0.46288 0.73943 -1.305 0.32209 0 403.99 -22.832 1.363 0.021931 33278 3233 5034 0 0
1.148e+05 0.62231 0.46626 0.78155 -1.1603 0.32442 0 392.04 -25.256 1.3664 0.02194 33311 3231 5034.9 0 0
1.149e+05 0.61437 0.47033 0.80218 -1.211 0.31476 0 394.99 -27.587 1.3687 0.022067 33355 3234 5035.7 0.005455 0
1.15e+05 0.63562 0.4354 0.81628 -1.55 0.31168 0 401.07 -17.885 1.3713 0.021932 33395 3233 5036.7 0 0
1.151e+05 0.58437 0.46259 0.7914 -1.341 0.31274 0 393.74 -32.593 1.3747 0.021987 33424 3239 5037.6 0 0
1.152e+05 0.59865 0.43385 0.77182 -1.3424 0.30379 0 397.05 -24.401 1.375 0.022042 33464 3241 5038.5 0 0
1.153e+05 0.65508 0.47465 0.78872 -1.2193 0.32259 0 396.14 -25.594 1.375 0.022076 33499 3245 5039.4 1.0817 0
1.154e+05 0.56512 0.47184 0.76865 -1.3166 0.31832 0 392.04 -42.118 1.378 0.022105 33543 3247 5040.3 0.1692 0
1.155e+05 0.61395 0.43832 0.80085 -1.2071 0.32995 0 380.29 -21.283 1.3799 0.022026 33593 3245 5041.2 0 0
1.156e+05 0.64796 0.398 0.74135 -1.4513 0.30001 0 400.15 -18.183 1.3824 0.022007 33630 3240 5042 0 0
1.157e+05 0.60928 0.4195 0.79228 -1.0967 0.31855 0 365.53 -21.83 1.3855 0.022062 33673 3242 5042.8 0 0
1.158e+05 0.62688 0.42498 0.80107 -1.2312 0.33693 0 371.98 -18.472 1.3886 0.022118 33721 3241 5043.7 0 0
1.159e+05 0.58203 0.44181 0.76138 -1.3506 0.30768 0 354.05 -29.78 1.3915 0.02213 33759 3241 5044.7 0 0
1.16e+05 0.65878 0.39585 0.7624 -1.3334 0.32373 0 397.87 -17.39 1.3943 0.022392 33796 3242 5045.6 0 0
1.161e+05 0.60663 0.37793 0.77604 -1.2683 0.31498 0 420.19 -31.647 1.3949 0.022449 33836 3242 5046.5 0 0
1.162e+05 0.56253 0.39676 0.74239 -1.425 0.32224 0 425.68 -39.842 1.3956 0.022459 33886 3242 5047.5 0 0
1.163e+05 0.58899 0.3807 0.78587 -1.4526 0.294 0 401.8 -35.392 1.3962 0.022307 33929 3243 5048.6 0 0
1.164e+05 0.56806 0.37311 0.76345 -1.2036 0.31427 0 401.64 -45.491 1.3963 0.022376 33967 3244 5049.7 0 0
1.165e+05 0.57695 0.34885 0.7864 -1.5017 0.33142 0 402.8 -49.494 1.3972 0.02247 34009 3249 5050.8 0 0
1.166e+05 0.59727 0.4058 0.79369 -1.5873 0.32402 0 407.48 -25.952 1.3989 0.022347 34056 3250 5051.8 0 0
1.167e+05 0.61582 0.43692 0.80464 -1.5511 0.31472 0 395.46 -20.779 1.3997 0.022562 34095 3256 5052.8 0 0
1.168e+05 0.56675 0.37599 0.77646 -1.3002 0.30787 0 406.6 -44.655 1.4005 0.022579 34133 3255 5053.8 0 0
1.169e+05 0.57997 0.42838 0.75477 -1.4871 0.33301 0 401.46 -29.481 1.4032 0.022498 34185 3254 5054.9 0 0
1.17e+05 0.56864 0.38497 0.78184 -1.1615 0.31644 0 387.93 -40.231 1.4037 0.022568 34231 3254 5055.8 0 0
1.171e+05 0.62281 0.4662 0.7807 -1.1718 0.31761 0 386.86 -25.069 1.4028 0.022532 34257 3250 5056.7 0 0
1.172e+05 0.53118 0.43578 0.80375 -1.3604 0.31766 0 392.33 -48.81 1.4016 0.022536 34281 3249 5057.6 0 0
1.173e+05 0.66355 0.46436 0.77723 -1.4395 0.31744 0 394.88 -21.963 1.4004 0.022532 34303 3249 5058.3 0 0
1.174e+05 0.63923 0.41715 0.77802 -1.4693 0.30647 0 400.07 -17.163 1.3999 0.022426 34336 3246 5059.1 0 0
1.175e+05 0.67095 0.4129 0.73167 -1.3807 0.34411 0 396.65 -14.937 1.399 0.022451 34363 3246 5059.9 0 0
1.176e+05 0.649 0.43886 0.72677 -1.2827 0.30674 0 419.45 -17.131 1.3983 0.022435 34394 3244 5060.7 0 0
1.177e+05 0.62453 0.45344 0.76565 -1.4093 0.35442 0 407.91 -21.57 1.398 0.022467 34430 3244 5061.5 0 0
1.178e+05 0.56694 0.40712 0.79492 -1.3796 0.33771 0 379.44 -35.377 1.3974 0.022435 34464 3245 5062.3 0 0
1.179e+05 0.62635 0.37765 0.77774 -1.3703 0.33043 0 391.34 -27.265 1.3969 0.022376 34495 3247 5063.2 0 0
1.18e+05 0.58463 0.35302 0.77257 -1.0373 0.31307 0 395.62 -47.562 1.3984 0.022191 34540 3246 5064.2 0 0
1.181e+05 0.59125 0.39055 0.82317 -1.4921 0.33198 0 408.11 -31.062 1.399 0.022036 34581 3244 5065.3 0 0
1.182e+05 0.56738 0.40516 0.77773 -1.2447 0.32945 0 401.86 -35.511 1.4009 0.021989 34629 3247 5066.4 0 0
1.183e+05 0.67459 0.44809 0.77399 -1.3581 0.33035 0 405.18 -18.261 1.4031 0.021917 34683 3247 5067.3 0 0
1.184e+05 0.61183 0.41026 0.78708 -1.2995 0.32482 0 396.56 -21.858 1.4054 0.021961 34730 3246 5068.1 0 0
1.185e+05 0.56346 0.37759 0.7823 -1.5403 0.30206 0 375.99 -44.856 1.4063 0.022052 34773 3248 5069 0 0
1.186e+05 0.585 0.40285 0.83878 -1.2436 0.33943 0 373.23 -29.449 1.4076 0.02208 34821 3251 5070 0 0
1.187e+05 0.57734 0.36041 0.82191 -1.1936 0.31676 0 374.54 -46.713 1.409 0.021928 34855 3255 5071 0 0
1.188e+05 0.59725 0.34798 0.82544 -1.1862 0.30557 0 391.8 -45.777 1.4087 0.021972 34892 3256 5072.2 0 0
1.189e+05 0.55798 0.3777 0.76769 -1.3464 0.32078 0 387.88 -46.236 1.4083 0.021948 34927 3257 5073.3 0 0
1.19e+05 0.59609 0.37955 0.81853 -1.4882 0.33598 0 380.01 -33.113 1.4097 0.022033 34976 3259 5074.2 0 0
1.191e+05 0.56907 0.3918 0.75968 -1.7154 0.30082 0 407.22 -37.536 1.4118 0.022453 35026 3264 5075.1 0 0
1.192e+05 0.575 0.39506 0.80926 -1.3538 0.33055 0 400.33 -34.665 1.4136 0.022563 35074 3264 5076 0 0
1.193e+05 0.58687 0.39721 0.79831 -1.0348 0.31643 0 386.6 -30.148 1.4134 0.022575 35113 3266 5076.9 0 0
1.194e+05 0.56805 0.39165 0.75893 -1.2435 0.31624 0 419.14 -37.909 1.4139 0.022801 35161 3267 5077.9 0 0
1.195e+05 0.57182 0.38835 0.78111 -1.1256 0.32895 0 382.38 -37.355 1.4138 0.022681 35202 3269 5078.9 0 0
1.196e+05 0.56705 0.36133 0.79265 -1.165 0.31631 0 386.57 -48.349 1.4136 0.022682 35232 3276 5080.1 0 0
1.197e+05 0.57139 0.38613 0.80619 -1.2534 0.3276 0 409.51 -38.135 1.4126 0.022629 35260 3274 5081.3 0 0
1.198e+05 0.57195 0.42603 0.78492 -1.3047 0.30656 0 390.82 -32.035 1.4123 0.02259 35295 3272 5082.4 0 0
1.199e+05 0.61309 0.39203 0.79438 -1.2862 0.33876 0 373.29 -24.703 1.4135 0.022512 35348 3276 5083.5 0 0
1.2e+05 0.58777 0.35935 0.74999 -1.3993 0.31603 0 389.22 -43.261 1.4143 0.022446 35399 3280 5084.6 0 0
1.201e+05 0.54827 0.4133 0.75207 -1.0133 0.3488 0 385.79 -42.341 1.4157 0.022482 35456 3280 5085.6 0 0
1.202e+05 0.58872 0.44458 0.77068 -1.2296 0.35405 0 377.84 -27.768 1.4159 0.022451 35498 3278 5086.7 0 0
1.203e+05 0.56914 0.44035 0.78004 -1.2894 0.30639 0 362.7 -33.911 1.4155 0.022446 35534 3281 5087.8 0 0
1.204e+05 0.54997 0.46479 0.79372 -1.3445 0.33091 0 383.75 -45.872 1.4152 0.022404 35571 3280 5088.9 0 0
1.205e+05 0.52993 0.4356 0.78831 -1.0209 0.30835 0 383 -48.871 1.4146 0.022392 35603 3281 5089.9 0 0.000223
1.206e+05 0.57139 0.44692 0.76375 -1.1878 0.32055 0 404.79 -33.747 1.4141 0.022378 35632 3283 5091 0 0
1.207e+05 0.55465 0.42645 0.77894 -1.2243 0.30826 0 372.74 -38.526 1.4125 0.022387 35646 3281 5092.1 0 0
1.208e+05 0.54791 0.43949 0.79924 -1.2846 0.33254 0 381.8 -42.194 1.411 0.022428 35660 3283 5093.3 0 0
1.209e+05 0.55011 0.41851 0.7646 -1.217 0.31416 0 406.63 -40.651 1.4099 0.022483 35683 3283 5094.5 0 0
1.21e+05 0.5426 0.44033 0.78317 -1.4491 0.34197 0 415.39 -44.378 1.4088 0.022556 35706 3286 5095.7 0 0
1.211e+05 0.58025 0.44363 0.77595 -1.3741 0.32727 0 377.99 -30.357 1.4077 0.022516 35730 3289 5096.9 0 0
1.212e+05 0.5379 0.40365 0.78081 -1.1362 0.32206 0 396.12 -46.853 1.4076 0.022578 35767 3294 5098.1 0 0
1.213e+05 0.5598 0.42422 0.83327 -1.3323 0.31222 0 393.42 -36.255 1.4099 0.022548 35835 3297 5099.3 0 0
1.214e+05 0.64255 0.40584 0.80088 -1.2568 0.31596 0 389.3 -17.641 1.4116 0.022748 35885 3298 5100.4 0 0
1.215e+05 0.56327 0.41957 0.75475 -1.2565 0.32298 0 392.75 -34.986 1.4123 0.022764 35930 3296 5101.5 0 0
1.216e+05 0.555 0.39993 0.75983 -1.2586 0.29796 0 379.95 -40.687 1.4128 0.022611 35975 3299 5102.6 0 0
1.217e+05 0.58089 0.42014 0.7461 -1.1981 0.31398 0 384.03 -28.854 1.4144 0.02256 36037 3299 5103.7 0 0
1.218e+05 0.56095 0.3845 0.77601 -1.309 0.30213 0 379.84 -42.203 1.4158 0.022628 36095 3302 5104.8 0 0
1.219e+05 0.54855 0.38402 0.77594 -1.1751 0.32233 0 396.59 -46.513 1.4172 0.022657 36155 3304 5105.7 0 0
1.22e+05 0.57114 0.40825 0.79185 -1.2375 0.29237 0 385.42 -33.107 1.4173 0.022679 36199 3306 5106.7 0 0
1.221e+05 0.5361 0.42134 0.79534 -1.2044 0.32183 0 376.65 -46.16 1.4175 0.022767 36238 3309 5107.8 0 0
1.222e+05 0.59098 0.39897 0.73392 -1.5439 0.31411 0 367.61 -28.379 1.419 0.022797 36294 3307 5108.8 0 0
1.223e+05 0.62756 0.37981 0.77749 -1.3737 0.30538 0 376 -26.074 1.4195 0.02281 36341 3308 5109.7 0 0
1.224e+05 0.59539 0.37433 0.77252 -1.2933 0.31301 0 393.17 -34.827 1.4204 0.022848 36396 3307 5110.7 0 0
1.225e+05 0.62642 0.43435 0.75001 -1.2967 0.31605 0 375.43 -18.654 1.4229 0.022818 36461 3306 5111.6 0 0
1.226e+05 0.57008 0.39356 0.77134 -1.2809 0.32607 0 393.88 -35.8 1.4244 0.022821 36513 3306 5112.6 0 0
1.227e+05 0.55743 0.38534 0.72747 -1.4617 0.31785 0 392.03 -42.649 1.4258 0.022696 36564 3304 5113.7 0 0
1.228e+05 0.56728 0.36277 0.79039 -1.2971 0.30154 0 378.62 -47.114 1.4281 0.022795 36610 3302 5114.8 0 0
1.229e+05 0.60481 0.36085 0.77626 -1.4958 0.31417 0 381.14 -37.818 1.4321 0.022873 36651 3303 5115.8 0 0
1.23e+05 0.57258 0.37724 0.74005 -1.4432 0.32018 0 363.53 -39.984 1.4352 0.022965 36696 3304 5116.7 0 0
1.231e+05 0.58491 0.40407 0.77988 -1.2503 0.31724 0 399.34 -28.871 1.4388 0.023061 36753 3306 5117.5 0 0
1.232e+05 0.57379 0.38048 0.7873 -1.2236 0.31391 0 372.62 -38.398 1.4417 0.022939 36799 3306 5118.4 0 0
1.233e+05 0.59764 0.37108 0.76914 -1.4681 0.31771 0 356.13 -35.426 1.4434 0.022923 36849 3311 5119.3 0 0
1.234e+05 0.6176 0.36947 0.75091 -1.5814 0.30496 0 400.45 -31.417 1.445 0.022986 36913 3313 5120.3 0 0
1.235e+05 0.56263 0.43548 0.77175 -1.4005 0.31177 0 382.21 -35.457 1.4459 0.023008 36963 3310 5121.4 0 0
1.236e+05 0.60291 0.41683 0.78473 -1.344 0.31015 0 382.29 -23.24 1.4476 0.023078 37019 3311 5122.3 0 0
1.237e+05 0.56488 0.40999 0.79461 -1.2764 0.33143 0 375.66 -34.834 1.4504 0.02288 37062 3310 5123.3 0 0
1.238e+05 0.56687 0.38726 0.74602 -1.2794 0.31597 0 387.54 -38.215 1.4518 0.022963 37110 3312 5124.3 0 0
1.239e+05 0.58443 0.37051 0.77261 -1.5296 0.3133 0 377.77 -38.803 1.4517 0.022915 37151 3313 5125.4 0 0
1.24e+05 0.61294 0.35357 0.74694 -1.274 0.31233 0 381.42 -39.089 1.4517 0.022933 37193 3313 5126.4 0 0
1.241e+05 0.57634 0.35722 0.76484 -1.3479 0.31013 0 378.13 -46.551 1.4511 0.022915 37223 3313 5127.5 0 0
1.242e+05 0.62618 0.39396 0.80564 -1.2357 0.31785 0 387.34 -21.841 1.4517 0.023049 37268 3317 5128.5 0 0
1.243e+05 0.53788 0.38731 0.75888 -1.3691 0.3145 0 384.66 -48.478 1.4538 0.022938 37335 3322 5129.7 0 0
1.244e+05 0.53514 0.42291 0.82152 -1.3151 0.32288 0 431.23 -46.124 1.4548 0.022903 37385 3325 5130.8 0 0
1.245e+05 0.55539 0.40474 0.77758 -1.43 0.34113 0 390.85 -38.921 1.4544 0.022887 37415 3325 5131.7 0 0
1.246e+05 0.55397 0.38884 0.75643 -1.2806 0.29068 0 399.34 -42.277 1.4561 0.022866 37465 3328 5132.7 0 0
1.247e+05 0.55724 0.39078 0.7849 -1.5643 0.31439 0 403.13 -40.584 1.4584 0.022771 37512 3329 5133.6 0 0
1.248e+05 0.60121 0.36927 0.76649 -1.2988 0.31659 0 390.62 -34.888 1.4591 0.022721 37558 3329 5134.6 0 0
1.249e+05 0.55588 0.39663 0.77099 -1.1008 0.31326 0 386.42 -39.719 1.4608 0.022739 37612 3332 5135.5 0 0
1.25e+05 0.52859 0.44341 0.7777 -1.2524 0.33267 0 394.32 -48.845 1.4617 0.022661 37656 3330 5136.5 0 0.09973
1.251e+05 0.61454 0.40451 0.80168 -1.2547 0.33142 0 390.26 -21.882 1.4616 0.022726 37689 3328 5137.2 0 0
1.252e+05 0.65926 0.41413 0.77073 -0.961 0.31917 0 393.2 -15.453 1.462 0.022628 37735 3327 5138 0 0
1.253e+05 0.62356 0.40032 0.79839 -1.306 0.33324 0 392.23 -20.801 1.4624 0.022623 37771 3327 5138.9 0 0
1.254e+05 0.62575 0.37464 0.7569 -1.1718 0.3075 0 371.94 -27.829 1.4626 0.022621 37810 3329 5139.9 0 0
1.255e+05 0.58872 0.37701 0.78527 -1.1444 0.31937 0 333.63 -34.658 1.4645 0.022585 37862 3327 5140.9 0 0
1.256e+05 0.60271 0.42371 0.76654 -1.0274 0.31715 0 400.56 -23.123 1.4668 0.022765 37923 3332 5141.9 0 0
1.257e+05 0.57028 0.36607 0.7789 -1.2987 0.32516 0 378.35 -44.12 1.4688 0.022642 37980 3335 5143 0 0
1.258e+05 0.53719 0.40119 0.77434 -1.1853 0.3213 0 388.27 -46.258 1.4705 0.022583 38038 3339 5144.1 0 0
1.259e+05 0.54519 0.37492 0.80682 -1.2681 0.30363 0 384.22 -48.261 1.4704 0.022583 38077 3337 5145.3 0 0
1.26e+05 0.57822 0.36111 0.80636 -1.3957 0.33662 0 384.8 -43.848 1.473 0.022651 38125 3334 5146.6 0 0
1.261e+05 0.5669 0.39089 0.78462 -1.2379 0.32961 0 371.18 -36.635 1.4761 0.022704 38171 3333 5147.6 0 0
1.262e+05 0.55667 0.38988 0.78838 -1.3086 0.32473 0 388.36 -40.514 1.4793 0.022724 38207 3333 5148.7 0 0
1.263e+05 0.59617 0.38479 0.77368 -1.1332 0.32259 0 394.83 -29.969 1.4819 0.022765 38244 3338 5149.8 0 0
1.264e+05 0.61786 0.37143 0.79132 -1.1232 0.32554 0 387.66 -30.167 1.4838 0.022583 38282 3334 5150.7 0 0
1.265e+05 0.66121 0.41746 0.78385 -1.2252 0.32011 0 390.38 -15.297 1.4853 0.022648 38318 3337 5151.6 0 0
1.266e+05 0.60008 0.40281 0.75648 -0.79989 0.36264 0 401.27 -25.081 1.4875 0.022701 38353 3338 5152.3 0 0
1.267e+05 0.54067 0.39348 0.79809 -1.0776 0.33659 0 383.52 -46.098 1.4898 0.022724 38387 3340 5153.2 0 0
1.268e+05 0.60142 0.40903 0.78792 -0.93669 0.31561 0 399.07 -23.957 1.4912 0.022583 38432 3338 5154.1 0 0
1.269e+05 0.62665 0.39365 0.77293 -1.3529 0.31727 0 374.14 -21.681 1.4933 0.022605 38466 3339 5155 0 0
1.27e+05 0.58955 0.38747 0.79448 -1.0264 0.32295 0 414.37 -30.583 1.4962 0.022497 38489 3337 5155.8 0 0
1.271e+05 0.57049 0.37578 0.78842 -0.975 0.32093 0 399.35 -39.828 1.4983 0.022487 38524 3339 5156.8 0 0
1.272e+05 0.62784 0.38413 0.78432 -1.2691 0.33152 0 396.11 -24.172 1.5013 0.022468 38549 3342 5157.7 0 0
1.273e+05 0.54445 0.43263 0.77331 -1.0275 0.35881 0 404.7 -42.171 1.5036 0.022478 38586 3342 5158.6 0 0
1.274e+05 0.57113 0.42115 0.79919 -1.1386 0.30558 0 395.26 -31.589 1.5055 0.022477 38625 3342 5159.5 0 0
1.275e+05 0.59608 0.35589 0.78991 -1.3713 0.32104 0 408.78 -41.176 1.5078 0.022475 38660 3342 5160.6 0 0
1.276e+05 0.68499 0.37406 0.77534 -1.1518 0.33057 0 403.69 -20.577 1.5106 0.022352 38688 3343 5161.6 0 0
1.277e+05 0.62469 0.39315 0.81272 -1.2322 0.32412 0 397.54 -21.937 1.5132 0.022342 38719 3345 5162.4 0 0
1.278e+05 0.63364 0.34918 0.79955 -1.1635 0.30913 0 389.76 -34.911 1.5144 0.022347 38745 3343 5163.2 0 0
1.279e+05 0.6371 0.37633 0.8019 -1.202 0.31555 0 393.23 -25.336 1.514 0.022358 38770 3348 5164 0 0
1.28e+05 0.60135 0.38689 0.76833 -1.0319 0.34029 0 413.73 -27.74 1.5138 0.022336 38800 3350 5164.8 0 0
1.281e+05 0.53515 0.39709 0.8119 -1.1856 0.30234 0 407.65 -47.335 1.5128 0.02232 38826 3354 5165.6 0 0
1.282e+05 0.64235 0.3835 0.75916 -1.3605 0.32298 0 402.05 -22.166 1.5133 0.022364 38874 3349 5166.5 0 0
1.283e+05 0.60314 0.38179 0.80955 -1.3529 0.35419 0 403.68 -28.892 1.5147 0.022367 38927 3350 5167.4 0 0
1.284e+05 0.53458 0.38536 0.81226 -1.3523 0.31483 0 381.01 -48.551 1.5148 0.022435 38972 3355 5168.4 0 0
1.285e+05 0.59868 0.43035 0.7522 -1.2382 0.32064 0 363.84 -24.119 1.514 0.022427 39002 3353 5169.5 0 0
1.286e+05 0.62527 0.35076 0.77059 -1.0244 0.30721 0 383.51 -36.489 1.5132 0.022471 39027 3353 5170.3 0 0
1.287e+05 0.63348 0.39553 0.76324 -1.1546 0.29877 0 385.69 -20.145 1.5129 0.022477 39059 3353 5171.3 0 0
1.288e+05 0.55237 0.36209 0.78416 -0.91856 0.31614 0 381.07 -48.889 1.5121 0.022533 39085 3356 5172.2 0 0
1.289e+05 0.61281 0.37128 0.78159 -1.167 0.32605 0 384.1 -30.411 1.5123 0.022369 39130 3354 5173.2 0 0
1.29e+05 0.65569 0.39287 0.75193 -1.2572 0.33503 0 390.08 -18.25 1.5131 0.022456 39184 3356 5174 0 0
1.291e+05 0.58623 0.40499 0.76158 -1.1967 0.29961 0 396.43 -27.668 1.5148 0.02228 39250 3352 5174.8 0 0
1.292e+05 0.60838 0.36145 0.79835 -1.1319 0.31174 0 391.1 -35.35 1.5144 0.022389 39285 3355 5175.8 0 0
1.293e+05 0.60791 0.38123 0.78183 -1.2396 0.32299 0 367.15 -27.857 1.5143 0.022387 39323 3357 5176.6 0 0
1.294e+05 0.6181 0.38592 0.81764 -1.2809 0.31329 0 397.08 -24.576 1.5149 0.022434 39366 3356 5177.5 0 0
1.295e+05 0.58199 0.37547 0.7814 -1.2163 0.31596 0 415.94 -35.996 1.5174 0.022541 39426 3360 5178.4 0 0
1.296e+05 0.59274 0.3538 0.7672 -1.2691 0.32077 0 384.99 -42.447 1.52 0.022391 39492 3357 5179.4 0 0
1.297e+05 0.56595 0.38149 0.77671 -1.0593 0.32397 0 404.12 -38.895 1.5225 0.022281 39559 3356 5180.3 0 0
1.298e+05 0.61973 0.36518 0.80847 -1.1815 0.31195 0 413.72 -31.319 1.5246 0.02229 39619 3357 5181.2 0 0
1.299e+05 0.62537 0.36257 0.7766 -1.2241 0.30811 0 404.67 -31.226 1.5256 0.02231 39651 3355 5182.1 0 0
1.3e+05 0.57765 0.40815 0.79108 -1.1194 0.35016 0 399.21 -29.958 1.5272 0.022395 39707 3351 5183 0 0
1.301e+05 0.58767 0.38464 0.7944 -1.2994 0.33238 0 394.51 -31.199 1.5295 0.022469 39756 3352 5184 0 0
1.302e+05 0.56628 0.38322 0.77407 -1.085 0.3028 0 387.74 -38.138 1.5313 0.022464 39816 3353 5185 0 0
1.303e+05 0.62318 0.37949 0.77112 -1.3244 0.31168 0 408.71 -25.506 1.5327 0.022468 39867 3352 5185.9 0 0
1.304e+05 0.56405 0.41145 0.78577 -0.98028 0.31529 0 386.64 -34.18 1.5345 0.02228 39922 3349 5186.8 0 0
1.305e+05 0.62619 0.36525 0.77412 -1.1832 0.33701 0 392.52 -29.887 1.5366 0.022312 39982 3349 5187.7 0 0
1.306e+05 0.61767 0.35281 0.79796 -1.3386 0.32596 0 416.31 -37.592 1.5399 0.022265 40022 3348 5188.6 0 0
1.307e+05 0.59628 0.36901 0.76414 -1.2857 0.33594 0 390.64 -34.217 1.541 0.022323 40066 3349 5189.5 0 0
1.308e+05 0.62435 0.40248 0.77429 -1.3347 0.34196 0 387.71 -20.18 1.5427 0.022391 40122 3350 5190.4 0 0
1.309e+05 0.60732 0.38696 0.79165 -1.2902 0.33113 0 397.2 -25.981 1.5445 0.022416 40177 3351 5191.1 0 0
1.31e+05 0.56245 0.41509 0.78014 -1.2366 0.31241 0 401.29 -34.553 1.5443 0.022412 40205 3349 5191.9 0 0
1.311e+05 0.59041 0.38401 0.8047 -1.365 0.35232 0 407.38 -30.375 1.5436 0.022408 40230 3351 5192.8 0 0
1.312e+05 0.58495 0.38572 0.81311 -1.3019 0.36079 0 387.94 -31.316 1.5429 0.022349 40257 3350 5193.7 0 0
1.313e+05 0.56742 0.41387 0.80584 -1.0785 0.33363 0 386.52 -32.794 1.5421 0.022327 40285 3353 5194.6 0 0
1.314e+05 0.53502 0.42446 0.84981 -1.3557 0.32577 0 391.84 -45.969 1.5424 0.022327 40322 3355 5195.5 0 0
1.315e+05 0.56358 0.41202 0.76001 -1.1784 0.35645 0 380.02 -34.201 1.543 0.022371 40370 3357 5196.5 0 0
1.316e+05 0.59342 0.38486 0.81298 -1.1333 0.33541 0 397.51 -29.263 1.5422 0.022385 40395 3357 5197.5 0 0
1.317e+05 0.5732 0.41609 0.79906 -1.0646 0.34775 0 399.31 -30.825 1.542 0.022351 40429 3354 5198.4 0 0
1.318e+05 0.59629 0.39614 0.7935 -1.3011 0.31316 0 394.62 -26.336 1.5413 0.022342 40459 3354 5199.4 0 0
1.319e+05 0.56077 0.39186 0.77967 -1.141 0.32023 0 383.45 -37.328 1.5416 0.022353 40502 3356 5200.3 0 0
1.32e+05 0.62751 0.40739 0.76389 -1.2569 0.33205 0 402.61 -19.106 1.5416 0.02253 40537 3359 5201.1 0 0
1.321e+05 0.58756 0.38911 0.76758 -1.1743 0.33953 0 420.5 -29.516 1.5412 0.022558 40566 3365 5202 0 0
1.322e+05 0.61843 0.3885 0.77794 -1.0295 0.32116 0 386.01 -23.407 1.5405 0.022523 40597 3365 5202.7 0 0
1.323e+05 0.55444 0.38839 0.80056 -1.3838 0.34149 0 413.52 -40.331 1.5397 0.022568 40622 3367 5203.5 0 0
1.324e+05 0.59156 0.40179 0.79285 -1.2621 0.30706 0 383.02 -26.344 1.5398 0.022528 40664 3369 5204.2 0 0
1.325e+05 0.6125 0.39105 0.79675 -1.1591 0.32604 0 385.36 -23.767 1.5391 0.022518 40694 3371 5204.9 0 0
1.326e+05 0.57576 0.36092 0.78816 -1.1316 0.31492 0 403.57 -42.878 1.5386 0.02245 40728 3369 5205.7 0 0
1.327e+05 0.64714 0.36858 0.79676 -1.1787 0.34795 0 409.57 -25.512 1.5398 0.022492 40783 3367 5206.3 0 0
1.328e+05 0.69463 0.40173 0.78645 -1.1777 0.31851 0 399.78 -15.5 1.5401 0.02251 40829 3365 5207 0 0
1.329e+05 0.64733 0.41522 0.78623 -1.0942 0.3575 0 408.02 -16.389 1.5406 0.022488 40877 3361 5207.7 0 0
1.33e+05 0.66341 0.41434 0.76452 -1.1975 0.31556 0 422.25 -15.364 1.5401 0.022506 40905 3362 5208.4 0 0
1.331e+05 0.62969 0.40494 0.77639 -1.3058 0.29908 0 393.25 -18.893 1.5391 0.022499 40926 3363 5209.1 0 0
1.332e+05 0.64031 0.39615 0.83092 -1.1931 0.29561 0 408.62 -18.96 1.538 0.022502 40945 3362 5209.9 0 0
1.333e+05 0.67223 0.40894 0.82999 -1.4564 0.34289 0 407.11 -15.324 1.5383 0.022675 40987 3364 5210.5 0 0
1.334e+05 0.62611 0.38983 0.76994 -1.2872 0.30925 0 403.97 -21.916 1.5381 0.022786 41026 3367 5211.2 0 0
1.335e+05 0.6638 0.40296 0.83478 -1.1841 0.31036 0 389.68 -15.945 1.5386 0.022407 41067 3365 5211.8 0 0
1.336e+05 0.67459 0.46151 0.80084 -1.3128 0.31319 0 401.43 -21.747 1.5389 0.022454 41109 3365 5212.5 0 0
1.337e+05 0.65556 0.39496 0.76236 -1.1854 0.33362 0 401.33 -17.756 1.5397 0.022567 41164 3369 5213.1 0 0
1.338e+05 0.66586 0.42583 0.82209 -1.51 0.34198 0 404.54 -15.602 1.5411 0.022651 41223 3373 5213.7 0 0
1.339e+05 0.69777 0.39134 0.82517 -1.3855 0.30558 0 398.58 -16.84 1.5418 0.022747 41276 3376 5214.3 0 0
1.34e+05 0.66381 0.41938 0.76588 -1.2198 0.32756 0 409.6 -15.299 1.543 0.022768 41334 3380 5214.9 0 0
1.341e+05 0.63454 0.40955 0.79723 -1.2798 0.30876 0 399.89 -17.906 1.5451 0.022652 41409 3379 5215.6 0 0
1.342e+05 0.59819 0.42233 0.77553 -1.191 0.31578 0 389.76 -23.876 1.5466 0.022512 41470 3377 5216.4 0 0
1.343e+05 0.59413 0.44305 0.77638 -1.2748 0.35115 0 411.71 -26.032 1.5469 0.022646 41517 3378 5217.1 0 0
1.344e+05 0.64618 0.42329 0.77104 -1.3236 0.29763 0 388.68 -16.43 1.5486 0.022668 41583 3383 5217.7 0 0
1.345e+05 0.67089 0.44377 0.76129 -1.0055 0.30649 0 413.42 -17.734 1.55 0.022604 41637 3380 5218.3 0 0
1.346e+05 0.70256 0.42153 0.80278 -1.4119 0.35261 0 397.15 -16.206 1.5523 0.022606 41708 3381 5218.9 0 0
1.347e+05 0.62458 0.41739 0.76392 -1.0162 0.31627 0 375.38 -18.674 1.5532 0.022584 41752 3381 5219.6 0 0
1.348e+05 0.61825 0.41478 0.7889 -1.1088 0.31873 0 386.02 -19.944 1.5529 0.02263 41788 3382 5220.2 0 0
1.349e+05 0.64524 0.43208 0.74868 -0.96643 0.31847 0 397.56 -16.923 1.552 0.022634 41815 3383 5220.9 0 0
1.35e+05 0.65833 0.42912 0.76931 -1.2792 0.32297 0 395.33 -15.98 1.5514 0.022642 41844 3382 5221.5 0 0
1.351e+05 0.58586 0.43007 0.78102 -1.1535 0.30978 0 383.95 -27.098 1.5516 0.022585 41888 3386 5222.2 0 0
1.352e+05 0.68744 0.41308 0.79345 -1.3535 0.32088 0 398.58 -15.207 1.5509 0.022543 41917 3383 5222.8 0 0
1.353e+05 0.6457 0.37094 0.7948 -1.2638 0.3043 0 390.92 -24.772 1.55 0.022524 41940 3386 5223.5 0 0
1.354e+05 0.59192 0.46667 0.80318 -1.4105 0.36066 0 401.85 -31.72 1.5483 0.022541 41946 3383 5224.2 0 0
1.355e+05 0.63804 0.39077 0.78507 -1.398 0.32396 0 397.74 -19.991 1.5467 0.022526 41955 3388 5224.9 0 0
1.356e+05 0.6535 0.38978 0.84582 -1.1962 0.34827 0 408.51 -18.835 1.5454 0.022537 41970 3386 5225.6 0 0
1.357e+05 0.60128 0.39978 0.81588 -1.0269 0.32356 0 405.55 -24.374 1.5449 0.02244 42000 3389 5226.4 0 0
1.358e+05 0.65304 0.39512 0.80595 -1.3228 0.32761 0 407.41 -17.843 1.5453 0.02269 42040 3390 5227.2 0 0
1.359e+05 0.6122 0.38548 0.78097 -1.3347 0.33219 0 413.66 -24.937 1.5444 0.022574 42061 3391 5227.9 0 0
1.36e+05 0.65379 0.37491 0.76791 -1.2548 0.36845 0 390.01 -22.661 1.5436 0.022587 42086 3393 5228.6 0 0
1.361e+05 0.65798 0.39373 0.80216 -1.1851 0.32142 0 390.61 -17.572 1.5434 0.02258 42117 3396 5229.3 0 0
1.362e+05 0.6224 0.40616 0.82518 -0.90392 0.32524 0 392.98 -19.501 1.5429 0.022656 42145 3401 5230 0 0
1.363e+05 0.64231 0.41986 0.76812 -1.389 0.30804 0 389.48 -16.421 1.5433 0.022505 42185 3402 5230.7 0 0
1.364e+05 0.6507 0.42255 0.80217 -1.3331 0.34207 0 404.68 -15.856 1.5434 0.022513 42224 3401 5231.4 0 0
1.365e+05 0.71315 0.45881 0.80876 -1.4495 0.30692 0 388.63 -24.512 1.5431 0.022482 42257 3398 5232.1 0 0
1.366e+05 0.70781 0.4506 0.76094 -1.2346 0.32633 0 399.5 -21.848 1.5426 0.022492 42286 3400 5232.7 0 0
1.367e+05 0.66124 0.42506 0.83432 -1.2656 0.34029 0 391.19 -15.431 1.5422 0.022531 42316 3396 5233.3 0 0
1.368e+05 0.67416 0.4332 0.77458 -1.3631 0.35309 0 390.76 -16.137 1.5411 0.022522 42337 3394 5234 0 0
1.369e+05 0.68969 0.45374 0.78908 -1.3224 0.32287 0 399.99 -20.703 1.5395 0.022533 42345 3392 5234.6 0 0
1.37e+05 0.67329 0.44011 0.79376 -1.3352 0.32518 0 422.67 -17.076 1.5378 0.022523 42350 3393 5235.4 0 0
1.371e+05 0.57617 0.4107 0.82851 -1.3814 0.3435 0 400.95 -29.883 1.5363 0.022494 42361 3397 5236 0 0
1.372e+05 0.64344 0.43587 0.80865 -1.1395 0.34493 0 386.59 -17.106 1.5359 0.022466 42393 3395 5236.7 0 0
1.373e+05 0.65875 0.45493 0.79264 -1.2888 0.30694 0 395.66 -19.621 1.5345 0.022431 42407 3402 5237.4 0 0
1.374e+05 0.66845 0.47006 0.79224 -1.129 0.29809 0 399.67 -24.001 1.533 0.022424 42416 3403 5238.1 0.000163 0
1.375e+05 0.64624 0.41658 0.8287 -1.0952 0.34564 0 391.14 -16.026 1.5314 0.022399 42425 3407 5238.7 0 0
1.376e+05 0.68885 0.41639 0.79961 -1.4289 0.29407 0 388.91 -15.135 1.5297 0.022394 42430 3411 5239.4 0 0
1.377e+05 0.71029 0.41541 0.83803 -1.3412 0.34458 0 390.82 -16.014 1.5283 0.02237 42442 3413 5240 0 0
1.378e+05 0.65768 0.39644 0.81237 -1.1751 0.33846 0 389.81 -17.044 1.5268 0.022357 42452 3415 5240.7 0 0
1.379e+05 0.64939 0.46013 0.82573 -1.1404 0.35024 0 386.56 -20.901 1.5257 0.022361 42470 3415 5241.4 0 0
1.38e+05 0.5836 0.42087 0.781 -1.1964 0.33411 0 393.28 -27.244 1.5252 0.022376 42499 3411 5242.3 0 0
1.381e+05 0.54036 0.40502 0.80725 -1.4672 0.34562 0 398.32 -43.956 1.5247 0.022357 42530 3410 5243.1 0 0
1.382e+05 0.5421 0.41016 0.80241 -1.053 0.34316 0 387.68 -42.77 1.5243 0.022317 42562 3409 5243.9 0 0
1.383e+05 0.64908 0.45313 0.7874 -1.3633 0.32176 0 397.52 -19.311 1.5235 0.022375 42588 3413 5244.7 0 0
1.384e+05 0.58911 0.43978 0.81325 -1.2529 0.30132 0 388.52 -26.702 1.5227 0.022431 42613 3417 5245.5 0 0
1.385e+05 0.71037 0.41598 0.846 -1.3704 0.35007 0 380.76 -16.063 1.5219 0.022441 42637 3415 5246.2 0 0
1.386e+05 0.65598 0.4078 0.80486 -1.1675 0.34154 0 371.75 -15.775 1.5218 0.022375 42674 3413 5246.8 0 0
1.387e+05 0.64206 0.42206 0.75929 -1.3975 0.30588 0 389.48 -16.309 1.5228 0.022429 42727 3415 5247.5 0 0
1.388e+05 0.59735 0.4333 0.83607 -1.3396 0.31674 0 396.9 -24.153 1.5237 0.02229 42778 3415 5248.3 0 0
1.389e+05 0.54503 0.44427 0.75895 -1.2647 0.34982 0 401.69 -43.494 1.5231 0.022329 42806 3413 5249.1 0 0
1.39e+05 0.57663 0.47019 0.79861 -1.5125 0.3406 0 389.09 -37.858 1.5225 0.022378 42835 3416 5249.8 0.001866 0
1.391e+05 0.56468 0.42091 0.82297 -1.5 0.33193 0 413.64 -33.263 1.5222 0.022307 42870 3411 5250.6 0 0
1.392e+05 0.68044 0.46596 0.8489 -1.4252 0.31956 0 398.01 -23.289 1.5215 0.022319 42898 3411 5251.3 0 0
1.393e+05 0.70281 0.45585 0.86137 -1.5372 0.34383 0 399.34 -22.743 1.5213 0.022308 42940 3411 5252 0 0
1.394e+05 0.69784 0.45442 0.81324 -1.3458 0.33461 0 391.82 -21.655 1.5202 0.022341 42959 3417 5252.6 0 0
1.395e+05 0.6845 0.37791 0.82388 -1.2761 0.33154 0 390.15 -19.624 1.5189 0.02239 42973 3416 5253.2 0 0
1.396e+05 0.65895 0.47595 0.8024 -1.6483 0.32514 0 376.58 -26.547 1.5174 0.022394 42983 3415 5253.9 1.7699 0
1.397e+05 0.67954 0.46357 0.77894 -1.4381 0.33231 0 400.44 -22.368 1.517 0.022365 43016 3418 5254.6 0 0
1.398e+05 0.65661 0.44953 0.81405 -1.2434 0.30828 0 385.51 -18.176 1.5164 0.022431 43042 3420 5255.3 0 0
1.399e+05 0.6562 0.47062 0.79797 -1.2564 0.3046 0 378.79 -24.085 1.5153 0.022435 43061 3421 5256 0.019024 0
1.4e+05 0.62373 0.45248 0.79823 -1.4119 0.32855 0 378.14 -21.578 1.5155 0.022476 43108 3422 5256.7 0 0
1.401e+05 0.6498 0.43771 0.86741 -1.1368 0.32848 0 364.74 -16.722 1.5167 0.022298 43157 3420 5257.4 0 0
1.402e+05 0.68863 0.41376 0.79277 -1.3703 0.32396 0 371.72 -15.065 1.518 0.022571 43205 3423 5258.1 0 0
1.403e+05 0.66606 0.46715 0.77406 -1.2393 0.33196 0 387.68 -22.846 1.518 0.02271 43241 3426 5258.8 0 0
1.404e+05 0.61627 0.4521 0.80275 -1.2208 0.32495 0 392.62 -22.614 1.5172 0.022719 43267 3426 5259.5 0 0
1.405e+05 0.58246 0.45739 0.78524 -1.2427 0.31584 0 395.88 -31.981 1.5176 0.022575 43305 3425 5260.2 0 0
1.406e+05 0.55373 0.44925 0.74185 -1.1931 0.31876 0 402.14 -40.834 1.5172 0.022445 43335 3425 5261 0 0
1.407e+05 0.54366 0.42351 0.7822 -1.3592 0.34671 0 378.76 -41.958 1.5173 0.022508 43373 3423 5261.8 0 0
1.408e+05 0.61578 0.45338 0.78266 -1.3854 0.3118 0 369.5 -22.84 1.5174 0.022501 43407 3424 5262.6 0 0
1.409e+05 0.58762 0.42674 0.79254 -1.3194 0.36385 0 402.02 -25.931 1.5165 0.022596 43428 3426 5263.3 0 0
1.41e+05 0.60432 0.46156 0.80956 -1.4827 0.32482 0 388.19 -27.019 1.5158 0.022572 43454 3426 5264 0 0
1.411e+05 0.61706 0.40124 0.83301 -1.3995 0.31831 0 385.25 -20.687 1.5153 0.022491 43484 3423 5264.8 0 0
1.412e+05 0.57552 0.46216 0.7736 -1.2269 0.32261 0 382.67 -35.52 1.5153 0.022512 43517 3420 5265.5 0 0
1.413e+05 0.58525 0.44394 0.78823 -1.1423 0.32005 0 395.34 -28.348 1.5155 0.022594 43551 3422 5266.3 0 0
1.414e+05 0.61679 0.45344 0.78656 -1.167 0.31979 0 393.07 -22.641 1.515 0.022671 43578 3419 5267.1 0 0
1.415e+05 0.57562 0.41173 0.79241 -1.3372 0.32555 0 382.5 -29.745 1.5149 0.02266 43611 3421 5267.8 0 0
1.416e+05 0.62099 0.42742 0.82417 -1.5606 0.31737 0 396.76 -18.729 1.5144 0.022557 43640 3423 5268.6 0 0
1.417e+05 0.56013 0.36802 0.80439 -1.2123 0.35767 0 382.84 -44.877 1.5141 0.02255 43672 3426 5269.5 0 0
1.418e+05 0.64431 0.40931 0.7828 -1.3299 0.33419 0 398.73 -16.434 1.5141 0.022707 43707 3428 5270.3 0 0
1.419e+05 0.56541 0.4038 0.79197 -1.3558 0.32537 0 398.03 -33.83 1.514 0.022677 43737 3433 5271.1 0 0
1.42e+05 0.58592 0.43366 0.79922 -1.2209 0.3162 0 381.53 -26.641 1.5142 0.022715 43774 3432 5271.9 0 0
1.421e+05 0.64165 0.40287 0.79261 -1.2522 0.33336 0 385.48 -17.237 1.5134 0.022714 43797 3431 5272.6 0 0
1.422e+05 0.63882 0.41917 0.80022 -1.2418 0.31378 0 386.83 -16.594 1.5126 0.022698 43822 3431 5273.3 0 0
1.423e+05 0.54833 0.39842 0.80393 -1.1081 0.33955 0 387.34 -40.984 1.5117 0.022686 43846 3433 5274.1 0 0
1.424e+05 0.58716 0.43469 0.78758 -1.1402 0.32733 0 390.79 -26.315 1.5106 0.022682 43866 3437 5275 0 0
1.425e+05 0.55092 0.43679 0.79425 -1.3785 0.32086 0 376 -39.506 1.5095 0.022593 43884 3435 5275.9 0 0
1.426e+05 0.60864 0.38664 0.7818 -1.4193 0.31553 0 360.27 -25.135 1.5094 0.022595 43918 3438 5276.8 0 0
1.427e+05 0.58507 0.42971 0.80796 -1.4768 0.33842 0 368.65 -26.399 1.5089 0.022601 43948 3442 5277.6 0 0
1.428e+05 0.62855 0.36359 0.79996 -1.3445 0.31231 0 371.04 -29.799 1.508 0.022604 43970 3441 5278.4 0 0
1.429e+05 0.58411 0.44619 0.77847 -1.4091 0.32088 0 369.86 -29.018 1.507 0.022616 43990 3439 5279.2 0 0
1.43e+05 0.56258 0.40281 0.78635 -1.0433 0.35168 0 381.03 -34.703 1.5059 0.022543 44009 3439 5279.9 0 0
1.431e+05 0.58918 0.45824 0.81637 -1.3854 0.3544 0 370.18 -29.823 1.5049 0.022456 44029 3438 5280.7 0 0
1.432e+05 0.56716 0.42745 0.79485 -1.2549 0.33377 0 350.81 -32.288 1.5037 0.022467 44045 3435 5281.5 0 0
1.433e+05 0.59159 0.43904 0.77876 -1.3548 0.30471 0 370.07 -25.314 1.5027 0.02247 44068 3437 5282.2 0 0
1.434e+05 0.59713 0.40787 0.80592 -1.2517 0.33997 0 368.25 -23.755 1.5017 0.022479 44089 3442 5283 0 0
1.435e+05 0.57554 0.42611 0.79048 -0.99339 0.35509 0 389.57 -29.147 1.5014 0.022568 44121 3447 5283.7 0 0
1.436e+05 0.64416 0.39413 0.76123 -1.3188 0.36043 0 357.87 -18.461 1.5012 0.022589 44153 3444 5284.4 0 0
1.437e+05 0.62047 0.40157 0.78507 -1.3776 0.35263 0 373.13 -19.879 1.5014 0.022674 44190 3440 5285.2 0 0
1.438e+05 0.58016 0.38358 0.76593 -1.4902 0.35363 0 373.07 -32.791 1.5016 0.022622 44225 3444 5285.9 0 0
1.439e+05 0.55045 0.43152 0.77735 -1.3031 0.33944 0 387.13 -38.897 1.5014 0.022586 44259 3444 5286.7 0 0
1.44e+05 0.60153 0.38114 0.80483 -1.2224 0.34372 0 397.6 -27.83 1.5022 0.022674 44303 3446 5287.6 0 0
1.441e+05 0.59769 0.39901 0.78131 -1.3313 0.33559 0 415.47 -24.797 1.5033 0.022959 44346 3450 5288.4 0 0
1.442e+05 0.58953 0.43778 0.76363 -1.1268 0.32063 0 397.34 -25.788 1.5035 0.02302 44382 3449 5289.3 0 0
1.443e+05 0.57642 0.40289 0.82115 -1.2374 0.31029 0 386.7 -29.79 1.5038 0.023111 44423 3452 5290.1 0 0
1.444e+05 0.61989 0.39132 0.76054 -1.2585 0.31436 0 403.3 -21.797 1.5049 0.023066 44465 3452 5290.9 0 0
1.445e+05 0.52552 0.43713 0.7889 -1.3832 0.32203 0 389.21 -49.035 1.506 0.023023 44511 3449 5291.9 0 1.0055
1.446e+05 0.57624 0.41039 0.79914 -1.3571 0.32078 0 389.52 -29.025 1.5069 0.022906 44554 3450 5292.6 0 0
1.447e+05 0.584 0.38046 0.7731 -1.3576 0.31926 0 412.37 -32.371 1.5078 0.02299 44603 3450 5293.4 0 0
1.448e+05 0.59613 0.40209 0.78388 -1.3554 0.32327 0 402.72 -24.516 1.5089 0.023035 44644 3452 5294.3 0 0
1.449e+05 0.61327 0.41296 0.78593 -1.5179 0.36067 0 404.48 -20.134 1.5092 0.022953 44682 3450 5295.1 0 0
1.45e+05 0.53235 0.39353 0.77781 -1.6514 0.33798 0 405.01 -47.731 1.5098 0.022932 44716 3445 5295.9 0 0
1.451e+05 0.591 0.41931 0.78175 -1.4347 0.30961 0 412.3 -24.342 1.5104 0.02292 44754 3447 5296.7 0 0
1.452e+05 0.60401 0.36461 0.79558 -1.4251 0.31772 0 409.99 -33.918 1.5108 0.022943 44794 3450 5297.5 0 0
1.453e+05 0.55854 0.43804 0.82231 -1.371 0.33338 0 391.97 -36.525 1.5118 0.023058 44831 3449 5298.3 0 0
1.454e+05 0.58067 0.43169 0.78053 -1.5677 0.3403 0 405.62 -27.617 1.514 0.022884 44864 3449 5299.1 0 0
1.455e+05 0.55166 0.45855 0.78462 -1.3733 0.30263 0 394.49 -43.48 1.5149 0.0228 44902 3450 5299.9 0 0
1.456e+05 0.5722 0.44504 0.77502 -1.359 0.30883 0 367.3 -32.472 1.5152 0.022848 44939 3454 5300.6 0 0
1.457e+05 0.57387 0.42013 0.76989 -1.2916 0.33855 0 405.34 -29.312 1.5154 0.022919 44973 3457 5301.4 0 0
1.458e+05 0.58926 0.44381 0.78988 -1.3987 0.36311 0 417.89 -26.51 1.5158 0.022848 45009 3459 5302.1 0 0
1.459e+05 0.54459 0.41448 0.79965 -1.2486 0.32865 0 409.4 -40.755 1.5157 0.022785 45042 3462 5303 0 0
1.46e+05 0.56698 0.44379 0.81266 -1.2029 0.33053 0 417.62 -33.951 1.5148 0.022831 45063 3464 5303.9 0 0
1.461e+05 0.55583 0.4512 0.81176 -1.2192 0.31034 0 389.37 -39.585 1.5146 0.022748 45095 3463 5304.7 0 0
1.462e+05 0.61184 0.44535 0.81125 -1.4049 0.36604 0 407.11 -21.928 1.5147 0.022705 45129 3461 5305.5 0 0
1.463e+05 0.6309 0.4171 0.76114 -1.2594 0.33173 0 411.77 -17.247 1.5164 0.022703 45172 3462 5306.3 0 0
1.464e+05 0.56274 0.45795 0.80601 -1.4122 0.31496 0 383.44 -38.396 1.5186 0.022696 45206 3463 5307.1 0 0
1.465e+05 0.58566 0.36375 0.81906 -1.3208 0.31809 0 399.38 -38.363 1.5201 0.022657 45241 3469 5308 0 0
1.466e+05 0.55442 0.4093 0.79007 -1.3112 0.3525 0 394.02 -36.484 1.5223 0.022646 45276 3471 5309 0 0
1.467e+05 0.60176 0.38678 0.79835 -1.3121 0.34597 0 380.59 -26.026 1.5242 0.022589 45314 3476 5309.9 0 0
1.468e+05 0.56803 0.37664 0.83693 -1.6324 0.33789 0 376.41 -38.233 1.5243 0.0225 45349 3479 5310.9 0 0
1.469e+05 0.56366 0.35554 0.80485 -1.3524 0.32005 0 354.79 -47.791 1.5251 0.022469 45384 3484 5311.9 0 0
1.47e+05 0.64437 0.37272 0.82607 -1.2821 0.30974 0 372.2 -24.355 1.5245 0.022487 45411 3485 5312.7 0 0
1.471e+05 0.58396 0.41718 0.77313 -1.3503 0.32077 0 397.39 -25.932 1.524 0.022492 45439 3485 5313.5 0 0
1.472e+05 0.55926 0.44437 0.79696 -1.0514 0.32981 0 372.36 -36.623 1.5231 0.022549 45460 3494 5314.3 0 0
1.473e+05 0.55786 0.41895 0.81386 -1.1792 0.33428 0 388.54 -34.747 1.5223 0.022476 45483 3497 5315.1 0 0
1.474e+05 0.61059 0.37346 0.79355 -1.3808 0.34498 0 401.13 -28.787 1.5214 0.022366 45501 3495 5315.9 0 0
1.475e+05 0.56789 0.43791 0.81694 -1.7058 0.35746 0 383.49 -32.531 1.5201 0.022372 45514 3493 5316.9 0 0
1.476e+05 0.54988 0.38093 0.81461 -1.3293 0.32817 0 379.3 -43.535 1.5188 0.0224 45527 3493 5317.8 0 0
1.477e+05 0.54834 0.41522 0.78846 -1.3842 0.33753 0 378.25 -38.474 1.518 0.022381 45549 3496 5318.7 0 0
1.478e+05 0.60728 0.41385 0.81 -1.4007 0.32982 0 374.02 -20.88 1.517 0.022387 45567 3495 5319.5 0 0
1.479e+05 0.59062 0.42362 0.76802 -1.6574 0.37193 0 362.32 -24.096 1.5169 0.022383 45599 3496 5320.3 0 0
1.48e+05 0.55647 0.45963 0.76474 -1.2306 0.31419 0 391.19 -41.285 1.5167 0.02252 45623 3499 5321.2 0 0
1.481e+05 0.56216 0.43028 0.8012 -1.3748 0.37374 0 367.76 -33.534 1.5153 0.022558 45634 3493 5322 0 0
1.482e+05 0.58204 0.44038 0.80131 -1.1714 0.33362 0 399.17 -28.045 1.514 0.022523 45645 3498 5322.9 0 0
1.483e+05 0.65472 0.41942 0.77804 -1.2343 0.31253 0 369.29 -15.247 1.5135 0.022516 45669 3500 5323.8 0 0
1.484e+05 0.6381 0.47678 0.78288 -1.2033 0.29832 0 364.98 -27.663 1.5137 0.022409 45700 3500 5324.5 2.2998 0
1.485e+05 0.56502 0.44114 0.77648 -1.4938 0.31812 0 393.13 -33.809 1.5131 0.02239 45717 3503 5325.4 0 0
1.486e+05 0.53826 0.41217 0.82258 -1.11 0.31554 0 392.66 -43.057 1.5125 0.022466 45742 3506 5326.3 0 0
1.487e+05 0.57796 0.41543 0.78931 -1.3871 0.30998 0 365.77 -27.535 1.5114 0.022582 45755 3508 5327 0 0
1.488e+05 0.62482 0.39828 0.7458 -1.6302 0.32102 0 364.91 -19.679 1.5107 0.022547 45780 3512 5327.8 0 0
1.489e+05 0.57639 0.40423 0.79807 -1.3142 0.33879 0 404.68 -28.889 1.5093 0.022565 45787 3513 5328.7 0 0
1.49e+05 0.5352 0.41519 0.76576 -1.7051 0.3218 0 397.39 -44.155 1.5076 0.022444 45788 3532 5329.5 0 0
1.491e+05 0.57313 0.39624 0.76307 -1.2813 0.31228 0 396.5 -31.059 1.5058 0.022343 45788 3548 5330.3 0 0
1.492e+05 0.56796 0.39465 0.77745 -1.2543 0.37628 0 401.56 -32.97 1.5041 0.022305 45789 3554 5331.2 0 0
1.493e+05 0.61381 0.38777 0.8121 -1.3837 0.34575 0 411.43 -23.477 1.5024 0.022243 45789 3564 5332.1 0 0
1.494e+05 0.61537 0.40581 0.76783 -1.0135 0.34073 0 408.61 -20.069 1.5007 0.02223 45789 3566 5332.8 0 0
1.495e+05 0.62645 0.43185 0.81775 -1.3883 0.34174 0 400.24 -17.936 1.499 0.02223 45790 3566 5333.5 0 0
1.496e+05 0.61256 0.36992 0.80167 -1.5316 0.30914 0 396.19 -29.952 1.4973 0.022181 45790 3574 5334.2 0 0
1.497e+05 0.5884 0.42138 0.79552 -1.1794 0.31037 0 386.61 -24.382 1.4956 0.02215 45790 3579 5335 0 0
1.498e+05 0.59826 0.40888 0.8025 -1.3177 0.32331 0 395.75 -22.668 1.4938 0.022088 45790 3589 5335.8 0 0
1.499e+05 0.63111 0.44999 0.79103 -1.4434 0.32521 0 409.47 -19.861 1.4921 0.022051 45790 3595 5336.5 0 0
1.5e+05 0.67576 0.37968 0.7765 -1.4735 0.32472 0 400.43 -19.257 1.4904 0.022027 45790 3599 5337.2 0 0
1.501e+05 0.61877 0.44693 0.79383 -1.3123 0.33992 0 393.49 -21.023 1.4887 0.021953 45790 3611 5337.9 0 0
1.502e+05 0.54615 0.44408 0.80353 -1.1357 0.32694 0 397.26 -41.494 1.487 0.021929 45790 3615 5338.7 0 0
1.503e+05 0.56268 0.46073 0.80191 -1.3313 0.33731 0 374.43 -38.664 1.4852 0.021899 45790 3620 5339.5 0 0
1.504e+05 0.61396 0.44199 0.78863 -1.2986 0.3287 0 398.88 -20.787 1.4835 0.021899 45790 3620 5340.4 0 0
1.505e+05 0.54547 0.42902 0.80213 -1.2784 0.30495 0 410.03 -39.251 1.4818 0.021881 45790 3623 5341.2 0 0
1.506e+05 0.59426 0.4231 0.81819 -1.5288 0.34467 0 405.26 -22.898 1.4801 0.02185 45790 3628 5342.1 0 0
1.507e+05 0.59663 0.44349 0.79138 -1.1741 0.32965 0 400.52 -24.07 1.4784 0.02185 45790 3628 5342.8 0 0
1.508e+05 0.61883 0.37413 0.76438 -1.3072 0.34139 0 393.25 -26.859 1.4767 0.021838 45790 3630 5343.5 0 0
1.509e+05 0.59345 0.38505 0.7591 -1.4591 0.33373 0 400.1 -27.795 1.475 0.021814 45790 3634 5344.3 0 0
1.51e+05 0.56813 0.42479 0.76511 -1.3373 0.3202 0 390.91 -30.368 1.4733 0.021814 45790 3634 5345.1 0 0
1.511e+05 0.57032 0.38319 0.80296 -1.1249 0.3224 0 387.7 -34.904 1.4716 0.021814 45790 3634 5345.9 0 0
1.512e+05 0.54718 0.42201 0.80951 -1.2801 0.31678 0 414.63 -38.21 1.4699 0.021814 45790 3634 5346.7 0 0
1.513e+05 0.60958 0.38145 0.82097 -1.2227 0.33655 0 389.94 -25.712 1.4682 0.021814 45790 3634 5347.5 0 0
1.514e+05 0.55909 0.38537 0.83147 -1.0292 0.30921 0 393.53 -37.922 1.4665 0.021844 45790 3629 5348.3 0 0
1.515e+05 0.57738 0.39474 0.8274 -1.2825 0.31327 0 411.9 -29.723 1.4647 0.021826 45790 3632 5349 0 0
1.516e+05 0.57794 0.39909 0.78753 -1.1592 0.33084 0 407.42 -28.695 1.4631 0.021814 45791 3634 5349.8 0 0
1.517e+05 0.55979 0.40564 0.78875 -1.1903 0.31744 0 385.35 -33.657 1.4614 0.021802 45791 3636 5350.5 0 0
1.518e+05 0.621 0.43658 0.81834 -1.3685 0.3309 0 395.17 -18.811 1.4597 0.021755 45791 3644 5351.5 0 0
1.519e+05 0.5801 0.39597 0.7577 -1.2384 0.32087 0 399.31 -28.56 1.458 0.021707 45791 3652 5352.2 0 0
1.52e+05 0.59022 0.3889 0.7739 -1.359 0.34768 0 386.94 -27.323 1.4563 0.021695 45791 3654 5353 0 0
1.521e+05 0.55686 0.41405 0.77393 -1.3555 0.31431 0 390.21 -34.152 1.4546 0.021701 45791 3653 5353.9 0 0
1.522e+05 0.59605 0.37784 0.78708 -1.3984 0.32456 0 402.6 -29.376 1.4529 0.021654 45791 3661 5354.8 0 0
1.523e+05 0.53095 0.45088 0.78766 -1.1139 0.32943 0 408.86 -48.473 1.4512 0.021642 45791 3663 5355.7 0 0
1.524e+05 0.61499 0.45877 0.81102 -1.3381 0.31699 0 406.62 -23.751 1.4495 0.021624 45791 3666 5356.5 0 0
1.525e+05 0.54169 0.4098 0.80301 -1.2983 0.31249 0 439.02 -40.968 1.4478 0.021612 45791 3668 5357.3 0 0
1.526e+05 0.55051 0.39066 0.81222 -1.058 0.35176 0 431.31 -39.855 1.4461 0.021606 45791 3669 5358.2 0 0
1.527e+05 0.5423 0.40375 0.80288 -1.3539 0.32344 0 405.57 -41.321 1.4444 0.021595 45791 3671 5359.1 0 0
1.528e+05 0.56312 0.41207 0.78347 -1.5059 0.31216 0 402.81 -31.472 1.4427 0.021577 45791 3674 5360 0 0
1.529e+05 0.59284 0.37419 0.78045 -1.0072 0.32721 0 400.15 -31.342 1.4411 0.021594 45791 3671 5360.8 0 0
1.53e+05 0.53624 0.36792 0.77746 -1.4501 0.30771 0 400.9 -49.499 1.4394 0.021571 45791 3675 5361.6 0 0
1.531e+05 0.5397 0.35956 0.80291 -1.4571 0.29737 0 420.79 -49.834 1.4377 0.021583 45792 3673 5362.5 0 0
1.532e+05 0.60231 0.35562 0.79028 -1.1294 0.35832 0 418.52 -37.876 1.436 0.021565 45792 3676 5363.3 0 0
1.533e+05 0.5962 0.39716 0.79804 -1.2719 0.33867 0 391.14 -24.147 1.4343 0.021565 45792 3676 5364.2 0 0
1.534e+05 0.55125 0.38915 0.78955 -1.1251 0.34199 0 406 -39.641 1.4327 0.021577 45792 3674 5365.1 0 0
1.535e+05 0.6039 0.38395 0.7784 -1.326 0.30367 0 408.24 -25.663 1.431 0.021536 45792 3681 5366 0 0
1.536e+05 0.60016 0.38945 0.79896 -1.452 0.33987 0 404.45 -24.853 1.4293 0.021495 45792 3688 5366.9 0 0
1.537e+05 0.53745 0.37059 0.74935 -1.3028 0.35507 0 391.46 -48.875 1.4276 0.021472 45792 3692 5367.9 0 0
1.538e+05 0.54822 0.38949 0.76133 -1.1093 0.3294 0 404.71 -40.567 1.4259 0.02146 45792 3694 5368.9 0 0
1.539e+05 0.54328 0.38655 0.80884 -1.2957 0.33502 0 407.22 -43.196 1.4243 0.02146 45792 3694 5369.9 0 0
1.54e+05 0.59835 0.36504 0.79048 -1.0318 0.3597 0 400.12 -33.909 1.4226 0.02146 45792 3694 5370.9 0 0
1.541e+05 0.62161 0.36357 0.77291 -1.2678 0.33571 0 410.32 -30.525 1.4209 0.021408 45792 3703 5371.8 0 0
1.542e+05 0.59981 0.40241 0.80907 -1.4805 0.34414 0 425.28 -22.559 1.4193 0.021316 45792 3719 5372.6 0 0
1.543e+05 0.58366 0.37623 0.80666 -1.2984 0.32964 0 394.09 -32.241 1.4176 0.021299 45792 3722 5373.5 0 0
1.544e+05 0.6053 0.33798 0.79734 -1.2598 0.32169 0 399.56 -46.365 1.4159 0.021276 45792 3726 5374.4 0 0
1.545e+05 0.61508 0.3385 0.79695 -1.2377 0.31206 0 410.22 -43.225 1.4142 0.021241 45792 3732 5375.4 0 0
1.546e+05 0.60771 0.40197 0.77237 -1.2866 0.34803 0 418.14 -21.05 1.4126 0.021202 45792 3739 5376.3 0 0
1.547e+05 0.62461 0.36868 0.79436 -1.1971 0.33247 0 394.2 -27.651 1.4109 0.021213 45792 3737 5377.3 0 0
1.548e+05 0.58272 0.36414 0.80494 -1.5652 0.30211 0 414.56 -37.516 1.4092 0.021202 45792 3739 5378.4 0 0
1.549e+05 0.60801 0.37596 0.79347 -1.3377 0.32679 0 400.94 -27.364 1.4076 0.021185 45792 3742 5379.3 0 0
1.55e+05 0.62552 0.36424 0.78999 -1.3347 0.33107 0 392.37 -29.334 1.4059 0.021207 45792 3738 5380.3 0 0
1.551e+05 0.58561 0.38214 0.79857 -1.1601 0.31577 0 379.74 -29.621 1.4043 0.021168 45792 3745 5381.2 0 0
1.552e+05 0.59732 0.37123 0.82476 -1.2025 0.32657 0 425.33 -31.021 1.4026 0.021134 45792 3751 5382.1 0 0
1.553e+05 0.52714 0.40335 0.81246 -1.0966 0.33365 0 415.25 -47.311 1.4009 0.021123 45792 3753 5383.1 0 0.40847
1.554e+05 0.56644 0.39367 0.76152 -1.4172 0.3164 0 403.13 -32.56 1.3993 0.021089 45792 3759 5384 0 0
1.555e+05 0.58452 0.33718 0.76586 -1.2551 0.36551 0 406.57 -49.306 1.3976 0.02105 45792 3766 5385 0 0
1.556e+05 0.54297 0.40685 0.7969 -1.1882 0.33235 0 399.12 -40.126 1.396 0.021055 45792 3765 5385.9 0 0
1.557e+05 0.53655 0.38249 0.80902 -1.3865 0.33794 0 387.55 -46.491 1.3943 0.021016 45792 3772 5386.9 0 0
1.558e+05 0.59954 0.37984 0.8085 -1.4058 0.32903 0 420.45 -27.177 1.3926 0.021011 45792 3773 5387.8 0 0
1.559e+05 0.54112 0.39903 0.81115 -1.2712 0.3063 0 420.56 -41.642 1.391 0.020983 45792 3778 5388.8 0 0
1.56e+05 0.57481 0.41615 0.81437 -1.2384 0.31968 0 416.45 -27.543 1.3893 0.020955 45792 3783 5389.7 0 0
1.561e+05 0.5664 0.45244 0.80295 -1.2981 0.3499 0 415.37 -34.875 1.3877 0.020889 45792 3795 5390.7 0 0
1.562e+05 0.53092 0.42195 0.77031 -1.2653 0.30321 0 417.63 -45.282 1.386 0.020878 45792 3797 5391.6 0 0
1.563e+05 0.52628 0.39197 0.79439 -1.4182 0.31895 0 418.1 -48.405 1.3844 0.020867 45792 3799 5392.6 0 0.6904
1.564e+05 0.61064 0.36236 0.76671 -1.4583 0.34746 0 415.6 -32.248 1.3827 0.020845 45792 3803 5393.6 0 0
1.565e+05 0.58705 0.41176 0.79927 -1.2823 0.3483 0 420.48 -24.197 1.3811 0.020834 45792 3805 5394.5 0 0
1.566e+05 0.57657 0.44418 0.78472 -1.169 0.32515 0 401.97 -29.966 1.3794 0.02085 45792 3802 5395.4 0 0
1.567e+05 0.57023 0.36424 0.7634 -1.089 0.33967 0 401.15 -40.578 1.3778 0.02085 45792 3802 5396.3 0 0
1.568e+05 0.53597 0.38569 0.80419 -1.1885 0.31219 0 426.36 -45.735 1.3762 0.020867 45792 3799 5397.4 0 0
1.569e+05 0.57123 0.44793 0.78629 -1.6914 0.33228 0 398.01 -32.448 1.3745 0.020878 45792 3797 5398.3 0 0
1.57e+05 0.61335 0.36514 0.77701 -1.2846 0.32326 0 411.12 -30.519 1.3729 0.020872 45792 3798 5399.2 0 0
1.571e+05 0.63553 0.38012 0.78329 -1.4588 0.32865 0 386.72 -22.506 1.3712 0.020872 45792 3798 5400.1 0 0
1.572e+05 0.53698 0.40724 0.8242 -1.5064 0.32862 0 399.43 -42.298 1.3696 0.020834 45792 3805 5401.1 0 0
1.573e+05 0.5344 0.42412 0.82859 -1.2281 0.34514 0 404.64 -43.634 1.368 0.020823 45792 3807 5402.1 0 0
1.574e+05 0.61508 0.41885 0.75713 -1.1597 0.34051 0 400.87 -18.737 1.3663 0.020785 45792 3814 5402.9 0 0
1.575e+05 0.64846 0.39747 0.81414 -1.2808 0.31383 0 382.83 -17.075 1.3647 0.020818 45792 3808 5403.7 0 0
1.576e+05 0.52484 0.3935 0.82539 -1.369 0.34342 0 403.77 -48.44 1.363 0.020807 45792 3810 5404.5 0 1.3333
1.577e+05 0.52229 0.40366 0.81761 -1.582 0.34234 0 413.72 -48.765 1.3614 0.020807 45792 3810 5405.5 0 2.9712
1.578e+05 0.6016 0.36959 0.78805 -1.4111 0.3266 0 393.45 -30.382 1.3598 0.020807 45792 3810 5406.4 0 0
1.579e+05 0.56281 0.37294 0.80402 -1.4313 0.31808 0 404.04 -38.757 1.3581 0.020796 45792 3812 5407.4 0 0
1.58e+05 0.57616 0.37504 0.78878 -1.2259 0.34225 0 389.76 -33.853 1.3565 0.020769 45792 3817 5408.4 0 0
1.581e+05 0.53277 0.40006 0.79097 -1.4621 0.32872 0 411.23 -44.429 1.3549 0.020752 45792 3820 5409.3 0 0
1.582e+05 0.5452 0.43378 0.79967 -1.481 0.35613 0 417.91 -39.284 1.3533 0.020763 45792 3818 5410.3 0 0
1.583e+05 0.56364 0.36637 0.76869 -1.2495 0.34875 0 411.51 -40.924 1.3516 0.020758 45792 3819 5411.2 0 0
1.584e+05 0.60627 0.38133 0.80964 -1.2788 0.32994 0 406.43 -25.253 1.35 0.020758 45792 3819 5412 0 0
1.585e+05 0.61334 0.38398 0.77524 -1.5366 0.34154 0 423.13 -23.459 1.3484 0.020752 45792 3820 5412.9 0 0
1.586e+05 0.60377 0.36003 0.80403 -1.1313 0.32012 0 402.15 -33.751 1.3467 0.020747 45792 3821 5413.9 0 0
1.587e+05 0.61329 0.38643 0.77667 -1.1662 0.33477 0 411.81 -22.796 1.3451 0.020741 45792 3822 5414.7 0 0
1.588e+05 0.64993 0.38519 0.8162 -1.5018 0.34758 0 418.25 -19.736 1.3435 0.02072 45792 3826 5415.6 0 0
1.589e+05 0.57529 0.38777 0.77581 -1.3702 0.35082 0 406.35 -30.44 1.3419 0.020703 45792 3829 5416.4 0 0
1.59e+05 0.57528 0.40467 0.77367 -1.2653 0.3178 0 409.61 -27.386 1.3403 0.020693 45792 3831 5417.2 0 0
1.591e+05 0.68735 0.37738 0.80263 -1.5349 0.30576 0 414.27 -19.658 1.3386 0.020687 45792 3832 5418 0 0
1.592e+05 0.60148 0.36259 0.78858 -1.2653 0.31952 0 391.25 -32.869 1.337 0.020703 45792 3829 5418.8 0 0
1.593e+05 0.56373 0.36532 0.79695 -1.5452 0.33459 0 385.25 -41.227 1.3354 0.020687 45792 3832 5419.7 0 0
1.594e+05 0.54733 0.42065 0.8002 -1.3679 0.32049 0 416.28 -37.163 1.3338 0.020687 45792 3832 5420.6 0 0
1.595e+05 0.61934 0.41107 0.77443 -1.2265 0.33137 0 382.29 -18.18 1.3322 0.02066 45792 3837 5421.4 0 0
1.596e+05 0.61017 0.40993 0.8099 -1.6277 0.33585 0 402.42 -19.577 1.3305 0.020655 45792 3838 5422.1 0 0
1.597e+05 0.56669 0.40712 0.79996 -1.1623 0.32713 0 406.82 -29.754 1.3289 0.020639 45792 3841 5422.9 0 0
1.598e+05 0.56296 0.41582 0.81739 -1.3275 0.31684 0 434.92 -30.744 1.3273 0.02065 45792 3839 5423.8 0 0
1.599e+05 0.63417 0.41997 0.82205 -1.4836 0.32383 0 387.55 -16.352 1.3257 0.020639 45792 3841 5424.8 0 0
1.6e+05 0.59631 0.35656 0.79007 -1.4061 0.34186 0 403.43 -36.957 1.3241 0.020639 45792 3841 5425.7 0 0
1.601e+05 0.63588 0.34495 0.81001 -1.4288 0.31896 0 395.81 -35.614 1.3225 0.020612 45792 3846 5426.7 0 0
1.602e+05 0.64179 0.38117 0.75819 -1.121 0.31566 0 405.02 -21.391 1.3209 0.020575 45792 3853 5427.6 0 0
1.603e+05 0.62559 0.37364 0.75545 -1.3822 0.35158 0 427.63 -24.912 1.3193 0.020559 45792 3856 5428.6 0 0
1.604e+05 0.62619 0.34772 0.80788 -1.2543 0.35794 0 426.14 -36.328 1.3177 0.020553 45792 3857 5429.6 0 0
1.605e+05 0.57199 0.34739 0.79922 -1.0073 0.31162 0 387.59 -47.341 1.3161 0.020516 45792 3864 5430.7 0 0
1.606e+05 0.66164 0.34918 0.80776 -1.5779 0.346 0 393.83 -30.002 1.3144 0.020479 45792 3871 5431.8 0 0
1.607e+05 0.64848 0.32735 0.75094 -1.2966 0.33336 0 396.76 -40.09 1.3128 0.020468 45792 3873 5432.9 0 0
1.608e+05 0.60834 0.33087 0.79388 -1.4232 0.32796 0 402.95 -47.328 1.3112 0.020452 45792 3876 5433.9 0 0
1.609e+05 0.61459 0.35535 0.78774 -1.4533 0.32166 0 391.28 -34.233 1.3096 0.020405 45792 3885 5435 0 0
1.61e+05 0.65633 0.34804 0.76963 -1.4579 0.34855 0 406.86 -30.981 1.308 0.020384 45792 3889 5435.9 0 0
1.611e+05 0.62192 0.35122 0.74695 -1.3617 0.31367 0 395.45 -35.404 1.3064 0.020384 45792 3889 5437 0 0
1.612e+05 0.6043 0.34125 0.8556 -1.6411 0.32673 0 401 -43.038 1.3048 0.020363 45792 3893 5438.1 0 0
1.613e+05 0.60789 0.35309 0.77614 -1.5308 0.33499 0 401.07 -35.892 1.3032 0.020368 45792 3892 5439.1 0 0
1.614e+05 0.62291 0.36548 0.77493 -1.2696 0.31408 0 414.85 -28.403 1.3016 0.020353 45792 3895 5440.2 0 0
1.615e+05 0.54734 0.36101 0.7558 -1.4197 0.32543 0 396.38 -47.916 1.3 0.020347 45792 3896 5441.3 0 0
1.616e+05 0.58071 0.35673 0.79741 -1.3935 0.33624 0 400.06 -40.025 1.2984 0.020363 45792 3893 5442.5 0 0
1.617e+05 0.56999 0.33834 0.75105 -1.1588 0.30828 0 401.95 -49.528 1.2969 0.020358 45792 3894 5443.5 0 0
1.618e+05 0.58154 0.34716 0.74092 -1.0564 0.34189 0 408.57 -44.322 1.2953 0.020347 45792 3896 5444.5 0 0
1.619e+05 0.60817 0.33201 0.77641 -1.3306 0.33515 0 402.26 -45.686 1.2937 0.020306 45792 3904 5445.6 0 0
1.62e+05 0.65655 0.33542 0.78957 -1.205 0.3256 0 418.75 -35.704 1.2921 0.020301 45792 3905 5446.7 0 0
1.621e+05 0.65921 0.34267 0.78773 -1.3419 0.33293 0 406.49 -32.284 1.2905 0.020301 45792 3905 5447.7 0 0
1.622e+05 0.56132 0.37323 0.77319 -1.2718 0.36954 0 392.24 -38.511 1.2889 0.020295 45792 3906 5448.8 0 0
1.623e+05 0.64508 0.33263 0.77238 -1.2918 0.32233 0 390.1 -37.945 1.2873 0.020295 45792 3906 5449.7 0 0
1.624e+05 0.61942 0.33428 0.8402 -1.377 0.31436 0 418.57 -42.075 1.2857 0.020295 45792 3906 5450.7 0 0
1.625e+05 0.63855 0.32654 0.77597 -1.472 0.31206 0 392.61 -41.681 1.2841 0.020295 45792 3906 5451.7 0 0
1.626e+05 0.62981 0.32012 0.78191 -1.4835 0.36962 0 416.55 -45.205 1.2825 0.02029 45792 3907 5452.7 0 0
1.627e+05 0.62607 0.31902 0.78005 -1.3184 0.31261 0 392.93 -45.882 1.281 0.020306 45792 3904 5453.9 0 0
1.628e+05 0.60695 0.34911 0.75859 -1.5548 0.34718 0 407.51 -37.374 1.2794 0.020306 45792 3904 5455.1 0 0
1.629e+05 0.59544 0.32773 0.7345 -1.0356 0.33162 0 421.71 -48.51 1.2778 0.020295 45792 3906 5456.2 0 0
1.63e+05 0.61937 0.33031 0.79548 -1.2946 0.31411 0 406.53 -43.354 1.2762 0.020337 45792 3898 5457.5 0 0
1.631e+05 0.61831 0.31593 0.79053 -1.2965 0.32029 0 386.93 -46.935 1.2746 0.020301 45792 3905 5458.7 0 0
1.632e+05 0.59805 0.33941 0.77109 -1.3481 0.34277 0 409.64 -44.208 1.2731 0.020269 45792 3911 5460 0 0
1.633e+05 0.59951 0.33007 0.79227 -1.3526 0.33444 0 399.07 -46.806 1.2715 0.020259 45792 3913 5461.2 0 0
1.634e+05 0.57373 0.35131 0.74811 -1.4013 0.34834 0 392.46 -44.254 1.2699 0.020218 45792 3921 5462.4 0 0
1.635e+05 0.5927 0.34343 0.78998 -1.2167 0.31772 0 418.71 -43.568 1.2683 0.020238 45792 3917 5463.5 0 0
1.636e+05 0.56896 0.33678 0.76027 -1.3692 0.36127 0 418.67 -49.476 1.2667 0.020218 45792 3921 5464.7 0 0
1.637e+05 0.62945 0.31405 0.8137 -1.3705 0.35913 0 416.15 -44.915 1.2652 0.020207 45792 3923 5465.9 0 0
1.638e+05 0.60254 0.31186 0.81093 -1.4074 0.31434 0 395.5 -48.584 1.2636 0.020207 45792 3923 5467.2 0 0
1.639e+05 0.67241 0.33188 0.7739 -1.2975 0.33297 0 409.69 -35.294 1.262 0.020187 45792 3927 5468.3 0 0
1.64e+05 0.63792 0.28768 0.73926 -1.3827 0.32314 0 415.59 -42.776 1.2605 0.020182 45792 3928 5469.5 0 0
1.641e+05 0.61994 0.32399 0.77749 -1.356 0.33634 0 424.59 -44.625 1.2589 0.020182 45792 3928 5470.7 0 0
1.642e+05 0.63182 0.32161 0.79522 -1.3036 0.32876 0 402.29 -43.566 1.2573 0.020171 45792 3930 5471.9 0 0
1.643e+05 0.61105 0.32756 0.78527 -1.3938 0.36124 0 409.73 -44.316 1.2557 0.020171 45792 3930 5473 0 0
1.644e+05 0.59407 0.31619 0.79448 -1.2133 0.34207 0 393.35 -48.929 1.2542 0.020182 45792 3928 5474.3 0 0
1.645e+05 0.58557 0.30321 0.75997 -1.4158 0.33209 0 417.29 -49.529 1.2526 0.020182 45792 3928 5475.5 0 0
1.646e+05 0.6311 0.3035 0.74868 -1.2335 0.33068 0 403.53 -43.948 1.251 0.020146 45792 3935 5476.7 0 0
1.647e+05 0.5803 0.30622 0.77215 -1.4417 0.33386 0 410.09 -49.719 1.2495 0.020146 45792 3935 5478 0 0
1.648e+05 0.62257 0.342 0.72713 -1.218 0.32492 0 408.97 -37.829 1.2479 0.0201 45792 3944 5479.2 0 0
1.649e+05 0.60224 0.30336 0.69928 -1.257 0.3454 0 414.19 -47.969 1.2463 0.020105 45792 3943 5480.5 0 0
1.65e+05 0.58589 0.31285 0.7285 -1.2289 0.32986 0 414.72 -49.18 1.2448 0.02009 45792 3946 5481.7 0 0
1.651e+05 0.5942 0.3162 0.80154 -1.2216 0.32267 0 412.37 -48.276 1.2432 0.020069 45792 3950 5482.9 0 0
1.652e+05 0.60598 0.32729 0.76039 -1.2271 0.33106 0 416.51 -44.835 1.2417 0.020079 45792 3948 5484.2 0 0
1.653e+05 0.59745 0.31702 0.77165 -1.354 0.32123 0 430.9 -47.568 1.2401 0.020074 45792 3949 5485.4 0 0
1.654e+05 0.56605 0.33365 0.74173 -1.252 0.33905 0 404.85 -49.529 1.2385 0.020079 45792 3948 5486.8 0 0
1.655e+05 0.64763 0.32451 0.82041 -1.1889 0.3376 0 412.66 -40.394 1.237 0.020064 45792 3951 5488 0 0
1.656e+05 0.60414 0.30845 0.73986 -1.295 0.3327 0 401.73 -46.928 1.2354 0.020059 45792 3952 5489.2 0 0
1.657e+05 0.64909 0.30652 0.78687 -1.3674 0.34827 0 413.43 -41.159 1.2339 0.020029 45792 3958 5490.4 0 0
1.658e+05 0.61426 0.26142 0.75789 -1.3193 0.33031 0 425.54 -47.432 1.2323 0.020024 45792 3959 5491.5 0 0
1.659e+05 0.59191 0.29835 0.76309 -1.4179 0.31035 0 416.19 -48.762 1.2308 0.019988 45792 3966 5492.8 0 0
1.66e+05 0.60231 0.26571 0.79378 -1.3067 0.32169 0 427.92 -48.387 1.2292 0.019973 45792 3969 5494 0 0
1.661e+05 0.62421 0.2448 0.77888 -1.3034 0.33608 0 425.58 -48.744 1.2277 0.019958 45792 3972 5495.2 0 0
1.662e+05 0.5851 0.30427 0.76238 -1.3977 0.32215 0 408.91 -49.022 1.2261 0.019943 45792 3975 5496.6 0 0
1.663e+05 0.6239 0.25289 0.7807 -1.4757 0.33248 0 409.28 -47.374 1.2246 0.019938 45792 3976 5497.8 0 0
1.664e+05 0.62581 0.26652 0.71071 -1.1468 0.3519 0 408.09 -45.139 1.223 0.019928 45792 3978 5499.1 0 0
1.665e+05 0.63245 0.24045 0.73683 -1.1475 0.32342 0 422.65 -48.679 1.2215 0.019938 45792 3976 5500.3 0 0
1.666e+05 0.63672 0.25068 0.77995 -1.2812 0.32495 0 426.32 -46.101 1.2199 0.019913 45792 3981 5501.6 0 0
1.667e+05 0.58447 0.28394 0.78781 -1.3389 0.34772 0 415.9 -49.079 1.2184 0.019893 45792 3985 5502.9 0 0
1.668e+05 0.63192 0.25466 0.77416 -1.3619 0.31991 0 413.16 -45.637 1.2168 0.019873 45792 3989 5504.1 0 0
1.669e+05 0.57128 0.26717 0.82269 -1.3367 0.31889 0 404.48 -49.879 1.2153 0.019848 45792 3994 5505.4 0 0
1.67e+05 0.6439 0.26888 0.7476 -1.0658 0.33474 0 414.36 -42.37 1.2137 0.019853 45792 3993 5506.6 0 0
1.671e+05 0.56376 0.31583 0.78597 -1.4795 0.34121 0 418.69 -49.855 1.2122 0.019858 45792 3992 5507.8 0 0
1.672e+05 0.6055 0.32359 0.76968 -1.3846 0.3322 0 404.36 -45.356 1.2106 0.019863 45792 3991 5509.1 0 0
1.673e+05 0.62211 0.26496 0.79902 -1.4706 0.3259 0 415.4 -45.311 1.2091 0.019843 45792 3995 5510.4 0 0
1.674e+05 0.62273 0.2548 0.73653 -1.2308 0.34318 0 397.07 -46.673 1.2076 0.019833 45792 3997 5511.6 0 0
1.675e+05 0.64727 0.26498 0.75601 -1.1799 0.33186 0 424.45 -42.44 1.206 0.019833 45792 3997 5512.8 0 0
1.676e+05 0.63447 0.31814 0.73759 -1.0812 0.36334 0 425.38 -42.696 1.2045 0.019828 45792 3998 5513.9 0 0
1.677e+05 0.59936 0.30554 0.80811 -1.2825 0.31057 0 436.53 -47.101 1.2029 0.019833 45792 3997 5515.1 0 0
1.678e+05 0.62736 0.29623 0.78316 -1.4602 0.34798 0 418.21 -42.9 1.2014 0.019823 45792 3999 5516.3 0 0
1.679e+05 0.59289 0.26847 0.76937 -1.2551 0.32016 0 398.23 -48.427 1.1999 0.019809 45792 4002 5517.5 0 0
1.68e+05 0.61291 0.27779 0.77699 -1.3216 0.32538 0 416.19 -45.135 1.1983 0.019804 45792 4003 5518.8 0 0
1.681e+05 0.67812 0.27816 0.74399 -1.1485 0.31892 0 427.66 -38.231 1.1968 0.019794 45792 4005 5520 0 0
1.682e+05 0.61967 0.2982 0.74042 -1.0113 0.30678 0 422.76 -43.702 1.1953 0.019794 45792 4005 5521.2 0 0
1.683e+05 0.66049 0.24595 0.74285 -1.1821 0.32831 0 400.04 -44.729 1.1937 0.019784 45792 4007 5522.4 0 0
1.684e+05 0.64967 0.27408 0.80727 -1.1368 0.31802 0 412.37 -40.46 1.1922 0.019789 45792 4006 5523.5 0 0
1.685e+05 0.62169 0.29276 0.74556 -1.027 0.31173 0 403.51 -43.14 1.1907 0.019789 45792 4006 5524.8 0 0
1.686e+05 0.59157 0.28432 0.75237 -1.0811 0.3629 0 429.9 -48.108 1.1892 0.019789 45792 4006 5525.9 0 0
1.687e+05 0.59406 0.2907 0.78108 -1.1772 0.3274 0 413.32 -47.751 1.1876 0.019774 45792 4009 5527.1 0 0
1.688e+05 0.68636 0.31962 0.81105 -1.2933 0.31073 0 418.89 -36.344 1.1861 0.019759 45792 4012 5528.3 0 0
1.689e+05 0.63684 0.31461 0.75768 -1.2044 0.33177 0 402.94 -42.11 1.1846 0.019754 45792 4013 5529.4 0 0
1.69e+05 0.61111 0.29725 0.76686 -1.2498 0.32469 0 412.29 -44.631 1.183 0.019739 45792 4016 5530.6 0 0
1.691e+05 0.63536 0.31099 0.7527 -1.2407 0.35301 0 417.31 -41.881 1.1815 0.019749 45792 4014 5531.8 0 0
1.692e+05 0.64662 0.32152 0.74521 -1.2273 0.32727 0 422.59 -40.368 1.18 0.019754 45792 4013 5533 0 0
1.693e+05 0.64804 0.28292 0.73011 -1.2903 0.33203 0 408.99 -39.59 1.1785 0.019749 45792 4014 5534.2 0 0
1.694e+05 0.64444 0.32855 0.76885 -1.4248 0.30695 0 424.09 -39.061 1.1769 0.019754 45792 4013 5535.4 0 0
1.695e+05 0.58372 0.31598 0.7946 -1.2541 0.37313 0 426.89 -48.343 1.1754 0.019769 45792 4010 5536.7 0 0
1.696e+05 0.62663 0.30883 0.74903 -1.1885 0.32724 0 402.06 -42.273 1.1739 0.019769 45792 4010 5537.9 0 0
1.697e+05 0.65885 0.24459 0.75618 -1.1964 0.33939 0 428.92 -45.075 1.1724 0.019769 45792 4010 5539.1 0 0
1.698e+05 0.62258 0.28556 0.78879 -1.1346 0.31511 0 396.01 -42.677 1.1709 0.019759 45792 4012 5540.3 0 0
1.699e+05 0.58808 0.27881 0.76963 -1.2752 0.33554 0 394.42 -48.396 1.1694 0.019744 45792 4015 5541.5 0 0
1.7e+05 0.62053 0.27404 0.75752 -1.3151 0.32993 0 409.42 -43.723 1.1678 0.01973 45792 4018 5542.7 0 0
1.701e+05 0.60219 0.29445 0.78017 -1.2428 0.3352 0 418.58 -45.795 1.1663 0.019735 45792 4017 5543.9 0 0
1.702e+05 0.62219 0.31357 0.74921 -1.1086 0.30337 0 409.79 -42.783 1.1648 0.01971 45792 4022 5545 0 0
1.703e+05 0.60677 0.31716 0.74892 -1.2179 0.35413 0 406.9 -44.639 1.1633 0.019715 45792 4021 5546.2 0 0
1.704e+05 0.64906 0.329 0.79108 -1.3727 0.30822 0 402.25 -38.377 1.1618 0.019739 45792 4016 5547.3 0 0
1.705e+05 0.6253 0.33103 0.79388 -1.3869 0.30215 0 406.65 -41 1.1603 0.019735 45792 4017 5548.6 0 0
1.706e+05 0.6195 0.31007 0.77717 -1.4455 0.33929 0 401.7 -42.64 1.1588 0.019739 45792 4016 5549.8 0 0
1.707e+05 0.58879 0.29295 0.77153 -1.1125 0.34316 0 427.94 -48.081 1.1572 0.019739 45792 4016 5551 0 0
1.708e+05 0.59074 0.30602 0.76007 -1.1343 0.35601 0 410.42 -47.505 1.1557 0.019744 45792 4015 5552.2 0 0
1.709e+05 0.61529 0.31776 0.75633 -1.4397 0.3207 0 417.17 -43.237 1.1542 0.019725 45792 4019 5553.4 0 0
1.71e+05 0.64098 0.32623 0.76498 -1.4033 0.30935 0 427.35 -39.866 1.1527 0.01972 45792 4020 5554.6 0 0
1.711e+05 0.5817 0.31306 0.81266 -1.2577 0.32501 0 426.61 -48.169 1.1512 0.019695 45792 4025 5555.8 0 0
1.712e+05 0.63482 0.31607 0.77173 -1.1277 0.3343 0 405.2 -40.945 1.1497 0.019676 45792 4029 5557 0 0
1.713e+05 0.62513 0.28591 0.75096 -1.2401 0.33982 0 396.1 -41.809 1.1482 0.019642 45792 4036 5558.2 0 0
1.714e+05 0.61368 0.2841 0.7612 -1.1653 0.32677 0 417.62 -43.79 1.1467 0.019632 45792 4038 5559.3 0 0
1.715e+05 0.60698 0.27844 0.79089 -1.3704 0.34508 0 410.92 -45.333 1.1452 0.019642 45792 4036 5560.5 0 0
1.716e+05 0.60748 0.29302 0.79658 -1.1881 0.34981 0 421.47 -44.38 1.1437 0.019632 45792 4038 5561.7 0 0
1.717e+05 0.59365 0.32626 0.7983 -1.4066 0.30776 0 390.74 -45.948 1.1422 0.019622 45792 4040 5562.9 0 0
1.718e+05 0.60441 0.32738 0.73123 -1.2979 0.32063 0 415.35 -44.134 1.1407 0.019617 45792 4041 5564.1 0 0
1.719e+05 0.56984 0.33354 0.80642 -1.4194 0.32717 0 403.07 -49.081 1.1392 0.019613 45792 4042 5565.3 0 0
1.72e+05 0.58659 0.30277 0.7787 -1.2669 0.30996 0 409.83 -47.561 1.1377 0.019598 45792 4045 5566.5 0 0
1.721e+05 0.61301 0.31897 0.80027 -1.3554 0.33026 0 437.27 -42.785 1.1362 0.019608 45792 4043 5567.6 0 0
1.722e+05 0.63178 0.33027 0.79567 -1.3813 0.32181 0 422 -40.14 1.1347 0.019603 45792 4044 5568.8 0 0
1.723e+05 0.65822 0.31664 0.74801 -1.2042 0.32153 0 401.13 -38.556 1.1332 0.019613 45792 4042 5569.9 0 0
1.724e+05 0.61443 0.31306 0.80642 -1.5647 0.31723 0 411.26 -42.333 1.1317 0.019608 45792 4043 5571.1 0 0
1.725e+05 0.62542 0.32912 0.7875 -1.2774 0.34115 0 428.88 -40.743 1.1302 0.019599 45792 4045 5572.2 0 0
1.726e+05 0.60115 0.30477 0.7767 -1.3557 0.31822 0 409.01 -44.647 1.1287 0.019599 45793 4045 5573.4 0 0
1.727e+05 0.60601 0.31345 0.77847 -1.3253 0.33071 0 394.61 -43.628 1.1272 0.019609 45793 4043 5574.5 0 0
1.728e+05 0.61639 0.26984 0.78108 -1.4206 0.32857 0 378.41 -44.43 1.1257 0.019599 45793 4045 5575.7 0 0
1.729e+05 0.63826 0.30403 0.80501 -1.4603 0.32652 0 407.58 -39.592 1.1243 0.019594 45793 4046 5576.8 0 0
1.73e+05 0.6362 0.2786 0.74041 -1.3449 0.33367 0 404.18 -40.404 1.1228 0.019594 45793 4046 5578.1 0 0
1.731e+05 0.56479 0.32803 0.77638 -1.4109 0.31531 0 411.6 -49.509 1.1213 0.019585 45793 4048 5579.3 0 0
1.732e+05 0.62067 0.31165 0.77738 -1.38 0.32448 0 399.82 -41.285 1.1198 0.01957 45793 4051 5580.5 0 0
1.733e+05 0.60929 0.30145 0.7634 -1.1922 0.30499 0 400.54 -43.075 1.1183 0.019566 45793 4052 5581.7 0 0
1.734e+05 0.65672 0.31241 0.74624 -1.3819 0.34025 0 387.96 -38.372 1.1168 0.019561 45793 4053 5582.9 0 0
1.735e+05 0.60261 0.32506 0.76716 -1.5273 0.31718 0 375.23 -43.862 1.1153 0.019556 45793 4054 5584 0 0
1.736e+05 0.64574 0.32097 0.75128 -1.5202 0.30133 0 399.6 -39.097 1.1139 0.019546 45793 4056 5585.2 0 0
1.737e+05 0.58005 0.32193 0.77331 -1.2662 0.33944 0 394.33 -47.746 1.1124 0.019561 45793 4053 5586.4 0 0
1.738e+05 0.59644 0.28591 0.75198 -1.3914 0.32648 0 395.41 -46.207 1.1109 0.019546 45793 4056 5587.5 0 0
1.739e+05 0.66495 0.31712 0.75352 -1.1491 0.34246 0 377.01 -37.851 1.1094 0.019522 45793 4061 5588.7 0 0
1.74e+05 0.59998 0.33651 0.75424 -1.2458 0.32447 0 410.08 -42.966 1.1079 0.019518 45793 4062 5589.9 0 0
1.741e+05 0.60927 0.33785 0.75284 -1.4083 0.31165 0 390.1 -40.719 1.1064 0.019503 45793 4065 5591.1 0 0
1.742e+05 0.63062 0.30806 0.78925 -1.2071 0.31118 0 387.06 -39.858 1.105 0.019494 45793 4067 5592.3 0 0
1.743e+05 0.5944 0.32208 0.80938 -1.2768 0.33401 0 424.33 -44.958 1.1035 0.019498 45794 4066 5593.5 0 0
1.744e+05 0.6241 0.32725 0.78881 -1.119 0.33795 0 403.04 -40.246 1.102 0.019498 45794 4066 5594.6 0 0
1.745e+05 0.60235 0.29776 0.73027 -1.3454 0.3448 0 408.38 -44.026 1.1006 0.019498 45795 4066 5595.8 0 0
1.746e+05 0.5963 0.31436 0.74927 -1.2248 0.33947 0 407.78 -44.493 1.0991 0.019503 45795 4065 5597.1 0 0
1.747e+05 0.58036 0.3265 0.76484 -1.3124 0.33335 0 404.97 -47.191 1.0976 0.019489 45795 4068 5598.3 0 0
1.748e+05 0.59838 0.29647 0.77921 -1.3098 0.32988 0 402.02 -44.783 1.0962 0.019508 45795 4064 5599.5 0 0
1.749e+05 0.58876 0.32009 0.76348 -1.0299 0.33516 0 430.93 -45.551 1.0947 0.019498 45795 4066 5600.8 0 0
1.75e+05 0.59475 0.33276 0.78421 -1.3726 0.29937 0 411.4 -44.226 1.0932 0.019508 45795 4064 5602.1 0 0
1.751e+05 0.59065 0.31064 0.77217 -1.5334 0.34564 0 425.7 -45.413 1.0917 0.019484 45795 4069 5603.3 0 0
1.752e+05 0.57404 0.33895 0.78316 -1.4092 0.31537 0 411.04 -47.421 1.0903 0.019469 45795 4072 5604.5 0 0
1.753e+05 0.61595 0.32107 0.74908 -1.7082 0.34876 0 421.89 -41.191 1.0888 0.01946 45795 4074 5605.8 0 0
1.754e+05 0.57746 0.30602 0.77182 -1.5667 0.34178 0 405.92 -47.677 1.0873 0.019474 45795 4071 5607 0 0
1.755e+05 0.59284 0.29573 0.7446 -1.2458 0.34426 0 395.74 -45.611 1.0859 0.019479 45795 4070 5608.3 0 0
1.756e+05 0.6114 0.34006 0.78906 -1.4473 0.344 0 414.47 -39.582 1.0844 0.019484 45795 4069 5609.5 0 0
1.757e+05 0.60215 0.30502 0.75348 -1.076 0.33307 0 393 -43.314 1.0829 0.019498 45795 4066 5610.6 0 0
1.758e+05 0.608 0.33011 0.74322 -1.2599 0.33426 0 409.5 -41.476 1.0815 0.019503 45796 4065 5611.7 0 0
1.759e+05 0.62099 0.32422 0.76028 -1.4224 0.33812 0 400.41 -40.185 1.08 0.019489 45796 4068 5612.8 0 0
1.76e+05 0.57264 0.34756 0.77114 -1.2513 0.33951 0 405.09 -45.7 1.0785 0.019493 45796 4067 5614 0 0
1.761e+05 0.59667 0.33549 0.81055 -1.4594 0.34675 0 414.69 -42.947 1.0771 0.019498 45796 4066 5615.2 0 0
1.762e+05 0.60046 0.32801 0.77903 -1.1002 0.33486 0 407.78 -42.535 1.0756 0.019508 45796 4064 5616.5 0 0
1.763e+05 0.57834 0.32904 0.75146 -1.4297 0.32857 0 400.43 -46.613 1.0742 0.019508 45796 4064 5617.6 0 0
1.764e+05 0.6087 0.32196 0.77967 -1.4467 0.33133 0 420.13 -41.482 1.0727 0.019508 45796 4064 5618.8 0 0
1.765e+05 0.5646 0.32785 0.80447 -0.93329 0.3379 0 422.45 -48.758 1.0712 0.019484 45796 4069 5620 0 0
1.766e+05 0.56905 0.30111 0.79374 -1.4837 0.34847 0 407.69 -49.051 1.0698 0.019484 45796 4069 5621.2 0 0
1.767e+05 0.57658 0.32314 0.73047 -1.5674 0.34112 0 405.88 -46.706 1.0683 0.019474 45796 4071 5622.4 0 0
1.768e+05 0.56555 0.31748 0.78209 -1.1985 0.33211 0 388.93 -48.534 1.0669 0.01946 45796 4074 5623.6 0 0
1.769e+05 0.61429 0.2969 0.78843 -1.3852 0.32266 0 400.92 -41.761 1.0654 0.01945 45796 4076 5624.8 0 0
1.77e+05 0.59142 0.32525 0.75567 -1.2566 0.35001 0 410.7 -43.864 1.064 0.01945 45796 4076 5626 0 0
1.771e+05 0.59768 0.30059 0.83923 -1.3989 0.32446 0 419.46 -44.049 1.0625 0.019417 45796 4083 5627.3 0 0
1.772e+05 0.57207 0.27732 0.75185 -1.2305 0.3996 0 416.46 -49.49 1.061 0.019412 45796 4084 5628.5 0 0
1.773e+05 0.58205 0.27721 0.77576 -1.4574 0.31265 0 407.7 -48.585 1.0596 0.019417 45796 4083 5629.9 0 0
1.774e+05 0.55901 0.29803 0.77675 -1.2724 0.3352 0 400.5 -49.5 1.0581 0.019407 45796 4085 5631.1 0 0
1.775e+05 0.62869 0.27724 0.75964 -1.376 0.32777 0 425.03 -41.331 1.0567 0.019422 45796 4082 5632.3 0 0
1.776e+05 0.58747 0.24501 0.77108 -1.3887 0.32533 0 413.15 -49.758 1.0552 0.019417 45797 4083 5633.6 0 0
1.777e+05 0.57362 0.28647 0.74434 -1.49 0.32919 0 411.14 -48.872 1.0538 0.019426 45797 4081 5634.9 0 0
1.778e+05 0.59367 0.22102 0.7553 -1.6411 0.34243 0 376.77 -49.998 1.0523 0.019393 45797 4088 5636.2 0 0
1.779e+05 0.58689 0.24606 0.76031 -1.2358 0.31785 0 389.47 -49.597 1.0509 0.019355 45797 4096 5637.5 0 0
1.78e+05 0.57936 0.3037 0.79106 -1.4303 0.31896 0 417.64 -46.931 1.0495 0.01936 45797 4095 5638.8 0 0
1.781e+05 0.58948 0.31717 0.78163 -1.3089 0.37762 0 403.13 -44.325 1.048 0.019322 45797 4103 5640.1 0 0
1.782e+05 0.59116 0.26101 0.767 -1.3677 0.32921 0 411.82 -48.588 1.0466 0.019304 45797 4107 5641.3 0 0
1.783e+05 0.58319 0.25982 0.79154 -1.5498 0.34051 0 424.49 -49.118 1.0451 0.019318 45797 4104 5642.6 0 0
1.784e+05 0.52884 0.31948 0.72824 -1.5447 0.33845 0 425.8 -49.998 1.0437 0.019304 45797 4107 5643.9 0 0.066781
1.785e+05 0.59002 0.26784 0.78607 -1.4098 0.33522 0 416.01 -47.819 1.0422 0.019313 45797 4105 5645.2 0 0
1.786e+05 0.59258 0.32403 0.73468 -1.2686 0.34334 0 382.04 -43.555 1.0408 0.019304 45797 4107 5646.4 0 0
1.787e+05 0.58667 0.32543 0.75124 -1.3253 0.33729 0 411.62 -44.457 1.0393 0.019299 45797 4108 5647.7 0 0
1.788e+05 0.58559 0.296 0.70084 -1.3606 0.3255 0 411.52 -46.008 1.0379 0.019299 45797 4108 5649 0 0
1.789e+05 0.59374 0.30939 0.78377 -1.5857 0.34544 0 390.35 -43.962 1.0365 0.019294 45797 4109 5650.2 0 0
1.79e+05 0.5714 0.31668 0.75134 -1.4668 0.33828 0 423.86 -46.916 1.035 0.019289 45798 4110 5651.5 0 0
1.791e+05 0.56775 0.33594 0.76841 -1.5054 0.33139 0 399.29 -47.522 1.0336 0.01928 45798 4112 5652.7 0 0
1.792e+05 0.58488 0.28486 0.70022 -1.2534 0.33692 0 389.77 -47.017 1.0322 0.019266 45798 4115 5653.9 0 0
1.793e+05 0.59295 0.29263 0.76116 -1.3513 0.32142 0 396.56 -44.967 1.0307 0.019285 45798 4111 5655.2 0 0
1.794e+05 0.60208 0.33629 0.6824 -1.2287 0.35398 0 394.32 -41.1 1.0293 0.019289 45798 4110 5656.5 0 0
1.795e+05 0.57976 0.29851 0.75135 -1.2024 0.33845 0 396.81 -46.441 1.0278 0.019271 45798 4114 5657.7 0 0
1.796e+05 0.59607 0.31545 0.76645 -1.1493 0.32984 0 399.27 -42.968 1.0264 0.019271 45798 4114 5658.9 0 0
1.797e+05 0.59577 0.26432 0.78485 -1.6032 0.32756 0 396.68 -47.531 1.025 0.019257 45798 4117 5660.2 0 0
1.798e+05 0.61177 0.3048 0.72206 -1.3927 0.32591 0 412.13 -41.002 1.0235 0.019252 45798 4118 5661.5 0 0
1.799e+05 0.58639 0.34136 0.70864 -1.3333 0.32903 0 401.22 -43.408 1.0221 0.019275 45798 4113 5662.7 0 0
1.8e+05 0.60436 0.29514 0.74627 -1.4382 0.35655 0 415.02 -42.726 1.0207 0.019275 45798 4113 5663.9 0 0
1.801e+05 0.60964 0.32484 0.78692 -1.1985 0.35446 0 434.03 -40.469 1.0192 0.019261 45798 4116 5665.2 0 0
1.802e+05 0.60669 0.33185 0.7915 -1.0906 0.30826 0 405.21 -40.388 1.0178 0.019247 45798 4119 5666.4 0 0
1.803e+05 0.56656 0.34031 0.74466 -1.2744 0.3516 0 400.74 -47.311 1.0164 0.019261 45798 4116 5667.6 0 0
1.804e+05 0.60394 0.29596 0.79536 -1.3989 0.31917 0 398.25 -42.582 1.015 0.019252 45799 4117 5668.7 0 0
1.805e+05 0.62906 0.3074 0.7582 -1.2796 0.32614 0 409.65 -39.156 1.0136 0.019248 45799 4118 5669.9 0 0
1.806e+05 0.58144 0.27939 0.75294 -1.7006 0.32281 0 407.81 -47.534 1.0121 0.019225 45799 4123 5671.1 0 0
1.807e+05 0.66415 0.32564 0.73273 -1.5179 0.32736 0 397.14 -37.267 1.0107 0.019215 45799 4125 5672.3 0 0
1.808e+05 0.625 0.28381 0.77733 -1.3676 0.3319 0 413.06 -40.898 1.0093 0.019206 45799 4127 5673.4 0 0
1.809e+05 0.63823 0.3049 0.72819 -1.4448 0.33004 0 408.98 -38.615 1.0079 0.019206 45799 4127 5674.5 0 0
1.81e+05 0.66467 0.30624 0.78184 -1.2551 0.31148 0 388.45 -37.253 1.0064 0.019197 45799 4129 5675.7 0 0
1.811e+05 0.60168 0.27354 0.80717 -0.9994 0.34709 0 403 -45.431 1.005 0.019192 45799 4130 5676.8 0 0
1.812e+05 0.64123 0.26571 0.81774 -1.1098 0.31679 0 386.43 -41.33 1.0036 0.019187 45799 4131 5677.9 0 0
1.813e+05 0.67345 0.24954 0.7665 -1.2385 0.34412 0 402.08 -42.002 1.0022 0.01922 45799 4124 5679.1 0 0
1.814e+05 0.6032 0.26786 0.80148 -1.3184 0.34964 0 404.07 -46.071 1.0007 0.01922 45799 4124 5680.3 0 0
1.815e+05 0.60897 0.27592 0.75562 -1.7754 0.35775 0 418.01 -43.799 0.99932 0.019215 45799 4125 5681.5 0 0
1.816e+05 0.58654 0.291 0.7121 -1.3139 0.33233 0 406.18 -45.731 0.9979 0.01922 45799 4124 5682.8 0 0
1.817e+05 0.58591 0.30492 0.75469 -1.3555 0.30815 0 400.79 -44.41 0.99648 0.01922 45799 4124 5684 0 0
1.818e+05 0.59493 0.31509 0.74266 -1.5564 0.34208 0 394.5 -42.554 0.99506 0.019234 45799 4121 5685.2 0 0
1.819e+05 0.57826 0.31753 0.75419 -1.3137 0.31434 0 412.58 -44.912 0.99365 0.01922 45799 4124 5686.4 0 0
1.82e+05 0.62417 0.24613 0.77335 -1.6285 0.3285 0 393.69 -47.161 0.99223 0.019225 45799 4123 5687.6 0 0
1.821e+05 0.6169 0.3128 0.79198 -1.4208 0.35053 0 390.51 -39.579 0.99082 0.019206 45799 4127 5688.8 0 0
1.822e+05 0.63626 0.2776 0.79875 -1.3874 0.31619 0 404.16 -39.793 0.9894 0.019211 45799 4126 5690.1 0 0
1.823e+05 0.6267 0.25903 0.75728 -1.3579 0.33606 0 409.68 -44.074 0.98799 0.019211 45799 4126 5691.3 0 0
1.824e+05 0.6206 0.24776 0.77352 -1.311 0.32177 0 399.15 -46.943 0.98657 0.019215 45799 4125 5692.5 0 0
1.825e+05 0.59467 0.27683 0.74397 -1.337 0.30721 0 387.92 -45.285 0.98516 0.019215 45799 4125 5693.8 0 0
1.826e+05 0.61458 0.27072 0.77648 -1.5713 0.35086 0 386.77 -43.426 0.98375 0.019201 45799 4128 5695.1 0 0
1.827e+05 0.57979 0.28138 0.7317 -1.2393 0.33296 0 382.53 -47.027 0.98234 0.019225 45799 4123 5696.4 0 0
1.828e+05 0.58139 0.29191 0.68978 -1.2374 0.33609 0 395.06 -45.825 0.98093 0.019206 45799 4127 5697.7 0 0
1.829e+05 0.57875 0.27137 0.77224 -1.376 0.32476 0 407.39 -47.995 0.97952 0.019183 45799 4132 5699 0 0
1.83e+05 0.59603 0.29244 0.78228 -1.3443 0.33497 0 400.06 -43.217 0.97811 0.01916 45799 4137 5700.3 0 0
1.831e+05 0.55817 0.30113 0.75791 -1.3919 0.32883 0 398.01 -48.63 0.97671 0.019155 45799 4138 5701.5 0 0
1.832e+05 0.59133 0.25371 0.78277 -1.2163 0.33559 0 376.26 -48.678 0.9753 0.01915 45799 4139 5702.8 0 0
1.833e+05 0.56661 0.26235 0.79182 -1.3062 0.33122 0 391.44 -49.354 0.97389 0.019095 45799 4151 5704.2 0 0
1.834e+05 0.57574 0.24805 0.78155 -1.386 0.30885 0 406.47 -49.395 0.97249 0.01909 45799 4152 5705.5 0 0
1.835e+05 0.56054 0.25266 0.7427 -1.3263 0.33143 0 435 -49.576 0.97108 0.019072 45799 4156 5706.9 0 0
1.836e+05 0.56861 0.28352 0.74758 -1.4578 0.31395 0 414.52 -48.108 0.96968 0.019058 45799 4159 5708.2 0 0
1.837e+05 0.59036 0.27061 0.77136 -1.0129 0.3166 0 397.69 -46.135 0.96827 0.01904 45799 4163 5709.5 0 0
1.838e+05 0.52586 0.27445 0.76304 -1.4092 0.32581 0 391.55 -49.984 0.96687 0.01904 45799 4163 5710.8 0 0.85639
1.839e+05 0.53144 0.26767 0.78565 -1.3981 0.32721 0 404.01 -49.947 0.96547 0.019013 45799 4169 5712.2 0 0
1.84e+05 0.53771 0.26999 0.70177 -1.5257 0.3231 0 389.88 -49.886 0.96407 0.018985 45799 4175 5713.5 0 0
1.841e+05 0.56827 0.26466 0.76323 -1.2414 0.32993 0 402 -48.775 0.96267 0.018976 45799 4177 5714.9 0 0
1.842e+05 0.5722 0.29019 0.73561 -1.2577 0.33825 0 393.4 -47.114 0.96127 0.018967 45799 4179 5716.2 0 0
1.843e+05 0.53094 0.28597 0.6956 -1.5328 0.30943 0 412.41 -49.804 0.95987 0.018935 45799 4186 5717.6 0 0
1.844e+05 0.52229 0.29005 0.74234 -1.2572 0.32495 0 421.31 -49.897 0.95847 0.018908 45799 4192 5718.9 0 2.9697
1.845e+05 0.52972 0.28448 0.70154 -1.295 0.34906 0 412.19 -49.642 0.95708 0.018904 45799 4193 5720.3 0 0.003868
1.846e+05 0.57675 0.27372 0.71552 -1.3938 0.32847 0 411.69 -47.399 0.95569 0.018899 45799 4194 5721.7 0 0
1.847e+05 0.56457 0.25924 0.70969 -1.1977 0.3491 0 419.55 -48.864 0.95429 0.018895 45799 4195 5723.1 0 0
1.848e+05 0.56313 0.291 0.7565 -1.1805 0.33778 0 399.1 -47.941 0.9529 0.01889 45799 4196 5724.5 0 0
1.849e+05 0.55437 0.25688 0.75191 -1.4789 0.30397 0 397.8 -49.234 0.9515 0.018877 45799 4199 5725.8 0 0
1.85e+05 0.53277 0.29066 0.72333 -1.2069 0.34436 0 403.91 -49.301 0.95011 0.018868 45799 4201 5727.2 0 0
1.851e+05 0.55975 0.28246 0.73149 -1.4163 0.3091 0 409.19 -48.071 0.94872 0.018872 45799 4200 5728.5 0 0
1.852e+05 0.5699 0.29199 0.7735 -1.4032 0.33204 0 401.26 -47.009 0.94732 0.018854 45799 4204 5729.9 0 0
1.853e+05 0.52323 0.25264 0.7624 -1.2028 0.3146 0 406.78 -49.945 0.94593 0.018841 45799 4207 5731.2 0 2.2925
1.854e+05 0.54533 0.28253 0.73233 -1.3399 0.34017 0 419.96 -48.636 0.94454 0.018841 45799 4207 5732.6 0 0
1.855e+05 0.56567 0.29748 0.70164 -1.2749 0.3289 0 396.15 -47.194 0.94315 0.018836 45799 4208 5734.1 0 0
1.856e+05 0.54383 0.32255 0.71564 -1.2517 0.32438 0 432.68 -49.443 0.94176 0.018827 45799 4210 5735.4 0 0
1.857e+05 0.56805 0.26605 0.73755 -1.3474 0.33039 0 422.17 -48.19 0.94037 0.018814 45800 4213 5736.8 0 0
1.858e+05 0.58423 0.30263 0.74999 -1.3111 0.33154 0 416.09 -44.187 0.93899 0.018801 45800 4216 5738.2 0 0
1.859e+05 0.56347 0.27936 0.76099 -1.1151 0.32108 0 402.36 -47.419 0.9376 0.018792 45800 4218 5739.5 0 0
1.86e+05 0.53712 0.28345 0.78571 -1.1284 0.34563 0 401.81 -48.754 0.93622 0.018787 45800 4219 5740.9 0 0
1.861e+05 0.56038 0.33995 0.76925 -1.4286 0.32031 0 404.12 -48.36 0.93483 0.018787 45800 4219 5742.3 0 0
1.862e+05 0.53431 0.33365 0.73482 -0.91226 0.31726 0 404.34 -49.828 0.93344 0.018792 45800 4218 5743.6 0 0
1.863e+05 0.55881 0.33297 0.76201 -1.3483 0.32887 0 404.84 -48.241 0.93206 0.018796 45800 4217 5745.1 0 0
1.864e+05 0.5397 0.3261 0.75528 -1.1793 0.29178 0 380.6 -49.384 0.93068 0.018792 45800 4218 5746.5 0 0
1.865e+05 0.56832 0.29324 0.73943 -1.2922 0.35417 0 397.63 -46.544 0.9293 0.018796 45800 4217 5747.8 0 0
1.866e+05 0.55291 0.30151 0.71129 -1.2825 0.31871 0 388.33 -47.557 0.92791 0.018778 45800 4221 5749.2 0 0
1.867e+05 0.56526 0.32244 0.72546 -1.3114 0.35797 0 415.83 -46.987 0.92653 0.018761 45800 4225 5750.5 0 0
1.868e+05 0.5682 0.27967 0.6771 -1.2931 0.34274 0 386.17 -46.959 0.92515 0.018752 45800 4227 5751.9 0 0
1.869e+05 0.5597 0.34611 0.72923 -1.314 0.31238 0 401.01 -48.306 0.92377 0.018752 45800 4227 5753.3 0 0
1.87e+05 0.55381 0.292 0.71163 -1.2921 0.32502 0 373.68 -47.481 0.92239 0.018738 45800 4230 5754.6 0 0
1.871e+05 0.55281 0.26469 0.76898 -1.2569 0.30254 0 411.62 -48.47 0.92102 0.018734 45800 4231 5756 0 0
1.872e+05 0.53291 0.28707 0.66696 -1.3885 0.30768 0 403.63 -48.561 0.91964 0.018725 45800 4233 5757.4 0 0
1.873e+05 0.56001 0.28696 0.69174 -0.99707 0.33436 0 396.06 -47.049 0.91826 0.018734 45800 4231 5758.8 0 0
1.874e+05 0.559 0.30483 0.80574 -1.3298 0.33388 0 400.68 -46.72 0.91689 0.018734 45800 4231 5760.2 0 0
1.875e+05 0.52076 0.29747 0.77309 -1.2804 0.31405 0 428.5 -49.52 0.91551 0.018738 45800 4230 5761.5 0 4.2652
1.876e+05 0.57573 0.2961 0.70927 -1.028 0.33249 0 419.36 -45.329 0.91414 0.01873 45800 4232 5762.8 0 0
1.877e+05 0.55881 0.27423 0.74789 -1.0758 0.32761 0 410.21 -47.438 0.91277 0.018721 45800 4234 5764.1 0 0
1.878e+05 0.56587 0.31386 0.73925 -1.2249 0.33276 0 401.35 -45.946 0.91139 0.018721 45800 4234 5765.4 0 0
1.879e+05 0.5706 0.3194 0.76463 -1.1939 0.31199 0 415.85 -45.522 0.91002 0.018721 45800 4234 5766.7 0 0
1.88e+05 0.57933 0.29634 0.761 -1.255 0.30166 0 414.72 -44.752 0.90865 0.018716 45800 4235 5768.1 0 0
1.881e+05 0.53496 0.29641 0.75827 -1.242 0.33328 0 385.37 -48.089 0.90728 0.01873 45800 4232 5769.5 0 0
1.882e+05 0.53613 0.30601 0.75509 -1.0822 0.34103 0 408.62 -47.878 0.90591 0.018738 45800 4230 5770.8 0 0
1.883e+05 0.54433 0.31254 0.75711 -1.2412 0.3067 0 423.92 -47.414 0.90454 0.018734 45800 4231 5772.2 0 0
1.884e+05 0.53494 0.29863 0.72477 -1.2056 0.34428 0 394.21 -47.784 0.90317 0.018738 45800 4230 5773.5 0 0
1.885e+05 0.53671 0.30368 0.7272 -1.302 0.30908 0 422.2 -47.485 0.9018 0.018734 45800 4231 5774.9 0 0
1.886e+05 0.55295 0.32181 0.71678 -1.3599 0.32721 0 396.24 -47.254 0.90044 0.018738 45800 4230 5776.2 0 0
1.887e+05 0.544 0.2878 0.73936 -1.1821 0.31718 0 409.18 -47.17 0.89907 0.018725 45800 4233 5777.5 0 0
1.888e+05 0.59759 0.27408 0.72237 -1.2628 0.33008 0 402.67 -44.536 0.8977 0.018721 45800 4234 5778.8 0 0
1.889e+05 0.58219 0.30197 0.75499 -1.2731 0.32677 0 416.3 -43.947 0.89634 0.018716 45800 4235 5780.1 0 0
1.89e+05 0.55062 0.26387 0.74136 -1.307 0.30984 0 412.92 -48.457 0.89498 0.018703 45800 4238 5781.4 0 0
1.891e+05 0.56996 0.26782 0.72489 -1.4469 0.32837 0 421.43 -47.341 0.89361 0.018716 45800 4235 5782.8 0 0
1.892e+05 0.54283 0.30512 0.74387 -1.2736 0.32826 0 427.4 -46.911 0.89225 0.018721 45800 4234 5784.1 0 0
1.893e+05 0.57117 0.29338 0.69851 -1.2571 0.3155 0 426.77 -45.052 0.89089 0.018703 45800 4238 5785.4 0 0
1.894e+05 0.55661 0.3118 0.74636 -1.2444 0.31939 0 399.47 -46.031 0.88953 0.018712 45800 4236 5786.7 0 0
1.895e+05 0.57259 0.2929 0.7385 -1.1238 0.34169 0 416.21 -44.873 0.88817 0.018694 45800 4240 5788 0 0
1.896e+05 0.62946 0.30861 0.72291 -1.243 0.342 0 405.73 -38.748 0.88681 0.018703 45800 4238 5789.2 0 0
1.897e+05 0.60527 0.29466 0.72117 -1.408 0.30385 0 389.34 -41.436 0.88545 0.018694 45800 4240 5790.4 0 0
1.898e+05 0.68324 0.27899 0.66756 -1.198 0.3289 0 410.3 -36.485 0.88409 0.018699 45800 4239 5791.6 0 0
1.899e+05 0.59114 0.29883 0.74069 -1.0646 0.31915 0 391.24 -42.677 0.88273 0.018712 45800 4236 5792.7 0 0
1.9e+05 0.64811 0.28267 0.7015 -1.0757 0.32494 0 401.68 -38.353 0.88138 0.018703 45800 4238 5793.9 0 0
1.901e+05 0.5639 0.29264 0.72538 -1.0939 0.31436 0 394.29 -45.541 0.88002 0.018716 45800 4235 5795.1 0 0
1.902e+05 0.60006 0.27483 0.71048 -1.1595 0.31161 0 402.54 -43.948 0.87866 0.018703 45800 4238 5796.3 0 0
1.903e+05 0.57956 0.30369 0.72722 -1.2472 0.33831 0 418.21 -43.707 0.87731 0.01869 45800 4241 5797.5 0 0
1.904e+05 0.63762 0.31281 0.70796 -0.92853 0.33531 0 403.96 -38.293 0.87596 0.018681 45800 4243 5798.7 0 0
1.905e+05 0.64205 0.27919 0.68025 -1.0481 0.32085 0 398.44 -38.988 0.8746 0.018681 45800 4243 5799.9 0 0
1.906e+05 0.59661 0.3083 0.71967 -1.1967 0.31422 0 394.73 -41.573 0.87325 0.018659 45800 4248 5801.2 0 0
1.907e+05 0.57182 0.26726 0.73227 -1.2416 0.34687 0 388.24 -46.969 0.8719 0.018685 45800 4242 5802.5 0 0
1.908e+05 0.53854 0.27945 0.7246 -1.1857 0.31924 0 381.67 -47.783 0.87055 0.018681 45800 4243 5803.8 0 0
1.909e+05 0.57459 0.29563 0.69878 -1.2513 0.32759 0 410.85 -44.202 0.8692 0.018703 45800 4238 5805 0 0
1.91e+05 0.57886 0.26619 0.72496 -1.4244 0.3334 0 398.31 -46.541 0.86785 0.018699 45800 4239 5806.3 0 0
1.911e+05 0.58689 0.26456 0.75328 -1.1653 0.29887 0 407.04 -46.425 0.8665 0.01869 45800 4241 5807.6 0 0
1.912e+05 0.53587 0.30592 0.78311 -1.2308 0.31237 0 397.25 -47.329 0.86515 0.018694 45800 4240 5808.9 0 0
1.913e+05 0.56959 0.29976 0.68457 -1.3356 0.32271 0 395.02 -44.173 0.8638 0.018703 45800 4238 5810.1 0 0
1.914e+05 0.58457 0.30101 0.64775 -1.3169 0.31715 0 382.94 -42.744 0.86246 0.018685 45800 4242 5811.3 0 0
1.915e+05 0.6447 0.24874 0.65174 -1.1182 0.34434 0 410.57 -44.411 0.86111 0.018694 45800 4240 5812.5 0 0
1.916e+05 0.58642 0.2844 0.68033 -1.3393 0.33306 0 400.13 -43.921 0.85977 0.018707 45800 4237 5813.8 0 0
1.917e+05 0.64223 0.3144 0.6866 -1.0789 0.33186 0 406.27 -38.064 0.85842 0.018699 45800 4239 5815.1 0 0
1.918e+05 0.60431 0.32831 0.77599 -1.2334 0.3052 0 380.28 -40.06 0.85708 0.018699 45800 4239 5816.2 0 0
1.919e+05 0.58555 0.25738 0.70796 -1.2641 0.32564 0 386.84 -47.568 0.85574 0.018699 45800 4239 5817.4 0 0
1.92e+05 0.65884 0.29248 0.68483 -1.3849 0.33798 0 380.78 -36.866 0.85439 0.018707 45800 4237 5818.6 0 0
1.921e+05 0.64982 0.3196 0.63648 -1.2974 0.2983 0 400.94 -38.014 0.85305 0.018712 45800 4236 5819.7 0 0
1.922e+05 0.64532 0.28096 0.65685 -1.5045 0.31075 0 389.86 -38.445 0.85171 0.018707 45800 4237 5820.9 0 0
1.923e+05 0.55811 0.30642 0.71233 -1.1484 0.32497 0 400.2 -45.24 0.85037 0.018694 45800 4240 5822 0 0
1.924e+05 0.59343 0.30167 0.6982 -1.0956 0.33461 0 368.47 -41.456 0.84903 0.018685 45800 4242 5823.2 0 0
1.925e+05 0.63037 0.26746 0.72944 -1.2258 0.31017 0 382.26 -41.747 0.84769 0.018699 45800 4239 5824.4 0 0
1.926e+05 0.63272 0.27906 0.71681 -1.2343 0.33997 0 374.24 -39.415 0.84635 0.018703 45800 4238 5825.5 0 0
1.927e+05 0.64217 0.3084 0.65536 -1.2856 0.32915 0 391.71 -37.577 0.84501 0.018707 45800 4237 5826.7 0 0
1.928e+05 0.58377 0.2955 0.68001 -1.0221 0.32632 0 416.3 -42.973 0.84368 0.018699 45800 4239 5827.8 0 0
1.929e+05 0.6054 0.32232 0.68386 -1.3147 0.33038 0 389.96 -39.76 0.84234 0.018707 45800 4237 5829 0 0
1.93e+05 0.61162 0.26718 0.66916 -1.2571 0.34101 0 400.37 -43.404 0.84101 0.018712 45800 4236 5830.2 0 0
1.931e+05 0.60067 0.2942 0.63415 -1.1296 0.37378 0 382.03 -40.674 0.83967 0.018699 45800 4239 5831.4 0 0
1.932e+05 0.58685 0.25578 0.68449 -1.4554 0.33466 0 399.54 -47.715 0.83834 0.01869 45800 4241 5832.6 0 0
1.933e+05 0.58194 0.29689 0.68707 -1.384 0.3093 0 400.63 -42.932 0.837 0.01869 45800 4241 5833.9 0 0
1.934e+05 0.59427 0.28318 0.70256 -1.1216 0.30613 0 391.41 -42.774 0.83567 0.01869 45800 4241 5835.1 0 0
1.935e+05 0.59148 0.27634 0.69753 -1.3256 0.3301 0 397.05 -43.722 0.83434 0.018694 45800 4240 5836.4 0 0
1.936e+05 0.64369 0.25055 0.61256 -1.0697 0.32128 0 387.78 -43.873 0.83301 0.018685 45800 4242 5837.7 0 0
1.937e+05 0.59932 0.27417 0.6855 -1.1631 0.35421 0 397.86 -43.145 0.83168 0.018685 45800 4242 5839 0 0
1.938e+05 0.57392 0.26133 0.65792 -1.3695 0.32262 0 403.12 -47.346 0.83034 0.018699 45800 4239 5840.3 0 0
1.939e+05 0.62685 0.2992 0.59515 -1.0336 0.32031 0 416.46 -38.472 0.82902 0.018703 45800 4238 5841.5 0 0
1.94e+05 0.59947 0.28003 0.62279 -1.4486 0.32667 0 412.24 -42.191 0.82769 0.018694 45800 4240 5842.7 0 0
1.941e+05 0.57635 0.29113 0.68315 -0.98645 0.31947 0 423.6 -43.589 0.82636 0.018694 45800 4240 5844 0 0
1.942e+05 0.58393 0.314 0.62523 -0.89396 0.36235 0 409.29 -42.371 0.82503 0.018685 45800 4242 5845.2 0 0
1.943e+05 0.57185 0.31941 0.68276 -1.1153 0.34389 0 411.28 -44.243 0.82371 0.018685 45800 4242 5846.5 0 0
1.944e+05 0.62034 0.29261 0.66396 -1.2042 0.29999 0 370.96 -39.052 0.82238 0.018699 45800 4239 5847.7 0 0
1.945e+05 0.58549 0.29946 0.64842 -1.1854 0.37036 0 396.08 -42.104 0.82105 0.018703 45800 4238 5849 0 0
1.946e+05 0.60674 0.28706 0.68108 -1.1726 0.31949 0 389.58 -40.696 0.81973 0.018716 45800 4235 5850.2 0 0
1.947e+05 0.63549 0.31993 0.63261 -1.349 0.35409 0 409.05 -38.005 0.81841 0.018725 45800 4233 5851.4 0 0
1.948e+05 0.60121 0.25002 0.63287 -1.4335 0.32799 0 403.79 -46.879 0.81709 0.018716 45800 4235 5852.8 0 0
1.949e+05 0.59297 0.23864 0.68152 -1.4238 0.32213 0 401.51 -48.915 0.81577 0.018703 45800 4238 5854 0 0
1.95e+05 0.62045 0.24507 0.60961 -1.1407 0.31977 0 410.96 -46.803 0.81445 0.018703 45800 4238 5855.3 0 0
1.951e+05 0.61147 0.25654 0.6759 -1.2892 0.33484 0 393.48 -44.854 0.81313 0.018707 45800 4237 5856.6 0 0
1.952e+05 0.58792 0.25412 0.69194 -1.2284 0.33621 0 401.35 -46.963 0.81181 0.018707 45800 4237 5857.9 0 0
1.953e+05 0.62154 0.2351 0.63291 -1.1836 0.33138 0 391.45 -48.592 0.81049 0.018703 45800 4238 5859.2 0 0
1.954e+05 0.59137 0.24822 0.63798 -1.1453 0.31271 0 406.17 -47.558 0.80917 0.01869 45800 4241 5860.6 0 0
1.955e+05 0.59447 0.23498 0.64727 -1.4514 0.32056 0 402.75 -49.102 0.80785 0.018699 45800 4239 5862 0 0
1.956e+05 0.5484 0.26312 0.7288 -1.2584 0.30469 0 396.86 -48.297 0.80653 0.018694 45800 4240 5863.5 0 0
1.957e+05 0.60712 0.26582 0.66608 -1.0523 0.32145 0 427.05 -43.006 0.80521 0.018685 45800 4242 5864.8 0 0
1.958e+05 0.59867 0.2618 0.70556 -1.3745 0.34121 0 421.19 -44.143 0.8039 0.018677 45800 4244 5866 0 0
1.959e+05 0.5984 0.24439 0.65942 -1.3505 0.31471 0 382.93 -47.191 0.80258 0.018668 45800 4246 5867.3 0 0
1.96e+05 0.63185 0.27231 0.64414 -1.3297 0.31902 0 394.58 -40.23 0.80126 0.018659 45800 4248 5868.6 0 0
1.961e+05 0.61132 0.25657 0.67929 -1.4388 0.31519 0 417.53 -44.355 0.79995 0.01865 45800 4250 5869.8 0 0
1.962e+05 0.61787 0.27799 0.60534 -1.4038 0.32671 0 406.96 -40.438 0.79864 0.018655 45800 4249 5871.1 0 0
1.963e+05 0.5338 0.25045 0.67914 -1.2585 0.30462 0 412.26 -49.68 0.79732 0.018655 45800 4249 5872.4 0 0
1.964e+05 0.57002 0.28158 0.68459 -1.0483 0.3025 0 435.97 -44.446 0.79601 0.018663 45800 4247 5873.7 0 0
1.965e+05 0.55922 0.30634 0.74088 -1.3011 0.31538 0 403.65 -44.864 0.7947 0.018663 45800 4247 5875 0 0
1.966e+05 0.53349 0.27115 0.62771 -1.353 0.33826 0 429.83 -48.795 0.79339 0.01865 45800 4250 5876.3 0 0
1.967e+05 0.59879 0.26499 0.69301 -1.1166 0.34393 0 414.68 -43.355 0.79208 0.018655 45800 4249 5877.6 0 0
1.968e+05 0.55294 0.26055 0.68004 -1.3569 0.30674 0 397.83 -47.831 0.79077 0.018655 45800 4249 5878.9 0 0
1.969e+05 0.56786 0.27114 0.70696 -1.1518 0.3202 0 420.86 -45.353 0.78946 0.018655 45800 4249 5880.3 0 0
1.97e+05 0.58157 0.27602 0.6716 -1.3636 0.34419 0 412.38 -43.475 0.78815 0.018659 45800 4248 5881.8 0 0
1.971e+05 0.59434 0.26193 0.69687 -1.096 0.33357 0 420.72 -44.09 0.78684 0.018646 45800 4251 5883.1 0 0
1.972e+05 0.6014 0.23172 0.66022 -1.2384 0.31057 0 393.74 -48.997 0.78553 0.018641 45800 4252 5884.5 0 0
1.973e+05 0.59011 0.23576 0.65118 -1.2163 0.32828 0 388.85 -48.43 0.78423 0.018641 45800 4252 5885.8 0 0
1.974e+05 0.58032 0.223 0.6354 -1.1354 0.33199 0 418.41 -49.754 0.78292 0.018602 45800 4261 5887.2 0 0
1.975e+05 0.6097 0.23537 0.63726 -1.1531 0.32505 0 415.21 -48.215 0.78161 0.018606 45800 4260 5888.5 0 0
1.976e+05 0.57973 0.2747 0.6718 -1.1353 0.29946 0 418.01 -43.641 0.78031 0.018602 45800 4261 5889.8 0 0
1.977e+05 0.60381 0.26193 0.62952 -1.2793 0.33854 0 431.71 -43.354 0.77901 0.018598 45800 4262 5891.1 0 0
1.978e+05 0.59681 0.24436 0.62822 -1.401 0.31634 0 416.19 -46.368 0.7777 0.018589 45801 4264 5892.4 0 0
1.979e+05 0.62129 0.23603 0.62115 -1.229 0.32988 0 414.03 -47.935 0.7764 0.018585 45801 4265 5893.7 0 0
1.98e+05 0.59145 0.30513 0.67446 -0.9247 0.33563 0 404.6 -41.072 0.7751 0.01858 45801 4266 5894.9 0 0
1.981e+05 0.6038 0.27217 0.70008 -1.1529 0.30893 0 408.78 -41.677 0.7738 0.018585 45801 4265 5896.1 0 0
1.982e+05 0.59869 0.2854 0.6472 -1.3053 0.30826 0 415.13 -40.746 0.7725 0.018589 45801 4264 5897.4 0 0
1.983e+05 0.60602 0.26108 0.61989 -1.0351 0.32445 0 397.73 -43.07 0.7712 0.018572 45801 4268 5898.7 0 0
1.984e+05 0.62988 0.23815 0.64674 -1.4341 0.33447 0 403.05 -47.418 0.7699 0.018576 45801 4267 5900 0 0
1.985e+05 0.58217 0.23542 0.65941 -1.0504 0.31119 0 419.92 -48.531 0.7686 0.018572 45801 4268 5901.3 0 0
1.986e+05 0.62206 0.23404 0.64566 -1.0563 0.33511 0 387.26 -47.927 0.7673 0.018563 45801 4270 5902.6 0 0
1.987e+05 0.5961 0.24161 0.68959 -1.3121 0.34407 0 398.69 -46.408 0.766 0.018554 45801 4272 5904 0 0
1.988e+05 0.59981 0.22755 0.67357 -1.5295 0.32317 0 408.81 -48.905 0.76471 0.018541 45801 4275 5905.4 0 0
1.989e+05 0.60265 0.24258 0.63139 -1.3107 0.31084 0 409.74 -45.988 0.76341 0.01852 45801 4280 5906.7 0 0
1.99e+05 0.60808 0.23362 0.67917 -1.3144 0.32208 0 391.13 -47.754 0.76211 0.01852 45801 4280 5908.1 0 0
1.991e+05 0.58464 0.2447 0.67123 -1.1338 0.302 0 396.81 -46.456 0.76082 0.01852 45801 4280 5909.5 0 0
1.992e+05 0.58044 0.25146 0.65208 -1.3391 0.30228 0 412.69 -45.684 0.75953 0.018533 45801 4277 5910.9 0 0
1.993e+05 0.59495 0.28187 0.67837 -1.0309 0.32316 0 396.82 -41.193 0.75823 0.018524 45801 4279 5912.2 0 0
1.994e+05 0.59321 0.24305 0.64406 -1.0976 0.34108 0 406.96 -45.853 0.75694 0.018528 45801 4278 5913.6 0 0
1.995e+05 0.56986 0.27422 0.6476 -1.2301 0.33365 0 400.61 -44.463 0.75565 0.018511 45801 4282 5914.9 0 0
1.996e+05 0.56508 0.25429 0.73298 -1.2669 0.3367 0 407.07 -46.666 0.75435 0.018511 45801 4282 5916.2 0 0
1.997e+05 0.58352 0.25798 0.70321 -1.0035 0.33578 0 382.71 -44.555 0.75306 0.018511 45801 4282 5917.4 0 0
1.998e+05 0.59026 0.24668 0.72252 -1.1699 0.3092 0 418.54 -45.471 0.75177 0.018507 45801 4283 5918.8 0 0
1.999e+05 0.55711 0.2531 0.72208 -1.3236 0.32122 0 414.66 -47.572 0.75048 0.018515 45801 4281 5920.1 0 0
2e+05 0.62015 0.24041 0.68627 -1.4039 0.30544 0 413.04 -46.108 0.7492 0.018502 45801 4284 5921.4 0 0
2.001e+05 0.60413 0.2586 0.72001 -1.264 0.29913 0 399.09 -43.008 0.74791 0.018489 45801 4287 5922.7 0 0
2.002e+05 0.59375 0.2418 0.66258 -1.2619 0.30098 0 424.11 -45.677 0.74662 0.018485 45801 4288 5924 0 0
2.003e+05 0.59935 0.23226 0.72445 -1.2404 0.30758 0 423.8 -47.289 0.74533 0.018485 45801 4288 5925.2 0 0
2.004e+05 0.585 0.27256 0.70961 -1.156 0.3127 0 432.11 -42.477 0.74404 0.018481 45801 4289 5926.5 0 0
2.005e+05 0.59548 0.25867 0.64205 -1.2409 0.31229 0 402.25 -43.171 0.74276 0.018481 45801 4289 5927.9 0 0
2.006e+05 0.56103 0.30558 0.7214 -1.0231 0.33864 0 406.63 -44.547 0.74147 0.018472 45801 4291 5929.2 0 0
2.007e+05 0.57769 0.26294 0.72385 -1.236 0.30819 0 399.47 -44.13 0.74019 0.018472 45801 4291 5930.5 0 0
2.008e+05 0.58723 0.23206 0.6846 -1.0977 0.32866 0 389.92 -47.51 0.73891 0.018468 45801 4292 5931.9 0 0
2.009e+05 0.60509 0.24279 0.65157 -1.2777 0.30723 0 397.94 -45.038 0.73762 0.018485 45801 4288 5933.1 0 0
2.01e+05 0.60423 0.23997 0.6736 -1.3462 0.32346 0 424.74 -45.45 0.73634 0.018489 45801 4287 5934.4 0 0
2.011e+05 0.60739 0.25863 0.69799 -1.0132 0.32469 0 419.01 -42.311 0.73506 0.018481 45801 4289 5935.7 0 0
2.012e+05 0.59525 0.28294 0.68256 -0.95261 0.29832 0 408.4 -40.757 0.73378 0.018481 45801 4289 5937 0 0
2.013e+05 0.5598 0.23442 0.68942 -1.1247 0.31661 0 414.72 -49.104 0.7325 0.018481 45801 4289 5938.3 0 0
2.014e+05 0.59052 0.24639 0.69274 -1.0214 0.30956 0 400.56 -44.79 0.73122 0.018481 45801 4289 5939.7 0 0
2.015e+05 0.62246 0.24337 0.64184 -1.2367 0.32883 0 416.41 -45.008 0.72994 0.018485 45801 4288 5941 0 0
2.016e+05 0.58101 0.2533 0.71753 -1.1457 0.30223 0 413.88 -44.469 0.72866 0.018489 45801 4287 5942.3 0 0
2.017e+05 0.60029 0.22797 0.71443 -1.1517 0.3274 0 429.63 -47.517 0.72738 0.018463 45801 4293 5943.7 0 0
2.018e+05 0.60259 0.24577 0.72989 -1.268 0.33828 0 409.11 -44.182 0.7261 0.018442 45801 4298 5945.1 0 0
2.019e+05 0.58739 0.22647 0.70874 -1.1883 0.32081 0 404.45 -47.879 0.72483 0.018425 45801 4302 5946.4 0 0
2.02e+05 0.60411 0.26463 0.64915 -0.93068 0.30395 0 404.27 -41.481 0.72355 0.018433 45801 4300 5947.7 0 0
2.021e+05 0.57474 0.2405 0.66609 -1.1785 0.3055 0 412.15 -46.566 0.72227 0.018429 45801 4301 5949 0 0
2.022e+05 0.56778 0.27113 0.70456 -1.3463 0.33642 0 434.26 -44.096 0.721 0.018433 45801 4300 5950.3 0 0
2.023e+05 0.58102 0.24976 0.66682 -1.2251 0.33069 0 409.49 -44.642 0.71972 0.018442 45801 4298 5951.5 0 0
2.024e+05 0.55146 0.28085 0.71439 -1.2921 0.32158 0 406.69 -45.81 0.71845 0.018446 45801 4297 5952.9 0 0
2.025e+05 0.55468 0.25971 0.70236 -1.2157 0.31622 0 404.96 -46.641 0.71718 0.018442 45801 4298 5954.2 0 0
2.026e+05 0.582 0.28653 0.68266 -1.1809 0.31274 0 412.95 -42.025 0.7159 0.018446 45801 4297 5955.5 0 0
2.027e+05 0.62853 0.22022 0.68952 -1.3928 0.32617 0 409.3 -48.95 0.71463 0.018438 45801 4299 5956.7 0 0
2.028e+05 0.56738 0.23722 0.71838 -1.1844 0.33079 0 400.81 -47.58 0.71336 0.018442 45801 4298 5958 0 0
2.029e+05 0.59732 0.26278 0.67322 -1.0363 0.34246 0 392.02 -41.852 0.71209 0.018438 45801 4299 5959.3 0 0
2.03e+05 0.60808 0.21998 0.68166 -1.114 0.32481 0 403.6 -48.583 0.71082 0.018438 45801 4299 5960.6 0 0
2.031e+05 0.55429 0.26201 0.71793 -1.2924 0.32521 0 387.37 -46.179 0.70955 0.018429 45801 4301 5962 0 0
2.032e+05 0.56973 0.25305 0.64162 -1.2896 0.34336 0 399.73 -44.985 0.70828 0.018412 45801 4305 5963.4 0 0
2.033e+05 0.5469 0.25984 0.69252 -0.93693 0.31141 0 387.78 -47.092 0.70701 0.018412 45801 4305 5964.6 0 0
2.034e+05 0.55816 0.27266 0.73681 -1.2577 0.31689 0 390.69 -44.672 0.70575 0.018421 45801 4303 5966 0 0
2.035e+05 0.6227 0.27957 0.64836 -1.0397 0.34361 0 383.52 -39.408 0.70448 0.018425 45801 4302 5967.3 0 0
2.036e+05 0.59836 0.2597 0.65383 -1.2694 0.33673 0 396.27 -41.945 0.70321 0.018416 45801 4304 5968.5 0 0
2.037e+05 0.55174 0.25193 0.71209 -1.5306 0.32634 0 373.08 -47.327 0.70195 0.018408 45801 4306 5969.8 0 0
2.038e+05 0.58985 0.25369 0.71098 -1.2855 0.30877 0 395.42 -43.132 0.70068 0.018391 45801 4310 5971.1 0 0
2.039e+05 0.59132 0.22363 0.70823 -1.2912 0.31724 0 400.04 -47.974 0.69942 0.018382 45801 4312 5972.5 0 0
2.04e+05 0.57708 0.23861 0.68437 -1.4715 0.33199 0 403.07 -46.062 0.69815 0.018378 45801 4313 5974 0 0
2.041e+05 0.55346 0.25848 0.74171 -1.0553 0.3399 0 389.33 -46.17 0.69689 0.018369 45801 4315 5975.3 0 0
2.042e+05 0.56709 0.23809 0.73928 -1.2891 0.3331 0 396.25 -46.743 0.69563 0.018357 45801 4318 5976.7 0 0
2.043e+05 0.60623 0.2332 0.66629 -1.1281 0.31341 0 391.95 -46.099 0.69437 0.018365 45801 4316 5978.1 0 0
2.044e+05 0.56437 0.24924 0.65015 -1.1977 0.31929 0 389.03 -45.43 0.69311 0.018374 45801 4314 5979.5 0 0
2.045e+05 0.57873 0.23104 0.71121 -1.4356 0.32426 0 383.91 -47.071 0.69185 0.018365 45801 4316 5980.8 0 0
2.046e+05 0.62471 0.22525 0.6817 -1.0509 0.31619 0 388.28 -48.029 0.69059 0.018361 45801 4317 5982.1 0 0
2.047e+05 0.60474 0.21997 0.7103 -1.1243 0.31389 0 387.36 -48.306 0.68933 0.018361 45801 4317 5983.5 0 0
2.048e+05 0.61754 0.26806 0.71848 -1.2038 0.32044 0 396.33 -40.715 0.68807 0.018361 45801 4317 5984.8 0 0
2.049e+05 0.61405 0.24459 0.67431 -1.3708 0.31916 0 400.26 -43.728 0.68681 0.018361 45801 4317 5986.1 0 0
2.05e+05 0.59788 0.22685 0.68376 -1.0058 0.32252 0 410.47 -46.922 0.68555 0.018357 45801 4318 5987.4 0 0
2.051e+05 0.56279 0.27257 0.70318 -0.82743 0.31623 0 399.59 -43.872 0.68429 0.018357 45801 4318 5988.7 0 0
2.052e+05 0.57076 0.28019 0.72062 -1.0615 0.34439 0 391.04 -43.001 0.68304 0.018344 45801 4321 5990 0 0
2.053e+05 0.58879 0.24591 0.71699 -1.2778 0.32422 0 401.62 -43.493 0.68178 0.018357 45801 4318 5991.3 0 0
2.054e+05 0.58523 0.28708 0.72182 -1.1433 0.32789 0 402.62 -41.444 0.68053 0.018348 45801 4320 5992.5 0 0
2.055e+05 0.5614 0.26377 0.70245 -1.1675 0.31687 0 412.22 -44.414 0.67927 0.018352 45801 4319 5993.8 0 0
2.056e+05 0.55631 0.30152 0.72295 -1.144 0.3254 0 398.7 -44.649 0.67802 0.018357 45801 4318 5995.1 0 0
2.057e+05 0.59029 0.26184 0.65637 -1.2697 0.35417 0 428.96 -41.78 0.67676 0.018352 45801 4319 5996.4 0 0
2.058e+05 0.54355 0.29746 0.78355 -1.2425 0.32362 0 413.72 -46.197 0.67551 0.018352 45801 4319 5997.6 0 0
2.059e+05 0.57579 0.28025 0.66779 -0.97409 0.31502 0 412.3 -42.08 0.67426 0.018348 45801 4320 5998.9 0 0
2.06e+05 0.56064 0.27307 0.73509 -1.1812 0.34036 0 418.07 -43.728 0.67301 0.018352 45801 4319 6000.2 0 0
2.061e+05 0.59219 0.25304 0.68625 -1.1613 0.31396 0 411.18 -42.511 0.67176 0.018348 45801 4320 6001.5 0 0
2.062e+05 0.56942 0.29197 0.68105 -1.2107 0.30655 0 406.52 -42.81 0.67051 0.018327 45801 4325 6002.7 0 0
2.063e+05 0.6243 0.23452 0.63065 -1.2477 0.34269 0 413.8 -46.153 0.66926 0.018335 45801 4323 6003.9 0 0
2.064e+05 0.6018 0.26164 0.66855 -1.2047 0.32271 0 383.58 -41.201 0.66801 0.018348 45801 4320 6005.2 0 0
2.065e+05 0.60989 0.27933 0.67597 -1.1279 0.31828 0 414.46 -39.763 0.66676 0.018352 45801 4319 6006.4 0 0
2.066e+05 0.58618 0.30134 0.68426 -1.3669 0.32393 0 421.33 -41.364 0.66551 0.018357 45801 4318 6007.6 0 0
2.067e+05 0.59775 0.28929 0.71361 -1.3331 0.35389 0 405.66 -39.911 0.66427 0.018357 45801 4318 6008.9 0 0
2.068e+05 0.618 0.2716 0.63766 -1.2952 0.36098 0 376.22 -40.173 0.66302 0.018352 45801 4319 6010.1 0 0
2.069e+05 0.65824 0.24504 0.63624 -1.4762 0.34148 0 368.91 -43.951 0.66177 0.018348 45801 4320 6011.3 0 0
2.07e+05 0.64767 0.25303 0.62938 -1.3281 0.31805 0 383.1 -42.529 0.66053 0.018348 45801 4320 6012.5 0 0
2.071e+05 0.62545 0.2576 0.6356 -1.1262 0.30021 0 368.09 -41.685 0.65928 0.01834 45801 4322 6013.7 0 0
2.072e+05 0.57895 0.28698 0.72534 -1.3681 0.31449 0 352.98 -41.496 0.65804 0.018331 45801 4324 6014.9 0 0
2.073e+05 0.59229 0.30768 0.71808 -1.2698 0.32489 0 410.15 -40.797 0.6568 0.018331 45801 4324 6016.1 0 0
2.074e+05 0.63699 0.2728 0.69673 -1.3333 0.31888 0 396.69 -39.371 0.65555 0.018301 45801 4331 6017.3 0 0
2.075e+05 0.59039 0.23614 0.67948 -1.2484 0.32733 0 408.45 -44.628 0.65431 0.018314 45801 4328 6018.6 0 0
2.076e+05 0.61099 0.25115 0.69812 -1.2854 0.34882 0 400.28 -41.964 0.65307 0.018314 45801 4328 6019.9 0 0
2.077e+05 0.63399 0.2407 0.66008 -1.2362 0.3197 0 384.93 -45.191 0.65183 0.018314 45801 4328 6021.1 0 0
2.078e+05 0.65406 0.24875 0.63183 -1.2324 0.34134 0 387.97 -43.179 0.65058 0.01831 45801 4329 6022.4 0 0
2.079e+05 0.60904 0.27827 0.73109 -0.95564 0.33553 0 390.22 -39.509 0.64934 0.018289 45801 4334 6023.7 0 0
2.08e+05 0.60005 0.26844 0.71579 -1.0123 0.30157 0 403.84 -40.176 0.64811 0.018285 45801 4335 6024.9 0 0
2.081e+05 0.57824 0.24396 0.63393 -1.2315 0.31541 0 392.45 -43.944 0.64687 0.01828 45801 4336 6026.1 0 0
2.082e+05 0.54542 0.29298 0.66548 -1.3572 0.31015 0 393.99 -45.671 0.64563 0.018285 45801 4335 6027.4 0 0
2.083e+05 0.61038 0.30133 0.67783 -1.1315 0.30847 0 394.29 -38.639 0.64439 0.01828 45801 4336 6028.6 0 0
2.084e+05 0.56875 0.2738 0.7354 -1.2676 0.31427 0 363.94 -42.314 0.64315 0.018276 45801 4337 6029.8 0 0
2.085e+05 0.5614 0.27824 0.75143 -1.3563 0.32139 0 366.41 -42.91 0.64192 0.018272 45801 4338 6031 0 0
2.086e+05 0.57811 0.28169 0.70736 -1.4904 0.31399 0 386.17 -41.05 0.64068 0.018263 45801 4340 6032.3 0 0
2.087e+05 0.58647 0.31233 0.68907 -1.1231 0.31526 0 352.77 -41.593 0.63945 0.018268 45801 4339 6033.5 0 0
2.088e+05 0.61696 0.24848 0.65318 -1.388 0.31409 0 350.68 -42.315 0.63821 0.018263 45801 4340 6034.7 0 0
2.089e+05 0.60166 0.29525 0.67912 -1.3243 0.31653 0 358.54 -39.128 0.63698 0.018268 45801 4339 6035.9 0 0
2.09e+05 0.56447 0.29216 0.71522 -1.4335 0.31448 0 375.75 -42.859 0.63574 0.01828 45801 4336 6037.1 0 0
2.091e+05 0.61457 0.27389 0.72568 -1.339 0.32832 0 372.23 -39.479 0.63451 0.018285 45801 4335 6038.3 0 0
2.092e+05 0.60572 0.30215 0.70073 -1.0941 0.3195 0 359.08 -38.815 0.63328 0.018276 45801 4337 6039.5 0 0
2.093e+05 0.63636 0.27407 0.68789 -1.3514 0.30121 0 359.93 -38.889 0.63205 0.018272 45801 4338 6040.6 0 0
2.094e+05 0.61512 0.25843 0.59741 -1.3294 0.30822 0 361.99 -40.728 0.63082 0.018264 45801 4340 6041.8 0 0
2.095e+05 0.59769 0.2816 0.70081 -1.2084 0.31126 0 390.9 -38.931 0.62958 0.018264 45801 4340 6043 0 0
2.096e+05 0.6386 0.31247 0.69636 -1.4381 0.32576 0 381.99 -37.597 0.62836 0.018255 45801 4342 6044.1 0 0
2.097e+05 0.63536 0.32729 0.64491 -1.0516 0.34423 0 370.31 -37.991 0.62713 0.018255 45801 4342 6045.3 0 0
2.098e+05 0.61923 0.33672 0.70581 -1.302 0.33121 0 361.07 -38.272 0.6259 0.018255 45801 4342 6046.4 0 0
2.099e+05 0.61374 0.29867 0.71366 -1.1348 0.30393 0 374.12 -38.134 0.62467 0.018251 45801 4343 6047.6 0 0
2.1e+05 0.58784 0.32114 0.6877 -1.1928 0.35922 0 371 -41.522 0.62344 0.018255 45801 4342 6048.8 0 0
2.101e+05 0.63093 0.29794 0.70635 -1.2423 0.33985 0 395.52 -37.534 0.62221 0.018247 45801 4344 6050 0 0
2.102e+05 0.56406 0.2985 0.75429 -1.106 0.30409 0 394.88 -43.014 0.62099 0.018255 45801 4342 6051.2 0 0
2.103e+05 0.56565 0.28312 0.66656 -1.1519 0.3075 0 400.57 -42.088 0.61976 0.018247 45801 4344 6052.5 0 0
2.104e+05 0.62433 0.23414 0.66616 -1.2018 0.34995 0 379.97 -45.62 0.61854 0.018242 45801 4345 6053.7 0 0
2.105e+05 0.62057 0.25243 0.67652 -1.1447 0.34911 0 405.3 -41.631 0.61731 0.018242 45801 4345 6054.9 0 0
2.106e+05 0.6026 0.23973 0.65527 -1.2849 0.33353 0 368.13 -43.411 0.61609 0.018251 45801 4343 6056.2 0 0
2.107e+05 0.63894 0.23118 0.70347 -1.1543 0.34415 0 391.26 -46.998 0.61486 0.018238 45801 4346 6057.4 0 0
2.108e+05 0.65102 0.28428 0.70291 -1.2406 0.326 0 386.59 -37.329 0.61364 0.018247 45801 4344 6058.7 0 0
2.109e+05 0.62968 0.24322 0.66565 -1.2898 0.33296 0 372.5 -43.786 0.61242 0.018247 45801 4344 6059.9 0 0
2.11e+05 0.65035 0.26751 0.66376 -1.192 0.34124 0 397.16 -39.345 0.6112 0.018213 45801 4352 6061.1 0 0
2.111e+05 0.64115 0.24759 0.68501 -1.292 0.3308 0 375.25 -42.985 0.60998 0.018222 45801 4350 6062.5 0 0
2.112e+05 0.62149 0.26292 0.69214 -1.0672 0.31683 0 390.57 -39.867 0.60876 0.018238 45801 4346 6063.8 0 0
2.113e+05 0.5688 0.24388 0.69257 -1.1968 0.33104 0 385.54 -44.87 0.60754 0.018238 45801 4346 6065 0 0
2.114e+05 0.63279 0.25936 0.68617 -1.3444 0.33014 0 398.46 -40.703 0.60632 0.018242 45801 4345 6066.3 0 0
2.115e+05 0.65961 0.24385 0.64497 -1.0919 0.31811 0 399.01 -43.798 0.6051 0.018234 45801 4347 6067.7 0 0
2.116e+05 0.61897 0.23142 0.70303 -1.2302 0.33071 0 377 -45.317 0.60388 0.01823 45801 4348 6068.9 0 0
2.117e+05 0.64171 0.25491 0.69692 -1.2542 0.32275 0 393.14 -41.526 0.60266 0.018234 45801 4347 6070.2 0 0
2.118e+05 0.62534 0.238 0.68158 -1.2778 0.32666 0 383.04 -44.085 0.60145 0.01823 45801 4348 6071.4 0 0
2.119e+05 0.62118 0.26471 0.7309 -1.3302 0.32995 0 367.89 -39.526 0.60023 0.018234 45801 4347 6072.6 0 0
2.12e+05 0.62862 0.26538 0.66618 -1.3642 0.3085 0 373.27 -39.59 0.59901 0.018238 45801 4346 6073.8 0 0
2.121e+05 0.6237 0.28005 0.70871 -1.3668 0.32235 0 372.69 -38.277 0.5978 0.018234 45801 4347 6075 0 0
2.122e+05 0.63883 0.27326 0.66934 -1.0554 0.31879 0 396.63 -38.375 0.59658 0.018226 45801 4349 6076.2 0 0
2.123e+05 0.64653 0.28226 0.71269 -1.1502 0.35615 0 392.25 -37.438 0.59537 0.018221 45801 4350 6077.3 0 0
2.124e+05 0.61628 0.27646 0.70056 -1.3601 0.31955 0 406.59 -38.595 0.59416 0.018222 45801 4350 6078.5 0 0
2.125e+05 0.63722 0.2793 0.65933 -1.5124 0.33481 0 386.85 -37.754 0.59294 0.018214 45801 4352 6079.7 0 0
2.126e+05 0.63328 0.25035 0.65558 -1.1951 0.32312 0 413.83 -41.424 0.59173 0.018201 45801 4355 6081 0 0
2.127e+05 0.63333 0.25631 0.65155 -1.0904 0.34233 0 414.77 -40.323 0.59052 0.018185 45801 4359 6082.2 0 0
2.128e+05 0.61821 0.28367 0.68877 -1.0128 0.33118 0 398.98 -38.091 0.58931 0.018176 45801 4361 6083.4 0 0
2.129e+05 0.58109 0.30695 0.6946 -1.3014 0.31521 0 400.63 -41.438 0.5881 0.018172 45801 4362 6084.6 0 0
2.13e+05 0.59755 0.21996 0.6838 -1.0435 0.32014 0 396.5 -47.556 0.58689 0.018172 45801 4362 6085.9 0 0
2.131e+05 0.52504 0.28492 0.7574 -1.1334 0.30581 0 400.32 -48.699 0.58568 0.018164 45801 4364 6087.3 0 1.2285
2.132e+05 0.61379 0.24945 0.73706 -1.0697 0.31715 0 396.29 -41.08 0.58447 0.01816 45801 4365 6088.6 0 0
2.133e+05 0.54998 0.26137 0.71726 -1.3021 0.33258 0 389.39 -45.455 0.58327 0.018172 45801 4362 6089.8 0 0
2.134e+05 0.63193 0.25342 0.62864 -1.1496 0.3306 0 403.14 -40.66 0.58206 0.018168 45801 4363 6091.1 0 0
2.135e+05 0.57736 0.27562 0.65663 -1.2593 0.32427 0 405.91 -40.562 0.58085 0.018156 45801 4366 6092.3 0 0
2.136e+05 0.53816 0.2667 0.72312 -1.3026 0.30387 0 411.67 -47.382 0.57965 0.018156 45801 4366 6093.6 0 0
2.137e+05 0.5496 0.27942 0.74602 -1.2935 0.33148 0 391.09 -44.533 0.57844 0.01816 45801 4365 6095 0 0
2.138e+05 0.60499 0.24997 0.64368 -1.401 0.32224 0 408.18 -40.951 0.57724 0.018172 45801 4362 6096.3 0 0
2.139e+05 0.57066 0.25363 0.70216 -1.2672 0.34274 0 408.44 -42.979 0.57603 0.018176 45801 4361 6097.6 0 0
2.14e+05 0.57711 0.26694 0.71204 -0.88723 0.33778 0 420.77 -40.866 0.57483 0.018176 45801 4361 6098.9 0 0
2.141e+05 0.56296 0.24239 0.63847 -1.0027 0.32179 0 408.44 -45.549 0.57363 0.018168 45801 4363 6100.2 0 0
2.142e+05 0.5472 0.29298 0.70176 -1.164 0.32616 0 401.91 -45.03 0.57243 0.018171 45802 4362 6101.5 0 0
2.143e+05 0.55507 0.26505 0.71018 -1.1352 0.3446 0 416.25 -44.13 0.57123 0.018163 45802 4364 6102.8 0 0
2.144e+05 0.54292 0.27901 0.69491 -1.334 0.351 0 379.16 -45.468 0.57003 0.018171 45802 4362 6104.1 0 0
2.145e+05 0.53773 0.25826 0.71346 -1.0731 0.31267 0 400.47 -47.799 0.56883 0.018171 45802 4362 6105.3 0 0
2.146e+05 0.58315 0.22217 0.6622 -1.0797 0.32137 0 389.11 -47.201 0.56763 0.018163 45802 4364 6106.6 0 0
2.147e+05 0.6005 0.25282 0.64117 -1.5727 0.29227 0 397.71 -40.694 0.56643 0.01815 45802 4367 6108 0 0
2.148e+05 0.5622 0.25302 0.7304 -1.0778 0.31981 0 412.5 -43.627 0.56523 0.018129 45802 4372 6109.3 0 0
2.149e+05 0.55106 0.2245 0.6723 -1.0896 0.32205 0 416.72 -49.06 0.56403 0.018125 45802 4373 6110.6 0 0
2.15e+05 0.55148 0.26292 0.62752 -1.3383 0.31898 0 399.71 -44.448 0.56283 0.018121 45802 4374 6111.9 0 0
2.151e+05 0.60836 0.24441 0.6898 -1.2707 0.33965 0 396.16 -41.626 0.56163 0.018109 45802 4377 6113.2 0 0
2.152e+05 0.64894 0.21004 0.62902 -1.0833 0.29778 0 398.62 -49.704 0.56043 0.018109 45802 4377 6114.6 0 0
2.153e+05 0.62746 0.22297 0.65312 -1.1845 0.36284 0 396.43 -47.079 0.55924 0.018092 45802 4381 6116 0 0
2.154e+05 0.61152 0.21668 0.62543 -1.277 0.30466 0 411.96 -47.799 0.55804 0.018084 45802 4383 6117.3 0 0
2.155e+05 0.59599 0.2313 0.59816 -1.2229 0.31486 0 393.25 -44.506 0.55684 0.018092 45802 4381 6118.7 0 0
2.156e+05 0.61522 0.24059 0.68422 -1.251 0.36542 0 398.77 -42.566 0.55565 0.018084 45802 4383 6120 0 0
2.157e+05 0.57167 0.23201 0.64924 -1.1907 0.3403 0 404.97 -45.603 0.55445 0.018076 45802 4385 6121.3 0 0
2.158e+05 0.57278 0.22787 0.70606 -1.4949 0.33883 0 391.55 -46.285 0.55326 0.018063 45802 4388 6122.7 0 0
2.159e+05 0.58145 0.23674 0.65847 -1.4071 0.33938 0 390.99 -43.818 0.55207 0.018043 45802 4393 6123.9 0 0
2.16e+05 0.60279 0.2636 0.64416 -1.2713 0.33802 0 393.93 -39.246 0.55089 0.018047 45803 4392 6125.2 0 0
2.161e+05 0.57167 0.29065 0.68266 -1.2154 0.30133 0 398.37 -41.158 0.54972 0.018054 45803 4390 6126.4 0 0
2.162e+05 0.56202 0.28618 0.68518 -1.2293 0.3072 0 413.25 -42.157 0.54853 0.018046 45804 4392 6127.7 0 0
2.163e+05 0.59379 0.22843 0.6748 -1.1237 0.32834 0 401.45 -44.74 0.54736 0.018042 45804 4393 6128.9 0 0
2.164e+05 0.60472 0.26641 0.65924 -1.4439 0.36074 0 421.56 -38.828 0.54619 0.018046 45805 4392 6130.2 0 0
2.165e+05 0.59337 0.25259 0.64586 -1.3306 0.33815 0 411.73 -40.556 0.54502 0.018043 45806 4393 6131.4 0 0
2.166e+05 0.59719 0.22687 0.64045 -1.5189 0.30088 0 385.89 -44.831 0.54383 0.01801 45806 4401 6132.7 0 0
2.167e+05 0.59739 0.26579 0.63499 -1.2583 0.29874 0 398.7 -39.077 0.54266 0.018014 45806 4400 6134 0 0
2.168e+05 0.61587 0.23162 0.62099 -1.2077 0.31293 0 395.86 -44.137 0.54148 0.018019 45807 4399 6135.2 0 0
2.169e+05 0.61264 0.29722 0.6333 -1.2507 0.30773 0 401.2 -37.852 0.5403 0.018039 45807 4394 6136.4 0 0
2.17e+05 0.58918 0.28509 0.68814 -1.2275 0.33825 0 393.48 -38.888 0.53912 0.018027 45807 4397 6137.6 0 0
2.171e+05 0.58714 0.28592 0.69823 -1.0643 0.33763 0 403.2 -39.09 0.53794 0.018023 45807 4398 6138.7 0 0
2.172e+05 0.5526 0.26488 0.66991 -1.0562 0.32323 0 386.97 -43.883 0.53675 0.018011 45808 4401 6139.9 0 0
2.173e+05 0.62276 0.25058 0.63877 -1.1442 0.30822 0 404.75 -40.485 0.53557 0.017998 45808 4404 6141.2 0 0
2.174e+05 0.57353 0.26084 0.66108 -1.3658 0.32215 0 375.94 -41 0.53439 0.01799 45808 4406 6142.5 0 0
2.175e+05 0.61731 0.22933 0.66704 -1.3771 0.3454 0 404.76 -44.468 0.53321 0.01799 45808 4406 6143.8 0 0
2.176e+05 0.58066 0.2572 0.65384 -1.1253 0.3131 0 384.81 -40.396 0.53203 0.017982 45808 4408 6145.1 0 0
2.177e+05 0.56632 0.24938 0.69873 -1.1117 0.31871 0 424.54 -42.941 0.53085 0.01797 45808 4411 6146.4 0 0
2.178e+05 0.56583 0.23569 0.70715 -1.3334 0.30781 0 410.12 -45.208 0.52967 0.017958 45809 4414 6147.8 0 0
2.179e+05 0.57492 0.26214 0.66427 -1.2442 0.31198 0 409.23 -40.559 0.52849 0.017958 45809 4414 6149.1 0 0
2.18e+05 0.57154 0.26261 0.69421 -1.2498 0.31401 0 398.89 -40.868 0.52731 0.017962 45809 4413 6150.4 0 0
2.181e+05 0.59086 0.26863 0.66834 -1.3591 0.33653 0 393.69 -38.735 0.52614 0.01797 45809 4411 6151.6 0 0
2.182e+05 0.56605 0.29003 0.71551 -1.3135 0.32361 0 406.79 -41.566 0.52498 0.017938 45810 4419 6152.8 0 0
2.183e+05 0.53269 0.26104 0.70312 -1.252 0.31434 0 370.73 -47.953 0.52381 0.017934 45810 4420 6154.2 0 0
2.184e+05 0.55394 0.26467 0.70372 -1.1455 0.31691 0 398.39 -43.295 0.52263 0.017934 45810 4420 6155.4 0 0
2.185e+05 0.55996 0.31995 0.679 -1.2585 0.32694 0 403.02 -45.209 0.52146 0.017934 45810 4420 6156.6 0 0
2.186e+05 0.53395 0.27209 0.73845 -0.9384 0.33399 0 403.47 -47.146 0.52028 0.017943 45811 4418 6158 0 0
2.187e+05 0.57542 0.2516 0.72717 -1.3919 0.33527 0 396.23 -41.159 0.51912 0.017928 45811 4422 6159.2 0 0
2.188e+05 0.57285 0.20559 0.73321 -1.219 0.34763 0 395.99 -49.551 0.51795 0.017924 45812 4423 6160.6 0 0
2.189e+05 0.58025 0.21673 0.69339 -1.2553 0.31853 0 419.64 -47.619 0.51679 0.017924 45812 4423 6161.9 0 0
2.19e+05 0.54902 0.23645 0.73631 -1.3851 0.31717 0 390.17 -47.332 0.51574 0.017895 45816 4424 6163.2 0 0
2.191e+05 0.55955 0.23481 0.73134 -1.2013 0.32176 0 411.67 -45.825 0.51465 0.017883 45819 4427 6164.6 0 0
2.192e+05 0.56269 0.25971 0.74755 -1.2333 0.31291 0 417.05 -41.771 0.51349 0.017891 45820 4425 6166 0 0
2.193e+05 0.55744 0.24103 0.72034 -1.0848 0.31392 0 406.54 -44.941 0.51232 0.01787 45820 4430 6167.4 0 0
2.194e+05 0.60937 0.22786 0.65672 -1.2102 0.33822 0 421.25 -44.343 0.51115 0.017862 45820 4432 6168.8 0 0
2.195e+05 0.60624 0.26924 0.68211 -1.0757 0.34553 0 395.47 -38.379 0.50997 0.017846 45820 4436 6170.1 0 0
2.196e+05 0.54425 0.26361 0.69075 -1.3992 0.29737 0 370.51 -44.823 0.5088 0.017846 45820 4436 6171.4 0 0
2.197e+05 0.53931 0.25207 0.75054 -1.3856 0.3105 0 397.5 -46.986 0.50763 0.017838 45820 4438 6172.6 0 0
2.198e+05 0.58463 0.24631 0.64258 -1.1742 0.34186 0 407.95 -40.792 0.50646 0.017842 45820 4437 6173.9 0 0
2.199e+05 0.56095 0.28868 0.6875 -1.3128 0.32569 0 380.52 -41.97 0.50528 0.017822 45820 4442 6175.1 0 0
2.2e+05 0.56347 0.29035 0.69689 -1.4263 0.33553 0 384.28 -41.601 0.50411 0.017806 45820 4446 6176.3 0 0
2.201e+05 0.55288 0.28536 0.73603 -1.0191 0.3146 0 393.97 -43.063 0.50294 0.017814 45820 4444 6177.6 0 0
2.202e+05 0.56467 0.30403 0.72963 -1.3288 0.31519 0 388.61 -42.793 0.50177 0.017806 45820 4446 6178.9 0 0
2.203e+05 0.55389 0.31111 0.66155 -1.3549 0.33888 0 401.16 -44.893 0.5006 0.017798 45820 4448 6180.2 0 0
2.204e+05 0.57219 0.2562 0.67197 -1.1312 0.35537 0 389.64 -40.432 0.49943 0.017806 45820 4446 6181.4 0 0
2.205e+05 0.62781 0.30295 0.67512 -1.1024 0.33243 0 385.22 -36.953 0.49826 0.01781 45820 4445 6182.6 0 0
2.206e+05 0.61391 0.30389 0.62218 -1.326 0.32231 0 365.83 -37.547 0.4971 0.017798 45820 4448 6183.8 0 0
2.207e+05 0.55285 0.30254 0.66537 -1.0882 0.3265 0 388.19 -43.927 0.49593 0.017786 45820 4451 6185 0 0
2.208e+05 0.59764 0.26681 0.65644 -1.2752 0.31447 0 376.83 -38.215 0.49476 0.017774 45820 4454 6186.2 0 0
2.209e+05 0.60604 0.24707 0.61578 -1.2747 0.3296 0 416.08 -40.158 0.49359 0.017774 45820 4454 6187.4 0 0
2.21e+05 0.61155 0.30251 0.6276 -1.3737 0.32305 0 380.16 -37.495 0.49243 0.017774 45820 4454 6188.7 0 0
2.211e+05 0.54251 0.25935 0.71169 -1.1016 0.31381 0 411.36 -45.435 0.49127 0.017778 45820 4453 6189.9 0 0
2.212e+05 0.55217 0.28699 0.68631 -0.92469 0.32346 0 417.3 -43.008 0.4901 0.01777 45820 4455 6191.1 0 0
2.213e+05 0.58007 0.26171 0.68209 -1.116 0.33232 0 400.32 -39.068 0.48894 0.017762 45820 4457 6192.3 0 0
2.214e+05 0.55913 0.26445 0.67373 -1.2053 0.32827 0 392.96 -41.545 0.48777 0.01777 45820 4455 6193.6 0 0
2.215e+05 0.58891 0.28252 0.63628 -1.2149 0.32127 0 410.5 -37.817 0.48661 0.017774 45820 4454 6194.9 0 0
2.216e+05 0.58828 0.27429 0.69657 -1.1021 0.34759 0 394.36 -37.731 0.48545 0.017782 45820 4452 6196.2 0 0
2.217e+05 0.56288 0.25345 0.66019 -1.0974 0.30758 0 405.22 -41.784 0.48428 0.017778 45820 4453 6197.4 0 0
2.218e+05 0.63734 0.25943 0.65339 -1.0523 0.32946 0 395.59 -39.414 0.48312 0.017774 45820 4454 6198.7 0 0
2.219e+05 0.57033 0.27831 0.56219 -1.0592 0.34439 0 408.34 -39.645 0.48196 0.017762 45820 4457 6199.9 0 0
2.22e+05 0.59053 0.28462 0.61178 -1.1604 0.31183 0 386.77 -37.759 0.4808 0.017762 45820 4457 6201.2 0 0
2.221e+05 0.54448 0.2769 0.62632 -1.2315 0.30809 0 398.32 -43.994 0.47964 0.017754 45820 4459 6202.6 0 0
2.222e+05 0.55183 0.23005 0.60832 -0.99982 0.34144 0 387.84 -47.272 0.47848 0.017738 45820 4463 6203.8 0 0
2.223e+05 0.58507 0.24115 0.6404 -1.2766 0.347 0 382.86 -41.389 0.47732 0.01775 45820 4460 6205.1 0 0
2.224e+05 0.52464 0.26033 0.7143 -1.4407 0.33557 0 385.67 -48.918 0.47616 0.017742 45820 4462 6206.4 0 1.4363
2.225e+05 0.54869 0.25261 0.65575 -1.357 0.34317 0 395.58 -44.349 0.475 0.017738 45820 4463 6207.7 0 0
2.226e+05 0.55004 0.29436 0.60703 -1.1653 0.32047 0 383.1 -43.338 0.47384 0.017734 45820 4464 6209 0 0
2.227e+05 0.56443 0.32134 0.61879 -1.0934 0.32427 0 395.54 -44.28 0.47268 0.017726 45820 4466 6210.3 0 0
2.228e+05 0.56226 0.29849 0.61092 -1.1896 0.34194 0 389.71 -41.645 0.47153 0.017726 45820 4466 6211.5 0 0
2.229e+05 0.58823 0.30669 0.624 -1.2344 0.34721 0 391.85 -39.602 0.47037 0.017723 45820 4467 6212.8 0 0
2.23e+05 0.6147 0.27431 0.62337 -1.1791 0.3285 0 385.5 -37.401 0.46922 0.017723 45820 4467 6214.1 0 0
2.231e+05 0.51797 0.32157 0.61033 -1.4456 0.3359 0 423.97 -49.904 0.46806 0.017707 45820 4471 6215.4 0 7.241
2.232e+05 0.58701 0.29147 0.60688 -0.95697 0.34157 0 417.98 -38.423 0.46691 0.017707 45820 4471 6216.6 0 0
2.233e+05 0.56939 0.30974 0.60728 -1.198 0.31456 0 403.68 -41.793 0.46575 0.017699 45820 4473 6217.9 0 0
2.234e+05 0.56223 0.30221 0.75005 -1.071 0.3251 0 423.52 -41.816 0.4646 0.017695 45820 4474 6219.2 0 0
2.235e+05 0.54547 0.26782 0.60694 -1.1789 0.3152 0 427.02 -43.653 0.46344 0.017703 45820 4472 6220.4 0 0
2.236e+05 0.61059 0.25232 0.69391 -1.4605 0.34307 0 423.55 -39.209 0.46229 0.017703 45820 4472 6221.7 0 0
2.237e+05 0.59102 0.2623 0.60092 -1.3725 0.35671 0 388.65 -38.085 0.46114 0.017699 45820 4473 6222.8 0 0
2.238e+05 0.60437 0.24996 0.64937 -1.3327 0.30647 0 382.55 -39.326 0.45999 0.017695 45820 4474 6224 0 0
2.239e+05 0.60142 0.25766 0.67463 -1.0024 0.32423 0 414.15 -38.426 0.45883 0.017699 45820 4473 6225.2 0 0
2.24e+05 0.57804 0.24007 0.71787 -1.2285 0.32547 0 419.23 -41.726 0.45768 0.017687 45820 4476 6226.5 0 0
2.241e+05 0.57182 0.24133 0.68546 -1.2986 0.32378 0 399.24 -42.127 0.45653 0.017687 45820 4476 6227.8 0 0
2.242e+05 0.59599 0.20255 0.67212 -1.2874 0.35289 0 410.15 -49.326 0.45538 0.017691 45820 4475 6229.1 0 0
2.243e+05 0.59866 0.23899 0.67826 -1.1362 0.31818 0 382.75 -41.067 0.45424 0.017687 45821 4476 6230.4 0 0
2.244e+05 0.5601 0.22736 0.71979 -1.435 0.33808 0 405.73 -46.395 0.45309 0.017683 45821 4477 6231.8 0 0
2.245e+05 0.61777 0.26223 0.67125 -1.4734 0.34069 0 397.4 -38.155 0.45194 0.017679 45821 4478 6233.2 0 0
2.246e+05 0.54701 0.23792 0.64675 -1.2421 0.33303 0 390.67 -46.638 0.4508 0.017675 45821 4479 6234.4 0 0
2.247e+05 0.5346 0.2521 0.66495 -1.3508 0.34065 0 390.19 -47.236 0.44965 0.017687 45821 4476 6235.8 0 0
2.248e+05 0.5244 0.27192 0.72968 -1.2206 0.34195 0 412.9 -48.1 0.4485 0.017683 45821 4477 6237.2 0 1.5698
2.249e+05 0.52547 0.26665 0.65286 -1.0947 0.32666 0 371.79 -47.971 0.44736 0.017683 45821 4477 6238.5 0 1.0244
2.25e+05 0.54602 0.26341 0.69924 -1.0982 0.32257 0 402.22 -43.483 0.44621 0.017675 45821 4479 6239.9 0 0
2.251e+05 0.53528 0.31369 0.72244 -1.319 0.31593 0 393.67 -47.169 0.44507 0.017671 45821 4480 6241.2 0 0
2.252e+05 0.53438 0.25515 0.6635 -1.2167 0.31474 0 379.21 -46.66 0.44392 0.017675 45821 4479 6242.5 0 0
2.253e+05 0.52841 0.27305 0.71516 -1.1566 0.33658 0 416.45 -46.596 0.44278 0.017675 45821 4479 6243.9 0 0.12718
2.254e+05 0.54175 0.3057 0.74254 -1.333 0.35417 0 408.63 -45.395 0.44163 0.017675 45821 4479 6245.2 0 0
2.255e+05 0.55319 0.301 0.74084 -1.182 0.31692 0 400.09 -42.724 0.44049 0.017671 45821 4480 6246.5 0 0
2.256e+05 0.54092 0.2766 0.70986 -1.0306 0.31191 0 406.3 -43.44 0.43935 0.017671 45821 4480 6247.8 0 0
2.257e+05 0.54361 0.29317 0.70722 -1.2226 0.33853 0 396.04 -43.647 0.43821 0.017667 45821 4481 6249.1 0 0
2.258e+05 0.55691 0.31712 0.64775 -1.1591 0.34034 0 410.25 -44.399 0.43707 0.017659 45821 4483 6250.5 0 0
2.259e+05 0.59934 0.26178 0.57951 -0.97411 0.33176 0 413.66 -37.86 0.43593 0.017652 45821 4485 6251.8 0 0
2.26e+05 0.56877 0.26317 0.58841 -1.2567 0.31767 0 409.56 -39.484 0.43479 0.017655 45821 4484 6253.1 0 0
2.261e+05 0.60443 0.26018 0.63367 -1.0346 0.32426 0 411.23 -37.881 0.43365 0.017659 45821 4483 6254.3 0 0
2.262e+05 0.56205 0.23416 0.70345 -1.2925 0.33164 0 414.79 -44.514 0.43251 0.017663 45821 4482 6255.5 0 0
2.263e+05 0.5302 0.25881 0.70117 -1.0566 0.33347 0 409.15 -46.751 0.43138 0.017663 45821 4482 6256.9 0 0
2.264e+05 0.52585 0.2474 0.72202 -1.145 0.32188 0 425.78 -48.697 0.43024 0.017663 45821 4482 6258.2 0 0.86249
2.265e+05 0.57688 0.25509 0.64819 -1.1185 0.3291 0 405.61 -39.203 0.4291 0.017652 45821 4485 6259.6 0 0
2.266e+05 0.55929 0.29925 0.68319 -1.198 0.31251 0 414.54 -41.451 0.42797 0.017659 45821 4483 6261 0 0
2.267e+05 0.56311 0.26683 0.63101 -1.2242 0.31454 0 424.88 -39.829 0.42683 0.017648 45821 4486 6262.2 0 0
2.268e+05 0.59458 0.23568 0.67729 -1.2051 0.34936 0 397.96 -41.678 0.4257 0.017654 45822 4484 6263.6 0 0
2.269e+05 0.53158 0.29393 0.65122 -1.5014 0.33975 0 429.77 -45.344 0.42456 0.017658 45822 4483 6265.1 0 0
2.27e+05 0.54886 0.30572 0.67878 -1.4141 0.31298 0 418.28 -43.828 0.42343 0.017631 45822 4490 6266.4 0 0
2.271e+05 0.53389 0.28651 0.68908 -1.1864 0.33588 0 412.65 -44.293 0.42229 0.017635 45822 4489 6267.8 0 0
2.272e+05 0.53377 0.26288 0.70735 -1.0226 0.35339 0 423.88 -44.897 0.42116 0.017635 45822 4489 6269.1 0 0
2.273e+05 0.53888 0.26415 0.63359 -1.3467 0.30658 0 419.63 -43.758 0.42002 0.017643 45822 4487 6270.5 0 0
2.274e+05 0.5402 0.27101 0.65133 -1.3151 0.34503 0 417.73 -43.039 0.41889 0.017643 45822 4487 6271.7 0 0
2.275e+05 0.53034 0.28074 0.67872 -1.3244 0.31734 0 421.08 -44.635 0.41776 0.01765 45822 4485 6273 0 0
2.276e+05 0.5469 0.2662 0.66468 -1.3141 0.3138 0 406.7 -41.88 0.41663 0.017639 45822 4488 6274.3 0 0
2.277e+05 0.5458 0.2702 0.61366 -1.0414 0.31631 0 399.61 -41.765 0.41549 0.017635 45822 4489 6275.5 0 0
2.278e+05 0.55661 0.2654 0.6599 -1.1597 0.34179 0 404.51 -40.269 0.41436 0.017619 45822 4493 6276.8 0 0
2.279e+05 0.64551 0.26221 0.59524 -1.3785 0.35897 0 409.54 -38.215 0.41323 0.017611 45822 4495 6278 0 0
2.28e+05 0.53928 0.25683 0.58542 -1.0358 0.32016 0 408.23 -43.9 0.4121 0.017607 45822 4496 6279.3 0 0
2.281e+05 0.55495 0.26027 0.68087 -1.3155 0.33688 0 432.74 -40.857 0.41097 0.017603 45822 4497 6280.5 0 0
2.282e+05 0.58867 0.23749 0.68119 -1.2015 0.30843 0 425.4 -41.359 0.40984 0.017603 45822 4497 6281.8 0 0
2.283e+05 0.5548 0.22433 0.63387 -1.4368 0.33248 0 398.87 -47.323 0.40871 0.017595 45822 4499 6283.1 0 0
2.284e+05 0.56697 0.26393 0.68426 -1.4112 0.32762 0 402.15 -38.892 0.40758 0.017615 45822 4494 6284.5 0 0
2.285e+05 0.55139 0.24925 0.62695 -1.1555 0.32462 0 412.83 -42.689 0.40646 0.017619 45822 4493 6285.7 0 0
2.286e+05 0.59009 0.27898 0.58601 -1.1684 0.33426 0 417.32 -37.005 0.40534 0.017611 45822 4495 6287 0 0
2.287e+05 0.55197 0.27311 0.63266 -1.0767 0.33282 0 395.83 -40.342 0.40421 0.017607 45822 4496 6288.2 0 0
2.288e+05 0.56184 0.2694 0.60604 -1.2447 0.32443 0 398.2 -38.894 0.40308 0.017607 45822 4496 6289.5 0 0
2.289e+05 0.53451 0.27582 0.60796 -1.3592 0.33176 0 400.09 -43.389 0.40196 0.017599 45822 4498 6290.7 0 0
2.29e+05 0.58897 0.29569 0.63356 -1.2861 0.33141 0 400.85 -38.074 0.40083 0.017603 45822 4497 6292 0 0
2.291e+05 0.5603 0.26023 0.66703 -1.1556 0.32535 0 385.09 -39.431 0.39971 0.017599 45822 4498 6293.2 0 0
2.292e+05 0.54116 0.23472 0.69651 -1.2061 0.33885 0 403.26 -47.026 0.39858 0.017595 45822 4499 6294.4 0 0
2.293e+05 0.56828 0.26054 0.6173 -1.3221 0.33421 0 380.56 -38.582 0.39746 0.017592 45822 4500 6295.8 0 0
2.294e+05 0.61123 0.26251 0.62886 -1.3291 0.31656 0 372.19 -37.678 0.39633 0.017588 45822 4501 6297 0 0
2.295e+05 0.58274 0.23526 0.61147 -1.2306 0.31905 0 359.55 -41.836 0.39521 0.017588 45822 4501 6298.3 0 0
2.296e+05 0.55195 0.30024 0.65583 -1.2031 0.33202 0 363.75 -42.122 0.39409 0.017584 45822 4502 6299.5 0 0
2.297e+05 0.55397 0.26926 0.62615 -1.149 0.31898 0 375.1 -39.481 0.39297 0.017588 45822 4501 6300.7 0 0
2.298e+05 0.54622 0.26738 0.73323 -1.3539 0.35456 0 375.91 -40.988 0.39185 0.017591 45822 4500 6301.9 0 0
2.299e+05 0.55419 0.26297 0.68231 -1.0653 0.34182 0 360.16 -39.758 0.39073 0.017584 45823 4502 6303.2 0 0
2.3e+05 0.57783 0.27075 0.63805 -1.2958 0.36218 0 365.28 -37.167 0.38961 0.01758 45823 4503 6304.4 0 0
2.301e+05 0.54869 0.24996 0.65866 -1.2504 0.31337 0 379.13 -42.196 0.38849 0.017584 45823 4502 6305.7 0 0
2.302e+05 0.5492 0.24021 0.62708 -1.1093 0.33279 0 373.07 -44.229 0.38737 0.01758 45823 4503 6306.9 0 0
2.303e+05 0.55842 0.2858 0.60864 -1.2824 0.30285 0 352.03 -39.359 0.38625 0.017576 45823 4504 6308.2 0 0
2.304e+05 0.54636 0.27725 0.69892 -1.3105 0.38654 0 394.95 -40.423 0.38514 0.01758 45823 4503 6309.5 0 0
2.305e+05 0.60975 0.22615 0.6197 -1.5222 0.33594 0 352.67 -44.085 0.38402 0.017588 45823 4501 6310.8 0 0
2.306e+05 0.55945 0.25003 0.59218 -1.2715 0.33128 0 369.42 -40.349 0.3829 0.017596 45823 4499 6312.1 0 0
2.307e+05 0.56802 0.30149 0.67108 -1.2197 0.35763 0 375.79 -40.058 0.38178 0.017592 45823 4500 6313.3 0 0
2.308e+05 0.58901 0.24173 0.62449 -1.2544 0.35239 0 371.53 -40.068 0.38066 0.017588 45823 4501 6314.6 0 0
2.309e+05 0.56159 0.22387 0.7274 -0.99921 0.33405 0 367.71 -46.101 0.37955 0.017584 45823 4502 6315.9 0 0
2.31e+05 0.59504 0.23996 0.65986 -1.3204 0.32817 0 397.39 -40.133 0.37843 0.017568 45823 4506 6317.1 0 0
2.311e+05 0.53839 0.28267 0.78059 -1.4519 0.31824 0 375.22 -42.14 0.37732 0.017568 45823 4506 6318.4 0 0
2.312e+05 0.57239 0.28837 0.70274 -1.1452 0.33289 0 367.99 -37.85 0.3762 0.017564 45823 4507 6319.6 0 0
2.313e+05 0.61186 0.28068 0.64839 -1.3349 0.31423 0 365.2 -36.835 0.37509 0.017568 45823 4506 6320.8 0 0
2.314e+05 0.61013 0.28911 0.66316 -1.2841 0.32318 0 370.7 -36.834 0.37397 0.017572 45823 4505 6322 0 0
2.315e+05 0.59633 0.32857 0.69498 -1.1618 0.32787 0 362.83 -40.604 0.37286 0.017568 45823 4506 6323.2 0 0
2.316e+05 0.64295 0.29216 0.66503 -1.1474 0.36937 0 367.11 -36.238 0.37175 0.017576 45823 4504 6324.5 0 0
2.317e+05 0.63481 0.24978 0.6376 -1.0919 0.33508 0 385.21 -40.295 0.37063 0.01758 45823 4503 6325.6 0 0
2.318e+05 0.58712 0.27775 0.69726 -1.2451 0.35519 0 376.94 -36.477 0.36952 0.01758 45823 4503 6326.8 0 0
2.319e+05 0.62996 0.23933 0.66626 -1.3872 0.32147 0 388.6 -42.21 0.36841 0.017568 45823 4506 6328 0 0
2.32e+05 0.58965 0.26969 0.6424 -1.5029 0.33578 0 384.36 -36.578 0.3673 0.017557 45823 4509 6329.2 0 0
2.321e+05 0.57592 0.25598 0.70906 -1.0272 0.31355 0 383.73 -37.671 0.36619 0.017557 45823 4509 6330.4 0 0
2.322e+05 0.5548 0.21675 0.70367 -1.3313 0.33514 0 369.29 -48.588 0.36508 0.017549 45823 4511 6331.6 0 0
2.323e+05 0.56772 0.2508 0.65205 -1.2046 0.36565 0 399.57 -38.866 0.36397 0.017541 45823 4513 6332.9 0 0
2.324e+05 0.53693 0.24677 0.74427 -1.3927 0.33829 0 398.8 -44.64 0.36286 0.017537 45823 4514 6334.2 0 0
2.325e+05 0.57682 0.25871 0.68036 -1.3054 0.36253 0 374.81 -37.167 0.36175 0.017541 45823 4513 6335.4 0 0
2.326e+05 0.62332 0.24795 0.65067 -0.90232 0.36987 0 379.67 -39.753 0.36064 0.017537 45823 4514 6336.6 0 0
2.327e+05 0.56875 0.32321 0.72142 -1.3271 0.36918 0 369.6 -43.615 0.35953 0.017537 45823 4514 6337.8 0 0
2.328e+05 0.58549 0.26543 0.71056 -1.1648 0.33414 0 356.71 -36.507 0.35843 0.017533 45823 4515 6339 0 0
2.329e+05 0.56466 0.24627 0.70529 -1.0425 0.35195 0 382.6 -39.971 0.35732 0.017525 45823 4517 6340.3 0 0
2.33e+05 0.57117 0.30165 0.74285 -1.1032 0.33448 0 391.08 -39.373 0.35621 0.017537 45823 4514 6341.5 0 0
2.331e+05 0.59912 0.29148 0.70052 -1.0659 0.3486 0 369.26 -36.583 0.35511 0.017541 45823 4513 6342.8 0 0
2.332e+05 0.61357 0.31833 0.64562 -1.363 0.33804 0 365.34 -38.247 0.354 0.017533 45823 4515 6343.9 0 0
2.333e+05 0.55078 0.31712 0.72533 -0.97722 0.32753 0 381.95 -44.743 0.3529 0.017541 45823 4513 6345.2 0 0
2.334e+05 0.58213 0.2636 0.7053 -1.4439 0.34394 0 388.46 -36.552 0.35179 0.017541 45823 4513 6346.4 0 0
2.335e+05 0.57333 0.25993 0.68719 -1.1677 0.34775 0 397.87 -37.006 0.35069 0.017525 45823 4517 6347.5 0 0
2.336e+05 0.644 0.22541 0.72098 -1.3461 0.31734 0 358.82 -46.349 0.34958 0.017522 45823 4518 6348.8 0 0
2.337e+05 0.62625 0.26254 0.70521 -1.1115 0.32219 0 392.49 -37.697 0.34848 0.017525 45823 4517 6350 0 0
2.338e+05 0.61405 0.25366 0.69634 -1.2457 0.37817 0 396.45 -37.898 0.34738 0.017522 45823 4518 6351.1 0 0
2.339e+05 0.61209 0.28197 0.653 -1.4077 0.31409 0 369.02 -36.214 0.34628 0.017529 45823 4516 6352.3 0 0
2.34e+05 0.61931 0.26892 0.66318 -1.2534 0.32883 0 379.8 -36.567 0.34517 0.017525 45823 4517 6353.5 0 0
2.341e+05 0.64079 0.24271 0.6561 -1.1868 0.33249 0 372.06 -41.631 0.34407 0.017506 45823 4522 6354.6 0 0
2.342e+05 0.59684 0.28376 0.66793 -1.3787 0.35157 0 383.76 -35.682 0.34297 0.017491 45823 4526 6355.8 0 0
2.343e+05 0.59483 0.28853 0.74337 -1.3166 0.34338 0 388.11 -36.046 0.34187 0.017491 45823 4526 6357 0 0
2.344e+05 0.63241 0.25344 0.63959 -1.0763 0.34819 0 388.72 -39.002 0.34077 0.017479 45823 4529 6358.1 0 0
2.345e+05 0.63557 0.30726 0.68956 -1.0393 0.34264 0 382.87 -36.721 0.33967 0.017487 45823 4527 6359.3 0 0
2.346e+05 0.5906 0.29876 0.73289 -1.039 0.34683 0 392.79 -37.285 0.33857 0.017475 45823 4530 6360.4 0 0
2.347e+05 0.6077 0.28813 0.72648 -1.2797 0.30771 0 368.93 -35.9 0.33748 0.017475 45823 4530 6361.6 0 0
2.348e+05 0.63446 0.29445 0.70163 -1.4567 0.35261 0 377.71 -36.134 0.33638 0.017479 45823 4529 6362.7 0 0
2.349e+05 0.64071 0.22983 0.66747 -1.2587 0.32982 0 367.54 -44.87 0.33528 0.017471 45823 4531 6363.9 0 0
2.35e+05 0.62153 0.2917 0.59398 -1.1343 0.35357 0 369.32 -35.947 0.33418 0.017467 45823 4532 6365 0 0
2.351e+05 0.61272 0.28176 0.69017 -1.3001 0.31826 0 373.54 -35.637 0.33309 0.017464 45823 4533 6366.2 0 0
2.352e+05 0.64578 0.28318 0.60293 -1.1486 0.33692 0 370.41 -35.582 0.33199 0.01746 45823 4534 6367.4 0 0
2.353e+05 0.62468 0.27822 0.67597 -0.97168 0.30383 0 387.83 -35.715 0.33089 0.017464 45823 4533 6368.5 0 0
2.354e+05 0.60397 0.29445 0.67485 -1.0981 0.3238 0 372.83 -36.01 0.3298 0.017464 45823 4533 6369.6 0 0
2.355e+05 0.64083 0.26274 0.59213 -1.2814 0.34016 0 390.45 -37.405 0.32871 0.01746 45823 4534 6370.8 0 0
2.356e+05 0.58806 0.29784 0.64669 -1.0167 0.36101 0 388.62 -37.265 0.32761 0.017456 45823 4535 6371.9 0 0
2.357e+05 0.64191 0.27712 0.63762 -1.1331 0.32443 0 369.43 -35.857 0.32652 0.017467 45823 4532 6373.1 0 0
2.358e+05 0.62378 0.27656 0.65536 -1.1814 0.36178 0 381.45 -35.488 0.32542 0.017464 45823 4533 6374.2 0 0
2.359e+05 0.592 0.29149 0.65744 -1.0923 0.34822 0 380.36 -36.113 0.32433 0.017467 45823 4532 6375.3 0 0
2.36e+05 0.60938 0.2956 0.7075 -0.97362 0.33224 0 360.67 -35.752 0.32324 0.017464 45823 4533 6376.5 0 0
2.361e+05 0.61933 0.27158 0.71439 -1.2444 0.3657 0 378.72 -35.506 0.32215 0.01746 45823 4534 6377.6 0 0
2.362e+05 0.60554 0.25655 0.72208 -1.1498 0.31029 0 390.45 -36.869 0.32105 0.017456 45823 4535 6378.8 0 0
2.363e+05 0.63039 0.27513 0.68345 -1.1513 0.33244 0 375.36 -35.632 0.31996 0.01746 45823 4534 6379.9 0 0
2.364e+05 0.58281 0.27189 0.6847 -1.0475 0.32367 0 384.32 -35.946 0.31887 0.01746 45823 4534 6381.1 0 0
2.365e+05 0.58547 0.25555 0.69221 -1.3086 0.30502 0 395.56 -36.975 0.31778 0.01746 45823 4534 6382.3 0 0
2.366e+05 0.53593 0.29342 0.76559 -1.1973 0.33829 0 391.06 -43.631 0.31669 0.01746 45823 4534 6383.5 0 0
2.367e+05 0.60761 0.30322 0.68276 -1.2319 0.35955 0 372.51 -36.231 0.31561 0.017464 45823 4533 6384.6 0 0
2.368e+05 0.55114 0.28979 0.66231 -1.2085 0.3788 0 374.73 -40.267 0.31452 0.017471 45823 4531 6385.8 0 0
2.369e+05 0.60346 0.23134 0.67776 -1.417 0.36623 0 370.86 -41.832 0.31343 0.017471 45823 4531 6387 0 0
2.37e+05 0.56506 0.30315 0.65453 -1.1083 0.31889 0 405.38 -39.864 0.31234 0.017475 45823 4530 6388.1 0 0
2.371e+05 0.59883 0.24399 0.66081 -1.1426 0.31088 0 393.76 -38.717 0.31125 0.017475 45823 4530 6389.3 0 0
2.372e+05 0.58159 0.22978 0.66802 -1.1573 0.36504 0 405.15 -42.48 0.31017 0.017471 45823 4531 6390.5 0 0
2.373e+05 0.59279 0.23982 0.67411 -1.1822 0.34978 0 374.52 -39.596 0.30908 0.017467 45823 4532 6391.7 0 0
2.374e+05 0.59523 0.27845 0.62116 -1.1911 0.31875 0 399.49 -35.11 0.30799 0.017471 45823 4531 6392.9 0 0
2.375e+05 0.65372 0.27092 0.71268 -1.2369 0.33417 0 414.81 -35.314 0.30691 0.017475 45823 4530 6394.1 0 0
2.376e+05 0.61465 0.26456 0.7161 -1.3071 0.33627 0 386.17 -35.623 0.30582 0.017467 45823 4532 6395.2 0 0
2.377e+05 0.62024 0.24254 0.63028 -1.4484 0.37694 0 402.45 -39.486 0.30474 0.01746 45823 4534 6396.3 0 0
2.378e+05 0.60952 0.27585 0.67912 -1.4462 0.32517 0 395.28 -34.818 0.30366 0.01746 45823 4534 6397.5 0 0
2.379e+05 0.60175 0.25683 0.64231 -1.3544 0.35127 0 395.83 -36.142 0.30257 0.017464 45823 4533 6398.7 0 0
2.38e+05 0.6044 0.27761 0.68097 -1.0582 0.34071 0 404.96 -34.66 0.30149 0.01746 45823 4534 6399.9 0 0
2.381e+05 0.59461 0.23825 0.69047 -1.1088 0.30769 0 383.61 -39.782 0.3004 0.017464 45823 4533 6401.1 0 0
2.382e+05 0.57483 0.29424 0.62528 -1.1131 0.32418 0 398.73 -37.181 0.29932 0.017464 45823 4533 6402.3 0 0
2.383e+05 0.58448 0.29312 0.68633 -1.0357 0.31704 0 391.76 -36.333 0.29824 0.017452 45823 4536 6403.4 0 0
2.384e+05 0.55193 0.28509 0.69689 -1.1231 0.32939 0 405.2 -39.481 0.29716 0.017456 45823 4535 6404.6 0 0
2.385e+05 0.62792 0.27439 0.66625 -1.1012 0.32533 0 380.01 -35.208 0.29608 0.01746 45823 4534 6405.8 0 0
2.386e+05 0.63773 0.2689 0.62613 -1.4858 0.32294 0 364.71 -36.312 0.295 0.017456 45823 4535 6406.9 0 0
2.387e+05 0.62057 0.25374 0.6523 -1.0293 0.33004 0 399.63 -37.177 0.29392 0.017456 45823 4535 6408.1 0 0
2.388e+05 0.60435 0.2526 0.66639 -1.3242 0.33437 0 403.59 -36.521 0.29284 0.017464 45823 4533 6409.3 0 0
2.389e+05 0.63248 0.26881 0.63213 -1.1937 0.31634 0 418.19 -35.857 0.29176 0.017464 45823 4533 6410.6 0 0
2.39e+05 0.62235 0.23766 0.6486 -1.3263 0.31554 0 422.43 -40.422 0.29068 0.017452 45823 4536 6411.8 0 0
2.391e+05 0.6339 0.28448 0.65828 -1.1996 0.29976 0 412.66 -35.084 0.2896 0.017448 45823 4537 6412.9 0 0
2.392e+05 0.65395 0.28293 0.60116 -1.292 0.31788 0 412.59 -34.85 0.28852 0.017456 45823 4535 6414.1 0 0
2.393e+05 0.6332 0.23542 0.67181 -1.173 0.3258 0 402.28 -41.99 0.28745 0.017448 45823 4537 6415.3 0 0
2.394e+05 0.60552 0.3002 0.6721 -1.5542 0.30835 0 388.09 -35.726 0.28637 0.017456 45823 4535 6416.4 0 0
2.395e+05 0.63698 0.25151 0.67334 -1.0521 0.32288 0 385.58 -38.196 0.2853 0.017429 45823 4542 6417.6 0 0
2.396e+05 0.62098 0.26733 0.65531 -1.1474 0.35252 0 395.94 -34.944 0.28422 0.017433 45823 4541 6418.7 0 0
2.397e+05 0.61257 0.27063 0.66513 -1.3183 0.33721 0 403.48 -34.465 0.28314 0.017421 45823 4544 6419.9 0 0
2.398e+05 0.62591 0.27998 0.67254 -1.3452 0.32327 0 394.26 -34.502 0.28207 0.01741 45823 4547 6421 0 0
2.399e+05 0.64594 0.29124 0.63552 -1.2357 0.34456 0 394.08 -35.096 0.28099 0.017402 45823 4549 6422.1 0 0
2.4e+05 0.63066 0.26648 0.68941 -1.3335 0.33662 0 409.67 -35.321 0.27992 0.017425 45823 4543 6423.2 0 0
2.401e+05 0.62317 0.2406 0.67679 -1.0802 0.31604 0 398.08 -39.454 0.27885 0.017421 45823 4544 6424.4 0 0
2.402e+05 0.66109 0.28503 0.6782 -1.2159 0.34478 0 379.55 -33.807 0.27777 0.017417 45823 4545 6425.6 0 0
2.403e+05 0.62343 0.29811 0.63489 -1.2842 0.32366 0 386.79 -35.013 0.2767 0.017417 45823 4545 6426.7 0 0
2.404e+05 0.64113 0.3012 0.70806 -1.1283 0.32167 0 388.3 -35.529 0.27563 0.017417 45823 4545 6427.8 0 0
2.405e+05 0.62776 0.30483 0.66139 -1.2676 0.31816 0 397.9 -35.586 0.27456 0.017429 45823 4542 6429 0 0
2.406e+05 0.60777 0.2443 0.71431 -1.2613 0.33987 0 385.26 -38.031 0.27349 0.017429 45823 4542 6430.1 0 0
2.407e+05 0.60163 0.25736 0.67351 -1.0476 0.31598 0 398.15 -35.376 0.27242 0.017421 45823 4544 6431.3 0 0
2.408e+05 0.6061 0.28263 0.69446 -1.1852 0.34485 0 390.37 -34.036 0.27135 0.017421 45823 4544 6432.4 0 0
2.409e+05 0.5724 0.27025 0.68264 -1.0939 0.31095 0 370.89 -35.86 0.27028 0.017414 45823 4546 6433.5 0 0
2.41e+05 0.61338 0.25962 0.69947 -1.2938 0.33065 0 384.29 -35.072 0.26921 0.017417 45823 4545 6434.7 0 0
2.411e+05 0.62359 0.21712 0.60459 -0.87991 0.31469 0 412.15 -46.326 0.26814 0.017444 45823 4538 6435.9 0 0
2.412e+05 0.60064 0.26646 0.62306 -1.2203 0.32787 0 386.14 -34.369 0.26708 0.017444 45823 4538 6437.1 0 0
2.413e+05 0.64827 0.2474 0.67226 -1.2018 0.3309 0 399.13 -39.049 0.26601 0.017448 45823 4537 6438.2 0 0
2.414e+05 0.60163 0.26165 0.62169 -1.1571 0.30461 0 372.16 -34.69 0.26494 0.01744 45823 4539 6439.4 0 0
2.415e+05 0.62544 0.23358 0.64235 -1.2729 0.35858 0 397.4 -41.336 0.26388 0.01744 45823 4539 6440.5 0 0
2.416e+05 0.62948 0.2758 0.63493 -1.1926 0.32628 0 390.08 -34.076 0.26281 0.017448 45823 4537 6441.6 0 0
2.417e+05 0.65993 0.30937 0.64726 -1.1027 0.32632 0 388.54 -35.942 0.26175 0.017437 45823 4540 6442.8 0 0
2.418e+05 0.61715 0.29117 0.6553 -1.2134 0.31616 0 388.72 -34.082 0.26068 0.017437 45824 4540 6443.9 0 0
2.419e+05 0.60997 0.28447 0.67341 -1.1977 0.35462 0 391.62 -33.878 0.25962 0.017421 45824 4544 6445 0 0
2.42e+05 0.6053 0.2702 0.69874 -1.4137 0.32149 0 410.72 -33.942 0.25856 0.017425 45824 4543 6446.2 0 0
2.421e+05 0.58726 0.26454 0.68913 -1.297 0.31947 0 402.59 -34.871 0.25749 0.017421 45824 4544 6447.3 0 0
2.422e+05 0.64227 0.31654 0.63702 -1.2901 0.32379 0 402.16 -36.87 0.25643 0.017417 45824 4545 6448.4 0 0
2.423e+05 0.66504 0.27052 0.61958 -1.1385 0.34074 0 384.93 -33.669 0.25537 0.017417 45824 4545 6449.5 0 0
2.424e+05 0.61412 0.28945 0.67316 -1.2782 0.31061 0 376.11 -33.903 0.2543 0.017417 45824 4545 6450.7 0 0
2.425e+05 0.64458 0.30718 0.65275 -1.1779 0.36018 0 389.08 -35.811 0.25324 0.017421 45824 4544 6451.8 0 0
2.426e+05 0.6243 0.28522 0.65114 -1.1923 0.32214 0 399.45 -33.387 0.25218 0.017414 45824 4546 6453 0 0
2.427e+05 0.63728 0.28089 0.69463 -1.2905 0.3494 0 406.17 -34.029 0.25111 0.01741 45824 4547 6454.1 0 0
2.428e+05 0.61272 0.27586 0.68405 -1.1998 0.33225 0 393.18 -33.366 0.25005 0.017406 45824 4548 6455.2 0 0
2.429e+05 0.66163 0.29405 0.6585 -1.2552 0.32771 0 408.74 -33.978 0.24899 0.017414 45824 4546 6456.3 0 0
2.43e+05 0.64301 0.31591 0.68504 -1.3616 0.34515 0 367.67 -36.695 0.24793 0.017414 45824 4546 6457.5 0 0
2.431e+05 0.64958 0.32092 0.61149 -1.3911 0.31518 0 398.96 -37.221 0.24687 0.01741 45824 4547 6458.6 0 0
2.432e+05 0.6144 0.30196 0.67507 -1.3727 0.33746 0 365.86 -34.78 0.24581 0.017417 45824 4545 6459.7 0 0
2.433e+05 0.59984 0.29109 0.63441 -1.2875 0.32339 0 365.07 -34.275 0.24475 0.017421 45824 4544 6460.8 0 0
2.434e+05 0.62318 0.28523 0.66312 -1.3721 0.30616 0 385.33 -33.061 0.24369 0.017425 45824 4543 6461.9 0 0
2.435e+05 0.63641 0.27875 0.72378 -1.1646 0.30957 0 374.86 -33.752 0.24263 0.017425 45824 4543 6463 0 0
2.436e+05 0.63913 0.29359 0.69249 -1.3723 0.33016 0 391.33 -34.072 0.24158 0.017421 45824 4544 6464.2 0 0
2.437e+05 0.61804 0.26568 0.69473 -1.3209 0.33625 0 415.24 -33.847 0.24052 0.017429 45824 4542 6465.3 0 0
2.438e+05 0.64238 0.23039 0.57964 -1.13 0.31507 0 383.74 -43.662 0.23947 0.017425 45824 4543 6466.4 0 0
2.439e+05 0.62921 0.25511 0.65734 -1.1359 0.33937 0 389.46 -35.802 0.23841 0.017413 45824 4546 6467.5 0 0
2.44e+05 0.65243 0.25902 0.64346 -1.4247 0.34141 0 390.45 -35.665 0.23737 0.017417 45824 4545 6468.7 0 0
2.441e+05 0.60178 0.29144 0.67293 -1.2711 0.3076 0 380.64 -34.041 0.23631 0.017421 45825 4544 6469.8 0 0
2.442e+05 0.66075 0.30405 0.72677 -1.0158 0.31857 0 390.71 -35.13 0.23526 0.017425 45825 4543 6470.9 0 0
2.443e+05 0.61584 0.30025 0.68353 -1.3411 0.32323 0 398.9 -34.314 0.23422 0.017429 45825 4542 6472 0 0
2.444e+05 0.6485 0.29248 0.70096 -1.2249 0.33437 0 399.32 -33.95 0.23317 0.017421 45825 4544 6473.2 0 0
2.445e+05 0.6321 0.30928 0.6457 -1.1283 0.30915 0 389.38 -35.142 0.23212 0.01741 45826 4547 6474.3 0 0
2.446e+05 0.57745 0.29574 0.74631 -1.2781 0.30922 0 392.7 -36.841 0.23107 0.017402 45826 4549 6475.5 0 0
2.447e+05 0.62576 0.2869 0.71818 -1.2919 0.33759 0 393.21 -32.791 0.23001 0.017406 45826 4548 6476.6 0 0
2.448e+05 0.6447 0.32105 0.69109 -1.1012 0.31048 0 417.72 -36.803 0.22896 0.01741 45826 4547 6477.7 0 0
2.449e+05 0.65465 0.28558 0.71653 -1.4094 0.30781 0 408.75 -33.51 0.22791 0.01741 45826 4547 6478.8 0 0
2.45e+05 0.63445 0.32567 0.64768 -1.2862 0.33373 0 413.9 -37.334 0.22686 0.01741 45826 4547 6479.9 0 0
2.451e+05 0.63708 0.25942 0.69049 -1.3414 0.31189 0 387.52 -34.976 0.22581 0.017406 45826 4548 6481.1 0 0
2.452e+05 0.59995 0.24895 0.70945 -1.2023 0.32784 0 399.73 -36.458 0.22476 0.017386 45826 4553 6482.2 0 0
2.453e+05 0.61753 0.28141 0.71049 -1.2341 0.31171 0 409.63 -32.533 0.22371 0.017375 45826 4556 6483.4 0 0
2.454e+05 0.60049 0.27356 0.71481 -1.3619 0.32662 0 409.18 -33.703 0.22266 0.017367 45826 4558 6484.5 0 0
2.455e+05 0.60979 0.33205 0.64923 -1.0259 0.34046 0 424.23 -38.705 0.22161 0.01736 45826 4560 6485.7 0 0
2.456e+05 0.5844 0.34467 0.64058 -1.1313 0.32213 0 415.58 -42.409 0.22057 0.01736 45826 4560 6486.9 0 0
2.457e+05 0.65236 0.31255 0.64416 -1.0758 0.34818 0 391.24 -35.891 0.21952 0.017341 45826 4565 6488.1 0 0
2.458e+05 0.61766 0.31631 0.65978 -1.2476 0.33951 0 407.54 -36.159 0.21847 0.017322 45826 4570 6489.3 0 0
2.459e+05 0.60856 0.28996 0.67473 -0.98116 0.34747 0 401.15 -33.3 0.21743 0.017295 45826 4577 6490.5 0 0
2.46e+05 0.61215 0.30966 0.69262 -0.97832 0.34162 0 384.18 -35.331 0.21638 0.017269 45826 4584 6491.6 0 0
2.461e+05 0.63229 0.30253 0.66976 -1.2437 0.32737 0 388.77 -33.793 0.21533 0.017254 45826 4588 6492.7 0 0
2.462e+05 0.62142 0.3261 0.61237 -1.1715 0.32758 0 398.19 -37.125 0.21429 0.017242 45826 4591 6493.9 0 0
2.463e+05 0.62779 0.29694 0.69964 -1.5669 0.31294 0 391.6 -33.222 0.21324 0.017227 45826 4595 6495 0 0
2.464e+05 0.65443 0.28219 0.67281 -1.2759 0.32759 0 398.99 -33.09 0.21219 0.017212 45826 4599 6496.2 0 0
2.465e+05 0.65877 0.31332 0.66522 -0.92699 0.31186 0 407.09 -35.664 0.21115 0.017209 45826 4600 6497.3 0 0
2.466e+05 0.67022 0.31326 0.6384 -1.2153 0.33917 0 391.99 -35.29 0.2101 0.017201 45826 4602 6498.4 0 0
2.467e+05 0.62362 0.3009 0.65677 -1.3149 0.32285 0 425.43 -33.502 0.20906 0.017198 45827 4603 6499.5 0 0
2.468e+05 0.61859 0.29298 0.70568 -1.1324 0.3467 0 405.44 -32.953 0.20802 0.017186 45827 4606 6500.6 0 0
2.469e+05 0.59874 0.30816 0.68523 -1.2909 0.33491 0 390.54 -36.064 0.20698 0.017172 45827 4610 6501.8 0 0
2.47e+05 0.58656 0.30439 0.69481 -1.4445 0.32839 0 390.28 -36.799 0.20594 0.017168 45827 4611 6502.9 0 0
2.471e+05 0.57258 0.30897 0.69735 -1.1705 0.31519 0 372.49 -39.504 0.20489 0.017149 45827 4616 6504 0 0
2.472e+05 0.60784 0.29771 0.62087 -1.4044 0.3207 0 385.03 -33.642 0.20385 0.017131 45827 4621 6505.2 0 0
2.473e+05 0.6487 0.28591 0.62556 -1.0279 0.32345 0 388.9 -32.749 0.20281 0.017135 45827 4620 6506.3 0 0
2.474e+05 0.58945 0.25935 0.73467 -1.3665 0.34159 0 406.58 -35.095 0.20177 0.017116 45827 4625 6507.5 0 0
2.475e+05 0.57559 0.27658 0.73197 -1.1374 0.35079 0 411.66 -35.332 0.20072 0.01712 45827 4624 6508.6 0 0
2.476e+05 0.60226 0.28757 0.67306 -1.266 0.34766 0 405.54 -33.044 0.19968 0.017112 45827 4626 6509.8 0 0
2.477e+05 0.60364 0.26014 0.7082 -1.145 0.33618 0 414.85 -34.235 0.19864 0.017109 45827 4627 6511 0 0
2.478e+05 0.54841 0.30046 0.66436 -1.1403 0.34206 0 414.92 -42.035 0.1976 0.017098 45827 4630 6512.2 0 0
2.479e+05 0.62523 0.30281 0.63845 -1.5824 0.32646 0 426.72 -33.32 0.19656 0.017083 45827 4634 6513.5 0 0
2.48e+05 0.56058 0.33652 0.68673 -1.0307 0.3322 0 420.05 -46.497 0.19552 0.017072 45827 4637 6514.7 0 0
2.481e+05 0.56146 0.29505 0.66887 -1.0712 0.3604 0 431.72 -38.85 0.19448 0.017057 45827 4641 6515.9 0 0
2.482e+05 0.57869 0.25809 0.6463 -1.3133 0.31301 0 402.67 -35.93 0.19345 0.017064 45827 4639 6517.1 0 0
2.483e+05 0.57028 0.34146 0.73039 -0.73541 0.33605 0 426.4 -45.492 0.19241 0.017064 45827 4639 6518.3 0 0
2.484e+05 0.56985 0.33016 0.69169 -0.9443 0.31121 0 426.61 -43.791 0.19137 0.017057 45827 4641 6519.6 0 0
2.485e+05 0.60288 0.29781 0.63812 -0.95946 0.3462 0 420.7 -33.727 0.19033 0.017061 45827 4640 6520.8 0 0
2.486e+05 0.58193 0.3295 0.7036 -1.3213 0.33786 0 410.68 -41.724 0.1893 0.017072 45827 4637 6522.1 0 0
2.487e+05 0.57387 0.32088 0.7167 -1.2183 0.32886 0 388.38 -40.985 0.18826 0.017075 45827 4636 6523.4 0 0
2.488e+05 0.57771 0.27497 0.75384 -1.2884 0.31486 0 400.21 -34.996 0.18722 0.017068 45827 4638 6524.5 0 0
2.489e+05 0.59429 0.29286 0.65615 -1.4776 0.36713 0 404.89 -33.812 0.18619 0.017068 45827 4638 6525.6 0 0
2.49e+05 0.60119 0.27821 0.66642 -1.4694 0.32647 0 406.43 -32.817 0.18515 0.017068 45827 4638 6526.7 0 0
2.491e+05 0.6541 0.26366 0.69589 -1.1063 0.34076 0 397.73 -34.456 0.18412 0.017068 45827 4638 6528 0 0
2.492e+05 0.5939 0.27707 0.68329 -1.3063 0.33597 0 388.12 -33.685 0.18308 0.017075 45827 4636 6529.1 0 0
2.493e+05 0.59642 0.29093 0.70061 -1.368 0.3276 0 371.98 -33.397 0.18205 0.017075 45827 4636 6530.3 0 0
2.494e+05 0.57756 0.2963 0.68946 -1.2254 0.32662 0 377.9 -36.203 0.18102 0.017064 45827 4639 6531.5 0 0
2.495e+05 0.57798 0.30274 0.69386 -0.98352 0.30755 0 362.49 -37.036 0.17998 0.017072 45827 4637 6532.7 0 0
2.496e+05 0.60607 0.32868 0.68017 -1.5395 0.31733 0 363.44 -37.756 0.17895 0.017068 45827 4638 6533.9 0 0
2.497e+05 0.54441 0.33695 0.64275 -1.1516 0.33493 0 373 -48.228 0.17792 0.017064 45827 4639 6535.2 0 0
2.498e+05 0.55496 0.31276 0.72179 -1.1471 0.32977 0 372.8 -42.592 0.17689 0.017061 45827 4640 6536.4 0 0
2.499e+05 0.57789 0.28736 0.67772 -1.2911 0.33217 0 367.33 -35.082 0.17586 0.017064 45827 4639 6537.7 0 0
2.5e+05 0.63807 0.28077 0.68335 -1.3521 0.32423 0 413.37 -32.426 0.17483 0.017064 45827 4639 6538.8 0 0
2.501e+05 0.63751 0.30601 0.67136 -1.4412 0.31879 0 389.66 -33.727 0.1738 0.017068 45827 4638 6539.9 0 0
2.502e+05 0.59868 0.26659 0.69114 -1.3 0.32366 0 356.13 -33.445 0.17278 0.017064 45827 4639 6541.1 0 0
2.503e+05 0.59076 0.273 0.73165 -1.3002 0.31223 0 374.78 -33.782 0.17175 0.017057 45827 4641 6542.3 0 0
2.504e+05 0.5506 0.2693 0.77228 -1.1891 0.31712 0 380.83 -38.922 0.17072 0.017046 45828 4644 6543.4 0 0
2.505e+05 0.62577 0.24243 0.7488 -1.3803 0.29796 0 392 -37.832 0.16969 0.017028 45828 4649 6544.6 0 0
2.506e+05 0.64312 0.23285 0.7428 -1.4596 0.31382 0 410.49 -42.434 0.16866 0.017013 45828 4653 6545.8 0 0
2.507e+05 0.65334 0.24721 0.6717 -1.6533 0.34316 0 413.96 -38.287 0.16764 0.017009 45828 4654 6547.1 0 0
2.508e+05 0.60425 0.21783 0.69308 -1.4333 0.30826 0 431.78 -45.269 0.16662 0.017002 45828 4656 6548.4 0 0
2.509e+05 0.6334 0.20245 0.61817 -1.3054 0.34234 0 409.13 -49.558 0.1656 0.017002 45828 4656 6549.9 0 0
2.51e+05 0.6146 0.23275 0.6905 -1.2043 0.33808 0 403.17 -40.39 0.16458 0.017006 45828 4655 6551.2 0 0
2.511e+05 0.61889 0.24559 0.62787 -1.2997 0.32385 0 403.86 -36.511 0.16357 0.016995 45829 4658 6552.5 0 0
2.512e+05 0.64437 0.22822 0.67097 -1.2822 0.3619 0 383.66 -43.606 0.16256 0.01698 45830 4662 6553.7 0 0
2.513e+05 0.61294 0.32101 0.6646 -1.2763 0.29809 0 382.48 -36.209 0.16155 0.016962 45830 4667 6554.9 0 0
2.514e+05 0.62052 0.29031 0.66602 -1.3073 0.30793 0 394.5 -31.864 0.16052 0.016926 45830 4677 6556 0 0
2.515e+05 0.60054 0.30371 0.68365 -1.3479 0.35682 0 362.96 -34.126 0.1595 0.016915 45830 4680 6557.2 0 0
2.516e+05 0.64087 0.29266 0.69931 -1.0892 0.33732 0 376.69 -32.473 0.15848 0.016915 45830 4680 6558.3 0 0
2.517e+05 0.65722 0.29989 0.63158 -0.95026 0.34821 0 391.42 -33.859 0.15748 0.016908 45831 4682 6559.5 0 0
2.518e+05 0.62301 0.23012 0.67704 -1.3058 0.31789 0 386.63 -41.472 0.15647 0.016908 45832 4682 6560.6 0 0
2.519e+05 0.62543 0.23358 0.6745 -1.142 0.33153 0 410.05 -40.362 0.15547 0.016908 45833 4682 6561.8 0 0
2.52e+05 0.64035 0.23381 0.669 -1.2231 0.35189 0 406.52 -41.296 0.15446 0.016901 45833 4684 6563 0 0
2.521e+05 0.59867 0.25281 0.67931 -1.3645 0.31877 0 385.56 -35.048 0.15346 0.016901 45834 4684 6564.4 0 0
2.522e+05 0.58815 0.22196 0.71589 -1.3759 0.30507 0 403.44 -44.128 0.15245 0.016905 45834 4683 6565.7 0 0
2.523e+05 0.66534 0.22986 0.6471 -0.89702 0.32361 0 382.69 -43.133 0.15144 0.016911 45835 4681 6566.9 0 0
2.524e+05 0.63805 0.21836 0.65672 -1.3611 0.32029 0 386.28 -46.36 0.15046 0.016911 45836 4681 6568.1 0 0
2.525e+05 0.63381 0.27699 0.62788 -1.1041 0.32357 0 404.35 -32.178 0.14948 0.016908 45837 4682 6569.4 0 0
2.526e+05 0.59321 0.24439 0.72086 -1.1141 0.33007 0 413.29 -37.178 0.1485 0.016915 45839 4680 6570.5 0 0
2.527e+05 0.6557 0.20945 0.58593 -1.0386 0.31497 0 407.05 -49.23 0.1475 0.016901 45839 4684 6571.8 0 0
2.528e+05 0.60114 0.27852 0.63968 -1.3119 0.31022 0 401.35 -32.29 0.14649 0.016897 45839 4685 6573.2 0 0
2.529e+05 0.61602 0.2364 0.69165 -1.3936 0.32106 0 388.2 -38.67 0.14547 0.016894 45840 4686 6574.4 0 0
2.53e+05 0.60996 0.26509 0.68076 -1.1752 0.32126 0 402.27 -32.798 0.14445 0.016883 45840 4689 6575.8 0 0
2.531e+05 0.56628 0.23636 0.68833 -1.1598 0.32111 0 379.64 -41.346 0.14344 0.016883 45840 4689 6577.1 0 0
2.532e+05 0.64831 0.21129 0.64208 -1.2697 0.31292 0 376.06 -48.37 0.14243 0.016883 45840 4689 6578.5 0 0
2.533e+05 0.61502 0.2158 0.64389 -1.0891 0.31687 0 394.29 -45.226 0.14143 0.016879 45841 4691 6579.9 0 0
2.534e+05 0.58948 0.22289 0.63379 -1.2409 0.32016 0 385.91 -43.371 0.14043 0.016876 45841 4692 6581.3 0 0
2.535e+05 0.65977 0.21727 0.69657 -1.3243 0.31867 0 411.16 -47.289 0.13941 0.016873 45841 4693 6582.6 0 0
2.536e+05 0.65203 0.23776 0.61636 -1.1814 0.31842 0 370.09 -40.537 0.13844 0.016866 45843 4695 6584 0 0
2.537e+05 0.64919 0.21505 0.68449 -0.95028 0.3238 0 394.39 -47.156 0.13747 0.016865 45844 4695 6585.5 0 0
2.538e+05 0.60295 0.21016 0.69072 -1.2013 0.31829 0 373.83 -46.532 0.13651 0.016848 45846 4699 6586.9 0 0
2.539e+05 0.5855 0.27641 0.7257 -1.5084 0.34116 0 406.58 -33.761 0.13555 0.016848 45848 4699 6588.3 0 0
2.54e+05 0.62115 0.23332 0.64777 -0.96141 0.3318 0 394.37 -39.188 0.13464 0.016844 45851 4700 6589.6 0 0
2.541e+05 0.64686 0.22375 0.68451 -1.1913 0.33793 0 408.88 -43.841 0.13375 0.016841 45855 4701 6590.8 0 0
2.542e+05 0.65614 0.24735 0.67573 -1.395 0.30437 0 398.03 -37.649 0.13275 0.016837 45855 4702 6592.1 0 0
2.543e+05 0.62414 0.22926 0.67069 -1.164 0.31992 0 418.98 -40.21 0.13186 0.016838 45859 4702 6593.4 0 0
2.544e+05 0.60476 0.2037 0.65107 -1.462 0.31043 0 412.57 -48.285 0.13098 0.016838 45863 4702 6594.7 0 0
2.545e+05 0.60349 0.23458 0.72379 -1.1195 0.33165 0 405.11 -38.938 0.1301 0.016833 45867 4703 6595.9 0 0
2.546e+05 0.6012 0.26487 0.65904 -1.1565 0.30944 0 406.94 -32.874 0.12935 0.016825 45873 4705 6597.2 0 0
2.547e+05 0.63677 0.23715 0.67392 -1.3163 0.32589 0 384.69 -38.745 0.12839 0.016825 45875 4705 6598.5 0 0
2.548e+05 0.62122 0.21958 0.67098 -1.2531 0.31082 0 408.35 -43.32 0.12743 0.016825 45877 4705 6599.8 0 0
2.549e+05 0.61401 0.23447 0.6959 -1.2748 0.3396 0 398.78 -38.414 0.12651 0.016825 45880 4705 6601.2 0 0
2.55e+05 0.64666 0.26956 0.69757 -1.371 0.32057 0 397.94 -32.993 0.1257 0.016822 45886 4706 6602.4 0 0
2.551e+05 0.59271 0.21351 0.66054 -1.2343 0.30202 0 383.08 -45.518 0.12473 0.016818 45887 4707 6603.7 0 0
2.552e+05 0.60525 0.23715 0.70162 -1.1981 0.32136 0 410.66 -37.967 0.12373 0.016815 45887 4708 6605.1 0 0
2.553e+05 0.61311 0.20033 0.67072 -1.4637 0.35365 0 413.67 -48.75 0.12273 0.016822 45887 4706 6606.5 0 0
2.554e+05 0.54916 0.22912 0.70576 -1.3226 0.33752 0 396.51 -46.179 0.12173 0.016826 45888 4705 6607.8 0 0
2.555e+05 0.60945 0.212 0.69788 -0.98563 0.30323 0 403.11 -45.473 0.12072 0.016815 45888 4708 6609.1 0 0
2.556e+05 0.55871 0.23393 0.75481 -0.99867 0.32029 0 398.99 -43.181 0.11972 0.016818 45888 4707 6610.5 0 0
2.557e+05 0.57206 0.2408 0.69399 -1.2122 0.32721 0 416.38 -39.436 0.11872 0.016811 45888 4709 6611.8 0 0
2.558e+05 0.57662 0.24022 0.64907 -1.6485 0.36185 0 396.08 -39.168 0.11771 0.016804 45888 4711 6613.1 0 0
2.559e+05 0.57249 0.22541 0.73869 -1.4251 0.33234 0 420.91 -43.489 0.11674 0.0168 45890 4712 6614.4 0 0
2.56e+05 0.57804 0.21706 0.67005 -0.99317 0.32173 0 409.04 -45.377 0.11599 0.016804 45897 4709 6615.8 0 0
2.561e+05 0.55897 0.27851 0.71753 -1.1987 0.30151 0 398.4 -37.385 0.11499 0.016783 45897 4715 6617.2 0 0
2.562e+05 0.58808 0.22611 0.6698 -1.2965 0.31776 0 402.43 -41.744 0.11409 0.016791 45901 4713 6618.5 0 0
2.563e+05 0.58547 0.20041 0.74031 -1.4774 0.31376 0 410.25 -49.193 0.11313 0.016797 45903 4711 6619.8 0 0
2.564e+05 0.5731 0.26448 0.76654 -1.3854 0.32177 0 403.66 -35.363 0.11218 0.016797 45904 4711 6621.1 0 0
2.565e+05 0.58362 0.22904 0.66084 -1.0919 0.33368 0 400.9 -40.906 0.11119 0.01679 45905 4713 6622.4 0 0
2.566e+05 0.57735 0.24693 0.71239 -1.2267 0.34847 0 409.45 -37.397 0.11019 0.016786 45905 4714 6623.6 0 0
2.567e+05 0.59659 0.22731 0.65239 -1.1055 0.32657 0 410.99 -40.219 0.1092 0.016786 45906 4714 6624.8 0 0
2.568e+05 0.59985 0.23274 0.66604 -1.3777 0.31482 0 388.52 -38.624 0.10823 0.016786 45907 4714 6626.1 0 0
2.569e+05 0.56984 0.20877 0.71361 -1.2097 0.32514 0 403.75 -48.304 0.10754 0.016785 45914 4714 6627.5 0 0
2.57e+05 0.66582 0.21654 0.63466 -1.3122 0.31253 0 415.8 -46.656 0.10675 0.016774 45918 4713 6628.9 0 0
2.571e+05 0.63539 0.24914 0.68369 -1.175 0.3471 0 402.52 -35.476 0.1058 0.016778 45920 4712 6630.2 0 0
2.572e+05 0.62782 0.22798 0.70242 -1.2654 0.31852 0 389.28 -39.737 0.10488 0.01677 45923 4714 6631.4 0 0
2.573e+05 0.55928 0.23369 0.73269 -1.2762 0.35265 0 393.59 -42.787 0.1039 0.016757 45924 4718 6632.8 0 0
2.574e+05 0.56457 0.26127 0.7282 -1.4945 0.33283 0 396.93 -36.695 0.10291 0.016743 45924 4722 6634.1 0 0
2.575e+05 0.59189 0.2494 0.72458 -1.1198 0.32684 0 385.09 -35.29 0.10191 0.016736 45924 4724 6635.3 0 0
2.576e+05 0.57934 0.24135 0.69392 -1.163 0.31433 0 383.24 -37.96 0.10093 0.016711 45925 4731 6636.6 0 0
2.577e+05 0.59287 0.21775 0.70966 -1.4192 0.30525 0 392.68 -42.898 0.099939 0.016697 45925 4735 6637.9 0 0
2.578e+05 0.624 0.2534 0.67154 -1.1144 0.32088 0 407.52 -33.999 0.09895 0.016676 45926 4741 6639.2 0 0
2.579e+05 0.61737 0.22905 0.65555 -1.2449 0.30882 0 416.4 -38.838 0.097974 0.016651 45927 4748 6640.4 0 0
2.58e+05 0.6143 0.22884 0.65322 -1.2159 0.32102 0 398.61 -38.791 0.097001 0.016634 45927 4753 6641.7 0 0
2.581e+05 0.60097 0.18691 0.63637 -1.5179 0.35389 0 392.59 -49.903 0.096018 0.016609 45928 4760 6643 0 0
2.582e+05 0.63295 0.27087 0.71401 -1.2926 0.30751 0 404.07 -32.298 0.095032 0.016595 45928 4764 6644.2 0 0
2.583e+05 0.61692 0.27006 0.67261 -1.5055 0.3215 0 381.19 -31.872 0.094036 0.016578 45928 4769 6645.3 0 0
2.584e+05 0.63628 0.24532 0.68134 -1.1692 0.33647 0 408.87 -35.976 0.093051 0.016567 45929 4772 6646.6 0 0
2.585e+05 0.63733 0.23919 0.66982 -1.2441 0.3138 0 434.93 -37.311 0.092077 0.016567 45930 4772 6647.8 0 0
2.586e+05 0.6382 0.23575 0.66102 -1.3071 0.34412 0 384.8 -38.119 0.091084 0.01656 45930 4774 6649.1 0 0
2.587e+05 0.6517 0.22838 0.69472 -1.2053 0.31516 0 404.05 -41.765 0.090109 0.01655 45931 4777 6650.5 0 0
2.588e+05 0.6491 0.22056 0.60156 -1.4071 0.33491 0 401.57 -43.697 0.089154 0.016547 45932 4778 6651.9 0 0
2.589e+05 0.63847 0.21602 0.64228 -1.1115 0.31481 0 422.25 -43.782 0.088198 0.016537 45933 4781 6653.3 0 0
2.59e+05 0.65072 0.24108 0.71909 -1.4487 0.31974 0 423.85 -38.292 0.08728 0.016537 45936 4781 6654.6 0 0
2.591e+05 0.64766 0.20628 0.64279 -1.2752 0.33209 0 412.93 -47.475 0.086496 0.01653 45941 4783 6655.9 0 0
2.592e+05 0.65346 0.20086 0.64687 -1.4988 0.34541 0 398.2 -49.048 0.085582 0.016517 45944 4787 6657.3 0 0
2.593e+05 0.61458 0.21992 0.65813 -1.3923 0.31879 0 408.22 -41.041 0.084645 0.0165 45946 4792 6658.7 0 0
2.594e+05 0.58093 0.20946 0.63457 -1.354 0.32404 0 391.24 -46.469 0.083656 0.016483 45946 4797 6660.2 0 0
2.595e+05 0.60681 0.21734 0.62926 -1.4551 0.31524 0 432.69 -41.767 0.082703 0.016485 45947 4796 6661.7 0 0
2.596e+05 0.65603 0.20663 0.63574 -1.5684 0.32614 0 397.15 -47.969 0.081777 0.016471 45949 4800 6663.1 0 0
2.597e+05 0.69449 0.1882 0.64448 -1.4657 0.31292 0 403.14 -49.935 0.080852 0.016479 45951 4798 6664.6 0 0
2.598e+05 0.6535 0.21651 0.6246 -1.1286 0.32683 0 423.22 -44.613 0.079868 0.016466 45952 4802 6666 0 0
2.599e+05 0.64384 0.22291 0.67067 -1.6239 0.33797 0 411.72 -41.663 0.078927 0.016462 45953 4803 6667.4 0 0
2.6e+05 0.61839 0.21234 0.65397 -1.3274 0.31034 0 411.22 -43.23 0.077999 0.016459 45955 4804 6668.7 0 0
2.601e+05 0.63912 0.2284 0.63716 -1.4972 0.34365 0 403.14 -39.462 0.077035 0.016459 45956 4804 6670.1 0 0
2.602e+05 0.62767 0.19665 0.67038 -1.4757 0.30528 0 409.25 -48.395 0.076058 0.016451 45957 4808 6671.5 0 0
2.603e+05 0.64128 0.21013 0.61048 -1.3309 0.29321 0 413.06 -44.905 0.075118 0.016451 45958 4808 6672.9 0 0
2.604e+05 0.67337 0.21615 0.65287 -1.284 0.3241 0 431.26 -45.981 0.074146 0.016436 45959 4812 6674.4 0 0
2.605e+05 0.62645 0.21944 0.64909 -1.2833 0.31604 0 396.1 -40.871 0.073175 0.016425 45960 4815 6675.9 0 0
2.606e+05 0.64948 0.2467 0.62897 -1.3747 0.33374 0 378.97 -36.578 0.07222 0.016422 45961 4816 6677.3 0 0
2.607e+05 0.61464 0.25868 0.64828 -1.3336 0.30945 0 401.77 -32.487 0.071251 0.016422 45962 4816 6678.5 0 0
2.608e+05 0.65193 0.24152 0.65803 -1.1699 0.31867 0 403.22 -37.883 0.070289 0.016415 45962 4818 6679.7 0 0
2.609e+05 0.63199 0.22967 0.6588 -1.2923 0.32188 0 419.9 -38.243 0.069306 0.016409 45963 4820 6680.9 0 0
2.61e+05 0.63013 0.211 0.73704 -1.1587 0.33057 0 408.08 -43.73 0.068345 0.016398 45964 4823 6682.2 0 0
2.611e+05 0.59125 0.27929 0.6985 -1.2692 0.32413 0 418.5 -33.02 0.067368 0.01636 45964 4834 6683.5 0 0
2.612e+05 0.6374 0.23541 0.68678 -1.032 0.30572 0 397.29 -37.328 0.066382 0.01635 45964 4837 6684.8 0 0
2.613e+05 0.64981 0.18256 0.6569 -1.4036 0.3301 0 425.62 -49.931 0.065401 0.016347 45964 4838 6686.3 0 0
2.614e+05 0.63821 0.23254 0.62445 -1.4352 0.34185 0 419.52 -37.796 0.064415 0.016344 45964 4839 6687.6 0 0
2.615e+05 0.58804 0.22164 0.70593 -1.1341 0.32694 0 402.3 -41.49 0.063433 0.016347 45964 4838 6688.8 0 0
2.616e+05 0.59973 0.21405 0.64089 -1.4369 0.33266 0 418.11 -42.8 0.062453 0.016323 45964 4845 6690.1 0 0
2.617e+05 0.62018 0.22467 0.63481 -1.2693 0.32511 0 394.12 -38.748 0.061479 0.016303 45965 4851 6691.4 0 0
2.618e+05 0.62401 0.21467 0.6441 -1.3488 0.3316 0 400.26 -41.833 0.060501 0.016296 45965 4853 6692.7 0 0
2.619e+05 0.63923 0.21553 0.62777 -1.2089 0.34626 0 390.3 -42.311 0.059522 0.016293 45965 4854 6693.9 0 0
2.62e+05 0.61496 0.25631 0.66103 -1.5742 0.32172 0 410.17 -32.5 0.058539 0.016296 45965 4853 6695.2 0 0
2.621e+05 0.59371 0.22193 0.71831 -1.393 0.31625 0 414.68 -40.705 0.057557 0.01629 45965 4855 6696.5 0 0
2.622e+05 0.63656 0.22472 0.69774 -1.3017 0.31612 0 400.76 -39.117 0.056583 0.016296 45966 4853 6697.8 0 0
2.623e+05 0.61201 0.2926 0.6616 -1.1365 0.34936 0 383.52 -31.755 0.055612 0.016293 45966 4854 6699 0 0
2.624e+05 0.61794 0.21902 0.62177 -1.2098 0.31296 0 423.01 -40.219 0.054633 0.016293 45966 4854 6700.3 0 0
2.625e+05 0.64786 0.22557 0.64599 -1.372 0.338 0 416.5 -39.926 0.053663 0.016279 45967 4858 6701.5 0 0
2.626e+05 0.65859 0.25304 0.62027 -1.2828 0.34257 0 399.07 -34.675 0.052685 0.016276 45967 4859 6702.6 0 0
2.627e+05 0.66776 0.25028 0.65742 -1.3222 0.3504 0 422.48 -34.678 0.051754 0.016264 45968 4863 6703.8 0 0
2.628e+05 0.60301 0.21018 0.67579 -1.3788 0.30738 0 414.81 -43.434 0.050842 0.016264 45971 4863 6705.1 0 0
2.629e+05 0.59042 0.26843 0.70574 -1.1822 0.34013 0 402.21 -32.93 0.049889 0.016268 45972 4862 6706.4 0 0
2.63e+05 0.60353 0.25742 0.67548 -1.5765 0.32585 0 397.56 -32.569 0.048909 0.016264 45972 4863 6707.6 0 0
2.631e+05 0.63221 0.25273 0.67367 -1.4466 0.36166 0 404.63 -33.428 0.04793 0.016258 45972 4865 6708.8 0 0
2.632e+05 0.6367 0.26295 0.65366 -1.3754 0.31805 0 400.83 -32.283 0.046955 0.016257 45972 4865 6710 0 0
2.633e+05 0.63712 0.23412 0.60433 -1.1643 0.3488 0 405.54 -36.707 0.045992 0.016254 45972 4866 6711.3 0 0
2.634e+05 0.65591 0.21813 0.65152 -1.5468 0.32709 0 414.71 -42.661 0.045027 0.016257 45973 4865 6712.6 0 0
2.635e+05 0.62638 0.20361 0.62968 -1.1812 0.3263 0 408.5 -45.675 0.044067 0.016254 45974 4866 6713.8 0 0
2.636e+05 0.5828 0.22375 0.70076 -1.3405 0.32751 0 420.86 -41.034 0.043106 0.016254 45974 4866 6715.2 0 0
2.637e+05 0.66644 0.20575 0.63368 -1.4518 0.3281 0 395.85 -47.291 0.04213 0.016254 45974 4866 6716.7 0 0
2.638e+05 0.64815 0.20055 0.66306 -1.0563 0.32046 0 398.04 -47.301 0.041154 0.016247 45974 4868 6718.1 0 0
2.639e+05 0.60707 0.24935 0.69537 -1.2746 0.33011 0 389.65 -33.382 0.040182 0.016254 45974 4866 6719.4 0 0
2.64e+05 0.65858 0.24626 0.64527 -1.1982 0.32484 0 410.08 -35.557 0.039207 0.016254 45974 4866 6720.6 0 0
2.641e+05 0.63852 0.20595 0.68393 -1.4745 0.33841 0 389.52 -44.632 0.038237 0.016264 45975 4863 6722 0 0
2.642e+05 0.59255 0.20478 0.73651 -1.0942 0.31154 0 406.38 -46.477 0.037277 0.016261 45975 4864 6723.4 0 0
2.643e+05 0.64472 0.20444 0.66247 -1.2038 0.33637 0 407.89 -45.458 0.036302 0.016247 45975 4868 6724.9 0 0
2.644e+05 0.63585 0.20521 0.66395 -1.1404 0.33555 0 396.27 -44.673 0.035329 0.016221 45975 4876 6726.3 0 0
2.645e+05 0.58768 0.24219 0.68808 -1.1937 0.33566 0 398.9 -36.271 0.03436 0.016224 45976 4875 6727.7 0 0
2.646e+05 0.65627 0.22215 0.70547 -1.1266 0.31384 0 418.67 -40.57 0.033393 0.016211 45976 4879 6729 0 0
2.647e+05 0.61731 0.24187 0.68587 -1.1572 0.34105 0 396.67 -33.983 0.032419 0.016211 45976 4879 6730.3 0 0
2.648e+05 0.62661 0.222 0.69057 -1.1069 0.33384 0 403.33 -38.393 0.031446 0.016207 45976 4880 6731.6 0 0
2.649e+05 0.64481 0.28189 0.63474 -1.0613 0.33938 0 396.05 -31.525 0.030473 0.016204 45976 4881 6732.9 0 0
2.65e+05 0.5726 0.29654 0.70166 -1.067 0.34608 0 407.26 -36.339 0.0295 0.016194 45976 4884 6734.1 0 0
2.651e+05 0.61095 0.23358 0.69154 -1.308 0.33992 0 405.31 -35.9 0.028527 0.016188 45976 4886 6735.3 0 0
2.652e+05 0.60635 0.28659 0.69088 -1.3746 0.3577 0 424.7 -31.566 0.027555 0.016184 45976 4887 6736.5 0 0
2.653e+05 0.62407 0.26166 0.64085 -1.0243 0.31016 0 408.11 -31.471 0.026584 0.016191 45976 4885 6737.7 0 0
2.654e+05 0.62979 0.23464 0.67002 -0.89806 0.37325 0 392.21 -35.336 0.025612 0.016191 45976 4885 6739 0 0
2.655e+05 0.57727 0.20398 0.71397 -1.2871 0.33232 0 407.97 -48.201 0.024641 0.016184 45976 4887 6740.3 0 0
2.656e+05 0.61744 0.26131 0.72418 -1.4889 0.31487 0 429.94 -31.228 0.023671 0.016184 45976 4887 6741.6 0 0
2.657e+05 0.63651 0.20771 0.65507 -1.1702 0.30968 0 409.39 -43.366 0.0227 0.016181 45976 4888 6742.9 0 0
2.658e+05 0.59822 0.20863 0.71192 -1.3022 0.32184 0 390.64 -44.012 0.021731 0.016191 45976 4885 6744.4 0 0
2.659e+05 0.64632 0.22578 0.64743 -1.2737 0.3619 0 416.69 -38.362 0.020761 0.016201 45976 4882 6745.7 0 0
2.66e+05 0.63939 0.19788 0.67339 -1.1847 0.32953 0 416.16 -46.861 0.019792 0.016201 45976 4882 6747.1 0 0
2.661e+05 0.6599 0.20266 0.6815 -0.94268 0.32358 0 408.82 -45.89 0.018824 0.016197 45976 4883 6748.5 0 0
2.662e+05 0.62885 0.21779 0.68185 -1.2097 0.30555 0 400.6 -39.3 0.017856 0.016194 45976 4884 6749.8 0 0
2.663e+05 0.63351 0.2248 0.65967 -1.051 0.31577 0 410.36 -37.276 0.016887 0.016197 45976 4883 6751.1 0 0
2.664e+05 0.64489 0.22109 0.67276 -1.3045 0.31791 0 398.31 -39.262 0.01592 0.016201 45976 4882 6752.4 0 0
2.665e+05 0.63001 0.25515 0.65374 -1.0642 0.32414 0 390.37 -32.38 0.014953 0.016201 45976 4882 6753.5 0 0
2.666e+05 0.63596 0.20493 0.66281 -1.1735 0.33529 0 420.94 -43.992 0.013986 0.016204 45976 4881 6754.8 0 0
2.667e+05 0.59366 0.22195 0.67272 -1.1306 0.32197 0 427.25 -39.92 0.013019 0.016201 45976 4882 6756 0 0
2.668e+05 0.66212 0.246 0.68479 -1.0647 0.32153 0 412.86 -34.021 0.012055 0.016207 45976 4880 6757.2 0 0
2.669e+05 0.67997 0.29698 0.68365 -1.2977 0.32176 0 403.35 -29.928 0.011091 0.016207 45976 4880 6758.4 0 0
2.67e+05 0.61804 0.30031 0.67527 -1.1993 0.31405 0 425.81 -32.411 0.010126 0.016204 45976 4881 6759.5 0 0
2.671e+05 0.62568 0.29308 0.6549 -1.1722 0.3196 0 416.39 -31.404 0.00916 0.016204 45976 4881 6760.7 0 0
2.672e+05 0.59416 0.21236 0.72792 -1.1632 0.32246 0 408.45 -43.195 0.008196 0.016211 45976 4879 6761.9 0 0
2.673e+05 0.63007 0.20802 0.65298 -1.2667 0.33376 0 418.2 -42.627 0.007231 0.016211 45976 4879 6763.2 0 0
2.674e+05 0.61915 0.27221 0.68579 -1.2674 0.32231 0 404.38 -30.888 0.006267 0.016211 45976 4879 6764.4 0 0
2.675e+05 0.5741 0.23181 0.74367 -1.2204 0.32995 0 422 -39.809 0.005304 0.016207 45976 4880 6765.7 0 0
2.676e+05 0.60574 0.21144 0.68338 -1.3769 0.32348 0 402 -41.962 0.00434 0.016211 45976 4879 6767.1 0 0
2.677e+05 0.59093 0.20863 0.71077 -1.1847 0.32018 0 396.06 -44.647 0.003377 0.016197 45976 4883 6768.6 0 0
2.678e+05 0.6187 0.19918 0.72365 -1.091 0.33175 0 391.57 -45.753 0.002415 0.016194 45976 4884 6770.1 0 0
2.679e+05 0.59376 0.22355 0.73801 -1.1091 0.32953 0 418.55 -39.193 0.001453 0.016188 45976 4886 6771.5 0 0
2.68e+05 0.6404 0.21047 0.68212 -1.0077 0.33636 0 386.1 -41.758 0.000492 0.016188 45976 4886 6773 0 0
2.681e+05 0.63705 0.20102 0.69584 -1.1315 0.32529 0 377.91 -44.834 -0.00047 0.016181 45976 4888 6774.5 0 0
2.682e+05 0.65217 0.20643 0.65415 -1.1767 0.33364 0 402.08 -43.642 -0.001431 0.016184 45976 4887 6775.8 0 0
2.683e+05 0.60495 0.19517 0.69255 -1.3655 0.32934 0 398.96 -47.589 -0.002392 0.016181 45976 4888 6777 0 0
2.684e+05 0.63309 0.20952 0.69908 -1.1057 0.31789 0 409.43 -41.702 -0.003352 0.016181 45976 4888 6778.3 0 0
2.685e+05 0.64735 0.23214 0.69437 -1.2452 0.32746 0 420.09 -36.003 -0.004312 0.016184 45976 4887 6779.6 0 0
2.686e+05 0.63902 0.22339 0.71032 -1.2463 0.32912 0 403.56 -37.333 -0.005272 0.016178 45976 4889 6781 0 0
2.687e+05 0.6408 0.22087 0.66558 -1.177 0.34027 0 424.37 -38.182 -0.006231 0.016174 45976 4890 6782.3 0 0
2.688e+05 0.67196 0.24108 0.59441 -1.3415 0.30841 0 400.43 -34.182 -0.00719 0.016178 45976 4889 6783.6 0 0
2.689e+05 0.617 0.2139 0.62412 -1.222 0.33143 0 380.92 -40.058 -0.008149 0.016181 45976 4888 6784.8 0 0
2.69e+05 0.61922 0.27119 0.71887 -1.0873 0.33074 0 390.2 -30.718 -0.009107 0.016178 45976 4889 6786 0 0
2.691e+05 0.61294 0.25887 0.6973 -0.99297 0.32092 0 387.5 -31.159 -0.010065 0.016178 45976 4889 6787.1 0 0
2.692e+05 0.63981 0.27286 0.65773 -1.1452 0.31563 0 391.38 -30.627 -0.011023 0.016178 45976 4889 6788.3 0 0
2.693e+05 0.62422 0.23394 0.71339 -1.5443 0.31729 0 399.69 -34.483 -0.01198 0.016178 45976 4889 6789.4 0 0
2.694e+05 0.59719 0.28592 0.69795 -0.90147 0.35476 0 403 -32.231 -0.012937 0.016178 45976 4889 6790.6 0 0
2.695e+05 0.64098 0.20863 0.67365 -1.28 0.30305 0 409.03 -41.845 -0.013894 0.016181 45976 4888 6791.8 0 0
2.696e+05 0.61092 0.28908 0.7108 -1.1321 0.33438 0 385.36 -31.193 -0.01485 0.016184 45976 4887 6793 0 0
2.697e+05 0.6612 0.24117 0.65932 -1.1906 0.30988 0 410.06 -33.84 -0.015806 0.016181 45976 4888 6794.1 0 0
2.698e+05 0.6176 0.29777 0.68271 -1.1135 0.31974 0 393.94 -31.873 -0.016761 0.016171 45976 4891 6795.2 0 0
2.699e+05 0.61771 0.32347 0.69548 -1.2993 0.30947 0 389.76 -36.024 -0.017716 0.016161 45976 4894 6796.4 0 0
2.7e+05 0.63314 0.32908 0.64102 -1.2909 0.33337 0 389.23 -36.436 -0.018671 0.016158 45976 4895 6797.6 0 0
2.701e+05 0.61861 0.29748 0.68027 -1.1625 0.31173 0 406.99 -31.649 -0.019625 0.016158 45976 4895 6798.8 0 0
2.702e+05 0.63149 0.27931 0.68869 -1.2572 0.31803 0 407.45 -30.294 -0.02058 0.016161 45976 4894 6799.9 0 0
2.703e+05 0.65746 0.30423 0.65277 -1.1073 0.32905 0 397.41 -32.264 -0.021533 0.016168 45976 4892 6801.1 0 0
2.704e+05 0.63759 0.33176 0.69083 -1.2819 0.34351 0 394.2 -36.2 -0.022484 0.016171 45976 4891 6802.3 0 0
2.705e+05 0.64657 0.33097 0.67852 -1.0692 0.34599 0 409.91 -35.726 -0.023431 0.016168 45976 4892 6803.5 0 0
2.706e+05 0.64425 0.33244 0.60161 -1.0691 0.31303 0 390.76 -35.582 -0.024381 0.016174 45976 4890 6804.7 0 0
2.707e+05 0.63425 0.33132 0.64223 -1.1889 0.34223 0 399.76 -36.064 -0.025333 0.016168 45976 4892 6805.9 0 0
2.708e+05 0.59903 0.32698 0.6494 -1.2545 0.30347 0 431.95 -37.808 -0.026284 0.016171 45976 4891 6807.2 0 0
2.709e+05 0.63463 0.33343 0.73923 -1.366 0.32859 0 401.48 -36.062 -0.027235 0.016164 45977 4893 6808.3 0 0
2.71e+05 0.60612 0.316 0.753 -1.2302 0.34858 0 433.24 -34.98 -0.028185 0.016171 45977 4891 6809.6 0 0
2.711e+05 0.60225 0.33748 0.70305 -1.3366 0.33168 0 420.29 -38.861 -0.029135 0.016174 45977 4890 6810.9 0 0
2.712e+05 0.60446 0.3074 0.72208 -1.2554 0.35259 0 422.75 -33.54 -0.030086 0.016164 45977 4893 6812.1 0 0
2.713e+05 0.58605 0.29773 0.76736 -1.366 0.33585 0 404.99 -34.297 -0.031036 0.016158 45977 4895 6813.3 0 0
2.714e+05 0.6436 0.31494 0.77247 -0.97336 0.34434 0 378.66 -33.379 -0.031985 0.016161 45977 4894 6814.7 0 0
2.715e+05 0.54693 0.3216 0.77116 -1.2664 0.33851 0 422.62 -45.235 -0.032935 0.016164 45977 4893 6816 0 0
2.716e+05 0.59305 0.32888 0.72226 -1.2001 0.32013 0 400.74 -38.681 -0.033884 0.016158 45977 4895 6817.3 0 0
2.717e+05 0.6391 0.32838 0.69295 -0.78478 0.32695 0 426.48 -35.366 -0.034832 0.016158 45977 4895 6818.5 0 0
2.718e+05 0.59375 0.3373 0.70785 -1.1166 0.32784 0 393.58 -39.856 -0.035781 0.016158 45977 4895 6819.7 0 0
2.719e+05 0.58114 0.35289 0.69397 -1.3548 0.33238 0 397.64 -40.555 -0.036729 0.016161 45977 4894 6821.1 0 0
2.72e+05 0.63434 0.25276 0.6764 -1.3912 0.33357 0 417.31 -31.704 -0.037676 0.016151 45977 4897 6822.3 0 0
2.721e+05 0.59065 0.32384 0.69423 -1.3457 0.34023 0 403.53 -37.623 -0.038624 0.016158 45977 4895 6823.4 0 0
2.722e+05 0.5909 0.31471 0.69241 -1.2303 0.3211 0 408.57 -35.999 -0.039571 0.016151 45977 4897 6824.7 0 0
2.723e+05 0.59831 0.24031 0.70712 -1.2489 0.31772 0 404.83 -34.762 -0.040517 0.016154 45977 4896 6825.8 0 0
2.724e+05 0.57354 0.27041 0.68189 -1.323 0.31383 0 406.87 -34.323 -0.041463 0.016158 45977 4895 6827 0 0
2.725e+05 0.62677 0.28604 0.71773 -0.98232 0.32945 0 403.73 -29.926 -0.042409 0.016154 45977 4896 6828.1 0 0
2.726e+05 0.58145 0.28847 0.72846 -1.1659 0.35243 0 409.63 -33.866 -0.043352 0.016154 45977 4896 6829.4 0 0
2.727e+05 0.5613 0.29502 0.69612 -1.0216 0.33907 0 423.63 -37.964 -0.044297 0.016154 45977 4896 6830.7 0 0
2.728e+05 0.57738 0.33071 0.66213 -1.1512 0.31847 0 426.71 -41.089 -0.045242 0.016151 45977 4897 6832 0 0
2.729e+05 0.57682 0.29754 0.62536 -1.0693 0.31238 0 415.59 -35.37 -0.046185 0.016154 45977 4896 6833.2 0 0
2.73e+05 0.60491 0.28774 0.72314 -1.2392 0.31656 0 424.01 -31.031 -0.047129 0.016154 45977 4896 6834.4 0 0
2.731e+05 0.57648 0.22046 0.63976 -1.1078 0.33891 0 414.37 -42.512 -0.048073 0.016148 45977 4898 6835.6 0 0
2.732e+05 0.56918 0.29858 0.68415 -1.1104 0.35078 0 416.09 -36.561 -0.049016 0.016151 45977 4897 6836.8 0 0
2.733e+05 0.57404 0.30095 0.68214 -1.1646 0.34013 0 386 -35.979 -0.049958 0.016158 45977 4895 6838 0 0
2.734e+05 0.61236 0.32848 0.62828 -1.1963 0.31376 0 394.1 -36.164 -0.0509 0.016164 45977 4893 6839.2 0 0
2.735e+05 0.61719 0.29488 0.69202 -1.4958 0.35504 0 417.73 -30.729 -0.051841 0.016164 45977 4893 6840.4 0 0
2.736e+05 0.54873 0.30467 0.65151 -1.0869 0.31629 0 388.64 -41.942 -0.052782 0.016148 45977 4898 6841.6 0 0
2.737e+05 0.60946 0.29228 0.67191 -0.97068 0.31714 0 402.3 -30.697 -0.053723 0.016148 45977 4898 6842.8 0 0
2.738e+05 0.6008 0.29701 0.66078 -1.1131 0.30434 0 419.21 -31.677 -0.054663 0.016148 45977 4898 6844 0 0
2.739e+05 0.58073 0.28014 0.63188 -1.1386 0.32747 0 406.77 -33.155 -0.055603 0.016148 45977 4898 6845.2 0 0
2.74e+05 0.58414 0.3019 0.72132 -1.2924 0.32954 0 409.35 -34.392 -0.056544 0.016154 45977 4896 6846.3 0 0
2.741e+05 0.56054 0.3205 0.64725 -1.1302 0.3601 0 412.39 -41.839 -0.057484 0.016148 45977 4898 6847.5 0 0
2.742e+05 0.57837 0.29174 0.68454 -1.2797 0.32159 0 410.18 -34.144 -0.058423 0.016145 45977 4899 6848.8 0 0
2.743e+05 0.6485 0.28062 0.61758 -1.0888 0.33462 0 401.29 -28.898 -0.059362 0.016138 45977 4901 6849.9 0 0
2.744e+05 0.58845 0.28483 0.6463 -1.1132 0.32519 0 416.16 -32.277 -0.060301 0.016138 45977 4901 6851 0 0
2.745e+05 0.59913 0.31387 0.65927 -1.2833 0.33648 0 395.81 -34.055 -0.06124 0.016138 45977 4901 6852.2 0 0
2.746e+05 0.52981 0.33792 0.67973 -1.127 0.35387 0 395.68 -49.443 -0.062178 0.016135 45977 4902 6853.4 0 0.001822
2.747e+05 0.59088 0.32282 0.68993 -1.0826 0.32993 0 387.15 -36.587 -0.063116 0.016138 45977 4901 6854.7 0 0
2.748e+05 0.5594 0.24937 0.71686 -1.2402 0.32899 0 402.24 -38.73 -0.064054 0.016125 45977 4905 6856 0 0
2.749e+05 0.53732 0.28263 0.81046 -1.1837 0.34054 0 385.64 -41.621 -0.064992 0.016122 45977 4906 6857.2 0 0
2.75e+05 0.54318 0.26207 0.68807 -1.1565 0.30809 0 384.74 -40.494 -0.065928 0.016122 45977 4906 6858.5 0 0
2.751e+05 0.58657 0.29002 0.72287 -1.1587 0.332 0 371.29 -32.537 -0.066865 0.016122 45977 4906 6859.8 0 0
2.752e+05 0.6138 0.3028 0.652 -1.1415 0.33973 0 388.05 -31.135 -0.067801 0.016128 45977 4904 6860.9 0 0
2.753e+05 0.57598 0.28304 0.71745 -0.98382 0.33209 0 375.82 -33.512 -0.068736 0.016128 45977 4904 6862.1 0 0
2.754e+05 0.57406 0.31359 0.68918 -1.2709 0.31512 0 366.59 -37.204 -0.069672 0.016128 45977 4904 6863.4 0 0
2.755e+05 0.58286 0.34443 0.65899 -1.2462 0.30537 0 375.96 -41.688 -0.070607 0.016128 45978 4904 6864.7 0 0
2.756e+05 0.62689 0.33408 0.62346 -1.1137 0.31858 0 384.74 -35.958 -0.07154 0.016125 45978 4905 6865.9 0 0
2.757e+05 0.59622 0.34076 0.70593 -1.1752 0.334 0 343.05 -39.25 -0.072474 0.016118 45978 4907 6867.2 0 0
2.758e+05 0.61597 0.33686 0.63058 -1.0266 0.32078 0 367.26 -36.713 -0.073407 0.016108 45978 4910 6868.4 0 0
2.759e+05 0.56917 0.2795 0.68423 -1.2342 0.30945 0 358.7 -34.695 -0.074337 0.016103 45978 4912 6869.6 0 0
2.76e+05 0.55027 0.28664 0.72501 -1.1982 0.31239 0 375.64 -38.864 -0.07527 0.016107 45978 4911 6870.8 0 0
2.761e+05 0.59869 0.30437 0.68599 -1.6172 0.32601 0 373.93 -32.289 -0.076196 0.016107 45978 4911 6872 0 0
2.762e+05 0.61188 0.31655 0.65756 -1.2771 0.33256 0 383.36 -32.895 -0.077118 0.016107 45979 4911 6873.2 0 0
2.763e+05 0.61414 0.29787 0.70712 -1.0838 0.31837 0 371.69 -30.424 -0.078024 0.016103 45979 4912 6874.4 0 0
2.764e+05 0.59351 0.32406 0.66216 -1.1734 0.34039 0 358.88 -36.119 -0.078952 0.016103 45980 4912 6875.5 0 0
2.765e+05 0.61271 0.31184 0.66059 -1.2971 0.35529 0 357.12 -31.983 -0.079882 0.01611 45980 4910 6876.8 0 0
2.766e+05 0.60024 0.30648 0.69808 -1.2792 0.3436 0 359.11 -32.181 -0.080809 0.01611 45980 4910 6878 0 0
2.767e+05 0.58154 0.34254 0.6989 -1.1168 0.3262 0 370.14 -41.468 -0.081727 0.016106 45980 4911 6879.1 0 0
2.768e+05 0.5807 0.2926 0.6755 -1.0245 0.31606 0 358.31 -33.282 -0.082657 0.01611 45980 4910 6880.3 0 0
2.769e+05 0.57743 0.31623 0.72262 -1.2219 0.30913 0 381.4 -36.594 -0.083587 0.016106 45980 4911 6881.5 0 0
2.77e+05 0.6526 0.24637 0.68247 -1.3752 0.33321 0 392.26 -31.813 -0.084516 0.01611 45981 4910 6882.7 0 0
2.771e+05 0.63021 0.29277 0.67244 -1.0683 0.33063 0 364.45 -29.197 -0.085443 0.016106 45981 4911 6883.8 0 0
2.772e+05 0.61883 0.31107 0.68839 -1.2064 0.34011 0 360.16 -31.73 -0.086371 0.01611 45981 4910 6884.9 0 0
2.773e+05 0.61888 0.28573 0.63789 -1.1565 0.34129 0 357.89 -29.112 -0.087299 0.016116 45981 4908 6886 0 0
2.774e+05 0.61773 0.31962 0.66761 -1.2408 0.33011 0 362.56 -32.871 -0.088227 0.016113 45981 4909 6887.1 0 0
2.775e+05 0.59512 0.31569 0.6573 -1.0499 0.32691 0 400.53 -33.799 -0.089156 0.016116 45981 4908 6888.3 0 0
2.776e+05 0.60497 0.30184 0.65142 -1.2212 0.32729 0 393.98 -30.832 -0.090084 0.01611 45981 4910 6889.4 0 0
2.777e+05 0.63241 0.29395 0.6605 -1.4045 0.33184 0 384.28 -29.108 -0.091012 0.016106 45981 4911 6890.5 0 0
2.778e+05 0.62596 0.33825 0.65808 -1.2554 0.30688 0 378.63 -35.972 -0.091937 0.016106 45981 4911 6891.7 0 0
2.779e+05 0.5897 0.30707 0.66836 -1.0935 0.3448 0 390.63 -33.162 -0.092859 0.016106 45981 4911 6893 0 0
2.78e+05 0.65003 0.32163 0.65393 -1.2529 0.31375 0 376.35 -33.25 -0.093779 0.016113 45981 4909 6894.1 0 0
2.781e+05 0.56736 0.3135 0.743 -1.0638 0.3184 0 373.87 -38.023 -0.094702 0.016113 45982 4909 6895.3 0 0
2.782e+05 0.63436 0.33765 0.62933 -1.0698 0.31538 0 391.94 -35.442 -0.095626 0.016113 45982 4909 6896.6 0 0
2.783e+05 0.64681 0.32697 0.6527 -1.0075 0.30258 0 367 -34.087 -0.09655 0.01611 45982 4910 6897.9 0 0
2.784e+05 0.6091 0.33027 0.67066 -1.3001 0.32553 0 357.72 -35.231 -0.097473 0.016113 45982 4909 6899.1 0 0
2.785e+05 0.62213 0.3328 0.69952 -1.2615 0.30773 0 377.96 -35.148 -0.098397 0.016116 45982 4908 6900.4 0 0
2.786e+05 0.63234 0.32842 0.65717 -1.2595 0.31683 0 372.62 -34.122 -0.099322 0.01612 45982 4907 6901.6 0 0
2.787e+05 0.58821 0.34293 0.69452 -1.2625 0.32867 0 384.09 -39.978 -0.10025 0.016116 45982 4908 6902.9 0 0
2.788e+05 0.57316 0.33662 0.66021 -1.2107 0.32163 0 375.72 -41.75 -0.10117 0.016116 45982 4908 6904.1 0 0
2.789e+05 0.57752 0.3 0.69621 -1.1975 0.29551 0 378.52 -33.703 -0.1021 0.01612 45982 4907 6905.4 0 0
2.79e+05 0.59065 0.26118 0.73548 -1.3219 0.30382 0 371.59 -31.811 -0.10302 0.016116 45982 4908 6906.6 0 0
2.791e+05 0.60025 0.27763 0.6936 -1.0904 0.32751 0 374.12 -29.884 -0.10394 0.016116 45982 4908 6907.7 0 0
2.792e+05 0.58216 0.24061 0.69469 -1.0471 0.3287 0 361.41 -36.387 -0.10486 0.01611 45982 4910 6908.9 0 0
2.793e+05 0.54693 0.2722 0.75685 -1.115 0.34309 0 369.77 -38.786 -0.10578 0.016107 45982 4911 6910.2 0 0
2.794e+05 0.5595 0.24834 0.7109 -1.1084 0.33428 0 373.9 -38.504 -0.10669 0.01611 45983 4910 6911.5 0 0
2.795e+05 0.61116 0.26581 0.71715 -1.2773 0.31293 0 363.44 -29.423 -0.10761 0.01611 45983 4910 6912.7 0 0
2.796e+05 0.57713 0.24492 0.71489 -1.1045 0.35002 0 360.68 -35.896 -0.10853 0.016113 45983 4909 6913.9 0 0
2.797e+05 0.53818 0.29562 0.73856 -1.1873 0.3401 0 351.31 -41.712 -0.10945 0.016113 45983 4909 6915.2 0 0
2.798e+05 0.5466 0.29364 0.77663 -1.4012 0.34995 0 356.66 -39.225 -0.11036 0.016123 45983 4906 6916.6 0 0
2.799e+05 0.54793 0.30856 0.70474 -1.2341 0.36341 0 356.63 -41.083 -0.11128 0.016107 45983 4911 6917.9 0 0
2.8e+05 0.5507 0.27395 0.68558 -1.3613 0.33662 0 324.11 -37.507 -0.1122 0.016097 45983 4914 6919.3 0 0
2.801e+05 0.5699 0.30733 0.72694 -1.1902 0.34882 0 338.49 -35.526 -0.11313 0.0161 45983 4913 6920.7 0 0
2.802e+05 0.57704 0.31863 0.80464 -1.1044 0.33626 0 357.69 -36.094 -0.11404 0.016104 45983 4912 6922 0 0
2.803e+05 0.55849 0.29922 0.71588 -1.0129 0.35346 0 376.27 -36.661 -0.11496 0.0161 45983 4913 6923.3 0 0
2.804e+05 0.5386 0.29456 0.7534 -1.2947 0.37129 0 347.61 -41.06 -0.11588 0.0161 45983 4913 6924.7 0 0
2.805e+05 0.59768 0.25123 0.68344 -1.2956 0.3414 0 347.18 -31.992 -0.1168 0.0161 45983 4913 6925.9 0 0
2.806e+05 0.57971 0.26473 0.7268 -1.0905 0.3482 0 351.32 -32.4 -0.11772 0.016097 45983 4914 6927.1 0 0
2.807e+05 0.60532 0.32553 0.67266 -1.169 0.36357 0 346.71 -33.906 -0.11863 0.0161 45983 4913 6928.4 0 0
2.808e+05 0.58658 0.29717 0.67569 -1.1479 0.37408 0 370.17 -31.67 -0.11955 0.016103 45984 4912 6929.6 0 0
2.809e+05 0.54745 0.31324 0.70913 -0.92121 0.36621 0 366.61 -41.126 -0.12047 0.016103 45984 4912 6931 0 0
2.81e+05 0.56366 0.2963 0.68846 -1.262 0.35719 0 348.18 -34.711 -0.12138 0.016103 45984 4912 6932.2 0 0
2.811e+05 0.54032 0.3054 0.67863 -1.2366 0.36058 0 359.96 -41.379 -0.1223 0.01611 45984 4910 6933.5 0 0
2.812e+05 0.55516 0.2902 0.70169 -1.078 0.32548 0 357.6 -36.065 -0.12321 0.016117 45984 4908 6934.9 0 0
2.813e+05 0.55732 0.27027 0.72174 -1.1937 0.36118 0 368.25 -35.59 -0.12412 0.016113 45984 4909 6936.3 0 0
2.814e+05 0.52687 0.32153 0.77815 -1.2424 0.34594 0 358.42 -47.656 -0.12503 0.016107 45984 4911 6937.6 0 0.49018
2.815e+05 0.53538 0.2925 0.76338 -1.3181 0.36426 0 351.07 -40.995 -0.12595 0.016104 45984 4912 6939 0 0
2.816e+05 0.54627 0.32581 0.73174 -1.3454 0.34 0 348.15 -43.832 -0.12686 0.0161 45984 4913 6940.4 0 0
2.817e+05 0.53445 0.33142 0.72936 -1.2196 0.36203 0 356.11 -47.564 -0.12777 0.016097 45984 4914 6941.8 0 0
2.818e+05 0.54771 0.31615 0.68461 -1.2373 0.33748 0 360.43 -40.927 -0.12869 0.016087 45984 4917 6943.2 0 0
2.819e+05 0.55081 0.29645 0.68516 -1.4159 0.3336 0 367.73 -37.002 -0.1296 0.01609 45984 4916 6944.6 0 0
2.82e+05 0.57221 0.29693 0.70495 -1.1395 0.33384 0 362.72 -33.065 -0.13051 0.01609 45985 4916 6945.8 0 0
2.821e+05 0.5601 0.32033 0.75433 -1.3614 0.33711 0 357.75 -39.082 -0.13142 0.01609 45985 4916 6947.1 0 0
2.822e+05 0.59639 0.32402 0.65559 -1.267 0.35681 0 366.09 -34.38 -0.13234 0.016094 45985 4915 6948.5 0 0
2.823e+05 0.54245 0.34363 0.72336 -1.1382 0.35136 0 359.77 -48.11 -0.13325 0.016097 45985 4914 6949.8 0 0
2.824e+05 0.54383 0.315 0.72047 -1.1858 0.34005 0 352.58 -41.336 -0.13416 0.0161 45985 4913 6951.2 0 0
2.825e+05 0.53903 0.31365 0.65317 -1.2155 0.36873 0 339.67 -42.101 -0.13507 0.016097 45985 4914 6952.7 0 0
2.826e+05 0.56074 0.30713 0.61669 -1.3849 0.36221 0 357.14 -36.223 -0.13599 0.016094 45985 4915 6954 0 0
2.827e+05 0.52918 0.30418 0.64301 -1.1847 0.37983 0 344.24 -42.925 -0.1369 0.01609 45985 4916 6955.4 0 0.033503
2.828e+05 0.54312 0.3079 0.66484 -1.2036 0.34727 0 362.42 -39.876 -0.13781 0.016087 45985 4917 6956.9 0 0
2.829e+05 0.51435 0.30907 0.74355 -1.359 0.31517 0 358.58 -49.544 -0.13872 0.016087 45985 4917 6958.3 0 12.248
2.83e+05 0.53263 0.30432 0.7056 -1.0197 0.3559 0 349.25 -41.538 -0.13963 0.01609 45985 4916 6959.7 0 0
2.831e+05 0.52613 0.31286 0.67457 -1.204 0.34046 0 338.34 -44.933 -0.14054 0.016087 45985 4917 6961.1 0 0.74896
2.832e+05 0.53082 0.27079 0.70499 -1.1386 0.37348 0 354.73 -41.879 -0.14145 0.016087 45985 4917 6962.4 0 0
2.833e+05 0.54272 0.33953 0.65163 -1.116 0.34296 0 339.42 -46.733 -0.14236 0.016087 45985 4917 6963.8 0 0
2.834e+05 0.54353 0.32175 0.72805 -1.1213 0.34766 0 345.43 -41.915 -0.14327 0.016084 45985 4918 6965.2 0 0
2.835e+05 0.52881 0.29416 0.72107 -1.1015 0.34309 0 343.98 -41.943 -0.14418 0.016084 45985 4918 6966.5 0 0.070736
2.836e+05 0.5713 0.32025 0.7698 -1.2222 0.35468 0 342.99 -36.513 -0.14509 0.01609 45985 4916 6967.8 0 0
2.837e+05 0.56853 0.27698 0.71183 -1.2245 0.32644 0 356.46 -32.642 -0.146 0.016094 45985 4915 6969 0 0
2.838e+05 0.57887 0.3002 0.66419 -1.0976 0.35871 0 358.96 -32.268 -0.14691 0.01609 45985 4916 6970.3 0 0
2.839e+05 0.53659 0.32227 0.73986 -1.2053 0.35319 0 356.64 -43.492 -0.14782 0.016084 45985 4918 6971.6 0 0
2.84e+05 0.58104 0.28798 0.73162 -1.1438 0.35266 0 367.65 -30.898 -0.14872 0.016077 45985 4920 6972.9 0 0
2.841e+05 0.53686 0.28394 0.7069 -1.193 0.32273 0 386.13 -39.124 -0.14963 0.016077 45985 4920 6974.2 0 0
2.842e+05 0.5516 0.26138 0.7135 -1.1835 0.37427 0 361.54 -37.436 -0.15054 0.016074 45985 4921 6975.4 0 0
2.843e+05 0.58798 0.32018 0.66662 -1.1399 0.3546 0 348.56 -34.269 -0.15144 0.016071 45985 4922 6976.7 0 0
2.844e+05 0.55624 0.34202 0.64334 -1.2024 0.34338 0 374.38 -45.138 -0.15235 0.016071 45985 4922 6978 0 0
2.845e+05 0.55527 0.33185 0.669 -1.1284 0.34849 0 359.23 -41.729 -0.15326 0.016074 45985 4921 6979.3 0 0
2.846e+05 0.5639 0.29796 0.6841 -1.2986 0.34508 0 362.05 -33.644 -0.15416 0.016071 45985 4922 6980.6 0 0
2.847e+05 0.57054 0.28203 0.74056 -1.2684 0.30595 0 355.07 -31.866 -0.15507 0.016068 45985 4923 6981.8 0 0
2.848e+05 0.57473 0.3082 0.70483 -1.434 0.35341 0 366.21 -33.035 -0.15597 0.016064 45985 4924 6983.1 0 0
2.849e+05 0.59085 0.23668 0.6883 -1.2708 0.31393 0 375.71 -35.799 -0.15688 0.016068 45985 4923 6984.4 0 0
2.85e+05 0.55859 0.26977 0.67612 -1.351 0.34429 0 392.02 -34.734 -0.15778 0.016071 45985 4922 6985.7 0 0
2.851e+05 0.55614 0.24814 0.58586 -1.2106 0.33696 0 361.45 -38.48 -0.15869 0.016068 45985 4923 6987 0 0
2.852e+05 0.56964 0.24177 0.66892 -1.1696 0.32806 0 345.67 -37.43 -0.15959 0.016061 45985 4925 6988.3 0 0
2.853e+05 0.53939 0.24657 0.61741 -1.4458 0.32472 0 365.28 -42.98 -0.16049 0.016064 45985 4924 6989.5 0 0
2.854e+05 0.56479 0.26843 0.61128 -1.2531 0.35279 0 349.51 -33.494 -0.1614 0.016068 45985 4923 6990.8 0 0
2.855e+05 0.58028 0.27834 0.65743 -1.1095 0.35221 0 361.36 -30.464 -0.1623 0.016068 45985 4923 6992 0 0
2.856e+05 0.57514 0.31388 0.68427 -1.1677 0.35305 0 357.3 -33.869 -0.1632 0.016068 45985 4923 6993.2 0 0
2.857e+05 0.55575 0.31085 0.66392 -1.0329 0.37628 0 351.07 -36.55 -0.16411 0.016061 45985 4925 6994.5 0 0
2.858e+05 0.58463 0.30474 0.60403 -1.3713 0.34144 0 376.48 -31.618 -0.16501 0.016061 45985 4925 6995.7 0 0
2.859e+05 0.55794 0.34505 0.70599 -1.1157 0.36462 0 378.3 -45.526 -0.16591 0.016061 45985 4925 6997 0 0
2.86e+05 0.59983 0.32077 0.64413 -0.8871 0.34327 0 353.29 -32.594 -0.16681 0.016051 45985 4928 6998.2 0 0
2.861e+05 0.60276 0.31373 0.65774 -1.0946 0.34128 0 375.74 -31.154 -0.16771 0.016048 45985 4929 6999.4 0 0
2.862e+05 0.5972 0.30648 0.65521 -1.1871 0.34805 0 374.93 -30.329 -0.16861 0.016045 45985 4930 7000.5 0 0
2.863e+05 0.61571 0.31684 0.69263 -1.5117 0.35468 0 384.89 -30.803 -0.16951 0.016042 45985 4931 7001.7 0 0
2.864e+05 0.56737 0.30618 0.72092 -1.2352 0.35484 0 388.82 -33.382 -0.17041 0.016051 45985 4928 7002.9 0 0
2.865e+05 0.56749 0.31216 0.70664 -1.1315 0.32077 0 374.12 -34.217 -0.17131 0.016051 45985 4928 7004.1 0 0
2.866e+05 0.56007 0.27541 0.62583 -0.96071 0.3594 0 387.77 -33.607 -0.17221 0.016055 45985 4927 7005.2 0 0
2.867e+05 0.608 0.28285 0.67239 -1.061 0.33618 0 377.38 -27.913 -0.17311 0.016055 45985 4927 7006.4 0 0
2.868e+05 0.5872 0.31809 0.70859 -1.2528 0.36747 0 384 -33.056 -0.17401 0.016048 45985 4929 7007.5 0 0
2.869e+05 0.58753 0.32272 0.67776 -1.2702 0.33909 0 386.65 -33.95 -0.17491 0.016038 45985 4932 7008.7 0 0
2.87e+05 0.57251 0.3353 0.6819 -1.3592 0.35274 0 371.54 -39.608 -0.17581 0.016045 45985 4930 7009.9 0 0
2.871e+05 0.62496 0.32843 0.71353 -0.95779 0.34082 0 376.52 -33.08 -0.1767 0.016045 45985 4930 7011.2 0 0
2.872e+05 0.61954 0.33539 0.71024 -1.2007 0.33036 0 374.68 -34.611 -0.1776 0.016035 45985 4933 7012.4 0 0
2.873e+05 0.58728 0.3294 0.70503 -1.0834 0.34637 0 373.42 -35.448 -0.1785 0.016029 45985 4935 7013.7 0 0
2.874e+05 0.55617 0.34897 0.73637 -1.1451 0.34713 0 371.8 -46.184 -0.1794 0.016032 45985 4934 7014.9 0 0
2.875e+05 0.59752 0.32936 0.64357 -1.2297 0.3703 0 395.15 -34.116 -0.18029 0.016032 45985 4934 7016.2 0 0
2.876e+05 0.64467 0.34265 0.69939 -1.0244 0.35298 0 385.16 -32.892 -0.18119 0.016029 45985 4935 7017.3 0 0
2.877e+05 0.63157 0.30688 0.7003 -1.3261 0.36162 0 367.18 -28.993 -0.18208 0.016032 45985 4934 7018.6 0 0
2.878e+05 0.65292 0.32352 0.69135 -1.1385 0.34436 0 347.06 -32.856 -0.18298 0.016035 45985 4933 7019.8 0 0
2.879e+05 0.59974 0.32416 0.69001 -1.1981 0.35985 0 362.99 -32.583 -0.18388 0.016035 45985 4933 7021 0 0
2.88e+05 0.61579 0.32887 0.75255 -1.2664 0.34651 0 378.5 -32.79 -0.18477 0.016032 45985 4934 7022.1 0 0
2.881e+05 0.61291 0.32724 0.73345 -1.2864 0.34808 0 379.02 -32.531 -0.18567 0.016016 45985 4939 7023.2 0 0
2.882e+05 0.55268 0.30612 0.69441 -1.285 0.34404 0 372.67 -36.039 -0.18656 0.016019 45985 4938 7024.4 0 0
2.883e+05 0.59797 0.28678 0.68321 -1.1933 0.36448 0 375.41 -28.351 -0.18745 0.016019 45985 4938 7025.5 0 0
2.884e+05 0.61322 0.28884 0.73137 -1.3218 0.31304 0 364.99 -27.421 -0.18835 0.016016 45985 4939 7026.6 0 0
2.885e+05 0.53424 0.32043 0.74017 -1.2798 0.32117 0 369.11 -43.106 -0.18924 0.016019 45985 4938 7027.7 0 0
2.886e+05 0.60976 0.32057 0.72176 -1.3036 0.32412 0 375.97 -31.193 -0.19013 0.016019 45985 4938 7028.9 0 0
2.887e+05 0.56358 0.30427 0.75554 -1.175 0.3594 0 372.86 -33.431 -0.19103 0.016016 45985 4939 7030 0 0
2.888e+05 0.60362 0.31733 0.70359 -1.2982 0.33463 0 363.18 -30.895 -0.19192 0.016016 45985 4939 7031.2 0 0
2.889e+05 0.57469 0.263 0.71081 -1.1676 0.32448 0 387.37 -32.329 -0.19281 0.016009 45985 4941 7032.4 0 0
2.89e+05 0.62131 0.30817 0.70213 -1.2936 0.36408 0 366.81 -29.043 -0.1937 0.016016 45985 4939 7033.5 0 0
2.891e+05 0.54591 0.32456 0.75489 -1.2168 0.36009 0 394.09 -40.87 -0.1946 0.016019 45985 4938 7034.6 0 0
2.892e+05 0.61845 0.26917 0.64119 -1.1752 0.34616 0 385.69 -27.697 -0.19549 0.016019 45985 4938 7035.7 0 0
2.893e+05 0.58921 0.30027 0.74902 -1.1736 0.34305 0 362.54 -29.625 -0.19638 0.016019 45985 4938 7036.8 0 0
2.894e+05 0.64765 0.32259 0.70369 -1.3095 0.34943 0 343.77 -32.342 -0.19727 0.016016 45985 4939 7038 0 0
2.895e+05 0.59476 0.3051 0.69164 -1.345 0.35203 0 359.83 -29.429 -0.19816 0.016012 45985 4940 7039.2 0 0
2.896e+05 0.56977 0.32784 0.7493 -1.2007 0.34105 0 353.9 -36.891 -0.19905 0.016006 45985 4942 7040.4 0 0
2.897e+05 0.58438 0.31208 0.75199 -1.207 0.34764 0 361.22 -31.494 -0.19994 0.016012 45985 4940 7041.6 0 0
2.898e+05 0.58447 0.31606 0.74752 -1.3397 0.37397 0 356.34 -32.138 -0.20083 0.016006 45985 4942 7042.8 0 0
2.899e+05 0.55516 0.30388 0.74279 -1.0205 0.35953 0 354.13 -34.924 -0.20172 0.016003 45985 4943 7044 0 0
2.9e+05 0.53376 0.30179 0.71497 -1.4463 0.33636 0 364.42 -39.761 -0.20261 0.015999 45985 4944 7045.2 0 0
2.901e+05 0.58303 0.28514 0.67794 -1.2454 0.35821 0 346.77 -29.386 -0.2035 0.015993 45985 4946 7046.4 0 0
2.902e+05 0.57873 0.2876 0.67424 -0.79536 0.34813 0 353.86 -29.862 -0.20438 0.015999 45985 4944 7047.6 0 0
2.903e+05 0.59632 0.29339 0.71253 -1.0165 0.35563 0 377.91 -28.161 -0.20527 0.015999 45985 4944 7048.7 0 0
2.904e+05 0.5323 0.3405 0.72779 -1.2355 0.35897 0 366.41 -47.996 -0.20616 0.015999 45985 4944 7050 0 0
2.905e+05 0.56407 0.3233 0.72497 -1.0102 0.35289 0 359.19 -36.174 -0.20705 0.016003 45985 4943 7051.3 0 0
2.906e+05 0.56731 0.307 0.74648 -1.0358 0.35156 0 384.21 -32.217 -0.20793 0.015993 45985 4946 7052.5 0 0
2.907e+05 0.5832 0.32673 0.72239 -1.0774 0.33836 0 366.94 -34.118 -0.20882 0.015986 45985 4948 7053.8 0 0
2.908e+05 0.64232 0.28096 0.62341 -1.1504 0.35084 0 372.46 -26.509 -0.20971 0.015983 45985 4949 7054.9 0 0
2.909e+05 0.56874 0.33428 0.73465 -1.0143 0.35477 0 375.47 -38.265 -0.21059 0.01599 45985 4947 7056 0 0
2.91e+05 0.58928 0.32518 0.70592 -1.0709 0.34413 0 364.17 -32.986 -0.21148 0.015993 45985 4946 7057.3 0 0
2.911e+05 0.55521 0.30847 0.73438 -1.2668 0.33929 0 358.52 -34.985 -0.21236 0.015993 45985 4946 7058.6 0 0
2.912e+05 0.52997 0.3337 0.76 -1.3783 0.30784 0 387.68 -46.721 -0.21325 0.016003 45985 4943 7059.9 0 3.6e-05
2.913e+05 0.6343 0.31187 0.68868 -1.2377 0.33157 0 373.42 -29.386 -0.21413 0.015993 45985 4946 7061.2 0 0
2.914e+05 0.6348 0.34427 0.74916 -0.98171 0.34292 0 365.4 -33.849 -0.21502 0.015993 45985 4946 7062.3 0 0
2.915e+05 0.59744 0.32878 0.73051 -1.1144 0.33411 0 364.7 -32.976 -0.2159 0.015993 45985 4946 7063.5 0 0
2.916e+05 0.54818 0.33237 0.75806 -1.2215 0.35741 0 362.89 -41.933 -0.21679 0.015983 45985 4949 7064.7 0 0
2.917e+05 0.56314 0.3423 0.74282 -1.369 0.33694 0 368.29 -41.415 -0.21767 0.015986 45985 4948 7065.9 0 0
2.918e+05 0.65263 0.28164 0.73555 -1.315 0.32255 0 359.47 -26.372 -0.21855 0.015986 45985 4948 7067.1 0 0
2.919e+05 0.65908 0.31923 0.72327 -1.0378 0.31937 0 361.94 -31.599 -0.21944 0.015983 45985 4949 7068.2 0 0
2.92e+05 0.61581 0.29655 0.68245 -1.1289 0.31517 0 353.76 -27.342 -0.22032 0.015986 45985 4948 7069.2 0 0
2.921e+05 0.55981 0.30087 0.75336 -1.2383 0.32529 0 378.2 -33.163 -0.2212 0.015986 45985 4948 7070.5 0 0
2.922e+05 0.63746 0.3327 0.67604 -1.4966 0.32373 0 379.09 -33.547 -0.22208 0.015986 45985 4948 7071.7 0 0
2.923e+05 0.58831 0.32086 0.68152 -1.027 0.33682 0 372.56 -31.812 -0.22297 0.015993 45985 4946 7073 0 0
2.924e+05 0.55646 0.35041 0.73612 -1.2756 0.32944 0 383.88 -45.166 -0.22385 0.015986 45985 4948 7074.3 0 0
2.925e+05 0.60406 0.32863 0.65378 -1.2321 0.32105 0 367.88 -32.334 -0.22473 0.015986 45985 4948 7075.5 0 0
2.926e+05 0.61321 0.28266 0.70161 -1.0293 0.32193 0 362.79 -27.126 -0.22561 0.015986 45985 4948 7076.8 0 0
2.927e+05 0.62404 0.3341 0.65819 -1.3892 0.34107 0 367.64 -33.387 -0.22649 0.01599 45985 4947 7078 0 0
2.928e+05 0.64725 0.32932 0.59258 -1.3772 0.33934 0 405.25 -33.046 -0.22737 0.015986 45985 4948 7079.2 0 0
2.929e+05 0.59174 0.35187 0.67978 -1.1111 0.32934 0 369.03 -37.633 -0.22825 0.015986 45985 4948 7080.5 0 0
2.93e+05 0.61049 0.31372 0.69779 -1.0524 0.32677 0 352.12 -29.153 -0.22913 0.015993 45985 4946 7081.8 0 0
2.931e+05 0.63386 0.32284 0.61984 -1.0671 0.31146 0 381.36 -31.109 -0.23001 0.015993 45985 4946 7082.9 0 0
2.932e+05 0.65667 0.31666 0.65695 -1.2296 0.3563 0 383.5 -30.846 -0.23089 0.015993 45985 4946 7083.9 0 0
2.933e+05 0.64628 0.32688 0.64899 -1.0117 0.32442 0 363.2 -32.354 -0.23177 0.015986 45985 4948 7085.1 0 0
2.934e+05 0.63338 0.31166 0.66341 -1.1376 0.32933 0 370.72 -28.94 -0.23264 0.01599 45985 4947 7086.2 0 0
2.935e+05 0.60588 0.3136 0.68426 -1.1486 0.3313 0 392.14 -29.223 -0.23352 0.015993 45985 4946 7087.3 0 0
2.936e+05 0.60281 0.33444 0.6763 -1.0783 0.34272 0 394.56 -33.33 -0.2344 0.015993 45985 4946 7088.5 0 0
2.937e+05 0.57405 0.30204 0.71708 -1.1054 0.35037 0 386.48 -30.649 -0.23528 0.015996 45985 4945 7089.6 0 0
2.938e+05 0.59808 0.34321 0.67494 -1.3484 0.33719 0 385 -35.685 -0.23616 0.01599 45985 4947 7090.8 0 0
2.939e+05 0.54032 0.34846 0.76998 -1.2838 0.31683 0 386.05 -47.868 -0.23703 0.01598 45985 4950 7092 0 0
2.94e+05 0.57032 0.33423 0.70968 -1.2991 0.32547 0 388.42 -37.065 -0.23791 0.015983 45985 4949 7093.3 0 0
2.941e+05 0.59151 0.33558 0.68493 -1.032 0.30701 0 394 -34.167 -0.23878 0.01598 45985 4950 7094.7 0 0
2.942e+05 0.54764 0.34767 0.77119 -1.2267 0.308 0 373.48 -46.053 -0.23966 0.01597 45985 4953 7095.9 0 0
2.943e+05 0.54099 0.34952 0.77011 -0.86181 0.32488 0 364.43 -47.748 -0.24053 0.015961 45985 4956 7097.2 0 0
2.944e+05 0.60361 0.34148 0.68697 -1.2111 0.34569 0 369.5 -34.535 -0.24141 0.015967 45985 4954 7098.6 0 0
2.945e+05 0.5914 0.33504 0.7164 -1.1693 0.32966 0 369.23 -33.854 -0.24228 0.015954 45985 4958 7099.8 0 0
2.946e+05 0.56535 0.33835 0.74016 -1.0423 0.29886 0 363.28 -38.574 -0.24315 0.015948 45985 4960 7101.1 0 0
2.947e+05 0.57602 0.33331 0.67449 -1.2022 0.32981 0 370.85 -35.667 -0.24402 0.015941 45986 4962 7102.3 0 0
2.948e+05 0.61448 0.32745 0.66008 -1.2479 0.34854 0 372.33 -31.202 -0.2449 0.015932 45986 4965 7103.5 0 0
2.949e+05 0.59775 0.30162 0.64751 -1.1967 0.34621 0 360.58 -28.104 -0.24577 0.015922 45986 4968 7104.6 0 0
2.95e+05 0.5622 0.35156 0.70698 -1.1705 0.32759 0 375.5 -42.72 -0.24665 0.015925 45986 4967 7105.8 0 0
2.951e+05 0.60467 0.3242 0.62233 -1.1805 0.32739 0 390.83 -30.666 -0.24752 0.015925 45986 4967 7107 0 0
2.952e+05 0.61484 0.32919 0.68361 -1.2843 0.3382 0 383.05 -31.293 -0.24839 0.015922 45986 4968 7108.1 0 0
2.953e+05 0.61483 0.33088 0.69268 -0.99373 0.31364 0 348.98 -31.528 -0.24926 0.015929 45986 4966 7109.3 0 0
2.954e+05 0.63347 0.33062 0.65231 -1.2244 0.32131 0 380.91 -32.132 -0.25013 0.015932 45986 4965 7110.4 0 0
2.955e+05 0.61781 0.3213 0.65682 -1.2575 0.31378 0 385.23 -29.78 -0.251 0.015938 45986 4963 7111.6 0 0
2.956e+05 0.61087 0.32293 0.65986 -1.1336 0.33767 0 384.86 -29.955 -0.25188 0.015935 45986 4964 7112.7 0 0
2.957e+05 0.62196 0.33883 0.64962 -1.2836 0.33585 0 362.83 -32.951 -0.25274 0.015938 45986 4963 7113.9 0 0
2.958e+05 0.64296 0.332 0.64308 -1.1126 0.30959 0 383.81 -32.536 -0.25362 0.015929 45986 4966 7115 0 0
2.959e+05 0.65325 0.33715 0.63431 -1.1143 0.33217 0 371.8 -33.079 -0.25449 0.015932 45986 4965 7116.1 0 0
2.96e+05 0.60869 0.34183 0.62974 -1.3153 0.30005 0 371.58 -33.671 -0.25536 0.015938 45986 4963 7117.3 0 0
2.961e+05 0.63298 0.33945 0.6891 -1.1191 0.32164 0 388.14 -33.14 -0.25622 0.015935 45986 4964 7118.5 0 0
2.962e+05 0.6214 0.32566 0.70451 -1.129 0.31727 0 366.21 -30.241 -0.25709 0.015929 45986 4966 7119.6 0 0
2.963e+05 0.66706 0.32523 0.63088 -1.3248 0.33279 0 386.48 -32.504 -0.25795 0.015922 45986 4968 7120.7 0 0
2.964e+05 0.59435 0.32817 0.6311 -1.2896 0.31894 0 340.82 -31.475 -0.25882 0.015929 45986 4966 7121.8 0 0
2.965e+05 0.62544 0.31848 0.66621 -1.1584 0.31018 0 351.27 -28.964 -0.25969 0.015935 45987 4964 7123 0 0
2.966e+05 0.60428 0.2954 0.69175 -1.1314 0.33063 0 377.81 -27.133 -0.26056 0.015938 45987 4963 7124.1 0 0
2.967e+05 0.63726 0.31325 0.70004 -1.1966 0.35195 0 378.29 -28.62 -0.26143 0.015929 45987 4966 7125.2 0 0
2.968e+05 0.65352 0.29144 0.6154 -1.1095 0.32065 0 364.49 -26.799 -0.2623 0.015919 45987 4969 7126.3 0 0
2.969e+05 0.65205 0.31394 0.60936 -1.2339 0.33146 0 354.61 -29.356 -0.26316 0.015926 45987 4967 7127.4 0 0
2.97e+05 0.65332 0.30544 0.65484 -1.2015 0.31911 0 369.31 -28.086 -0.26403 0.015926 45987 4967 7128.5 0 0
2.971e+05 0.60409 0.29286 0.69742 -1.2584 0.32618 0 370.68 -27.086 -0.2649 0.015932 45987 4965 7129.6 0 0
2.972e+05 0.67465 0.3004 0.64329 -1.0872 0.31998 0 386.38 -27.932 -0.26577 0.015926 45987 4967 7130.8 0 0
2.973e+05 0.65964 0.33064 0.6334 -1.3773 0.30404 0 374.2 -32.412 -0.26663 0.015922 45987 4968 7131.9 0 0
2.974e+05 0.60027 0.33782 0.66284 -1.1303 0.34822 0 376.01 -32.622 -0.2675 0.015926 45987 4967 7133.1 0 0
2.975e+05 0.626 0.32707 0.71523 -1.4307 0.31404 0 377.4 -29.844 -0.26837 0.015922 45987 4968 7134.3 0 0
2.976e+05 0.64376 0.3148 0.74168 -1.3351 0.32247 0 387.9 -28.779 -0.26923 0.015913 45987 4971 7135.4 0 0
2.977e+05 0.63439 0.32399 0.64824 -1.1027 0.32183 0 402.76 -29.601 -0.2701 0.01591 45987 4972 7136.5 0 0
2.978e+05 0.65255 0.31232 0.6869 -1.1627 0.3324 0 366.18 -28.705 -0.27096 0.01591 45987 4972 7137.6 0 0
2.979e+05 0.63482 0.31604 0.66879 -1.2372 0.35962 0 368.36 -28.406 -0.27183 0.015913 45987 4971 7138.7 0 0
2.98e+05 0.63588 0.28744 0.67358 -1.2048 0.36734 0 380.07 -26.216 -0.27269 0.015906 45987 4973 7139.7 0 0
2.981e+05 0.66504 0.30322 0.66619 -1.1064 0.33872 0 362.4 -28.133 -0.27356 0.01591 45987 4972 7140.8 0 0
2.982e+05 0.65134 0.32234 0.64454 -1.1846 0.33389 0 390.88 -30.122 -0.27442 0.01591 45987 4972 7141.9 0 0
2.983e+05 0.66819 0.31874 0.6826 -0.97463 0.36115 0 371.43 -30.651 -0.27529 0.01591 45987 4972 7143 0 0
2.984e+05 0.62039 0.3256 0.67486 -1.48 0.32577 0 379.55 -29.312 -0.27615 0.0159 45987 4975 7144.1 0 0
2.985e+05 0.62712 0.29814 0.65641 -1.3547 0.35019 0 372.34 -26.435 -0.27702 0.01589 45987 4978 7145.2 0 0
2.986e+05 0.58869 0.29981 0.6329 -1.2498 0.31814 0 378.16 -28.621 -0.27788 0.015894 45987 4977 7146.2 0 0
2.987e+05 0.64769 0.30173 0.61386 -1.2402 0.34208 0 358.03 -26.881 -0.27874 0.015897 45987 4976 7147.3 0 0
2.988e+05 0.60244 0.35243 0.67629 -1.1969 0.32519 0 384.71 -34.686 -0.2796 0.015897 45987 4976 7148.4 0 0
2.989e+05 0.58894 0.2699 0.64048 -1.116 0.35272 0 399.54 -29.138 -0.28047 0.01589 45987 4978 7149.5 0 0
2.99e+05 0.66781 0.32057 0.67889 -1.3367 0.33006 0 366.69 -30.739 -0.28133 0.015887 45987 4979 7150.6 0 0
2.991e+05 0.58007 0.34833 0.70959 -1.0601 0.37462 0 372.39 -37.869 -0.28219 0.015881 45987 4981 7151.6 0 0
2.992e+05 0.66409 0.34426 0.66971 -1.0053 0.3346 0 391.76 -30.2 -0.28305 0.015878 45987 4982 7152.7 0 0
2.993e+05 0.62297 0.31241 0.67967 -1.1313 0.3356 0 391.22 -27.299 -0.28391 0.015881 45987 4981 7153.8 0 0
2.994e+05 0.61645 0.27652 0.74066 -1.0052 0.31071 0 389.05 -26.335 -0.28477 0.015884 45987 4980 7154.9 0 0
2.995e+05 0.52675 0.34089 0.68971 -1.0286 0.34196 0 369.67 -48.572 -0.28563 0.015887 45987 4979 7156 0 0.5284
2.996e+05 0.55732 0.32784 0.65257 -1.1351 0.33901 0 391.01 -37.311 -0.28649 0.01589 45987 4978 7157.1 0 0
2.997e+05 0.61358 0.3108 0.65078 -1.3297 0.3494 0 391.94 -27.325 -0.28735 0.015887 45987 4979 7158.2 0 0
2.998e+05 0.62649 0.28514 0.72352 -1.1944 0.36587 0 393.04 -25.972 -0.28821 0.01589 45987 4978 7159.3 0 0
2.999e+05 0.61427 0.27618 0.72954 -1.749 0.32923 0 376.89 -26.321 -0.28907 0.015894 45987 4977 7160.3 0 0
3e+05 0.64445 0.26836 0.66859 -0.95779 0.30754 0 382.84 -26.391 -0.28993 0.015894 45987 4977 7161.4 0 0
3.001e+05 0.60028 0.27227 0.67844 -0.93186 0.36655 0 392.54 -27.82 -0.29079 0.015893 45987 4977 7162.4 0 0
3.002e+05 0.63789 0.28747 0.66831 -1.0071 0.33712 0 412.91 -25.587 -0.29164 0.015887 45987 4979 7163.4 0 0
3.003e+05 0.58467 0.30991 0.71136 -1.0948 0.31779 0 402.59 -29.678 -0.2925 0.015881 45987 4981 7164.5 0 0
3.004e+05 0.64135 0.32821 0.69204 -1.1127 0.3059 0 391.25 -29.855 -0.29335 0.015881 45987 4981 7165.6 0 0
3.005e+05 0.64857 0.33898 0.6849 -1.3142 0.35093 0 388.61 -31.552 -0.29421 0.015884 45987 4980 7166.7 0 0
3.006e+05 0.69063 0.31549 0.66888 -1.1581 0.30976 0 373.3 -30.407 -0.29507 0.015878 45987 4982 7167.8 0 0
3.007e+05 0.64705 0.34028 0.67094 -1.3917 0.31831 0 385.55 -31.377 -0.29592 0.015874 45987 4983 7168.9 0 0
3.008e+05 0.62225 0.31733 0.65609 -1.2629 0.32855 0 398.04 -27.371 -0.29678 0.015874 45987 4983 7170 0 0
3.009e+05 0.61206 0.29195 0.61998 -1.103 0.33149 0 386.74 -26.179 -0.29764 0.015871 45987 4984 7171 0 0
3.01e+05 0.61329 0.31992 0.65457 -0.99882 0.31633 0 389.58 -27.95 -0.29849 0.015868 45987 4985 7172 0 0
3.011e+05 0.5943 0.30924 0.65709 -1.1493 0.32989 0 397.98 -28.342 -0.29935 0.015868 45987 4985 7173.1 0 0
3.012e+05 0.5737 0.34209 0.64909 -1.1897 0.31698 0 393.91 -37.579 -0.3002 0.015865 45987 4986 7174.1 0 0
3.013e+05 0.59902 0.27664 0.67817 -1.4701 0.34738 0 388.4 -27.461 -0.30106 0.015852 45987 4990 7175.3 0 0
3.014e+05 0.57655 0.27403 0.68676 -1.1042 0.31877 0 388.26 -30.189 -0.30191 0.015855 45987 4989 7176.4 0 0
3.015e+05 0.59307 0.30649 0.66823 -1.2774 0.29651 0 397.26 -28.085 -0.30277 0.015855 45987 4989 7177.5 0 0
3.016e+05 0.62465 0.28235 0.69591 -1.0926 0.35284 0 380.86 -25.583 -0.30362 0.015855 45987 4989 7178.6 0 0
3.017e+05 0.61968 0.30736 0.71348 -1.1819 0.31984 0 396.84 -26.357 -0.30448 0.015852 45987 4990 7179.7 0 0
3.018e+05 0.61133 0.33358 0.65047 -1.1081 0.31964 0 392.44 -30.632 -0.30533 0.015855 45987 4989 7180.8 0 0
3.019e+05 0.60879 0.3316 0.6656 -1.361 0.31328 0 389.7 -30.28 -0.30618 0.015859 45987 4988 7181.9 0 0
3.02e+05 0.5733 0.32245 0.687 -1.1867 0.30518 0 385.95 -32.949 -0.30704 0.015855 45987 4989 7183 0 0
3.021e+05 0.62178 0.30018 0.65603 -1.2576 0.34131 0 365.85 -25.612 -0.30789 0.015855 45987 4989 7184.1 0 0
3.022e+05 0.58169 0.27306 0.67581 -0.98713 0.34098 0 416.11 -29.357 -0.30874 0.015849 45987 4991 7185.2 0 0
3.023e+05 0.59675 0.33445 0.66131 -1.1374 0.3133 0 400.46 -31.591 -0.3096 0.015839 45987 4994 7186.3 0 0
3.024e+05 0.55403 0.30231 0.63146 -1.1872 0.32809 0 416.85 -34.127 -0.31045 0.01583 45987 4997 7187.5 0 0
3.025e+05 0.62259 0.31811 0.65351 -1.1119 0.31403 0 408.18 -27.128 -0.3113 0.015817 45987 5001 7188.6 0 0
3.026e+05 0.54517 0.31849 0.69585 -1.104 0.33607 0 384.01 -38.537 -0.31216 0.015817 45987 5001 7189.7 0 0
3.027e+05 0.66186 0.32743 0.67331 -1.1637 0.33676 0 403.98 -31.037 -0.31301 0.01582 45987 5000 7190.8 0 0
3.028e+05 0.67233 0.3169 0.70062 -1.0702 0.33911 0 409.97 -29.974 -0.31386 0.015802 45987 5006 7191.9 0 0
3.029e+05 0.60916 0.26639 0.65464 -1.2849 0.32066 0 390.57 -27.173 -0.31471 0.015811 45987 5003 7192.9 0 0
3.03e+05 0.61254 0.30777 0.61123 -1.3034 0.3263 0 411.23 -26.447 -0.31556 0.015795 45987 5008 7194 0 0
3.031e+05 0.59727 0.28969 0.68023 -1.2837 0.34204 0 416.68 -26.308 -0.31641 0.015792 45987 5009 7195 0 0
3.032e+05 0.62622 0.31788 0.66052 -1.087 0.33421 0 388.62 -26.93 -0.31726 0.015792 45987 5009 7196.1 0 0
3.033e+05 0.64407 0.29549 0.70431 -1.3125 0.33537 0 402.93 -25.401 -0.31811 0.015792 45987 5009 7197.1 0 0
3.034e+05 0.61929 0.3017 0.63462 -1.3484 0.3397 0 418.23 -25.568 -0.31896 0.015792 45987 5009 7198.1 0 0
3.035e+05 0.55895 0.27306 0.66927 -1.2851 0.30734 0 396.54 -33.343 -0.31981 0.015789 45987 5010 7199.2 0 0
3.036e+05 0.61475 0.30993 0.63292 -1.1013 0.32157 0 390.49 -26.38 -0.32066 0.015783 45987 5012 7200.3 0 0
3.037e+05 0.53167 0.27079 0.72956 -1.2578 0.3221 0 382.36 -40.903 -0.32151 0.015786 45987 5011 7201.4 0 0
3.038e+05 0.56302 0.31911 0.64759 -1.3378 0.32737 0 403.68 -33.824 -0.32236 0.015792 45987 5009 7202.6 0 0
3.039e+05 0.65309 0.30072 0.62502 -1.2653 0.2997 0 402.86 -26.299 -0.3232 0.015783 45987 5012 7203.6 0 0
3.04e+05 0.61935 0.26344 0.69541 -1.1207 0.31359 0 402.26 -26.599 -0.32405 0.015776 45988 5014 7204.7 0 0
3.041e+05 0.61855 0.30758 0.63599 -1.1862 0.32619 0 411.75 -25.859 -0.3249 0.015773 45988 5015 7205.7 0 0
3.042e+05 0.64523 0.27993 0.6371 -1.1746 0.34364 0 391.25 -25.232 -0.32575 0.01577 45988 5016 7206.8 0 0
3.043e+05 0.62286 0.25884 0.70654 -1.1116 0.3558 0 398.83 -27.072 -0.32659 0.015761 45988 5019 7207.8 0 0
3.044e+05 0.65294 0.27687 0.68219 -1.3951 0.31892 0 383.98 -25.331 -0.32744 0.015751 45988 5022 7208.9 0 0
3.045e+05 0.60358 0.29104 0.73979 -1.1462 0.33253 0 386.26 -25.559 -0.32828 0.015748 45988 5023 7210 0 0
3.046e+05 0.58261 0.254 0.64491 -1.3149 0.3274 0 387.24 -31.76 -0.32913 0.015748 45988 5023 7211 0 0
3.047e+05 0.64925 0.30085 0.6787 -1.1575 0.32983 0 401.26 -25.848 -0.32998 0.015742 45988 5025 7212.1 0 0
3.048e+05 0.65999 0.29458 0.69888 -1.1217 0.33145 0 424.02 -26.056 -0.33082 0.015745 45988 5024 7213.2 0 0
3.049e+05 0.64185 0.29481 0.66599 -1.2767 0.3556 0 410.3 -24.984 -0.33167 0.015742 45988 5025 7214.2 0 0
3.05e+05 0.67145 0.29697 0.64916 -1.3218 0.32485 0 385.02 -26.942 -0.33251 0.015732 45988 5028 7215.2 0 0
3.051e+05 0.67734 0.30878 0.62589 -1.3789 0.33283 0 372.87 -28.536 -0.33336 0.015745 45988 5024 7216.3 0 0
3.052e+05 0.69289 0.32064 0.66482 -1.0743 0.3398 0 380.8 -31.308 -0.3342 0.015748 45988 5023 7217.4 0 0
3.053e+05 0.591 0.31346 0.72435 -1.127 0.33872 0 394.2 -28.411 -0.33505 0.015751 45988 5022 7218.5 0 0
3.054e+05 0.67304 0.26589 0.66293 -1.3584 0.31822 0 421.74 -26.536 -0.33589 0.015751 45988 5022 7219.5 0 0
3.055e+05 0.56799 0.29224 0.7301 -1.1308 0.33607 0 393.29 -30.367 -0.33674 0.015748 45988 5023 7220.5 0 0
3.056e+05 0.64824 0.29786 0.6859 -1.1712 0.31085 0 380.81 -25.352 -0.33758 0.015742 45988 5025 7221.5 0 0
3.057e+05 0.62602 0.2971 0.67289 -1.0955 0.32272 0 399.97 -24.76 -0.33842 0.015742 45988 5025 7222.6 0 0
3.058e+05 0.58878 0.27843 0.70716 -1.1623 0.29851 0 387.52 -27.803 -0.33926 0.015742 45988 5025 7223.6 0 0
3.059e+05 0.66087 0.33264 0.72698 -1.2009 0.31849 0 391.8 -31.296 -0.34011 0.015732 45988 5028 7224.7 0 0
3.06e+05 0.6396 0.32139 0.69047 -1.088 0.34061 0 405.32 -27.803 -0.34095 0.015732 45988 5028 7225.8 0 0
3.061e+05 0.59452 0.32604 0.66609 -1.1315 0.31612 0 401.31 -29.833 -0.34179 0.015723 45988 5031 7226.8 0 0
3.062e+05 0.56702 0.34737 0.68341 -1.0884 0.30709 0 407.07 -40.178 -0.34263 0.01572 45988 5032 7228.1 0 0
3.063e+05 0.63334 0.30177 0.65725 -1.2981 0.33368 0 405 -24.86 -0.34347 0.01572 45988 5032 7229.2 0 0
3.064e+05 0.57294 0.29862 0.66646 -1.3783 0.32264 0 383.84 -29.556 -0.34432 0.015726 45988 5030 7230.4 0 0
3.065e+05 0.59225 0.34599 0.63963 -1.1539 0.33183 0 388.75 -34.836 -0.34516 0.015726 45988 5030 7231.6 0 0
3.066e+05 0.60346 0.32244 0.66122 -1.3229 0.32748 0 396.72 -28.146 -0.346 0.01572 45988 5032 7232.8 0 0
3.067e+05 0.57189 0.32447 0.70041 -0.86091 0.34824 0 375.19 -33.135 -0.34684 0.015714 45988 5034 7233.9 0 0
3.068e+05 0.61401 0.284 0.66809 -1.2205 0.34818 0 375.54 -25.069 -0.34768 0.015717 45988 5033 7235.1 0 0
3.069e+05 0.64728 0.32628 0.71215 -1.1728 0.35233 0 362.28 -28.91 -0.34852 0.015714 45988 5034 7236.2 0 0
3.07e+05 0.60799 0.31126 0.69283 -0.92468 0.32718 0 354.44 -26.064 -0.34936 0.015707 45988 5036 7237.3 0 0
3.071e+05 0.64096 0.32325 0.70756 -1.2213 0.35828 0 359.53 -28.009 -0.35019 0.015701 45988 5038 7238.5 0 0
3.072e+05 0.64061 0.32456 0.65916 -1.3204 0.35559 0 393.93 -28.169 -0.35103 0.015716 45988 5033 7239.6 0 0
3.073e+05 0.6891 0.32131 0.6762 -1.2317 0.34171 0 384.77 -31.492 -0.35187 0.015703 45988 5037 7240.7 0 0
3.074e+05 0.61001 0.27615 0.71112 -1.1025 0.31722 0 385.56 -25.611 -0.35271 0.015691 45988 5041 7241.8 0 0
3.075e+05 0.62587 0.31329 0.65605 -1.5152 0.33983 0 390.88 -25.65 -0.35355 0.015675 45988 5046 7242.8 0 0
3.076e+05 0.65715 0.3266 0.66619 -1.1585 0.32634 0 365.12 -29.723 -0.35438 0.015678 45988 5045 7244 0 0
3.077e+05 0.58233 0.3495 0.66503 -1.2136 0.32324 0 367.33 -36.901 -0.35522 0.015685 45988 5043 7245.1 0 0
3.078e+05 0.56231 0.33402 0.65891 -1.0565 0.32208 0 393.55 -37.049 -0.35606 0.015688 45988 5042 7246.4 0 0
3.079e+05 0.60194 0.3623 0.66766 -1.3312 0.31258 0 420.91 -31.643 -0.3569 0.015691 45988 5041 7247.5 0 0
3.08e+05 0.61138 0.3461 0.6578 -1.3371 0.32595 0 381.82 -32.244 -0.35773 0.015691 45988 5041 7248.7 0 0
3.081e+05 0.59314 0.35173 0.69049 -1.2701 0.30213 0 383.75 -35.227 -0.35857 0.015703 45988 5037 7249.9 0 0
3.082e+05 0.61074 0.34451 0.68274 -1.1552 0.29924 0 377.95 -31.789 -0.35941 0.015703 45988 5037 7251 0 0
3.083e+05 0.63017 0.3233 0.74497 -1.1139 0.30047 0 388.87 -27.037 -0.36024 0.0157 45988 5038 7252.2 0 0
3.084e+05 0.62255 0.34612 0.70341 -1.3625 0.30204 0 406.05 -31.348 -0.36108 0.0157 45988 5038 7253.4 0 0
3.085e+05 0.60254 0.34693 0.69619 -1.1059 0.35391 0 403.5 -32.825 -0.36191 0.015697 45988 5039 7254.5 0 0
3.086e+05 0.63449 0.32073 0.66759 -1.0659 0.33554 0 392.46 -26.853 -0.36275 0.015697 45988 5039 7255.6 0 0
3.087e+05 0.57981 0.29816 0.73338 -1.3433 0.31386 0 382.82 -28.501 -0.36358 0.015694 45988 5040 7256.8 0 0
3.088e+05 0.54145 0.33306 0.7217 -1.0113 0.36022 0 372.47 -43.227 -0.36442 0.015691 45988 5041 7258 0 0
3.089e+05 0.65786 0.33453 0.66519 -0.99065 0.32258 0 398.01 -30.739 -0.36525 0.015688 45988 5042 7259.2 0 0
3.09e+05 0.63366 0.29927 0.67471 -1.0897 0.32093 0 397.08 -24.618 -0.36608 0.015688 45988 5042 7260.3 0 0
3.091e+05 0.59611 0.33663 0.65119 -1.0839 0.35086 0 405.7 -30.637 -0.36692 0.015682 45988 5044 7261.4 0 0
3.092e+05 0.57737 0.33223 0.63796 -1.2314 0.29908 0 391.04 -33.057 -0.36774 0.015676 45988 5046 7262.6 0 0
3.093e+05 0.65265 0.31258 0.62278 -1.3198 0.32147 0 390.26 -26.882 -0.36857 0.015676 45989 5046 7263.7 0 0
3.094e+05 0.63408 0.31829 0.67953 -1.227 0.30338 0 428.94 -26.329 -0.3694 0.015666 45989 5049 7264.8 0 0
3.095e+05 0.65857 0.32494 0.68519 -1.286 0.30562 0 376.09 -29.296 -0.37023 0.01566 45989 5051 7265.9 0 0
3.096e+05 0.64721 0.3384 0.71498 -1.3409 0.33704 0 400.46 -30.212 -0.37107 0.01566 45989 5051 7266.9 0 0
3.097e+05 0.60442 0.30298 0.65402 -1.1505 0.30609 0 385.73 -25.449 -0.3719 0.015657 45989 5052 7268 0 0
3.098e+05 0.64511 0.30762 0.65684 -1.0054 0.30915 0 389.49 -25.572 -0.37273 0.01566 45989 5051 7269 0 0
3.099e+05 0.6242 0.3033 0.66329 -1.0668 0.33106 0 396.87 -24.567 -0.37356 0.015663 45989 5050 7270.1 0 0
3.1e+05 0.62913 0.33006 0.64588 -1.0671 0.34806 0 408.19 -27.706 -0.37439 0.015663 45989 5050 7271.1 0 0
3.101e+05 0.62144 0.35159 0.6838 -0.88411 0.32387 0 395.83 -31.329 -0.37522 0.015657 45989 5052 7272.2 0 0
3.102e+05 0.62673 0.33747 0.66025 -1.1274 0.34665 0 377.96 -29.003 -0.37606 0.01566 45989 5051 7273.4 0 0
3.103e+05 0.60069 0.31669 0.74701 -1.1644 0.32079 0 383.86 -26.799 -0.37689 0.015657 45989 5052 7274.5 0 0
3.104e+05 0.6153 0.34515 0.69436 -1.0654 0.31866 0 406.17 -30.684 -0.37772 0.015663 45989 5050 7275.6 0 0
3.105e+05 0.56748 0.3496 0.63876 -1.2203 0.30146 0 397.75 -39.483 -0.37855 0.015666 45989 5049 7276.8 0 0
3.106e+05 0.66274 0.29374 0.7414 -1.0071 0.34547 0 398.64 -25.81 -0.37938 0.01566 45989 5051 7277.8 0 0
3.107e+05 0.62849 0.34339 0.64977 -0.67815 0.32172 0 404.59 -30.024 -0.38021 0.01566 45989 5051 7278.9 0 0
3.108e+05 0.62301 0.32537 0.66626 -1.1369 0.31272 0 381.99 -26.541 -0.38104 0.015654 45989 5053 7280 0 0
3.109e+05 0.6031 0.33888 0.66605 -0.96591 0.3258 0 390.01 -29.718 -0.38187 0.015651 45989 5054 7281.2 0 0
3.11e+05 0.63918 0.34023 0.64169 -1.0262 0.3347 0 399.86 -29.459 -0.38269 0.015654 45989 5053 7282.3 0 0
3.111e+05 0.56471 0.34617 0.66618 -1.0146 0.33186 0 400.01 -39.102 -0.38352 0.015645 45989 5056 7283.5 0 0
3.112e+05 0.58107 0.35822 0.70811 -0.88243 0.35794 0 388.91 -36.795 -0.38435 0.015635 45989 5059 7284.7 0 0
3.113e+05 0.62893 0.32914 0.71257 -1.0266 0.30953 0 371.75 -27.097 -0.38518 0.015629 45989 5061 7285.8 0 0
3.114e+05 0.62426 0.29615 0.65301 -0.84403 0.31416 0 393.64 -24.231 -0.386 0.015626 45989 5062 7286.9 0 0
3.115e+05 0.59538 0.34369 0.71714 -0.99042 0.31544 0 380.01 -32.022 -0.38683 0.015623 45989 5063 7288 0 0
3.116e+05 0.5911 0.351 0.6808 -1.2036 0.33305 0 380.6 -34.29 -0.38766 0.015617 45989 5065 7289.1 0 0
3.117e+05 0.63441 0.3444 0.70618 -1.0902 0.32901 0 396.02 -29.569 -0.38849 0.015611 45989 5067 7290.2 0 0
3.118e+05 0.59108 0.34344 0.63209 -1.174 0.34534 0 388.19 -32.499 -0.38931 0.01562 45989 5064 7291.4 0 0
3.119e+05 0.5822 0.33918 0.67047 -1.3761 0.31784 0 361.42 -33.035 -0.39014 0.015623 45989 5063 7292.6 0 0
3.12e+05 0.58766 0.34562 0.71439 -0.99356 0.32717 0 367.88 -33.454 -0.39096 0.01562 45989 5064 7293.8 0 0
3.121e+05 0.60823 0.31272 0.68204 -1.104 0.32293 0 377.18 -25.345 -0.39179 0.01562 45989 5064 7294.9 0 0
3.122e+05 0.6314 0.3215 0.69338 -0.93101 0.32826 0 374.95 -25.859 -0.39261 0.015614 45989 5066 7296 0 0
3.123e+05 0.61735 0.32837 0.68801 -1.1839 0.36084 0 384 -26.734 -0.39344 0.015614 45989 5066 7297 0 0
3.124e+05 0.67394 0.31648 0.74366 -1.1315 0.32128 0 390.17 -29.146 -0.39426 0.015614 45989 5066 7298.2 0 0
3.125e+05 0.68231 0.32008 0.63326 -1.0367 0.35045 0 405.77 -30.6 -0.39509 0.015604 45989 5069 7299.3 0 0
3.126e+05 0.629 0.3437 0.69179 -0.89896 0.33235 0 410.05 -29.276 -0.39591 0.015611 45989 5067 7300.4 0 0
3.127e+05 0.59317 0.33642 0.76256 -1.0964 0.30675 0 416.4 -30.143 -0.39674 0.015608 45989 5068 7301.5 0 0
3.128e+05 0.61816 0.31781 0.65643 -1.2488 0.33457 0 397.72 -25.383 -0.39756 0.015604 45989 5069 7302.6 0 0
3.129e+05 0.66437 0.29421 0.68329 -1.1707 0.33035 0 387.45 -25.838 -0.39838 0.015601 45989 5070 7303.6 0 0
3.13e+05 0.68122 0.31668 0.66696 -1.1865 0.33132 0 395.97 -29.763 -0.39921 0.015601 45989 5070 7304.7 0 0
3.131e+05 0.63026 0.32858 0.69284 -1.0526 0.32501 0 414.44 -26.506 -0.40003 0.015604 45989 5069 7305.8 0 0
3.132e+05 0.68384 0.30393 0.70918 -1.2716 0.31486 0 389.3 -27.749 -0.40085 0.015608 45989 5068 7306.9 0 0
3.133e+05 0.6809 0.27779 0.59706 -1.1019 0.33512 0 391.89 -26.045 -0.40168 0.015608 45989 5068 7307.9 0 0
3.134e+05 0.65521 0.29874 0.65131 -1.1761 0.33398 0 393.35 -25.41 -0.4025 0.015611 45989 5067 7308.9 0 0
3.135e+05 0.60238 0.33271 0.62144 -1.2662 0.32319 0 423.07 -27.938 -0.40332 0.015608 45989 5068 7310 0 0
3.136e+05 0.6316 0.29867 0.69573 -1.3501 0.33068 0 384.36 -24.06 -0.40414 0.015611 45989 5067 7311 0 0
3.137e+05 0.58363 0.29448 0.66665 -1.4586 0.35337 0 367.27 -27.859 -0.40496 0.015611 45989 5067 7312 0 0
3.138e+05 0.63823 0.27736 0.6922 -1.2795 0.31331 0 395.54 -24.531 -0.40579 0.015608 45989 5068 7313.1 0 0
3.139e+05 0.65874 0.33361 0.70463 -0.87184 0.32822 0 410.52 -29.223 -0.40661 0.015598 45989 5071 7314.1 0 0
3.14e+05 0.65644 0.33956 0.64451 -0.90872 0.35836 0 385.79 -29.615 -0.40743 0.015601 45989 5070 7315.3 0 0
3.141e+05 0.64223 0.33992 0.67599 -1.3308 0.33 0 392.18 -28.534 -0.40825 0.015598 45989 5071 7316.4 0 0
3.142e+05 0.62373 0.35305 0.69521 -1.2393 0.30794 0 396.86 -30.06 -0.40907 0.015592 45989 5073 7317.5 0 0
3.143e+05 0.61469 0.33946 0.70417 -1.3668 0.33526 0 405.67 -28.341 -0.40989 0.015586 45989 5075 7318.5 0 0
3.144e+05 0.62375 0.30851 0.68057 -1.0659 0.33413 0 385.61 -24.324 -0.41071 0.015583 45989 5076 7319.6 0 0
3.145e+05 0.66467 0.32137 0.61246 -1.0873 0.34254 0 371.33 -28.124 -0.41153 0.015583 45989 5076 7320.6 0 0
3.146e+05 0.59524 0.26279 0.69437 -1.2194 0.36845 0 373.89 -28.448 -0.41235 0.015583 45989 5076 7321.7 0 0
3.147e+05 0.6759 0.31947 0.65604 -1.0252 0.32414 0 375.7 -29.287 -0.41317 0.015583 45989 5076 7322.7 0 0
3.148e+05 0.64498 0.34957 0.68555 -1.0665 0.3457 0 364.06 -29.288 -0.41399 0.015583 45989 5076 7323.7 0 0
3.149e+05 0.6508 0.3174 0.68571 -1.2847 0.30376 0 385.82 -26.004 -0.4148 0.01558 45989 5077 7324.8 0 0
3.15e+05 0.67168 0.2912 0.72602 -1.1889 0.3486 0 363.82 -26.054 -0.41562 0.01558 45989 5077 7325.9 0 0
3.151e+05 0.66605 0.33716 0.67474 -1.0918 0.34383 0 390.26 -30.043 -0.41644 0.015583 45989 5076 7326.9 0 0
3.152e+05 0.60633 0.33628 0.66669 -1.1188 0.31182 0 385.78 -28.117 -0.41726 0.015586 45989 5075 7328 0 0
3.153e+05 0.56429 0.34774 0.67296 -1.1092 0.33697 0 385.52 -39.387 -0.41808 0.015595 45989 5072 7329.1 0 0
3.154e+05 0.63848 0.31922 0.69173 -0.98887 0.33363 0 379.95 -25.184 -0.41889 0.015595 45989 5072 7330.3 0 0
3.155e+05 0.60726 0.3264 0.67611 -1.0211 0.34279 0 408.47 -26.491 -0.41971 0.015589 45989 5074 7331.4 0 0
3.156e+05 0.61872 0.29899 0.71484 -1.078 0.32067 0 384.67 -23.882 -0.42052 0.015598 45989 5071 7332.4 0 0
3.157e+05 0.64302 0.32355 0.65031 -1.3562 0.32367 0 390.58 -25.694 -0.42134 0.015598 45989 5071 7333.5 0 0
3.158e+05 0.54848 0.3342 0.6752 -1.2506 0.33338 0 385.79 -41.037 -0.42216 0.015595 45989 5072 7334.6 0 0
3.159e+05 0.64002 0.31202 0.73714 -1.3975 0.32359 0 391.53 -24.453 -0.42297 0.015592 45989 5073 7335.6 0 0
3.16e+05 0.67274 0.30853 0.6868 -1.2227 0.33063 0 406.57 -27.146 -0.42379 0.015595 45989 5072 7336.6 0 0
3.161e+05 0.59268 0.29858 0.67097 -1.0022 0.32982 0 373.54 -26.322 -0.4246 0.015598 45989 5071 7337.6 0 0
3.162e+05 0.65096 0.26333 0.69957 -1.5277 0.33274 0 387.73 -25.993 -0.42542 0.015598 45989 5071 7338.7 0 0
3.163e+05 0.67786 0.29586 0.6105 -1.3366 0.30553 0 402.09 -26.581 -0.42623 0.015598 45989 5071 7339.7 0 0
3.164e+05 0.59487 0.31047 0.70427 -1.3816 0.3704 0 389.33 -26.3 -0.42705 0.015589 45989 5074 7340.7 0 0
3.165e+05 0.6768 0.33534 0.68152 -1.1584 0.32069 0 386.86 -30.895 -0.42786 0.015586 45989 5075 7341.8 0 0
3.166e+05 0.66307 0.29691 0.68175 -1.3428 0.34599 0 384.77 -25.199 -0.42868 0.015583 45989 5076 7342.8 0 0
3.167e+05 0.63804 0.28681 0.66941 -1.2833 0.31 0 397.52 -23.683 -0.42949 0.015589 45989 5074 7343.8 0 0
3.168e+05 0.63814 0.25314 0.64836 -1.4735 0.3253 0 419.71 -26.862 -0.4303 0.015589 45989 5074 7344.8 0 0
3.169e+05 0.66587 0.27702 0.70761 -1.3439 0.30814 0 404.85 -25.467 -0.43112 0.015589 45989 5074 7345.8 0 0
3.17e+05 0.61642 0.32875 0.68155 -1.4755 0.33184 0 399.14 -26.105 -0.43193 0.015589 45989 5074 7346.8 0 0
3.171e+05 0.60095 0.30714 0.69927 -1.3091 0.3009 0 382.69 -25.162 -0.43274 0.015589 45989 5074 7347.8 0 0
3.172e+05 0.67687 0.27945 0.66818 -1.3112 0.36114 0 412.05 -25.661 -0.43356 0.015592 45989 5073 7348.8 0 0
3.173e+05 0.61686 0.28841 0.71365 -1.3084 0.33282 0 393.51 -23.966 -0.43437 0.015592 45989 5073 7349.9 0 0
3.174e+05 0.66278 0.3267 0.64798 -1.3986 0.3358 0 409.84 -27.922 -0.43518 0.015595 45989 5072 7351 0 0
3.175e+05 0.65155 0.2936 0.68138 -1.0718 0.35168 0 438.54 -23.877 -0.43599 0.015589 45989 5074 7352 0 0
3.176e+05 0.68024 0.32836 0.64648 -1.0842 0.33855 0 412.24 -30.566 -0.4368 0.015592 45989 5073 7353 0 0
3.177e+05 0.62754 0.31035 0.63535 -1.338 0.31091 0 404.97 -23.765 -0.43761 0.015589 45989 5074 7354 0 0
3.178e+05 0.62311 0.28999 0.69016 -1.285 0.31537 0 399.22 -23.559 -0.43843 0.015583 45989 5076 7355 0 0
3.179e+05 0.60401 0.31232 0.74486 -1.1573 0.32708 0 414.63 -25.001 -0.43924 0.015583 45989 5076 7356.1 0 0
3.18e+05 0.62113 0.27669 0.70322 -1.3002 0.33093 0 383.74 -24.362 -0.44005 0.01558 45989 5077 7357.1 0 0
3.181e+05 0.58064 0.30627 0.66877 -1.2885 0.31106 0 392.75 -28.179 -0.44086 0.015592 45989 5073 7358.1 0 0
3.182e+05 0.58761 0.30511 0.70112 -1.2317 0.34606 0 391.48 -27.032 -0.44167 0.015589 45989 5074 7359.1 0 0
3.183e+05 0.60777 0.29381 0.70994 -1.3271 0.31461 0 384.33 -24.109 -0.44248 0.015592 45989 5073 7360.2 0 0
3.184e+05 0.63232 0.30832 0.70061 -1.421 0.34964 0 386.59 -23.445 -0.44329 0.015592 45989 5073 7361.2 0 0
3.185e+05 0.58479 0.30822 0.70824 -1.3285 0.33394 0 391.2 -27.612 -0.4441 0.015592 45989 5073 7362.3 0 0
3.186e+05 0.58627 0.33843 0.7101 -1.4325 0.3377 0 392.88 -31.439 -0.44491 0.015592 45989 5073 7363.4 0 0
3.187e+05 0.60625 0.30048 0.68866 -1.1653 0.35107 0 394.34 -24.089 -0.44571 0.015598 45989 5071 7364.4 0 0
3.188e+05 0.64459 0.28803 0.66979 -1.1645 0.35358 0 403.2 -23.336 -0.44652 0.015595 45989 5072 7365.4 0 0
3.189e+05 0.63323 0.30987 0.69096 -1.2449 0.35563 0 401.04 -23.42 -0.44733 0.015595 45989 5072 7366.4 0 0
3.19e+05 0.60535 0.3528 0.71062 -1.4059 0.32813 0 400.47 -31.57 -0.44814 0.015592 45989 5073 7367.5 0 0
3.191e+05 0.57481 0.3139 0.72445 -1.3548 0.32371 0 395.64 -29.778 -0.44895 0.015583 45989 5076 7368.6 0 0
3.192e+05 0.63005 0.33234 0.67734 -1.4533 0.3151 0 388.49 -26.154 -0.44976 0.01558 45989 5077 7369.7 0 0
3.193e+05 0.55183 0.34044 0.67962 -1.1816 0.34806 0 368.07 -41.293 -0.45056 0.015571 45989 5080 7370.8 0 0
3.194e+05 0.5925 0.31013 0.71662 -1.1565 0.31528 0 377.08 -26.265 -0.45137 0.015565 45989 5082 7371.9 0 0
3.195e+05 0.58362 0.29816 0.68286 -1.0167 0.33821 0 373.04 -27.408 -0.45218 0.015562 45989 5083 7373.1 0 0
3.196e+05 0.62374 0.30198 0.67114 -0.89715 0.33061 0 405.41 -23.043 -0.45298 0.015565 45989 5082 7374.1 0 0
3.197e+05 0.60065 0.291 0.68163 -1.1184 0.35418 0 413.41 -24.654 -0.45379 0.015565 45989 5082 7375.2 0 0
3.198e+05 0.55018 0.28204 0.7716 -1.2162 0.33863 0 404.27 -34.427 -0.4546 0.015565 45989 5082 7376.4 0 0
3.199e+05 0.55234 0.31038 0.73587 -1.166 0.329 0 377.71 -34.893 -0.4554 0.015565 45989 5082 7377.5 0 0
3.2e+05 0.53888 0.2895 0.71233 -1.0631 0.33907 0 394.35 -37.543 -0.45621 0.015565 45989 5082 7378.8 0 0
3.201e+05 0.56791 0.28403 0.72607 -1.0093 0.32485 0 387.22 -30.007 -0.45701 0.015565 45989 5082 7380 0 0
3.202e+05 0.57885 0.28416 0.71626 -1.0651 0.3161 0 371.5 -28.159 -0.45782 0.015565 45989 5082 7381.1 0 0
3.203e+05 0.56381 0.30983 0.72833 -0.90601 0.3071 0 397.75 -31.52 -0.45862 0.015568 45989 5081 7382.2 0 0
3.204e+05 0.62794 0.29176 0.67751 -1.2566 0.31499 0 403.4 -23.085 -0.45943 0.015574 45989 5079 7383.3 0 0
3.205e+05 0.59773 0.29715 0.70474 -1.2508 0.30493 0 388.76 -24.766 -0.46023 0.01558 45989 5077 7384.4 0 0
3.206e+05 0.61302 0.24154 0.72393 -1.1316 0.30645 0 395.47 -29.181 -0.46103 0.01558 45989 5077 7385.5 0 0
3.207e+05 0.57651 0.24852 0.70453 -1.2994 0.32882 0 391.53 -32.225 -0.46184 0.015577 45989 5078 7386.6 0 0
3.208e+05 0.56954 0.24288 0.71775 -1.0035 0.31391 0 401.98 -34.602 -0.46264 0.015571 45989 5080 7387.8 0 0
3.209e+05 0.62263 0.25339 0.67083 -1.1493 0.32426 0 369.25 -26.981 -0.46345 0.015565 45989 5082 7388.9 0 0
3.21e+05 0.60561 0.28265 0.7088 -1.2069 0.32762 0 389.02 -24.642 -0.46425 0.015565 45989 5082 7390 0 0
3.211e+05 0.6365 0.2854 0.6387 -0.99938 0.31924 0 388.02 -23.246 -0.46505 0.015565 45989 5082 7391 0 0
3.212e+05 0.65384 0.2216 0.68222 -1.3373 0.33562 0 381.99 -32.307 -0.46585 0.015558 45989 5084 7392.1 0 0
3.213e+05 0.61689 0.24136 0.71764 -1.1671 0.28961 0 402.49 -28.715 -0.46666 0.015552 45989 5086 7393.2 0 0
3.214e+05 0.56827 0.25425 0.72056 -1.3766 0.31737 0 410.02 -32.521 -0.46746 0.015562 45989 5083 7394.4 0 0
3.215e+05 0.64419 0.23547 0.67465 -1.5196 0.31673 0 393.88 -29.461 -0.46826 0.015571 45989 5080 7395.6 0 0
3.216e+05 0.65082 0.26286 0.71057 -1.2762 0.33409 0 382.41 -25.57 -0.46906 0.015571 45989 5080 7396.6 0 0
3.217e+05 0.66787 0.26903 0.661 -1.2008 0.31492 0 377.45 -25.793 -0.46986 0.015568 45989 5081 7397.7 0 0
3.218e+05 0.59334 0.23679 0.69576 -1.2116 0.32717 0 383.02 -31.239 -0.47066 0.015565 45989 5082 7398.7 0 0
3.219e+05 0.59824 0.27743 0.67558 -1.3543 0.30582 0 394.1 -25.692 -0.47147 0.015565 45989 5082 7399.8 0 0
3.22e+05 0.61164 0.2829 0.73254 -1.0867 0.3277 0 373.55 -24.116 -0.47227 0.015562 45989 5083 7400.8 0 0
3.221e+05 0.58559 0.25288 0.66174 -1.2138 0.3054 0 381.22 -29.911 -0.47307 0.015555 45989 5085 7401.8 0 0
3.222e+05 0.60778 0.25709 0.70475 -1.5941 0.34181 0 397.66 -26.932 -0.47387 0.01554 45989 5090 7402.9 0 0
3.223e+05 0.60415 0.28172 0.70277 -1.3616 0.31729 0 372.8 -24.649 -0.47467 0.015531 45989 5093 7403.9 0 0
3.224e+05 0.62168 0.26433 0.64422 -1.1526 0.32951 0 352.57 -25.034 -0.47547 0.015528 45989 5094 7405 0 0
3.225e+05 0.62421 0.27752 0.64021 -1.3831 0.34103 0 354.22 -23.648 -0.47626 0.015522 45989 5096 7406 0 0
3.226e+05 0.61798 0.26151 0.66306 -1.361 0.35057 0 370.96 -25.43 -0.47706 0.015528 45989 5094 7407.1 0 0
3.227e+05 0.65556 0.29337 0.63228 -1.1473 0.32297 0 373.95 -23.8 -0.47786 0.015525 45989 5095 7408.1 0 0
3.228e+05 0.68476 0.26545 0.62242 -1.162 0.33564 0 386.97 -26.725 -0.47866 0.015522 45989 5096 7409.1 0 0
3.229e+05 0.605 0.28765 0.72113 -1.4176 0.32117 0 383.84 -24.002 -0.47946 0.015525 45989 5095 7410.1 0 0
3.23e+05 0.65236 0.30563 0.67601 -1.2208 0.33631 0 357.02 -23.892 -0.48026 0.015525 45989 5095 7411.1 0 0
3.231e+05 0.63178 0.29664 0.62792 -1.2595 0.32498 0 372.45 -22.531 -0.48106 0.015522 45989 5096 7412.1 0 0
3.232e+05 0.60139 0.26997 0.64707 -1.3304 0.33028 0 384.91 -25.721 -0.48185 0.015516 45989 5098 7413.1 0 0
3.233e+05 0.58003 0.24971 0.63349 -1.2449 0.33185 0 390.67 -30.808 -0.48265 0.015519 45989 5097 7414.1 0 0
3.234e+05 0.62348 0.25315 0.60773 -1.5171 0.31711 0 382.7 -26.428 -0.48345 0.015519 45989 5097 7415.2 0 0
3.235e+05 0.59473 0.30739 0.69299 -1.2716 0.34356 0 375.29 -25.366 -0.48424 0.015516 45989 5098 7416.2 0 0
3.236e+05 0.60032 0.29041 0.66797 -1.0822 0.32513 0 378.29 -24.038 -0.48504 0.015494 45989 5105 7417.3 0 0
3.237e+05 0.65895 0.29528 0.66232 -1.2068 0.33119 0 381.74 -24 -0.48584 0.015494 45989 5105 7418.3 0 0
3.238e+05 0.58152 0.25725 0.66809 -1.1399 0.30437 0 370.42 -29.573 -0.48663 0.015488 45989 5107 7419.3 0 0
3.239e+05 0.63145 0.28879 0.63811 -0.97191 0.32122 0 392.03 -22.502 -0.48743 0.015482 45989 5109 7420.3 0 0
3.24e+05 0.59 0.28842 0.65166 -1.3604 0.31922 0 376.41 -25.506 -0.48823 0.015482 45989 5109 7421.3 0 0
3.241e+05 0.64286 0.29187 0.6325 -1.1623 0.32098 0 376.7 -22.737 -0.48902 0.015485 45989 5108 7422.3 0 0
3.242e+05 0.62694 0.31117 0.58704 -1.2008 0.32313 0 364.17 -23.289 -0.48982 0.015479 45989 5110 7423.3 0 0
3.243e+05 0.57488 0.25439 0.66802 -1.2725 0.32057 0 373.54 -30.948 -0.49061 0.015479 45989 5110 7424.4 0 0
3.244e+05 0.59086 0.28606 0.67811 -1.3961 0.32965 0 375.61 -25.44 -0.4914 0.015482 45989 5109 7425.6 0 0
3.245e+05 0.56567 0.26337 0.66984 -1.3301 0.35497 0 356.97 -31.428 -0.4922 0.015482 45989 5109 7426.7 0 0
3.246e+05 0.61356 0.26152 0.63337 -1.2 0.33337 0 366.55 -25.362 -0.49299 0.015482 45989 5109 7427.7 0 0
3.247e+05 0.58523 0.27775 0.66312 -1.2071 0.34534 0 358.87 -26.595 -0.49379 0.015479 45989 5110 7428.8 0 0
3.248e+05 0.57538 0.24369 0.68899 -1.092 0.3229 0 377.63 -32.188 -0.49458 0.015473 45989 5112 7429.9 0 0
3.249e+05 0.54514 0.26078 0.70215 -1.2232 0.32171 0 354.8 -36.455 -0.49538 0.015476 45989 5111 7431 0 0
3.25e+05 0.58123 0.26593 0.65565 -1.2448 0.32226 0 346.07 -28.226 -0.49617 0.015464 45989 5115 7432.3 0 0
3.251e+05 0.57328 0.2804 0.69721 -1.198 0.33873 0 335.98 -28.261 -0.49696 0.015464 45989 5115 7433.4 0 0
3.252e+05 0.6078 0.25537 0.70494 -1.5491 0.32663 0 339.23 -26.289 -0.49775 0.015464 45989 5115 7434.5 0 0
3.253e+05 0.57135 0.29365 0.73819 -1.0202 0.32222 0 358.88 -28.543 -0.49855 0.015461 45989 5116 7435.6 0 0
3.254e+05 0.60131 0.28187 0.68053 -0.98717 0.30959 0 355.5 -24.129 -0.49934 0.015461 45989 5116 7436.7 0 0
3.255e+05 0.65634 0.31625 0.65519 -1.166 0.32914 0 362.18 -25.177 -0.50013 0.015461 45989 5116 7437.7 0 0
3.256e+05 0.67092 0.30458 0.68575 -1.0476 0.32368 0 376.63 -25.889 -0.50092 0.015461 45989 5116 7438.7 0 0
3.257e+05 0.63621 0.31724 0.70147 -1.149 0.30168 0 355.8 -23.81 -0.50171 0.015461 45989 5116 7439.7 0 0
3.258e+05 0.65023 0.27335 0.7035 -1.3187 0.30385 0 371.85 -23.522 -0.5025 0.015461 45989 5116 7440.7 0 0
3.259e+05 0.57022 0.26841 0.67614 -1.3518 0.31067 0 359.35 -29.746 -0.5033 0.015458 45989 5117 7441.7 0 0
3.26e+05 0.6416 0.29314 0.63833 -1.3047 0.32221 0 362.82 -22.375 -0.50409 0.015461 45989 5116 7442.8 0 0
3.261e+05 0.6063 0.30534 0.71495 -1.3403 0.32905 0 349.35 -23.262 -0.50488 0.015458 45989 5117 7443.8 0 0
3.262e+05 0.58204 0.33829 0.67091 -1.1533 0.34709 0 356.57 -31.939 -0.50567 0.015467 45989 5114 7444.9 0 0
3.263e+05 0.58621 0.33608 0.68892 -1.0951 0.32599 0 352.58 -30.555 -0.50646 0.015473 45989 5112 7446 0 0
3.264e+05 0.63579 0.27778 0.62433 -1.1513 0.31774 0 372.83 -22.663 -0.50725 0.015458 45989 5117 7447 0 0
3.265e+05 0.69502 0.24884 0.6776 -1.1117 0.32621 0 364.6 -29.431 -0.50804 0.015455 45989 5118 7448.1 0 0
3.266e+05 0.64952 0.24822 0.65205 -1.3254 0.32698 0 377.32 -26.374 -0.50882 0.015455 45989 5118 7449.1 0 0
3.267e+05 0.66285 0.29453 0.66949 -1.4356 0.32012 0 376.9 -23.968 -0.50961 0.015458 45989 5117 7450.1 0 0
3.268e+05 0.67514 0.29439 0.74308 -1.1735 0.34254 0 372.16 -25.315 -0.5104 0.015458 45989 5117 7451.1 0 0
3.269e+05 0.68232 0.27919 0.71411 -1.4694 0.34114 0 356.49 -25.216 -0.51119 0.015458 45989 5117 7452.2 0 0
3.27e+05 0.67268 0.3201 0.68402 -1.2747 0.32567 0 371.6 -27.57 -0.51198 0.015458 45989 5117 7453.2 0 0
3.271e+05 0.64229 0.2864 0.68453 -1.3939 0.3394 0 388.34 -22.33 -0.51277 0.015458 45989 5117 7454.2 0 0
3.272e+05 0.64559 0.30302 0.66992 -1.3474 0.34619 0 360.87 -22.649 -0.51356 0.015455 45989 5118 7455.3 0 0
3.273e+05 0.65446 0.29593 0.65391 -1.0721 0.31983 0 364.59 -22.967 -0.51434 0.015452 45989 5119 7456.3 0 0
3.274e+05 0.68024 0.27506 0.68262 -1.249 0.32424 0 364.56 -25.081 -0.51513 0.015455 45989 5118 7457.3 0 0
3.275e+05 0.64611 0.25287 0.70517 -1.3355 0.31798 0 337.75 -25.485 -0.51592 0.015455 45989 5118 7458.3 0 0
3.276e+05 0.6186 0.30245 0.68994 -1.2396 0.31229 0 362.74 -22.446 -0.5167 0.015452 45989 5119 7459.3 0 0
3.277e+05 0.66109 0.28322 0.64228 -1.0207 0.35445 0 394.18 -23.354 -0.51749 0.015455 45989 5118 7460.3 0 0
3.278e+05 0.66062 0.28464 0.74379 -1.1989 0.35502 0 366.66 -23.236 -0.51828 0.015458 45989 5117 7461.3 0 0
3.279e+05 0.63663 0.30316 0.74318 -1.0794 0.30801 0 364.97 -22.079 -0.51906 0.015461 45989 5116 7462.4 0 0
3.28e+05 0.7002 0.33209 0.73943 -1.3101 0.31472 0 358.1 -31.491 -0.51985 0.015464 45989 5115 7463.5 0 0
3.281e+05 0.66171 0.30831 0.6769 -1.1659 0.33177 0 382.95 -24.459 -0.52064 0.015461 45989 5116 7464.5 0 0
3.282e+05 0.686 0.34185 0.73611 -1.1849 0.30797 0 374.8 -30.12 -0.52142 0.015461 45989 5116 7465.5 0 0
3.283e+05 0.67873 0.30896 0.66028 -1.0612 0.30621 0 364.61 -26.296 -0.52221 0.015461 45989 5116 7466.6 0 0
3.284e+05 0.67653 0.28268 0.68697 -1.2299 0.33073 0 375.27 -24.511 -0.52299 0.015464 45989 5115 7467.6 0 0
3.285e+05 0.65743 0.3088 0.74951 -1.2668 0.3258 0 353.22 -23.832 -0.52378 0.015467 45989 5114 7468.7 0 0
3.286e+05 0.65083 0.26469 0.72762 -1.3781 0.33573 0 380.38 -23.678 -0.52456 0.015458 45989 5117 7469.7 0 0
3.287e+05 0.69372 0.30291 0.65475 -1.2208 0.32831 0 381.57 -26.917 -0.52534 0.015455 45989 5118 7470.7 0 0
3.288e+05 0.62903 0.27606 0.68268 -1.283 0.32983 0 387.28 -22.311 -0.52613 0.015449 45989 5120 7471.7 0 0
3.289e+05 0.65466 0.29253 0.71768 -1.3035 0.33524 0 375.83 -22.32 -0.52691 0.015446 45989 5121 7472.8 0 0
3.29e+05 0.7251 0.31934 0.70884 -1.2558 0.33576 0 380.61 -28.911 -0.5277 0.015449 45989 5120 7473.8 0 0
3.291e+05 0.66163 0.30931 0.66126 -1.3003 0.34346 0 405.89 -24.05 -0.52848 0.015443 45989 5122 7474.8 0 0
3.292e+05 0.62395 0.2343 0.71704 -1.2449 0.33623 0 390.14 -28.674 -0.52926 0.015443 45989 5122 7475.9 0 0
3.293e+05 0.64791 0.25823 0.75075 -1.3077 0.31444 0 390.66 -24.086 -0.53004 0.015446 45989 5121 7476.9 0 0
3.294e+05 0.66545 0.28486 0.64592 -1.3307 0.32483 0 394.07 -23.098 -0.53083 0.01544 45989 5123 7477.9 0 0
3.295e+05 0.68831 0.27717 0.65843 -1.5191 0.34773 0 385.99 -25.08 -0.53161 0.015431 45989 5126 7478.9 0 0
3.296e+05 0.66871 0.27998 0.71307 -1.5305 0.35284 0 400.39 -23.185 -0.53239 0.015431 45989 5126 7480 0 0
3.297e+05 0.6521 0.26252 0.70839 -1.3337 0.30727 0 385.45 -23.472 -0.53317 0.015431 45989 5126 7481 0 0
3.298e+05 0.70795 0.29363 0.66054 -1.441 0.3433 0 405.18 -25.686 -0.53395 0.015428 45989 5127 7482 0 0
3.299e+05 0.67473 0.2812 0.66749 -1.0476 0.31746 0 368.16 -23.61 -0.53474 0.015431 45989 5126 7483 0 0
3.3e+05 0.6741 0.24067 0.68319 -1.1115 0.34859 0 396.16 -28.326 -0.53552 0.015428 45989 5127 7484 0 0
3.301e+05 0.65285 0.30377 0.73085 -1.0991 0.32301 0 385.12 -22.491 -0.5363 0.015425 45989 5128 7485 0 0
3.302e+05 0.64489 0.33626 0.72704 -1.3937 0.31504 0 390.62 -26.956 -0.53708 0.015425 45989 5128 7486.1 0 0
3.303e+05 0.64849 0.26927 0.66143 -1.0696 0.32054 0 392.3 -22.468 -0.53786 0.015422 45989 5129 7487.2 0 0
3.304e+05 0.71056 0.31208 0.72174 -1.3092 0.30928 0 369.55 -28.478 -0.53864 0.015422 45989 5129 7488.2 0 0
3.305e+05 0.68414 0.28453 0.63956 -1.3997 0.3143 0 395.16 -24.269 -0.53942 0.015425 45989 5128 7489.3 0 0
3.306e+05 0.67495 0.25816 0.67306 -1.1153 0.32405 0 388.82 -25.245 -0.5402 0.015428 45989 5127 7490.3 0 0
3.307e+05 0.69685 0.26707 0.60495 -1.1859 0.33673 0 407.53 -25.885 -0.54098 0.015419 45989 5130 7491.3 0 0
3.308e+05 0.67479 0.28277 0.68931 -1.0396 0.34062 0 359.52 -23.278 -0.54176 0.015419 45989 5130 7492.4 0 0
3.309e+05 0.65516 0.22436 0.68484 -1.1949 0.32072 0 389.52 -30.546 -0.54254 0.01541 45989 5133 7493.4 0 0
3.31e+05 0.60802 0.27901 0.68181 -1.1935 0.33635 0 399.09 -23.212 -0.54332 0.015401 45989 5136 7494.4 0 0
3.311e+05 0.6831 0.27978 0.63226 -1.2175 0.33416 0 397.77 -23.797 -0.54409 0.015398 45989 5137 7495.4 0 0
3.312e+05 0.66859 0.30363 0.66634 -1.5629 0.32937 0 388.34 -23.713 -0.54487 0.015398 45989 5137 7496.5 0 0
3.313e+05 0.6658 0.29085 0.69375 -1.1154 0.33745 0 399.74 -22.6 -0.54565 0.015392 45989 5139 7497.6 0 0
3.314e+05 0.68125 0.27032 0.65111 -1.1149 0.3271 0 377.99 -23.958 -0.54643 0.015389 45989 5140 7498.6 0 0
3.315e+05 0.65868 0.33691 0.70386 -1.1285 0.30649 0 375.54 -28.089 -0.54721 0.015398 45989 5137 7499.7 0 0
3.316e+05 0.6858 0.32692 0.72102 -1.0682 0.33215 0 386.51 -29.648 -0.54798 0.015383 45989 5142 7500.8 0 0
3.317e+05 0.6987 0.32195 0.68732 -0.97481 0.32706 0 396.16 -30 -0.54876 0.015386 45989 5141 7501.8 0 0
3.318e+05 0.69007 0.26564 0.68441 -1.3482 0.35691 0 376.08 -25.418 -0.54954 0.015389 45989 5140 7502.9 0 0
3.319e+05 0.67982 0.35259 0.66887 -1.1714 0.31386 0 396.36 -27.11 -0.55031 0.015386 45989 5141 7503.9 0 0
3.32e+05 0.68821 0.3181 0.66777 -1.4504 0.31357 0 403.2 -27.911 -0.55109 0.015383 45989 5142 7505 0 0
3.321e+05 0.69528 0.32721 0.69788 -1.3547 0.31454 0 398.09 -30.404 -0.55187 0.015386 45989 5141 7506.1 0 0
3.322e+05 0.65909 0.3418 0.69688 -1.2261 0.321 0 376.76 -28.742 -0.55264 0.015386 45989 5141 7507.2 0 0
3.323e+05 0.69265 0.32455 0.63635 -1.1753 0.3335 0 386.47 -29.572 -0.55342 0.015386 45989 5141 7508.2 0 0
3.324e+05 0.6869 0.29808 0.68055 -1.1888 0.33744 0 401.61 -24.902 -0.55419 0.015383 45989 5142 7509.3 0 0
3.325e+05 0.68302 0.27233 0.64562 -1.2204 0.31521 0 379.11 -23.856 -0.55497 0.015386 45989 5141 7510.3 0 0
3.326e+05 0.72807 0.3115 0.66361 -1.499 0.31979 0 383.88 -27.416 -0.55575 0.01538 45989 5143 7511.3 0 0
3.327e+05 0.68915 0.33673 0.68971 -0.99804 0.31882 0 385.28 -30.394 -0.55652 0.015377 45989 5144 7512.5 0 0
3.328e+05 0.69963 0.33232 0.66698 -1.0829 0.32295 0 404.85 -30.466 -0.55729 0.01538 45989 5143 7513.6 0 0
3.329e+05 0.67893 0.31153 0.63736 -1.1501 0.343 0 397.55 -24.887 -0.55807 0.01538 45989 5143 7514.7 0 0
3.33e+05 0.71536 0.31468 0.66617 -1.2877 0.30355 0 391.77 -28.4 -0.55884 0.015374 45989 5145 7515.8 0 0
3.331e+05 0.68048 0.33077 0.70418 -1.0145 0.31802 0 369.17 -28.712 -0.55962 0.015365 45989 5148 7516.9 0 0
3.332e+05 0.66565 0.34171 0.6552 -1.0674 0.31789 0 361.15 -28.884 -0.56039 0.015356 45989 5151 7518 0 0
3.333e+05 0.71692 0.33995 0.64164 -1.1351 0.33183 0 364.81 -29.457 -0.56116 0.015356 45989 5151 7519.1 0 0
3.334e+05 0.6257 0.35109 0.66681 -1.2735 0.34761 0 377.39 -29.43 -0.56194 0.015356 45989 5151 7520.2 0 0
3.335e+05 0.68354 0.32351 0.65591 -1.5738 0.31372 0 379.8 -27.386 -0.56271 0.015356 45989 5151 7521.3 0 0
3.336e+05 0.65541 0.33763 0.71746 -1.2927 0.34342 0 426 -27.419 -0.56348 0.015353 45989 5152 7522.4 0 0
3.337e+05 0.65581 0.30529 0.65182 -1.0962 0.35057 0 407.73 -22.464 -0.56425 0.015359 45989 5150 7523.5 0 0
3.338e+05 0.6962 0.30564 0.63811 -1.1954 0.31804 0 413.2 -26.206 -0.56503 0.015365 45989 5148 7524.5 0 0
3.339e+05 0.6739 0.32022 0.6451 -0.93559 0.29572 0 399.11 -25.622 -0.5658 0.015365 45989 5148 7525.6 0 0
3.34e+05 0.66962 0.33408 0.69302 -1.0382 0.34349 0 393.99 -27.839 -0.56657 0.015362 45989 5149 7526.7 0 0
3.341e+05 0.66847 0.32708 0.66203 -1.2475 0.33418 0 395.17 -26.364 -0.56734 0.015371 45989 5146 7527.8 0 0
3.342e+05 0.68059 0.30283 0.64703 -1.1171 0.32266 0 395.93 -24.071 -0.56811 0.015374 45989 5145 7528.8 0 0
3.343e+05 0.66268 0.30336 0.68796 -1.0765 0.31388 0 412.87 -22.776 -0.56888 0.015374 45989 5145 7529.9 0 0
3.344e+05 0.71605 0.34659 0.67458 -1.1702 0.32852 0 391.27 -27.596 -0.56966 0.015368 45989 5147 7530.9 0 0
3.345e+05 0.65938 0.3139 0.63563 -1.1273 0.33539 0 383.86 -23.492 -0.57043 0.015362 45989 5149 7532 0 0
3.346e+05 0.68845 0.31075 0.6524 -1.036 0.3522 0 394.1 -25.637 -0.5712 0.015365 45989 5148 7533 0 0
3.347e+05 0.65333 0.31496 0.67152 -1.1965 0.30746 0 382.77 -22.945 -0.57197 0.015362 45989 5149 7534.1 0 0
3.348e+05 0.65312 0.30598 0.69578 -0.84946 0.34111 0 409.99 -22.105 -0.57274 0.015353 45989 5152 7535 0 0
3.349e+05 0.63555 0.27808 0.66171 -1.3122 0.34053 0 387.39 -21.099 -0.57351 0.01535 45989 5153 7536.1 0 0
3.35e+05 0.63774 0.31467 0.69061 -1.2508 0.30689 0 409.87 -22.615 -0.57428 0.015353 45989 5152 7537.1 0 0
3.351e+05 0.61477 0.31037 0.68869 -1.3828 0.31387 0 391.38 -22.846 -0.57505 0.01535 45989 5153 7538.1 0 0
3.352e+05 0.66904 0.25572 0.6808 -0.93021 0.33222 0 404.02 -24.2 -0.57581 0.015353 45989 5152 7539 0 0
3.353e+05 0.65339 0.26789 0.67336 -1.1364 0.30269 0 387.57 -22.094 -0.57658 0.01535 45989 5153 7540.1 0 0
3.354e+05 0.58393 0.3242 0.68607 -1.2417 0.3433 0 375.39 -28.593 -0.57735 0.01535 45989 5153 7541.1 0 0
3.355e+05 0.66517 0.31917 0.64279 -1.5792 0.30286 0 360.4 -24.151 -0.57812 0.015356 45989 5151 7542 0 0
3.356e+05 0.59335 0.25727 0.6957 -1.4803 0.34512 0 384.72 -26.893 -0.57889 0.015356 45989 5151 7543 0 0
3.357e+05 0.65592 0.24832 0.65334 -0.92314 0.3391 0 375.07 -24.524 -0.57966 0.01535 45989 5153 7544.1 0 0
3.358e+05 0.648 0.24011 0.63434 -1.2584 0.30953 0 392.96 -26.174 -0.58042 0.015353 45989 5152 7545.2 0 0
3.359e+05 0.66426 0.23974 0.6719 -1.0732 0.30528 0 395.22 -26.797 -0.58119 0.015353 45989 5152 7546.2 0 0
3.36e+05 0.61836 0.3168 0.68862 -1.6113 0.29808 0 393.36 -23.231 -0.58196 0.01535 45989 5153 7547.2 0 0
3.361e+05 0.65894 0.2483 0.60685 -1.1224 0.3332 0 385.06 -24.49 -0.58273 0.01535 45989 5153 7548.2 0 0
3.362e+05 0.65099 0.30484 0.64642 -1.0241 0.32571 0 382.49 -21.618 -0.58349 0.01535 45989 5153 7549.2 0 0
3.363e+05 0.6395 0.31212 0.63843 -1.192 0.30955 0 396.15 -22.131 -0.58426 0.015356 45989 5151 7550.2 0 0
3.364e+05 0.71634 0.30983 0.701 -0.96738 0.35271 0 394.75 -27.314 -0.58502 0.015353 45989 5152 7551.3 0 0
3.365e+05 0.62002 0.34846 0.65333 -1.125 0.31084 0 403.66 -29.057 -0.58579 0.01535 45989 5153 7552.3 0 0
3.366e+05 0.67788 0.34052 0.64626 -1.0773 0.33255 0 402.91 -28.225 -0.58656 0.01535 45989 5153 7553.4 0 0
3.367e+05 0.68225 0.33946 0.64791 -1.123 0.33293 0 375.25 -28.422 -0.58732 0.01535 45989 5153 7554.5 0 0
3.368e+05 0.64709 0.33383 0.68147 -0.93695 0.34798 0 392.41 -25.792 -0.58809 0.015353 45989 5152 7555.6 0 0
3.369e+05 0.71067 0.33692 0.61998 -0.99625 0.32566 0 386.97 -29.695 -0.58885 0.015356 45989 5151 7556.7 0 0
3.37e+05 0.63279 0.35642 0.67602 -1.2143 0.3287 0 371.23 -28.949 -0.58962 0.01535 45989 5153 7557.7 0 0
3.371e+05 0.69683 0.3311 0.64409 -1.4468 0.34147 0 396.98 -28.806 -0.59038 0.015353 45989 5152 7558.9 0 0
3.372e+05 0.65284 0.27549 0.62547 -1.1419 0.32329 0 400.21 -21.206 -0.59115 0.015353 45989 5152 7559.9 0 0
3.373e+05 0.67836 0.32731 0.65432 -1.3186 0.31647 0 421.28 -26.268 -0.59191 0.015362 45989 5149 7561 0 0
3.374e+05 0.68896 0.33972 0.63546 -1.3304 0.32743 0 400.79 -28.58 -0.59267 0.015356 45989 5151 7562.1 0 0
3.375e+05 0.66286 0.35547 0.61229 -0.83508 0.31921 0 388.88 -26.574 -0.59344 0.015353 45989 5152 7563.2 0 0
3.376e+05 0.65288 0.33124 0.62439 -1.1901 0.32587 0 390.65 -24.918 -0.5942 0.015347 45989 5154 7564.3 0 0
3.377e+05 0.70605 0.33903 0.57818 -1.2162 0.33433 0 409.83 -29.097 -0.59496 0.01535 45989 5153 7565.3 0 0
3.378e+05 0.67287 0.33438 0.60795 -0.99094 0.3179 0 378.89 -26.8 -0.59573 0.015347 45989 5154 7566.3 0 0
3.379e+05 0.66055 0.31172 0.6419 -0.7816 0.35619 0 374.95 -22.627 -0.59649 0.01535 45989 5153 7567.4 0 0
3.38e+05 0.66441 0.32597 0.67379 -0.93208 0.33685 0 403.12 -24.665 -0.59725 0.01535 45989 5153 7568.4 0 0
3.381e+05 0.62274 0.35509 0.69389 -1.0008 0.33078 0 391.49 -29.488 -0.59802 0.015344 45989 5155 7569.5 0 0
3.382e+05 0.64265 0.35406 0.66818 -1.1702 0.32584 0 408.45 -27.939 -0.59878 0.015344 45989 5155 7570.5 0 0
3.383e+05 0.64498 0.33267 0.69282 -0.87295 0.32676 0 387.04 -24.989 -0.59954 0.015347 45989 5154 7571.6 0 0
3.384e+05 0.6252 0.35898 0.67601 -1.0119 0.35593 0 403.1 -28.9 -0.6003 0.015353 45989 5152 7572.7 0 0
3.385e+05 0.63687 0.35853 0.69749 -1.2382 0.3482 0 398.27 -27.986 -0.60106 0.015353 45989 5152 7573.8 0 0
3.386e+05 0.65659 0.35681 0.6688 -0.88236 0.33937 0 384.65 -26.732 -0.60183 0.015359 45989 5150 7574.9 0 0
3.387e+05 0.63303 0.35367 0.63332 -0.99667 0.36215 0 386.17 -28.306 -0.60259 0.015359 45989 5150 7575.9 0 0
3.388e+05 0.65243 0.34757 0.65646 -1.084 0.35234 0 388.81 -26.977 -0.60335 0.015356 45989 5151 7577 0 0
3.389e+05 0.6457 0.3126 0.67039 -0.94354 0.32096 0 386.71 -21.972 -0.60411 0.015353 45989 5152 7578.1 0 0
3.39e+05 0.70773 0.34135 0.6689 -1.0292 0.3531 0 372.94 -28.794 -0.60487 0.015353 45989 5152 7579.1 0 0
3.391e+05 0.71288 0.3214 0.59331 -1.1664 0.31346 0 396.15 -28.598 -0.60563 0.015347 45989 5154 7580.2 0 0
3.392e+05 0.71264 0.34304 0.52412 -1.0283 0.35065 0 386.94 -28.393 -0.60639 0.01535 45989 5153 7581.3 0 0
3.393e+05 0.69575 0.34446 0.57312 -0.87559 0.35914 0 382.63 -28.013 -0.60715 0.01535 45989 5153 7582.4 0 0
3.394e+05 0.71215 0.33007 0.60637 -1.1327 0.37748 0 396.6 -29.218 -0.60791 0.015335 45990 5158 7583.5 0 0
3.395e+05 0.70609 0.34918 0.70575 -1.0914 0.36638 0 374.7 -27.299 -0.60867 0.015335 45990 5158 7584.6 0 0
3.396e+05 0.77367 0.33376 0.59669 -1.0132 0.36056 0 386.37 -26.157 -0.60943 0.015338 45990 5157 7585.6 0 0
3.397e+05 0.77663 0.31413 0.54508 -0.93659 0.33007 0 371.31 -25.437 -0.61018 0.015335 45990 5158 7586.6 0 0
3.398e+05 0.74448 0.33959 0.61165 -0.98216 0.31003 0 379.74 -26.737 -0.61094 0.015335 45990 5158 7587.6 0 0
3.399e+05 0.76236 0.32584 0.6072 -1.0429 0.33657 0 381.33 -27.26 -0.6117 0.015335 45990 5158 7588.6 0 0
3.4e+05 0.7715 0.31343 0.58159 -0.99928 0.31501 0 368.58 -25.838 -0.61246 0.015338 45990 5157 7589.7 0 0
3.401e+05 0.76469 0.31939 0.62329 -1.0851 0.3329 0 407.24 -26.658 -0.61322 0.015338 45990 5157 7590.7 0 0
3.402e+05 0.76629 0.31605 0.61321 -0.91402 0.33908 0 418.08 -26.273 -0.61398 0.015338 45990 5157 7591.8 0 0
3.403e+05 0.76845 0.33223 0.59378 -0.93905 0.36251 0 409.04 -26.273 -0.61473 0.015341 45990 5156 7592.8 0 0
3.404e+05 0.77618 0.33187 0.61608 -0.88944 0.32711 0 393.46 -25.387 -0.61549 0.015332 45990 5159 7593.9 0 0
3.405e+05 0.78573 0.30064 0.62747 -1.1106 0.30489 0 381.72 -23.91 -0.61625 0.015326 45990 5161 7594.9 0 0
3.406e+05 0.8082 0.28318 0.59869 -1.1217 0.32189 0 401.36 -23.739 -0.617 0.015329 45990 5160 7595.9 0 0
3.407e+05 0.77063 0.33301 0.53958 -1.2042 0.29295 0 402.17 -25.69 -0.61776 0.015323 45990 5162 7596.9 0 0
3.408e+05 0.78922 0.29943 0.56678 -1.0812 0.34484 0 393.14 -23.491 -0.61852 0.015323 45990 5162 7597.9 0 0
3.409e+05 0.78027 0.32062 0.58302 -1.0697 0.32947 0 405.89 -24.63 -0.61927 0.015323 45990 5162 7599 0 0
3.41e+05 0.80232 0.3344 0.60438 -1.1519 0.33137 0 401.57 -22.064 -0.62003 0.01532 45990 5163 7600 0 0
3.411e+05 0.76834 0.31957 0.64858 -1.0106 0.30992 0 392.52 -25.821 -0.62079 0.015317 45990 5164 7601 0 0
3.412e+05 0.78223 0.32776 0.63457 -1.121 0.34509 0 395.97 -24.536 -0.62154 0.015323 45990 5162 7602.1 0 0
3.413e+05 0.75881 0.34433 0.59404 -1.1429 0.31041 0 386.98 -24.315 -0.6223 0.015323 45990 5162 7603.1 0 0
3.414e+05 0.81689 0.3246 0.63151 -0.98097 0.32734 0 409.73 -19.642 -0.62305 0.015326 45990 5161 7604.1 0 0
3.415e+05 0.78465 0.31476 0.54018 -1.0391 0.3375 0 390.75 -23.787 -0.62381 0.015326 45990 5161 7605.1 0 0
3.416e+05 0.80013 0.31512 0.66018 -1.08 0.31968 0 410.97 -21.925 -0.62456 0.015323 45990 5162 7606.1 0 0
3.417e+05 0.78804 0.316 0.58415 -0.91641 0.33326 0 392.61 -23.391 -0.62531 0.01532 45990 5163 7607.2 0 0
3.418e+05 0.74694 0.32325 0.60262 -1.0067 0.35247 0 389.83 -27.154 -0.62607 0.015329 45990 5160 7608.2 0 0
3.419e+05 0.72965 0.32607 0.61407 -1.0855 0.29713 0 380.72 -28.433 -0.62682 0.015323 45990 5162 7609.2 0 0
3.42e+05 0.73482 0.34257 0.58045 -1.1579 0.31464 0 391.34 -26.629 -0.62758 0.015323 45990 5162 7610.3 0 0
3.421e+05 0.77733 0.32786 0.61881 -1.0279 0.32332 0 406.24 -24.414 -0.62833 0.015323 45990 5162 7611.3 0 0
3.422e+05 0.77452 0.30919 0.62067 -1.1509 0.31835 0 376.86 -24.389 -0.62908 0.015323 45990 5162 7612.3 0 0
3.423e+05 0.81266 0.28714 0.62295 -1.0547 0.31978 0 384.55 -22.836 -0.62984 0.01532 45990 5163 7613.3 0 0
3.424e+05 0.81159 0.28906 0.61486 -0.87198 0.35395 0 388.37 -22.577 -0.63059 0.015323 45990 5162 7614.4 0 0
3.425e+05 0.78292 0.29256 0.60552 -0.96077 0.35171 0 378.57 -23.591 -0.63134 0.015326 45990 5161 7615.4 0 0
3.426e+05 0.79697 0.34238 0.62212 -1.1956 0.34268 0 376.2 -22.744 -0.63209 0.015326 45990 5161 7616.4 0 0
3.427e+05 0.82632 0.33815 0.58974 -1.1658 0.31298 0 391.44 -19.61 -0.63285 0.015323 45990 5162 7617.4 0 0
3.428e+05 0.75261 0.2967 0.57296 -0.98292 0.32112 0 382.21 -24.75 -0.6336 0.015323 45990 5162 7618.4 0 0
3.429e+05 0.77 0.28323 0.5803 -1.0733 0.33127 0 394.42 -23.948 -0.63435 0.015317 45990 5164 7619.4 0 0
3.43e+05 0.79275 0.25663 0.57879 -0.96156 0.31463 0 382.36 -27.228 -0.6351 0.01532 45990 5163 7620.5 0 0
3.431e+05 0.81341 0.28394 0.58588 -1.0409 0.3474 0 391.61 -23.141 -0.63585 0.015323 45990 5162 7621.5 0 0
3.432e+05 0.79988 0.30485 0.63314 -1.2792 0.326 0 404.82 -22.089 -0.6366 0.01532 45990 5163 7622.5 0 0
3.433e+05 0.78547 0.31284 0.60388 -1.0201 0.33062 0 406.77 -22.88 -0.63735 0.015317 45990 5164 7623.5 0 0
3.434e+05 0.83147 0.2767 0.61573 -0.95424 0.29935 0 383.38 -22.023 -0.63811 0.015323 45990 5162 7624.5 0 0
3.435e+05 0.79271 0.29845 0.61406 -1.0368 0.34735 0 374.1 -22.591 -0.63885 0.015332 45990 5159 7625.6 0 0
3.436e+05 0.76878 0.34135 0.5906 -0.99301 0.34943 0 363.45 -24.072 -0.63961 0.015332 45990 5159 7626.5 0 0
3.437e+05 0.78285 0.31766 0.54507 -1.1678 0.31813 0 394.95 -23.164 -0.64036 0.015335 45990 5158 7627.5 0 0
3.438e+05 0.76992 0.33407 0.59105 -1.1469 0.34558 0 403.45 -24.389 -0.64111 0.015335 45990 5158 7628.5 0 0
3.439e+05 0.78854 0.29556 0.61609 -0.93801 0.32098 0 408.64 -22.916 -0.64185 0.015335 45990 5158 7629.5 0 0
3.44e+05 0.80049 0.33149 0.60547 -1.1872 0.32916 0 416.07 -21.742 -0.6426 0.015326 45990 5161 7630.5 0 0
3.441e+05 0.78968 0.35078 0.5788 -0.89527 0.34787 0 416.72 -22.332 -0.64335 0.015326 45990 5161 7631.5 0 0
3.442e+05 0.76934 0.35356 0.61637 -1.1121 0.33359 0 402.85 -21.573 -0.6441 0.015323 45990 5162 7632.5 0 0
3.443e+05 0.74153 0.33071 0.67157 -1.099 0.32005 0 388.66 -26.956 -0.64485 0.015323 45990 5162 7633.5 0 0
3.444e+05 0.7881 0.34114 0.62646 -1.083 0.32881 0 391.76 -22.906 -0.6456 0.015314 45990 5165 7634.5 0 0
3.445e+05 0.76218 0.32988 0.55019 -1.1906 0.30784 0 373.06 -24.718 -0.64635 0.01532 45990 5163 7635.5 0 0
3.446e+05 0.80292 0.33218 0.59169 -0.98795 0.31786 0 377.93 -21.277 -0.64709 0.01532 45990 5163 7636.5 0 0
3.447e+05 0.74473 0.31295 0.56572 -0.91263 0.32383 0 374.13 -25.673 -0.64784 0.01532 45990 5163 7637.5 0 0
3.448e+05 0.76731 0.28692 0.6011 -0.93918 0.31884 0 377.15 -23.618 -0.64859 0.015317 45990 5164 7638.5 0 0
3.449e+05 0.77509 0.34646 0.6278 -0.93239 0.31401 0 359.97 -22.816 -0.64934 0.015309 45990 5167 7639.5 0 0
3.45e+05 0.78117 0.31635 0.61772 -1.122 0.31415 0 383.31 -22.882 -0.65009 0.015309 45990 5167 7640.4 0 0
3.451e+05 0.77343 0.34428 0.62742 -1.0503 0.31381 0 380.99 -23.064 -0.65083 0.015311 45990 5166 7641.4 0 0
3.452e+05 0.74362 0.32187 0.61742 -0.97766 0.33152 0 388.14 -26.302 -0.65158 0.015311 45990 5166 7642.4 0 0
3.453e+05 0.7808 0.35686 0.63603 -1.0651 0.33961 0 368.35 -20.488 -0.65233 0.015309 45990 5167 7643.4 0 0
3.454e+05 0.74769 0.32915 0.62767 -1.1051 0.31953 0 386.48 -25.784 -0.65307 0.015309 45990 5167 7644.4 0 0
3.455e+05 0.76338 0.33833 0.58967 -1.2029 0.31239 0 373.59 -23.82 -0.65382 0.015306 45990 5168 7645.4 0 0
3.456e+05 0.75758 0.32706 0.55342 -1.0585 0.31713 0 390.37 -24.815 -0.65456 0.015306 45990 5168 7646.3 0 0
3.457e+05 0.77669 0.30782 0.58845 -0.97043 0.34441 0 361.32 -23.001 -0.65531 0.015303 45990 5169 7647.3 0 0
3.458e+05 0.81577 0.31121 0.6251 -0.96349 0.32907 0 369.14 -19.746 -0.65606 0.015303 45990 5169 7648.3 0 0
3.459e+05 0.86883 0.30338 0.70904 -0.81513 0.31606 0 383.23 -12.983 -0.6568 0.015303 45990 5169 7649.2 0 0
3.46e+05 0.80147 0.3133 0.60389 -1.1918 0.31663 0 380.15 -20.995 -0.65755 0.015306 45990 5168 7650.2 0 0
3.461e+05 0.82253 0.32062 0.59846 -1.1033 0.33864 0 391.13 -18.865 -0.65829 0.015306 45990 5168 7651.1 0 0
3.462e+05 0.79942 0.35155 0.5775 -1.2718 0.32115 0 385.79 -21.881 -0.65903 0.015311 45990 5166 7652.1 0 0
3.463e+05 0.82228 0.31074 0.64861 -0.97669 0.32862 0 377.89 -19.057 -0.65978 0.015311 45990 5166 7653 0 0
3.464e+05 0.80942 0.34168 0.59717 -1.009 0.33678 0 369.85 -21.041 -0.66052 0.015306 45990 5168 7654 0 0
3.465e+05 0.78785 0.32488 0.65118 -0.83554 0.37187 0 386.24 -21.817 -0.66127 0.01532 45990 5163 7655 0 0
3.466e+05 0.81915 0.36222 0.59785 -0.93311 0.34246 0 371.09 -22.045 -0.66201 0.01532 45990 5163 7655.9 0 0
3.467e+05 0.75658 0.33676 0.59337 -0.99098 0.34861 0 393.01 -24.402 -0.66275 0.015314 45990 5165 7656.9 0 0
3.468e+05 0.82427 0.35841 0.64544 -0.89766 0.32572 0 361.96 -22.038 -0.6635 0.015311 45990 5166 7657.9 0 0
3.469e+05 0.78986 0.35664 0.63214 -0.99338 0.34623 0 382.88 -20.87 -0.66424 0.015311 45990 5166 7658.8 0 0
3.47e+05 0.77307 0.32934 0.59837 -1.3572 0.33029 0 384.76 -22.834 -0.66498 0.015303 45990 5169 7659.8 0 0
3.471e+05 0.80812 0.35334 0.60853 -0.94523 0.33609 0 385.98 -21.46 -0.66573 0.015303 45990 5169 7660.7 0 0
3.472e+05 0.81151 0.32773 0.61783 -1.0158 0.34841 0 386.86 -19.565 -0.66647 0.015294 45990 5172 7661.6 0 0
3.473e+05 0.82551 0.36378 0.64781 -1.2004 0.34803 0 392.94 -21.818 -0.66721 0.015285 45990 5175 7662.5 0 0
3.474e+05 0.84376 0.36999 0.61526 -1.1106 0.32192 0 389.33 -21.431 -0.66795 0.015279 45990 5177 7663.5 0 0
3.475e+05 0.76686 0.34499 0.65787 -1.1072 0.34787 0 389.5 -22.844 -0.66869 0.015279 45990 5177 7664.4 0 0
3.476e+05 0.81441 0.31877 0.59427 -0.95663 0.30762 0 392.34 -19.247 -0.66943 0.015285 45990 5175 7665.3 0 0
3.477e+05 0.83566 0.36267 0.58922 -1.2699 0.32551 0 354.22 -21.026 -0.67018 0.015288 45990 5174 7666.3 0 0
3.478e+05 0.86458 0.37527 0.63634 -1.371 0.30784 0 393.52 -20.516 -0.67092 0.015285 45990 5175 7667.2 0 0
3.479e+05 0.8143 0.34146 0.61206 -1.196 0.32069 0 416.84 -20.103 -0.67166 0.015276 45990 5178 7668.2 0 0
3.48e+05 0.82111 0.36529 0.62168 -0.98247 0.31892 0 384.47 -21.378 -0.6724 0.015267 45990 5181 7669.1 0 0
3.481e+05 0.78526 0.34209 0.59716 -1.1024 0.30945 0 379.35 -22.121 -0.67314 0.015267 45990 5181 7670.1 0 0
3.482e+05 0.82135 0.33486 0.55403 -1.2057 0.31237 0 401.52 -19.057 -0.67388 0.01527 45990 5180 7671 0 0
3.483e+05 0.85378 0.36521 0.58319 -1.1095 0.30568 0 416.02 -19.546 -0.67462 0.015264 45990 5182 7671.9 0 0
3.484e+05 0.83171 0.36304 0.56713 -1.1127 0.31222 0 407.34 -20.712 -0.67536 0.015258 45990 5184 7672.8 0 0
3.485e+05 0.79201 0.34921 0.55447 -1.2277 0.31538 0 404.36 -21.544 -0.6761 0.015261 45990 5183 7673.7 0 0
3.486e+05 0.80548 0.36026 0.59979 -1.0613 0.32178 0 392.24 -20.589 -0.67684 0.01525 45990 5187 7674.7 0 0
3.487e+05 0.80688 0.35296 0.66347 -0.91628 0.33336 0 405.72 -20.755 -0.67758 0.015255 45990 5185 7675.6 0 0
3.488e+05 0.82089 0.36812 0.60403 -1.2241 0.317 0 414.95 -20.712 -0.67832 0.015247 45990 5188 7676.5 0 0
3.489e+05 0.81842 0.36182 0.59749 -1.0159 0.31955 0 407.16 -20.759 -0.67905 0.015252 45990 5186 7677.5 0 0
3.49e+05 0.83519 0.36087 0.65371 -1.0172 0.32792 0 389 -20.157 -0.67979 0.015255 45990 5185 7678.4 0 0
3.491e+05 0.81424 0.33478 0.59828 -1.1174 0.33465 0 396.41 -19.207 -0.68053 0.015247 45990 5188 7679.3 0 0
3.492e+05 0.81823 0.33941 0.61755 -0.98508 0.31885 0 389.61 -19.152 -0.68127 0.015241 45990 5190 7680.2 0 0
3.493e+05 0.79064 0.35778 0.59154 -1.1947 0.33464 0 373.81 -20.28 -0.68201 0.015247 45990 5188 7681.2 0 0
3.494e+05 0.83333 0.32648 0.56494 -1.0114 0.33667 0 370.45 -17.652 -0.68274 0.015247 45990 5188 7682.2 0 0
3.495e+05 0.81303 0.34831 0.58926 -0.96477 0.3327 0 365.63 -19.933 -0.68348 0.015241 45990 5190 7683.1 0 0
3.496e+05 0.79754 0.34043 0.60223 -1.1659 0.33217 0 369.76 -20.858 -0.68422 0.015235 45990 5192 7684 0 0
3.497e+05 0.77435 0.36308 0.60973 -1.2786 0.34467 0 389.33 -18.986 -0.68496 0.015238 45990 5191 7684.9 0 0
3.498e+05 0.78536 0.35396 0.64994 -0.98824 0.33054 0 416.21 -20.716 -0.68569 0.015238 45990 5191 7685.9 0 0
3.499e+05 0.77912 0.33491 0.6355 -1.1645 0.33042 0 377.72 -22.073 -0.68643 0.015232 45990 5193 7686.8 0 0
3.5e+05 0.82137 0.33288 0.60991 -0.78007 0.30468 0 379.2 -18.658 -0.68717 0.015226 45990 5195 7687.7 0 0
3.501e+05 0.79659 0.34328 0.62838 -0.86867 0.316 0 379.58 -20.662 -0.6879 0.015226 45990 5195 7688.9 0 0
3.502e+05 0.78075 0.34034 0.58072 -1.1882 0.33334 0 390.38 -21.785 -0.68864 0.015229 45990 5194 7689.8 0 0
3.503e+05 0.79616 0.33652 0.59298 -1.0049 0.34784 0 380.47 -20.506 -0.68937 0.015226 45990 5195 7690.7 0 0
3.504e+05 0.80268 0.30777 0.61899 -0.97612 0.32621 0 375.11 -20.774 -0.69011 0.015223 45990 5196 7691.6 0 0
3.505e+05 0.80143 0.30162 0.61831 -1.0173 0.34295 0 383.45 -21.338 -0.69085 0.015229 45990 5194 7692.5 0 0
3.506e+05 0.84342 0.29252 0.58005 -0.73998 0.36743 0 380.92 -17.382 -0.69158 0.015241 45990 5190 7693.5 0 0
3.507e+05 0.83089 0.3456 0.64371 -1.1715 0.33523 0 390.95 -18.504 -0.69231 0.015241 45990 5190 7694.4 0 0
3.508e+05 0.83953 0.35005 0.65498 -1.2083 0.3461 0 378.97 -18.262 -0.69305 0.015238 45990 5191 7695.3 0 0
3.509e+05 0.79216 0.32173 0.61274 -0.95366 0.32072 0 365.17 -21.047 -0.69378 0.015241 45990 5190 7696.2 0 0
3.51e+05 0.77349 0.30843 0.57756 -1.0773 0.3439 0 373.26 -22.992 -0.69452 0.015238 45990 5191 7697.2 0 0
3.511e+05 0.81639 0.29572 0.61962 -1.0767 0.3128 0 373.74 -20.512 -0.69525 0.015235 45990 5192 7698.1 0 0
3.512e+05 0.79859 0.27495 0.60245 -1.0751 0.33153 0 364.7 -24.16 -0.69599 0.015238 45990 5191 7699.1 0 0
3.513e+05 0.83287 0.27227 0.61842 -0.89733 0.3268 0 381.1 -22.412 -0.69672 0.015229 45990 5194 7700 0 0
3.514e+05 0.81832 0.33478 0.6699 -1.0082 0.3085 0 375.22 -18.45 -0.69745 0.015226 45990 5195 7701 0 0
3.515e+05 0.74342 0.32746 0.62667 -0.95137 0.34948 0 393.66 -26.088 -0.69819 0.015226 45990 5195 7701.9 0 0
3.516e+05 0.81737 0.34513 0.61635 -1.0512 0.35063 0 368.88 -19.009 -0.69892 0.015229 45990 5194 7702.9 0 0
3.517e+05 0.81452 0.32822 0.65038 -1.2755 0.33056 0 397.45 -18.5 -0.69965 0.015229 45990 5194 7703.9 0 0
3.518e+05 0.81107 0.3669 0.58144 -1.1295 0.33257 0 396.11 -19.603 -0.70039 0.015232 45990 5193 7704.8 0 0
3.519e+05 0.8239 0.35375 0.60473 -1.0806 0.31012 0 406.28 -19.46 -0.70112 0.015223 45990 5196 7705.7 0 0
3.52e+05 0.78598 0.35964 0.61193 -1.0794 0.31926 0 399.44 -19.589 -0.70185 0.015217 45990 5198 7706.6 0 0
3.521e+05 0.81223 0.33292 0.62228 -1.1053 0.33592 0 387.75 -18.695 -0.70258 0.01522 45990 5197 7707.6 0 0
3.522e+05 0.7429 0.35638 0.58749 -1.1653 0.33954 0 400.64 -21.569 -0.70331 0.01522 45990 5197 7708.5 0 0
3.523e+05 0.81279 0.30006 0.60814 -1.0037 0.31984 0 397.08 -20.027 -0.70405 0.01522 45990 5197 7709.5 0 0
3.524e+05 0.76229 0.32605 0.61066 -1.0165 0.32608 0 395.97 -23.621 -0.70478 0.01522 45990 5197 7710.4 0 0
3.525e+05 0.79731 0.32121 0.65846 -0.97959 0.33315 0 401.22 -20.129 -0.70551 0.015223 45990 5196 7711.3 0 0
3.526e+05 0.77666 0.33062 0.62082 -0.76972 0.35516 0 402.91 -21.708 -0.70624 0.015217 45990 5198 7712.3 0 0
3.527e+05 0.86976 0.34198 0.63635 -1.0261 0.33625 0 392.96 -13.96 -0.70697 0.015211 45990 5200 7713.2 0 0
3.528e+05 0.82471 0.3265 0.61268 -1.0106 0.32221 0 377.91 -17.962 -0.7077 0.01522 45990 5197 7714.2 0 0
3.529e+05 0.81374 0.3308 0.63864 -1.2792 0.3098 0 398.68 -18.352 -0.70843 0.015214 45990 5199 7715.1 0 0
3.53e+05 0.79432 0.31167 0.64414 -1.2088 0.29737 0 383.36 -20.781 -0.70916 0.015217 45990 5198 7716.1 0 0
3.531e+05 0.78754 0.33125 0.67924 -0.93971 0.30018 0 399.2 -20.655 -0.70989 0.015208 45990 5201 7717 0 0
3.532e+05 0.76438 0.33916 0.5543 -1.1413 0.31199 0 396.88 -22.582 -0.71062 0.015208 45990 5201 7718 0 0
3.533e+05 0.77375 0.30569 0.61052 -1.0766 0.31107 0 368.02 -22.532 -0.71135 0.015211 45990 5200 7719 0 0
3.534e+05 0.79833 0.28847 0.59133 -1.0856 0.31161 0 390.28 -22.403 -0.71208 0.015208 45990 5201 7720 0 0
3.535e+05 0.80398 0.31404 0.62306 -1.0045 0.31578 0 394.23 -19.535 -0.71281 0.015208 45990 5201 7720.9 0 0
3.536e+05 0.85387 0.35444 0.60624 -1.0677 0.34162 0 373.32 -17.448 -0.71354 0.015208 45990 5201 7721.9 0 0
3.537e+05 0.77899 0.34664 0.60854 -0.89551 0.33364 0 399.11 -21.008 -0.71427 0.015208 45990 5201 7722.8 0 0
3.538e+05 0.76944 0.30882 0.59663 -0.99244 0.369 0 398.04 -22.829 -0.71499 0.015217 45990 5198 7723.8 0 0
3.539e+05 0.80035 0.33966 0.58518 -1.1103 0.37032 0 401.44 -19.335 -0.71572 0.015211 45990 5200 7724.8 0 0
3.54e+05 0.76118 0.30921 0.62939 -1.0659 0.32667 0 387.38 -23.375 -0.71645 0.015211 45990 5200 7725.8 0 0
3.541e+05 0.79673 0.34444 0.61995 -1.1046 0.30408 0 375 -19.555 -0.71718 0.015211 45990 5200 7726.8 0 0
3.542e+05 0.75045 0.33991 0.57487 -0.94848 0.34622 0 364.97 -24.227 -0.71791 0.015217 45990 5198 7727.7 0 0
3.543e+05 0.72767 0.32638 0.62454 -1.1905 0.34688 0 362.69 -26.996 -0.71863 0.015217 45990 5198 7728.7 0 0
3.544e+05 0.77951 0.33717 0.60261 -0.96801 0.33344 0 362.43 -20.726 -0.71936 0.015214 45990 5199 7729.7 0 0
3.545e+05 0.77206 0.33415 0.57131 -0.85021 0.32192 0 377.16 -21.405 -0.72009 0.015214 45990 5199 7730.7 0 0
3.546e+05 0.80973 0.29555 0.56484 -1.1727 0.31695 0 368.62 -20.673 -0.72081 0.015211 45990 5200 7731.7 0 0
3.547e+05 0.79521 0.28426 0.66724 -0.96978 0.31811 0 391.83 -23.021 -0.72154 0.015208 45990 5201 7732.6 0 0
3.548e+05 0.77533 0.31147 0.61442 -1.1434 0.33308 0 408.99 -21.853 -0.72227 0.015214 45990 5199 7733.6 0 0
3.549e+05 0.77685 0.3453 0.63345 -1.1406 0.33565 0 385.49 -20.93 -0.72299 0.015208 45990 5201 7734.6 0 0
3.55e+05 0.80946 0.35134 0.5874 -1.1214 0.35839 0 407.48 -18.738 -0.72372 0.015214 45990 5199 7735.5 0 0
3.551e+05 0.86368 0.32275 0.68101 -1.1759 0.32392 0 411.41 -13.342 -0.72445 0.015223 45990 5196 7736.4 0 0
3.552e+05 0.76538 0.29803 0.65852 -1.1913 0.30472 0 406.45 -23.14 -0.72517 0.015223 45990 5196 7737.4 0 0
3.553e+05 0.81158 0.3271 0.65061 -1.1242 0.30586 0 409.05 -18.162 -0.7259 0.015211 45990 5200 7738.3 0 0
3.554e+05 0.81485 0.35622 0.63116 -1.1485 0.31805 0 393.7 -19.041 -0.72662 0.015206 45990 5202 7739.2 0 0
3.555e+05 0.76719 0.35523 0.59342 -1.0398 0.33904 0 387.7 -20.633 -0.72734 0.015206 45990 5202 7740.2 0 0
3.556e+05 0.80588 0.31511 0.60684 -0.79232 0.32511 0 390.36 -18.907 -0.72807 0.0152 45990 5204 7741.1 0 0
3.557e+05 0.82285 0.34303 0.6087 -1.1956 0.30598 0 393.15 -18.185 -0.72879 0.015206 45990 5202 7742.1 0 0
3.558e+05 0.80217 0.29394 0.64285 -1.2072 0.33438 0 402.57 -21.08 -0.72952 0.0152 45990 5204 7743 0 0
3.559e+05 0.81409 0.30826 0.64582 -1.1711 0.33448 0 393.82 -18.741 -0.73024 0.015206 45990 5202 7743.9 0 0
3.56e+05 0.83079 0.31739 0.61764 -1.0898 0.34902 0 377.05 -17.168 -0.73096 0.015203 45990 5203 7744.8 0 0
3.561e+05 0.8116 0.32356 0.6267 -0.97936 0.33222 0 380.17 -17.852 -0.73169 0.015191 45990 5207 7745.8 0 0
3.562e+05 0.8204 0.31267 0.59703 -1.1682 0.30977 0 400.49 -17.847 -0.73241 0.015188 45990 5208 7746.7 0 0
3.563e+05 0.81893 0.27955 0.59771 -0.93844 0.31558 0 387.45 -22.814 -0.73313 0.015179 45990 5211 7747.6 0 0
3.564e+05 0.85467 0.30274 0.63129 -1.248 0.32717 0 389.5 -14.893 -0.73386 0.015176 45990 5212 7748.6 0 0
3.565e+05 0.78222 0.2945 0.58459 -1.1605 0.32433 0 398.02 -22.212 -0.73458 0.015182 45990 5210 7749.5 0 0
3.566e+05 0.78881 0.29943 0.56768 -0.98715 0.32532 0 373.03 -21.287 -0.7353 0.015176 45990 5212 7750.4 0 0
3.567e+05 0.81475 0.3029 0.58531 -1.0688 0.33605 0 389.3 -18.823 -0.73603 0.015176 45990 5212 7751.4 0 0
3.568e+05 0.81132 0.29963 0.60421 -1.1439 0.31829 0 411.21 -19.511 -0.73675 0.015159 45990 5218 7752.3 0 0
3.569e+05 0.81176 0.32041 0.64267 -0.98642 0.33148 0 400.32 -17.779 -0.73747 0.015159 45990 5218 7753.2 0 0
3.57e+05 0.76536 0.3116 0.58954 -1.0154 0.34168 0 387.44 -22.413 -0.73819 0.015144 45990 5223 7754.1 0 0
3.571e+05 0.806 0.31936 0.56828 -0.97198 0.33853 0 391.67 -18.155 -0.73891 0.015139 45990 5225 7755.1 0 0
3.572e+05 0.79468 0.30288 0.57989 -1.0033 0.31668 0 394.79 -20.327 -0.73964 0.015124 45990 5230 7756 0 0
3.573e+05 0.76311 0.34323 0.54701 -1.0463 0.31557 0 404.25 -22.011 -0.74036 0.015124 45990 5230 7756.9 0 0
3.574e+05 0.80778 0.33383 0.65609 -1.215 0.30598 0 404.55 -18.009 -0.74108 0.015113 45990 5234 7757.9 0 0
3.575e+05 0.79241 0.32549 0.58928 -1.2759 0.33844 0 392.1 -19.04 -0.7418 0.015098 45990 5239 7758.8 0 0
3.576e+05 0.81656 0.32272 0.64061 -0.99232 0.3041 0 392.42 -17.229 -0.74252 0.015098 45990 5239 7759.8 0 0
3.577e+05 0.82248 0.32193 0.59266 -0.99059 0.33646 0 411.17 -17.048 -0.74324 0.015104 45990 5237 7760.8 0 0
3.578e+05 0.76796 0.32715 0.55279 -1.1471 0.30414 0 407.41 -21.51 -0.74396 0.015098 45990 5239 7761.7 0 0
3.579e+05 0.82603 0.35091 0.56814 -0.85617 0.34596 0 428.79 -18.444 -0.74468 0.015098 45990 5239 7762.7 0 0
3.58e+05 0.74565 0.31711 0.59197 -1.0643 0.32084 0 404.35 -24.819 -0.7454 0.01509 45990 5242 7763.6 0 0
3.581e+05 0.75671 0.34793 0.62431 -0.93375 0.31582 0 415.62 -22.413 -0.74612 0.015084 45990 5244 7764.6 0 0
3.582e+05 0.77214 0.35043 0.65143 -0.92764 0.32254 0 400.34 -20.917 -0.74684 0.015084 45990 5244 7765.5 0 0
3.583e+05 0.76447 0.33187 0.63356 -1.0478 0.32678 0 421.53 -21.665 -0.74756 0.015084 45990 5244 7766.6 0 0
3.584e+05 0.78855 0.34697 0.63278 -1.3816 0.305 0 415.08 -19.586 -0.74828 0.015084 45990 5244 7767.6 0 0
3.585e+05 0.82212 0.35236 0.60363 -1.1318 0.3347 0 408.42 -18.564 -0.749 0.015072 45990 5248 7768.5 0 0
3.586e+05 0.78233 0.34912 0.60454 -0.99316 0.31312 0 386.7 -20.031 -0.74972 0.015069 45990 5249 7769.4 0 0
3.587e+05 0.80301 0.35212 0.68349 -0.97566 0.33677 0 399.05 -18.578 -0.75043 0.015067 45990 5250 7770.4 0 0
3.588e+05 0.77412 0.32978 0.56458 -1.1931 0.3256 0 405.25 -20.415 -0.75115 0.015069 45990 5249 7771.3 0 0
3.589e+05 0.80713 0.36537 0.62493 -1.0721 0.32013 0 411.96 -18.852 -0.75187 0.015078 45990 5246 7772.3 0 0
3.59e+05 0.76998 0.29621 0.60325 -1.0184 0.31707 0 414.69 -22.506 -0.75259 0.015084 45990 5244 7773.2 0 0
3.591e+05 0.83963 0.31119 0.64068 -0.96467 0.31991 0 426.44 -16.211 -0.75331 0.015075 45990 5247 7774.1 0 0
3.592e+05 0.77198 0.34161 0.64504 -1.0645 0.30791 0 417.79 -20.686 -0.75402 0.015067 45990 5250 7775 0 0
3.593e+05 0.81324 0.36803 0.61331 -1.0511 0.31988 0 414.09 -19.15 -0.75474 0.015052 45990 5255 7775.9 0 0
3.594e+05 0.7835 0.36632 0.66627 -0.93855 0.31306 0 420.45 -18.328 -0.75546 0.015055 45990 5254 7776.8 0 0
3.595e+05 0.81631 0.36922 0.57469 -1.045 0.33514 0 406.56 -19.295 -0.75617 0.015052 45991 5255 7777.8 0 0
3.596e+05 0.82822 0.37422 0.6238 -0.92162 0.33019 0 393.24 -19.885 -0.75689 0.015058 45991 5253 7778.7 0 0
3.597e+05 0.81029 0.34781 0.64652 -0.92001 0.33034 0 395.41 -17.7 -0.75761 0.015055 45991 5254 7779.6 0 0
3.598e+05 0.81688 0.36613 0.62567 -1.1175 0.33967 0 387.37 -18.998 -0.75832 0.015055 45991 5254 7780.6 0 0
3.599e+05 0.81049 0.31829 0.61379 -1.0517 0.33532 0 385.24 -17.41 -0.75904 0.015058 45991 5253 7781.5 0 0
3.6e+05 0.75994 0.3371 0.63558 -1.1106 0.32997 0 406.73 -22.029 -0.75975 0.015058 45991 5253 7782.4 0 0
3.601e+05 0.83652 0.35188 0.58276 -1.1706 0.34553 0 419.89 -17.756 -0.76047 0.015061 45991 5252 7783.3 0 0
3.602e+05 0.7645 0.3121 0.59964 -1.0266 0.35218 0 398.33 -22.147 -0.76119 0.015058 45991 5253 7784.2 0 0
3.603e+05 0.87397 0.34558 0.61107 -0.86085 0.31942 0 387.46 -13.75 -0.7619 0.015058 45991 5253 7785.1 0 0
3.604e+05 0.84183 0.35106 0.63997 -1.0676 0.3583 0 398.61 -17.316 -0.76262 0.015061 45991 5252 7786 0 0
3.605e+05 0.83986 0.30685 0.58772 -1.0352 0.32622 0 426.1 -16.247 -0.76333 0.015061 45991 5252 7786.9 0 0
3.606e+05 0.85197 0.27847 0.58271 -1.0693 0.34191 0 409.68 -17.641 -0.76404 0.015064 45991 5251 7787.8 0 0
3.607e+05 0.82707 0.25776 0.57449 -1.0696 0.32529 0 413.78 -26.144 -0.76476 0.015064 45991 5251 7788.7 0 0
3.608e+05 0.8453 0.36082 0.57685 -0.98431 0.35243 0 430.64 -18.723 -0.76547 0.015052 45991 5255 7789.6 0 0
3.609e+05 0.82606 0.30474 0.60935 -0.97596 0.31572 0 412.13 -17.434 -0.76619 0.015041 45991 5259 7790.5 0 0
3.61e+05 0.81618 0.2844 0.60799 -0.85286 0.31824 0 395.02 -21.782 -0.7669 0.015029 45991 5263 7791.4 0 0
3.611e+05 0.85663 0.34167 0.6261 -1.0474 0.31137 0 394.16 -15.364 -0.76761 0.015029 45991 5263 7792.2 0 0
3.612e+05 0.89719 0.32593 0.59156 -1.0828 0.32259 0 409.86 -9.5813 -0.76833 0.015024 45991 5265 7793.1 0 0
3.613e+05 0.83672 0.34139 0.61746 -0.85939 0.31006 0 386.73 -16.304 -0.76904 0.015012 45991 5269 7794 0 0
3.614e+05 0.85868 0.34397 0.62085 -0.79653 0.32754 0 375.43 -15.336 -0.76975 0.015004 45991 5272 7794.8 0 0
3.615e+05 0.83816 0.34766 0.56724 -1.1309 0.31883 0 402.21 -16.741 -0.77046 0.015009 45991 5270 7795.8 0 0
3.616e+05 0.79673 0.36227 0.54024 -1.1562 0.32861 0 410.64 -18.428 -0.77118 0.015015 45991 5268 7796.7 0 0
3.617e+05 0.8244 0.37167 0.5887 -0.90909 0.32581 0 403.69 -19.258 -0.77189 0.015027 45991 5264 7797.7 0 0
3.618e+05 0.81035 0.36188 0.56544 -1.078 0.34598 0 408.15 -18.253 -0.7726 0.015029 45991 5263 7798.6 0 0
3.619e+05 0.82574 0.3789 0.5876 -0.9099 0.31821 0 394.59 -19.648 -0.77331 0.015029 45991 5263 7799.5 0 0
3.62e+05 0.8596 0.39394 0.61458 -1.0352 0.30507 0 386 -23.249 -0.77403 0.015027 45991 5264 7800.4 0 0
3.621e+05 0.86492 0.37495 0.6132 -1.0016 0.34202 0 390.99 -19.756 -0.77474 0.015027 45991 5264 7801.4 0 0
3.622e+05 0.85566 0.3675 0.60621 -0.89604 0.35266 0 421.03 -18.517 -0.77545 0.015024 45991 5265 7802.4 0 0
3.623e+05 0.80228 0.36591 0.65504 -1.0029 0.32942 0 391.65 -18.285 -0.77616 0.015012 45991 5269 7803.3 0 0
3.624e+05 0.86065 0.39803 0.53904 -1.0423 0.30744 0 417.88 -23.604 -0.77687 0.015009 45991 5270 7804.1 0 0
3.625e+05 0.86031 0.39354 0.55652 -1.0949 0.35266 0 376.15 -23.016 -0.77758 0.015004 45991 5272 7805.1 0 0
3.626e+05 0.79287 0.3521 0.60751 -0.94146 0.34887 0 383.98 -18.743 -0.77829 0.015009 45991 5270 7806 0 0
3.627e+05 0.80858 0.37494 0.55522 -1.0485 0.33348 0 397.95 -18.513 -0.779 0.015004 45991 5272 7806.9 0 0
3.628e+05 0.85888 0.38883 0.59027 -0.82937 0.30881 0 424.69 -22.267 -0.77971 0.014998 45991 5274 7807.9 0 0
3.629e+05 0.82247 0.3694 0.59139 -1.0952 0.325 0 374.32 -18.574 -0.78042 0.014995 45991 5275 7808.8 0 0
3.63e+05 0.85544 0.36659 0.56431 -1.0094 0.34698 0 420.41 -18.012 -0.78113 0.014995 45991 5275 7809.7 0 0
3.631e+05 0.79313 0.3666 0.57942 -1.1311 0.32717 0 394.64 -18.044 -0.78184 0.014992 45991 5276 7810.6 0 0
3.632e+05 0.88782 0.37985 0.6447 -1.0375 0.34298 0 387.45 -18.85 -0.78255 0.014978 45991 5281 7811.5 0 0
3.633e+05 0.85824 0.34832 0.56759 -0.81326 0.33763 0 407.92 -15.515 -0.78326 0.014984 45991 5279 7812.4 0 0
3.634e+05 0.81425 0.3624 0.5749 -1.0218 0.33259 0 394.65 -17.921 -0.78397 0.014984 45991 5279 7813.4 0 0
3.635e+05 0.84394 0.36777 0.57835 -1.1503 0.34968 0 409.06 -18.639 -0.78468 0.014978 45991 5281 7814.3 0 0
3.636e+05 0.81462 0.3562 0.59368 -0.66668 0.31929 0 398.16 -17.547 -0.78539 0.014978 45991 5281 7815.1 0 0
3.637e+05 0.78429 0.35111 0.57533 -1.129 0.35993 0 398.03 -19.231 -0.78609 0.014978 45991 5281 7816.1 0 0
3.638e+05 0.83855 0.37337 0.56551 -0.96329 0.32504 0 395.86 -19.035 -0.7868 0.014981 45991 5280 7817 0 0
3.639e+05 0.80174 0.31393 0.5471 -1.0398 0.3454 0 411.76 -18.148 -0.78751 0.014981 45991 5280 7817.9 0 0
3.64e+05 0.83347 0.37792 0.55517 -1.0549 0.33773 0 395.64 -19.295 -0.78822 0.014981 45991 5280 7818.8 0 0
3.641e+05 0.83979 0.34424 0.58337 -1.1692 0.33137 0 387.06 -15.797 -0.78893 0.014975 45991 5282 7819.7 0 0
3.642e+05 0.83359 0.36747 0.57231 -0.89126 0.35117 0 418.98 -18.237 -0.78963 0.014975 45991 5282 7820.7 0 0
3.643e+05 0.84409 0.36871 0.56723 -1.1136 0.33944 0 417.43 -18.408 -0.79034 0.014975 45991 5282 7821.6 0 0
3.644e+05 0.80282 0.37641 0.57091 -0.97426 0.31165 0 395.75 -17.657 -0.79104 0.014978 45991 5281 7822.5 0 0
3.645e+05 0.86853 0.3998 0.57252 -1.1635 0.35253 0 422.46 -24.155 -0.79175 0.014972 45991 5283 7823.5 0 0
3.646e+05 0.85969 0.37886 0.59182 -0.98641 0.34567 0 410.33 -19.899 -0.79246 0.014961 45991 5287 7824.4 0 0
3.647e+05 0.85304 0.39942 0.60173 -1.0905 0.31334 0 406.64 -22.677 -0.79316 0.014958 45991 5288 7825.4 0 0
3.648e+05 0.85112 0.40514 0.63823 -1.064 0.35269 0 410.23 -22.763 -0.79387 0.014961 45991 5287 7826.3 0 0
3.649e+05 0.84757 0.39652 0.55014 -1.0408 0.34936 0 389.25 -21.506 -0.79458 0.014949 45991 5291 7827.3 0 0
3.65e+05 0.83568 0.34856 0.59823 -1.1136 0.30144 0 399.46 -16.231 -0.79528 0.014947 45991 5292 7828.3 0 0
3.651e+05 0.83247 0.35957 0.61558 -0.98277 0.29243 0 402.9 -17.381 -0.79599 0.014944 45992 5293 7829.2 0 0
3.652e+05 0.85239 0.37466 0.61693 -1.0581 0.34509 0 409.41 -18.895 -0.79669 0.014947 45992 5292 7830.1 0 0
3.653e+05 0.85435 0.37328 0.60104 -1.1312 0.3394 0 402.17 -18.757 -0.7974 0.014941 45992 5294 7831.2 0 0
3.654e+05 0.85749 0.34855 0.59379 -1.0555 0.33906 0 377.71 -15.374 -0.7981 0.014938 45992 5295 7832.1 0 0
3.655e+05 0.83344 0.36597 0.54008 -0.95407 0.36723 0 395.4 -17.753 -0.79881 0.014941 45992 5294 7833.1 0 0
3.656e+05 0.86715 0.38137 0.59242 -1.0864 0.35096 0 394.51 -19.998 -0.79951 0.014944 45992 5293 7834 0 0
3.657e+05 0.8468 0.35984 0.59587 -0.96616 0.35505 0 399.03 -16.917 -0.80022 0.014947 45992 5292 7834.9 0 0
3.658e+05 0.83283 0.37332 0.547 -1.1478 0.29811 0 408.17 -18.323 -0.80092 0.014938 45992 5295 7835.8 0 0
3.659e+05 0.84863 0.37948 0.59064 -0.96477 0.35431 0 392.12 -19.008 -0.80163 0.014938 45992 5295 7836.7 0 0
3.66e+05 0.84027 0.36202 0.61298 -1.0585 0.3471 0 399.91 -17.271 -0.80233 0.014938 45992 5295 7837.6 0 0
3.661e+05 0.83818 0.37202 0.59611 -1.1936 0.32448 0 393.83 -17.983 -0.80303 0.014955 45992 5289 7838.5 0 0
3.662e+05 0.88829 0.37585 0.59914 -0.9785 0.29916 0 405.29 -17.423 -0.80374 0.014955 45992 5289 7839.4 0 0
3.663e+05 0.85496 0.35872 0.58328 -1.0267 0.28942 0 391.14 -16.07 -0.80444 0.014958 45992 5288 7840.4 0 0
3.664e+05 0.85029 0.36783 0.53431 -1.0777 0.34559 0 400.59 -17.479 -0.80514 0.014946 45992 5292 7841.3 0 0
3.665e+05 0.87274 0.39821 0.64923 -1.0255 0.32681 0 391.53 -23.26 -0.80585 0.014946 45992 5292 7842.3 0 0
3.666e+05 0.8787 0.41205 0.64832 -1.2294 0.32485 0 412.14 -26.974 -0.80655 0.014949 45992 5291 7843.3 0 0
3.667e+05 0.87958 0.40575 0.64261 -1.0647 0.34806 0 412.92 -25.645 -0.80725 0.014944 45992 5293 7844.4 0 0
3.668e+05 0.87334 0.40185 0.62274 -0.92039 0.3159 0 385.06 -24.097 -0.80795 0.014932 45992 5297 7845.4 0 0
3.669e+05 0.86757 0.40843 0.61641 -1.1301 0.32523 0 382.92 -25.174 -0.80866 0.014921 45992 5301 7846.4 0 0
3.67e+05 0.84994 0.39567 0.64223 -1.3323 0.31096 0 398.33 -21.185 -0.80936 0.014924 45992 5300 7847.4 0 0
3.671e+05 0.90105 0.3969 0.56835 -1.0086 0.3072 0 390.56 -22.698 -0.81006 0.014927 45992 5299 7848.5 0 0
3.672e+05 0.90349 0.34223 0.6327 -1.1346 0.35067 0 392.48 -10.266 -0.81076 0.014924 45992 5300 7849.5 0 0
3.673e+05 0.87894 0.40233 0.62432 -1.0576 0.32908 0 393.96 -24.196 -0.81147 0.014915 45992 5303 7850.5 0 0
3.674e+05 0.83783 0.38311 0.62624 -1.2151 0.29946 0 376.71 -18.952 -0.81217 0.014904 45992 5307 7851.5 0 0
3.675e+05 0.88945 0.36721 0.65132 -1.05 0.29692 0 370.1 -15.19 -0.81287 0.014885 45992 5314 7852.5 0 0
3.676e+05 0.87347 0.36614 0.598 -1.068 0.35005 0 362.44 -16.103 -0.81357 0.01489 45992 5312 7853.4 0 0
3.677e+05 0.91131 0.35957 0.65834 -0.94952 0.31794 0 370.79 -12.053 -0.81427 0.014885 45992 5314 7854.4 0 0
3.678e+05 0.88755 0.43709 0.63695 -1.1045 0.32486 0 395.89 -33.939 -0.81497 0.014885 45992 5314 7855.5 0 0
3.679e+05 0.87181 0.37028 0.52142 -0.87205 0.32173 0 393.98 -16.913 -0.81567 0.014871 45992 5319 7856.5 0 0
3.68e+05 0.8949 0.37397 0.60692 -0.77093 0.33144 0 377.12 -16.271 -0.81637 0.014865 45992 5321 7857.4 0 0
3.681e+05 0.86843 0.40313 0.63573 -1.0534 0.33501 0 378.99 -23.389 -0.81707 0.014859 45992 5323 7858.3 0 0
3.682e+05 0.91791 0.40222 0.5713 -1.0981 0.34591 0 389.81 -23.287 -0.81777 0.014868 45992 5320 7859.3 0 0
3.683e+05 0.89004 0.40232 0.58941 -1.1154 0.29321 0 374.86 -23.942 -0.81847 0.014857 45992 5324 7860.2 0 0
3.684e+05 0.87164 0.3909 0.63772 -1.0728 0.33112 0 372.63 -20.671 -0.81917 0.014846 45992 5328 7861.2 0 0
3.685e+05 0.86235 0.36931 0.56966 -0.9237 0.35629 0 367.05 -17.07 -0.81987 0.014854 45992 5325 7862.2 0 0
3.686e+05 0.79619 0.34422 0.59459 -1.0734 0.3571 0 365.42 -18.138 -0.82057 0.014854 45992 5325 7863.1 0 0
3.687e+05 0.8237 0.3263 0.59742 -0.99315 0.31258 0 365.91 -16.354 -0.82127 0.014834 45992 5332 7863.9 0 0
3.688e+05 0.84898 0.37838 0.64924 -0.99548 0.33993 0 364.98 -18.266 -0.82197 0.014823 45992 5336 7864.8 0 0
3.689e+05 0.80066 0.37062 0.54608 -1.1278 0.34898 0 374.2 -17.576 -0.82267 0.014807 45992 5342 7865.8 0 0
3.69e+05 0.89157 0.40359 0.62726 -1.0285 0.32263 0 390.97 -24.152 -0.82336 0.014793 45992 5347 7866.7 0 0
3.691e+05 0.86393 0.43828 0.6293 -1.1488 0.31442 0 376.99 -30.399 -0.82406 0.014782 45992 5351 7867.8 0 0
3.692e+05 0.88958 0.42438 0.63117 -1.3476 0.3648 0 392.55 -30.334 -0.82476 0.014762 45992 5358 7868.9 0 0
3.693e+05 0.86462 0.36275 0.56365 -1.0072 0.36288 0 384.06 -15.816 -0.82546 0.014751 45992 5362 7869.8 0 0
3.694e+05 0.8484 0.35395 0.62086 -1.105 0.3441 0 387.97 -15.891 -0.82616 0.014746 45992 5364 7870.7 0 0
3.695e+05 0.85759 0.36751 0.61229 -1.0813 0.37465 0 380.81 -16.733 -0.82685 0.014754 45992 5361 7871.7 0 0
3.696e+05 0.85344 0.33294 0.59466 -1.006 0.31967 0 376.05 -14.454 -0.82755 0.014754 45992 5361 7872.6 0 0
3.697e+05 0.82944 0.37382 0.59805 -1.1264 0.33776 0 389.8 -17.632 -0.82825 0.014743 45992 5365 7873.5 0 0
3.698e+05 0.78426 0.34182 0.58905 -1.1938 0.35539 0 383.5 -19.187 -0.82894 0.014743 45992 5365 7874.4 0 0
3.699e+05 0.83528 0.35547 0.594 -1.1598 0.3452 0 370.52 -16.313 -0.82964 0.014746 45992 5364 7875.3 0 0
3.7e+05 0.8352 0.35944 0.593 -0.90582 0.35515 0 381.02 -16.388 -0.83034 0.014751 45992 5362 7876.3 0 0
3.701e+05 0.8222 0.37694 0.59611 -1.3488 0.32443 0 381.84 -17.541 -0.83103 0.014743 45992 5365 7877.2 0 0
3.702e+05 0.79423 0.38435 0.60424 -1.0869 0.32736 0 373.82 -16.39 -0.83173 0.014757 45992 5360 7878.1 0 0
3.703e+05 0.8115 0.40249 0.59626 -1.1571 0.35664 0 387.77 -17.257 -0.83242 0.014751 45992 5362 7879 0 0
3.704e+05 0.86318 0.37718 0.58112 -1.128 0.31087 0 385.24 -17.888 -0.83312 0.014746 45992 5364 7880 0 0
3.705e+05 0.82889 0.38291 0.61642 -1.0634 0.35693 0 404.82 -17.917 -0.83382 0.014738 45992 5367 7880.9 0 0
3.706e+05 0.85673 0.37648 0.57322 -1.0623 0.38348 0 398.31 -17.828 -0.83451 0.014738 45992 5367 7881.9 0 0
3.707e+05 0.85153 0.36824 0.60396 -1.1491 0.35414 0 389.43 -16.819 -0.83521 0.014735 45992 5368 7882.8 0 0
3.708e+05 0.8454 0.42907 0.61368 -0.94543 0.35141 0 376.83 -24.474 -0.8359 0.014735 45992 5368 7883.7 0 0
3.709e+05 0.83772 0.37661 0.61165 -0.93549 0.34918 0 410.14 -17.336 -0.8366 0.014724 45992 5372 7884.7 0 0
3.71e+05 0.9205 0.38549 0.57137 -0.97335 0.3211 0 411.18 -17.77 -0.83729 0.014729 45992 5370 7885.8 0 0
3.711e+05 0.89297 0.38917 0.57356 -0.89493 0.38557 0 402.33 -20.031 -0.83798 0.014732 45992 5369 7886.9 0 0
3.712e+05 0.89243 0.40238 0.59943 -0.91199 0.35304 0 394.77 -23.436 -0.83868 0.014727 45992 5371 7887.8 0 0
3.713e+05 0.89073 0.42367 0.62513 -0.95017 0.34596 0 393.73 -29.904 -0.83937 0.014732 45992 5369 7888.9 0 0
3.714e+05 0.90308 0.393 0.63924 -1.0548 0.35557 0 377.99 -21.028 -0.84007 0.014721 45992 5373 7889.9 0 0
3.715e+05 0.90999 0.41601 0.61233 -1.2452 0.35659 0 368.29 -28.139 -0.84076 0.014724 45992 5372 7891 0 0
3.716e+05 0.86692 0.42135 0.62771 -1.1754 0.32072 0 412.53 -26.834 -0.84145 0.014721 45992 5373 7892 0 0
3.717e+05 0.92289 0.39598 0.6085 -1.0421 0.35917 0 368.53 -20.968 -0.84215 0.014724 45992 5372 7893 0 0
3.718e+05 0.87241 0.40397 0.59918 -1.0547 0.37014 0 389.3 -22.65 -0.84284 0.014721 45992 5373 7894 0 0
3.719e+05 0.87653 0.34575 0.66291 -1.0521 0.33133 0 378.84 -12.992 -0.84353 0.014718 45992 5374 7894.9 0 0
3.72e+05 0.90236 0.38938 0.67824 -1.1907 0.33247 0 371.92 -19.71 -0.84423 0.014724 45992 5372 7895.8 0 0
3.721e+05 0.86534 0.39615 0.62968 -1.2572 0.32735 0 393.44 -20.489 -0.84492 0.014724 45992 5372 7896.8 0 0
3.722e+05 0.82503 0.34704 0.56645 -1.0121 0.30329 0 406.03 -16.221 -0.84561 0.014721 45992 5373 7897.7 0 0
3.723e+05 0.87416 0.35317 0.58536 -1.1245 0.32786 0 388.68 -13.734 -0.8463 0.014724 45992 5372 7898.6 0 0
3.724e+05 0.82633 0.35831 0.59202 -1.1269 0.3348 0 407.17 -16.553 -0.84699 0.014721 45992 5373 7899.4 0 0
3.725e+05 0.78526 0.31078 0.58708 -1.1875 0.31911 0 380.79 -19.932 -0.84769 0.014718 45992 5374 7900.4 0 0
3.726e+05 0.82989 0.33287 0.62124 -0.86416 0.33809 0 392.82 -15.862 -0.84838 0.014718 45992 5374 7901.3 0 0
3.727e+05 0.80873 0.3226 0.56086 -1.0146 0.32354 0 406.89 -16.955 -0.84907 0.014721 45992 5373 7902.2 0 0
3.728e+05 0.81004 0.31482 0.59002 -1.0845 0.31283 0 405.63 -17.341 -0.84976 0.01471 45992 5377 7903.1 0 0
3.729e+05 0.816 0.34033 0.60605 -1.0008 0.34114 0 384.45 -16.316 -0.85045 0.014708 45992 5378 7903.9 0 0
3.73e+05 0.82615 0.31573 0.60546 -0.9715 0.31878 0 397.38 -16.278 -0.85114 0.014702 45992 5380 7904.8 0 0
3.731e+05 0.81641 0.34942 0.60935 -0.62786 0.3239 0 397.11 -16.366 -0.85183 0.014694 45992 5383 7905.7 0 0
3.732e+05 0.80258 0.32601 0.60704 -1.1286 0.31323 0 389.28 -17.18 -0.85252 0.014699 45992 5381 7906.7 0 0
3.733e+05 0.84754 0.32832 0.5952 -1.0726 0.32636 0 372.87 -14.516 -0.85321 0.014683 45992 5387 7907.6 0 0
3.734e+05 0.83738 0.34486 0.58615 -1.0541 0.37061 0 396.1 -15.083 -0.8539 0.014675 45992 5390 7908.5 0 0
3.735e+05 0.8423 0.30677 0.60929 -1.1218 0.31599 0 411.35 -15.523 -0.85459 0.014672 45992 5391 7909.3 0 0
3.736e+05 0.8128 0.3175 0.58205 -0.92491 0.30342 0 399.9 -16.613 -0.85528 0.014672 45992 5391 7910.2 0 0
3.737e+05 0.90009 0.32801 0.60192 -1.0965 0.33128 0 382.37 -9.2588 -0.85597 0.014678 45993 5389 7911.1 0 0
3.738e+05 0.82711 0.31131 0.64804 -1.117 0.34911 0 395.94 -16.254 -0.85666 0.01468 45993 5388 7912.1 0 0
3.739e+05 0.82352 0.31621 0.58397 -1.0654 0.30835 0 400.24 -16.103 -0.85735 0.01468 45993 5388 7912.9 0 0
3.74e+05 0.86394 0.35028 0.58426 -1.0536 0.32532 0 386.74 -14.24 -0.85803 0.014678 45993 5389 7913.8 0 0
3.741e+05 0.85428 0.33251 0.62767 -0.97745 0.29927 0 374.89 -13.866 -0.85872 0.01468 45993 5388 7914.6 0 0
3.742e+05 0.8234 0.33569 0.62777 -0.92362 0.34592 0 376.85 -15.65 -0.85941 0.01468 45993 5388 7915.5 0 0
3.743e+05 0.84152 0.33058 0.60315 -1.0999 0.35725 0 387.23 -14.582 -0.8601 0.014678 45993 5389 7916.4 0 0
3.744e+05 0.82235 0.31083 0.63463 -1.2705 0.34206 0 378.46 -16.483 -0.86078 0.014686 45993 5386 7917.2 0 0
3.745e+05 0.80786 0.33053 0.61071 -1.1259 0.35074 0 380.04 -16.467 -0.86147 0.01468 45993 5388 7918.1 0 0
3.746e+05 0.84731 0.29912 0.47928 -1.0253 0.3246 0 350.91 -15.419 -0.86216 0.014678 45993 5389 7919 0 0
3.747e+05 0.80772 0.29927 0.57687 -1.0554 0.33581 0 370.18 -19.353 -0.86284 0.014672 45993 5391 7919.9 0 0
3.748e+05 0.87051 0.33751 0.60819 -0.95943 0.30926 0 370.7 -12.649 -0.86353 0.014672 45993 5391 7920.8 0 0
3.749e+05 0.84361 0.29338 0.59918 -1.0302 0.35827 0 387.73 -16.377 -0.86422 0.014672 45993 5391 7921.7 0 0
3.75e+05 0.87074 0.29479 0.59282 -1.0219 0.30764 0 374.42 -12.828 -0.86491 0.014675 45993 5390 7922.6 0 0
