# FIELDS time d_tm36 rmsd_npxxy d_hbond chi_w295 d_salt na_site lig_cont opes.bias opes.rct opes.zed opes.neff opes.nker opes.work uw.bias lw.bias  (every 50th line of /scratch/kuhfeldr-Kuhfeld_temp/oprm1-opes-activation/runs/prod2/active/w1/COLVAR.1)
0 1.233 0.33377 0.98296 -1.0532 0.3159 0 384.27 -50 -50 1 1 0 0 0 0
100 1.1877 0.28742 0.90494 -1.125 0.31738 0 377.84 -1.5627 0.25133 0.14689 72.41 60 100.95 0 0
200 1.3446 0.33894 1.0141 -1.1443 0.31914 0 380.19 -24.961 -0.14351 0.09397 106.82 103 127.33 0 0
300 1.2697 0.3593 0.94394 -1.1961 0.31432 0 359.12 -11.51 0.34991 0.086671 147.39 147 150.8 0 0
400 1.4047 0.26455 1.085 -1.0413 0.303 0 391.8 -45.194 -0.036281 0.077186 175.52 188 166.57 0 0
500 1.3047 0.29148 1.0111 -1.2613 0.33284 0 402.22 -11.524 0.14894 0.073149 215.55 192 184.14 0 0
600 1.2978 0.33366 0.96952 -1.0979 0.32696 0 387.41 -10.033 -0.002266 0.06722 245.94 210 197.53 0 0
700 1.3052 0.3021 0.97547 -1.0364 0.30953 0 388.73 -8.9826 -0.049194 0.060305 291.12 245 210.51 0 0
800 1.4213 0.33002 1.0323 -1.0131 0.31292 0 378.33 -39.622 0.026116 0.057989 338.96 272 223.77 0 0
900 1.4276 0.32432 1.023 -0.98728 0.3289 0 392.14 -39.098 0.047605 0.056255 375.22 284 242.42 0 0
1000 1.3414 0.40154 0.99736 -1.0163 0.30936 0 360.44 -36.733 0.092268 0.053051 414.74 310 260.55 0 0
1100 1.359 0.34375 0.98005 -1.1901 0.30752 0 370.21 -21.209 -0.006338 0.050498 438.86 331 277.98 0 0
1200 1.3326 0.38636 0.9831 -0.96748 0.32776 0 381.76 -26.213 0.035224 0.046877 464.01 357 293.52 0 0
1300 1.3662 0.36298 0.98778 -1.0619 0.3284 0 374.29 -25.147 0.45372 0.047617 475.45 376 310.03 0 0
1400 1.2947 0.35852 0.97475 -1.056 0.31944 0 355.1 -13.377 0.57966 0.049556 507.37 389 321.18 0 0
1500 1.3298 0.38014 0.96298 -1.04 0.32315 0 373.7 -22.085 0.68249 0.048695 547.73 389 331.5 0 0
1600 1.334 0.41026 0.941 -1.1686 0.31732 0 357.24 -29.914 0.7978 0.048206 584.14 395 340.25 0 0
1700 1.2698 0.38377 0.95242 -1.128 0.31686 0 372.79 -13.014 0.95978 0.048188 622.8 405 347.55 0 0
1800 1.2154 0.32097 0.95089 -1.3581 0.30598 0 370.82 5.7442 0.98844 0.048503 659.12 415 353.36 0 0
1900 1.2519 0.3879 0.99227 -1.1661 0.32181 0 372.94 -10.167 1.0241 0.04629 689.34 430 358.95 0 0
2000 1.3163 0.35021 0.9632 -1.0756 0.33067 0 367.15 -13.592 1.0784 0.045623 738.02 436 364.64 0 0
2100 1.4147 0.31563 1.0601 -1.0784 0.31164 0 366.34 -34.844 1.2156 0.04797 799.58 441 370.07 0 0
2200 1.4161 0.29902 1.0931 -1.0716 0.32298 0 358.95 -35.706 1.291 0.046956 846.59 441 377.37 0 0
2300 1.3601 0.25757 0.92239 -1.3268 0.31458 0 379.07 -34.248 1.3351 0.04777 885.43 450 383.21 0 0
2400 1.4321 0.30715 1.0658 -1.1949 0.30882 0 404.71 -38.405 1.3752 0.048644 918.12 462 390.02 0 0
2500 1.4379 0.26649 1.0556 -1.0609 0.33653 0 392.84 -46.807 1.387 0.048704 961.96 464 396.92 0 0
2600 1.3183 0.31953 0.97492 -1.1486 0.30845 0 370.06 -12.33 1.4507 0.049835 1007.8 471 401.79 0 0
2700 1.4035 0.29048 0.97533 -1.0106 0.3069 0 367.72 -32.345 1.4696 0.049383 1052.2 481 407.04 0 0
2800 1.3347 0.31308 0.97673 -1.0226 0.32639 0 377.89 -15.935 1.4535 0.050369 1089.9 485 411.85 0 0
2900 1.2577 0.29667 0.95406 -0.76616 0.3167 0 387.32 -2.3574 1.4533 0.052416 1135.3 495 416.4 0 0
3000 1.3193 0.29814 0.96535 -1.0444 0.31592 0 377.58 -13.788 1.4706 0.052558 1188.8 497 419.76 0 0
3100 1.2889 0.33057 0.97286 -1.1157 0.32035 0 389.59 -6.7675 1.4261 0.051724 1214.3 516 423.29 0 0
3200 1.2994 0.27407 1.0055 -0.73488 0.29396 0 367.65 -13.924 1.4081 0.04992 1250.1 528 426.8 0 0
3300 1.3393 0.27274 0.97073 -0.96179 0.33528 0 409.05 -21.802 1.4295 0.048139 1284.7 531 430.86 0 0
3400 1.304 0.2872 0.92943 -1.1351 0.31709 0 372.28 -11.387 1.4463 0.046843 1313.5 543 434.46 0 0
3500 1.4141 0.30395 1.0381 -1.0125 0.30093 0 396.47 -32.732 1.4445 0.047213 1339.9 548 438.17 0 0
3600 1.3803 0.30543 1.0119 -1.0933 0.31365 0 382.45 -24.764 1.4035 0.046131 1361.2 549 441.86 0 0
3700 1.2848 0.3426 0.99948 -1.1052 0.32183 0 386.95 -5.9034 1.3727 0.045848 1387.9 556 444.8 0 0
3800 1.3584 0.27719 1.0734 -0.99398 0.31505 0 375.12 -24.987 1.3149 0.04486 1398.4 571 448.08 0 0
3900 1.3075 0.2598 0.9976 -0.96744 0.31738 0 379.39 -19.043 1.2635 0.044084 1411.7 582 451.47 0 0
4000 1.4205 0.25622 0.98571 -1.0629 0.3301 0 393.36 -47.081 1.2095 0.044067 1422 583 456.57 0 0
4100 1.4229 0.28103 0.99574 -1.0112 0.32091 0 380.57 -39.77 1.1837 0.043051 1446.4 595 463 0 0
4200 1.3454 0.29404 0.94565 -0.93656 0.3396 0 382.74 -17.958 1.1812 0.041982 1474.5 604 468.4 0 0
4300 1.3531 0.23721 0.97545 -1.0447 0.31798 0 380.81 -35.657 1.1408 0.039771 1491.4 638 474.3 0 0
4400 1.3181 0.20681 0.95897 -0.88568 0.31897 0 379.61 -43.17 1.1328 0.038652 1513.9 657 480.05 0 0
4500 1.3722 0.2492 1.0013 -0.98097 0.33244 0 409.05 -34.439 1.1502 0.037653 1543.9 675 486.19 0 0
4600 1.4094 0.28266 1.017 -0.99782 0.31782 0 373.29 -34.498 1.1418 0.037376 1566.1 681 491.78 0 0
4700 1.3361 0.31178 0.9506 -0.89265 0.32515 0 363.22 -14.185 1.0951 0.036933 1574.5 689 497.2 0 0
4800 1.3891 0.34591 1.0468 -0.91577 0.30272 0 370.88 -27.625 1.0556 0.036402 1586.3 700 501.89 0 0
4900 1.3899 0.28101 1.0613 -1.0216 0.32769 0 381.17 -29.476 1.0432 0.036702 1603.1 709 506.48 0 0
5000 1.3839 0.28378 0.95115 -0.94777 0.30497 0 371.56 -26.64 1.0181 0.036528 1616.3 709 511.86 0 0
5100 1.3501 0.25066 0.9763 -1.0566 0.32458 0 378.06 -26.463 0.98403 0.036009 1631 720 517.18 0 0
5200 1.3544 0.27687 1.0464 -1.0098 0.29883 0 393.51 -20.571 0.99503 0.035765 1655.4 723 522.49 0 0
5300 1.3559 0.25285 1.0487 -1.0387 0.32247 0 412.99 -26.188 0.99099 0.035917 1670 722 526.95 0 0
5400 1.2691 0.30845 0.95006 -1.1132 0.32261 0 398.79 -2.3915 0.94637 0.035979 1673.9 724 531.28 0 0
5500 1.3209 0.24599 1.0096 -1.06 0.33172 0 376.62 -23.047 0.91243 0.035381 1685.4 737 536.2 0 0
5600 1.3319 0.21423 0.95744 -1.0649 0.33751 0 398.07 -37.354 0.88806 0.034647 1698.9 753 541.81 0 0
5700 1.2626 0.29761 0.96735 -0.93017 0.33883 0 380.57 -2.1685 0.84967 0.034402 1706 758 545.91 0 0
5800 1.2561 0.26229 0.9702 -0.98585 0.32183 0 366.76 -8.0217 0.81912 0.034027 1722 767 549.87 0 0
5900 1.263 0.2681 0.95652 -1.0136 0.34601 0 393.83 -7.2826 0.79492 0.03374 1742 771 553.78 0 0
6000 1.3048 0.35451 1.0402 -0.94979 0.34157 0 371.56 -7.8059 0.79696 0.033668 1771 781 556.8 0 0
6100 1.1606 0.35114 0.91884 -0.80992 0.31889 0 377.77 7.477 0.83927 0.033695 1809.7 786 559.5 0 0
6200 1.2598 0.31784 0.95723 -1.0572 0.31822 0 372.69 0.82903 0.86336 0.033569 1850 788 562.24 0 0
6300 1.2275 0.29001 0.95301 -0.98162 0.32426 0 393.52 2.1132 0.86871 0.03369 1887.4 789 565.26 0 0
6400 1.2346 0.2924 0.97816 -1.1584 0.31396 0 374.31 1.7167 0.88031 0.03355 1924.1 793 567.93 0 0
6500 1.2719 0.26985 0.93712 -1.0581 0.36112 0 401.19 -7.8403 0.87818 0.034036 1955.7 802 570.86 0 0
6600 1.3785 0.24184 0.96622 -0.99291 0.32259 0 381.04 -33.496 0.8917 0.034131 1992.7 809 574.34 0 0
6700 1.4693 0.30115 1.0469 -0.87869 0.34987 0 380.4 -48.233 0.89055 0.033796 2021.7 817 580.81 0 0
6800 1.4688 0.30711 1.0931 -1.0992 0.31088 0 371.92 -46.757 0.91205 0.033004 2048.9 822 587.33 0 0
6900 1.4529 0.28574 1.0105 -1.0093 0.30181 0 379.43 -43.41 0.95423 0.033632 2075.6 829 593.72 0 0
7000 1.4284 0.24696 1.0492 -0.89332 0.31881 0 399.14 -46.301 0.97542 0.033403 2103.2 839 600.45 0 0
7100 1.46 0.28258 1.0463 -0.81922 0.29655 0 393.38 -44.587 1.0093 0.033801 2125 858 607.15 0 0
7200 1.4903 0.29475 1.0367 -0.9622 0.33051 0 390.25 -47.003 1.0064 0.033524 2151.4 859 613.95 0 0
7300 1.4898 0.28461 1.1315 -1.03 0.31872 0 400.93 -47.028 0.98742 0.03339 2169.1 868 620.51 0 0
7400 1.4637 0.26227 1.0202 -0.97071 0.32025 0 419.74 -45.893 0.97401 0.033486 2185.9 866 626.83 0 0
7500 1.4552 0.31702 1.0895 -1.1072 0.32963 0 395.21 -40.194 0.97589 0.033998 2210.5 870 632.85 0 0
7600 1.4908 0.29534 1.0885 -1.1453 0.32041 0 393.74 -45.394 0.94976 0.033718 2220.3 876 638.85 0 0
7700 1.421 0.37284 1.1461 -1.0037 0.31161 0 400.31 -39.965 0.9262 0.033629 2230.6 879 644.26 0 0
7800 1.417 0.35306 1.0284 -0.89744 0.32551 0 395.06 -32.957 0.89481 0.033177 2233.1 891 649.65 0 0
7900 1.4053 0.33557 1.0064 -0.88645 0.3233 0 393.44 -28.021 0.86222 0.032956 2233.5 897 655.68 0 0
8000 1.4337 0.29655 1.0391 -1.0835 0.32135 0 399.62 -32.616 0.83865 0.032802 2241.8 901 661.27 0 0
8100 1.4484 0.3091 1.1159 -1.2558 0.31752 0 401.88 -35.287 0.81842 0.03277 2253.7 902 666.47 0 0
8200 1.4082 0.30832 1.0219 -1.3316 0.31872 0 419.76 -25.708 0.78842 0.0326 2256.3 907 671.94 0 0
8300 1.4297 0.31026 1.0225 -1.3153 0.30458 0 400.29 -29.938 0.76485 0.032489 2266 917 676.86 0 0
8400 1.4405 0.3404 1.046 -1.2434 0.31836 0 415.68 -34.822 0.74563 0.03205 2278.4 920 681.74 0 0
8500 1.3915 0.29419 0.98036 -1.2646 0.32138 0 411.59 -22.717 0.7242 0.032068 2288.4 923 686.44 0 0
8600 1.4748 0.33264 1.0231 -1.0975 0.3264 0 406.73 -41.269 0.70031 0.032486 2297.2 929 691.46 0 0
8700 1.425 0.37786 1.0952 -0.98405 0.35747 0 383.76 -39.719 0.67815 0.032258 2304 935 696.54 0 0
8800 1.3934 0.39062 0.89362 -0.96979 0.31369 0 417.26 -35.79 0.65617 0.032339 2313.9 931 701.42 0 0
8900 1.3917 0.34956 1.1033 -0.96501 0.33624 0 414.55 -23.957 0.64405 0.031804 2331.8 930 706.8 0 0
9000 1.3217 0.24399 0.96155 -0.8655 0.3115 0 413.28 -23.2 0.6162 0.031874 2333.5 928 711.02 0 0
9100 1.4547 0.29317 1.0537 -1.0342 0.32349 0 409.82 -36.614 0.59264 0.031969 2340.9 928 715.14 0 0
9200 1.5002 0.30733 1.0826 -0.98515 0.30008 0 389.72 -46.33 0.5673 0.031867 2344.9 931 720.37 0.002829 0
9300 1.4217 0.27817 1.0087 -1.0508 0.34685 0 378.09 -30.381 0.54132 0.031632 2348 938 726.05 0 0
9400 1.4932 0.32013 1.173 -0.99714 0.31874 0 399.9 -44.386 0.51835 0.031409 2353.4 938 731.44 0 0
9500 1.4603 0.3249 1.229 -1.1417 0.3467 0 392.39 -35.326 0.4933 0.03135 2357.1 940 736.88 0 0
9600 1.3898 0.27567 0.96699 -0.97956 0.30874 0 386.36 -24.332 0.47295 0.031063 2366.1 948 741.29 0 0
9700 1.3327 0.29484 1.0303 -1.0893 0.32524 0 381.02 -11.367 0.45164 0.031099 2374.2 947 745.19 0 0
9800 1.3578 0.34674 0.97133 -1.0759 0.31142 0 379.93 -15.901 0.43939 0.031035 2381 957 748.63 0 0
9900 1.4623 0.30501 1.0502 -0.99877 0.30544 0 392.36 -34.677 0.41553 0.031087 2384.6 955 752.82 0 0
10000 1.3811 0.29729 1.0115 -1.0918 0.30252 0 405.01 -18.962 0.39044 0.030924 2386 960 757.29 0 0
10100 1.3715 0.32646 1.0434 -1.0657 0.31488 0 397.58 -16.243 0.36763 0.030737 2390.6 967 761.37 0 0
10200 1.3195 0.31914 0.98578 -0.99467 0.3258 0 386.72 -6.8799 0.34842 0.030771 2400.4 966 765.35 0 0
10300 1.3483 0.3008 1.0412 -1.0059 0.29976 0 397.75 -12.436 0.34085 0.030851 2420.1 963 768.82 0 0
10400 1.4554 0.35861 1.0489 -0.99964 0.33747 0 400.05 -36.644 0.3213 0.03091 2427.6 961 772.75 0 0
10500 1.4171 0.27791 1.0985 -1.2085 0.33018 0 403.41 -28.266 0.29741 0.030722 2429 967 777.72 0 0
10600 1.4482 0.25947 1.0872 -1.126 0.32042 0 400.7 -39.533 0.27445 0.030528 2431.6 973 783.25 0 0
10700 1.3619 0.27333 0.97479 -1.1647 0.32279 0 390.95 -19.077 0.25838 0.030531 2442.4 974 788.81 0 0
10800 1.3597 0.256 0.97731 -0.99072 0.32449 0 391.13 -23.484 0.23944 0.030478 2449.8 976 794.2 0 0
10900 1.4003 0.32663 0.99949 -0.8361 0.30224 0 375.81 -21.04 0.21943 0.030222 2456.1 985 798.51 0 0
11000 1.365 0.26994 0.99132 -0.87584 0.30825 0 392.58 -20.095 0.19771 0.030137 2459.1 988 803.16 0 0
11100 1.4219 0.27662 1.0621 -0.85048 0.33289 0 389.6 -28.184 0.17466 0.029897 2459.6 996 807.94 0 0
11200 1.4073 0.3166 1.1171 -1.0517 0.31861 0 391.28 -21.234 0.15256 0.029721 2461.3 1002 812.11 0 0
11300 1.4096 0.28712 1.081 -1.0744 0.32308 0 397.91 -23.779 0.13215 0.029637 2465.3 1005 816.33 0 0
11400 1.411 0.27354 1.0715 -0.78886 0.31971 0 393.14 -26.319 0.11212 0.029639 2469.9 1005 821.29 0 0
11500 1.4789 0.27798 1.114 -1.1308 0.31455 0 398.35 -37.805 0.097698 0.029694 2482.4 1004 826.49 0 0
11600 1.344 0.28583 0.89975 -1.0338 0.30711 0 400.78 -13.801 0.087532 0.029729 2499.9 1004 830.89 0 0
11700 1.3554 0.27057 0.94496 -0.74794 0.33543 0 403.6 -17.861 0.073724 0.029758 2511 1006 834.92 0 0
11800 1.4652 0.30061 1.0633 -1.0748 0.34277 0 385.33 -32.494 0.05235 0.029846 2512.1 1003 840.06 0 0
11900 1.4491 0.31647 1.0466 -0.89082 0.32181 0 383.75 -28.072 0.037978 0.029569 2523.6 1015 844.5 0 0
12000 1.4368 0.27527 1.1747 -0.90048 0.3306 0 398.18 -29.724 0.018629 0.029336 2526.8 1021 849.66 0 0
12100 1.464 0.30226 1.2278 -1.0814 0.3633 0 381.65 -31.033 -0.002749 0.029165 2526.8 1027 855.62 0 0
12200 1.49 0.25069 1.2633 -0.91885 0.32058 0 389.36 -45.809 -0.023962 0.02894 2526.8 1035 861.48 0 0
12300 1.4671 0.28075 1.3295 -1.0409 0.30436 0 384.2 -33.508 -0.045002 0.028856 2526.8 1038 866.99 0 0
12400 1.4426 0.25397 1.3443 -1.1978 0.34633 0 370.2 -35.327 -0.065871 0.028553 2526.8 1049 872.85 0 0
12500 1.4612 0.27262 1.2927 -1.0706 0.30715 0 397.6 -33.447 -0.086573 0.028499 2526.8 1051 879.5 0 0
12600 1.4893 0.25226 1.3056 -0.81373 0.35245 0 401.5 -42.065 -0.10711 0.028098 2526.8 1066 885.58 0 0
12700 1.4846 0.26778 1.2934 -1.0372 0.31629 0 406.7 -36.641 -0.12748 0.028019 2526.8 1069 891.7 0 0
12800 1.4985 0.29673 1.3073 -1.2462 0.32482 0 392.95 -34.154 -0.1477 0.027811 2526.8 1077 897.56 0 0
12900 1.4542 0.28511 1.2786 -1.1402 0.32933 0 387.54 -29.83 -0.16776 0.02758 2526.8 1086 903.36 0 0
13000 1.4861 0.31176 1.3776 -1.0826 0.30421 0 397.98 -31.081 -0.18766 0.027205 2526.8 1101 908.8 0 0
13100 1.4991 0.24444 1.3625 -1.1098 0.31946 0 392.77 -43.413 -0.20741 0.027205 2526.8 1101 914.74 0 0
13200 1.4804 0.28548 1.2877 -1.0912 0.34211 0 390.52 -31.616 -0.22701 0.027131 2526.8 1104 920.8 0 0
13300 1.4756 0.25651 1.1429 -1.2721 0.32776 0 351.45 -36.33 -0.24646 0.026984 2526.8 1110 926.28 0 0
13400 1.3724 0.30026 1.1837 -1.1609 0.31833 0 367.05 -15.403 -0.26576 0.027008 2526.8 1109 931.54 0 0
13500 1.4551 0.36599 1.211 -1.2072 0.31125 0 387.71 -29.861 -0.28493 0.026984 2526.8 1110 936.48 0 0
13600 1.434 0.28248 1.2153 -1.1761 0.31488 0 397.49 -26.317 -0.30395 0.027008 2526.8 1109 941.8 0 0
13700 1.4829 0.2734 1.1461 -1.0121 0.33789 0 430.27 -32.105 -0.32283 0.02696 2526.8 1111 946.86 0 0
13800 1.5031 0.27751 1.3217 -1.186 0.31725 0 409.08 -34.275 -0.34157 0.026767 2526.8 1119 952.66 0.48073 0
13900 1.4512 0.25124 1.4161 -1.1516 0.33253 0 402.42 -34.209 -0.36018 0.026577 2526.8 1127 958.24 0 0
14000 1.4658 0.26141 1.1126 -1.1387 0.31277 0 405.92 -31.86 -0.37866 0.026413 2526.8 1134 963.81 0 0
14100 1.4279 0.27111 1.1154 -1.0462 0.32605 0 409.03 -26.977 -0.397 0.026274 2526.8 1140 969.32 0 0
14200 1.465 0.29705 1.1367 -1.0591 0.30112 0 431.64 -25.926 -0.41522 0.026228 2526.8 1142 974.8 0 0
14300 1.4909 0.24056 1.2393 -0.89744 0.31656 0 406.82 -40.553 -0.4333 0.026159 2526.8 1145 980.28 0 0
14400 1.3879 0.28268 1.1009 -0.87886 0.38066 0 383.07 -18.719 -0.45126 0.026091 2526.8 1148 985.48 0 0
14500 1.4513 0.28408 1.2577 -1.2503 0.32268 0 404.28 -25.317 -0.4691 0.026114 2526.8 1147 990.61 0 0
14600 1.4457 0.317 1.1684 -1.1257 0.30833 0 396.25 -23.807 -0.48681 0.026068 2526.8 1149 996.04 0 0
14700 1.5041 0.28449 1.248 -1.1536 0.34788 0 398.61 -29.627 -0.50441 0.026 2526.8 1152 1001.2 0.84114 0
14800 1.414 0.33621 1.1996 -1.2857 0.31396 0 397.49 -22.064 -0.52188 0.025978 2526.8 1153 1006.5 0 0
14900 1.4933 0.31407 1.334 -0.99322 0.30834 0 403.2 -26.039 -0.53923 0.02591 2526.8 1156 1011.7 0 0
15000 1.5094 0.36606 1.4132 -1.0315 0.32948 0 393.44 -33.837 -0.55647 0.025978 2526.8 1153 1017 4.38 0
15100 1.4979 0.31515 1.3075 -1.1208 0.32732 0 389.41 -25.471 -0.5736 0.025933 2526.8 1155 1022.1 0 0
15200 1.4952 0.28707 1.3003 -0.9855 0.31657 0 377.08 -26.543 -0.59061 0.025843 2526.8 1159 1027.2 0 0
15300 1.5003 0.30637 1.3217 -1.0147 0.32385 0 371.44 -25.57 -0.60751 0.025799 2526.8 1161 1032.2 0.005011 0
15400 1.4784 0.27009 1.2189 -1.1589 0.33854 0 403.89 -28.485 -0.6243 0.025622 2526.8 1169 1037.2 0 0
15500 1.4889 0.30241 1.2998 -1.1277 0.33438 0 393.82 -23.758 -0.64098 0.02547 2526.8 1176 1042.5 0 0
15600 1.459 0.29288 1.1852 -1.1272 0.32722 0 381.29 -22.727 -0.65755 0.025557 2526.8 1172 1047.6 0 0
15700 1.4531 0.21561 1.2699 -0.74539 0.32548 0 410.83 -47.544 -0.67402 0.0256 2526.8 1170 1053 0 0
15800 1.4873 0.25135 1.2307 -1.1553 0.32163 0 389.13 -33.333 -0.69038 0.025448 2526.8 1177 1059.1 0 0
15900 1.5008 0.24505 1.3097 -1.1382 0.30913 0 391.54 -37.268 -0.70664 0.025426 2526.8 1178 1065.2 0.033022 0
16000 1.4809 0.21441 1.2297 -0.95283 0.31955 0 412.79 -46.829 -0.7228 0.025213 2526.8 1188 1071.6 0 0
16100 1.3611 0.23978 0.98733 -0.95271 0.31888 0 406.51 -28.605 -0.73885 0.02517 2526.9 1190 1077.8 0 0
16200 1.4483 0.21377 1.1951 -1.0597 0.29967 0 407.49 -44.512 -0.75481 0.025149 2526.9 1191 1083.8 0 0
16300 1.4126 0.25413 1.1496 -0.95247 0.32418 0 373.23 -26.575 -0.77067 0.025002 2526.9 1198 1089.1 0 0
16400 1.4359 0.28409 1.2244 -0.98358 0.3243 0 372.8 -22.02 -0.78643 0.025065 2526.9 1195 1094.6 0 0
16500 1.4433 0.31522 1.233 -1.068 0.32208 0 390.27 -19.543 -0.8021 0.024981 2526.9 1199 1099.7 0 0
16600 1.3997 0.30317 1.1703 -1.116 0.32195 0 397.01 -18.162 -0.81767 0.024857 2526.9 1205 1104.5 0 0
16700 1.4064 0.24341 1.1186 -1.051 0.32577 0 405.25 -29.912 -0.83314 0.024857 2526.9 1205 1109.2 0 0
16800 1.499 0.31182 1.3051 -0.92294 0.30857 0 395.95 -22.802 -0.84853 0.024795 2526.9 1208 1115.1 0 0
16900 1.5051 0.27771 1.231 -0.84474 0.31539 0 389.67 -27.995 -0.86382 0.024878 2526.9 1204 1120.3 1.3082 0
17000 1.496 0.28285 1.2664 -1.0703 0.31609 0 387.83 -24.76 -0.87902 0.024878 2526.9 1204 1125.2 0 0
17100 1.4721 0.32351 1.2173 -1.1301 0.31352 0 385.58 -18.777 -0.89413 0.024981 2526.9 1199 1129.9 0 0
17200 1.4692 0.38293 1.1509 -1.2876 0.32909 0 420.3 -27.404 -0.90915 0.025044 2526.9 1196 1134.6 0 0
17300 1.4212 0.36322 1.1634 -1.1004 0.31224 0 387.99 -19.468 -0.92409 0.024981 2527 1199 1139.4 0 0
17400 1.4557 0.29661 1.2724 -1.0807 0.33766 0 382.12 -18.865 -0.93893 0.025002 2527 1198 1144.3 0 0
17500 1.4954 0.30499 1.3196 -0.89934 0.32044 0 375.63 -21.105 -0.9537 0.024795 2527 1208 1149 0 0
17600 1.5082 0.30339 1.1845 -1.1737 0.34212 0 387.39 -23.087 -0.96838 0.024795 2527 1208 1153.6 3.3398 0
17700 1.4773 0.32439 1.1981 -1.1119 0.33066 0 411.97 -17.16 -0.98298 0.024632 2527 1216 1158.9 0 0
17800 1.505 0.35615 1.1749 -1.1033 0.33101 0 400.94 -23.36 -0.9975 0.024673 2527 1214 1163.5 1.2357 0
17900 1.501 0.35635 1.209 -1.1994 0.32019 0 390.84 -21.981 -1.0119 0.024451 2527 1225 1169.9 0.050106 0
18000 1.447 0.38008 1.1904 -0.85971 0.33011 0 378.95 -22.792 -1.0263 0.024332 2527 1231 1174.7 0 0
18100 1.4397 0.33394 1.2111 -1.1163 0.31198 0 374.44 -16.028 -1.0406 0.024411 2527 1227 1179.6 0 0
18200 1.4387 0.44143 1.2691 -1.3097 0.30824 0 379.98 -47.139 -1.0548 0.024253 2527 1235 1184.6 0 0
18300 1.443 0.41454 1.2059 -1.155 0.33197 0 400.5 -33.094 -1.0689 0.02402 2527 1247 1192 0 0
18400 1.4571 0.39543 1.2643 -1.0002 0.33387 0 406.77 -26.213 -1.0829 0.023924 2527 1252 1197.8 0 0
18500 1.4342 0.38738 1.456 -0.9928 0.31693 0 393.34 -22.278 -1.0969 0.023659 2527 1266 1203.2 0 0
18600 1.4483 0.38807 1.4054 -1.1602 0.32434 0 379.91 -23.135 -1.1108 0.023585 2527.1 1270 1208.5 0 0
18700 1.3511 0.40327 1.2797 -0.89639 0.32025 0 388.84 -28.375 -1.1246 0.023456 2527.1 1277 1214 0 0
18800 1.3987 0.37696 1.3649 -1.1139 0.31195 0 416.53 -18.284 -1.1383 0.023456 2527.1 1277 1219.3 0 0
18900 1.4591 0.39232 1.4305 -1.0287 0.32925 0 391.9 -24.146 -1.152 0.023382 2527.1 1281 1225.4 0 0
19000 1.4126 0.32071 1.4388 -1.2419 0.31991 0 388.19 -15.838 -1.1656 0.023328 2527.2 1284 1230.4 0 0
19100 1.4163 0.32501 1.4867 -0.98966 0.33013 0 395.91 -14.86 -1.1791 0.023255 2527.2 1288 1235.2 0 0
19200 1.4872 0.28574 1.5692 -0.90655 0.33672 0 402.78 -21.926 -1.1925 0.023201 2527.2 1291 1240 0 0
19300 1.4179 0.31061 1.3691 -0.90735 0.32531 0 393.29 -14.857 -1.2059 0.02322 2527.3 1290 1245.3 0 0
19400 1.3869 0.39617 1.3813 -1.0653 0.33045 0 402.19 -23.408 -1.2192 0.023148 2527.4 1294 1250.2 0 0
19500 1.4667 0.348 1.4257 -0.95696 0.33896 0 386.87 -15.444 -1.2324 0.023077 2527.4 1298 1255.2 0 0
19600 1.4188 0.35404 1.4457 -1.0546 0.31942 0 389.18 -13.634 -1.2456 0.023094 2527.4 1297 1260.7 0 0
19700 1.3876 0.3188 1.5591 -1.0938 0.32386 0 412.01 -13.711 -1.2587 0.023112 2527.5 1296 1265.3 0 0
19800 1.3875 0.32757 1.3594 -0.9067 0.33231 0 399.15 -13.497 -1.2717 0.023113 2527.6 1296 1269.9 0 0
19900 1.3669 0.32912 1.3208 -0.79694 0.30449 0 400.65 -12.946 -1.2846 0.023166 2527.6 1293 1274.6 0 0
20000 1.405 0.29427 1.4869 -1.0402 0.30197 0 400.51 -14.474 -1.2975 0.023077 2527.7 1298 1279.3 0 0
20100 1.4011 0.29282 1.4723 -1.0406 0.31408 0 385.32 -14.392 -1.3103 0.023095 2527.8 1297 1284.3 0 0
20200 1.4427 0.2505 1.3951 -1.0974 0.32699 0 390.98 -26.903 -1.323 0.02306 2527.9 1299 1289.1 0 0
20300 1.4659 0.26592 1.2292 -1.0234 0.33045 0 362.12 -22.359 -1.3357 0.022954 2528 1305 1295 0 0
20400 1.4298 0.28795 1.1698 -0.96291 0.3445 0 381.28 -14.546 -1.3483 0.023078 2528.1 1298 1300.7 0 0
20500 1.4379 0.27467 1.2264 -1.246 0.30921 0 398.55 -17.834 -1.3609 0.023024 2528.1 1301 1307.1 0 0
20600 1.4103 0.2361 1.2545 -0.90115 0.31449 0 410.95 -30.829 -1.3734 0.023024 2528.2 1301 1313.4 0 0
20700 1.391 0.25044 1.3648 -1.1493 0.31815 0 420.33 -23.756 -1.3859 0.023024 2528.3 1301 1319.8 0 0
20800 1.4075 0.24516 1.3824 -1.0003 0.32484 0 402.67 -25.619 -1.3982 0.02299 2528.4 1303 1325.4 0 0
20900 1.3132 0.21405 1.3454 -1.0753 0.28686 0 414.61 -35.06 -1.4105 0.023114 2528.5 1296 1331.1 0 0
21000 1.39 0.23777 1.3625 -1.0371 0.33099 0 414.21 -28.033 -1.4228 0.023043 2528.6 1300 1337 0 0
21100 1.3552 0.19551 1.4497 -0.99805 0.32842 0 400.19 -45.055 -1.435 0.022763 2528.7 1316 1344.6 0 0
21200 1.4089 0.20336 1.4888 -0.92005 0.31988 0 401.83 -44.206 -1.4471 0.022798 2528.8 1314 1352.8 0 0
21300 1.4028 0.22087 1.5289 -1.0155 0.31631 0 405.27 -35.201 -1.4592 0.022643 2528.9 1323 1360.5 0 0
21400 1.3835 0.24879 1.478 -0.82614 0.3289 0 415.52 -22.766 -1.4712 0.02266 2529 1322 1367.4 0 0
21500 1.3323 0.23365 1.4733 -0.85794 0.34995 0 417.64 -24.699 -1.4832 0.022643 2529.1 1323 1372.9 0 0
21600 1.3951 0.19104 1.455 -1.0872 0.33173 0 395.81 -45.018 -1.4951 0.02266 2529.2 1322 1378.6 0 0
21700 1.4119 0.24326 1.5439 -1.0461 0.31244 0 405.06 -25.177 -1.507 0.022575 2529.2 1327 1384.5 0 0
21800 1.3563 0.25547 1.4923 -1.0926 0.32882 0 400.13 -18.263 -1.5188 0.022423 2529.4 1336 1389.8 0 0
21900 1.3715 0.22969 1.4538 -1.1722 0.31445 0 394.81 -27.034 -1.5305 0.02244 2529.5 1335 1395.8 0 0
22000 1.3871 0.26212 1.3174 -0.99796 0.30445 0 418.33 -17.201 -1.5422 0.022257 2529.6 1346 1401.9 0 0
22100 1.4233 0.22204 1.2665 -1.0919 0.31518 0 393.78 -31.533 -1.5538 0.022175 2529.8 1351 1408.6 0 0
22200 1.4127 0.23406 1.2974 -1.0384 0.33609 0 405.77 -26.118 -1.5654 0.022208 2529.9 1349 1414.3 0 0
22300 1.4379 0.22948 1.2619 -0.96097 0.30101 0 407.97 -28.868 -1.5769 0.022208 2530 1349 1420 0 0
22400 1.4549 0.21163 1.206 -1.0356 0.29667 0 405.37 -37.945 -1.5884 0.022241 2530.1 1347 1426.1 0 0
22500 1.4134 0.23151 1.2194 -1.0008 0.31555 0 403.49 -25.505 -1.5997 0.022159 2530.3 1352 1432.7 0 0
22600 1.3669 0.2657 1.2472 -0.99558 0.31546 0 423.5 -15.782 -1.6111 0.022159 2530.4 1352 1438.8 0 0
22700 1.3775 0.23994 1.1422 -1.1498 0.33923 0 398.56 -21.576 -1.6224 0.022045 2530.5 1359 1443.9 0 0
22800 1.4343 0.25432 1.1918 -1.0306 0.30594 0 403.01 -19.147 -1.6337 0.022013 2530.6 1361 1448.8 0 0
22900 1.3629 0.2792 1.0994 -0.97789 0.3136 0 422.61 -12.868 -1.645 0.022013 2530.7 1361 1453.8 0 0
23000 1.439 0.18422 1.2098 -1.1321 0.32194 0 407.59 -49.243 -1.6562 0.021917 2530.8 1367 1459.2 0 0
23100 1.3816 0.1902 1.1438 -0.97945 0.30913 0 412.66 -41.784 -1.6673 0.021789 2530.8 1375 1467 0 0
23200 1.452 0.24245 1.1865 -0.8335 0.32132 0 409.05 -23.883 -1.6784 0.021774 2530.9 1376 1473.7 0 0
23300 1.2978 0.19465 1.2492 -1.1804 0.31034 0 389.06 -40.37 -1.6894 0.021663 2531 1383 1480.2 0 0
23400 1.4282 0.20909 1.2659 -0.94842 0.3149 0 412.6 -34.115 -1.7004 0.02157 2531.2 1389 1488.3 0 0
23500 1.3567 0.22381 1.3322 -1.0812 0.30591 0 411.43 -25.004 -1.7113 0.021524 2531.4 1392 1494.5 0 0
23600 1.3747 0.25722 1.3366 -0.99039 0.32484 0 405.14 -15.519 -1.7222 0.021462 2531.5 1396 1500.8 0 0
23700 1.4352 0.25213 1.4092 -0.82893 0.30596 0 419.8 -19.313 -1.733 0.021602 2531.7 1387 1506.1 0 0
23800 1.3373 0.29256 1.3416 -0.98043 0.30771 0 428.3 -10.274 -1.7437 0.021556 2531.9 1390 1511 0 0
23900 1.3082 0.21766 1.4131 -1.3736 0.29975 0 420.26 -28.57 -1.7545 0.021464 2532 1396 1517.8 0 0
24000 1.3412 0.18548 1.4781 -1.2792 0.32383 0 414.32 -39.999 -1.7651 0.021387 2532.2 1401 1524.1 0 0
24100 1.3087 0.21023 1.3788 -1.1099 0.32351 0 408.05 -30.419 -1.7758 0.021326 2532.2 1405 1531.4 0 0
24200 1.3317 0.17562 1.3541 -1.0808 0.31649 0 408.38 -43.765 -1.7865 0.021116 2532.3 1419 1539.2 0 0
24300 1.2709 0.21195 1.3683 -0.98272 0.32311 0 387.44 -30.165 -1.7971 0.020998 2532.3 1427 1546.8 0 0
24400 1.2912 0.2312 1.3279 -1.0269 0.33066 0 413.83 -22.352 -1.8076 0.020983 2532.4 1428 1553.3 0 0
24500 1.2904 0.20861 1.355 -1.0827 0.31112 0 421.24 -29.127 -1.8181 0.020998 2532.5 1427 1559.4 0 0
24600 1.292 0.23557 1.3763 -1.0431 0.32464 0 381.91 -20.482 -1.8285 0.021057 2532.6 1423 1566.1 0 0
24700 1.3466 0.22916 1.414 -1.1582 0.32564 0 418.53 -21.573 -1.8389 0.020969 2532.8 1429 1572.1 0 0
24800 1.2575 0.21185 1.4144 -1.0908 0.31063 0 413.16 -23.106 -1.8493 0.020896 2532.9 1434 1578.9 0 0
24900 1.2829 0.19179 1.4802 -1.1181 0.31376 0 411.08 -32.596 -1.8595 0.020838 2533.2 1438 1586.8 0 0
25000 1.3159 0.19473 1.386 -1.1763 0.34732 0 391.24 -31.478 -1.8697 0.020781 2533.5 1442 1594.2 0 0
25100 1.4102 0.18206 1.4804 -1.0465 0.31326 0 395.74 -41.59 -1.8797 0.020695 2533.9 1448 1602.2 0 0
25200 1.3031 0.17739 1.4091 -1.0456 0.33248 0 394.62 -37.226 -1.8898 0.020582 2534.3 1456 1609.7 0 0
25300 1.2995 0.21935 1.4191 -1.0657 0.31762 0 366.78 -22.865 -1.8998 0.020625 2534.6 1453 1616.8 0 0
25400 1.3416 0.19701 1.3204 -0.96279 0.3108 0 405.91 -29.838 -1.9099 0.020486 2534.9 1463 1623.9 0 0
25500 1.3168 0.18975 1.3007 -1.0767 0.31131 0 381.46 -30.677 -1.9199 0.020514 2535.2 1461 1630.7 0 0
25600 1.3171 0.24018 1.4965 -1.0784 0.32744 0 363.66 -18.998 -1.9298 0.020417 2535.4 1468 1638.3 0 0
25700 1.3471 0.24591 1.3652 -1.1115 0.31415 0 402.51 -17.095 -1.9398 0.020238 2535.5 1481 1643.9 0 0
25800 1.3438 0.27033 1.4167 -1.246 0.30811 0 384.77 -12.762 -1.9497 0.02017 2535.7 1486 1649.4 0 0
25900 1.3064 0.20519 1.3365 -1.1373 0.322 0 391.52 -25.706 -1.9596 0.020225 2536 1482 1655.8 0 0
26000 1.3839 0.22772 1.4059 -1.0683 0.33249 0 397.18 -20.889 -1.9694 0.02013 2536.1 1489 1662 0 0
26100 1.3631 0.20133 1.3546 -1.1388 0.33567 0 408.25 -27.61 -1.9791 0.02013 2536.5 1489 1668.6 0 0
26200 1.2961 0.23929 1.336 -1.1852 0.32798 0 408.97 -17.492 -1.9887 0.020049 2537.1 1495 1674.6 0 0
26300 1.3462 0.26127 1.3888 -0.90375 0.32301 0 393.6 -13.659 -1.9982 0.02005 2537.7 1495 1680 0 0
26400 1.3285 0.2581 1.3362 -0.84448 0.31733 0 373.26 -13.738 -2.0077 0.019984 2538.2 1500 1685.2 0 0
26500 1.4022 0.25657 1.5684 -1.4993 0.31728 0 383.39 -14.87 -2.0172 0.019826 2538.7 1512 1690.2 0 0
26600 1.3956 0.26893 1.3248 -1.06 0.31596 0 367.44 -12.016 -2.0266 0.019709 2539.2 1521 1695.7 0 0
26700 1.3321 0.24445 1.2465 -1.0938 0.3393 0 421.09 -14.809 -2.0361 0.019568 2539.7 1532 1701.1 0 0
26800 1.3154 0.25953 1.3714 -1.0846 0.31679 0 379.56 -12.117 -2.0454 0.019494 2540.3 1538 1706.3 0 0
26900 1.328 0.26412 1.3354 -1.0327 0.32142 0 398.31 -11.214 -2.0548 0.019431 2540.7 1543 1711.5 0 0
27000 1.3761 0.26681 1.395 -1.0261 0.31499 0 363.92 -11.116 -2.064 0.01933 2541.3 1551 1716.6 0 0
27100 1.3015 0.27 1.3342 -0.93127 0.32692 0 393.06 -8.8376 -2.0732 0.019307 2542 1553 1721.7 0 0
27200 1.3189 0.28138 1.3386 -1.1649 0.3347 0 381.36 -8.0729 -2.0823 0.019295 2542.8 1554 1726.4 0 0
27300 1.2666 0.19747 1.3471 -0.95629 0.33561 0 357.92 -26.777 -2.0913 0.019248 2543.7 1558 1732 0 0
27400 1.4639 0.20765 1.4782 -0.94533 0.32828 0 378.5 -37.163 -2.1005 0.019247 2544.1 1558 1738.7 0 0
27500 1.255 0.23608 1.3373 -0.88696 0.32551 0 399.37 -14.604 -2.1095 0.019186 2544.9 1563 1744.7 0 0
27600 1.2712 0.21955 1.3696 -0.95545 0.33812 0 397.85 -18.803 -2.1184 0.019152 2545.8 1566 1751 0 0
27700 1.4001 0.21775 1.3683 -1.1074 0.32327 0 373.6 -24.064 -2.1272 0.019141 2546.8 1567 1757.1 0 0
27800 1.2515 0.20764 1.2923 -0.84534 0.30104 0 375.95 -21.889 -2.136 0.019094 2547.8 1571 1763 0 0
27900 1.2521 0.25279 1.2681 -1.2384 0.32548 0 381.21 -9.0549 -2.1443 0.018986 2549.7 1580 1768.9 0 0
28000 1.3384 0.26926 1.3715 -1.2966 0.31108 0 414.89 -9.5237 -2.1527 0.019035 2551.3 1576 1773.8 0 0
28100 1.3462 0.27331 1.4232 -1.378 0.30075 0 390.52 -9.3196 -2.1612 0.019015 2552.7 1578 1778.4 0 0
28200 1.259 0.27442 1.3069 -1.5197 0.32519 0 407.97 -3.7148 -2.1698 0.019016 2553.7 1578 1783.2 0 0
28300 1.3255 0.29341 1.3437 -1.0707 0.33334 0 387.35 -6.3945 -2.1781 0.01889 2555.3 1589 1787.8 0 0
28400 1.2708 0.27595 1.3332 -1.2505 0.32209 0 410.5 -4.1932 -2.1869 0.018795 2555.9 1597 1792.7 0 0
28500 1.3445 0.29947 1.3822 -1.0515 0.3262 0 391.92 -7.0236 -2.195 0.018834 2557.7 1594 1797.4 0 0
28600 1.332 0.27451 1.3063 -1.2411 0.30668 0 396.65 -6.5656 -2.2035 0.018846 2558.8 1593 1802.1 0 0
28700 1.2918 0.25956 1.2861 -1.0439 0.32488 0 404.21 -7.615 -2.212 0.018954 2559.8 1584 1806.9 0 0
28800 1.3787 0.30079 1.4736 -1.4068 0.32677 0 402.44 -6.6006 -2.2195 0.018906 2562.7 1589 1811.3 0 0
28900 1.348 0.31998 1.4982 -1.0787 0.32447 0 395.9 -5.3566 -2.2268 0.018942 2565.9 1586 1816 0 0
29000 1.3667 0.2844 1.5343 -1.3672 0.30276 0 397.6 -7.7142 -2.2345 0.01892 2568.3 1588 1820.6 0 0
29100 1.3726 0.27788 1.5136 -1.0084 0.31661 0 401.91 -8.0212 -2.2422 0.018912 2570.5 1589 1825.3 0 0
29200 1.3452 0.35195 1.4948 -1.218 0.29723 0 405.02 -6.8973 -2.2497 0.018939 2573.3 1587 1830.1 0 0
29300 1.4193 0.32593 1.5644 -1.2798 0.32999 0 391.77 -2.6894 -2.2566 0.018767 2576.9 1602 1834.7 0 0
29400 1.3825 0.29191 1.5531 -1.3731 0.33554 0 364.51 -5.7853 -2.2635 0.018736 2580.6 1605 1839.4 0 0
29500 1.3578 0.30833 1.5196 -1.3404 0.33257 0 383.11 -3.6794 -2.2699 0.01866 2585.5 1612 1843.9 0 0
29600 1.2909 0.29977 1.3019 -1.4534 0.31506 0 392.15 -1.8248 -2.2763 0.018611 2589.9 1617 1848.7 0 0
29700 1.3432 0.31183 1.4002 -1.272 0.30945 0 402.23 -3.0461 -2.2815 0.018557 2596.8 1623 1853.1 0 0
29800 1.3234 0.27368 1.364 -1.1301 0.29968 0 397.18 -4.1342 -2.2874 0.018589 2602.4 1621 1857.6 0 0
29900 1.3596 0.27142 1.4277 -1.3307 0.2959 0 376.39 -5.9819 -2.2934 0.018575 2607.6 1623 1862.4 0 0
30000 1.4231 0.27246 1.4002 -1.0743 0.29619 0 411.18 -10.575 -2.2995 0.018543 2612.4 1626 1867.2 0 0
30100 1.2756 0.26635 1.271 -1.1687 0.30934 0 388.02 -5.186 -2.3061 0.018525 2616.5 1628 1871.8 0 0
30200 1.2504 0.27663 1.2632 -1.5434 0.31342 0 391.75 -1.4915 -2.3101 0.01855 2625.1 1627 1876.2 0 0
30300 1.263 0.28299 1.2409 -1.1621 0.32978 0 395.39 -1.0265 -2.3126 0.018527 2636.6 1631 1880.4 0 0
30400 1.2599 0.23339 1.3617 -1.3031 0.33177 0 397 -14.661 -2.3151 0.018524 2648.1 1634 1884.7 0 0
30500 1.2571 0.29822 1.3208 -1.3191 0.32964 0 391.22 1.9498 -2.3181 0.018465 2658.2 1640 1889 0 0
30600 1.2809 0.32075 1.2946 -1.1734 0.31215 0 375.31 0.72237 -2.3184 0.018492 2672.1 1636 1893.1 0 0
30700 1.2585 0.28749 1.257 -1.3786 0.32365 0 386.07 0.99497 -2.3215 0.018478 2682.4 1638 1897.4 0 0
30800 1.2712 0.29727 1.3295 -1.1705 0.3479 0 400.33 1.7147 -2.3159 0.018465 2701.8 1637 1901.5 0 0
30900 1.2959 0.27651 1.334 -1.4864 0.32022 0 387.44 -1.8827 -2.3089 0.018393 2722.6 1647 1905.4 0 0
31000 1.324 0.33879 1.3588 -1.2176 0.33594 0 380.51 -4.9218 -2.301 0.018436 2746.3 1649 1909.4 0 0
31100 1.2591 0.26161 1.2138 -1.5083 0.30207 0 370.64 -4.4863 -2.272 0.018594 2770.7 1650 1913.2 0 0
31200 1.2515 0.28693 1.3178 -1.3661 0.32289 0 352.82 1.9605 -2.2409 0.018554 2793.6 1650 1916.8 0 0
31300 1.2071 0.32776 1.2575 -1.1896 0.30475 0 404.69 7.9744 -2.2212 0.018536 2816.1 1652 1920.6 0 0
31400 1.2589 0.2636 1.2615 -1.3241 0.31953 0 393.4 -3.4682 -2.209 0.018581 2836.2 1650 1924.4 0 0
31500 1.294 0.34284 1.3509 -1.2323 0.32968 0 387.61 -1.3613 -2.1916 0.018167 2842.7 1651 1928.3 0 0
31600 1.2851 0.36063 1.3378 -1.383 0.34918 0 392.55 -3.2062 -2.1869 0.018128 2863.2 1654 1932.5 0 0
31700 1.3318 0.35801 1.3762 -1.3822 0.33513 0 417.09 -8.4204 -2.1929 0.018093 2867.7 1655 1937.9 0 0
31800 1.2995 0.40043 1.253 -1.2613 0.31141 0 404.76 -14.529 -2.1997 0.018088 2870.5 1656 1943 0 0
31900 1.2797 0.36534 1.1371 -1.169 0.33629 0 400.95 -2.6106 -2.2036 0.018089 2879.4 1657 1947.6 0 0
32000 1.23 0.24381 1.1252 -1.4155 0.30108 0 390.81 -7.9685 -2.1974 0.018161 2902.2 1655 1951.8 0 0
32100 1.3135 0.27757 1.2314 -1.4221 0.31131 0 400.65 -1.8615 -2.1917 0.018181 2924.3 1650 1955.8 0 0
32200 1.2432 0.25608 1.1223 -1.3402 0.31647 0 380.93 -5.4587 -2.193 0.018125 2938.1 1658 1959.9 0 0
32300 1.2701 0.23536 1.1726 -1.3208 0.32137 0 381.36 -13.194 -2.1983 0.018109 2944 1660 1964.6 0 0
32400 1.2903 0.28094 1.1765 -1.4395 0.30812 0 383.17 0.092278 -2.1965 0.018057 2959.5 1667 1968.7 0 0
32500 1.2752 0.31073 1.1992 -1.4977 0.31474 0 380.06 3.6235 -2.1975 0.018084 2973.9 1667 1972.8 0 0
32600 1.3207 0.24713 1.333 -1.3568 0.30904 0 388.08 -8.924 -2.1987 0.018062 2987.5 1676 1976.9 0 0
32700 1.2812 0.29431 1.3188 -1.3139 0.30475 0 396.01 2.5198 -2.1994 0.018043 3000.1 1679 1980.8 0 0
32800 1.2727 0.25325 1.3629 -1.3391 0.3152 0 385.03 -5.2975 -2.2023 0.017975 3010.4 1685 1985.3 0 0
32900 1.3168 0.20785 1.2826 -1.2589 0.29577 0 367.49 -19.792 -2.204 0.017961 3019.5 1688 1989.9 0 0
33000 1.2417 0.26653 1.2433 -1.1907 0.31274 0 379.68 -0.8159 -2.2069 0.01793 3030.2 1692 1994.5 0 0
33100 1.2541 0.25387 1.2708 -1.3368 0.30938 0 357.47 -4.1191 -2.2103 0.017976 3040 1688 1999.3 0 0
33200 1.3142 0.25867 1.3385 -1.2368 0.304 0 379.02 -4.3901 -2.2141 0.017981 3048.9 1689 2004.1 0 0
33300 1.2406 0.21618 1.286 -1.3575 0.30994 0 364.03 -16.772 -2.2155 0.017984 3061.6 1690 2008.9 0 0
33400 1.3198 0.24854 1.3771 -1.3929 0.29965 0 388.21 -7.2858 -2.219 0.018022 3070.7 1689 2013.2 0 0
33500 1.3318 0.23911 1.3414 -0.99055 0.31626 0 382.41 -10.686 -2.2251 0.017995 3074.4 1692 2018 0 0
33600 1.3294 0.24357 1.3838 -1.0676 0.2972 0 377.64 -8.6009 -2.2299 0.017973 3080.9 1694 2022.9 0 0
33700 1.3928 0.25607 1.6149 -1.1035 0.30313 0 381.38 -12.123 -2.235 0.017981 3086.6 1694 2027.5 0 0
33800 1.3212 0.22604 1.4732 -1.2457 0.31816 0 397.95 -13.342 -2.2403 0.018053 3092.1 1688 2032.1 0 0
33900 1.3217 0.21484 1.4026 -1.1642 0.32099 0 403.51 -16.562 -2.2456 0.01804 3097.3 1690 2036.8 0 0
34000 1.3367 0.22538 1.4182 -1.1492 0.32161 0 362.67 -13.528 -2.2518 0.018024 3100.6 1692 2041.6 0 0
34100 1.3318 0.28294 1.5025 -1.2282 0.3213 0 395.71 -0.55832 -2.256 0.017976 3108.2 1697 2046.1 0 0
34200 1.3401 0.22294 1.4922 -1.0809 0.309 0 402.83 -14.277 -2.2626 0.018052 3110.5 1690 2051 0 0
34300 1.4329 0.21752 1.6001 -1.0376 0.31992 0 395.55 -28.142 -2.2691 0.017897 3112.9 1705 2058 0 0
34400 1.3133 0.22315 1.4806 -1.1988 0.31538 0 377.92 -12.592 -2.2757 0.017764 3115 1718 2065.2 0 0
34500 1.4327 0.19783 1.5176 -1.5722 0.30516 0 389.27 -33.841 -2.2819 0.017725 3118 1722 2071.5 0 0
34600 1.4925 0.19572 1.6002 -1.3498 0.31859 0 382.65 -47.167 -2.2881 0.017791 3120.9 1716 2078.9 0 0
34700 1.3703 0.19207 1.3827 -1.1924 0.30435 0 381.58 -26.954 -2.2943 0.017692 3123.8 1726 2086.6 0 0
34800 1.2676 0.16115 1.3611 -1.3447 0.31384 0 377.3 -43.071 -2.3002 0.017681 3127.2 1728 2093.8 0 0
34900 1.3476 0.17541 1.3385 -1.2361 0.29994 0 403.6 -31.922 -2.3062 0.017554 3130.4 1740 2101.4 0 0
35000 1.2927 0.16231 1.3891 -1.1692 0.3177 0 386.67 -38.464 -2.3107 0.01752 3136.9 1744 2110.1 0 0
35100 1.3375 0.19704 1.5414 -1.3904 0.30547 0 388.69 -21.134 -2.3167 0.017531 3139.9 1743 2116.6 0 0
35200 1.2467 0.20744 1.4411 -1.2476 0.31879 0 391.19 -19.526 -2.3205 0.017473 3148.1 1750 2123.2 0 0
35300 1.2786 0.22867 1.4898 -1.2402 0.32037 0 387.79 -10.321 -2.3253 0.01745 3153.9 1754 2128.9 0 0
35400 1.3054 0.19902 1.5085 -1.2196 0.31932 0 395.1 -19.168 -2.3298 0.017454 3160.6 1754 2135 0 0
35500 1.2794 0.18031 1.5104 -1.3988 0.30421 0 407.46 -27.419 -2.3341 0.017465 3167.4 1753 2140.7 0 0
35600 1.2834 0.19712 1.4764 -1.5197 0.30511 0 408 -18.677 -2.3383 0.017423 3174.4 1759 2147.4 0 0
35700 1.3288 0.20016 1.5845 -1.4582 0.3194 0 405.96 -17.547 -2.3422 0.017422 3182 1760 2153.7 0 0
35800 1.3386 0.22554 1.5063 -1.1957 0.31607 0 387.48 -11.636 -2.3492 0.017442 3182.3 1758 2159.3 0 0
35900 1.2352 0.16725 1.3591 -1.1215 0.31313 0 394.9 -38.78 -2.3561 0.017266 3183.1 1776 2165.7 0 0
36000 1.3015 0.20446 1.4476 -1.245 0.2817 0 404.34 -14.701 -2.3582 0.017256 3194.5 1779 2171.8 0 0
36100 1.4033 0.22157 1.4794 -1.267 0.32518 0 370.36 -21.341 -2.363 0.017203 3199.9 1786 2177.8 0 0
36200 1.2314 0.1994 1.446 -1.0255 0.33808 0 392.85 -22.045 -2.3648 0.017152 3211.8 1794 2184.5 0 0
36300 1.3353 0.18329 1.475 -1.001 0.29993 0 398.01 -22.443 -2.3696 0.017075 3217.2 1803 2191.2 0 0
36400 1.3029 0.20756 1.4341 -1.2312 0.31558 0 372.27 -12.897 -2.375 0.017031 3221.1 1808 2197.2 0 0
36500 1.3123 0.14686 1.4661 -1.1523 0.31612 0 394.99 -42.31 -2.382 0.016993 3221.3 1812 2203.6 0 0
36600 1.2682 0.2126 1.4624 -1.4308 0.31052 0 375.14 -11.954 -2.3887 0.01705 3222.1 1806 2209.5 0 0
36700 1.2129 0.16589 1.3475 -1.4279 0.30686 0 403.56 -40.919 -2.3956 0.016958 3222.5 1816 2216.3 0 0
36800 1.3123 0.20555 1.4037 -1.2311 0.31975 0 380.38 -12.606 -2.4026 0.016893 3222.6 1823 2223.4 0 0
36900 1.2753 0.18155 1.3577 -1.1404 0.28869 0 399.24 -20.504 -2.4095 0.016737 3222.7 1840 2230.1 0 0
37000 1.3502 0.22806 1.4533 -1.2155 0.3132 0 394.77 -11.697 -2.4164 0.016692 3222.8 1845 2236.8 0 0
37100 1.3316 0.1823 1.3964 -1.2656 0.30497 0 394.31 -20.708 -2.423 0.016657 3223.8 1849 2243.2 0 0
37200 1.3091 0.16579 1.4763 -0.79222 0.30985 0 377.13 -26.754 -2.4293 0.016657 3225.3 1849 2250.3 0 0
37300 1.3429 0.2102 1.4772 -1.2885 0.31201 0 393.08 -13.265 -2.4361 0.016639 3225.6 1851 2256.1 0 0
37400 1.3151 0.18414 1.465 -1.3107 0.30658 0 404.67 -18.061 -2.4419 0.016626 3228.1 1853 2261.7 0 0
37500 1.3582 0.21234 1.5828 -1.2109 0.30122 0 380.3 -15.16 -2.4469 0.016667 3232.5 1849 2267.1 0 0
37600 1.2649 0.19717 1.4246 -1.1461 0.31409 0 381.86 -15.13 -2.4529 0.016663 3234.4 1850 2273.1 0 0
37700 1.3893 0.19864 1.5804 -1.3305 0.31846 0 390.17 -23.108 -2.4592 0.016691 3235.8 1847 2279.4 0 0
37800 1.2306 0.20383 1.4015 -1.3722 0.32234 0 391.28 -18.018 -2.4656 0.016629 3236.8 1854 2284.6 0 0
37900 1.2255 0.19057 1.3901 -1.2813 0.31415 0 358.4 -22.268 -2.4724 0.016584 3236.9 1859 2291 0 0
38000 1.2461 0.17418 1.3239 -1.4869 0.30932 0 392.04 -24.471 -2.4791 0.016522 3237 1866 2298 0 0
38100 1.1977 0.18722 1.2041 -1.1235 0.29818 0 395.62 -23.406 -2.4859 0.016461 3237.1 1873 2305 0 0
38200 1.2287 0.15788 1.2567 -1.1478 0.31975 0 391.29 -35.222 -2.4922 0.016452 3238 1874 2313.2 0 0
38300 1.2184 0.15908 1.2825 -1.109 0.3012 0 394.8 -35.229 -2.4989 0.016453 3238.3 1874 2320.3 0 0
38400 1.1996 0.16593 1.3083 -1.5219 0.31037 0 383.08 -32.558 -2.5056 0.016331 3238.3 1888 2329.1 0 0
38500 1.3831 0.14987 1.4735 -1.3834 0.32287 0 394.8 -43.111 -2.5122 0.016253 3238.4 1897 2337.9 0 0
38600 1.2792 0.16542 1.2745 -1.3139 0.3167 0 390.93 -24.197 -2.5188 0.016228 3238.6 1900 2346.3 0 0
38700 1.3581 0.19265 1.1771 -1.3863 0.31655 0 391.04 -19.039 -2.5255 0.016228 3238.6 1900 2354.2 0 0
38800 1.3173 0.1949 1.2732 -1.4578 0.31218 0 395.87 -13.563 -2.5321 0.016126 3238.8 1912 2361.8 0 0
38900 1.3244 0.16694 1.2791 -1.3158 0.30345 0 400.12 -24.272 -2.5384 0.01611 3239.5 1914 2367.8 0 0
39000 1.37 0.20913 1.349 -1.3851 0.31147 0 395.07 -16.444 -2.5448 0.016094 3240.2 1916 2373.6 0 0
39100 1.2633 0.23226 1.1607 -1.2393 0.32236 0 381.28 -7.2624 -2.551 0.016078 3241 1918 2379.1 0 0
39200 1.2673 0.24644 0.99216 -1.4606 0.30958 0 390.34 -3.9369 -2.5554 0.016109 3246.3 1915 2384.3 0 0
39300 1.2217 0.20386 0.96086 -1.344 0.30219 0 392.32 -16.127 -2.5543 0.016116 3263.4 1917 2389.7 0 0
39400 1.264 0.22578 1.0183 -1.3285 0.30296 0 393.11 -6.934 -2.5551 0.016069 3276.6 1924 2394.8 0 0
39500 1.2686 0.19993 0.97702 -1.1303 0.31268 0 379.84 -11.992 -2.559 0.01607 3282.7 1924 2400.2 0 0
39600 1.2192 0.21108 0.98701 -0.93332 0.30696 0 383.38 -12.4 -2.5609 0.016085 3293.2 1924 2405.9 0 0
39700 1.2766 0.27173 1.0646 -1.3152 0.29666 0 387.03 0.6587 -2.5621 0.01607 3305.4 1927 2410.5 0 0
39800 1.2111 0.25092 0.96838 -1.111 0.32208 0 402.08 -2.2799 -2.56 0.016108 3325 1924 2415.3 0 0
39900 1.2334 0.25731 0.89186 -1.5634 0.29715 0 403.8 -1.0036 -2.5583 0.016123 3343.4 1925 2420.4 0 0
40000 1.2106 0.25343 1.0124 -1.5148 0.31623 0 398.67 -1.6703 -2.5573 0.016129 3360.4 1926 2425.2 0 0
40100 1.3204 0.25796 0.9816 -1.1412 0.30728 0 401.7 -2.6012 -2.5526 0.016142 3385.5 1928 2429.8 0 0
40200 1.2459 0.21616 0.98013 -1.4327 0.31497 0 384.93 -8.9637 -2.5493 0.016184 3406.8 1925 2435 0 0
40300 1.1956 0.19026 0.96668 -1.1665 0.33626 0 401.59 -20.679 -2.5531 0.016199 3412.8 1924 2440.5 0 0
40400 1.1991 0.17667 0.96827 -1.1048 0.31427 0 397.3 -25.098 -2.559 0.016113 3414 1935 2446.4 0 0
40500 1.1969 0.18448 0.98078 -1.3976 0.2955 0 388.46 -21.107 -2.5589 0.016123 3428.4 1937 2452.8 0 0
40600 1.1662 0.15627 0.92596 -1.3255 0.32052 0 393.37 -39.785 -2.5565 0.016138 3448.2 1938 2458.8 0 0
40700 1.1976 0.20804 0.93166 -1.0749 0.30383 0 388.47 -11.57 -2.5556 0.01613 3464.2 1942 2466.2 0 0
40800 1.2045 0.22215 0.97722 -1.3012 0.32118 0 421.74 -7.6491 -2.5571 0.016124 3475 1944 2472.5 0 0
40900 1.2555 0.2123 1.046 -1.4299 0.33121 0 396.63 -7.8912 -2.5609 0.016157 3481 1941 2479.2 0 0
41000 1.2076 0.17952 0.97293 -1.353 0.3309 0 388.47 -19.041 -2.5664 0.016151 3483.1 1942 2485.1 0 0
41100 1.2056 0.22557 0.93468 -1.3036 0.29451 0 392.46 -6.7731 -2.5722 0.016118 3484.2 1946 2491.4 0 0
41200 1.2269 0.15509 0.94861 -1.455 0.31436 0 382.13 -29.646 -2.5784 0.016061 3484.5 1953 2497.7 0 0
41300 1.21 0.15034 1.0017 -1.556 0.34324 0 387.29 -32.23 -2.5846 0.015995 3484.7 1961 2505.9 0 0
41400 1.2501 0.16999 1.0271 -1.4776 0.29591 0 390.26 -20.631 -2.5904 0.015963 3485.8 1965 2512.6 0 0
41500 1.2302 0.20115 0.93405 -1.1049 0.29591 0 384.64 -10.229 -2.5961 0.015915 3487.2 1971 2518.3 0 0
41600 1.2868 0.1937 0.96889 -1.0812 0.3072 0 403.51 -11.914 -2.6017 0.015957 3488.6 1966 2524 0 0
41700 1.2068 0.19724 0.87463 -1.4545 0.30647 0 401.84 -11.514 -2.6072 0.015958 3490.4 1966 2529.6 0 0
41800 1.2097 0.21849 0.9113 -1.2587 0.32274 0 400.82 -7.3279 -2.6105 0.015928 3497.6 1972 2534.9 0 0
41900 1.2389 0.24227 0.92343 -1.1675 0.30636 0 368.87 -2.7976 -2.6139 0.015958 3504.8 1968 2539.7 0 0
42000 1.2087 0.23514 0.94426 -1.4392 0.34017 0 393.36 -4.5353 -2.6153 0.015917 3514.5 1973 2544.3 0 0
42100 1.2279 0.21794 0.95213 -1.1881 0.30986 0 379.89 -5.675 -2.6195 0.015947 3519.4 1970 2549.3 0 0
42200 1.2856 0.18766 0.96157 -1.535 0.3013 0 384.46 -12.996 -2.6231 0.015933 3526.1 1972 2554.7 0 0
42300 1.1965 0.20596 0.89714 -1.2632 0.31209 0 391.75 -10.261 -2.6226 0.015958 3542.5 1972 2560 0 0
42400 1.3098 0.18703 0.97755 -1.3104 0.2898 0 370.91 -13.752 -2.6227 0.015992 3557.3 1971 2566 0 0
42500 1.224 0.21436 0.92627 -1.4441 0.32077 0 389.68 -5.9476 -2.6266 0.016007 3563 1969 2571.3 0 0
42600 1.2645 0.19975 0.93046 -1.2016 0.30965 0 368.76 -7.9943 -2.6292 0.016005 3571.4 1970 2577.5 0 0
42700 1.3544 0.1698 0.97263 -1.0657 0.30141 0 377.25 -24.184 -2.6344 0.016013 3573.8 1969 2583.5 0 0
42800 1.4 0.17854 1.0459 -1.4026 0.31051 0 394.01 -30.53 -2.6393 0.015957 3576.6 1976 2591.1 0 0
42900 1.448 0.17096 1.0744 -1.0633 0.31155 0 409.26 -45.443 -2.6439 0.015912 3580.4 1982 2599.8 0 0
43000 1.4203 0.19936 1.047 -1.2719 0.30066 0 399.05 -28.033 -2.6467 0.015912 3588.4 1981 2607.3 0 0
43100 1.4507 0.14577 1.0014 -1.2861 0.31579 0 369.68 -49.863 -2.6453 0.01587 3606.8 1986 2616.3 0 0
43200 1.2959 0.14511 0.89326 -1.2296 0.30806 0 387.38 -29.788 -2.6453 0.015826 3621.5 1990 2624.3 0 0
43300 1.4394 0.17537 1.1396 -1.631 0.32348 0 408.87 -39.76 -2.6406 0.015824 3645.1 1992 2632.7 0 0
43400 1.4261 0.1895 1.1032 -1.1228 0.31434 0 368.99 -30.672 -2.6348 0.01585 3672.3 2003 2641.9 0 0
43500 1.3958 0.25071 0.99624 -1.1371 0.3307 0 389.27 -12.392 -2.6314 0.01587 3694.7 1998 2650.2 0 0
43600 1.3563 0.20478 0.96645 -1.1324 0.3149 0 379.18 -13.676 -2.6264 0.01589 3719.8 1999 2656.6 0 0
43700 1.3213 0.23014 1.0092 -1.3031 0.31088 0 381.24 -5.7998 -2.6197 0.015872 3748.1 1998 2662.8 0 0
43800 1.3118 0.23127 0.98104 -1.2578 0.31062 0 370.36 -4.3438 -2.6161 0.015873 3771.2 1997 2667.6 0 0
43900 1.3424 0.22145 1.0233 -1.2753 0.29639 0 371.69 -8.2121 -2.6062 0.015874 3805.5 1997 2673 0 0
44000 1.343 0.2064 0.99352 -1.3185 0.29817 0 402.13 -10.887 -2.595 0.015922 3841.5 2002 2677.9 0 0
44100 1.3913 0.21147 0.96283 -1.3063 0.32968 0 398.19 -17.545 -2.5813 0.01594 3879.6 2007 2683.9 0 0
44200 1.3827 0.21228 1.0344 -1.1999 0.32083 0 388.95 -15.571 -2.566 0.016005 3919.9 2008 2690.2 0 0
44300 1.4294 0.23457 1.0195 -1.1445 0.31589 0 380.21 -21.388 -2.5525 0.016074 3958 2013 2695.7 0 0
44400 1.4555 0.20722 1.1112 -1.424 0.31514 0 395.31 -32.295 -2.5413 0.016145 3993.4 2017 2701 0 0
44500 1.3857 0.19553 1.0542 -1.3964 0.29925 0 382.16 -18.865 -2.5264 0.016079 4033.5 2015 2707.6 0 0
44600 1.3568 0.19897 0.9902 -1.3891 0.32727 0 384.11 -13.237 -2.5149 0.016107 4070 2023 2713.7 0 0
44700 1.296 0.1947 0.99512 -1.1573 0.30577 0 371.55 -9.686 -2.5022 0.016101 4110 2026 2718.3 0 0
44800 1.284 0.16847 0.99691 -1.3537 0.31603 0 393.02 -18.081 -2.4872 0.016126 4148.4 2024 2723.5 0 0
44900 1.237 0.17528 0.91445 -1.3417 0.32013 0 402.44 -15.531 -2.4755 0.016125 4182.3 2029 2728.9 0 0
45000 1.2567 0.21098 0.84748 -1.3115 0.31227 0 381.41 -4.7094 -2.4629 0.016122 4219.2 2036 2733.8 0 0
45100 1.292 0.20396 0.9891 -0.86068 0.29713 0 393.97 -6.7817 -2.4531 0.016063 4253 2049 2739.8 0 0
45200 1.2012 0.20217 0.91548 -1.1821 0.31509 0 382.28 -10.853 -2.4408 0.016124 4290.3 2044 2745.9 0 0
45300 1.2089 0.21883 0.92602 -1.2094 0.31808 0 372.5 -6.0615 -2.4319 0.016117 4323 2049 2750.7 0 0
45400 1.2446 0.20315 0.99687 -1.1283 0.32253 0 376 -6.6405 -2.4209 0.016139 4355.7 2049 2755.9 0 0
45500 1.205 0.19483 0.97266 -1.4784 0.30235 0 368.32 -10.714 -2.4121 0.016272 4385.3 2048 2760.8 0 0
45600 1.1935 0.21134 0.90531 -1.2439 0.32454 0 391.96 -8.442 -2.3998 0.016334 4416.6 2048 2765.6 0 0
45700 1.2156 0.17513 1.0212 -1.3312 0.31906 0 379.24 -15.859 -2.3839 0.016374 4453.7 2048 2770.3 0 0
45800 1.1903 0.219 0.94824 -1.4406 0.32475 0 379.46 -7.1048 -2.3709 0.016447 4489.2 2046 2774.5 0 0
45900 1.159 0.19985 0.96985 -1.2324 0.32042 0 384.77 -15.18 -2.3559 0.016562 4525.5 2043 2778.5 0 0
46000 1.3433 0.21727 1.0178 -1.0559 0.33738 0 374.05 -8.0672 -2.3468 0.01661 4552.5 2046 2782.8 0 0
46100 1.2522 0.25488 0.96555 -1.3512 0.29879 0 369.73 -0.73708 -2.3304 0.016601 4596.3 2051 2786.6 0 0
46200 1.3923 0.24668 1.0868 -1.1177 0.33214 0 408.82 -12.024 -2.3088 0.016611 4637.1 2052 2790.5 0 0
46300 1.2909 0.25917 0.94826 -1.1008 0.33775 0 383.65 -0.57854 -2.2859 0.01653 4681.3 2046 2794.3 0 0
46400 1.2308 0.24304 0.94759 -1.2073 0.3183 0 389.64 -1.7321 -2.2643 0.016588 4728.1 2045 2798 0 0
46500 1.2415 0.23376 0.94959 -1.3846 0.31047 0 390.2 -2.1222 -2.2469 0.016615 4768.1 2047 2801.7 0 0
46600 1.2585 0.25578 0.95232 -1.3694 0.31371 0 376.08 0.29373 -2.2354 0.016691 4801.9 2047 2805.3 0 0
46700 1.1936 0.22092 0.93613 -1.5047 0.32245 0 396.5 -6.3435 -2.2199 0.016778 4836.9 2047 2809 0 0
46800 1.2733 0.22336 0.95624 -1.0658 0.31117 0 390.53 -2.5637 -2.2143 0.016826 4858.8 2049 2812.7 0 0
46900 1.2487 0.24043 0.99481 -1.2714 0.32468 0 370.63 -0.41465 -2.2127 0.016822 4880.7 2052 2816.2 0 0
47000 1.2623 0.23179 0.93701 -1.242 0.30693 0 407.45 -0.5787 -2.2071 0.016825 4904.7 2051 2819.9 0 0
47100 1.2206 0.25037 0.96468 -1.1477 0.29732 0 386.4 -0.64865 -2.2055 0.01688 4924.4 2046 2823.6 0 0
47200 1.2987 0.23644 0.93679 -1.4636 0.30643 0 407.64 -1.6311 -2.2031 0.016839 4944.7 2055 2827.2 0 0
47300 1.2482 0.2615 0.94345 -1.2886 0.30443 0 390.84 1.0239 -2.1977 0.016807 4971.4 2060 2830.9 0 0
47400 1.2525 0.25838 0.91868 -1.023 0.31873 0 398.3 1.0728 -2.1831 0.016813 5006.8 2064 2834.3 0 0
47500 1.2637 0.2708 1.0165 -1.2361 0.31498 0 379.55 1.5219 -2.1742 0.016784 5041 2058 2837.8 0 0
47600 1.4499 0.22671 1.1111 -1.3984 0.31994 0 377.83 -26.198 -2.161 0.016819 5079.5 2061 2841.4 0 0
47700 1.2059 0.23831 0.94442 -1.2148 0.33215 0 399.74 -1.684 -2.1534 0.016912 5108.1 2060 2845.2 0 0
47800 1.2377 0.22286 0.97162 -0.98568 0.31527 0 390.86 -2.0205 -2.1334 0.016926 5152.7 2060 2848.6 0 0
47900 1.3777 0.26121 1.0277 -1.3197 0.31051 0 422.02 -8.4847 -2.1266 0.016995 5185 2064 2852.3 0 0
48000 1.3642 0.25488 1.1529 -1.3025 0.30787 0 414.76 -7.3582 -2.12 0.017015 5210.3 2065 2857.6 0 0
48100 1.4872 0.20037 1.1251 -1.1967 0.31024 0 395.28 -42.599 -2.1054 0.017126 5248.7 2066 2863.1 0 0
48200 1.511 0.22592 1.1472 -1.2824 0.32642 0 414.12 -39.173 -2.0971 0.017062 5277 2070 2870.2 6.0305 0
48300 1.4775 0.2403 1.1377 -1.1733 0.31379 0 399.98 -24.502 -2.0819 0.017062 5311.9 2077 2876.4 0 0
48400 1.5056 0.22018 1.1646 -1.2589 0.323 0 394.1 -36.488 -2.0742 0.017146 5339 2085 2882.3 1.565 0
48500 1.4487 0.22869 1.1482 -1.1864 0.32807 0 407.37 -23.719 -2.0758 0.017085 5347.2 2093 2888.5 0 0
48600 1.4968 0.205 1.1429 -1.1184 0.30674 0 400.1 -36.926 -2.0779 0.017052 5354.8 2098 2895.1 0 0
48700 1.4625 0.19293 1.1978 -1.1316 0.3163 0 381.38 -36.626 -2.0821 0.017002 5358.7 2105 2901.6 0 0
48800 1.4711 0.21515 1.3279 -1.3167 0.31224 0 381.56 -29.395 -2.0873 0.016994 5359 2106 2907.5 0 0
48900 1.4873 0.2398 1.309 -1.0464 0.30036 0 381.84 -24.611 -2.0926 0.01697 5359.3 2109 2913.2 0 0
49000 1.4711 0.23926 1.1599 -1.0306 0.32685 0 369.77 -22.711 -2.097 0.016923 5362.4 2115 2919.2 0 0
49100 1.4606 0.20541 1.1628 -0.95796 0.31859 0 379.89 -30.5 -2.0949 0.016943 5376.6 2115 2925.5 0 0
49200 1.509 0.20421 1.1554 -1.3819 0.31797 0 389.39 -37.443 -2.0955 0.016942 5389.1 2119 2931.7 4.0602 0
49300 1.4234 0.22843 1.0144 -1.0829 0.33486 0 369.28 -19.889 -2.0996 0.016971 5393.1 2116 2937.1 0 0
49400 1.5063 0.20078 1.2116 -1.2078 0.31497 0 386.09 -37.075 -2.1036 0.016957 5396.9 2118 2942.6 1.9588 0
49500 1.4511 0.20483 1.1181 -1.383 0.31814 0 380.79 -27.684 -2.1029 0.016958 5410 2120 2948.1 0 0
49600 1.4993 0.24708 1.0554 -0.97654 0.30995 0 387.19 -22.839 -2.0998 0.017014 5432 2114 2953.5 0 0
49700 1.4372 0.22806 1.0676 -1.2488 0.31227 0 396.75 -20.317 -2.0885 0.017254 5456.7 2119 2958.3 0 0
49800 1.4465 0.25099 1.0736 -1.1942 0.33602 0 373.22 -16.905 -2.0812 0.017376 5481.1 2117 2963.4 0 0
49900 1.4023 0.26042 1.081 -1.0238 0.30146 0 375.6 -11.807 -2.0837 0.01738 5490.2 2117 2968 0 0
50000 1.3936 0.21859 1.0558 -0.99285 0.31101 0 383.42 -15.397 -2.0883 0.017349 5492.2 2121 2972.5 0 0
50100 1.4958 0.23797 1.1582 -1.2274 0.31756 0 368.84 -23.904 -2.093 0.017333 5493.7 2123 2976.7 0 0
50200 1.4135 0.22026 1.1267 -1.1744 0.32165 0 370.16 -17.74 -2.0969 0.017305 5497.7 2126 2981 0 0
50300 1.416 0.26132 1.0811 -1.2652 0.32101 0 380.11 -12.097 -2.0829 0.017153 5528.1 2127 2985.3 0 0
50400 1.4639 0.19149 1.1853 -1.1575 0.3088 0 357.45 -33.426 -2.0591 0.017217 5556.2 2126 2989.9 0 0
50500 1.4706 0.23808 1.1381 -1.307 0.32296 0 378.07 -19.971 -2.031 0.017337 5579 2130 2994.3 0 0
50600 1.3472 0.2909 1.016 -1.3361 0.31323 0 373.2 -2.6371 -1.9988 0.017671 5592.2 2130 2998.3 0 0
50700 1.421 0.24433 1.0742 -1.3919 0.30567 0 388.57 -14.152 -1.9844 0.017729 5620 2130 3001.9 0 0
50800 1.4068 0.26084 1.0272 -1.3047 0.32758 0 386.76 -10.595 -1.9624 0.017433 5640.8 2129 3006 0 0
50900 1.3738 0.21907 1.0632 -1.3195 0.31418 0 368.57 -12.177 -1.9309 0.017362 5647 2129 3009.3 0 0
51000 1.2725 0.27215 0.97204 -1.1571 0.32284 0 362.43 1.1693 -1.9291 0.017401 5663.6 2126 3012.6 0 0
51100 1.3511 0.29479 1.0005 -1.2224 0.32255 0 368.79 -2.3367 -1.9218 0.017439 5689.3 2125 3015.6 0 0
51200 1.3373 0.28478 1.0471 -1.2382 0.30503 0 363.31 -1.2502 -1.9042 0.017487 5715.2 2128 3018.5 0 0
51300 1.331 0.24629 1.0088 -1.1814 0.33264 0 375.15 -3.8265 -1.9021 0.01751 5731.9 2124 3021.5 0 0
51400 1.3591 0.23392 1.0177 -1.0395 0.34935 0 363.93 -8.2854 -1.8923 0.017497 5750.6 2126 3024.7 0 0
51500 1.2565 0.26936 1.0076 -1.3333 0.32193 0 359.53 1.2338 -1.8659 0.017762 5765.3 2128 3027.7 0 0
51600 1.3099 0.30655 0.99363 -1.1687 0.29372 0 378.09 1.4839 -1.8373 0.01781 5802.8 2130 3030.4 0 0
51700 1.4151 0.2938 1.0578 -1.2799 0.30344 0 364.11 -4.8677 -1.8137 0.017877 5825.6 2130 3033.2 0 0
51800 1.2553 0.26327 0.98854 -1.1184 0.30472 0 380.8 1.0317 -1.7863 0.017968 5847.6 2132 3035.8 0 0
51900 1.3383 0.26856 1.0356 -1.1608 0.3197 0 351.77 -1.5562 -1.7735 0.017982 5874.2 2133 3038.7 0 0
52000 1.3892 0.26859 0.99128 -1.309 0.308 0 377.74 -7.379 -1.7652 0.01802 5888.5 2133 3041.7 0 0
52100 1.3859 0.2908 0.99416 -1.296 0.29129 0 356.84 -5.104 -1.7592 0.01805 5901.1 2134 3044.9 0 0
52200 1.3044 0.27332 0.99291 -1.2351 0.31243 0 352.66 0.3806 -1.7513 0.018236 5920.6 2137 3047.6 0 0
52300 1.2394 0.26145 0.95431 -1.1755 0.29713 0 346.55 0.62623 -1.7313 0.018304 5945.6 2139 3050.1 0 0
52400 1.3219 0.24305 1.0283 -0.98508 0.30047 0 352.31 -3.2993 -1.7078 0.018089 5967.5 2140 3052.8 0 0
52500 1.2822 0.2637 0.97423 -1.2473 0.30217 0 348.55 0.73631 -1.6943 0.018094 5986.8 2145 3055.4 0 0
52600 1.3352 0.24124 0.98203 -1.0253 0.31445 0 391.48 -4.4022 -1.6863 0.018123 6007.1 2145 3057.9 0 0
52700 1.3052 0.25821 0.92178 -1.3035 0.29838 0 366 0.086424 -1.6815 0.018152 6024 2148 3060.7 0 0
52800 1.3426 0.25842 0.99835 -1.167 0.30917 0 382.03 -2.5963 -1.682 0.018106 6038.7 2151 3063.3 0 0
52900 1.2375 0.27448 0.94393 -1.4051 0.31326 0 350.62 0.98416 -1.6799 0.018148 6055.6 2149 3066 0 0
53000 1.3162 0.23874 1.007 -0.88831 0.30821 0 360.83 -2.626 -1.6743 0.01814 6078.5 2152 3068.5 0 0
53100 1.2381 0.24369 0.90454 -1.3045 0.32976 0 352.74 -0.065368 -1.6682 0.018168 6106.7 2153 3071 0 0
53200 1.2926 0.27885 0.95383 -1.1098 0.3128 0 367.47 2.1568 -1.6651 0.018211 6131.1 2154 3073.4 0 0
53300 1.3475 0.26528 0.94533 -0.97689 0.29789 0 367.8 -2.0291 -1.665 0.018199 6149.9 2155 3076.1 0 0
53400 1.2747 0.21809 0.95382 -1.1063 0.31044 0 394.84 -3.4245 -1.6668 0.018192 6162.8 2156 3078.7 0 0
53500 1.3535 0.26059 0.92659 -1.0026 0.31095 0 373.47 -3.2266 -1.6629 0.018209 6184.2 2157 3081.4 0 0
53600 1.3357 0.29523 0.95681 -1.0227 0.29744 0 394.57 -0.66882 -1.6576 0.018224 6219.2 2157 3084 0 0
53700 1.2999 0.29882 1.0185 -1.1132 0.30266 0 364.45 1.8912 -1.6533 0.018248 6256.1 2158 3086.4 0 0
53800 1.3595 0.30377 1.0097 -1.2432 0.30925 0 404.03 -1.104 -1.6444 0.018307 6296.4 2160 3088.7 0 0
53900 1.2692 0.28506 0.92075 -1.2712 0.29874 0 416.79 2.6539 -1.6343 0.018248 6351.7 2158 3091.1 0 0
54000 1.3602 0.31062 0.96768 -1.2485 0.30131 0 385.41 0.3369 -1.6199 0.018299 6411.7 2163 3093.4 0 0
54100 1.2978 0.31271 0.99359 -1.0684 0.29828 0 405.52 3.8683 -1.6065 0.018338 6465.5 2164 3095.7 0 0
54200 1.2803 0.31475 0.93307 -1.5126 0.30944 0 404.05 4.3886 -1.592 0.018369 6524.4 2168 3098 0 0
54300 1.353 0.30357 0.99181 -1.2444 0.32166 0 362.39 0.27211 -1.5724 0.0184 6582.8 2172 3100.3 0 0
54400 1.3948 0.33249 1.0758 -1.2056 0.29897 0 392.39 2.0822 -1.5645 0.01836 6626 2169 3102.8 0 0
54500 1.3835 0.31643 0.991 -1.0937 0.30402 0 401.62 0.8285 -1.5513 0.018435 6674.2 2167 3105.4 0 0
54600 1.3812 0.29933 0.96061 -1.2182 0.3108 0 379.44 -2.2748 -1.543 0.018517 6714.1 2171 3108 0 0
54700 1.3702 0.29697 0.98225 -1.0619 0.30406 0 381.47 -1.1039 -1.5267 0.018587 6761 2175 3110.4 0 0
54800 1.4114 0.29703 1.039 -1.2376 0.32224 0 393.63 -4.1739 -1.5011 0.01857 6796.5 2174 3112.7 0 0
54900 1.3851 0.302 0.97939 -1.3076 0.31916 0 374.18 -1.7503 -1.4749 0.018614 6821.8 2176 3115.1 0 0
55000 1.3979 0.31505 1.0346 -1.1334 0.30524 0 373.24 -0.053727 -1.4485 0.01858 6856.8 2178 3117.2 0 0
55100 1.3052 0.29052 0.95169 -1.1684 0.30986 0 356.88 2.5802 -1.4208 0.018649 6896.9 2180 3119.4 0 0
55200 1.2945 0.30717 0.88865 -1.3633 0.31265 0 382.06 4.4403 -1.3974 0.018673 6934.8 2175 3121.6 0 0
55300 1.4072 0.28428 1.0266 -1.1869 0.31307 0 394.06 -6.8279 -1.3718 0.018668 6972.8 2174 3123.8 0 0
55400 1.3806 0.27867 0.97725 -1.3096 0.30116 0 371.62 -4.0914 -1.351 0.018714 7019.1 2175 3126 0 0
55500 1.3977 0.23837 1.0575 -1.3265 0.32447 0 367.04 -12.88 -1.3432 0.018659 7053 2172 3128.4 0 0
55600 1.3084 0.28164 0.98239 -1.0756 0.32791 0 370.85 1.7337 -1.323 0.018685 7077 2173 3130.6 0 0
55700 1.4372 0.27318 1.0127 -1.0188 0.31083 0 371.63 -11.372 -1.2949 0.018677 7073.6 2177 3132.7 0 0
55800 1.3248 0.28367 0.9651 -1.1124 0.32132 0 361.99 1.2081 -1.2691 0.018729 7100.6 2177 3134.9 0 0
55900 1.347 0.27848 1.0292 -1.0648 0.31429 0 367.62 -0.39902 -1.2489 0.018789 7135.6 2176 3136.9 0 0
56000 1.3032 0.30397 0.92183 -1.3646 0.29372 0 377.76 4.3704 -1.2226 0.018942 7180.5 2179 3138.8 0 0
56100 1.3643 0.3169 0.97547 -1.3932 0.32176 0 374.8 2.5377 -1.2036 0.019267 7223.7 2181 3140.6 0 0
56200 1.2835 0.31689 0.95819 -1.3204 0.32069 0 371.56 5.0148 -1.1886 0.019157 7267.5 2180 3142.5 0 0
56300 1.2855 0.31288 0.93428 -1.3758 0.30188 0 365.28 4.8366 -1.1765 0.019248 7312.7 2183 3144.2 0 0
56400 1.3903 0.30049 0.92885 -1.282 0.30748 0 380.54 -2.401 -1.1749 0.01925 7339.5 2184 3146.2 0 0
56500 1.3816 0.29481 0.97159 -0.86344 0.2992 0 362.45 -2.1023 -1.1785 0.01924 7344.7 2187 3148.4 0 0
56600 1.3715 0.27058 0.91913 -1.2625 0.29717 0 377.41 -3.8148 -1.182 0.019124 7349.7 2194 3150.8 0 0
56700 1.3576 0.28937 0.97344 -0.98678 0.308 0 370.93 0.44954 -1.1836 0.019075 7361.8 2199 3152.9 0 0
56800 1.3248 0.2998 0.97444 -1.1564 0.32569 0 371.58 3.8252 -1.1823 0.019076 7389.4 2200 3154.9 0 0
56900 1.3067 0.284 0.96864 -1.0572 0.31809 0 364.35 2.6319 -1.1794 0.019079 7419.6 2204 3156.8 0 0
57000 1.3168 0.29351 0.98628 -1.0722 0.30515 0 362.95 3.696 -1.1758 0.019019 7450.1 2212 3158.6 0 0
57100 1.3303 0.27858 0.92702 -1.0904 0.3109 0 363.82 1.5218 -1.1755 0.018969 7472.9 2217 3160.6 0 0
57200 1.3052 0.27539 0.99018 -1.3641 0.31022 0 359.42 2.0102 -1.1756 0.018933 7493.4 2224 3162.5 0 0
57300 1.3248 0.29073 0.99562 -1.1088 0.31053 0 363.33 3.2456 -1.1777 0.018903 7506.2 2228 3164.5 0 0
57400 1.31 0.27805 1.0005 -1.1881 0.31501 0 376.86 2.3259 -1.1776 0.018848 7527.7 2230 3166.4 0 0
57500 1.3617 0.22672 0.99301 -1.0434 0.32463 0 349.62 -9.5278 -1.1808 0.018884 7534.4 2229 3168.6 0 0
57600 1.424 0.26035 1.0234 -1.1599 0.31863 0 354.24 -11.765 -1.1846 0.018825 7538 2236 3170.9 0 0
57700 1.4028 0.23765 0.99001 -1.1206 0.3096 0 357.84 -13.207 -1.1887 0.018788 7540.7 2241 3173.2 0 0
57800 1.3532 0.26741 0.87855 -1.6174 0.33248 0 372.95 -1.3399 -1.1923 0.018771 7544.7 2241 3175.6 0 0
57900 1.3327 0.27065 0.90007 -1.2992 0.30744 0 408.33 1.0837 -1.1948 0.018741 7554 2245 3177.7 0 0
58000 1.4117 0.28837 0.97093 -1.1543 0.32523 0 383.2 -6.0419 -1.1976 0.018705 7562.7 2249 3179.8 0 0
58100 1.3082 0.30611 0.99673 -1.3348 0.31952 0 380.58 5.235 -1.1986 0.018715 7578.7 2249 3181.9 0 0
58200 1.3711 0.24222 0.98115 -1.2413 0.31164 0 393.63 -7.8371 -1.2009 0.018751 7588.6 2245 3184.1 0 0
58300 1.3017 0.25512 0.95309 -1.2423 0.30634 0 371 0.73 -1.2035 0.01873 7596.9 2248 3186.4 0 0
58400 1.3711 0.23636 0.95837 -1.3947 0.3218 0 396.53 -8.5453 -1.2059 0.018729 7607.7 2249 3188.6 0 0
58500 1.2981 0.24098 0.95099 -1.1892 0.31374 0 391.63 -1.2197 -1.206 0.018717 7628.8 2252 3191.2 0 0
58600 1.3561 0.27927 0.94101 -1.2878 0.31212 0 393.67 0.34241 -1.2055 0.018731 7652.5 2256 3193.4 0 0
58700 1.4156 0.23727 1.0232 -1.1514 0.30377 0 363.3 -14.418 -1.202 0.018684 7685.1 2262 3195.5 0 0
58800 1.3491 0.26503 0.97661 -1.3224 0.32265 0 366.26 -0.43399 -1.1938 0.018677 7724.7 2265 3197.5 0 0
58900 1.4095 0.23834 0.97851 -1.4566 0.29929 0 381.04 -13.325 -1.1774 0.018547 7759.7 2267 3199.5 0 0
59000 1.3188 0.24721 0.96557 -1.2437 0.28651 0 373.98 -1.1596 -1.1614 0.018528 7787.8 2272 3202 0 0
59100 1.305 0.24427 0.91261 -0.9946 0.3117 0 386.54 -1.2399 -1.137 0.018598 7792 2267 3204.2 0 0
59200 1.3416 0.27966 0.98111 -1.3509 0.30016 0 380.46 1.9077 -1.1177 0.01861 7820.2 2272 3206.1 0 0
59300 1.3226 0.25861 0.94162 -1.1475 0.3182 0 381.3 0.68819 -1.0968 0.018687 7846.8 2271 3208.1 0 0
59400 1.2974 0.23945 0.99524 -1.2857 0.33097 0 392.23 -1.3796 -1.0768 0.018784 7877 2274 3210 0 0
59500 1.3518 0.2447 0.9412 -1.1983 0.32468 0 390.29 -3.6226 -1.0499 0.018836 7866.3 2275 3211.8 0 0
59600 1.3056 0.27039 0.94142 -1.534 0.31625 0 372.28 2.3357 -1.0294 0.018931 7893.4 2280 3213.7 0 0
59700 1.3312 0.30217 0.98521 -0.97988 0.30837 0 390.72 4.1963 -1.0097 0.019077 7937 2279 3215.4 0 0
59800 1.3894 0.2539 0.99567 -1.13 0.30011 0 391.68 -7.1459 -0.99127 0.019031 7959.6 2281 3217.4 0 0
59900 1.299 0.246 0.97952 -0.82152 0.31754 0 364.15 -0.64628 -0.97211 0.019533 7971.3 2283 3219.4 0 0
60000 1.3279 0.29796 1.0535 -1.4665 0.29907 0 379.15 3.8991 -0.95272 0.019396 7975.1 2281 3221.3 0 0
60100 1.3466 0.23491 0.96577 -1.2432 0.30015 0 368.13 -4.9838 -0.93534 0.019586 8002.7 2281 3223 0 0
60200 1.2749 0.29041 0.92163 -1.2047 0.32385 0 388.29 2.9403 -0.93586 0.019588 8021.6 2283 3224.7 0 0
60300 1.2584 0.27699 0.98711 -1.2109 0.299 0 365.71 2.0186 -0.93385 0.019626 8048.8 2285 3226.3 0 0
60400 1.2582 0.27081 0.99611 -1.494 0.30384 0 356.64 1.7422 -0.93366 0.019639 8072.3 2289 3227.9 0 0
60500 1.2553 0.29943 0.94527 -1.2771 0.31522 0 377.91 3.2742 -0.93213 0.019604 8100.4 2286 3229.5 0 0
60600 1.2354 0.28624 0.98198 -1.0607 0.32594 0 386.72 1.9692 -0.93105 0.019481 8126.9 2296 3231.2 0 0
60700 1.3164 0.26893 0.9985 -1.0937 0.31064 0 360.24 2.1651 -0.93039 0.019471 8151.9 2296 3232.8 0 0
60800 1.2679 0.28433 0.92394 -1.0349 0.32007 0 367.82 3.0378 -0.92924 0.019439 8179.3 2304 3234.4 0 0
60900 1.3011 0.30264 0.94834 -1.2495 0.31732 0 364.99 5.0269 -0.92992 0.019455 8198.3 2310 3236 0 0
61000 1.3112 0.26517 0.98095 -1.253 0.33808 0 372.74 2.211 -0.93203 0.019474 8210.1 2307 3237.8 0 0
61100 1.3462 0.26707 0.97853 -1.4139 0.32189 0 368.6 0.44041 -0.93216 0.019428 8231.6 2318 3239.5 0 0
61200 1.3442 0.25319 0.98552 -1.0103 0.32756 0 387.5 -1.1947 -0.93253 0.019299 8251.7 2332 3241.1 0 0
61300 1.292 0.2809 0.95017 -0.96713 0.32106 0 396.52 3.9418 -0.93263 0.019257 8273.4 2332 3242.8 0 0
61400 1.2042 0.26312 0.93121 -1.1339 0.30723 0 356.83 -1.2956 -0.93244 0.019211 8296.8 2339 3244.4 0 0
61500 1.2545 0.30882 0.92863 -1.0052 0.30945 0 370.39 4.1357 -0.93034 0.019225 8327.2 2336 3246 0 0
61600 1.253 0.30131 0.95522 -1.2716 0.34122 0 385.19 3.7956 -0.92839 0.019298 8352 2337 3247.6 0 0
61700 1.3875 0.32983 0.97174 -1.3325 0.33534 0 392.94 2.0094 -0.92473 0.019328 8386 2336 3249.1 0 0
61800 1.2911 0.28904 0.92385 -1.3108 0.30739 0 372.62 4.4395 -0.91954 0.019272 8418.1 2339 3250.7 0 0
61900 1.2762 0.31413 0.94834 -1.2096 0.32983 0 381.8 5.3792 -0.90973 0.019131 8457.5 2341 3252.2 0 0
62000 1.2261 0.30016 0.89548 -1.4747 0.3073 0 390.8 3.8794 -0.90493 0.019093 8495.5 2342 3253.8 0 0
62100 1.2388 0.27464 0.95152 -0.94885 0.34613 0 382.22 1.3587 -0.90024 0.019107 8534.3 2341 3255.4 0 0
62200 1.349 0.26277 1.0019 -1.434 0.3156 0 365.54 -0.23824 -0.89631 0.019258 8569.9 2340 3256.9 0 0
62300 1.2433 0.31565 0.90847 -1.4364 0.30306 0 384.5 4.13 -0.89348 0.019196 8602.1 2346 3258.4 0 0
62400 1.2806 0.27541 0.9229 -1.4883 0.30498 0 374.4 3.3649 -0.88975 0.01918 8637.7 2344 3260 0 0
62500 1.281 0.29255 0.90311 -1.0681 0.31418 0 374.81 4.636 -0.8865 0.019222 8672.7 2348 3261.5 0 0
62600 1.2268 0.33168 0.87473 -1.1371 0.3065 0 353.99 4.3234 -0.88093 0.019243 8713 2348 3263 0 0
62700 1.3233 0.27204 0.96178 -1.3434 0.30871 0 377.91 2.5534 -0.87742 0.019278 8742 2354 3264.5 0 0
62800 1.2276 0.29708 0.92342 -1.1071 0.31411 0 371.23 3.8315 -0.87468 0.019251 8775.2 2358 3266.1 0 0
62900 1.2356 0.28207 0.95429 -1.1943 0.30962 0 374.8 2.521 -0.8696 0.019202 8815.4 2355 3267.7 0 0
63000 1.2177 0.30731 0.88495 -1.4883 0.32974 0 355.95 4.9262 -0.86265 0.019313 8856.6 2358 3269.1 0 0
63100 1.2303 0.2589 0.96847 -0.99416 0.32518 0 373.37 -0.29731 -0.85708 0.019278 8897.5 2363 3270.6 0 0
63200 1.201 0.29122 0.9372 -1.056 0.31126 0 360.96 3.763 -0.85111 0.0193 8940.4 2368 3272 0 0
63300 1.2453 0.28844 0.95515 -1.1923 0.28946 0 378.28 3.8975 -0.84581 0.019395 8980 2372 3273.4 0 0
63400 1.2444 0.33128 1.0469 -1.4475 0.30857 0 381.02 4.8137 -0.84065 0.019403 9019.6 2372 3274.9 0 0
63500 1.2621 0.30434 0.9105 -0.84828 0.33328 0 396.93 5.5519 -0.8347 0.019373 9061.1 2377 3276.4 0 0
63600 1.3034 0.28009 0.91249 -1.1735 0.32045 0 398.3 4.0306 -0.83031 0.019293 9100.7 2377 3277.9 0 0
63700 1.2594 0.3169 1.1273 -1.0213 0.31672 0 386.27 5.9094 -0.82606 0.019299 9137.8 2382 3279.4 0 0
63800 1.3423 0.26476 0.94059 -1.1438 0.31324 0 398.3 0.38576 -0.819 0.019441 9178.1 2384 3280.8 0 0
63900 1.1875 0.26203 0.95624 -1.2501 0.3058 0 407.51 -1.2923 -0.81922 0.019442 9199.2 2385 3282.3 0 0
64000 1.2447 0.26211 0.93674 -0.93046 0.3246 0 399.49 1.0784 -0.82169 0.019421 9209.2 2387 3284 0 0
64100 1.1964 0.25589 0.98391 -1.2364 0.3037 0 377.48 -2.2516 -0.82235 0.019432 9228.5 2385 3285.5 0 0
64200 1.251 0.25688 0.90319 -1.3521 0.32252 0 391.68 1.08 -0.82228 0.019434 9250.5 2387 3287 0 0
64300 1.2341 0.2688 0.92718 -1.2366 0.32935 0 370.74 1.3021 -0.82258 0.019425 9272.2 2391 3288.5 0 0
64400 1.3028 0.25123 0.94772 -1.0027 0.31402 0 384.69 0.57353 -0.82405 0.019383 9287.9 2393 3290.2 0 0
64500 1.27 0.24683 0.97238 -1.2418 0.31433 0 372.63 0.10847 -0.82645 0.019401 9298 2394 3291.9 0 0
64600 1.3244 0.21148 1 -0.97528 0.33573 0 366.22 -8.0325 -0.82994 0.019392 9301.5 2396 3293.8 0 0
64700 1.3592 0.19445 1.0158 -1.3934 0.31001 0 375.75 -16.31 -0.83382 0.019368 9302.2 2399 3296 0 0
64800 1.4082 0.17773 1.0057 -1.3307 0.31227 0 364.09 -31.87 -0.83761 0.019362 9303.6 2399 3298.3 0 0
64900 1.2009 0.21511 0.86801 -1.0773 0.31943 0 397.99 -8.1357 -0.84119 0.019338 9306.3 2402 3300.3 0 0
65000 1.2672 0.2767 0.9091 -1.1556 0.34936 0 377.7 3.8553 -0.84338 0.019337 9317.7 2403 3301.9 0 0
65100 1.2669 0.33234 0.91649 -1.2881 0.31398 0 407.9 6.2919 -0.83991 0.019451 9351.2 2403 3303.4 0 0
65200 1.2247 0.29479 0.90273 -1.1881 0.3131 0 379.92 4.2196 -0.83333 0.019442 9395.2 2405 3304.8 0 0
65300 1.2899 0.26391 1.088 -0.95498 0.31184 0 380.68 2.5863 -0.82751 0.019426 9441.8 2405 3306.2 0 0
65400 1.1995 0.25617 0.94388 -0.8817 0.32183 0 383.78 -1.8383 -0.82545 0.019424 9473.8 2405 3307.7 0 0
65500 1.2151 0.27535 0.9206 -1.2794 0.29685 0 375.06 1.7095 -0.82421 0.019494 9501.4 2410 3309.2 0 0
65600 1.248 0.20312 0.95204 -1.1908 0.29691 0 389.64 -7.7992 -0.82568 0.019513 9516.8 2415 3310.8 0 0
65700 1.2535 0.259 1.0183 -1.282 0.29754 0 366.22 1.6974 -0.82295 0.019479 9551.8 2415 3312.3 0 0
65800 1.2009 0.30355 0.9301 -1.3961 0.30644 0 380.34 5.4195 -0.81915 0.019501 9592.6 2414 3313.8 0 0
65900 1.1854 0.32139 0.93614 -1.0979 0.33171 0 418.39 6.329 -0.81189 0.019593 9643.3 2418 3315.1 0 0
66000 1.1928 0.29357 0.96037 -1.4662 0.31344 0 376.12 4.3478 -0.80357 0.019573 9702.9 2413 3316.5 0 0
66100 1.1954 0.30288 0.94466 -1.3664 0.31889 0 375.9 5.3709 -0.79636 0.019544 9749.6 2413 3318 0 0
66200 1.2564 0.28675 1.0928 -1.2527 0.31022 0 373.25 4.6601 -0.7907 0.019468 9794 2412 3319.5 0 0
66300 1.2536 0.29024 1.1127 -1.2935 0.32947 0 364.52 5.0316 -0.78443 0.019396 9842.2 2416 3320.9 0 0
66400 1.2006 0.33842 1.0545 -1.1858 0.30613 0 379.75 5.113 -0.77431 0.019633 9902.1 2419 3322.3 0 0
66500 1.2545 0.26882 1.3028 -1.2462 0.31461 0 389.92 3.0909 -0.76813 0.019741 9952.7 2427 3323.7 0 0
66600 1.1773 0.282 1.2074 -1.0031 0.3111 0 392.41 3.0813 -0.76741 0.019738 9981.5 2428 3325.1 0 0
66700 1.2296 0.26247 0.99862 -1.1688 0.32401 0 392.97 1.0206 -0.76465 0.019672 10019 2428 3326.6 0 0
66800 1.2115 0.25479 0.99779 -1.1812 0.32963 0 400.47 -0.49661 -0.7644 0.019672 10044 2431 3328.1 0 0
66900 1.2547 0.28241 1.0496 -1.4022 0.32247 0 405.96 4.5701 -0.7637 0.019643 10072 2432 3329.6 0 0
67000 1.3267 0.27293 1.1012 -1.3644 0.31077 0 397.54 2.4178 -0.7615 0.019575 10105 2435 3331.1 0 0
67100 1.2827 0.31112 1.1638 -1.4388 0.31983 0 403.46 6.0696 -0.75845 0.019548 10138 2436 3332.5 0 0
67200 1.2778 0.26139 1.0495 -1.3722 0.30824 0 391.66 2.3892 -0.7583 0.019558 10162 2433 3334 0 0
67300 1.2289 0.29993 1.0366 -1.4183 0.32086 0 389.92 5.4621 -0.75505 0.019576 10198 2432 3335.4 0 0
67400 1.267 0.25731 1.0657 -1.4632 0.29699 0 376.46 2.1302 -0.75548 0.01954 10219 2435 3337 0 0
67500 1.2683 0.27814 1.0304 -1.2982 0.31536 0 384.23 4.3822 -0.75584 0.019539 10241 2435 3338.4 0 0
67600 1.2207 0.23916 1.0922 -1.1117 0.3033 0 369.62 -2.0732 -0.7552 0.019565 10267 2434 3339.9 0 0
67700 1.2693 0.25125 1.1211 -1.1167 0.32328 0 371.21 1.3678 -0.75647 0.019565 10284 2430 3341.5 0 0
67800 1.1719 0.22811 1.1258 -1.0994 0.31078 0 371.06 -8.2407 -0.7577 0.019569 10302 2428 3343 0 0
67900 1.2189 0.22191 1.0626 -1.3052 0.3211 0 414.25 -5.1662 -0.76093 0.019538 10306 2432 3344.7 0 0
68000 1.2409 0.24841 1.0449 -1.2631 0.31579 0 383.5 0.61645 -0.76367 0.019499 10314 2437 3346.4 0 0
68100 1.2343 0.2295 1.096 -1.3517 0.32128 0 407.15 -2.781 -0.76452 0.019485 10333 2438 3348 0 0
68200 1.2313 0.24298 1.1056 -1.3826 0.33612 0 402.34 -0.65691 -0.76643 0.019494 10346 2437 3349.5 0 0
68300 1.2088 0.23759 1.2594 -1.2996 0.31593 0 397.1 -2.8042 -0.76841 0.019481 10358 2439 3351.2 0 0
68400 1.2107 0.23666 1.2817 -1.4578 0.31533 0 375.79 -2.6375 -0.77133 0.019456 10365 2442 3352.9 0 0
68500 1.2297 0.25168 1.2983 -1.1695 0.31234 0 398.33 0.52228 -0.77358 0.019458 10376 2445 3354.6 0 0
68600 1.1648 0.21414 1.303 -1.1935 0.31416 0 371.76 -11.959 -0.77563 0.01943 10388 2449 3356.3 0 0
68700 1.2411 0.26532 1.2929 -1.2402 0.32912 0 371.86 2.9631 -0.77756 0.019453 10401 2451 3358 0 0
68800 1.1852 0.19942 1.1925 -1.2901 0.30423 0 383.15 -13.779 -0.77989 0.019413 10411 2452 3359.7 0 0
68900 1.2272 0.21192 1.2137 -1.1183 0.30151 0 377.91 -6.393 -0.78241 0.019419 10420 2454 3361.4 0 0
69000 1.2614 0.21869 1.3803 -1.2246 0.32632 0 369.4 -3.7268 -0.78482 0.019409 10430 2456 3363.1 0 0
69100 1.2938 0.23145 1.2827 -1.1608 0.3219 0 380.81 -2.0556 -0.78779 0.019395 10436 2458 3364.9 0 0
69200 1.2031 0.22187 1.3528 -1.2832 0.31743 0 367.76 -5.0451 -0.7911 0.019381 10439 2460 3366.7 0 0
69300 1.1935 0.23903 1.2997 -1.4269 0.33629 0 376.85 -3.3683 -0.79364 0.019408 10448 2457 3368.3 0 0
69400 1.2208 0.25171 1.3158 -1.3608 0.29197 0 381.21 0.66676 -0.79589 0.019395 10459 2457 3369.9 0 0
69500 1.1875 0.22665 1.285 -1.3849 0.31242 0 397.14 -6.0176 -0.79858 0.019354 10466 2463 3371.5 0 0
69600 1.2911 0.23738 1.4731 -1.2623 0.31856 0 379.67 -0.8376 -0.80161 0.019332 10472 2466 3373.2 0 0
69700 1.3722 0.22204 1.5441 -1.4356 0.31042 0 389.08 -11.31 -0.80481 0.019312 10475 2469 3374.9 0 0
69800 1.2028 0.19703 1.3171 -1.2282 0.30678 0 377.34 -11.856 -0.8083 0.01925 10477 2477 3376.9 0 0
69900 1.2511 0.25164 1.3393 -1.2212 0.32918 0 385.91 1.8284 -0.81132 0.019204 10482 2483 3378.6 0 0
70000 1.2541 0.21924 1.3251 -1.1701 0.31521 0 383.82 -3.3555 -0.81411 0.01923 10489 2479 3380.3 0 0
70100 1.306 0.24033 1.2148 -0.99846 0.31819 0 398.31 -1.0237 -0.81586 0.019241 10502 2478 3381.9 0 0
70200 1.3612 0.29533 1.2277 -1.3808 0.31052 0 380.48 1.2109 -0.81197 0.019244 10537 2479 3383.3 0 0
70300 1.2549 0.25192 1.2373 -1.4264 0.35536 0 399.92 1.9611 -0.80599 0.019292 10571 2482 3384.7 0 0
70400 1.1908 0.28029 1.1309 -1.2882 0.36719 0 402.86 3.0506 -0.80344 0.01926 10606 2487 3386.1 0 0
70500 1.1958 0.27182 1.2698 -1.3482 0.36261 0 394.21 1.823 -0.8 0.019351 10645 2489 3387.5 0 0
70600 1.2487 0.32545 1.2051 -1.3414 0.34849 0 395.85 5.4413 -0.79397 0.019281 10689 2494 3388.8 0 0
70700 1.2313 0.26271 1.3005 -1.5052 0.3057 0 393.13 2.3819 -0.78942 0.019304 10730 2493 3390.2 0 0
70800 1.2696 0.27348 1.2574 -1.1054 0.29252 0 404.38 4.2946 -0.79012 0.019311 10750 2494 3391.7 0 0
70900 1.2275 0.2297 1.2758 -0.94774 0.2953 0 394.28 -2.0754 -0.7911 0.019306 10768 2495 3393.2 0 0
71000 1.1707 0.23387 1.218 -1.2939 0.31584 0 383.7 -5.9074 -0.79354 0.019297 10777 2496 3394.8 0 0
71100 1.1911 0.27326 1.1979 -1.2503 0.313 0 396.65 2.1283 -0.79486 0.019273 10792 2500 3396.4 0 0
71200 1.2183 0.2516 1.3121 -1.2455 0.3077 0 381.22 1.1884 -0.79211 0.019285 10828 2504 3397.8 0 0
71300 1.2225 0.27472 1.2129 -1.2613 0.33361 0 388.69 3.5546 -0.79212 0.01929 10851 2502 3399.3 0 0
71400 1.2198 0.23668 1.2675 -1.0835 0.31372 0 399.18 -0.82126 -0.7942 0.019291 10863 2502 3400.8 0 0
71500 1.1945 0.27509 1.213 -1.2264 0.30496 0 388.04 2.6589 -0.79447 0.019309 10886 2500 3402.3 0 0
71600 1.2064 0.28383 1.2919 -1.0954 0.33872 0 397 3.9805 -0.79587 0.019276 10902 2501 3403.9 0 0
71700 1.1728 0.24343 1.2162 -1.0867 0.31955 0 406.91 -3.4653 -0.79718 0.019282 10919 2504 3405.5 0 0
71800 1.251 0.25415 1.2627 -1.138 0.31191 0 379.21 2.6171 -0.79653 0.019291 10945 2503 3406.9 0 0
71900 1.1746 0.24439 1.2597 -1.0638 0.30338 0 398.26 -3.0325 -0.79676 0.019282 10970 2505 3408.4 0 0
72000 1.1865 0.25355 1.2483 -1.1098 0.3009 0 388.78 -0.34612 -0.79702 0.019322 10993 2504 3409.9 0 0
72100 1.1483 0.21103 1.1713 -1.5206 0.30319 0 389.74 -15.251 -0.79924 0.019305 11004 2506 3411.7 0 0
72200 1.1621 0.22768 1.2031 -1.3367 0.3038 0 383.66 -7.901 -0.80244 0.019309 11007 2505 3413.5 0 0
72300 1.2194 0.2319 1.262 -1.1947 0.29612 0 364.33 -1.6162 -0.80507 0.019336 11015 2503 3415.3 0 0
72400 1.1451 0.21708 1.2688 -1.193 0.30718 0 373.99 -13.2 -0.80775 0.019315 11021 2509 3417.3 0 0
72500 1.1545 0.23603 1.256 -1.4375 0.31576 0 399.41 -6.0761 -0.8108 0.019306 11025 2511 3419.1 0 0
72600 1.1692 0.19343 1.2546 -1.2659 0.33266 0 399.85 -16.638 -0.81424 0.019262 11026 2517 3421.2 0 0
72700 1.1098 0.1593 1.1443 -1.1793 0.33159 0 394.3 -47.433 -0.81739 0.019255 11030 2518 3423.4 0 0
72800 1.1667 0.22825 1.2468 -1.2873 0.31415 0 387.83 -6.9206 -0.81962 0.019245 11039 2519 3425.5 0 0
72900 1.1715 0.23725 1.2828 -1.0006 0.31374 0 403.75 -4.345 -0.8199 0.019266 11063 2524 3427.1 0 0
73000 1.1597 0.23957 1.2008 -1.149 0.31782 0 376.32 -4.6753 -0.82182 0.019275 11076 2530 3428.8 0 0
73100 1.1827 0.22139 1.2604 -1.2763 0.31466 0 375.01 -6.126 -0.8241 0.019283 11086 2530 3430.5 0 0
73200 1.2191 0.24616 1.1978 -1.3317 0.31988 0 387.2 1.1689 -0.82468 0.019292 11108 2529 3432.1 0 0
73300 1.2187 0.2435 1.1778 -1.397 0.29249 0 390.66 0.95554 -0.82431 0.019305 11137 2533 3433.6 0 0
73400 1.2577 0.20534 1.1472 -0.88554 0.31709 0 357.78 -6.6359 -0.82417 0.019282 11163 2532 3435.1 0 0
73500 1.2388 0.21927 1.1841 -1.3603 0.31356 0 397.13 -3.2765 -0.82595 0.019267 11176 2531 3436.8 0 0
73600 1.3251 0.23013 1.35 -1.2713 0.30496 0 403.47 -4.1957 -0.82686 0.019246 11195 2534 3438.4 0 0
73700 1.3073 0.23395 1.2443 -1.2003 0.29683 0 376.78 -1.7908 -0.82821 0.019211 11212 2539 3440.1 0 0
73800 1.2418 0.23913 1.1421 -1.2845 0.30322 0 392.23 0.65093 -0.82846 0.019211 11236 2536 3441.7 0 0
73900 1.1965 0.26054 1.1942 -1.1548 0.29358 0 385.66 1.1103 -0.82264 0.019421 11293 2541 3443.2 0 0
74000 1.3093 0.2694 1.165 -1.4849 0.31917 0 389.4 3.0393 -0.81803 0.019435 11344 2543 3444.6 0 0
74100 1.2547 0.24329 1.1396 -1.3428 0.30788 0 376.93 1.5366 -0.8154 0.019388 11385 2543 3446 0 0
74200 1.2821 0.23164 1.1616 -1.064 0.3234 0 370.21 -0.85921 -0.81163 0.019362 11430 2548 3447.4 0 0
74300 1.2708 0.28016 1.209 -1.1775 0.31656 0 384.52 5.0771 -0.80525 0.019331 11489 2558 3448.8 0 0
74400 1.2631 0.27629 1.1221 -1.0636 0.29661 0 362.89 5.1207 -0.79465 0.01927 11565 2564 3450.2 0 0
74500 1.2431 0.30286 1.2082 -1.2429 0.32235 0 366.25 5.9306 -0.78437 0.019095 11644 2569 3451.5 0 0
74600 1.2509 0.28419 1.1274 -1.2832 0.30129 0 381.14 5.494 -0.77112 0.019278 11726 2578 3452.8 0 0
74700 1.2356 0.31772 1.192 -1.3219 0.34402 0 372.55 5.5554 -0.75854 0.019458 11808 2581 3454.1 0 0
74800 1.2611 0.27314 1.1452 -1.3184 0.33164 0 387.3 5.0301 -0.74694 0.019543 11889 2580 3455.4 0 0
74900 1.2569 0.2733 1.1925 -1.2998 0.29379 0 382.3 5.1177 -0.73994 0.019489 11953 2586 3456.7 0 0
75000 1.2559 0.3073 1.2532 -1.1919 0.30743 0 395.39 6.2197 -0.7281 0.019644 12022 2593 3457.9 0 0
75100 1.2609 0.28852 1.1767 -1.0522 0.31407 0 391.43 5.8289 -0.71885 0.01958 12091 2597 3459.2 0 0
75200 1.2733 0.29065 1.1472 -1.5364 0.30784 0 374.76 5.5624 -0.7126 0.0196 12154 2602 3460.5 0 0
75300 1.2692 0.26682 1.209 -1.1439 0.32403 0 396.6 4.5513 -0.70564 0.019635 12219 2602 3461.8 0 0
75400 1.2163 0.22061 1.1161 -1.3069 0.31517 0 370.54 -3.8261 -0.69788 0.019602 12280 2602 3463.1 0 0
75500 1.2259 0.2443 1.1838 -1.3164 0.30562 0 388.94 1.1753 -0.68829 0.019521 12349 2600 3464.5 0 0
75600 1.3216 0.24358 1.21 -1.2358 0.32443 0 379.57 -1.6136 -0.67961 0.019519 12399 2602 3465.9 0 0
75700 1.2285 0.19072 1.2098 -1.2168 0.33073 0 376.78 -11.906 -0.6749 0.019473 12432 2609 3467.7 0 0
75800 1.1654 0.21782 1.1172 -1.0367 0.3211 0 367.44 -9.4247 -0.66658 0.01936 12462 2608 3469.5 0 0
75900 1.1837 0.16841 1.1427 -1.3229 0.31453 0 394.39 -25.882 -0.66402 0.019559 12491 2609 3471.1 0 0
76000 1.2427 0.17644 1.1832 -1.3679 0.31382 0 407.83 -16.846 -0.65476 0.019376 12514 2605 3473.1 0 0
76100 1.2468 0.17441 1.0753 -0.70424 0.30695 0 396.23 -17.324 -0.64571 0.019282 12537 2615 3475.5 0 0
76200 1.1684 0.19647 1.1646 -1.3627 0.30151 0 392.62 -15.929 -0.6418 0.019615 12572 2620 3478.2 0 0
76300 1.2622 0.2518 1.2076 -1.2301 0.32635 0 385.58 2.8779 -0.63623 0.019479 12604 2621 3479.9 0 0
76400 1.1552 0.18381 1.1611 -1.2248 0.30362 0 391.91 -23.006 -0.63068 0.01951 12635 2622 3481.4 0 0
76500 1.2398 0.21151 1.1807 -1.2758 0.3226 0 387.9 -4.8578 -0.62658 0.019392 12666 2624 3483 0 0
76600 1.2237 0.22095 1.2343 -1.0773 0.35344 0 369.52 -3.1707 -0.62597 0.01936 12688 2625 3484.5 0 0
76700 1.1802 0.22067 1.2132 -1.4409 0.30207 0 372.71 -6.5624 -0.62206 0.019309 12726 2626 3486 0 0
76800 1.23 0.16175 1.075 -1.0705 0.32312 0 394.25 -23.492 -0.6165 0.01918 12772 2627 3487.7 0 0
76900 1.1562 0.20419 1.1282 -1.2613 0.36079 0 385.9 -15.962 -0.61449 0.019193 12792 2626 3489.4 0 0
77000 1.2631 0.19983 1.2582 -1.2575 0.31555 0 381.78 -8.1102 -0.60977 0.019283 12817 2628 3491.2 0 0
77100 1.2346 0.22197 1.243 -1.481 0.31035 0 391.19 -2.3247 -0.60172 0.019362 12846 2630 3492.8 0 0
77200 1.2171 0.20819 1.1301 -1.2302 0.30123 0 367.95 -6.2347 -0.59432 0.019534 12888 2633 3494.3 0 0
77300 1.2625 0.22775 1.1668 -1.1622 0.32058 0 366.27 -0.60153 -0.59073 0.019498 12934 2636 3495.9 0 0
77400 1.228 0.22513 1.2248 -1.321 0.32873 0 366.41 -1.7591 -0.58754 0.019499 12974 2644 3497.4 0 0
77500 1.2263 0.28064 1.1585 -1.3217 0.32646 0 356.65 4.7897 -0.58234 0.019321 13013 2645 3498.9 0 0
77600 1.2866 0.28302 1.2106 -1.3891 0.33809 0 336.95 4.8028 -0.57113 0.019305 13081 2649 3500.2 0 0
77700 1.275 0.24436 1.274 -1.2842 0.34355 0 353.08 1.4843 -0.5626 0.019397 13131 2653 3501.5 0 0
77800 1.2392 0.28628 1.1538 -1.2996 0.34393 0 361.73 5.3639 -0.55243 0.019278 13199 2651 3502.8 0 0
77900 1.2468 0.28148 1.1318 -1.3251 0.31797 0 382.15 5.5093 -0.54274 0.019271 13270 2654 3504.1 0 0
78000 1.3009 0.28396 1.2124 -1.0004 0.32328 0 386.09 4.7744 -0.53519 0.019545 13320 2658 3505.4 0 0
78100 1.2569 0.26343 1.0709 -1.3356 0.31554 0 389.78 4.5097 -0.5228 0.019873 13388 2658 3506.6 0 0
78200 1.3053 0.23292 1.0755 -1.3203 0.32469 0 391.09 -1.7699 -0.51114 0.019974 13447 2664 3507.8 0 0
78300 1.2039 0.22467 0.99647 -1.1805 0.30015 0 370.66 -3.2162 -0.50237 0.019668 13491 2668 3509.2 0 0
78400 1.2482 0.22529 1.0904 -1.5294 0.32485 0 394.95 -1.357 -0.49248 0.019587 13540 2668 3510.5 0 0
78500 1.2309 0.25988 1.0464 -1.3552 0.30618 0 383.37 3.3986 -0.48388 0.019487 13604 2666 3511.7 0 0
78600 1.1537 0.23105 1.0423 -1.5545 0.33293 0 387.91 -7.7984 -0.47672 0.019508 13653 2665 3513.1 0 0
78700 1.2347 0.2125 1.1295 -1.0096 0.34958 0 380.15 -4.0301 -0.47154 0.019521 13687 2667 3514.7 0 0
78800 1.238 0.15776 1.1629 -1.2739 0.29868 0 373.9 -25.334 -0.46953 0.01939 13708 2667 3516.5 0 0
78900 1.2289 0.18362 1.1119 -1.0295 0.30603 0 397.61 -13.71 -0.47142 0.019355 13720 2672 3518.8 0 0
79000 1.2483 0.20166 1.2075 -1.1177 0.30929 0 377.7 -6.8582 -0.47327 0.019349 13732 2673 3520.5 0 0
79100 1.222 0.21161 1.2138 -0.9559 0.31537 0 368.78 -4.7637 -0.47265 0.019346 13750 2675 3522.2 0 0
79200 1.2108 0.1883 1.1392 -1.2419 0.31979 0 389.04 -13.5 -0.47445 0.019312 13763 2680 3524 0 0
79300 1.3651 0.21212 1.3612 -1.2843 0.3325 0 377.56 -13.082 -0.47541 0.019272 13781 2687 3525.9 0 0
79400 1.3441 0.21213 1.421 -1.1185 0.36369 0 378.18 -10.728 -0.47505 0.019277 13803 2687 3527.5 0 0
79500 1.2768 0.27014 1.1843 -1.0896 0.30832 0 382.13 4.603 -0.47333 0.019275 13838 2686 3528.8 0 0
79600 1.3451 0.23619 1.335 -1.5421 0.30838 0 386.19 -4.9927 -0.4738 0.019301 13861 2687 3530.1 0 0
79700 1.2162 0.2763 1.1076 -1.1921 0.32832 0 394.98 4.0363 -0.47424 0.019195 13885 2699 3531.5 0 0
79800 1.2469 0.24487 1.1484 -1.0045 0.31461 0 408.11 2.3375 -0.47195 0.019209 13926 2698 3532.7 0 0
79900 1.2575 0.22889 1.2336 -1.4223 0.339 0 413.82 -0.10528 -0.47309 0.019239 13944 2694 3534 0 0
80000 1.3387 0.26992 1.258 -1.4157 0.32286 0 384.59 0.74084 -0.47244 0.019184 13976 2698 3535.3 0 0
80100 1.2641 0.26822 1.0949 -1.2 0.34158 0 381.31 5.0541 -0.46913 0.019165 14027 2701 3536.5 0 0
80200 1.3633 0.25272 1.3425 -1.3318 0.3285 0 381.08 -4.6481 -0.46949 0.019166 14050 2702 3537.8 0 0
80300 1.2309 0.27077 1.2315 -1.5002 0.32394 0 397.47 4.6189 -0.4708 0.019144 14067 2705 3539.2 0 0
80400 1.3502 0.28226 1.3509 -1.3334 0.34925 0 389.66 0.69772 -0.46793 0.01913 14112 2708 3540.4 0 0
80500 1.2867 0.2722 1.1942 -1.4344 0.29402 0 383.72 4.5131 -0.46243 0.019117 14172 2711 3541.6 0 0
80600 1.384 0.28201 1.3051 -1.0681 0.32147 0 387.63 -3.7577 -0.45431 0.019237 14245 2721 3542.8 0 0
80700 1.2278 0.29669 1.039 -0.97413 0.3042 0 397.21 5.7637 -0.45025 0.0191 14297 2723 3544.1 0 0
80800 1.3122 0.28282 1.1476 -1.1034 0.34431 0 364.55 3.8196 -0.44151 0.019151 14368 2734 3545.2 0 0
80900 1.3766 0.20977 1.1948 -1.3306 0.32666 0 375.12 -15.739 -0.44163 0.019206 14394 2734 3546.5 0 0
81000 1.3739 0.22477 1.1389 -1.3124 0.3105 0 419.57 -11.287 -0.44189 0.019222 14416 2732 3547.8 0 0
81100 1.2306 0.28889 1.0675 -1.1429 0.31381 0 392.75 5.5412 -0.43864 0.019124 14464 2728 3549.1 0 0
81200 1.308 0.29424 1.2587 -1.3391 0.30882 0 385.78 4.9067 -0.43182 0.019168 14526 2736 3550.3 0 0
81300 1.2928 0.28997 1.2891 -1.319 0.30756 0 398.53 5.4813 -0.42551 0.019082 14587 2738 3551.4 0 0
81400 1.1857 0.2997 1.0874 -1.203 0.31336 0 396.65 4.6996 -0.41958 0.019048 14645 2740 3552.6 0 0
81500 1.2712 0.26649 1.1776 -1.4435 0.2989 0 415.22 4.9801 -0.41361 0.019034 14708 2748 3553.8 0 0
81600 1.1864 0.26164 1.1107 -1.5533 0.29539 0 363.91 0.44591 -0.40999 0.019075 14754 2749 3555 0 0
81700 1.271 0.23957 1.0968 -1.247 0.28513 0 350.91 1.4237 -0.40858 0.019019 14790 2749 3556.2 0 0
81800 1.3392 0.28471 1.0991 -1.2926 0.31794 0 393.77 2.099 -0.40649 0.019101 14829 2750 3557.3 0 0
81900 1.3147 0.29741 1.1758 -1.293 0.32042 0 402.45 4.6241 -0.40214 0.019135 14881 2748 3558.5 0 0
82000 1.2759 0.22295 1.2368 -1.3081 0.30715 0 384.77 -2.0912 -0.39601 0.019173 14941 2752 3559.6 0 0
82100 1.2414 0.28601 1.1296 -1.4854 0.29675 0 395.46 5.9286 -0.38907 0.019175 15010 2752 3560.8 0 0
82200 1.3054 0.27549 1.2166 -1.3405 0.31171 0 390.56 4.3981 -0.38124 0.019098 15083 2754 3562 0 0
82300 1.2222 0.27038 1.0644 -1.2158 0.31608 0 394.38 4.5359 -0.37436 0.01905 15145 2757 3563.1 0 0
82400 1.2368 0.29494 1.1292 -1.579 0.31689 0 393.42 5.9244 -0.36689 0.019084 15211 2761 3564.3 0 0
82500 1.2118 0.29857 1.0271 -1.1543 0.31276 0 406.16 5.5963 -0.36037 0.019002 15279 2758 3565.5 0 0
82600 1.2606 0.28486 1.0973 -1.2835 0.32295 0 379.15 6.4001 -0.35159 0.019084 15355 2757 3566.6 0 0
82700 1.3626 0.26941 1.1817 -1.1695 0.32981 0 402.4 -2.0364 -0.34392 0.019098 15423 2757 3567.7 0 0
82800 1.2699 0.27661 1.1915 -1.3738 0.32364 0 387.91 5.8102 -0.33612 0.019105 15497 2756 3568.8 0 0
82900 1.3314 0.27569 1.0948 -1.4404 0.31929 0 389.28 2.1466 -0.32785 0.019252 15574 2755 3570 0 0
83000 1.2223 0.2608 1.1426 -1.2697 0.32472 0 404.27 3.6974 -0.32096 0.01915 15643 2754 3571.2 0 0
83100 1.3506 0.25488 1.1392 -1.2488 0.29908 0 380.07 -2.1934 -0.31239 0.019139 15717 2754 3572.3 0 0
83200 1.4168 0.26921 1.3081 -1.0268 0.29939 0 370.43 -10.85 -0.3075 0.01929 15774 2759 3573.5 0 0
83300 1.2891 0.23738 1.2554 -1.1983 0.31809 0 368.77 0.19717 -0.30352 0.019236 15821 2766 3575 0 0
83400 1.3855 0.22936 1.2402 -1.1399 0.30838 0 380.38 -12.381 -0.29826 0.019315 15865 2771 3576.6 0 0
83500 1.392 0.27525 1.2585 -1.3698 0.29853 0 382.6 -6.0043 -0.293 0.019392 15898 2774 3578.1 0 0
83600 1.3881 0.26075 1.389 -1.1499 0.32516 0 400.33 -6.988 -0.28941 0.019435 15938 2776 3579.6 0 0
83700 1.3201 0.21566 1.315 -1.582 0.3176 0 386.49 -6.533 -0.28325 0.019517 15984 2786 3580.9 0 0
83800 1.3457 0.23492 1.3435 -1.3775 0.34972 0 366.26 -5.1847 -0.27705 0.019399 16021 2783 3582.5 0 0
83900 1.4163 0.24979 1.3937 -1.5131 0.2979 0 365.33 -12.968 -0.27003 0.019299 16058 2786 3583.9 0 0
84000 1.3735 0.22278 1.3007 -1.1954 0.30326 0 380.73 -11.547 -0.26529 0.019353 16107 2788 3585.3 0 0
84100 1.3982 0.2261 1.319 -1.6662 0.31447 0 384.27 -15.297 -0.26275 0.019511 16150 2793 3586.7 0 0
84200 1.3741 0.21584 1.3082 -1.2589 0.3154 0 367.4 -13.411 -0.25964 0.019394 16196 2788 3588.1 0 0
84300 1.382 0.23457 1.2432 -0.9596 0.32317 0 383.7 -10.29 -0.25719 0.019413 16238 2786 3589.5 0 0
84400 1.2935 0.22815 1.1665 -1.4532 0.31422 0 392.4 -1.9191 -0.25527 0.019378 16279 2793 3591.1 0 0
84500 1.3503 0.22109 1.1642 -1.3571 0.32771 0 393.08 -9.1332 -0.25429 0.019377 16315 2796 3592.6 0 0
84600 1.3598 0.2473 1.221 -1.33 0.33529 0 378.89 -4.4393 -0.25149 0.019447 16365 2799 3593.8 0 0
84700 1.3881 0.23716 1.3957 -1.3611 0.32513 0 379.91 -10.76 -0.24858 0.019468 16413 2798 3595.2 0 0
84800 1.3225 0.21657 1.2319 -1.4132 0.30828 0 387.09 -6.4142 -0.24382 0.019458 16475 2800 3596.3 0 0
84900 1.3535 0.24181 1.2584 -1.3849 0.30911 0 368.93 -4.3523 -0.24031 0.019361 16526 2797 3597.7 0 0
85000 1.3979 0.23473 1.235 -1.2085 0.30954 0 378.13 -13.041 -0.23574 0.019479 16578 2799 3599 0 0
85100 1.3338 0.2326 1.2417 -1.3362 0.31451 0 384.13 -4.12 -0.23167 0.0195 16629 2797 3600.4 0 0
85200 1.3741 0.23179 1.1198 -1.2109 0.32648 0 390.84 -9.177 -0.22762 0.019488 16679 2799 3601.8 0 0
85300 1.3328 0.19826 1.2971 -1.2903 0.31056 0 395.79 -13.504 -0.22316 0.019544 16731 2803 3603.1 0 0
85400 1.3313 0.25286 1.1099 -1.4268 0.30517 0 393.67 -0.22644 -0.21826 0.019561 16786 2799 3604.4 0 0
85500 1.3578 0.26768 1.3141 -1.4937 0.31424 0 382.61 -1.4713 -0.21197 0.01957 16848 2801 3605.6 0 0
85600 1.243 0.26071 1.2401 -1.2682 0.31445 0 418.44 4.5899 -0.20646 0.019557 16909 2800 3606.8 0 0
85700 1.3253 0.25575 1.2381 -1.2551 0.32765 0 393.4 0.96039 -0.20015 0.019382 16982 2800 3607.9 0 0
85800 1.2658 0.29162 1.2135 -1.6507 0.2936 0 396.42 6.3116 -0.19519 0.019391 17046 2802 3609 0 0
85900 1.3403 0.24084 1.2837 -1.4492 0.31693 0 394.67 -2.7534 -0.19009 0.01963 17109 2810 3610.1 0 0
86000 1.2398 0.24953 1.1993 -1.2883 0.31434 0 383.13 3.0345 -0.18675 0.01963 17156 2811 3611.2 0 0
86100 1.2519 0.2732 1.2108 -1.3363 0.28475 0 359.43 5.7188 -0.17923 0.019656 17223 2811 3612.3 0 0
86200 1.3142 0.2507 1.2216 -1.0458 0.3024 0 373.2 1.0105 -0.17275 0.019622 17280 2816 3613.5 0 0
86300 1.3111 0.22202 1.1738 -1.1389 0.33587 0 357.01 -4.1853 -0.16699 0.019621 17328 2816 3614.8 0 0
86400 1.3526 0.25165 1.1837 -1.2859 0.29534 0 366.64 -2.2984 -0.15987 0.01966 17394 2817 3615.9 0 0
86500 1.2788 0.32125 1.1811 -1.1034 0.34893 0 351.44 5.5337 -0.1513 0.019691 17466 2818 3617 0 0
86600 1.3315 0.29196 1.1609 -1.0322 0.29498 0 365.24 3.0621 -0.14493 0.019742 17536 2820 3618.1 0 0
86700 1.3807 0.27425 1.2892 -1.5833 0.35024 0 376.86 -4.3273 -0.13908 0.01973 17589 2821 3619.4 0 0
86800 1.4544 0.27029 1.3102 -1.1267 0.31422 0 382.91 -15.462 -0.13284 0.019825 17637 2821 3620.6 0 0
86900 1.4435 0.25573 1.3066 -1.3818 0.31064 0 384.15 -16.407 -0.12836 0.019819 17685 2825 3622 0 0
87000 1.3554 0.24361 1.3121 -1.1289 0.31095 0 386.31 -3.896 -0.12443 0.019776 17731 2825 3623.3 0 0
87100 1.3758 0.24782 1.3447 -0.96228 0.3259 0 370.87 -6.5092 -0.11894 0.01986 17777 2824 3624.7 0 0
87200 1.3965 0.24146 1.1839 -1.5202 0.29332 0 378.32 -11.041 -0.11371 0.019869 17825 2822 3626 0 0
87300 1.4508 0.22665 1.3301 -1.1793 0.31241 0 352.59 -23.09 -0.10977 0.019855 17871 2823 3627.5 0 0
87400 1.4251 0.24497 1.3979 -1.1925 0.34504 0 377.68 -15.197 -0.10599 0.020044 17918 2822 3628.9 0 0
87500 1.4197 0.22987 1.3275 -1.28 0.30663 0 358.57 -17.262 -0.10068 0.020008 17971 2823 3630.1 0 0
87600 1.3618 0.27421 1.2722 -1.4546 0.33815 0 370.16 -1.2715 -0.094944 0.020094 18030 2825 3631.2 0 0
87700 1.2867 0.28157 1.1828 -1.1894 0.33157 0 389.1 5.0166 -0.088358 0.020013 18091 2825 3632.3 0 0
87800 1.3332 0.3001 1.2728 -1.1114 0.32974 0 383.74 3.3797 -0.081511 0.019897 18150 2825 3633.4 0 0
87900 1.3649 0.25908 1.3965 -1.1238 0.31648 0 368.58 -3.2688 -0.075181 0.020128 18206 2830 3634.5 0 0
88000 1.391 0.27753 1.2998 -1.0862 0.33413 0 394.71 -5.4103 -0.068844 0.020128 18253 2832 3635.7 0 0
88100 1.3689 0.28089 1.3521 -0.93591 0.32027 0 395.16 -1.4872 -0.062905 0.019958 18302 2830 3636.9 0 0
88200 1.2995 0.27385 1.2379 -1.0296 0.32105 0 401.04 4.6178 -0.057563 0.020286 18358 2833 3638 0 0
88300 1.2998 0.30692 1.3124 -1.1891 0.30995 0 396.99 5.2224 -0.051521 0.020346 18419 2833 3639.1 0 0
88400 1.3256 0.28503 1.1424 -1.2874 0.32376 0 388.15 3.0906 -0.044716 0.020483 18479 2830 3640.2 0 0
88500 1.3506 0.28119 1.1434 -1.1356 0.30095 0 404.54 0.77113 -0.03965 0.02041 18526 2832 3641.3 0 0
88600 1.4023 0.26129 1.1167 -1.1699 0.31659 0 386.1 -8.7413 -0.03374 0.020437 18572 2834 3642.5 0 0
88700 1.3652 0.26609 1.1192 -1.2871 0.32004 0 385.41 -2.1949 -0.026955 0.02008 18619 2834 3643.7 0 0
88800 1.3605 0.25381 1.1412 -1.4495 0.31202 0 369.39 -2.9688 -0.021056 0.020255 18665 2837 3644.9 0 0
88900 1.3666 0.24134 1.0982 -1.5552 0.32044 0 421.05 -5.9742 -0.014503 0.020249 18708 2839 3646.1 0 0
89000 1.373 0.27525 1.1339 -1.5033 0.34793 0 387.66 -2.2948 -0.007507 0.020281 18747 2836 3647.4 0 0
89100 1.4198 0.23556 1.2356 -1.2984 0.34264 0 400.17 -15.965 -0.001585 0.02031 18794 2840 3648.6 0 0
89200 1.4304 0.23817 1.1479 -1.4284 0.3178 0 410.11 -17.075 0.003732 0.020311 18841 2841 3649.7 0 0
89300 1.3734 0.2409 1.2118 -1.1772 0.34293 0 414.56 -6.8986 0.009161 0.020465 18878 2843 3651 0 0
89400 1.3866 0.22492 1.1471 -1.0572 0.31678 0 391.2 -12.759 0.01495 0.02041 18935 2842 3652.1 0 0
89500 1.3462 0.27104 1.1839 -1.2274 0.32287 0 386.32 0.64672 0.022051 0.020429 19005 2847 3653.1 0 0
89600 1.2948 0.30507 1.0901 -1.2656 0.3483 0 375.09 5.2819 0.030342 0.02043 19071 2843 3654.1 0 0
89700 1.4343 0.25434 1.2138 -1.1725 0.31722 0 383.53 -14.926 0.037267 0.020603 19132 2843 3655.1 0 0
89800 1.437 0.26388 1.0991 -1.0799 0.32649 0 370.64 -14.015 0.042192 0.020703 19180 2846 3656.1 0 0
89900 1.3893 0.26749 1.1243 -1.3076 0.34732 0 396.49 -5.4687 0.047731 0.020495 19230 2840 3657.2 0 0
90000 1.2988 0.23483 1.1189 -1.238 0.33189 0 375.76 -0.92651 0.053894 0.020423 19284 2844 3658.2 0 0
90100 1.3342 0.23976 1.1534 -1.3909 0.31999 0 397.13 -2.2624 0.059562 0.02032 19332 2845 3659.3 0 0
90200 1.2905 0.28798 1.1523 -1.0581 0.35681 0 394.52 5.151 0.067949 0.020476 19393 2848 3660.2 0 0
90300 1.332 0.25143 1.0658 -1.2705 0.34211 0 407.45 0.10402 0.074231 0.020578 19439 2849 3661.3 0 0
90400 1.2883 0.26773 1.1024 -1.2989 0.32022 0 402.7 4.3982 0.081973 0.020389 19502 2845 3662.2 0 0
90500 1.3247 0.28044 1.1088 -1.0827 0.29461 0 385.94 3.0621 0.090834 0.020646 19568 2852 3663.1 0 0
90600 1.2494 0.32252 1.0749 -1.2542 0.30792 0 407.87 6.5297 0.1015 0.020724 19647 2851 3664 0 0
90700 1.3034 0.28052 1.0808 -1.1852 0.30134 0 388.96 4.5468 0.11322 0.020824 19720 2852 3664.8 0 0
90800 1.3452 0.29012 1.1412 -1.188 0.32499 0 408.77 1.7174 0.1237 0.020729 19794 2850 3665.7 0 0
90900 1.2398 0.27358 1.1048 -1.1881 0.33548 0 395.75 5.0304 0.13311 0.0206 19868 2850 3666.5 0 0
91000 1.3181 0.27816 1.0335 -1.3855 0.32373 0 405.53 3.5978 0.14347 0.020439 19936 2849 3667.5 0 0
91100 1.3054 0.26903 1.09 -1.5574 0.31708 0 394.97 3.9774 0.15299 0.020445 20010 2850 3668.4 0 0
91200 1.2624 0.2825 1.0749 -1.1713 0.29981 0 407.59 5.8237 0.16331 0.020456 20080 2851 3669.2 0 0
91300 1.2405 0.28601 1.2396 -1.1084 0.30622 0 377.18 5.3137 0.17264 0.02047 20155 2852 3670.1 0 0
91400 1.2976 0.30831 1.3284 -1.2569 0.30583 0 377.65 5.4816 0.18021 0.020501 20215 2852 3671 0 0
91500 1.2547 0.25917 1.1941 -1.4247 0.32569 0 395.03 4.342 0.18791 0.020539 20296 2853 3671.8 0 0
91600 1.2641 0.27507 1.2543 -1.1731 0.2948 0 380.68 5.5679 0.19915 0.020588 20378 2852 3672.7 0 0
91700 1.2626 0.26232 1.3006 -1.26 0.33238 0 396.59 4.5701 0.20938 0.020681 20451 2853 3673.5 0 0
91800 1.2502 0.27779 1.1421 -1.2468 0.31887 0 412.26 5.5096 0.22 0.020888 20527 2852 3674.3 0 0
91900 1.3113 0.28527 1.1842 -1.2431 0.31001 0 407.96 4.2798 0.22976 0.020972 20606 2853 3675.1 0 0
92000 1.3075 0.26576 1.1607 -1.117 0.3006 0 387.66 3.6558 0.24015 0.020963 20678 2853 3675.9 0 0
92100 1.3095 0.26307 1.1921 -1.5772 0.30971 0 392.14 3.311 0.24954 0.021118 20754 2851 3676.7 0 0
92200 1.2759 0.27337 1.1232 -0.92291 0.31323 0 399.36 4.9794 0.25856 0.021079 20812 2851 3677.6 0 0
92300 1.2212 0.26289 1.1497 -1.3345 0.32357 0 408.24 2.9416 0.26821 0.020995 20888 2851 3678.4 0 0
92400 1.302 0.25273 1.2171 -1.1927 0.29953 0 408.52 2.2976 0.27465 0.020903 20946 2852 3679.3 0 0
92500 1.2741 0.2951 1.2474 -1.1497 0.30012 0 391.84 5.7157 0.28072 0.0208 21007 2852 3680.2 0 0
92600 1.3295 0.28153 1.0898 -1.1452 0.30738 0 378.34 2.9445 0.28731 0.020952 21076 2858 3681 0 0
92700 1.351 0.22674 1.155 -1.397 0.31627 0 392.35 -7.229 0.29309 0.020974 21127 2862 3681.9 0 0
92800 1.334 0.25562 1.1624 -1.2658 0.34056 0 374.59 0.46431 0.29976 0.020852 21197 2863 3682.7 0 0
92900 1.2933 0.23662 1.0981 -1.1384 0.33195 0 386.15 -0.48612 0.30781 0.021119 21276 2870 3683.4 0 0
93000 1.4457 0.22049 1.1989 -1.4821 0.31809 0 360.87 -24.339 0.31446 0.021107 21321 2874 3684.5 0 0
93100 1.3675 0.24615 1.2636 -1.236 0.32391 0 399.27 -5.2998 0.32053 0.020993 21363 2878 3685.4 0 0
93200 1.2532 0.26971 1.1852 -1.1726 0.31909 0 367.48 5.0719 0.32693 0.021111 21424 2883 3686.2 0 0
93300 1.2993 0.29556 1.1881 -1.5169 0.30728 0 399.28 5.0963 0.3355 0.021332 21492 2886 3687 0 0
93400 1.2669 0.26238 1.1487 -1.4161 0.33899 0 368.85 4.5221 0.34004 0.021389 21548 2887 3687.8 0 0
93500 1.2805 0.30547 1.2656 -1.2472 0.3234 0 354.4 5.8074 0.34586 0.021333 21601 2889 3688.7 0 0
93600 1.318 0.29233 1.2651 -1.2267 0.33902 0 358.28 3.9966 0.35235 0.021391 21679 2890 3689.4 0 0
93700 1.2841 0.25829 1.2107 -1.0162 0.31489 0 392.08 3.7208 0.35897 0.021285 21748 2895 3690.2 0 0
93800 1.3353 0.28682 1.2205 -1.237 0.33848 0 365.54 2.5504 0.36724 0.021279 21826 2895 3691 0 0
93900 1.2472 0.31348 1.1899 -1.2298 0.29529 0 394.71 6.4069 0.37681 0.021436 21903 2903 3691.7 0 0
94000 1.3267 0.27087 1.1383 -1.2696 0.31351 0 379.59 2.6527 0.38649 0.021524 21982 2905 3692.4 0 0
94100 1.2623 0.29306 1.1787 -1.4317 0.30967 0 372.01 6.0423 0.39604 0.021323 22059 2909 3693.2 0 0
94200 1.3162 0.26478 1.1358 -0.93276 0.34874 0 387.87 3.3083 0.39938 0.021197 22119 2922 3694 0 0
94300 1.3137 0.26936 1.2163 -1.3453 0.32194 0 373.2 3.8673 0.40041 0.021125 22163 2924 3694.8 0 0
94400 1.2522 0.2895 1.0962 -1.1112 0.35411 0 365.11 5.8132 0.40384 0.020901 22229 2926 3695.7 0 0
94500 1.1717 0.3014 1.3394 -1.4687 0.32715 0 362.87 3.2032 0.40746 0.020931 22292 2927 3696.4 0 0
94600 1.2056 0.27925 1.2016 -1.2201 0.31555 0 383.1 2.7698 0.41121 0.020882 22356 2935 3697.2 0 0
94700 1.2582 0.27136 1.2776 -1.2687 0.34064 0 344.56 5.5305 0.4166 0.020787 22432 2937 3698 0 0
94800 1.2483 0.22755 1.1932 -1.2534 0.36221 0 355.22 -1.7923 0.42307 0.020753 22504 2938 3698.8 0 0
94900 1.2003 0.26917 1.1391 -1.163 0.33315 0 367.87 1.5095 0.42665 0.020686 22570 2946 3699.6 0 0
95000 1.2248 0.36146 1.3052 -1.3199 0.30197 0 345.55 6.3458 0.42897 0.020741 22622 2953 3700.3 0 0
95100 1.1653 0.29431 1.2259 -1.2738 0.34359 0 362.79 2.149 0.43241 0.020729 22674 2962 3701.1 0 0
95200 1.1826 0.27796 1.2161 -1.3641 0.32286 0 357.33 1.7894 0.4345 0.020604 22728 2976 3701.8 0 0
95300 1.2016 0.31351 1.2271 -1.527 0.3346 0 352.89 5.4193 0.43985 0.020742 22797 2977 3702.6 0 0
95400 1.1526 0.29383 1.1712 -1.4002 0.31345 0 365.15 1.6958 0.44418 0.020949 22865 2979 3703.3 0 0
95500 1.2449 0.30328 1.2489 -1.3006 0.31632 0 364.08 6.0082 0.45018 0.020985 22925 2981 3704.1 0 0
95600 1.2553 0.2921 1.2185 -1.4991 0.32746 0 351.66 6.0773 0.45483 0.02096 22992 2983 3704.8 0 0
95700 1.2335 0.27085 1.1759 -1.3624 0.34553 0 356.22 4.44 0.46077 0.020827 23070 2987 3705.6 0 0
95800 1.2906 0.2623 1.1281 -1.0209 0.32693 0 382.52 4.0546 0.46661 0.020901 23142 2993 3706.4 0 0
95900 1.2841 0.24866 1.2552 -1.2613 0.34108 0 379.66 2.4227 0.47398 0.020992 23211 2995 3707.1 0 0
96000 1.3204 0.30733 1.2254 -0.99039 0.31478 0 394.39 3.8038 0.47945 0.021034 23276 2996 3707.8 0 0
96100 1.2592 0.2801 1.2343 -1.3284 0.30846 0 398.11 6.0066 0.48638 0.021057 23356 3004 3708.6 0 0
96200 1.333 0.28155 1.1852 -1.2049 0.3135 0 394.38 2.5214 0.49229 0.021082 23436 3002 3709.3 0 0
96300 1.3128 0.32253 1.2262 -1.4029 0.33527 0 388.89 4.9829 0.49925 0.021206 23513 3006 3710 0 0
96400 1.2961 0.30519 1.1871 -1.5653 0.34312 0 388.56 5.6001 0.50531 0.020992 23574 3006 3710.9 0 0
96500 1.3185 0.30841 1.2506 -1.3179 0.34646 0 416.62 4.1633 0.5127 0.021165 23634 3007 3711.6 0 0
96600 1.3025 0.28768 1.1919 -1.3064 0.32415 0 375.85 5.1966 0.51855 0.021212 23702 3006 3712.4 0 0
96700 1.2573 0.30029 1.1322 -1.302 0.32974 0 391.82 6.2613 0.52467 0.021203 23786 3005 3713.1 0 0
96800 1.359 0.29627 1.223 -1.0874 0.32679 0 396.66 0.24634 0.53198 0.021103 23857 3007 3713.8 0 0
96900 1.3628 0.2819 1.3575 -1.2125 0.31201 0 395.89 -0.86129 0.53861 0.021275 23925 3007 3714.5 0 0
97000 1.3398 0.2869 1.2709 -0.92007 0.32067 0 389.83 2.1223 0.54416 0.021351 23998 3008 3715.2 0 0
97100 1.316 0.30803 1.2715 -1.4705 0.33505 0 371.83 4.5108 0.55005 0.021209 24069 3005 3716 0 0
97200 1.3223 0.3134 1.258 -1.1809 0.32749 0 368.95 4.1786 0.55772 0.02111 24142 3005 3716.8 0 0
97300 1.2786 0.30721 1.1038 -1.1723 0.34098 0 368.03 6.2 0.56572 0.021154 24226 3008 3717.5 0 0
97400 1.2925 0.25513 1.1323 -1.1339 0.33798 0 396.48 2.8551 0.57125 0.02122 24299 3009 3718.2 0 0
97500 1.3483 0.26343 1.1169 -1.1295 0.33533 0 388.29 -0.33051 0.57824 0.021284 24367 3011 3718.9 0 0
97600 1.2984 0.29818 1.1713 -1.1342 0.34251 0 358.97 5.7302 0.58654 0.021294 24447 3009 3719.6 0 0
97700 1.3482 0.30017 1.0924 -1.3502 0.31123 0 398.22 1.5625 0.59359 0.02132 24521 3010 3720.4 0 0
97800 1.3573 0.3141 1.1936 -1.1032 0.31297 0 402.35 1.0107 0.59842 0.021455 24591 3006 3721.1 0 0
97900 1.3177 0.31216 1.292 -1.3806 0.32291 0 360.66 4.5091 0.6048 0.021645 24661 3009 3721.8 0 0
98000 1.2977 0.26225 1.2098 -1.3262 0.33381 0 387.1 3.7489 0.61375 0.021337 24738 3011 3722.5 0 0
98100 1.2333 0.26107 1.1793 -1.4359 0.33353 0 364.3 3.1071 0.62238 0.021349 24810 3012 3723.2 0 0
98200 1.2664 0.27727 1.1998 -1.1847 0.29335 0 374.27 5.8883 0.63024 0.021305 24876 3013 3723.9 0 0
98300 1.2509 0.29809 1.2124 -1.2951 0.31887 0 374.92 6.3554 0.638 0.021365 24946 3017 3724.6 0 0
98400 1.2136 0.29156 1.1514 -1.3018 0.33783 0 362.73 4.5676 0.6457 0.021257 25026 3018 3725.3 0 0
98500 1.2395 0.27208 1.2025 -1.2392 0.30496 0 380.35 4.7831 0.65471 0.021172 25098 3020 3726 0 0
98600 1.2928 0.3139 1.2431 -1.1998 0.33087 0 361.49 6.0856 0.66562 0.020984 25168 3021 3726.7 0 0
98700 1.1651 0.30215 1.146 -1.0586 0.32019 0 387.85 2.5896 0.67531 0.021236 25240 3027 3727.3 0 0
98800 1.2375 0.26071 1.1896 -1.4368 0.30791 0 367.75 3.4814 0.68094 0.021104 25313 3030 3728 0 0
98900 1.2298 0.3009 1.209 -1.2308 0.31308 0 388.13 6.1233 0.68554 0.02101 25381 3031 3728.7 0 0
99000 1.2622 0.26806 1.0905 -1.3453 0.32073 0 355.76 5.2747 0.69328 0.021091 25465 3035 3729.3 0 0
99100 1.1984 0.31193 1.1003 -1.5343 0.34182 0 391.91 5.1603 0.69661 0.021143 25531 3036 3730 0 0
99200 1.2302 0.30075 1.162 -1.2685 0.34699 0 404.27 6.1931 0.70158 0.021272 25604 3039 3730.6 0 0
99300 1.2947 0.2728 1.1218 -1.1843 0.36774 0 404.15 4.9977 0.70589 0.021353 25675 3039 3731.3 0 0
99400 1.3 0.3073 1.2552 -1.3374 0.31442 0 410.67 5.976 0.71297 0.021334 25758 3039 3732 0 0
99500 1.3368 0.23251 1.2335 -1.2937 0.3379 0 410.91 -4.6702 0.71888 0.021337 25833 3042 3732.6 0 0
99600 1.198 0.26604 1.1558 -1.3226 0.32325 0 389.6 0.86435 0.72571 0.021193 25909 3043 3733.3 0 0
99700 1.1927 0.29591 1.1544 -1.3847 0.33463 0 393.63 3.4557 0.73214 0.021006 25982 3046 3734.1 0 0
99800 1.2717 0.30985 1.1395 -1.3505 0.34153 0 365.03 7.016 0.73987 0.020946 26059 3045 3734.8 0 0
99900 1.1708 0.3028 1.1539 -1.3314 0.35266 0 366.5 3.1332 0.74808 0.021128 26139 3043 3735.4 0 0
1e+05 1.1995 0.30157 1.1915 -1.1561 0.34023 0 375.24 4.3472 0.75545 0.021309 26217 3043 3736 0 0
1.001e+05 1.2455 0.28763 1.1717 -1.2744 0.33246 0 402.46 6.0536 0.763 0.021254 26293 3039 3736.7 0 0
1.002e+05 1.2971 0.28879 1.234 -1.4788 0.31668 0 404.07 5.8396 0.77052 0.021382 26368 3040 3737.3 0 0
1.003e+05 1.207 0.27656 1.1603 -1.2896 0.30231 0 385.91 2.7739 0.77502 0.021395 26437 3045 3737.9 0 0
1.004e+05 1.2179 0.2997 1.1569 -1.3766 0.31718 0 372.15 5.7358 0.78005 0.021268 26507 3050 3738.6 0 0
1.005e+05 1.2781 0.28681 1.1005 -1.2124 0.30274 0 374.4 6.3512 0.78848 0.021437 26582 3059 3739.2 0 0
1.006e+05 1.272 0.28675 1.1161 -1.247 0.30741 0 369.82 6.474 0.79648 0.021329 26661 3082 3739.9 0 0
1.007e+05 1.2613 0.30075 1.1106 -1.1137 0.31234 0 381.79 7.1252 0.80514 0.021232 26734 3087 3740.5 0 0
1.008e+05 1.3403 0.25436 1.0358 -1.1524 0.2988 0 401.82 -0.86117 0.81157 0.021147 26802 3092 3741.2 0 0
1.009e+05 1.3005 0.27527 1.0818 -1.2142 0.33428 0 390.88 5.1013 0.81756 0.021238 26874 3098 3741.8 0 0
1.01e+05 1.3009 0.2882 1.1704 -1.3603 0.34675 0 383.33 5.7247 0.82465 0.021449 26946 3103 3742.4 0 0
1.011e+05 1.3297 0.28665 1.1944 -1.3515 0.32887 0 381.53 3.3504 0.83123 0.021209 27018 3101 3743.1 0 0
1.012e+05 1.3505 0.26788 1.1751 -1.115 0.29987 0 389.15 -0.27727 0.83892 0.021248 27085 3100 3743.8 0 0
1.013e+05 1.2195 0.26037 1.1082 -1.2466 0.31015 0 380.68 2.1983 0.84569 0.021287 27158 3104 3744.4 0 0
1.014e+05 1.4248 0.26226 1.1404 -1.05 0.33273 0 395.29 -13.162 0.85132 0.021263 27212 3108 3745.1 0 0
1.015e+05 1.3542 0.24159 1.1217 -1.1219 0.33379 0 364.08 -4.6583 0.85509 0.021332 27253 3111 3745.9 0 0
1.016e+05 1.2777 0.27288 1.1038 -1.2105 0.32386 0 394.42 5.5274 0.85972 0.021289 27300 3110 3746.6 0 0
1.017e+05 1.3259 0.21812 1.1185 -0.91407 0.31054 0 392.57 -7.3131 0.86348 0.021221 27347 3113 3747.4 0 0
1.018e+05 1.3068 0.26039 1.0862 -0.96965 0.30889 0 379.31 3.1187 0.86713 0.021243 27392 3109 3748.2 0 0
1.019e+05 1.3393 0.24874 1.0452 -1.1036 0.3058 0 389.84 -1.4163 0.87164 0.02125 27453 3107 3748.9 0 0
1.02e+05 1.3142 0.27276 1.0377 -1.2408 0.33193 0 360.05 4.0905 0.87627 0.021241 27520 3112 3749.5 0 0
1.021e+05 1.3258 0.25749 1.0422 -1.1221 0.3177 0 378.04 1.3108 0.88132 0.021368 27579 3116 3750.2 0 0
1.022e+05 1.3627 0.2206 1.1025 -1.3338 0.32207 0 352.2 -11.278 0.88774 0.021566 27636 3122 3750.8 0 0
1.023e+05 1.2643 0.23537 1.1177 -1.1795 0.31326 0 370.47 -0.21629 0.89177 0.021529 27681 3124 3751.5 0 0
1.024e+05 1.3196 0.20655 1.0723 -1.1809 0.3061 0 367.4 -10.382 0.89572 0.021422 27718 3123 3752.3 0 0
1.025e+05 1.4053 0.27284 1.0933 -0.94055 0.3294 0 373.33 -9.0598 0.89978 0.0215 27753 3122 3753.1 0 0
1.026e+05 1.4193 0.26384 1.196 -0.87865 0.31522 0 360.79 -12.095 0.90394 0.02167 27786 3120 3753.9 0 0
1.027e+05 1.3842 0.26996 1.0984 -1.0489 0.34436 0 371.55 -5.1817 0.90942 0.02147 27826 3120 3754.6 0 0
1.028e+05 1.3743 0.25591 1.1252 -0.98001 0.31089 0 394.76 -5.083 0.91169 0.021383 27869 3123 3755.5 0 0
1.029e+05 1.3898 0.27673 1.1052 -0.83825 0.33082 0 388.43 -5.8225 0.91644 0.021363 27904 3123 3756.2 0 0
1.03e+05 1.4006 0.28336 1.0781 -1.0959 0.33042 0 395.75 -7.4232 0.91772 0.021319 27942 3118 3757 0 0
1.031e+05 1.4072 0.2665 1.2159 -0.92717 0.33459 0 374.66 -9.8327 0.92173 0.02134 27974 3121 3757.7 0 0
1.032e+05 1.4199 0.25159 1.1634 -1.1004 0.31894 0 397.1 -13.705 0.92627 0.021349 28005 3126 3758.5 0 0
1.033e+05 1.4173 0.23186 1.107 -1.1374 0.31546 0 383.82 -17.511 0.93037 0.021176 28037 3133 3759.7 0 0
1.034e+05 1.4465 0.23437 1.1625 -1.0259 0.30837 0 393.4 -21.994 0.93468 0.021144 28064 3138 3760.7 0 0
1.035e+05 1.4493 0.24724 1.1037 -0.85344 0.33626 0 412.51 -19.77 0.93784 0.021123 28096 3138 3761.6 0 0
1.036e+05 1.4061 0.26488 1.0718 -0.92586 0.31151 0 401.16 -9.662 0.94061 0.021239 28135 3143 3762.6 0 0
1.037e+05 1.4792 0.2627 1.2 -0.84904 0.30918 0 392.13 -20.722 0.94447 0.021112 28166 3141 3763.6 0 0
1.038e+05 1.407 0.24654 1.134 -0.81184 0.31501 0 376.77 -12.05 0.94812 0.021127 28201 3138 3764.5 0 0
1.039e+05 1.3913 0.23768 1.1197 -1.0842 0.31838 0 381.11 -11.272 0.9509 0.021195 28233 3139 3765.4 0 0
1.04e+05 1.3947 0.28184 1.1135 -1.1322 0.33697 0 388.86 -6.3666 0.9541 0.021205 28265 3142 3766.2 0 0
1.041e+05 1.3318 0.27178 1.099 -1.175 0.3201 0 377.38 2.0425 0.95817 0.021333 28296 3143 3767.1 0 0
1.042e+05 1.3367 0.26064 1.1189 -0.94692 0.32024 0 383.68 0.2909 0.96228 0.021429 28331 3146 3767.8 0 0
1.043e+05 1.4397 0.23634 1.1294 -0.81651 0.31367 0 385.92 -20.061 0.96668 0.021395 28363 3145 3768.7 0 0
1.044e+05 1.4015 0.27696 1.1436 -0.99189 0.30827 0 395.48 -7.6328 0.97045 0.021429 28399 3146 3769.4 0 0
1.045e+05 1.2717 0.31806 1.1196 -1.365 0.30988 0 369.05 7.3628 0.97571 0.021567 28447 3147 3770 0 0
1.046e+05 1.3962 0.2397 1.077 -0.98726 0.34829 0 370.66 -11.673 0.98094 0.02153 28503 3146 3770.7 0 0
1.047e+05 1.4028 0.27103 1.113 -1.1419 0.32256 0 376.22 -8.2768 0.98493 0.021544 28536 3149 3771.5 0 0
1.048e+05 1.3095 0.24505 1.1523 -0.85001 0.34196 0 381.93 -0.13733 0.9886 0.021544 28569 3150 3772.3 0 0
1.049e+05 1.3194 0.254 1.1118 -1.1302 0.32377 0 377.05 1.0153 0.99473 0.021564 28614 3149 3772.9 0 0
1.05e+05 1.3237 0.27004 1.1004 -0.97761 0.31387 0 391.39 2.776 1.0008 0.021426 28659 3152 3773.5 0 0
1.051e+05 1.3089 0.25392 1.191 -1.1435 0.31406 0 377.22 1.8229 1.0068 0.021372 28711 3150 3774.2 0 0
1.052e+05 1.3691 0.23164 1.158 -1.2072 0.3287 0 366.91 -9.1902 1.0116 0.021505 28763 3152 3774.8 0 0
1.053e+05 1.2505 0.26965 1.0674 -1.0984 0.3563 0 378 5.023 1.015 0.021488 28813 3151 3775.5 0 0
1.054e+05 1.2694 0.23625 1.0909 -1.5184 0.31695 0 371.2 -0.40381 1.0177 0.021491 28854 3156 3776.2 0 0
1.055e+05 1.3159 0.23975 1.0965 -1.0863 0.32548 0 377.35 -1.7101 1.02 0.021502 28907 3158 3776.8 0 0
1.056e+05 1.361 0.24849 1.2296 -1.201 0.31955 0 398.43 -4.3594 1.0236 0.021719 28944 3158 3777.4 0 0
1.057e+05 1.3536 0.24303 1.1902 -1.1692 0.36312 0 391.93 -4.2122 1.0284 0.021537 28983 3162 3778.1 0 0
1.058e+05 1.3156 0.26136 1.105 -0.96361 0.30757 0 382 2.7231 1.0345 0.021446 29028 3160 3778.7 0 0
1.059e+05 1.3333 0.24593 1.1046 -1.0653 0.32773 0 414.91 -1.3566 1.0396 0.021144 29072 3154 3779.4 0 0
1.06e+05 1.3556 0.27324 1.204 -1.2046 0.30567 0 402.86 -0.3777 1.0436 0.021362 29106 3157 3780.1 0 0
1.061e+05 1.3906 0.22825 1.1018 -1.2562 0.32041 0 384.1 -13.308 1.0484 0.021243 29144 3154 3780.8 0 0
1.062e+05 1.3449 0.27042 1.4308 -1.1055 0.30856 0 418.49 0.73057 1.0542 0.02161 29192 3154 3781.3 0 0
1.063e+05 1.3577 0.26773 1.3838 -1.0837 0.31223 0 417.97 -1.1284 1.0588 0.021544 29256 3153 3781.9 0 0
1.064e+05 1.3066 0.25757 1.4502 -1.1819 0.31153 0 393.74 2.737 1.065 0.02173 29310 3156 3782.5 0 0
1.065e+05 1.3232 0.2407 1.4939 -1.2739 0.3382 0 395.76 -1.9106 1.0699 0.021678 29365 3152 3783.1 0 0
1.066e+05 1.3966 0.29203 1.5124 -1.1008 0.32762 0 372.51 -6.5575 1.0742 0.021599 29406 3150 3783.7 0 0
1.067e+05 1.325 0.26277 1.4902 -1.3535 0.30812 0 395.09 2.251 1.0787 0.021735 29459 3155 3784.3 0 0
1.068e+05 1.3117 0.29034 1.3741 -1.2987 0.31243 0 393.31 4.9785 1.0821 0.021741 29507 3155 3784.9 0 0
1.069e+05 1.3509 0.26306 1.4898 -1.1071 0.31957 0 377.44 -0.54746 1.0865 0.021616 29561 3157 3785.5 0 0
1.07e+05 1.3522 0.31921 1.4061 -1.3331 0.30603 0 387.24 1.5288 1.0919 0.021721 29601 3158 3786.1 0 0
1.071e+05 1.3077 0.2982 1.4454 -1.2874 0.32349 0 402.23 5.4305 1.0966 0.02147 29653 3155 3786.7 0 0
1.072e+05 1.3439 0.28909 1.4596 -1.144 0.32185 0 373.75 1.8988 1.097 0.021477 29690 3156 3787.3 0 0
1.073e+05 1.3299 0.26066 1.4932 -1.155 0.31654 0 385.27 1.5045 1.0966 0.021459 29726 3162 3788 0 0
1.074e+05 1.3062 0.2842 1.3485 -1.1685 0.30284 0 401.28 5.4063 1.0975 0.021476 29770 3161 3788.6 0 0
1.075e+05 1.3019 0.27831 1.3966 -1.318 0.34109 0 399.86 5.4375 1.1008 0.021656 29824 3164 3789.2 0 0
1.076e+05 1.3639 0.30958 1.4967 -1.2581 0.30237 0 409.99 -0.34675 1.1053 0.021507 29872 3166 3789.8 0 0
1.077e+05 1.2102 0.27944 1.3351 -1.0371 0.32169 0 407.28 3.0434 1.1081 0.021491 29923 3170 3790.4 0 0
1.078e+05 1.2946 0.28732 1.3259 -1.2 0.31617 0 400.57 6.0504 1.1138 0.021391 29993 3170 3791 0 0
1.079e+05 1.2928 0.30325 1.4966 -1.4131 0.30026 0 399.35 6.6093 1.1201 0.021362 30056 3171 3791.6 0 0
1.08e+05 1.3254 0.31998 1.4471 -1.3017 0.32297 0 372.59 4.093 1.1248 0.0215 30106 3175 3792.2 0 0
1.081e+05 1.377 0.3149 1.495 -1.2548 0.31281 0 374.66 -1.6382 1.1279 0.02164 30154 3175 3792.7 0 0
1.082e+05 1.3759 0.3268 1.5565 -1.1097 0.30548 0 390.48 -0.76238 1.1314 0.021371 30204 3174 3793.4 0 0
1.083e+05 1.3182 0.3141 1.4531 -1.2936 0.35861 0 381.53 4.635 1.1355 0.021436 30247 3179 3793.9 0 0
1.084e+05 1.3459 0.30529 1.4668 -1.3655 0.33726 0 370.9 2.0784 1.1395 0.021498 30300 3181 3794.5 0 0
1.085e+05 1.3707 0.28572 1.467 -1.1982 0.31746 0 399.02 -1.7217 1.1403 0.02149 30341 3182 3795.1 0 0
1.086e+05 1.3709 0.28852 1.532 -1.2749 0.31944 0 380.82 -1.6563 1.1413 0.021524 30386 3188 3795.7 0 0
1.087e+05 1.3688 0.30819 1.4692 -1.1535 0.31689 0 349.28 -1.0135 1.1438 0.021441 30434 3187 3796.3 0 0
1.088e+05 1.3564 0.31845 1.5142 -1.02 0.33588 0 357.92 1.161 1.147 0.021315 30477 3182 3797 0 0
1.089e+05 1.3508 0.28662 1.3624 -1.2991 0.29834 0 364.92 1.1322 1.1515 0.02159 30525 3186 3797.5 0 0
1.09e+05 1.3438 0.32779 1.4426 -1.5059 0.31333 0 370.41 3.0685 1.1587 0.022038 30589 3191 3798 0 0
1.091e+05 1.3245 0.30605 1.46 -1.2125 0.32009 0 393.9 4.2035 1.1651 0.022031 30651 3195 3798.5 0 0
1.092e+05 1.3201 0.27404 1.498 -1.263 0.31412 0 388.95 3.6127 1.1698 0.021858 30698 3192 3799.1 0 0
1.093e+05 1.3119 0.31335 1.4051 -1.2844 0.32258 0 383.04 5.3395 1.174 0.021828 30756 3190 3799.7 0 0
1.094e+05 1.3286 0.31374 1.4513 -1.3074 0.30823 0 380.84 3.999 1.1781 0.021999 30801 3193 3800.2 0 0
1.095e+05 1.3542 0.30407 1.4651 -1.324 0.30373 0 394.37 1.2424 1.1826 0.021897 30858 3197 3800.8 0 0
1.096e+05 1.3526 0.2804 1.4668 -1.3301 0.31396 0 400.97 0.78407 1.1868 0.021657 30903 3196 3801.4 0 0
1.097e+05 1.3783 0.29022 1.4547 -1.4231 0.33053 0 383.71 -2.7968 1.1913 0.021647 30945 3196 3802 0 0
1.098e+05 1.3515 0.32121 1.4909 -1.4093 0.31818 0 400.65 1.9933 1.1952 0.021741 30995 3195 3802.5 0 0
1.099e+05 1.4001 0.30138 1.5168 -1.4297 0.29777 0 370.15 -6.1454 1.2002 0.021783 31042 3195 3803.1 0 0
1.1e+05 1.3335 0.3053 1.4621 -1.2962 0.31342 0 383.68 3.7457 1.2041 0.021749 31087 3194 3803.7 0 0
1.101e+05 1.3331 0.29491 1.5351 -1.085 0.30802 0 380.52 3.4143 1.2078 0.021785 31123 3196 3804.2 0 0
1.102e+05 1.381 0.30465 1.4995 -1.295 0.32322 0 410.86 -2.8495 1.2109 0.02179 31165 3196 3804.8 0 0
1.103e+05 1.3854 0.29343 1.5689 -0.96393 0.28748 0 406.38 -3.9566 1.2125 0.021752 31205 3197 3805.4 0 0
1.104e+05 1.3561 0.26677 1.4985 -1.4183 0.3414 0 384.07 -0.94559 1.2155 0.021928 31255 3196 3806 0 0
1.105e+05 1.3255 0.30187 1.4903 -1.2312 0.29579 0 384.11 4.3383 1.2204 0.021966 31309 3198 3806.5 0 0
1.106e+05 1.3904 0.28132 1.4143 -1.2706 0.31547 0 402.72 -5.5795 1.2242 0.022056 31355 3204 3807.1 0 0
1.107e+05 1.3308 0.3202 1.4572 -1.4212 0.30979 0 411.24 4.1003 1.2264 0.022027 31409 3202 3807.7 0 0
1.108e+05 1.34 0.29157 1.4468 -1.2681 0.31405 0 396.9 2.6132 1.2306 0.022091 31469 3207 3808.2 0 0
1.109e+05 1.399 0.29634 1.5148 -1.1538 0.32954 0 377.09 -6.3867 1.2354 0.021985 31505 3208 3808.8 0 0
1.11e+05 1.3891 0.31541 1.4683 -1.4082 0.31753 0 384.61 -2.8331 1.2389 0.021951 31547 3208 3809.4 0 0
1.111e+05 1.3468 0.31846 1.5112 -1.1162 0.33778 0 378.14 2.6657 1.2426 0.021846 31589 3212 3809.9 0 0
1.112e+05 1.3171 0.32094 1.437 -1.2852 0.31553 0 375.3 5.0983 1.2473 0.021964 31629 3213 3810.5 0 0
1.113e+05 1.3353 0.33764 1.4539 -1.0346 0.31008 0 393.57 3.9965 1.2518 0.021923 31675 3214 3811 0 0
1.114e+05 1.362 0.29595 1.5349 -1.4534 0.30647 0 392.15 0.37664 1.2573 0.021777 31719 3214 3811.6 0 0
1.115e+05 1.3687 0.29982 1.4677 -1.4895 0.2957 0 407.18 -0.87045 1.2613 0.021906 31766 3212 3812.1 0 0
1.116e+05 1.34 0.29973 1.5017 -1.2431 0.31246 0 395.03 3.0437 1.2646 0.021836 31819 3213 3812.7 0 0
1.117e+05 1.3713 0.27645 1.4781 -1.0424 0.30553 0 408.61 -2.2614 1.2688 0.021797 31878 3212 3813.3 0 0
1.118e+05 1.429 0.30426 1.4939 -1.3363 0.32009 0 397.93 -7.7425 1.273 0.02199 31928 3213 3813.8 0 0
1.119e+05 1.2962 0.30237 1.4977 -1.2795 0.33281 0 434.27 6.5007 1.2765 0.02212 31970 3216 3814.4 0 0
1.12e+05 1.3652 0.2961 1.5414 -1.1091 0.31911 0 370.84 -0.13845 1.282 0.022094 32019 3218 3814.9 0 0
1.121e+05 1.3595 0.30494 1.5446 -1.3697 0.30626 0 385.87 0.91327 1.2869 0.022013 32063 3217 3815.5 0 0
1.122e+05 1.3765 0.23777 1.509 -1.4145 0.30596 0 394.11 -9.193 1.2894 0.022056 32111 3217 3816 0 0
1.123e+05 1.3567 0.30638 1.4986 -1.1415 0.29924 0 398.02 1.3383 1.289 0.022318 32144 3222 3816.5 0 0
1.124e+05 1.3404 0.32353 1.3981 -1.298 0.31014 0 404.16 3.3702 1.2895 0.022429 32187 3224 3817 0 0
1.125e+05 1.3088 0.29878 1.4069 -1.4028 0.32867 0 402.42 5.5942 1.2911 0.022453 32237 3224 3817.5 0 0
1.126e+05 1.3291 0.28988 1.4153 -1.2246 0.31194 0 411.32 3.8478 1.2939 0.022348 32294 3221 3818 0 0
1.127e+05 1.3412 0.2735 1.458 -1.2531 0.30097 0 395.58 1.4229 1.2966 0.022364 32346 3221 3818.5 0 0
1.128e+05 1.3653 0.30209 1.5235 -1.1931 0.31813 0 402.58 -0.007933 1.3007 0.022194 32414 3219 3819 0 0
1.129e+05 1.3074 0.29726 1.4492 -1.0775 0.33765 0 374.06 5.6433 1.3053 0.022253 32480 3217 3819.5 0 0
1.13e+05 1.3344 0.31349 1.5051 -1.3634 0.32653 0 407.68 4.1007 1.3098 0.021854 32546 3220 3820.1 0 0
1.131e+05 1.3377 0.32133 1.5113 -1.2943 0.32131 0 385.58 3.7358 1.3134 0.0219 32597 3222 3820.6 0 0
1.132e+05 1.3496 0.34519 1.4882 -1.4789 0.34669 0 376.66 2.6649 1.3175 0.021867 32657 3221 3821.1 0 0
1.133e+05 1.4165 0.30634 1.5502 -1.0071 0.32142 0 384.99 -6.2134 1.32 0.02196 32712 3225 3821.6 0 0
1.134e+05 1.3558 0.32869 1.4773 -1.2718 0.31565 0 385.14 1.8835 1.322 0.021932 32755 3226 3822.1 0 0
1.135e+05 1.3193 0.33109 1.4577 -1.0102 0.31903 0 404.23 5.1044 1.323 0.021817 32802 3224 3822.7 0 0
1.136e+05 1.3243 0.30895 1.486 -1.4781 0.32333 0 379.27 4.6913 1.3261 0.021835 32844 3220 3823.2 0 0
1.137e+05 1.3017 0.31831 1.4 -1.2754 0.30664 0 385.79 6.5118 1.3302 0.022003 32883 3223 3823.8 0 0
1.138e+05 1.3157 0.30998 1.413 -1.0881 0.33247 0 401.31 5.3181 1.3347 0.021993 32937 3225 3824.3 0 0
1.139e+05 1.3565 0.29874 1.3816 -1.4516 0.31106 0 405.41 1.4418 1.3391 0.021827 32979 3226 3824.8 0 0
1.14e+05 1.3549 0.3262 1.467 -1.2614 0.31937 0 382.51 1.9628 1.3436 0.021872 33007 3228 3825.4 0 0
1.141e+05 1.3956 0.32916 1.4396 -1.263 0.3109 0 400.26 -2.3613 1.3462 0.021929 33043 3229 3825.9 0 0
1.142e+05 1.3674 0.29012 1.526 -1.4478 0.30167 0 403.41 -0.57204 1.3502 0.021959 33084 3231 3826.5 0 0
1.143e+05 1.3626 0.31403 1.4067 -1.4047 0.31489 0 394.01 0.74015 1.3544 0.021972 33117 3230 3827 0 0
1.144e+05 1.3431 0.30272 1.4358 -1.1641 0.32338 0 389.42 3.1786 1.3578 0.021957 33150 3233 3827.6 0 0
1.145e+05 1.343 0.30309 1.4629 -1.4008 0.30502 0 423.62 3.2151 1.3594 0.021965 33195 3234 3828.1 0 0
1.146e+05 1.3225 0.30747 1.4403 -1.4488 0.30733 0 397.48 4.8596 1.3603 0.02194 33235 3231 3828.7 0 0
1.147e+05 1.363 0.30147 1.4859 -1.4638 0.29818 0 395.02 0.6233 1.363 0.021931 33278 3233 3829.2 0 0
1.148e+05 1.4279 0.30167 1.4989 -1.2161 0.32366 0 403.09 -8.2776 1.3664 0.02194 33311 3231 3829.7 0 0
1.149e+05 1.3177 0.31476 1.4512 -1.3896 0.34852 0 397.49 5.1999 1.3687 0.022067 33355 3234 3830.2 0 0
1.15e+05 1.4274 0.34709 1.5633 -1.292 0.33883 0 417.12 -3.5537 1.3713 0.021932 33395 3233 3830.8 0 0
1.151e+05 1.3958 0.35275 1.5303 -1.4125 0.34919 0 401.25 -2.0501 1.3747 0.021987 33424 3239 3831.3 0 0
1.152e+05 1.3786 0.31624 1.3786 -1.3719 0.3566 0 390.31 -1.0341 1.375 0.022042 33464 3241 3831.8 0 0
1.153e+05 1.3202 0.32672 1.4483 -1.1379 0.31993 0 390.74 4.9957 1.375 0.022076 33499 3245 3832.3 0 0
1.154e+05 1.3736 0.28168 1.4958 -1.3299 0.34751 0 402.72 -2.1409 1.378 0.022105 33543 3247 3832.8 0 0
1.155e+05 1.3216 0.30118 1.4762 -0.94937 0.32932 0 377.31 4.9055 1.3799 0.022026 33593 3245 3833.3 0 0
1.156e+05 1.3948 0.28868 1.548 -1.3217 0.30097 0 391.96 -5.5516 1.3824 0.022007 33630 3240 3833.9 0 0
1.157e+05 1.3813 0.3119 1.4802 -1.3341 0.33595 0 396.92 -1.5606 1.3855 0.022062 33673 3242 3834.3 0 0
1.158e+05 1.3907 0.32306 1.4878 -1.4596 0.33278 0 370.07 -2.1149 1.3886 0.022118 33721 3241 3834.8 0 0
1.159e+05 1.3482 0.31776 1.4984 -1.3275 0.31484 0 381.32 2.7815 1.3915 0.02213 33759 3241 3835.4 0 0
1.16e+05 1.389 0.31675 1.4807 -1.3714 0.32756 0 395.73 -2.2236 1.3943 0.022392 33796 3242 3835.9 0 0
1.161e+05 1.3528 0.33679 1.5296 -1.6223 0.32303 0 416.94 2.3192 1.3949 0.022449 33836 3242 3836.4 0 0
1.162e+05 1.3281 0.31687 1.5297 -1.3442 0.32227 0 382.72 4.6599 1.3956 0.022459 33886 3242 3836.9 0 0
1.163e+05 1.4383 0.29697 1.5049 -1.5045 0.31091 0 370.72 -10.706 1.3962 0.022307 33929 3243 3837.5 0 0
1.164e+05 1.3664 0.33117 1.4931 -1.1166 0.30438 0 381.16 0.81999 1.3963 0.022376 33967 3244 3838 0 0
1.165e+05 1.3578 0.32001 1.3697 -1.3491 0.31718 0 386.14 1.6984 1.3972 0.02247 34009 3249 3838.5 0 0
1.166e+05 1.3903 0.29676 1.4484 -1.3219 0.32399 0 396.78 -4.1109 1.3989 0.022347 34056 3250 3839.1 0 0
1.167e+05 1.3772 0.32669 1.4921 -1.1932 0.30619 0 401.78 -0.45069 1.3997 0.022562 34095 3256 3839.6 0 0
1.168e+05 1.3325 0.2666 1.4437 -1.3775 0.3145 0 405.12 1.4137 1.4005 0.022579 34133 3255 3840.1 0 0
1.169e+05 1.3492 0.30743 1.4965 -1.2902 0.30632 0 408.85 2.6725 1.4032 0.022498 34185 3254 3840.6 0 0
1.17e+05 1.3548 0.32855 1.5595 -1.2507 0.29558 0 395.05 2.1959 1.4037 0.022568 34231 3254 3841.1 0 0
1.171e+05 1.343 0.32482 1.4158 -1.5227 0.32645 0 402.94 3.3288 1.4028 0.022532 34257 3250 3841.6 0 0
1.172e+05 1.3985 0.30555 1.5089 -1.2928 0.3076 0 393.68 -4.8428 1.4016 0.022536 34281 3249 3842.1 0 0
1.173e+05 1.3462 0.32296 1.4857 -1.3632 0.30416 0 398.34 3.0704 1.4004 0.022532 34303 3249 3842.6 0 0
1.174e+05 1.3393 0.30837 1.4394 -1.2857 0.30287 0 392.06 3.7272 1.3999 0.022426 34336 3246 3843.1 0 0
1.175e+05 1.3056 0.34976 1.4584 -1.4967 0.32442 0 382.56 5.9424 1.399 0.022451 34363 3246 3843.6 0 0
1.176e+05 1.3675 0.33555 1.5588 -1.1121 0.31556 0 375.06 0.73691 1.3983 0.022435 34394 3244 3844.1 0 0
1.177e+05 1.338 0.32173 1.4901 -1.3079 0.31657 0 391.41 3.8595 1.398 0.022467 34430 3244 3844.6 0 0
1.178e+05 1.3612 0.27317 1.4469 -1.2235 0.31211 0 375.66 -1.1538 1.3974 0.022435 34464 3245 3845.1 0 0
1.179e+05 1.3821 0.26432 1.5341 -1.3768 0.31055 0 409.84 -5.2679 1.3969 0.022376 34495 3247 3845.7 0 0
1.18e+05 1.3671 0.30397 1.5441 -1.2567 0.32417 0 384.6 0.38039 1.3984 0.022191 34540 3246 3846.2 0 0
1.181e+05 1.3524 0.27943 1.4334 -1.2654 0.29798 0 378.12 0.86427 1.399 0.022036 34581 3244 3846.8 0 0
1.182e+05 1.3511 0.2711 1.5154 -1.3002 0.31693 0 407.05 0.18544 1.4009 0.021989 34629 3247 3847.3 0 0
1.183e+05 1.3589 0.31528 1.377 -1.6062 0.31884 0 407.01 1.7894 1.4031 0.021917 34683 3247 3847.8 0 0
1.184e+05 1.4212 0.2724 1.4338 -1.2245 0.31894 0 388.26 -11.927 1.4054 0.021961 34730 3246 3848.3 0 0
1.185e+05 1.3945 0.27022 1.452 -1.2298 0.32341 0 388.76 -7.0021 1.4063 0.022052 34773 3248 3848.9 0 0
1.186e+05 1.3749 0.29861 1.4934 -1.4156 0.30217 0 394.81 -1.0413 1.4076 0.02208 34821 3251 3849.4 0 0
1.187e+05 1.3704 0.30174 1.444 -1.2791 0.30377 0 391.73 -0.19327 1.409 0.021928 34855 3255 3850 0 0
1.188e+05 1.3942 0.28703 1.5681 -1.324 0.30497 0 401.39 -5.1623 1.4087 0.021972 34892 3256 3850.5 0 0
1.189e+05 1.3703 0.30194 1.493 -1.5165 0.31659 0 403.95 -0.10076 1.4083 0.021948 34927 3257 3851 0 0
1.19e+05 1.3639 0.3538 1.5425 -1.2797 0.32648 0 406.92 0.82263 1.4097 0.022033 34976 3259 3851.5 0 0
1.191e+05 1.3305 0.32308 1.4871 -1.4153 0.30706 0 396.67 4.5115 1.4118 0.022453 35026 3264 3851.9 0 0
1.192e+05 1.3265 0.3055 1.4587 -1.2222 0.32118 0 405.28 4.6503 1.4136 0.022563 35074 3264 3852.4 0 0
1.193e+05 1.3962 0.297 1.5587 -1.3922 0.29586 0 399.79 -4.7512 1.4134 0.022575 35113 3266 3852.9 0 0
1.194e+05 1.3689 0.31251 1.5174 -1.1218 0.3149 0 400.03 0.56291 1.4139 0.022801 35161 3267 3853.4 0 0
1.195e+05 1.33 0.31944 1.4788 -1.3577 0.2989 0 383.76 4.6033 1.4138 0.022681 35202 3269 3853.9 0 0
1.196e+05 1.3955 0.35732 1.5349 -1.0686 0.3157 0 400.24 -2.4911 1.4136 0.022682 35232 3276 3854.3 0 0
1.197e+05 1.3542 0.33186 1.4592 -1.0426 0.31318 0 388.25 2.342 1.4126 0.022629 35260 3274 3854.8 0 0
1.198e+05 1.3766 0.35093 1.5133 -1.2557 0.30946 0 383.28 -0.3181 1.4123 0.02259 35295 3272 3855.3 0 0
1.199e+05 1.2903 0.31659 1.4019 -1.3653 0.33525 0 397.81 7.0032 1.4135 0.022512 35348 3276 3855.8 0 0
1.2e+05 1.3062 0.30277 1.4707 -1.1521 0.32363 0 386.23 5.9507 1.4143 0.022446 35399 3280 3856.3 0 0
1.201e+05 1.3373 0.30113 1.4937 -1.1631 0.32683 0 387.73 3.8247 1.4157 0.022482 35456 3280 3856.7 0 0
1.202e+05 1.355 0.32594 1.4988 -1.5042 0.31148 0 384.21 2.3755 1.4159 0.022451 35498 3278 3857.2 0 0
1.203e+05 1.3418 0.31632 1.482 -1.0297 0.30798 0 411.25 3.6092 1.4155 0.022446 35534 3281 3857.7 0 0
1.204e+05 1.375 0.27755 1.4822 -1.21 0.31598 0 361.89 -2.6105 1.4152 0.022404 35571 3280 3858.2 0 0
1.205e+05 1.4189 0.29789 1.478 -1.5083 0.30254 0 399.88 -7.8656 1.4146 0.022392 35603 3281 3858.7 0 0
1.206e+05 1.323 0.30672 1.4748 -1.2159 0.30306 0 385.39 4.9816 1.4141 0.022378 35632 3283 3859.2 0 0
1.207e+05 1.4057 0.25695 1.6258 -1.5541 0.31314 0 391.49 -10.603 1.4125 0.022387 35646 3281 3859.8 0 0
1.208e+05 1.356 0.21588 1.532 -1.2815 0.31974 0 380.49 -12.814 1.411 0.022428 35660 3283 3860.4 0 0
1.209e+05 1.2765 0.23889 1.3492 -1.259 0.312 0 396.9 -0.77906 1.4099 0.022483 35683 3283 3861.1 0 0
1.21e+05 1.3423 0.24803 1.4322 -0.98931 0.32814 0 391.4 -2.4214 1.4088 0.022556 35706 3286 3861.6 0 0
1.211e+05 1.3319 0.26041 1.4868 -1.0058 0.33714 0 363.07 0.78282 1.4077 0.022516 35730 3289 3862.2 0 0
1.212e+05 1.3042 0.2841 1.3947 -1.4405 0.30015 0 365.81 5.4203 1.4076 0.022578 35767 3294 3862.6 0 0
1.213e+05 1.3601 0.31189 1.4824 -1.1471 0.31694 0 376.1 1.7708 1.4099 0.022548 35835 3297 3863.1 0 0
1.214e+05 1.3608 0.3031 1.4926 -0.93398 0.29138 0 383.94 1.5032 1.4116 0.022748 35885 3298 3863.5 0 0
1.215e+05 1.4115 0.29658 1.5901 -1.1671 0.31931 0 358.05 -7.3311 1.4123 0.022764 35930 3296 3864.1 0 0
1.216e+05 1.371 0.35203 1.4727 -1.4625 0.30429 0 381.25 0.088442 1.4128 0.022611 35975 3299 3864.6 0 0
1.217e+05 1.284 0.31436 1.4976 -1.5401 0.30846 0 361.6 7.3337 1.4144 0.02256 36037 3299 3865 0 0
1.218e+05 1.367 0.31624 1.495 -1.421 0.32079 0 388.67 1.1721 1.4158 0.022628 36095 3302 3865.5 0 0
1.219e+05 1.4152 0.31067 1.5687 -1.4114 0.31209 0 369.97 -5.0999 1.4172 0.022657 36155 3304 3865.9 0 0
1.22e+05 1.376 0.289 1.5037 -1.1935 0.33013 0 350.04 -1.6647 1.4173 0.022679 36199 3306 3866.4 0 0
1.221e+05 1.3698 0.31963 1.4575 -1.261 0.30102 0 356.58 0.87411 1.4175 0.022767 36238 3309 3866.9 0 0
1.222e+05 1.3728 0.25973 1.4455 -1.485 0.30416 0 361.83 -4.633 1.419 0.022797 36294 3307 3867.3 0 0
1.223e+05 1.3359 0.28267 1.4902 -1.0448 0.31149 0 358 2.7382 1.4195 0.02281 36341 3308 3867.8 0 0
1.224e+05 1.3669 0.2876 1.4564 -1.0919 0.30422 0 371.26 -0.30519 1.4204 0.022848 36396 3307 3868.2 0 0
1.225e+05 1.3467 0.30346 1.4582 -1.2765 0.30978 0 354.02 3.2129 1.4229 0.022818 36461 3306 3868.6 0 0
1.226e+05 1.3838 0.27474 1.5148 -1.1837 0.31479 0 342.22 -4.5109 1.4244 0.022821 36513 3306 3869.1 0 0
1.227e+05 1.418 0.28991 1.6057 -1.0883 0.31657 0 369.85 -9.2732 1.4258 0.022696 36564 3304 3869.6 0 0
1.228e+05 1.3681 0.28348 1.4357 -1.2938 0.32316 0 359.53 -0.79985 1.4281 0.022795 36610 3302 3870.1 0 0
1.229e+05 1.3808 0.32937 1.5253 -1.6132 0.29671 0 355.02 -0.4956 1.4321 0.022873 36651 3303 3870.6 0 0
1.23e+05 1.3295 0.28923 1.3554 -1.1934 0.31848 0 375.85 3.8829 1.4352 0.022965 36696 3304 3871.1 0 0
1.231e+05 1.3361 0.31053 1.1524 -1.3647 0.31521 0 346.62 4.2955 1.4388 0.023061 36753 3306 3871.5 0 0
1.232e+05 1.3577 0.28326 1.1533 -1.1664 0.32128 0 359.61 0.44715 1.4417 0.022939 36799 3306 3872 0 0
1.233e+05 1.3541 0.32935 1.1535 -1.5314 0.31684 0 363.96 2.4796 1.4434 0.022923 36849 3311 3872.5 0 0
1.234e+05 1.3659 0.30472 1.2435 -1.3763 0.32515 0 360.69 1.0216 1.445 0.022986 36913 3313 3872.9 0 0
1.235e+05 1.3426 0.3559 1.1173 -1.472 0.31209 0 352.66 2.564 1.4459 0.023008 36963 3310 3873.3 0 0
1.236e+05 1.3152 0.30394 1.1493 -1.2888 0.32453 0 364.48 5.6372 1.4476 0.023078 37019 3311 3873.8 0 0
1.237e+05 1.4361 0.277 1.278 -1.4023 0.33493 0 343.54 -14.239 1.4504 0.02288 37062 3310 3874.3 0 0
1.238e+05 1.3566 0.32885 1.2209 -1.279 0.30297 0 363.7 2.2125 1.4518 0.022963 37110 3312 3874.7 0 0
1.239e+05 1.308 0.30298 1.1622 -1.1668 0.3153 0 368.1 6.0617 1.4517 0.022915 37151 3313 3875.2 0 0
1.24e+05 1.3861 0.35231 1.2765 -1.0508 0.30232 0 367.96 -1.2591 1.4517 0.022933 37193 3313 3875.6 0 0
1.241e+05 1.3635 0.28193 1.2696 -1.1965 0.31184 0 370.13 -0.33927 1.4511 0.022915 37223 3313 3876.1 0 0
1.242e+05 1.4183 0.31087 1.2885 -1.4786 0.31468 0 370.02 -5.4323 1.4517 0.023049 37268 3317 3876.6 0 0
1.243e+05 1.3536 0.29839 1.1417 -1.1879 0.32716 0 364.89 2.3774 1.4538 0.022938 37335 3322 3877 0 0
1.244e+05 1.4078 0.2972 1.1166 -1.188 0.32359 0 376.96 -6.5949 1.4548 0.022903 37385 3325 3877.5 0 0
1.245e+05 1.4349 0.28674 1.1796 -1.2497 0.3163 0 372.29 -12.429 1.4544 0.022887 37415 3325 3878 0 0
1.246e+05 1.3983 0.27 1.0838 -1.2848 0.32068 0 350 -7.7974 1.4561 0.022866 37465 3328 3878.5 0 0
1.247e+05 1.4042 0.33185 1.2617 -1.0647 0.3211 0 370.92 -2.8347 1.4584 0.022771 37512 3329 3878.9 0 0
1.248e+05 1.3948 0.31032 1.267 -1.1643 0.2949 0 357.3 -3.1094 1.4591 0.022721 37558 3329 3879.4 0 0
1.249e+05 1.3463 0.27376 1.2075 -1.1086 0.31342 0 374.08 1.06 1.4608 0.022739 37612 3332 3879.9 0 0
1.25e+05 1.3775 0.32257 1.2841 -1.2339 0.3169 0 341.01 0.099314 1.4617 0.022661 37656 3330 3880.4 0 0
1.251e+05 1.3766 0.28216 1.2098 -1.3203 0.32742 0 365.55 -2.2387 1.4616 0.022726 37689 3328 3880.9 0 0
1.252e+05 1.409 0.26299 1.1467 -0.89272 0.33114 0 363.04 -10.522 1.462 0.022628 37735 3327 3881.4 0 0
1.253e+05 1.373 0.26861 1.2781 -1.1106 0.31735 0 332.43 -3.5004 1.4624 0.022623 37771 3327 3882 0 0
1.254e+05 1.3712 0.25126 1.1207 -0.98725 0.33195 0 355.57 -5.8147 1.4626 0.022621 37810 3329 3882.4 0 0
1.255e+05 1.3949 0.31619 1.208 -1.0935 0.33346 0 335.74 -2.4944 1.4645 0.022585 37862 3327 3882.9 0 0
1.256e+05 1.3671 0.25651 1.2576 -1.4432 0.31923 0 330.38 -4.2407 1.4668 0.022765 37923 3332 3883.3 0 0
1.257e+05 1.3231 0.33796 1.1775 -1.3811 0.31533 0 363.05 4.7869 1.4688 0.022642 37980 3335 3883.8 0 0
1.258e+05 1.3156 0.25747 1.1416 -0.97612 0.32385 0 364.53 1.5726 1.4705 0.022583 38038 3339 3884.2 0 0
1.259e+05 1.3462 0.27215 1.1946 -1.244 0.31553 0 339.07 0.92817 1.4704 0.022583 38077 3337 3884.8 0 0
1.26e+05 1.3197 0.27521 1.1956 -1.3972 0.31094 0 382.17 3.5695 1.473 0.022651 38125 3334 3885.2 0 0
1.261e+05 1.3392 0.26571 1.0636 -1.0056 0.31855 0 364.63 0.52148 1.4761 0.022704 38171 3333 3885.7 0 0
1.262e+05 1.3334 0.26098 1.1239 -0.99794 0.33116 0 360.39 0.60152 1.4793 0.022724 38207 3333 3886.2 0 0
1.263e+05 1.4454 0.19064 1.1921 -1.1652 0.30514 0 358.38 -37.321 1.4819 0.022765 38244 3338 3886.7 0 0
1.264e+05 1.3936 0.24108 1.1659 -1.3007 0.33957 0 335.17 -11.723 1.4838 0.022583 38282 3334 3887.3 0 0
1.265e+05 1.346 0.252 1.1372 -1.177 0.3348 0 353.02 -2.1267 1.4853 0.022648 38318 3337 3887.9 0 0
1.266e+05 1.3671 0.24427 1.1083 -1.4457 0.29622 0 374.2 -6.5824 1.4875 0.022701 38353 3338 3888.4 0 0
1.267e+05 1.3624 0.25404 1.2366 -1.282 0.30807 0 358.26 -3.9627 1.4898 0.022724 38387 3340 3888.9 0 0
1.268e+05 1.3832 0.22754 1.2055 -1.0672 0.29927 0 393.02 -13.386 1.4912 0.022583 38432 3338 3889.5 0 0
1.269e+05 1.3566 0.26983 1.0963 -1.1444 0.31909 0 382.75 -0.61509 1.4933 0.022605 38466 3339 3890 0 0
1.27e+05 1.4013 0.26081 1.187 -1.4129 0.31077 0 387.81 -9.2628 1.4962 0.022497 38489 3337 3890.6 0 0
1.271e+05 1.4099 0.2963 1.1723 -1.3538 0.31131 0 369.02 -6.9738 1.4983 0.022487 38524 3339 3891.1 0 0
1.272e+05 1.3094 0.24559 1.1255 -1.4801 0.30358 0 369.68 -0.61421 1.5013 0.022468 38549 3342 3891.7 0 0
1.273e+05 1.3632 0.25212 1.221 -1.4272 0.31036 0 382.54 -4.3349 1.5036 0.022478 38586 3342 3892.3 0 0
1.274e+05 1.4315 0.28187 1.2672 -1.011 0.30806 0 371.93 -12.698 1.5055 0.022477 38625 3342 3892.8 0 0
1.275e+05 1.4121 0.26189 1.2568 -1.0639 0.31918 0 384.23 -10.948 1.5078 0.022475 38660 3342 3893.3 0 0
1.276e+05 1.4076 0.2791 1.2593 -1.2333 0.29819 0 372.59 -8.2302 1.5106 0.022352 38688 3343 3893.9 0 0
1.277e+05 1.3659 0.253 1.2008 -1.3463 0.31159 0 373.87 -4.4415 1.5132 0.022342 38719 3345 3894.5 0 0
1.278e+05 1.3792 0.25477 1.1516 -1.1663 0.30442 0 380.57 -6.147 1.5144 0.022347 38745 3343 3895 0 0
1.279e+05 1.3511 0.25845 1.1369 -1.2764 0.32575 0 410.56 -1.4897 1.514 0.022358 38770 3348 3895.6 0 0
1.28e+05 1.3634 0.2596 1.143 -1.3082 0.30019 0 385.79 -2.997 1.5138 0.022336 38800 3350 3896.1 0 0
1.281e+05 1.3789 0.27197 1.2472 -1.007 0.33016 0 376.89 -3.6319 1.5128 0.02232 38826 3354 3896.6 0 0
1.282e+05 1.28 0.28697 1.1446 -1.1189 0.30805 0 385.13 5.9436 1.5133 0.022364 38874 3349 3897.1 0 0
1.283e+05 1.3253 0.286 1.1494 -1.2171 0.32169 0 372.21 4.1062 1.5147 0.022367 38927 3350 3897.6 0 0
1.284e+05 1.3869 0.28099 1.2586 -1.3978 0.29734 0 388.73 -4.0384 1.5148 0.022435 38972 3355 3898 0 0
1.285e+05 1.384 0.27963 1.2804 -1.4764 0.29332 0 393.97 -3.5819 1.514 0.022427 39002 3353 3898.5 0 0
1.286e+05 1.3539 0.30796 1.4485 -1.3534 0.29278 0 377.14 2.6093 1.5132 0.022471 39027 3353 3899 0 0
1.287e+05 1.4141 0.31089 1.5029 -1.2502 0.31932 0 394.3 -5.0198 1.5129 0.022477 39059 3353 3899.5 0 0
1.288e+05 1.4089 0.30858 1.4554 -1.2629 0.30924 0 367.75 -4.9072 1.5121 0.022533 39085 3356 3900 0 0
1.289e+05 1.3781 0.30418 1.5245 -1.048 0.3273 0 359.18 -0.59127 1.5123 0.022369 39130 3354 3900.4 0 0
1.29e+05 1.3118 0.29179 1.3794 -1.307 0.3046 0 370.44 5.2832 1.5131 0.022456 39184 3356 3900.9 0 0
1.291e+05 1.3929 0.34799 1.5145 -1.1324 0.31531 0 333.42 -1.8215 1.5148 0.02228 39250 3352 3901.3 0 0
1.292e+05 1.391 0.32536 1.4466 -1.5434 0.31329 0 361.79 -1.7221 1.5144 0.022389 39285 3355 3901.8 0 0
1.293e+05 1.3397 0.3251 1.4427 -1.5864 0.30079 0 352 3.9907 1.5143 0.022387 39323 3357 3902.2 0 0
1.294e+05 1.3554 0.34252 1.492 -1.3248 0.2989 0 356.35 2.116 1.5149 0.022434 39366 3356 3902.7 0 0
1.295e+05 1.2677 0.34208 1.4357 -1.1792 0.30301 0 348.45 7.3097 1.5174 0.022541 39426 3360 3903.1 0 0
1.296e+05 1.3546 0.32542 1.4912 -1.0894 0.31034 0 347.09 2.5839 1.52 0.022391 39492 3357 3903.5 0 0
1.297e+05 1.3489 0.26806 1.4159 -1.0737 0.32194 0 354.54 0.27182 1.5225 0.022281 39559 3356 3903.9 0 0
1.298e+05 1.338 0.31846 1.4643 -1.1717 0.33295 0 333.63 4.202 1.5246 0.02229 39619 3357 3904.4 0 0
1.299e+05 1.3404 0.2642 1.4023 -1.3464 0.29823 0 361.84 0.40994 1.5256 0.02231 39651 3355 3904.9 0 0
1.3e+05 1.3595 0.27816 1.4274 -1.2469 0.30107 0 340.41 -0.036553 1.5272 0.022395 39707 3351 3905.3 0 0
1.301e+05 1.3398 0.31786 1.5048 -1.2159 0.30139 0 352.7 4.0147 1.5295 0.022469 39756 3352 3905.7 0 0
1.302e+05 1.273 0.2746 1.4393 -1.2681 0.31302 0 359.19 4.9859 1.5313 0.022464 39816 3353 3906.2 0 0
1.303e+05 1.2879 0.31927 1.4594 -1.101 0.31788 0 367.27 7.125 1.5327 0.022468 39867 3352 3906.6 0 0
1.304e+05 1.4127 0.28926 1.4862 -1.1001 0.31496 0 360.85 -8.2092 1.5345 0.02228 39922 3349 3907.1 0 0
1.305e+05 1.3139 0.31546 1.4534 -1.2584 0.31288 0 358.88 5.6806 1.5366 0.022312 39982 3349 3907.5 0 0
1.306e+05 1.4045 0.28431 1.5086 -1.2084 0.31545 0 361.27 -6.9604 1.5399 0.022265 40022 3348 3908 0 0
1.307e+05 1.3345 0.3033 1.4839 -1.0365 0.30378 0 378.7 4.5242 1.541 0.022323 40066 3349 3908.4 0 0
1.308e+05 1.3558 0.32267 1.4416 -0.97338 0.31429 0 375.82 2.544 1.5427 0.022391 40122 3350 3908.9 0 0
1.309e+05 1.436 0.27337 1.4995 -1.0611 0.30535 0 380.14 -14.374 1.5445 0.022416 40177 3351 3909.3 0 0
1.31e+05 1.4068 0.30348 1.4218 -0.99415 0.33681 0 356.79 -5.3646 1.5443 0.022412 40205 3349 3909.8 0 0
1.311e+05 1.4466 0.29043 1.5118 -0.72722 0.30338 0 382.82 -13.157 1.5436 0.022408 40230 3351 3910.3 0 0
1.312e+05 1.4221 0.27112 1.5409 -0.99243 0.29475 0 356.93 -12.014 1.5429 0.022349 40257 3350 3910.8 0 0
1.313e+05 1.4173 0.27999 1.4554 -1.2988 0.31089 0 360.64 -9.8709 1.5421 0.022327 40285 3353 3911.3 0 0
1.314e+05 1.3723 0.27297 1.4072 -1.0215 0.29354 0 347.99 -2.3517 1.5424 0.022327 40322 3355 3911.8 0 0
1.315e+05 1.4204 0.29256 1.5673 -1.1814 0.29995 0 399.95 -8.8132 1.543 0.022371 40370 3357 3912.2 0 0
1.316e+05 1.4258 0.28033 1.4988 -1.0477 0.32274 0 408.75 -11.495 1.5422 0.022385 40395 3357 3912.7 0 0
1.317e+05 1.414 0.28446 1.5397 -1.2884 0.30699 0 400 -8.6038 1.542 0.022351 40429 3354 3913.2 0 0
1.318e+05 1.3462 0.29597 1.4706 -1.3883 0.31208 0 399.67 3.2323 1.5413 0.022342 40459 3354 3913.7 0 0
1.319e+05 1.3107 0.25225 1.357 -1.1214 0.32026 0 412.59 0.77348 1.5416 0.022353 40502 3356 3914.2 0 0
1.32e+05 1.3878 0.28368 1.4357 -1.0468 0.30757 0 393.03 -3.6981 1.5416 0.02253 40537 3359 3914.6 0 0
1.321e+05 1.3907 0.26165 1.5232 -1.0615 0.30369 0 390.4 -7.0393 1.5412 0.022558 40566 3365 3915.1 0 0
1.322e+05 1.4394 0.26918 1.4537 -1.0884 0.30728 0 394.7 -15.36 1.5405 0.022523 40597 3365 3915.6 0 0
1.323e+05 1.4189 0.29063 1.4882 -1.3096 0.32362 0 404.84 -8.7754 1.5397 0.022568 40622 3367 3916.1 0 0
1.324e+05 1.4222 0.26838 1.58 -1.2081 0.31512 0 407.75 -12.185 1.5398 0.022528 40664 3369 3916.6 0 0
1.325e+05 1.3749 0.32616 1.4598 -1.3026 0.31168 0 383.5 0.29879 1.5391 0.022518 40694 3371 3917 0 0
1.326e+05 1.2996 0.30549 1.3175 -1.1359 0.31961 0 385.06 6.6011 1.5386 0.02245 40728 3369 3917.5 0 0
1.327e+05 1.3809 0.30242 1.506 -0.91184 0.31247 0 379.52 -0.86445 1.5398 0.022492 40783 3367 3917.9 0 0
1.328e+05 1.381 0.30805 1.4873 -1.2999 0.31106 0 390.85 -0.64013 1.5401 0.02251 40829 3365 3918.4 0 0
1.329e+05 1.3853 0.33814 1.49 -1.1748 0.33398 0 404.67 -0.93497 1.5406 0.022488 40877 3361 3918.9 0 0
1.33e+05 1.3906 0.2757 1.5179 -1.125 0.31477 0 411.85 -4.918 1.5401 0.022506 40905 3362 3919.4 0 0
1.331e+05 1.4072 0.21875 1.4234 -1.1181 0.28428 0 382.97 -20.473 1.5391 0.022499 40926 3363 3920 0 0
1.332e+05 1.4088 0.27995 1.5394 -1.09 0.31458 0 412.15 -7.9449 1.538 0.022502 40945 3362 3920.5 0 0
1.333e+05 1.423 0.27787 1.5412 -1.3764 0.30984 0 373.78 -11.143 1.5383 0.022675 40987 3364 3921.1 0 0
1.334e+05 1.3345 0.307 1.4959 -1.1579 0.30278 0 387.41 4.6239 1.5381 0.022786 41026 3367 3921.5 0 0
1.335e+05 1.3964 0.30106 1.5483 -1.0327 0.30891 0 403.34 -3.6523 1.5386 0.022407 41067 3365 3922 0 0
1.336e+05 1.3868 0.26779 1.5248 -1.1084 0.32871 0 393.01 -5.2417 1.5389 0.022454 41109 3365 3922.5 0 0
1.337e+05 1.2957 0.32243 1.4368 -1.2641 0.31645 0 370.02 6.7575 1.5397 0.022567 41164 3369 3922.9 0 0
1.338e+05 1.3204 0.29729 1.4213 -1.2331 0.30764 0 388.58 5.2627 1.5411 0.022651 41223 3373 3923.3 0 0
1.339e+05 1.3844 0.22814 1.4897 -1.2586 0.324 0 395.22 -13.474 1.5418 0.022747 41276 3376 3923.7 0 0
1.34e+05 1.3139 0.26281 1.4529 -1.414 0.30662 0 393.25 2.6526 1.543 0.022768 41334 3380 3924.1 0 0
1.341e+05 1.3119 0.27168 1.3997 -1.3046 0.31369 0 380.87 3.972 1.5451 0.022652 41409 3379 3924.5 0 0
1.342e+05 1.3718 0.34783 1.4548 -1.2273 0.31823 0 389.84 -0.041849 1.5466 0.022512 41470 3377 3925 0 0
1.343e+05 1.3751 0.27342 1.3689 -1.0846 0.30723 0 418.58 -2.5566 1.5469 0.022646 41517 3378 3925.4 0 0
1.344e+05 1.2948 0.2841 1.3424 -1.205 0.32142 0 379.14 5.8423 1.5486 0.022668 41583 3383 3925.8 0 0
1.345e+05 1.2842 0.26341 1.3255 -1.0514 0.30355 0 393.81 3.8651 1.55 0.022604 41637 3380 3926.2 0 0
1.346e+05 1.3293 0.32127 1.3058 -1.1875 0.31052 0 409.47 4.9103 1.5523 0.022606 41708 3381 3926.5 0 0
1.347e+05 1.3191 0.26307 1.2996 -1.1776 0.31802 0 385.37 2.5317 1.5532 0.022584 41752 3381 3926.9 0 0
1.348e+05 1.3792 0.26832 1.2831 -1.0148 0.30999 0 395.03 -3.9482 1.5529 0.02263 41788 3382 3927.4 0 0
1.349e+05 1.3315 0.25144 1.094 -1.4071 0.30937 0 395.25 -0.72993 1.552 0.022634 41815 3383 3927.9 0 0
1.35e+05 1.3494 0.26017 1.028 -1.1872 0.30556 0 383.67 -0.83584 1.5514 0.022642 41844 3382 3928.3 0 0
1.351e+05 1.3983 0.28971 1.1645 -1.0913 0.31682 0 393.02 -4.8734 1.5516 0.022585 41888 3386 3928.8 0 0
1.352e+05 1.4574 0.26882 1.1273 -1.2091 0.31339 0 393.73 -18.428 1.5509 0.022543 41917 3383 3929.3 0 0
1.353e+05 1.4265 0.26499 1.0878 -1.1863 0.31601 0 397.14 -13.179 1.55 0.022524 41940 3386 3929.9 0 0
1.354e+05 1.4066 0.28983 1.1768 -0.97195 0.3207 0 390.17 -6.5148 1.5483 0.022541 41946 3383 3930.5 0 0
1.355e+05 1.4086 0.22875 1.07 -0.98213 0.31414 0 403.87 -17.541 1.5467 0.022526 41955 3388 3931.1 0 0
1.356e+05 1.3268 0.26444 1.0243 -0.99162 0.30782 0 398.33 2.2171 1.5454 0.022537 41970 3386 3931.7 0 0
1.357e+05 1.3658 0.21862 1.123 -0.97052 0.32422 0 388.61 -13.314 1.5449 0.02244 42000 3389 3932.2 0 0
1.358e+05 1.3509 0.2302 1.1371 -0.97286 0.28891 0 389.86 -7.7542 1.5453 0.02269 42040 3390 3932.8 0 0
1.359e+05 1.4329 0.22662 1.1282 -0.97135 0.32158 0 402.86 -22.271 1.5444 0.022574 42061 3391 3933.5 0 0
1.36e+05 1.4386 0.20571 1.099 -1.1809 0.31988 0 397.29 -29.808 1.5436 0.022587 42086 3393 3934.1 0 0
1.361e+05 1.4114 0.23829 1.1417 -0.97808 0.31666 0 383.35 -15.142 1.5434 0.02258 42117 3396 3934.7 0 0
1.362e+05 1.4525 0.25677 1.1502 -0.92229 0.3074 0 377.82 -19.508 1.5429 0.022656 42145 3401 3935.3 0 0
1.363e+05 1.4239 0.28352 1.1917 -1.1599 0.32989 0 395.94 -10.44 1.5433 0.022505 42185 3402 3935.9 0 0
1.364e+05 1.3631 0.27625 1.0604 -1.0575 0.30107 0 381.26 -0.34693 1.5434 0.022513 42224 3401 3936.4 0 0
1.365e+05 1.4051 0.24717 1.1109 -1.0587 0.32471 0 402.28 -11.936 1.5431 0.022482 42257 3398 3937 0 0
1.366e+05 1.4017 0.24207 1.0926 -1.3502 0.30313 0 390.29 -12.614 1.5426 0.022492 42286 3400 3937.6 0 0
1.367e+05 1.4778 0.25751 1.1306 -1.1125 0.29811 0 377.76 -23.072 1.5422 0.022531 42316 3396 3938.1 0 0
1.368e+05 1.4954 0.2455 1.0975 -1.2356 0.31993 0 372.15 -28.33 1.5411 0.022522 42337 3394 3938.7 0 0
1.369e+05 1.4618 0.23777 1.057 -1.0372 0.33233 0 391.81 -23.802 1.5395 0.022533 42345 3392 3939.4 0 0
1.37e+05 1.3907 0.24236 1.0836 -0.95056 0.32669 0 396.75 -10.64 1.5378 0.022523 42350 3393 3940 0 0
1.371e+05 1.3557 0.28291 1.0315 -1.0744 0.31503 0 392.78 1.2588 1.5363 0.022494 42361 3397 3940.6 0 0
1.372e+05 1.4419 0.23496 1.0196 -1.0322 0.32152 0 381.22 -21.58 1.5359 0.022466 42393 3395 3941.1 0 0
1.373e+05 1.4322 0.2879 1.0292 -1.1099 0.32693 0 375.27 -11.324 1.5345 0.022431 42407 3402 3941.7 0 0
1.374e+05 1.4128 0.24194 1.0332 -0.97299 0.32075 0 370.96 -14.344 1.533 0.022424 42416 3403 3942.2 0 0
1.375e+05 1.4334 0.27652 1.0274 -1.1076 0.30487 0 387.69 -12.893 1.5314 0.022399 42425 3407 3942.8 0 0
1.376e+05 1.4587 0.18551 1.068 -0.936 0.32191 0 380.04 -42.199 1.5297 0.022394 42430 3411 3943.4 0 0
1.377e+05 1.3991 0.23063 0.99565 -0.96668 0.3174 0 384.6 -15.241 1.5283 0.02237 42442 3413 3944 0 0
1.378e+05 1.393 0.26354 0.95692 -1.1611 0.32824 0 388.1 -6.7977 1.5268 0.022357 42452 3415 3944.6 0 0
1.379e+05 1.46 0.26569 1.0951 -0.97995 0.33689 0 374.95 -18.903 1.5257 0.022361 42470 3415 3945.2 0 0
1.38e+05 1.4417 0.25124 1.0608 -0.79423 0.32435 0 373.99 -18.233 1.5252 0.022376 42499 3411 3945.8 0 0
1.381e+05 1.3756 0.22531 1.0409 -1.1315 0.31258 0 365.44 -12.561 1.5247 0.022357 42530 3410 3946.4 0 0
1.382e+05 1.4091 0.26136 1.0477 -1.0416 0.33088 0 381.43 -9.8225 1.5243 0.022317 42562 3409 3946.9 0 0
1.383e+05 1.3904 0.19887 1.0565 -1.097 0.31111 0 388.12 -24.18 1.5235 0.022375 42588 3413 3947.5 0 0
1.384e+05 1.3896 0.23672 1.086 -1.16 0.32848 0 395.4 -11.809 1.5227 0.022431 42613 3417 3948.1 0 0
1.385e+05 1.3624 0.24612 0.96676 -1.0667 0.32166 0 380.99 -5.2985 1.5219 0.022441 42637 3415 3948.7 0 0
1.386e+05 1.3369 0.27269 1.0013 -0.8929 0.30593 0 384.38 2.2033 1.5218 0.022375 42674 3413 3949.3 0 0
1.387e+05 1.3186 0.25917 0.96593 -1.0506 0.32039 0 371.84 2.2458 1.5228 0.022429 42727 3415 3949.7 0 0
1.388e+05 1.381 0.21346 1.0311 -1.0093 0.30694 0 386.89 -17.783 1.5237 0.02229 42778 3415 3950.2 0 0
1.389e+05 1.3098 0.23002 0.9531 -0.96294 0.3148 0 375.92 -3.9898 1.5231 0.022329 42806 3413 3950.8 0 0
1.39e+05 1.3935 0.2394 1.0263 -1.0766 0.29393 0 361.85 -11.671 1.5225 0.022378 42835 3416 3951.3 0 0
1.391e+05 1.3956 0.24992 1.1463 -1.0209 0.32338 0 379.94 -9.5131 1.5222 0.022307 42870 3411 3951.8 0 0
1.392e+05 1.2745 0.26563 0.94451 -1.0137 0.32085 0 359.09 4.569 1.5215 0.022319 42898 3411 3952.2 0 0
1.393e+05 1.2788 0.24234 0.93314 -1.3025 0.30658 0 364.19 0.31854 1.5213 0.022308 42940 3411 3952.7 0 0
1.394e+05 1.354 0.20924 0.97136 -0.86381 0.33196 0 360.64 -14.715 1.5202 0.022341 42959 3417 3953.2 0 0
1.395e+05 1.4469 0.26091 0.9955 -1.0076 0.30868 0 371.85 -17.416 1.5189 0.02239 42973 3416 3953.7 0 0
1.396e+05 1.3875 0.26035 0.98864 -1.0795 0.32685 0 386.23 -6.2185 1.5174 0.022394 42983 3415 3954.2 0 0
1.397e+05 1.4139 0.23993 1.0192 -1.2859 0.2966 0 354.04 -14.811 1.517 0.022365 43016 3418 3954.8 0 0
1.398e+05 1.4195 0.28383 1.0974 -1.1975 0.32463 0 366.12 -9.3564 1.5164 0.022431 43042 3420 3955.3 0 0
1.399e+05 1.3797 0.27075 1.0495 -1.0007 0.31312 0 375.68 -3.4708 1.5153 0.022435 43061 3421 3955.8 0 0
1.4e+05 1.3839 0.29472 0.98501 -0.98021 0.32124 0 374.73 -1.7936 1.5155 0.022476 43108 3422 3956.3 0 0
1.401e+05 1.3899 0.26941 0.9856 -0.9488 0.30804 0 367.77 -5.2635 1.5167 0.022298 43157 3420 3956.8 0 0
1.402e+05 1.3806 0.3098 0.96898 -1.1631 0.30137 0 379.15 -0.53085 1.518 0.022571 43205 3423 3957.2 0 0
1.403e+05 1.3826 0.27356 0.94705 -0.87476 0.35169 0 387.82 -3.5316 1.518 0.02271 43241 3426 3957.7 0 0
1.404e+05 1.4113 0.29347 1.0327 -1.0001 0.3183 0 366.7 -6.9247 1.5172 0.022719 43267 3426 3958.2 0 0
1.405e+05 1.4424 0.294 1.017 -0.9673 0.31255 0 383.2 -11.838 1.5176 0.022575 43305 3425 3958.8 0 0
1.406e+05 1.4577 0.27176 1.089 -1.1144 0.30099 0 372.56 -17.525 1.5172 0.022445 43335 3425 3959.4 0 0
1.407e+05 1.4428 0.18941 1.0497 -0.9954 0.30889 0 377.28 -37.61 1.5173 0.022508 43373 3423 3960.1 0 0
1.408e+05 1.3467 0.25651 0.99624 -0.88943 0.3043 0 389.3 -0.93999 1.5174 0.022501 43407 3424 3960.7 0 0
1.409e+05 1.3411 0.22134 1.0231 -0.96937 0.31274 0 380.23 -9.4223 1.5165 0.022596 43428 3426 3961.2 0 0
1.41e+05 1.3004 0.21377 0.95047 -0.86254 0.28571 0 374.74 -8.2035 1.5158 0.022572 43454 3426 3961.8 0 0
1.411e+05 1.3882 0.23726 1.0322 -1.0687 0.32552 0 382.78 -11.233 1.5153 0.022491 43484 3423 3962.5 0 0
1.412e+05 1.4681 0.20338 1.0301 -0.95501 0.33011 0 379.72 -34.507 1.5153 0.022512 43517 3420 3963.2 0 0
1.413e+05 1.4545 0.20589 1.0299 -1.0424 0.30973 0 351.7 -32.588 1.5155 0.022594 43551 3422 3963.9 0 0
1.414e+05 1.4278 0.24441 1.0611 -0.81249 0.32122 0 369.08 -16.722 1.515 0.022671 43578 3419 3964.6 0 0
1.415e+05 1.4181 0.24527 1.0813 -1.1576 0.3438 0 368.79 -14.285 1.5149 0.02266 43611 3421 3965.2 0 0
1.416e+05 1.4065 0.17141 1.036 -0.99757 0.33089 0 364.2 -38.249 1.5144 0.022557 43640 3423 3966 0 0
1.417e+05 1.4463 0.21318 1.084 -1.1308 0.31907 0 352.92 -28.341 1.5141 0.02255 43672 3426 3966.6 0 0
1.418e+05 1.4208 0.20232 1.0623 -1.1171 0.3124 0 367.74 -28.671 1.5141 0.022707 43707 3428 3967.2 0 0
1.419e+05 1.3574 0.22365 0.94811 -1.0018 0.34338 0 380.22 -10.641 1.514 0.022677 43737 3433 3967.9 0 0
1.42e+05 1.344 0.24799 1.0148 -1.1403 0.34192 0 348.56 -2.3047 1.5142 0.022715 43774 3432 3968.6 0 0
1.421e+05 1.3788 0.23522 1.0203 -1.165 0.33115 0 360.66 -10.148 1.5134 0.022714 43797 3431 3969.1 0 0
1.422e+05 1.4038 0.20582 1.1035 -0.79714 0.3115 0 388.55 -23.765 1.5126 0.022698 43822 3431 3969.7 0 0
1.423e+05 1.3292 0.21401 1.0526 -0.9774 0.3118 0 382.69 -10.065 1.5117 0.022686 43846 3433 3970.2 0 0
1.424e+05 1.3813 0.21343 0.96946 -1.1014 0.31192 0 381.75 -17.479 1.5106 0.022682 43866 3437 3970.7 0 0
1.425e+05 1.3336 0.23077 0.99417 -1.0606 0.31179 0 364.29 -5.6556 1.5095 0.022593 43884 3435 3971.3 0 0
1.426e+05 1.3403 0.20244 0.96543 -1.0621 0.32389 0 370.65 -15.799 1.5094 0.022595 43918 3438 3971.9 0 0
1.427e+05 1.3656 0.17118 1.0431 -1.1894 0.30487 0 366.44 -30.401 1.5089 0.022601 43948 3442 3972.5 0 0
1.428e+05 1.3796 0.22478 0.97398 -1.127 0.30213 0 381.33 -13.27 1.508 0.022604 43970 3441 3973 0 0
1.429e+05 1.3331 0.2742 0.95502 -0.90487 0.32174 0 376.86 2.7735 1.507 0.022616 43990 3439 3973.5 0 0
1.43e+05 1.2907 0.24029 0.89372 -1.1301 0.3017 0 353.25 -0.24555 1.5059 0.022543 44009 3439 3974 0 0
1.431e+05 1.3632 0.25918 0.91146 -0.96049 0.31384 0 362.61 -2.5982 1.5049 0.022456 44029 3438 3974.6 0 0
1.432e+05 1.4316 0.2626 1.0703 -0.93729 0.31147 0 352.34 -13.929 1.5037 0.022467 44045 3435 3975.1 0 0
1.433e+05 1.409 0.23829 1.024 -0.90959 0.30501 0 357.49 -14.244 1.5027 0.02247 44068 3437 3975.5 0 0
1.434e+05 1.4186 0.23049 0.97902 -1.0052 0.30964 0 371.18 -18.132 1.5017 0.022479 44089 3442 3976.1 0 0
1.435e+05 1.4297 0.21467 1.1229 -1.0418 0.31134 0 363.66 -25.046 1.5014 0.022568 44121 3447 3976.7 0 0
1.436e+05 1.3851 0.21888 0.98082 -0.85259 0.32937 0 382.13 -15.991 1.5012 0.022589 44153 3444 3977.3 0 0
1.437e+05 1.3886 0.25465 0.99945 -1.2645 0.31736 0 366.5 -7.103 1.5014 0.022674 44190 3440 3977.9 0 0
1.438e+05 1.363 0.23118 1.0232 -1.1242 0.3375 0 367.76 -8.8384 1.5016 0.022622 44225 3444 3978.4 0 0
1.439e+05 1.4076 0.23182 1.0273 -0.92287 0.33579 0 375.03 -15.773 1.5014 0.022586 44259 3444 3978.9 0 0
1.44e+05 1.288 0.19937 0.99357 -1.2225 0.30953 0 381.23 -12.441 1.5022 0.022674 44303 3446 3979.5 0 0
1.441e+05 1.3535 0.20462 0.98647 -1.1195 0.30237 0 386.53 -15.679 1.5033 0.022959 44346 3450 3980 0 0
1.442e+05 1.3531 0.21963 1.0037 -1.0654 0.35462 0 381.02 -11.154 1.5035 0.02302 44382 3449 3980.6 0 0
1.443e+05 1.3506 0.20675 0.95809 -1.2221 0.31637 0 388.66 -14.847 1.5038 0.023111 44423 3452 3981.1 0 0
1.444e+05 1.3087 0.22738 0.93302 -0.90624 0.31631 0 382.7 -4.6074 1.5049 0.023066 44465 3452 3981.6 0 0
1.445e+05 1.4248 0.22575 0.95966 -1.0755 0.3284 0 394.33 -20.488 1.506 0.023023 44511 3449 3982.2 0 0
1.446e+05 1.3551 0.2458 0.99787 -0.96955 0.30512 0 368.18 -4.0858 1.5069 0.022906 44554 3450 3982.7 0 0
1.447e+05 1.4225 0.20745 1.1648 -1.036 0.30217 0 385.02 -26.744 1.5078 0.02299 44603 3450 3983.1 0 0
1.448e+05 1.3335 0.21355 1.1591 -1.03 0.31651 0 392.71 -10.687 1.5089 0.023035 44644 3452 3983.7 0 0
1.449e+05 1.3405 0.24896 1.1502 -0.90292 0.31055 0 367.24 -1.6308 1.5092 0.022953 44682 3450 3984.2 0 0
1.45e+05 1.3905 0.20589 1.074 -1.1102 0.33512 0 351.8 -21.306 1.5098 0.022932 44716 3445 3984.9 0 0
1.451e+05 1.4236 0.25099 1.184 -1.2181 0.30629 0 378.29 -14.243 1.5104 0.02292 44754 3447 3985.4 0 0
1.452e+05 1.3721 0.24963 1.1114 -1.025 0.31346 0 375.3 -5.5155 1.5108 0.022943 44794 3450 3985.9 0 0
1.453e+05 1.401 0.20619 1.0615 -1.048 0.32271 0 374.22 -22.825 1.5118 0.023058 44831 3449 3986.5 0 0
1.454e+05 1.3792 0.26467 1.0537 -1.0286 0.31213 0 367.21 -4.0802 1.514 0.022884 44864 3449 3987.1 0 0
1.455e+05 1.3951 0.26592 0.99132 -1.0794 0.32407 0 397.55 -6.6072 1.5149 0.0228 44902 3450 3987.6 0 0
1.456e+05 1.3987 0.20326 1.0466 -1.0182 0.3094 0 389.94 -23.501 1.5152 0.022848 44939 3454 3988.3 0 0
1.457e+05 1.4678 0.1859 1.0439 -1.1751 0.34296 0 372.24 -43.218 1.5154 0.022919 44973 3457 3989 0 0
1.458e+05 1.3767 0.24933 1.0186 -0.83801 0.33106 0 371.64 -6.3016 1.5158 0.022848 45009 3459 3989.7 0 0
1.459e+05 1.4112 0.20527 0.9914 -0.99089 0.32996 0 372.7 -25.247 1.5157 0.022785 45042 3462 3990.3 0 0
1.46e+05 1.4156 0.1749 1.0718 -1.0602 0.33311 0 380.37 -38.331 1.5148 0.022831 45063 3464 3991 0 0
1.461e+05 1.4238 0.18878 1.0685 -0.85945 0.29414 0 378.66 -33.736 1.5146 0.022748 45095 3463 3991.7 0 0
1.462e+05 1.3782 0.29411 1.052 -1.0761 0.315 0 358.99 -0.86861 1.5147 0.022705 45129 3461 3992.2 0 0
1.463e+05 1.4196 0.24115 1.0915 -1.0077 0.32482 0 375.55 -15.309 1.5164 0.022703 45172 3462 3992.7 0 0
1.464e+05 1.4304 0.21195 1.0475 -1.1302 0.326 0 353.64 -25.936 1.5186 0.022696 45206 3463 3993.4 0 0
1.465e+05 1.4221 0.17147 0.98808 -1.0425 0.32584 0 375.15 -40.921 1.5201 0.022657 45241 3469 3994.2 0 0
1.466e+05 1.4034 0.17237 1.0318 -1.1804 0.30772 0 352.9 -37.038 1.5223 0.022646 45276 3471 3995 0 0
1.467e+05 1.4339 0.17082 1.1658 -1.0661 0.31429 0 340.5 -44.102 1.5242 0.022589 45314 3476 3995.8 0 0
1.468e+05 1.3988 0.21424 1.0731 -1.1346 0.30543 0 352.44 -19.351 1.5243 0.0225 45349 3479 3996.7 0 0
1.469e+05 1.4128 0.21229 1.0229 -1.0693 0.31321 0 357.86 -22.871 1.5251 0.022469 45384 3484 3997.5 0 0
1.47e+05 1.4055 0.16165 1.0225 -1.0037 0.32232 0 360.81 -41.497 1.5245 0.022487 45411 3485 3998.4 0 0
1.471e+05 1.4832 0.17154 1.0678 -1.0074 0.31505 0 362.37 -49.386 1.524 0.022492 45439 3485 3999.4 0 0
1.472e+05 1.4546 0.18775 1.0102 -0.88322 0.33663 0 376.93 -40.661 1.5231 0.022549 45460 3494 4000.4 0 0
1.473e+05 1.4259 0.16974 1.0029 -1.0907 0.33293 0 362.61 -42.582 1.5223 0.022476 45483 3497 4001.4 0 0
1.474e+05 1.4078 0.15979 0.98987 -0.73577 0.32368 0 350.32 -42.908 1.5214 0.022366 45501 3495 4002.5 0 0
1.475e+05 1.4214 0.16821 0.98288 -0.96895 0.31809 0 366.18 -42.24 1.5201 0.022372 45514 3493 4003.5 0 0
1.476e+05 1.42 0.17708 1.0382 -1.0803 0.31067 0 368.31 -37.66 1.5188 0.0224 45527 3493 4004.5 0 0
1.477e+05 1.3193 0.21036 0.9228 -1.1186 0.314 0 365.79 -10.412 1.518 0.022381 45549 3496 4005.2 0 0
1.478e+05 1.3992 0.18526 0.98622 -0.99077 0.30332 0 354.97 -31.414 1.517 0.022387 45567 3495 4005.9 0 0
1.479e+05 1.4486 0.2175 1.0285 -0.86466 0.29841 0 355.86 -27.232 1.5169 0.022383 45599 3496 4006.7 0 0
1.48e+05 1.4079 0.21275 1.0529 -0.98231 0.31229 0 372.23 -21.705 1.5167 0.02252 45623 3499 4007.3 0 0
1.481e+05 1.3862 0.17989 1.0225 -1.182 0.32255 0 394.67 -30.695 1.5153 0.022558 45634 3493 4008 0 0
1.482e+05 1.3959 0.19747 1.0113 -1.0288 0.32995 0 368.72 -24.949 1.514 0.022523 45645 3498 4008.7 0 0
1.483e+05 1.3743 0.18313 1.0143 -1.062 0.31821 0 372.6 -26.499 1.5135 0.022516 45669 3500 4009.4 0 0
1.484e+05 1.3448 0.22665 1.0139 -1.041 0.31611 0 372.04 -7.7533 1.5137 0.022409 45700 3500 4010.2 0 0
1.485e+05 1.4131 0.1468 1.0309 -1.085 0.31658 0 372.38 -48.646 1.5131 0.02239 45717 3503 4011 0 0
1.486e+05 1.3632 0.18474 1.0045 -0.92727 0.34118 0 365.08 -24.169 1.5125 0.022466 45742 3506 4011.9 0 0
1.487e+05 1.4077 0.15373 1.1632 -0.93576 0.325 0 379.87 -45.582 1.5114 0.022582 45755 3508 4012.8 0 0
1.488e+05 1.3398 0.21575 1.1982 -1.1382 0.30404 0 370.32 -10.853 1.5107 0.022547 45780 3512 4013.5 0 0
1.489e+05 1.3907 0.15365 0.9583 -0.80221 0.30252 0 387.2 -42.425 1.5093 0.022565 45787 3513 4014.4 0 0
1.49e+05 1.3793 0.13178 1.0216 -1.0678 0.32065 0 388.38 -49.364 1.5076 0.022444 45788 3532 4015.4 0 0
1.491e+05 1.2696 0.13029 0.91012 -1.1196 0.314 0 385.51 -44.976 1.5058 0.022343 45788 3548 4016.5 0 0
1.492e+05 1.3249 0.1356 0.94749 -1.1125 0.31333 0 396.93 -43.238 1.5041 0.022305 45789 3554 4017.6 0 0
1.493e+05 1.3652 0.15028 0.97958 -0.97116 0.31724 0 395.71 -40.101 1.5024 0.022243 45789 3564 4018.6 0 0
1.494e+05 1.349 0.16623 0.97256 -1.1614 0.29864 0 370.72 -30.518 1.5007 0.02223 45789 3566 4019.6 0 0
1.495e+05 1.3784 0.13385 1.021 -0.96274 0.31286 0 396.49 -48.861 1.499 0.02223 45790 3566 4020.7 0 0
1.496e+05 1.3397 0.13307 0.97551 -0.9539 0.34643 0 391.36 -46.068 1.4973 0.022181 45790 3574 4021.8 0 0
1.497e+05 1.2879 0.12358 0.96208 -1.2119 0.31018 0 368.45 -48.284 1.4956 0.02215 45790 3579 4022.9 0 0
1.498e+05 1.3053 0.11703 0.9312 -1.0232 0.31512 0 364.81 -49.557 1.4938 0.022088 45790 3589 4024.1 0 0
1.499e+05 1.3892 0.13919 1.0433 -0.81081 0.31171 0 384.44 -47.963 1.4921 0.022051 45790 3595 4025.2 0 0
1.5e+05 1.3373 0.14123 0.97157 -0.87782 0.3013 0 376 -41.526 1.4904 0.022027 45790 3599 4026.3 0 0
1.501e+05 1.3318 0.12517 1.0307 -0.73794 0.29702 0 396.68 -48.093 1.4887 0.021953 45790 3611 4027.5 0 0
1.502e+05 1.3716 0.16652 1.1693 -1.1123 0.31845 0 378.37 -33.98 1.487 0.021929 45790 3615 4028.5 0 0
1.503e+05 1.3803 0.13993 1.1102 -1.1688 0.31157 0 348.9 -46.983 1.4852 0.021899 45790 3620 4029.7 0 0
1.504e+05 1.3795 0.14664 1.061 -0.92334 0.30078 0 385.03 -43.608 1.4835 0.021899 45790 3620 4030.8 0 0
1.505e+05 1.3682 0.12181 1.1134 -0.87648 0.30381 0 356.69 -49.421 1.4818 0.021881 45790 3623 4031.9 0 0
1.506e+05 1.4095 0.15026 1.1574 -0.97407 0.3381 0 388.37 -46.904 1.4801 0.02185 45790 3628 4033.1 0 0
1.507e+05 1.3367 0.14526 1.0604 -0.96543 0.32372 0 357.88 -38.827 1.4784 0.02185 45790 3628 4034.2 0 0
1.508e+05 1.3954 0.14027 1.1375 -0.91064 0.31689 0 368.23 -47.525 1.4767 0.021838 45790 3630 4035.3 0 0
1.509e+05 1.384 0.13749 1.1843 -1.0547 0.35214 0 373.61 -47.576 1.475 0.021814 45790 3634 4036.4 0 0
1.51e+05 1.3887 0.17772 1.1081 -1.2295 0.31386 0 362.94 -32.166 1.4733 0.021814 45790 3634 4037.4 0 0
1.511e+05 1.389 0.16409 1.0673 -1.0344 0.33469 0 371.27 -37.471 1.4716 0.021814 45790 3634 4038.3 0 0
1.512e+05 1.4334 0.15819 1.4447 -1.1664 0.30566 0 361.7 -46.991 1.4699 0.021814 45790 3634 4039.5 0 0
1.513e+05 1.3777 0.16528 1.438 -1.1088 0.30532 0 370.3 -35.319 1.4682 0.021814 45790 3634 4040.5 0 0
1.514e+05 1.3997 0.18808 1.4607 -1.2805 0.31478 0 366.54 -29.448 1.4665 0.021844 45790 3629 4041.5 0 0
1.515e+05 1.4359 0.13389 1.3859 -1.0421 0.31628 0 381.69 -49.953 1.4647 0.021826 45790 3632 4042.6 0 0
1.516e+05 1.3599 0.12665 1.3713 -0.95855 0.29711 0 384.5 -48.287 1.4631 0.021814 45791 3634 4043.7 0 0
1.517e+05 1.3871 0.17286 1.3751 -0.91996 0.31402 0 353.47 -33.897 1.4614 0.021802 45791 3636 4044.7 0 0
1.518e+05 1.3317 0.16377 1.2665 -1.0447 0.29294 0 363.57 -28.845 1.4597 0.021755 45791 3644 4045.5 0 0
1.519e+05 1.3416 0.16588 1.2513 -0.94947 0.30789 0 377.89 -29.267 1.458 0.021707 45791 3652 4046.5 0 0
1.52e+05 1.4019 0.13689 1.4258 -1.2067 0.31139 0 373.49 -48.481 1.4563 0.021695 45791 3654 4047.5 0 0
1.521e+05 1.2978 0.12867 1.4113 -1.0553 0.30136 0 393.04 -45.716 1.4546 0.021701 45791 3653 4048.7 0 0
1.522e+05 1.3595 0.1314 1.3481 -0.92912 0.31335 0 390.46 -46.905 1.4529 0.021654 45791 3661 4049.8 0 0
1.523e+05 1.3606 0.12528 1.5449 -0.84173 0.3128 0 379.82 -48.365 1.4512 0.021642 45791 3663 4050.9 0 0
1.524e+05 1.3878 0.13979 1.5068 -0.80703 0.30525 0 391.23 -46.254 1.4495 0.021624 45791 3666 4052 0 0
1.525e+05 1.3288 0.1354 1.2924 -1.0796 0.32863 0 381.07 -43.291 1.4478 0.021612 45791 3668 4053 0 0
1.526e+05 1.3015 0.12204 1.3709 -0.92951 0.32075 0 394.64 -48.377 1.4461 0.021606 45791 3669 4054.1 0 0
1.527e+05 1.3594 0.14658 1.4781 -1.0863 0.31495 0 377.34 -40.419 1.4444 0.021595 45791 3671 4055.1 0 0
1.528e+05 1.3848 0.13942 1.4924 -0.90954 0.31083 0 384.68 -46.081 1.4427 0.021577 45791 3674 4056.2 0 0
1.529e+05 1.3104 0.106 1.4254 -0.97335 0.30828 0 391.81 -49.95 1.4411 0.021594 45791 3671 4057.3 0 0
1.53e+05 1.3368 0.13767 1.4741 -1.1222 0.30236 0 393.22 -42.727 1.4394 0.021571 45791 3675 4058.4 0 0
1.531e+05 1.4048 0.13706 1.4147 -1.1189 0.3094 0 379.23 -48.326 1.4377 0.021583 45792 3673 4059.6 0 0
1.532e+05 1.3577 0.1321 1.3553 -1.0245 0.31456 0 385.78 -45.851 1.436 0.021565 45792 3676 4060.6 0 0
1.533e+05 1.3104 0.12797 1.3705 -0.93115 0.30357 0 393.17 -45.964 1.4343 0.021565 45792 3676 4061.7 0 0
1.534e+05 1.3509 0.14342 1.3732 -1.1823 0.30858 0 387.17 -40.254 1.4327 0.021577 45792 3674 4062.9 0 0
1.535e+05 1.3101 0.099204 1.3189 -0.91939 0.31146 0 365.14 -49.983 1.431 0.021536 45792 3681 4064.1 0 0
1.536e+05 1.3886 0.13822 1.4907 -1.1625 0.31839 0 388.02 -46.515 1.4293 0.021495 45792 3688 4065.3 0 0
1.537e+05 1.3565 0.1155 1.3165 -1.0182 0.31208 0 366.93 -49.296 1.4276 0.021472 45792 3692 4066.5 0 0
1.538e+05 1.3729 0.13733 1.3535 -0.98056 0.33128 0 370.27 -45.349 1.4259 0.02146 45792 3694 4067.6 0 0
1.539e+05 1.3807 0.13085 1.4291 -1.1361 0.31236 0 378.3 -47.88 1.4243 0.02146 45792 3694 4068.9 0 0
1.54e+05 1.2649 0.12335 1.4074 -1.1744 0.33076 0 399.14 -47.909 1.4226 0.02146 45792 3694 4070.1 0 0
1.541e+05 1.3497 0.094728 1.4458 -1.0181 0.33465 0 400.09 -49.956 1.4209 0.021408 45792 3703 4071.4 0 0
1.542e+05 1.3119 0.11916 1.4738 -0.98749 0.32089 0 399.07 -48.237 1.4193 0.021316 45792 3719 4072.5 0 0
1.543e+05 1.3772 0.1164 1.4752 -1.0762 0.3077 0 389.97 -49.388 1.4176 0.021299 45792 3722 4073.8 0 0
1.544e+05 1.29 0.1315 1.4949 -0.92859 0.30067 0 392.45 -43.529 1.4159 0.021276 45792 3726 4075 0 0
1.545e+05 1.2588 0.098821 1.2783 -0.87157 0.34251 0 388.95 -49.982 1.4142 0.021241 45792 3732 4076.2 0 0
1.546e+05 1.3814 0.079597 1.4812 -1.1084 0.3237 0 397.6 -49.991 1.4126 0.021202 45792 3739 4077.4 0 0
1.547e+05 1.3697 0.12527 1.4146 -1.0946 0.31672 0 420.79 -48.091 1.4109 0.021213 45792 3737 4078.6 0 0
1.548e+05 1.36 0.12194 1.4546 -1.1919 0.3148 0 395.96 -48.183 1.4092 0.021202 45792 3739 4079.8 0 0
1.549e+05 1.341 0.13028 1.4102 -0.96342 0.31383 0 391.36 -45.282 1.4076 0.021185 45792 3742 4081 0 0
1.55e+05 1.4469 0.17089 1.4768 -1.0073 0.32058 0 407.63 -43.781 1.4059 0.021207 45792 3738 4082.2 0 0
1.551e+05 1.4215 0.13803 1.4738 -1.0248 0.35128 0 400.76 -49.132 1.4043 0.021168 45792 3745 4083.4 0 0
1.552e+05 1.3689 0.12028 1.4547 -0.9181 0.31431 0 376.76 -48.441 1.4026 0.021134 45792 3751 4084.7 0 0
1.553e+05 1.4062 0.13405 1.4207 -1.1462 0.31364 0 383.81 -48.334 1.4009 0.021123 45792 3753 4085.9 0 0
1.554e+05 1.4365 0.13119 1.4816 -0.92005 0.33563 0 365.58 -49.768 1.3993 0.021089 45792 3759 4087.1 0 0
1.555e+05 1.3939 0.11858 1.4281 -0.98797 0.32441 0 366.5 -49.393 1.3976 0.02105 45792 3766 4088.3 0 0
1.556e+05 1.439 0.13585 1.4638 -1.0145 0.31261 0 374.04 -49.579 1.396 0.021055 45792 3765 4089.5 0 0
1.557e+05 1.3854 0.13397 1.4458 -1.1812 0.34296 0 392.05 -46.448 1.3943 0.021016 45792 3772 4090.7 0 0
1.558e+05 1.3142 0.13373 1.3974 -0.83199 0.31524 0 393.06 -42.353 1.3926 0.021011 45792 3773 4091.8 0 0
1.559e+05 1.3228 0.13692 1.461 -1.2777 0.35176 0 383.51 -41.236 1.391 0.020983 45792 3778 4093 0 0
1.56e+05 1.4332 0.13215 1.4394 -1.1935 0.30987 0 413.07 -49.449 1.3893 0.020955 45792 3783 4094.2 0 0
1.561e+05 1.4095 0.12723 1.452 -1.0474 0.3274 0 382.33 -48.912 1.3877 0.020889 45792 3795 4095.4 0 0
1.562e+05 1.4175 0.13814 1.4893 -1.3139 0.31234 0 371.85 -47.984 1.386 0.020878 45792 3797 4096.6 0 0
1.563e+05 1.4155 0.12089 1.4756 -1.3774 0.33329 0 379.61 -49.448 1.3844 0.020867 45792 3799 4097.8 0 0
1.564e+05 1.375 0.13794 1.5061 -1.3205 0.31285 0 376.88 -44.01 1.3827 0.020845 45792 3803 4099 0 0
1.565e+05 1.3264 0.12619 1.435 -1.1455 0.32039 0 373.72 -45.664 1.3811 0.020834 45792 3805 4100.2 0 0
1.566e+05 1.3451 0.11436 1.4257 -1.1622 0.33037 0 378.3 -48.418 1.3794 0.02085 45792 3802 4101.5 0 0
1.567e+05 1.3763 0.11865 1.4564 -0.95556 0.3048 0 373.09 -48.156 1.3778 0.02085 45792 3802 4102.7 0 0
1.568e+05 1.3412 0.12472 1.4377 -1.0013 0.33886 0 381.07 -46.119 1.3762 0.020867 45792 3799 4103.9 0 0
1.569e+05 1.3087 0.11554 1.4874 -1.0493 0.32475 0 385.05 -48.453 1.3745 0.020878 45792 3797 4105.2 0 0
1.57e+05 1.3148 0.11989 1.4134 -1.1102 0.32198 0 388.57 -47.369 1.3729 0.020872 45792 3798 4106.4 0 0
1.571e+05 1.3018 0.11855 1.4374 -1.464 0.32437 0 388.12 -47.731 1.3712 0.020872 45792 3798 4107.6 0 0
1.572e+05 1.3493 0.11095 1.446 -1.1508 0.32513 0 383.51 -48.555 1.3696 0.020834 45792 3805 4108.8 0 0
1.573e+05 1.3803 0.11468 1.417 -1.0809 0.30686 0 383.54 -48.639 1.368 0.020823 45792 3807 4110 0 0
1.574e+05 1.4008 0.10922 1.4996 -1.0771 0.31905 0 395.33 -49.615 1.3663 0.020785 45792 3814 4111.2 0 0
1.575e+05 1.3552 0.11482 1.4791 -1.0215 0.31544 0 366.12 -47.91 1.3647 0.020818 45792 3808 4112.5 0 0
1.576e+05 1.3035 0.10787 1.4346 -1.2083 0.32355 0 387.17 -49.11 1.363 0.020807 45792 3810 4113.7 0 0
1.577e+05 1.3522 0.1345 1.4999 -1.0033 0.30547 0 370.1 -43.334 1.3614 0.020807 45792 3810 4115 0 0
1.578e+05 1.3072 0.11336 1.3964 -1.0498 0.31059 0 361.51 -48.212 1.3598 0.020807 45792 3810 4116.2 0 0
1.579e+05 1.2694 0.11405 1.3109 -1.1457 0.30766 0 381.79 -49.515 1.3581 0.020796 45792 3812 4117.4 0 0
1.58e+05 1.3405 0.12229 1.5323 -0.91762 0.30525 0 383.28 -45.969 1.3565 0.020769 45792 3817 4118.6 0 0
1.581e+05 1.3292 0.12843 1.4383 -1.1306 0.31838 0 404.65 -44.506 1.3549 0.020752 45792 3820 4119.8 0 0
1.582e+05 1.3143 0.13067 1.4253 -1.2591 0.29948 0 388.9 -43.684 1.3533 0.020763 45792 3818 4121.1 0 0
1.583e+05 1.3489 0.12507 1.4456 -1.0699 0.30923 0 386.24 -45.519 1.3516 0.020758 45792 3819 4122.3 0 0
1.584e+05 1.3174 0.12074 1.4792 -0.9292 0.31772 0 384.7 -46.205 1.35 0.020758 45792 3819 4123.5 0 0
1.585e+05 1.3712 0.14122 1.4756 -1.1222 0.33333 0 372.54 -42.529 1.3484 0.020752 45792 3820 4124.8 0 0
1.586e+05 1.3213 0.10582 1.4454 -1.2081 0.30374 0 376.26 -48.516 1.3467 0.020747 45792 3821 4126 0 0
1.587e+05 1.2897 0.11004 1.4225 -1.0559 0.32616 0 381.55 -48.869 1.3451 0.020741 45792 3822 4127.2 0 0
1.588e+05 1.3098 0.10978 1.4423 -1.2218 0.31246 0 401.92 -48.222 1.3435 0.02072 45792 3826 4128.4 0 0
1.589e+05 1.3446 0.12558 1.4624 -1.5351 0.31254 0 397.22 -45.128 1.3419 0.020703 45792 3829 4129.6 0 0
1.59e+05 1.3098 0.11577 1.4285 -1.0149 0.32774 0 383.18 -47.1 1.3403 0.020693 45792 3831 4130.8 0 0
1.591e+05 1.3413 0.11425 1.3985 -1.0873 0.32174 0 367.56 -46.717 1.3386 0.020687 45792 3832 4132.1 0 0
1.592e+05 1.3402 0.12481 1.4125 -1.055 0.307 0 349.89 -44.989 1.337 0.020703 45792 3829 4133.2 0 0
1.593e+05 1.387 0.10987 1.505 -1.2614 0.32005 0 336.98 -48.991 1.3354 0.020687 45792 3832 4134.4 0 0
1.594e+05 1.2712 0.10566 1.3574 -1.5362 0.31848 0 357.34 -49.654 1.3338 0.020687 45792 3832 4135.7 0 0
1.595e+05 1.36 0.12991 1.462 -1.1516 0.32015 0 353.94 -44.742 1.3322 0.02066 45792 3837 4136.9 0 0
1.596e+05 1.3474 0.12292 1.4392 -0.94113 0.32267 0 392.04 -45.335 1.3305 0.020655 45792 3838 4138.1 0 0
1.597e+05 1.382 0.13241 1.4836 -1.3527 0.3039 0 394.72 -45.279 1.3289 0.020639 45792 3841 4139.3 0 0
1.598e+05 1.4031 0.11665 1.5056 -1.0908 0.31717 0 386.05 -48.776 1.3273 0.02065 45792 3839 4140.5 0 0
1.599e+05 1.3655 0.13061 1.4593 -1.3521 0.30817 0 373.48 -44.689 1.3257 0.020639 45792 3841 4141.7 0 0
1.6e+05 1.3706 0.1142 1.4789 -1.3294 0.30939 0 384.23 -47.268 1.3241 0.020639 45792 3841 4142.9 0 0
1.601e+05 1.3882 0.11576 1.4317 -1.0977 0.3079 0 378.44 -47.864 1.3225 0.020612 45792 3846 4144.1 0 0
1.602e+05 1.3709 0.11771 1.5119 -1.1641 0.31261 0 373.47 -46.465 1.3209 0.020575 45792 3853 4145.4 0 0
1.603e+05 1.3201 0.11607 1.3714 -1.1804 0.29699 0 367.76 -45.989 1.3193 0.020559 45792 3856 4146.6 0 0
1.604e+05 1.3551 0.10947 1.4357 -0.9513 0.30595 0 360.65 -47.166 1.3177 0.020553 45792 3857 4147.9 0 0
1.605e+05 1.3595 0.10437 1.4284 -0.71942 0.30135 0 355.91 -48.123 1.3161 0.020516 45792 3864 4149.1 0 0
1.606e+05 1.3927 0.12059 1.45 -1.2839 0.31909 0 393.83 -47.394 1.3144 0.020479 45792 3871 4150.4 0 0
1.607e+05 1.3299 0.11989 1.4287 -1.4696 0.31083 0 363.37 -45.064 1.3128 0.020468 45792 3873 4151.6 0 0
1.608e+05 1.2606 0.11888 1.3453 -1.3986 0.32004 0 379.11 -48.938 1.3112 0.020452 45792 3876 4152.8 0 0
1.609e+05 1.3655 0.10111 1.2523 -0.92769 0.32139 0 364.33 -48.678 1.3096 0.020405 45792 3885 4154.1 0 0
1.61e+05 1.2865 0.12461 1.2012 -0.97635 0.30184 0 357.93 -46.048 1.308 0.020384 45792 3889 4155.3 0 0
1.611e+05 1.3405 0.09488 1.2846 -1.1088 0.30797 0 381.69 -49.28 1.3064 0.020384 45792 3889 4156.6 0 0
1.612e+05 1.3079 0.11668 1.1853 -1.1803 0.31842 0 367.66 -46.129 1.3048 0.020363 45792 3893 4157.9 0 0
1.613e+05 1.2659 0.10311 1.0856 -1.0788 0.31169 0 374.43 -49.688 1.3032 0.020368 45792 3892 4159.1 0 0
1.614e+05 1.3504 0.10094 1.1299 -1.0898 0.30017 0 364.92 -48.207 1.3016 0.020353 45792 3895 4160.4 0 0
1.615e+05 1.2973 0.10321 1.2858 -1.1287 0.31357 0 366.14 -48.848 1.3 0.020347 45792 3896 4161.6 0 0
1.616e+05 1.3129 0.10573 1.2929 -1.2423 0.30983 0 359.52 -47.363 1.2984 0.020363 45792 3893 4162.9 0 0
1.617e+05 1.3557 0.11376 1.408 -1.1144 0.32151 0 353.86 -45.808 1.2969 0.020358 45792 3894 4164.1 0 0
1.618e+05 1.3748 0.12633 1.4033 -0.83029 0.30054 0 395.57 -45.481 1.2953 0.020347 45792 3896 4165.3 0 0
1.619e+05 1.2946 0.10962 1.3982 -1.3279 0.31301 0 381.44 -47.614 1.2937 0.020306 45792 3904 4166.5 0 0
1.62e+05 1.3697 0.12571 1.338 -1.1177 0.30249 0 369.78 -45.108 1.2921 0.020301 45792 3905 4167.8 0 0
1.621e+05 1.3134 0.1313 1.3996 -1.3084 0.31505 0 378.54 -42.837 1.2905 0.020301 45792 3905 4169 0 0
1.622e+05 1.3528 0.12427 1.4056 -1.3232 0.30907 0 390.9 -44.355 1.2889 0.020295 45792 3906 4170.1 0 0
1.623e+05 1.3926 0.12837 1.4818 -1.0393 0.29934 0 396.27 -46.265 1.2873 0.020295 45792 3906 4171.3 0 0
1.624e+05 1.3184 0.10028 1.2765 -1.4151 0.29897 0 378.64 -48.274 1.2857 0.020295 45792 3906 4172.5 0 0
1.625e+05 1.3908 0.11467 1.3242 -0.97551 0.31942 0 406.07 -47.415 1.2841 0.020295 45792 3906 4173.7 0 0
1.626e+05 1.3627 0.11368 1.33 -1.5371 0.30575 0 392.18 -45.838 1.2825 0.02029 45792 3907 4174.9 0 0
1.627e+05 1.3178 0.10978 1.3112 -1.1716 0.33807 0 388.78 -46.216 1.281 0.020306 45792 3904 4176.2 0 0
1.628e+05 1.3446 0.12552 1.4158 -1.1294 0.31783 0 370.18 -43.757 1.2794 0.020306 45792 3904 4177.3 0 0
1.629e+05 1.3128 0.12988 1.3102 -1.038 0.30664 0 371.55 -43.125 1.2778 0.020295 45792 3906 4178.6 0 0
1.63e+05 1.3649 0.11686 1.4614 -1.0176 0.30969 0 368.83 -45.326 1.2762 0.020337 45792 3898 4179.8 0 0
1.631e+05 1.3311 0.093959 1.3501 -1.3252 0.3095 0 380.22 -48.938 1.2746 0.020301 45792 3905 4181.1 0 0
1.632e+05 1.3042 0.12576 1.4242 -1.0527 0.29627 0 380.6 -44.551 1.2731 0.020269 45792 3911 4182.3 0 0
1.633e+05 1.2998 0.096493 1.3083 -1.0863 0.31794 0 399.07 -49.329 1.2715 0.020259 45792 3913 4183.6 0 0
1.634e+05 1.4189 0.098793 1.4482 -1.2982 0.29427 0 377.15 -49.908 1.2699 0.020218 45792 3921 4184.8 0 0
1.635e+05 1.3486 0.10663 1.4227 -1.0603 0.31381 0 404.81 -45.963 1.2683 0.020238 45792 3917 4186 0 0
1.636e+05 1.3288 0.10562 1.323 -1.3449 0.31701 0 393.84 -46.335 1.2667 0.020218 45792 3921 4187.2 0 0
1.637e+05 1.3366 0.12552 1.1392 -1.2579 0.32701 0 380.18 -43.505 1.2652 0.020207 45792 3923 4188.5 0 0
1.638e+05 1.3864 0.12541 1.1839 -1.4586 0.29635 0 379.9 -45.755 1.2636 0.020207 45792 3923 4189.7 0 0
1.639e+05 1.34 0.11944 1.092 -1.2465 0.31685 0 362.25 -44.024 1.262 0.020187 45792 3927 4191 0 0
1.64e+05 1.3782 0.10718 1.3538 -1.4978 0.32124 0 380.57 -47.232 1.2605 0.020182 45792 3928 4192.2 0 0
1.641e+05 1.3932 0.13382 1.1084 -1.0996 0.32185 0 390.5 -45.526 1.2589 0.020182 45792 3928 4193.5 0 0
1.642e+05 1.3714 0.11488 1.1015 -1.1643 0.31507 0 372.89 -45.576 1.2573 0.020171 45792 3930 4194.7 0 0
1.643e+05 1.3978 0.10083 1.12 -1.2845 0.30888 0 376.7 -49.157 1.2557 0.020171 45792 3930 4195.9 0 0
1.644e+05 1.3356 0.11531 1.0677 -1.04 0.32429 0 370.76 -44.266 1.2542 0.020182 45792 3928 4197.2 0 0
1.645e+05 1.3964 0.11523 1.2104 -1.0233 0.3104 0 354.24 -47.185 1.2526 0.020182 45792 3928 4198.4 0 0
1.646e+05 1.284 0.10661 1.0747 -0.82993 0.3195 0 359.06 -48.522 1.251 0.020146 45792 3935 4199.6 0 0
1.647e+05 1.3794 0.12754 1.1438 -1.2416 0.31089 0 359.06 -44.792 1.2495 0.020146 45792 3935 4200.8 0 0
1.648e+05 1.3276 0.12196 1.0713 -1.0605 0.34714 0 362.57 -43.571 1.2479 0.0201 45792 3944 4202.1 0 0
1.649e+05 1.283 0.11034 1.0287 -1.2091 0.3194 0 364.44 -48.074 1.2463 0.020105 45792 3943 4203.3 0 0
1.65e+05 1.324 0.11695 1.0532 -0.94838 0.30533 0 382.79 -44.066 1.2448 0.02009 45792 3946 4204.4 0 0
1.651e+05 1.3058 0.10579 0.99596 -0.91711 0.32556 0 378.43 -46.889 1.2432 0.020069 45792 3950 4205.6 0 0
1.652e+05 1.3169 0.12318 1.0772 -0.93731 0.32528 0 379.78 -43.511 1.2417 0.020079 45792 3948 4206.8 0 0
1.653e+05 1.3493 0.11481 1.0423 -1.1139 0.30947 0 354.17 -44.19 1.2401 0.020074 45792 3949 4208.1 0 0
1.654e+05 1.2915 0.10511 1.0682 -1.1433 0.33046 0 343.87 -47.92 1.2385 0.020079 45792 3948 4209.3 0 0
1.655e+05 1.3871 0.10257 1.1276 -1.0126 0.32281 0 359.62 -48.257 1.237 0.020064 45792 3951 4210.5 0 0
1.656e+05 1.4226 0.11629 1.164 -0.71119 0.30485 0 367.76 -48.945 1.2354 0.020059 45792 3952 4211.8 0 0
1.657e+05 1.3919 0.10337 1.0703 -1.0634 0.31199 0 381.16 -48.173 1.2339 0.020029 45792 3958 4213.1 0 0
1.658e+05 1.3027 0.12426 1.3884 -0.95158 0.31304 0 359.22 -44.35 1.2323 0.020024 45792 3959 4214.4 0 0
1.659e+05 1.4039 0.095612 1.5196 -0.95417 0.32103 0 381.07 -49.537 1.2308 0.019988 45792 3966 4215.6 0 0
1.66e+05 1.3636 0.087691 1.5066 -0.8685 0.31464 0 377.57 -49.428 1.2292 0.019973 45792 3969 4216.9 0 0
1.661e+05 1.3726 0.091931 1.5765 -1.0171 0.32226 0 367.13 -48.886 1.2277 0.019958 45792 3972 4218.1 0 0
1.662e+05 1.3674 0.13172 1.5862 -1.1677 0.3073 0 371.49 -43.802 1.2261 0.019943 45792 3975 4219.4 0 0
1.663e+05 1.3239 0.093109 1.5499 -1.0595 0.31099 0 348.67 -48.51 1.2246 0.019938 45792 3976 4220.6 0 0
1.664e+05 1.378 0.097492 1.5951 -1.1199 0.32191 0 354.95 -47.961 1.223 0.019928 45792 3978 4221.9 0 0
1.665e+05 1.3151 0.098082 1.4882 -0.90225 0.32126 0 360.3 -47.677 1.2215 0.019938 45792 3976 4223.1 0 0
1.666e+05 1.381 0.096564 1.5818 -1.0952 0.31959 0 364.12 -48.288 1.2199 0.019913 45792 3981 4224.3 0 0
1.667e+05 1.266 0.10099 1.4812 -1.3889 0.32043 0 375.15 -49.576 1.2184 0.019893 45792 3985 4225.6 0 0
1.668e+05 1.4289 0.10984 1.5593 -1.411 0.33906 0 368.54 -49.55 1.2168 0.019873 45792 3989 4226.9 0 0
1.669e+05 1.4224 0.10823 1.5771 -1.4135 0.30614 0 390.37 -49.184 1.2153 0.019848 45792 3994 4228.1 0 0
1.67e+05 1.3893 0.12038 1.5705 -1.2597 0.33749 0 366.85 -45.475 1.2137 0.019853 45792 3993 4229.4 0 0
1.671e+05 1.4157 0.11438 1.6083 -1.0619 0.31568 0 381.04 -48.411 1.2122 0.019858 45792 3992 4230.6 0 0
1.672e+05 1.3171 0.10801 1.4794 -1.2558 0.32193 0 351.4 -45.176 1.2106 0.019863 45792 3991 4231.9 0 0
1.673e+05 1.2881 0.097469 1.4557 -1.251 0.32112 0 386.47 -48.929 1.2091 0.019843 45792 3995 4233.1 0 0
1.674e+05 1.3585 0.11695 1.5457 -1.2536 0.31882 0 372.47 -43.546 1.2076 0.019833 45792 3997 4234.3 0 0
1.675e+05 1.3415 0.093264 1.5522 -1.0145 0.31173 0 340.68 -47.829 1.206 0.019833 45792 3997 4235.5 0 0
1.676e+05 1.3673 0.093204 1.4749 -1.4195 0.31179 0 362.73 -48.198 1.2045 0.019828 45792 3998 4236.8 0 0
1.677e+05 1.3137 0.096092 1.5351 -1.2597 0.31942 0 370.47 -47.85 1.2029 0.019833 45792 3997 4238 0 0
1.678e+05 1.2941 0.12204 1.5173 -1.2534 0.30625 0 348.85 -44.683 1.2014 0.019823 45792 3999 4239.3 0 0
1.679e+05 1.3001 0.10169 1.5294 -1.4133 0.31507 0 380.42 -47.175 1.1999 0.019809 45792 4002 4240.6 0 0
1.68e+05 1.2922 0.11288 1.4812 -1.2413 0.29984 0 369 -45.703 1.1983 0.019804 45792 4003 4241.8 0 0
1.681e+05 1.3311 0.10313 1.5342 -1.2255 0.29844 0 369.69 -45.265 1.1968 0.019794 45792 4005 4243 0 0
1.682e+05 1.3914 0.11223 1.5734 -1.1305 0.30784 0 355.55 -46.176 1.1953 0.019794 45792 4005 4244.3 0 0
1.683e+05 1.3097 0.10394 1.5463 -1.082 0.31489 0 368.35 -45.992 1.1937 0.019784 45792 4007 4245.4 0 0
1.684e+05 1.2876 0.096786 1.4435 -1.1347 0.31375 0 356.4 -48.722 1.1922 0.019789 45792 4006 4246.7 0 0
1.685e+05 1.291 0.11735 1.4266 -1.2482 0.32598 0 348.34 -45.095 1.1907 0.019789 45792 4006 4247.9 0 0
1.686e+05 1.3897 0.10489 1.4498 -1.1028 0.31397 0 366.47 -46.939 1.1892 0.019789 45792 4006 4249.1 0 0
1.687e+05 1.3553 0.11539 1.558 -1.1665 0.3159 0 363.15 -43.221 1.1876 0.019774 45792 4009 4250.3 0 0
1.688e+05 1.3499 0.11389 1.5599 -1.4597 0.32144 0 356.57 -43.373 1.1861 0.019759 45792 4012 4251.5 0 0
1.689e+05 1.3567 0.10754 1.5224 -1.3658 0.30982 0 370.12 -44.347 1.1846 0.019754 45792 4013 4252.8 0 0
1.69e+05 1.3622 0.1249 1.5256 -1.3081 0.29066 0 389.31 -43.175 1.183 0.019739 45792 4016 4254 0 0
1.691e+05 1.4434 0.12338 1.5514 -1.4283 0.30396 0 365.73 -49.555 1.1815 0.019749 45792 4014 4255.2 0 0
1.692e+05 1.377 0.15169 1.5353 -1.0976 0.31143 0 386.26 -38.943 1.18 0.019754 45792 4013 4256.4 0 0
1.693e+05 1.4237 0.13047 1.4983 -1.1844 0.31286 0 379.67 -47.952 1.1785 0.019749 45792 4014 4257.6 0 0
1.694e+05 1.328 0.11306 1.5622 -1.2535 0.31359 0 393 -43.301 1.1769 0.019754 45792 4013 4258.8 0 0
1.695e+05 1.333 0.11702 1.4339 -1.3063 0.32181 0 378.32 -42.759 1.1754 0.019769 45792 4010 4260.1 0 0
1.696e+05 1.3858 0.12145 1.5665 -1.2817 0.31916 0 357.12 -44.492 1.1739 0.019769 45792 4010 4261.3 0 0
1.697e+05 1.3905 0.1286 1.53 -1.3278 0.3165 0 366.22 -44.777 1.1724 0.019769 45792 4010 4262.6 0 0
1.698e+05 1.3726 0.12497 1.5419 -1.2468 0.31992 0 374.64 -43.506 1.1709 0.019759 45792 4012 4263.8 0 0
1.699e+05 1.3672 0.14177 1.4449 -1.0916 0.30509 0 376.49 -41.398 1.1694 0.019744 45792 4015 4265 0 0
1.7e+05 1.3756 0.14226 1.4436 -1.4641 0.31416 0 382.7 -42.058 1.1678 0.01973 45792 4018 4266.2 0 0
1.701e+05 1.3755 0.13781 1.5595 -1.4275 0.30349 0 381.48 -42.851 1.1663 0.019735 45792 4017 4267.3 0 0
1.702e+05 1.3295 0.12087 1.4675 -1.2685 0.3054 0 386.55 -42.403 1.1648 0.01971 45792 4022 4268.5 0 0
1.703e+05 1.3316 0.13003 1.4462 -1.2347 0.30128 0 379.11 -41.882 1.1633 0.019715 45792 4021 4269.6 0 0
1.704e+05 1.4096 0.14838 1.5936 -1.4258 0.32106 0 370.34 -43.573 1.1618 0.019739 45792 4016 4270.8 0 0
1.705e+05 1.3822 0.13723 1.4593 -1.322 0.30762 0 367.81 -43.112 1.1603 0.019735 45792 4017 4272 0 0
1.706e+05 1.331 0.13293 1.5538 -1.309 0.30292 0 360.41 -41.382 1.1588 0.019739 45792 4016 4273.1 0 0
1.707e+05 1.3778 0.12909 1.5094 -1.364 0.32745 0 381.29 -43.446 1.1572 0.019739 45792 4016 4274.3 0 0
1.708e+05 1.4142 0.11637 1.558 -1.2171 0.31615 0 386.04 -47.603 1.1557 0.019744 45792 4015 4275.5 0 0
1.709e+05 1.3834 0.10153 1.5179 -1.2758 0.32229 0 380.31 -46.966 1.1542 0.019725 45792 4019 4276.8 0 0
1.71e+05 1.4393 0.11082 1.5035 -1.3803 0.3069 0 384.21 -49.617 1.1527 0.01972 45792 4020 4278.1 0 0
1.711e+05 1.4275 0.11235 1.5187 -1.5005 0.33 0 385.34 -48.848 1.1512 0.019695 45792 4025 4279.3 0 0
1.712e+05 1.4324 0.11427 1.5094 -1.3476 0.29716 0 389.76 -48.901 1.1497 0.019676 45792 4029 4280.7 0 0
1.713e+05 1.3912 0.12418 1.4893 -1.5064 0.32299 0 379 -44.514 1.1482 0.019642 45792 4036 4282 0 0
1.714e+05 1.4564 0.13226 1.5945 -1.2972 0.29379 0 370.8 -49.346 1.1467 0.019632 45792 4038 4283.3 0 0
1.715e+05 1.4063 0.13362 1.5932 -1.1717 0.31578 0 393.04 -45.264 1.1452 0.019642 45792 4036 4284.5 0 0
1.716e+05 1.3957 0.14195 1.4178 -1.3001 0.29175 0 368.25 -43.453 1.1437 0.019632 45792 4038 4285.7 0 0
1.717e+05 1.4624 0.12106 1.5294 -1.3055 0.30199 0 372.77 -49.727 1.1422 0.019622 45792 4040 4286.9 0 0
1.718e+05 1.4339 0.11336 1.5831 -1.3397 0.31978 0 369.9 -48.87 1.1407 0.019617 45792 4041 4288.3 0 0
1.719e+05 1.4372 0.1165 1.5372 -1.4028 0.33346 0 361.74 -48.715 1.1392 0.019613 45792 4042 4289.5 0 0
1.72e+05 1.4108 0.11404 1.4886 -1.2419 0.32439 0 384.72 -46.97 1.1377 0.019598 45792 4045 4290.8 0 0
1.721e+05 1.3855 0.14341 1.4472 -1.2864 0.3103 0 368.87 -41.969 1.1362 0.019608 45792 4043 4292.1 0 0
1.722e+05 1.4386 0.12179 1.5038 -1.4235 0.31482 0 387.44 -48.434 1.1347 0.019603 45792 4044 4293.4 0 0
1.723e+05 1.3968 0.13337 1.5745 -1.4037 0.31803 0 386.88 -44.49 1.1332 0.019613 45792 4042 4294.6 0 0
1.724e+05 1.4574 0.12054 1.4896 -1.4705 0.31873 0 380.55 -49.449 1.1317 0.019608 45792 4043 4295.9 0 0
1.725e+05 1.4166 0.10211 1.5215 -1.1799 0.3015 0 373.7 -48.705 1.1302 0.019599 45792 4045 4297.2 0 0
1.726e+05 1.4388 0.12365 1.5694 -1.5018 0.32476 0 376.68 -48.086 1.1287 0.019599 45793 4045 4298.5 0 0
1.727e+05 1.4135 0.13519 1.5374 -1.3818 0.31995 0 362.58 -45.552 1.1272 0.019609 45793 4043 4299.7 0 0
1.728e+05 1.4557 0.14761 1.5406 -1.3875 0.33442 0 393.3 -48.374 1.1257 0.019599 45793 4045 4301 0 0
1.729e+05 1.3826 0.11994 1.4201 -1.3505 0.31795 0 392.24 -43.58 1.1243 0.019594 45793 4046 4302.3 0 0
1.73e+05 1.4827 0.15889 1.5156 -1.3701 0.30209 0 377.31 -47.597 1.1228 0.019594 45793 4046 4303.6 0 0
1.731e+05 1.4718 0.13569 1.6471 -1.465 0.31408 0 372.95 -49.447 1.1213 0.019585 45793 4048 4304.9 0 0
1.732e+05 1.4499 0.15512 1.566 -1.2964 0.3165 0 386.32 -46.118 1.1198 0.01957 45793 4051 4306.2 0 0
1.733e+05 1.4864 0.14877 1.6445 -1.4562 0.31193 0 384.2 -49.195 1.1183 0.019566 45793 4052 4307.5 0 0
1.734e+05 1.4538 0.11955 1.6476 -1.308 0.34669 0 389.01 -49.133 1.1168 0.019561 45793 4053 4308.8 0 0
1.735e+05 1.4488 0.14082 1.5442 -1.4367 0.31208 0 385.88 -47.814 1.1153 0.019556 45793 4054 4310.1 0 0
1.736e+05 1.3922 0.1395 1.5717 -1.3167 0.32387 0 374.48 -43.093 1.1139 0.019546 45793 4056 4311.3 0 0
1.737e+05 1.3931 0.13513 1.4529 -1.301 0.31487 0 381.62 -43.565 1.1124 0.019561 45793 4053 4312.6 0 0
1.738e+05 1.4778 0.13553 1.6189 -1.2246 0.31594 0 368.99 -49.476 1.1109 0.019546 45793 4056 4313.8 0 0
1.739e+05 1.4575 0.1391 1.6095 -1.2392 0.34312 0 385.12 -48.24 1.1094 0.019522 45793 4061 4315.2 0 0
1.74e+05 1.4208 0.16115 1.6014 -1.2918 0.30755 0 377.55 -40.827 1.1079 0.019518 45793 4062 4316.6 0 0
1.741e+05 1.414 0.15156 1.5521 -1.4177 0.31235 0 373.9 -42.943 1.1064 0.019503 45793 4065 4317.8 0 0
1.742e+05 1.4303 0.15728 1.6367 -1.2754 0.31553 0 354.72 -43.102 1.105 0.019494 45793 4067 4318.9 0 0
1.743e+05 1.4531 0.16873 1.5263 -1.2845 0.30565 0 374.67 -41.349 1.1035 0.019498 45794 4066 4320.2 0 0
1.744e+05 1.4009 0.15327 1.5642 -1.1926 0.30482 0 381.32 -40.713 1.102 0.019498 45794 4066 4321.4 0 0
1.745e+05 1.408 0.14251 1.5355 -1.4326 0.29383 0 378.45 -43.557 1.1006 0.019498 45795 4066 4322.5 0 0
1.746e+05 1.4153 0.12719 1.5439 -1.3654 0.31079 0 378.42 -45.263 1.0991 0.019503 45795 4065 4323.7 0 0
1.747e+05 1.3752 0.14417 1.5306 -1.2684 0.30651 0 386.13 -40.753 1.0976 0.019489 45795 4068 4324.9 0 0
1.748e+05 1.494 0.14314 1.661 -1.178 0.32011 0 372.49 -49.627 1.0962 0.019508 45795 4064 4326.1 0 0
1.749e+05 1.426 0.13672 1.5748 -1.2621 0.31972 0 393.55 -45.691 1.0947 0.019498 45795 4066 4327.3 0 0
1.75e+05 1.4882 0.16832 1.6077 -1.3225 0.3099 0 403.77 -44.861 1.0932 0.019508 45795 4064 4328.6 0 0
1.751e+05 1.3992 0.13393 1.6271 -1.3133 0.3249 0 409.65 -43.692 1.0917 0.019484 45795 4069 4329.9 0 0
1.752e+05 1.4385 0.14458 1.6158 -1.4982 0.32918 0 384.74 -45.718 1.0903 0.019469 45795 4072 4331.2 0 0
1.753e+05 1.4683 0.15327 1.6925 -1.4278 0.30129 0 384.67 -46.934 1.0888 0.01946 45795 4074 4332.5 0 0
1.754e+05 1.4705 0.15686 1.6685 -1.2547 0.32423 0 410.28 -46.55 1.0873 0.019474 45795 4071 4333.6 0 0
1.755e+05 1.4485 0.14568 1.7072 -1.4434 0.32832 0 394.22 -46.162 1.0859 0.019479 45795 4070 4334.8 0 0
1.756e+05 1.4566 0.12934 1.68 -1.3118 0.31311 0 385.16 -48.271 1.0844 0.019484 45795 4069 4336 0 0
1.757e+05 1.454 0.14409 1.712 -1.2579 0.31931 0 392.07 -46.707 1.0829 0.019498 45795 4066 4337.3 0 0
1.758e+05 1.4073 0.11491 1.6051 -1.2989 0.30041 0 394.97 -46.153 1.0815 0.019503 45796 4065 4338.5 0 0
1.759e+05 1.4539 0.14632 1.7449 -1.3636 0.31298 0 394.6 -46.343 1.08 0.019489 45796 4068 4339.7 0 0
1.76e+05 1.376 0.14095 1.6094 -1.4014 0.32638 0 401.59 -41.377 1.0785 0.019493 45796 4067 4341 0 0
1.761e+05 1.4775 0.16346 1.7292 -0.98069 0.29899 0 375.59 -45.356 1.0771 0.019498 45796 4066 4342.2 0 0
1.762e+05 1.3397 0.13412 1.5414 -1.3125 0.31003 0 395.07 -41.116 1.0756 0.019508 45796 4064 4343.4 0 0
1.763e+05 1.3653 0.16039 1.5954 -1.3299 0.33032 0 423.18 -34.895 1.0742 0.019508 45796 4064 4344.5 0 0
1.764e+05 1.4406 0.14719 1.6256 -1.177 0.3306 0 402.79 -44.889 1.0727 0.019508 45796 4064 4345.6 0 0
1.765e+05 1.4292 0.15483 1.7088 -1.2325 0.30644 0 394.65 -42.846 1.0712 0.019484 45796 4069 4346.9 0 0
1.766e+05 1.4339 0.15815 1.6115 -1.3861 0.36176 0 381.72 -42.591 1.0698 0.019484 45796 4069 4348.1 0 0
1.767e+05 1.4475 0.13027 1.621 -1.3982 0.30076 0 389.34 -47.304 1.0683 0.019474 45796 4071 4349.4 0 0
1.768e+05 1.4988 0.13265 1.7445 -1.2288 0.30311 0 383.37 -49.777 1.0669 0.01946 45796 4074 4350.6 0 0
1.769e+05 1.4921 0.13046 1.7622 -1.0899 0.31064 0 393.78 -49.59 1.0654 0.01945 45796 4076 4351.9 0 0
1.77e+05 1.3939 0.13983 1.6049 -1.3159 0.34718 0 399.01 -42.039 1.064 0.01945 45796 4076 4353.1 0 0
1.771e+05 1.4227 0.14719 1.6714 -1.2436 0.30937 0 396.79 -43.2 1.0625 0.019417 45796 4083 4354.3 0 0
1.772e+05 1.5016 0.13844 1.7166 -1.4491 0.30525 0 384.95 -49.813 1.061 0.019412 45796 4084 4355.5 0.12595 0
1.773e+05 1.4321 0.14571 1.6903 -1.121 0.31229 0 391.35 -44.02 1.0596 0.019417 45796 4083 4356.7 0 0
1.774e+05 1.3907 0.15407 1.6233 -1.3749 0.32001 0 387.88 -39.117 1.0581 0.019407 45796 4085 4357.8 0 0
1.775e+05 1.4207 0.14549 1.582 -1.0706 0.32968 0 395.29 -43.175 1.0567 0.019422 45796 4082 4358.9 0 0
1.776e+05 1.4859 0.16526 1.6858 -0.99167 0.31361 0 389.45 -45.253 1.0552 0.019417 45797 4083 4360.2 0 0
1.777e+05 1.4394 0.15101 1.6886 -1.0559 0.30198 0 375 -43.791 1.0538 0.019426 45797 4081 4361.3 0 0
1.778e+05 1.4996 0.14715 1.6701 -1.2576 0.31917 0 404.29 -49.352 1.0523 0.019393 45797 4088 4362.6 0 0
1.779e+05 1.4772 0.15198 1.6839 -1.0993 0.31695 0 376.35 -46.648 1.0509 0.019355 45797 4096 4363.8 0 0
1.78e+05 1.4423 0.13485 1.6676 -1.0851 0.3122 0 385.43 -45.902 1.0495 0.01936 45797 4095 4365.1 0 0
1.781e+05 1.4064 0.14486 1.5578 -1.1836 0.32031 0 407.11 -41.951 1.048 0.019322 45797 4103 4366.3 0 0
1.782e+05 1.4408 0.14718 1.5989 -1.1219 0.3242 0 395.88 -43.952 1.0466 0.019304 45797 4107 4367.6 0 0
1.783e+05 1.4858 0.15 1.5946 -1.0716 0.33324 0 388.28 -47.749 1.0451 0.019318 45797 4104 4368.8 0 0
1.784e+05 1.4732 0.14301 1.5799 -1.1498 0.31604 0 366.24 -46.968 1.0437 0.019304 45797 4107 4370.1 0 0
1.785e+05 1.4168 0.13382 1.4787 -1.2428 0.30992 0 395.16 -44.236 1.0422 0.019313 45797 4105 4371.4 0 0
1.786e+05 1.488 0.16122 1.5809 -1.1773 0.30847 0 403.49 -46.258 1.0408 0.019304 45797 4107 4372.6 0 0
1.787e+05 1.5046 0.14954 1.5897 -1.3935 0.31115 0 393.89 -49.272 1.0393 0.019299 45797 4108 4373.8 1.0406 0
1.788e+05 1.48 0.15521 1.5946 -1.4843 0.32241 0 404.33 -46.101 1.0379 0.019299 45797 4108 4375.1 0 0
1.789e+05 1.4584 0.13812 1.6019 -1.3523 0.31572 0 385.69 -46.396 1.0365 0.019294 45797 4109 4376.4 0 0
1.79e+05 1.4152 0.14045 1.5654 -1.317 0.32629 0 385.86 -43.006 1.035 0.019289 45798 4110 4377.8 0 0
1.791e+05 1.3791 0.14051 1.5795 -1.3381 0.32588 0 395.77 -41.233 1.0336 0.01928 45798 4112 4379 0 0
1.792e+05 1.3661 0.14474 1.5358 -1.3542 0.30018 0 384.56 -39.48 1.0322 0.019266 45798 4115 4380.1 0 0
1.793e+05 1.3941 0.13948 1.5956 -1.2568 0.29702 0 350.78 -41.805 1.0307 0.019285 45798 4111 4381.3 0 0
1.794e+05 1.4418 0.14501 1.6158 -1.0607 0.31922 0 388.5 -43.845 1.0293 0.019289 45798 4110 4382.5 0 0
1.795e+05 1.4038 0.10447 1.595 -1.2578 0.34381 0 367.65 -47.434 1.0278 0.019271 45798 4114 4383.7 0 0
1.796e+05 1.4081 0.11024 1.5371 -1.2068 0.31422 0 387.43 -46.728 1.0264 0.019271 45798 4114 4385.1 0 0
1.797e+05 1.3703 0.15682 1.5306 -1.4509 0.32395 0 390.57 -35.976 1.025 0.019257 45798 4117 4386.4 0 0
1.798e+05 1.399 0.1455 1.5689 -0.85358 0.30818 0 431.37 -41.188 1.0235 0.019252 45798 4118 4387.5 0 0
1.799e+05 1.4042 0.13775 1.4725 -1.0679 0.31464 0 388.31 -42.429 1.0221 0.019275 45798 4113 4388.7 0 0
1.8e+05 1.4321 0.12639 1.5942 -1.0309 0.30774 0 397.18 -45.675 1.0207 0.019275 45798 4113 4389.9 0 0
1.801e+05 1.2597 0.12617 1.4226 -1.3177 0.31418 0 365.9 -45.974 1.0192 0.019261 45798 4116 4391.1 0 0
1.802e+05 1.3715 0.14748 1.4822 -1.3025 0.34653 0 393.76 -38.798 1.0178 0.019247 45798 4119 4392.2 0 0
1.803e+05 1.3906 0.12848 1.5874 -1.2673 0.32487 0 391.98 -42.691 1.0164 0.019261 45798 4116 4393.4 0 0
1.804e+05 1.395 0.11642 1.5146 -1.2772 0.32077 0 399.68 -44.765 1.015 0.019252 45799 4117 4394.6 0 0
1.805e+05 1.3797 0.13314 1.4848 -1.3526 0.3384 0 396.15 -41.635 1.0136 0.019248 45799 4118 4395.8 0 0
1.806e+05 1.4288 0.1446 1.5893 -1.1449 0.31004 0 398.25 -42.897 1.0121 0.019225 45799 4123 4397.1 0 0
1.807e+05 1.4429 0.13358 1.6006 -1.379 0.31739 0 391.81 -45.312 1.0107 0.019215 45799 4125 4398.2 0 0
1.808e+05 1.4122 0.13326 1.5324 -1.4628 0.31595 0 376.55 -43.097 1.0093 0.019206 45799 4127 4399.5 0 0
1.809e+05 1.4273 0.15273 1.5906 -1.3991 0.31681 0 403.34 -41.786 1.0079 0.019206 45799 4127 4400.8 0 0
1.81e+05 1.49 0.15446 1.6088 -1.3595 0.30294 0 400.1 -47.297 1.0064 0.019197 45799 4129 4402 0 0
1.811e+05 1.4537 0.12539 1.6046 -1.055 0.31113 0 402.06 -47.389 1.005 0.019192 45799 4130 4403.2 0 0
1.812e+05 1.4404 0.14254 1.5719 -1.213 0.33016 0 410.11 -43.416 1.0036 0.019187 45799 4131 4404.4 0 0
1.813e+05 1.4506 0.13104 1.6412 -1.3043 0.29604 0 402.6 -46.075 1.0022 0.01922 45799 4124 4405.6 0 0
1.814e+05 1.4848 0.15257 1.6756 -1.0993 0.29879 0 396.52 -46.647 1.0007 0.01922 45799 4124 4406.9 0 0
1.815e+05 1.3592 0.11514 1.5567 -1.4395 0.28908 0 395.01 -42.74 0.99932 0.019215 45799 4125 4408.1 0 0
1.816e+05 1.3233 0.1234 1.4346 -1.029 0.32071 0 398.86 -41.995 0.9979 0.01922 45799 4124 4409.2 0 0
1.817e+05 1.3351 0.13103 1.5494 -1.287 0.3074 0 408.89 -41.087 0.99648 0.01922 45799 4124 4410.4 0 0
1.818e+05 1.3314 0.15485 1.551 -1.3461 0.31785 0 414.69 -32.82 0.99506 0.019234 45799 4121 4411.5 0 0
1.819e+05 1.3214 0.13663 1.4355 -1.1918 0.32866 0 393.46 -39.917 0.99365 0.01922 45799 4124 4412.6 0 0
1.82e+05 1.3645 0.12195 1.5643 -1.1933 0.32524 0 377.89 -42.196 0.99223 0.019225 45799 4123 4413.8 0 0
1.821e+05 1.3702 0.13564 1.5519 -0.97559 0.31299 0 353.51 -40.739 0.99082 0.019206 45799 4127 4414.9 0 0
1.822e+05 1.3589 0.1285 1.5033 -1.2788 0.31895 0 388.13 -41.281 0.9894 0.019211 45799 4126 4416.1 0 0
1.823e+05 1.3216 0.1243 1.5262 -1.3425 0.30962 0 367.12 -41.695 0.98799 0.019211 45799 4126 4417.3 0 0
1.824e+05 1.2523 0.13004 1.4007 -1.2555 0.30961 0 386.49 -44.11 0.98657 0.019215 45799 4125 4418.5 0 0
1.825e+05 1.3511 0.12416 1.4899 -1.3856 0.30078 0 388.52 -41.623 0.98516 0.019215 45799 4125 4419.6 0 0
1.826e+05 1.2957 0.13297 1.548 -1.2132 0.29979 0 388.46 -40.958 0.98375 0.019201 45799 4128 4420.8 0 0
1.827e+05 1.4342 0.14596 1.6009 -1.2152 0.32485 0 384.17 -42.428 0.98234 0.019225 45799 4123 4422 0 0
1.828e+05 1.3578 0.13483 1.5715 -1.3107 0.31069 0 368.98 -40.326 0.98093 0.019206 45799 4127 4423.1 0 0
1.829e+05 1.3532 0.11453 1.5767 -1.4026 0.30529 0 379.65 -42.676 0.97952 0.019183 45799 4132 4424.3 0 0
1.83e+05 1.3864 0.15121 1.5871 -1.2499 0.32438 0 369.54 -38.646 0.97811 0.01916 45799 4137 4425.4 0 0
1.831e+05 1.3111 0.13241 1.4233 -1.2285 0.29209 0 369.06 -40.421 0.97671 0.019155 45799 4138 4426.6 0 0
1.832e+05 1.3838 0.13583 1.5499 -1.4221 0.33782 0 376.38 -40.751 0.9753 0.01915 45799 4139 4427.8 0 0
1.833e+05 1.3917 0.15082 1.5744 -1.2762 0.32453 0 371.36 -39.078 0.97389 0.019095 45799 4151 4428.9 0 0
1.834e+05 1.373 0.10928 1.5779 -1.2832 0.32543 0 355.36 -44.449 0.97249 0.01909 45799 4152 4430.1 0 0
1.835e+05 1.4352 0.13368 1.5924 -1.3098 0.33357 0 363.19 -44.101 0.97108 0.019072 45799 4156 4431.3 0 0
1.836e+05 1.4703 0.12195 1.2967 -1.1605 0.31738 0 352.79 -48.787 0.96968 0.019058 45799 4159 4432.6 0 0
1.837e+05 1.3997 0.13555 1.2228 -1.118 0.3157 0 373.72 -41.515 0.96827 0.01904 45799 4163 4433.9 0 0
1.838e+05 1.3957 0.11557 1.1741 -1.3373 0.34224 0 392.91 -44.56 0.96687 0.01904 45799 4163 4435.1 0 0
1.839e+05 1.4208 0.12077 1.1665 -1.3152 0.31281 0 382.44 -45.137 0.96547 0.019013 45799 4169 4436.4 0 0
1.84e+05 1.4298 0.11238 1.2131 -1.2474 0.3169 0 393.83 -47.264 0.96407 0.018985 45799 4175 4437.7 0 0
1.841e+05 1.4693 0.11974 1.231 -1.2891 0.30405 0 400.64 -48.853 0.96267 0.018976 45799 4177 4438.9 0 0
1.842e+05 1.439 0.12929 1.1537 -1.2431 0.31175 0 404.55 -44.805 0.96127 0.018967 45799 4179 4440.3 0 0
1.843e+05 1.468 0.12388 1.168 -1.309 0.30525 0 397.29 -47.953 0.95987 0.018935 45799 4186 4441.6 0 0
1.844e+05 1.4019 0.11603 1.1742 -1.293 0.33518 0 405.57 -44.755 0.95847 0.018908 45799 4192 4442.8 0 0
1.845e+05 1.4351 0.14258 1.2153 -1.1995 0.32844 0 387.63 -42.521 0.95708 0.018904 45799 4193 4444.1 0 0
1.846e+05 1.4757 0.1468 1.1934 -1.4578 0.30583 0 399.27 -45.873 0.95569 0.018899 45799 4194 4445.3 0 0
1.847e+05 1.4642 0.16186 1.1709 -1.0537 0.31945 0 390.55 -43.152 0.95429 0.018895 45799 4195 4446.5 0 0
1.848e+05 1.4788 0.16375 1.1602 -1.1091 0.31948 0 382.58 -44.013 0.9529 0.01889 45799 4196 4447.7 0 0
1.849e+05 1.4164 0.17874 1.1441 -1.2388 0.29389 0 405.66 -31.535 0.9515 0.018877 45799 4199 4448.9 0 0
1.85e+05 1.4592 0.15724 1.2516 -1.1071 0.31387 0 391.69 -43.115 0.95011 0.018868 45799 4201 4450.1 0 0
1.851e+05 1.4058 0.13597 1.1953 -1.3005 0.30754 0 367.65 -41.645 0.94872 0.018872 45799 4200 4451.3 0 0
1.852e+05 1.498 0.14592 1.1742 -1.0116 0.31032 0 374.7 -48.587 0.94732 0.018854 45799 4204 4452.6 0 0
1.853e+05 1.4953 0.13747 1.1912 -1.037 0.32219 0 387.59 -48.914 0.94593 0.018841 45799 4207 4453.9 0 0
1.854e+05 1.4401 0.14144 1.2561 -1.2046 0.31638 0 382.74 -42.69 0.94454 0.018841 45799 4207 4455.2 0 0
1.855e+05 1.433 0.16108 1.2089 -1.1523 0.30599 0 392.82 -39.432 0.94315 0.018836 45799 4208 4456.5 0 0
1.856e+05 1.4946 0.14452 1.487 -1.0202 0.32532 0 391.85 -48.172 0.94176 0.018827 45799 4210 4457.7 0 0
1.857e+05 1.4689 0.1412 1.4445 -0.98527 0.31362 0 385.79 -45.408 0.94037 0.018814 45800 4213 4459 0 0
1.858e+05 1.426 0.16502 1.3457 -1.017 0.30301 0 388.26 -37.697 0.93899 0.018801 45800 4216 4460.1 0 0
1.859e+05 1.426 0.16686 1.2295 -1.2967 0.30028 0 411.3 -36.974 0.9376 0.018792 45800 4218 4461.2 0 0
1.86e+05 1.4636 0.16705 1.3135 -1.24 0.32334 0 380.46 -40.822 0.93622 0.018787 45800 4219 4462.4 0 0
1.861e+05 1.3432 0.13385 1.0941 -1.0574 0.33997 0 386.56 -39.654 0.93483 0.018787 45800 4219 4463.6 0 0
1.862e+05 1.4635 0.15916 1.1525 -0.99404 0.33921 0 401.48 -42.554 0.93344 0.018792 45800 4218 4464.8 0 0
1.863e+05 1.3598 0.13673 1.0787 -0.97709 0.32765 0 382.27 -39.779 0.93206 0.018796 45800 4217 4465.9 0 0
1.864e+05 1.4435 0.16328 1.1598 -1.2784 0.31751 0 384.38 -39.494 0.93068 0.018792 45800 4218 4467 0 0
1.865e+05 1.3382 0.13715 1.1789 -1.064 0.32196 0 393.1 -39.102 0.9293 0.018796 45800 4217 4468.1 0 0
1.866e+05 1.3778 0.16515 1.173 -1.0809 0.32933 0 392.3 -33.297 0.92791 0.018778 45800 4221 4469.2 0 0
1.867e+05 1.4008 0.16745 1.2124 -0.98635 0.342 0 379.7 -33.828 0.92653 0.018761 45800 4225 4470.3 0 0
1.868e+05 1.4536 0.17554 1.3529 -1.0251 0.31164 0 368.88 -36.53 0.92515 0.018752 45800 4227 4471.3 0 0
1.869e+05 1.4409 0.16965 1.2038 -0.99886 0.31427 0 390.17 -36.907 0.92377 0.018752 45800 4227 4472.5 0 0
1.87e+05 1.3801 0.1441 1.1803 -1.1564 0.31177 0 391.36 -38.872 0.92239 0.018738 45800 4230 4473.6 0 0
1.871e+05 1.4517 0.14342 1.262 -1.2447 0.31693 0 395.26 -43.61 0.92102 0.018734 45800 4231 4474.7 0 0
1.872e+05 1.4127 0.13991 1.2608 -1.3293 0.32344 0 385.08 -40.962 0.91964 0.018725 45800 4233 4476 0 0
1.873e+05 1.4089 0.14673 1.2348 -1.2068 0.32099 0 394.18 -39.623 0.91826 0.018734 45800 4231 4477.1 0 0
1.874e+05 1.3691 0.11958 1.2799 -1.4808 0.3071 0 381.8 -42.236 0.91689 0.018734 45800 4231 4478.3 0 0
1.875e+05 1.4508 0.13524 1.2907 -1.5213 0.29929 0 373.75 -44.517 0.91551 0.018738 45800 4230 4479.6 0 0
1.876e+05 1.4211 0.11351 1.2783 -1.158 0.29802 0 369.24 -46.319 0.91414 0.01873 45800 4232 4480.8 0 0
1.877e+05 1.4004 0.12805 1.2531 -1.332 0.30125 0 378.02 -42.314 0.91277 0.018721 45800 4234 4482 0 0
1.878e+05 1.4601 0.16451 1.3389 -1.2767 0.30745 0 383.51 -40.466 0.91139 0.018721 45800 4234 4483.2 0 0
1.879e+05 1.4488 0.12884 1.2629 -1.7548 0.31777 0 386.66 -45.084 0.91002 0.018721 45800 4234 4484.6 0 0
1.88e+05 1.4183 0.13169 1.2558 -1.4171 0.31928 0 387.39 -42.292 0.90865 0.018716 45800 4235 4486 0 0
1.881e+05 1.4684 0.12381 1.3379 -1.2604 0.3198 0 364.8 -47.536 0.90728 0.01873 45800 4232 4487.2 0 0
1.882e+05 1.4509 0.14806 1.0926 -1.112 0.33201 0 376 -42.574 0.90591 0.018738 45800 4230 4488.5 0 0
1.883e+05 1.3477 0.13993 1.0461 -1.2153 0.30427 0 399.93 -38.404 0.90454 0.018734 45800 4231 4489.7 0 0
1.884e+05 1.4216 0.14926 1.0364 -1.3201 0.31562 0 383.2 -39.845 0.90317 0.018738 45800 4230 4490.9 0 0
1.885e+05 1.3512 0.11394 1.0335 -1.3817 0.32312 0 385.29 -42.513 0.9018 0.018734 45800 4231 4492.1 0 0
1.886e+05 1.3032 0.11832 0.98843 -1.3445 0.32279 0 375.9 -43.43 0.90044 0.018738 45800 4230 4493.2 0 0
1.887e+05 1.4282 0.098985 1.0414 -1.3039 0.30836 0 374.08 -49.175 0.89907 0.018725 45800 4233 4494.4 0 0
1.888e+05 1.3248 0.14589 1.0786 -1.3947 0.31964 0 378.35 -36.654 0.8977 0.018721 45800 4234 4495.5 0 0
1.889e+05 1.317 0.14239 1.0583 -1.1447 0.31568 0 388.64 -37.152 0.89634 0.018716 45800 4235 4496.7 0 0
1.89e+05 1.3665 0.13268 1.0829 -1.0891 0.30999 0 384.43 -40.046 0.89498 0.018703 45800 4238 4497.8 0 0
1.891e+05 1.303 0.12369 1.1174 -1.1817 0.31365 0 388 -42.311 0.89361 0.018716 45800 4235 4499 0 0
1.892e+05 1.346 0.14877 1.0527 -1.3003 0.30843 0 381.7 -35.623 0.89225 0.018721 45800 4234 4500.2 0 0
1.893e+05 1.2903 0.10947 1.1235 -1.2839 0.31355 0 388.81 -45.613 0.89089 0.018703 45800 4238 4501.4 0 0
1.894e+05 1.3036 0.13001 1.0544 -1.2706 0.33275 0 388.99 -40.901 0.88953 0.018712 45800 4236 4502.7 0 0
1.895e+05 1.3277 0.14734 1.041 -1.2941 0.31966 0 392.66 -36.092 0.88817 0.018694 45800 4240 4503.8 0 0
1.896e+05 1.3806 0.13393 1.1298 -1.5465 0.31515 0 390.15 -39.788 0.88681 0.018703 45800 4238 4505 0 0
1.897e+05 1.3428 0.14138 1.0636 -1.4252 0.30941 0 371.25 -37.678 0.88545 0.018694 45800 4240 4506.2 0 0
1.898e+05 1.2736 0.12982 1.1042 -1.3416 0.30948 0 394.41 -42.91 0.88409 0.018699 45800 4239 4507.3 0 0
1.899e+05 1.2691 0.13501 1.025 -1.5235 0.32743 0 378.42 -40.939 0.88273 0.018712 45800 4236 4508.5 0 0
1.9e+05 1.3287 0.14219 1.0917 -1.4266 0.29502 0 383.63 -37.276 0.88138 0.018703 45800 4238 4509.6 0 0
1.901e+05 1.4393 0.15284 1.141 -1.4421 0.31452 0 399.42 -40.601 0.88002 0.018716 45800 4235 4510.7 0 0
1.902e+05 1.3343 0.13723 1.1772 -1.507 0.30888 0 404.69 -38.127 0.87866 0.018703 45800 4238 4511.8 0 0
1.903e+05 1.3753 0.14006 1.1769 -1.3674 0.30302 0 357.33 -38.732 0.87731 0.01869 45800 4241 4512.9 0 0
1.904e+05 1.3627 0.14134 1.1657 -1.2156 0.3101 0 370.64 -38.126 0.87596 0.018681 45800 4243 4513.9 0 0
1.905e+05 1.3846 0.14456 1.119 -0.95455 0.3351 0 392.52 -38.109 0.8746 0.018681 45800 4243 4515 0 0
1.906e+05 1.3002 0.14343 1.1539 -1.1068 0.31675 0 367.98 -35.728 0.87325 0.018659 45800 4248 4516.1 0 0
1.907e+05 1.3527 0.1562 1.1176 -1.151 0.30666 0 370.54 -33.378 0.8719 0.018685 45800 4242 4517.1 0 0
1.908e+05 1.3624 0.15264 1.0614 -1.3181 0.33198 0 364.18 -35.386 0.87055 0.018681 45800 4243 4518.1 0 0
1.909e+05 1.3069 0.13375 1.0371 -1.2643 0.31044 0 367.43 -39.188 0.8692 0.018703 45800 4238 4519.2 0 0
1.91e+05 1.2701 0.13401 1.0779 -1.3599 0.31291 0 381.92 -41.093 0.86785 0.018699 45800 4239 4520.3 0 0
1.911e+05 1.3726 0.16716 1.0646 -1.2319 0.32744 0 355.85 -32.066 0.8665 0.01869 45800 4241 4521.4 0 0
1.912e+05 1.2606 0.11253 1.0279 -1.3674 0.31279 0 393.24 -48.366 0.86515 0.018694 45800 4240 4522.5 0 0
1.913e+05 1.3427 0.16419 1.1158 -1.2448 0.32348 0 404.27 -29.067 0.8638 0.018703 45800 4238 4523.6 0 0
1.914e+05 1.2756 0.12351 1.1033 -1.2549 0.29657 0 396.59 -44.461 0.86246 0.018685 45800 4242 4524.8 0 0
1.915e+05 1.3129 0.14422 1.0674 -1.4232 0.32704 0 406.68 -35.36 0.86111 0.018694 45800 4240 4525.9 0 0
1.916e+05 1.3436 0.14722 1.0474 -1.106 0.34124 0 396.59 -35.376 0.85977 0.018707 45800 4237 4527 0 0
1.917e+05 1.3494 0.13018 1.0283 -1.1286 0.32141 0 414.49 -39.269 0.85842 0.018699 45800 4239 4528.1 0 0
1.918e+05 1.3402 0.13059 1.0007 -1.0403 0.31981 0 389.94 -38.95 0.85708 0.018699 45800 4239 4529.2 0 0
1.919e+05 1.3031 0.15424 1.1929 -0.99603 0.33992 0 380.78 -30.995 0.85574 0.018699 45800 4239 4530.3 0 0
1.92e+05 1.2735 0.13986 1.0872 -0.97715 0.30911 0 370.43 -37.841 0.85439 0.018707 45800 4237 4531.4 0 0
1.921e+05 1.3386 0.15548 1.1086 -1.0128 0.32063 0 395.42 -31.926 0.85305 0.018712 45800 4236 4532.5 0 0
1.922e+05 1.2982 0.17435 1.1221 -1.0136 0.31485 0 406.52 -21.609 0.85171 0.018707 45800 4237 4533.5 0 0
1.923e+05 1.3953 0.15077 1.1621 -1.1193 0.32123 0 391.99 -37.608 0.85037 0.018694 45800 4240 4534.5 0 0
1.924e+05 1.287 0.14845 1.1477 -1.1269 0.30705 0 397.52 -32.657 0.84903 0.018685 45800 4242 4535.6 0 0
1.925e+05 1.2546 0.14432 1.0928 -1.216 0.30606 0 404.96 -37.199 0.84769 0.018699 45800 4239 4536.8 0 0
1.926e+05 1.381 0.14624 1.2257 -1.0913 0.33538 0 384.23 -37.291 0.84635 0.018703 45800 4238 4538 0 0
1.927e+05 1.2688 0.13767 1.0733 -1.1423 0.34051 0 372.2 -39.403 0.84501 0.018707 45800 4237 4539.1 0 0
1.928e+05 1.4105 0.14237 1.1496 -0.96962 0.32683 0 388.46 -39.717 0.84368 0.018699 45800 4239 4540.2 0 0
1.929e+05 1.3339 0.14576 1.122 -1.0723 0.30199 0 377.76 -35.168 0.84234 0.018707 45800 4237 4541.2 0 0
1.93e+05 1.3407 0.14164 1.1781 -0.90079 0.30888 0 386.72 -36.088 0.84101 0.018712 45800 4236 4542.3 0 0
1.931e+05 1.3261 0.15242 1.1049 -1.1656 0.32891 0 406.05 -32.736 0.83967 0.018699 45800 4239 4543.3 0 0
1.932e+05 1.3825 0.16232 1.1833 -1.0833 0.3148 0 364.99 -33.687 0.83834 0.01869 45800 4241 4544.2 0 0
1.933e+05 1.339 0.16429 1.1001 -1.1226 0.32403 0 375.17 -28.273 0.837 0.01869 45800 4241 4545.2 0 0
1.934e+05 1.3375 0.14546 1.1098 -1.1271 0.29881 0 397.78 -35.081 0.83567 0.01869 45800 4241 4546.2 0 0
1.935e+05 1.3818 0.13981 1.1113 -1.2231 0.32241 0 365.36 -38.326 0.83434 0.018694 45800 4240 4547.2 0 0
1.936e+05 1.3622 0.14327 1.1612 -1.1121 0.32234 0 385.84 -36.339 0.83301 0.018685 45800 4242 4548.3 0 0
1.937e+05 1.4469 0.1463 1.14 -1.1357 0.30584 0 380.16 -42.205 0.83168 0.018685 45800 4242 4549.4 0 0
1.938e+05 1.3119 0.13019 1.0304 -1.3473 0.32647 0 384.04 -39.217 0.83034 0.018699 45800 4239 4550.5 0 0
1.939e+05 1.363 0.14124 0.95903 -1.5231 0.32993 0 375.58 -36.734 0.82902 0.018703 45800 4238 4551.5 0 0
1.94e+05 1.3908 0.13115 1.0395 -1.1814 0.32856 0 377.93 -40.459 0.82769 0.018694 45800 4240 4552.7 0 0
1.941e+05 1.3685 0.13563 1.0405 -1.1445 0.31259 0 360.51 -38.184 0.82636 0.018694 45800 4240 4553.8 0 0
1.942e+05 1.3973 0.1228 1.0283 -1.3497 0.31748 0 350.06 -42.534 0.82503 0.018685 45800 4242 4554.9 0 0
1.943e+05 1.4007 0.13983 1.0583 -1.0278 0.31765 0 371.29 -39.22 0.82371 0.018685 45800 4242 4556 0 0
1.944e+05 1.3769 0.14683 1.0116 -1.3595 0.29699 0 387.93 -36.288 0.82238 0.018699 45800 4239 4557.1 0 0
1.945e+05 1.3733 0.14292 1.036 -1.1828 0.31747 0 375.71 -36.853 0.82105 0.018703 45800 4238 4558.2 0 0
1.946e+05 1.3992 0.13035 0.96853 -1.34 0.31797 0 399.7 -41.073 0.81973 0.018716 45800 4235 4559.4 0 0
1.947e+05 1.4338 0.16817 1.0102 -1.2072 0.31726 0 406.59 -36.067 0.81841 0.018725 45800 4233 4560.5 0 0
1.948e+05 1.3142 0.14124 1 -1.1743 0.31586 0 393.86 -35.61 0.81709 0.018716 45800 4235 4561.6 0 0
1.949e+05 1.3978 0.13906 0.97387 -1.0514 0.30736 0 385.36 -38.774 0.81577 0.018703 45800 4238 4562.7 0 0
1.95e+05 1.4091 0.1524 0.99244 -1.2589 0.30385 0 376.27 -37.575 0.81445 0.018703 45800 4238 4563.9 0 0
1.951e+05 1.3861 0.13134 1.0081 -1.2309 0.33314 0 390.42 -39.531 0.81313 0.018707 45800 4237 4565 0 0
1.952e+05 1.3227 0.1603 0.98194 -1.2794 0.33627 0 378.33 -29.264 0.81181 0.018707 45800 4237 4566 0 0
1.953e+05 1.4356 0.1358 1.075 -1.1695 0.33522 0 385.91 -42.254 0.81049 0.018703 45800 4238 4567 0 0
1.954e+05 1.3395 0.15628 1.0041 -1.3713 0.30808 0 389.72 -30.984 0.80917 0.01869 45800 4241 4568.1 0 0
1.955e+05 1.3761 0.16625 1.0171 -1.3177 0.30578 0 396.69 -31.709 0.80785 0.018699 45800 4239 4569.1 0 0
1.956e+05 1.3729 0.16721 1.0427 -1.0846 0.33656 0 377.39 -31.212 0.80653 0.018694 45800 4240 4570.2 0 0
1.957e+05 1.3751 0.15753 1.0388 -1.2911 0.312 0 394.99 -33.286 0.80521 0.018685 45800 4242 4571.2 0 0
1.958e+05 1.2977 0.14189 0.97277 -1.382 0.3328 0 370 -35.362 0.8039 0.018677 45800 4244 4572.2 0 0
1.959e+05 1.3454 0.17781 1.0069 -1.3946 0.31374 0 389.52 -24.635 0.80258 0.018668 45800 4246 4573.2 0 0
1.96e+05 1.3705 0.14319 1.0601 -1.3878 0.31667 0 401.39 -35.974 0.80126 0.018659 45800 4248 4574.3 0 0
1.961e+05 1.2691 0.14024 1.0493 -1.3461 0.29329 0 387.75 -38.005 0.79995 0.01865 45800 4250 4575.4 0 0
1.962e+05 1.4169 0.16361 1.103 -1.1784 0.29993 0 396.78 -35.974 0.79864 0.018655 45800 4249 4576.4 0 0
1.963e+05 1.2968 0.12701 0.99269 -1.1341 0.30516 0 390.4 -40.526 0.79732 0.018655 45800 4249 4577.5 0 0
1.964e+05 1.3478 0.17744 1.0114 -1.0936 0.30069 0 389.21 -24.979 0.79601 0.018663 45800 4247 4578.6 0 0
1.965e+05 1.3089 0.14262 1.0565 -1.2842 0.31568 0 395.54 -34.706 0.7947 0.018663 45800 4247 4579.6 0 0
1.966e+05 1.3384 0.14046 1.0635 -1.2134 0.34455 0 402.19 -35.381 0.79339 0.01865 45800 4250 4580.6 0 0
1.967e+05 1.316 0.15535 1.1603 -1.157 0.30956 0 380.53 -30.731 0.79208 0.018655 45800 4249 4581.7 0 0
1.968e+05 1.4171 0.13013 1.0175 -0.96914 0.3108 0 405.8 -41.775 0.79077 0.018655 45800 4249 4582.7 0 0
1.969e+05 1.2966 0.13132 1.102 -1.2936 0.30004 0 371.55 -39.103 0.78946 0.018655 45800 4249 4583.8 0 0
1.97e+05 1.3402 0.13098 0.99343 -1.4212 0.31772 0 380.08 -37.795 0.78815 0.018659 45800 4248 4584.9 0 0
1.971e+05 1.3482 0.13665 0.97374 -1.2819 0.31461 0 373.26 -36.383 0.78684 0.018646 45800 4251 4586 0 0
1.972e+05 1.4434 0.13893 1.1341 -1.555 0.31429 0 391.35 -42.452 0.78553 0.018641 45800 4252 4587.1 0 0
1.973e+05 1.2579 0.12729 1.0571 -1.3552 0.34498 0 382.69 -44.493 0.78423 0.018641 45800 4252 4588.2 0 0
1.974e+05 1.3269 0.14093 0.99372 -1.2617 0.34331 0 377.14 -34.98 0.78292 0.018602 45800 4261 4589.4 0 0
1.975e+05 1.3588 0.15532 1.0274 -1.4076 0.31077 0 378.39 -32.38 0.78161 0.018606 45800 4260 4590.6 0 0
1.976e+05 1.3978 0.15982 1.0754 -1.2439 0.31712 0 373.95 -34.478 0.78031 0.018602 45800 4261 4591.7 0 0
1.977e+05 1.271 0.13778 0.98817 -1.2066 0.35551 0 386.61 -38.632 0.77901 0.018598 45800 4262 4592.8 0 0
1.978e+05 1.3445 0.1576 1.0224 -1.1028 0.33561 0 395.62 -30.5 0.7777 0.018589 45801 4264 4594 0 0
1.979e+05 1.3424 0.15233 0.94698 -1.149 0.31198 0 393.73 -31.899 0.7764 0.018585 45801 4265 4595.1 0 0
1.98e+05 1.3754 0.13624 1.05 -1.222 0.32758 0 391.43 -37.222 0.7751 0.01858 45801 4266 4596.1 0 0
1.981e+05 1.3771 0.16267 0.99365 -1.4926 0.33582 0 404.62 -31.859 0.7738 0.018585 45801 4265 4597.2 0 0
1.982e+05 1.381 0.1523 0.99813 -1.1345 0.31506 0 386.71 -34.163 0.7725 0.018589 45801 4264 4598.2 0 0
1.983e+05 1.3886 0.13798 0.99344 -1.259 0.3279 0 394.1 -37.621 0.7712 0.018572 45801 4268 4599.3 0 0
1.984e+05 1.3303 0.10524 0.97408 -1.1492 0.30936 0 371.5 -43.928 0.7699 0.018576 45801 4267 4600.4 0 0
1.985e+05 1.3826 0.12997 1.0623 -1.12 0.30826 0 389.1 -38.874 0.7686 0.018572 45801 4268 4601.6 0 0
1.986e+05 1.3534 0.10541 1.0414 -1.1447 0.30498 0 375.03 -43.959 0.7673 0.018563 45801 4270 4602.7 0 0
1.987e+05 1.2953 0.11059 1.0089 -1.2744 0.30847 0 387.4 -44.745 0.766 0.018554 45801 4272 4603.9 0 0
1.988e+05 1.3005 0.11916 0.95755 -1.1858 0.3131 0 374.41 -42.082 0.76471 0.018541 45801 4275 4605.2 0 0
1.989e+05 1.3644 0.11956 0.9751 -1.1785 0.30889 0 379.44 -40.704 0.76341 0.01852 45801 4280 4606.4 0 0
1.99e+05 1.3522 0.11729 0.93475 -1.2668 0.3144 0 381.57 -41.178 0.76211 0.01852 45801 4280 4607.6 0 0
1.991e+05 1.37 0.12472 1.047 -1.3502 0.32921 0 389.03 -39.663 0.76082 0.01852 45801 4280 4608.8 0 0
1.992e+05 1.2733 0.13564 0.99096 -1.3644 0.32607 0 394.44 -39.175 0.75953 0.018533 45801 4277 4610 0 0
1.993e+05 1.3489 0.13598 1.0013 -1.2659 0.32244 0 401.97 -36.168 0.75823 0.018524 45801 4279 4611.2 0 0
1.994e+05 1.3636 0.12616 0.98584 -1.2526 0.3091 0 403.98 -38.999 0.75694 0.018528 45801 4278 4612.4 0 0
1.995e+05 1.3515 0.11617 1.0586 -1.2238 0.31809 0 389.41 -41.265 0.75565 0.018511 45801 4282 4613.4 0 0
1.996e+05 1.3452 0.11619 0.94458 -1.3673 0.31962 0 406.52 -40.96 0.75435 0.018511 45801 4282 4614.6 0 0
1.997e+05 1.3063 0.14701 0.98869 -1.2327 0.30495 0 406 -32.83 0.75306 0.018511 45801 4282 4615.7 0 0
1.998e+05 1.3874 0.13143 0.9356 -1.2406 0.32545 0 391.9 -38.511 0.75177 0.018507 45801 4283 4616.8 0 0
1.999e+05 1.3815 0.14096 0.9542 -1.2844 0.31117 0 384.27 -36.25 0.75048 0.018515 45801 4281 4618 0 0
2e+05 1.4027 0.13048 1.0508 -1.2973 0.31063 0 384.74 -40.115 0.7492 0.018502 45801 4284 4619.2 0 0
2.001e+05 1.2813 0.13939 1.0417 -1.2802 0.32707 0 382.13 -36.523 0.74791 0.018489 45801 4287 4620.3 0 0
2.002e+05 1.3492 0.12847 0.97868 -1.3429 0.32415 0 387.01 -37.624 0.74662 0.018485 45801 4288 4621.4 0 0
2.003e+05 1.3363 0.11342 1.0388 -1.4865 0.30553 0 400.22 -41.298 0.74533 0.018485 45801 4288 4622.7 0 0
2.004e+05 1.3469 0.13707 0.97625 -1.2839 0.31905 0 398.96 -35.617 0.74404 0.018481 45801 4289 4623.9 0 0
2.005e+05 1.3514 0.13883 0.92099 -1.1288 0.34913 0 416.71 -35.263 0.74276 0.018481 45801 4289 4625.1 0 0
2.006e+05 1.4165 0.12194 1.0374 -1.239 0.31636 0 385.62 -43.236 0.74147 0.018472 45801 4291 4626.3 0 0
2.007e+05 1.4492 0.1029 1.0184 -1.2459 0.3181 0 379.22 -49.513 0.74019 0.018472 45801 4291 4627.6 0 0
2.008e+05 1.373 0.11075 1.01 -1.521 0.31143 0 382.38 -42.89 0.73891 0.018468 45801 4292 4628.9 0 0
2.009e+05 1.427 0.13431 1.0429 -1.4918 0.3172 0 372.39 -41.506 0.73762 0.018485 45801 4288 4630 0 0
2.01e+05 1.4128 0.12392 1.0104 -1.3534 0.33216 0 378.01 -42.112 0.73634 0.018489 45801 4287 4631.3 0 0
2.011e+05 1.366 0.11289 1.0149 -1.2536 0.30388 0 378.14 -41.937 0.73506 0.018481 45801 4289 4632.4 0 0
2.012e+05 1.4182 0.10487 1.0426 -1.4455 0.32589 0 406.16 -47.274 0.73378 0.018481 45801 4289 4633.6 0 0
2.013e+05 1.3667 0.10644 0.94234 -1.2995 0.32569 0 412.66 -43.635 0.7325 0.018481 45801 4289 4634.9 0 0
2.014e+05 1.3702 0.14395 1.0111 -1.3574 0.32346 0 390.14 -34.816 0.73122 0.018481 45801 4289 4636.1 0 0
2.015e+05 1.3605 0.13005 0.95796 -1.2904 0.32431 0 391 -37.518 0.72994 0.018485 45801 4288 4637.2 0 0
2.016e+05 1.2934 0.11775 0.94469 -1.5186 0.31987 0 399.15 -42.565 0.72866 0.018489 45801 4287 4638.4 0 0
2.017e+05 1.4154 0.1466 0.98993 -1.3712 0.32908 0 420.9 -38.194 0.72738 0.018463 45801 4293 4639.6 0 0
2.018e+05 1.3288 0.11995 1.0216 -1.2943 0.33572 0 406.23 -39.902 0.7261 0.018442 45801 4298 4640.8 0 0
2.019e+05 1.3727 0.12636 1.0209 -1.306 0.31945 0 409.08 -38.39 0.72483 0.018425 45801 4302 4642 0 0
2.02e+05 1.3949 0.10569 1.0651 -1.4757 0.31914 0 395.99 -45.296 0.72355 0.018433 45801 4300 4643.2 0 0
2.021e+05 1.2926 0.11954 1.113 -1.3123 0.32709 0 360.14 -41.857 0.72227 0.018429 45801 4301 4644.4 0 0
2.022e+05 1.3564 0.10489 1.0348 -1.1261 0.2982 0 368.43 -43.552 0.721 0.018433 45801 4300 4645.6 0 0
2.023e+05 1.3642 0.15619 0.96756 -1.2407 0.32538 0 382.58 -31.868 0.71972 0.018442 45801 4298 4646.6 0 0
2.024e+05 1.3922 0.15457 1.0353 -1.4887 0.32477 0 379.62 -34.377 0.71845 0.018446 45801 4297 4647.7 0 0
2.025e+05 1.3996 0.13734 1.0299 -1.2376 0.30411 0 381.94 -37.789 0.71718 0.018442 45801 4298 4648.8 0 0
2.026e+05 1.3037 0.11364 0.9507 -1.4644 0.32488 0 377.64 -42.656 0.7159 0.018446 45801 4297 4649.9 0 0
2.027e+05 1.322 0.14083 0.95114 -1.3566 0.29945 0 339.09 -34.258 0.71463 0.018438 45801 4299 4651 0 0
2.028e+05 1.3521 0.11064 0.93605 -1.0414 0.32734 0 357.71 -41.684 0.71336 0.018442 45801 4298 4652.1 0 0
2.029e+05 1.3735 0.092454 0.94377 -1.5442 0.30491 0 393.91 -47.902 0.71209 0.018438 45801 4299 4653.2 0 0
2.03e+05 1.3208 0.1503 0.99952 -1.3872 0.31046 0 377.99 -31.974 0.71082 0.018438 45801 4299 4654.3 0 0
2.031e+05 1.3387 0.14791 1.0253 -1.2611 0.30914 0 388.87 -32.561 0.70955 0.018429 45801 4301 4655.4 0 0
2.032e+05 1.3825 0.13563 0.98258 -1.3583 0.32196 0 367.29 -36.69 0.70828 0.018412 45801 4305 4656.4 0 0
2.033e+05 1.385 0.1462 1.0672 -1.3603 0.31841 0 393.47 -34.788 0.70701 0.018412 45801 4305 4657.5 0 0
2.034e+05 1.405 0.12992 1.1855 -1.2264 0.29609 0 378.06 -39.756 0.70575 0.018421 45801 4303 4658.6 0 0
2.035e+05 1.4601 0.12008 1.2446 -1.3708 0.31136 0 378.21 -47.213 0.70448 0.018425 45801 4302 4659.8 0 0
2.036e+05 1.4015 0.15069 1.189 -1.2105 0.31084 0 366.11 -35.358 0.70321 0.018416 45801 4304 4660.9 0 0
2.037e+05 1.3593 0.13521 1.2051 -1.2759 0.3259 0 377.94 -35.695 0.70195 0.018408 45801 4306 4662 0 0
2.038e+05 1.4256 0.12191 1.0889 -1.3944 0.31168 0 383.52 -43.593 0.70068 0.018391 45801 4310 4663.2 0 0
2.039e+05 1.3784 0.16259 1.0726 -1.2781 0.32093 0 386.37 -31.139 0.69942 0.018382 45801 4312 4664.4 0 0
2.04e+05 1.4272 0.16589 1.084 -1.2989 0.33982 0 402.69 -33.553 0.69815 0.018378 45801 4313 4665.4 0 0
2.041e+05 1.4717 0.14877 1.1622 -1.3088 0.31821 0 395.79 -43.267 0.69689 0.018369 45801 4315 4666.6 0 0
2.042e+05 1.3743 0.17818 1.3003 -1.3091 0.31355 0 381.55 -25.858 0.69563 0.018357 45801 4318 4667.7 0 0
2.043e+05 1.3709 0.12305 1.1678 -1.3789 0.30928 0 400.73 -38.8 0.69437 0.018365 45801 4316 4668.8 0 0
2.044e+05 1.3709 0.16655 1.2241 -1.1885 0.31388 0 389.37 -29.742 0.69311 0.018374 45801 4314 4669.8 0 0
2.045e+05 1.3578 0.13161 1.3991 -1.2851 0.32319 0 384.72 -36.36 0.69185 0.018365 45801 4316 4670.8 0 0
2.046e+05 1.342 0.14471 1.468 -1.2463 0.31129 0 371.8 -32.856 0.69059 0.018361 45801 4317 4671.9 0 0
2.047e+05 1.3841 0.11261 1.3351 -1.0233 0.29877 0 396.35 -42.211 0.68933 0.018361 45801 4317 4673 0 0
2.048e+05 1.2928 0.13913 1.3273 -0.98206 0.30903 0 373.81 -35.614 0.68807 0.018361 45801 4317 4674.1 0 0
2.049e+05 1.294 0.14474 1.3197 -1.1426 0.31411 0 377.42 -33.429 0.68681 0.018361 45801 4317 4675.3 0 0
2.05e+05 1.2619 0.13926 1.1552 -1.1347 0.30719 0 383.11 -38.607 0.68555 0.018357 45801 4318 4676.4 0 0
2.051e+05 1.2812 0.13625 1.2554 -1.2451 0.31068 0 386.1 -37.216 0.68429 0.018357 45801 4318 4677.4 0 0
2.052e+05 1.2881 0.17067 1.3545 -1.0205 0.30594 0 392.18 -22.238 0.68304 0.018344 45801 4321 4678.5 0 0
2.053e+05 1.3427 0.15824 1.3249 -1.3083 0.30488 0 380.51 -29.465 0.68178 0.018357 45801 4318 4679.5 0 0
2.054e+05 1.2641 0.14078 1.2654 -1.1455 0.32577 0 376.54 -37.417 0.68053 0.018348 45801 4320 4680.6 0 0
2.055e+05 1.3294 0.13677 1.2776 -1.368 0.34028 0 377.19 -34.392 0.67927 0.018352 45801 4319 4681.7 0 0
2.056e+05 1.3312 0.15564 1.226 -1.2031 0.31441 0 384.43 -30.082 0.67802 0.018357 45801 4318 4682.8 0 0
2.057e+05 1.2426 0.12681 1.2423 -1.2604 0.35116 0 377.54 -45.575 0.67676 0.018352 45801 4319 4684 0 0
2.058e+05 1.3349 0.14922 1.4159 -1.0551 0.32382 0 372.59 -31.702 0.67551 0.018352 45801 4319 4685.1 0 0
2.059e+05 1.296 0.12295 1.3453 -1.2017 0.32205 0 382.45 -39.732 0.67426 0.018348 45801 4320 4686.3 0 0
2.06e+05 1.3173 0.12652 1.3813 -1.0907 0.33455 0 389.01 -37.634 0.67301 0.018352 45801 4319 4687.5 0 0
2.061e+05 1.3354 0.14078 1.4056 -1.1365 0.32765 0 398.45 -33.342 0.67176 0.018348 45801 4320 4688.6 0 0
2.062e+05 1.3519 0.15166 1.4969 -1.2118 0.30602 0 406.47 -31.345 0.67051 0.018327 45801 4325 4689.6 0 0
2.063e+05 1.3997 0.13089 1.4188 -1.0529 0.32207 0 391.92 -38.732 0.66926 0.018335 45801 4323 4690.7 0 0
2.064e+05 1.3865 0.11421 1.4254 -1.4629 0.30866 0 390.08 -41.813 0.66801 0.018348 45801 4320 4691.9 0 0
2.065e+05 1.3043 0.11408 1.4728 -1.2914 0.29964 0 384.84 -42.071 0.66676 0.018352 45801 4319 4693.1 0 0
2.066e+05 1.4007 0.13303 1.533 -1.1511 0.30352 0 389.24 -38.08 0.66551 0.018357 45801 4318 4694.3 0 0
2.067e+05 1.4645 0.12476 1.4652 -1.1862 0.30359 0 382.11 -46.731 0.66427 0.018357 45801 4318 4695.4 0 0
2.068e+05 1.3074 0.10755 1.4533 -1.4575 0.31733 0 392.2 -43.845 0.66302 0.018352 45801 4319 4696.6 0 0
2.069e+05 1.3591 0.1187 1.4181 -1.1875 0.30095 0 377.71 -39.085 0.66177 0.018348 45801 4320 4697.8 0 0
2.07e+05 1.3566 0.11974 1.3801 -1.3075 0.30769 0 371.73 -38.782 0.66053 0.018348 45801 4320 4699.1 0 0
2.071e+05 1.3839 0.095093 1.4242 -1.52 0.30037 0 367.73 -47.748 0.65928 0.01834 45801 4322 4700.4 0 0
2.072e+05 1.3221 0.11933 1.4749 -1.2866 0.3225 0 381.56 -39.357 0.65804 0.018331 45801 4324 4701.6 0 0
2.073e+05 1.3441 0.099875 1.3683 -1.2734 0.30012 0 359.55 -44.663 0.6568 0.018331 45801 4324 4702.9 0 0
2.074e+05 1.2467 0.11613 1.2085 -0.95036 0.30021 0 373.22 -48.034 0.65555 0.018301 45801 4331 4704.2 0 0
2.075e+05 1.2502 0.1363 1.2389 -1.4708 0.32208 0 384.38 -39.675 0.65431 0.018314 45801 4328 4705.6 0 0
2.076e+05 1.3338 0.14471 1.429 -1.0869 0.31163 0 371.84 -32.52 0.65307 0.018314 45801 4328 4706.8 0 0
2.077e+05 1.3565 0.11785 1.2856 -1.396 0.32624 0 387.01 -39.157 0.65183 0.018314 45801 4328 4707.9 0 0
2.078e+05 1.4304 0.13173 1.1999 -1.2344 0.31028 0 373.22 -41.372 0.65058 0.01831 45801 4329 4709.1 0 0
2.079e+05 1.387 0.11683 1.0806 -1.2815 0.32482 0 394.57 -40.589 0.64934 0.018289 45801 4334 4710.3 0 0
2.08e+05 1.4241 0.13767 1.086 -1.3124 0.32825 0 372.04 -39.444 0.64811 0.018285 45801 4335 4711.5 0 0
2.081e+05 1.4085 0.098254 1.0725 -1.4122 0.30838 0 377.59 -48.09 0.64687 0.01828 45801 4336 4712.7 0 0
2.082e+05 1.4271 0.11871 1.0153 -1.5999 0.31543 0 405.53 -44.055 0.64563 0.018285 45801 4335 4713.9 0 0
2.083e+05 1.3335 0.098306 1.0689 -1.1951 0.31192 0 409.31 -45.065 0.64439 0.01828 45801 4336 4715.2 0 0
2.084e+05 1.2772 0.12967 1.1494 -1.0567 0.32121 0 390.03 -39.609 0.64315 0.018276 45801 4337 4716.4 0 0
2.085e+05 1.326 0.14798 1.1443 -1.4669 0.32785 0 382.74 -31.787 0.64192 0.018272 45801 4338 4717.6 0 0
2.086e+05 1.3243 0.11286 1.1217 -1.2758 0.32005 0 383.21 -40.812 0.64068 0.018263 45801 4340 4718.7 0 0
2.087e+05 1.2724 0.13356 1.1056 -1.221 0.31494 0 405.2 -38.482 0.63945 0.018268 45801 4339 4719.8 0 0
2.088e+05 1.3292 0.12607 1.1184 -1.3265 0.31971 0 403.16 -36.679 0.63821 0.018263 45801 4340 4720.9 0 0
2.089e+05 1.3771 0.11374 1.184 -1.2502 0.35206 0 401.36 -40.905 0.63698 0.018268 45801 4339 4722 0 0
2.09e+05 1.2917 0.12491 1.0366 -1.3527 0.33304 0 411.45 -39.251 0.63574 0.01828 45801 4336 4723.2 0 0
2.091e+05 1.2867 0.11343 1.3428 -1.3313 0.331 0 392.82 -43.158 0.63451 0.018285 45801 4335 4724.4 0 0
2.092e+05 1.2311 0.10899 1.2305 -1.3117 0.31671 0 408.22 -49.725 0.63328 0.018276 45801 4337 4725.7 0 0
2.093e+05 1.2666 0.11555 1.311 -1.3539 0.31645 0 404.91 -44.691 0.63205 0.018272 45801 4338 4727 0 0
2.094e+05 1.2465 0.13963 1.299 -1.426 0.31444 0 398.02 -38.313 0.63082 0.018264 45801 4340 4728.2 0 0
2.095e+05 1.3022 0.11716 1.3831 -1.3677 0.30248 0 387.3 -40.629 0.62958 0.018264 45801 4340 4729.5 0 0
2.096e+05 1.2561 0.10444 1.3629 -1.3462 0.3004 0 376.67 -49.035 0.62836 0.018255 45801 4342 4730.8 0 0
2.097e+05 1.2984 0.10443 1.3416 -1.3247 0.30094 0 385.53 -44.968 0.62713 0.018255 45801 4342 4732.1 0 0
2.098e+05 1.379 0.1074 1.384 -1.3268 0.31434 0 411.23 -42.959 0.6259 0.018255 45801 4342 4733.4 0 0
2.099e+05 1.3415 0.10549 1.3324 -1.3275 0.35457 0 401.85 -42.227 0.62467 0.018251 45801 4343 4734.6 0 0
2.1e+05 1.3216 0.10113 1.3381 -1.3264 0.32369 0 385.24 -44.185 0.62344 0.018255 45801 4342 4735.9 0 0
2.101e+05 1.3909 0.11659 1.4063 -1.2577 0.33006 0 400.07 -40.816 0.62221 0.018247 45801 4344 4737.2 0 0
2.102e+05 1.3365 0.10289 1.2723 -1.2863 0.32918 0 385.14 -43.005 0.62099 0.018255 45801 4342 4738.5 0 0
2.103e+05 1.2232 0.117 1.2775 -1.4953 0.31297 0 373.53 -49.17 0.61976 0.018247 45801 4344 4739.8 0 0
2.104e+05 1.33 0.11375 1.2587 -1.4327 0.32231 0 397.92 -39.985 0.61854 0.018242 45801 4345 4741 0 0
2.105e+05 1.3221 0.10272 1.3087 -1.4292 0.32506 0 403.54 -43.463 0.61731 0.018242 45801 4345 4742.2 0 0
2.106e+05 1.2454 0.13146 1.259 -1.4116 0.31452 0 398.43 -42.069 0.61609 0.018251 45801 4343 4743.4 0 0
2.107e+05 1.3226 0.14017 1.344 -1.147 0.32073 0 394.76 -33.131 0.61486 0.018238 45801 4346 4744.5 0 0
2.108e+05 1.3122 0.12687 1.1579 -1.5379 0.31334 0 380.89 -36.94 0.61364 0.018247 45801 4344 4745.6 0 0
2.109e+05 1.3853 0.11182 1.1789 -1.2061 0.32346 0 387.9 -41.663 0.61242 0.018247 45801 4344 4746.8 0 0
2.11e+05 1.2822 0.10917 1.0661 -1.3358 0.32186 0 394.69 -44.2 0.6112 0.018213 45801 4352 4748.1 0 0
2.111e+05 1.2845 0.1262 1.0948 -1.3493 0.30875 0 388.03 -39.05 0.60998 0.018222 45801 4350 4749.3 0 0
2.112e+05 1.3678 0.12759 1.1341 -1.3277 0.32936 0 407.77 -36.622 0.60876 0.018238 45801 4346 4750.5 0 0
2.113e+05 1.2896 0.11472 1.0344 -1.3001 0.3128 0 408.32 -41.489 0.60754 0.018238 45801 4346 4751.7 0 0
2.114e+05 1.4028 0.12754 1.0297 -1.2731 0.31231 0 391.7 -38.994 0.60632 0.018242 45801 4345 4752.9 0 0
2.115e+05 1.3955 0.12938 1.0457 -1.4023 0.34076 0 397.51 -37.92 0.6051 0.018234 45801 4347 4754 0 0
2.116e+05 1.3388 0.14709 0.97872 -1.527 0.33857 0 411.17 -31.714 0.60388 0.01823 45801 4348 4755.1 0 0
2.117e+05 1.397 0.14837 1.0885 -1.1265 0.29744 0 388.95 -34.088 0.60266 0.018234 45801 4347 4756.3 0 0
2.118e+05 1.462 0.11764 1.0982 -1.3889 0.30965 0 422.99 -47.424 0.60145 0.01823 45801 4348 4757.7 0 0
2.119e+05 1.3381 0.1312 1.1194 -1.3925 0.32694 0 398.6 -34.994 0.60023 0.018234 45801 4347 4759.1 0 0
2.12e+05 1.2766 0.11804 1.0237 -1.2926 0.33094 0 396.44 -42.243 0.59901 0.018238 45801 4346 4760.3 0 0
2.121e+05 1.4333 0.14184 1.1169 -1.1519 0.35335 0 390.23 -39.127 0.5978 0.018234 45801 4347 4761.4 0 0
2.122e+05 1.4486 0.1243 1.069 -1.4485 0.31776 0 404.12 -44.791 0.59658 0.018226 45801 4349 4762.7 0 0
2.123e+05 1.279 0.11246 0.99996 -1.3965 0.32708 0 402.99 -43.451 0.59537 0.018221 45801 4350 4763.8 0 0
2.124e+05 1.2863 0.12323 1.0443 -1.2804 0.31815 0 392.81 -39.592 0.59416 0.018222 45801 4350 4765 0 0
2.125e+05 1.2184 0.11451 1.0418 -1.3694 0.30954 0 395.93 -49.496 0.59294 0.018214 45801 4352 4766.3 0 0
2.126e+05 1.3428 0.10906 1.0053 -1.5017 0.33216 0 410.6 -40.406 0.59173 0.018201 45801 4355 4767.7 0 0
2.127e+05 1.2896 0.11161 1.0617 -1.408 0.32985 0 390.62 -42.02 0.59052 0.018185 45801 4359 4769 0 0
2.128e+05 1.3143 0.11328 1.0654 -1.309 0.31167 0 394.93 -40.189 0.58931 0.018176 45801 4361 4770.3 0 0
2.129e+05 1.3014 0.16435 1.073 -1.4806 0.31308 0 386.45 -26.023 0.5881 0.018172 45801 4362 4771.5 0 0
2.13e+05 1.2987 0.14693 1.3476 -1.3609 0.31907 0 387 -32.011 0.58689 0.018172 45801 4362 4772.4 0 0
2.131e+05 1.2255 0.11632 1.3184 -1.3273 0.30336 0 405.37 -48.73 0.58568 0.018164 45801 4364 4773.5 0 0
2.132e+05 1.326 0.1255 1.5171 -1.2256 0.3362 0 367.8 -36.35 0.58447 0.01816 45801 4365 4774.6 0 0
2.133e+05 1.274 0.11054 1.3958 -1.3377 0.32676 0 383.44 -44.231 0.58327 0.018172 45801 4362 4775.8 0 0
2.134e+05 1.332 0.14255 1.4517 -1.4582 0.30084 0 415.58 -32.378 0.58206 0.018168 45801 4363 4777 0 0
2.135e+05 1.2828 0.11835 1.3762 -1.1499 0.31033 0 412.49 -40.983 0.58085 0.018156 45801 4366 4778.1 0 0
2.136e+05 1.3406 0.11724 1.4781 -1.3008 0.32105 0 407.65 -38.117 0.57965 0.018156 45801 4366 4779.3 0 0
2.137e+05 1.3733 0.1144 1.4789 -1.1635 0.29281 0 408.07 -39.963 0.57844 0.01816 45801 4365 4780.5 0 0
2.138e+05 1.2764 0.12109 1.4388 -1.3355 0.31896 0 405.87 -41.048 0.57724 0.018172 45801 4362 4781.8 0 0
2.139e+05 1.3418 0.13556 1.4444 -1.2915 0.33065 0 414 -33.89 0.57603 0.018176 45801 4361 4783 0 0
2.14e+05 1.2853 0.12708 1.461 -1.4042 0.31645 0 394.78 -38.352 0.57483 0.018176 45801 4361 4784.3 0 0
2.141e+05 1.2234 0.13336 1.3996 -1.4685 0.31561 0 400.5 -44.391 0.57363 0.018168 45801 4363 4785.5 0 0
2.142e+05 1.3122 0.10381 1.4514 -1.4075 0.31866 0 393.8 -43.22 0.57243 0.018171 45802 4362 4786.7 0 0
2.143e+05 1.3768 0.1114 1.5576 -1.4671 0.30611 0 389.49 -40.776 0.57123 0.018163 45802 4364 4787.9 0 0
2.144e+05 1.3586 0.097407 1.4766 -1.1717 0.31557 0 387.26 -44.927 0.57003 0.018171 45802 4362 4789.2 0 0
2.145e+05 1.3705 0.10214 1.4929 -1.5275 0.29878 0 402.45 -43.671 0.56883 0.018171 45802 4362 4790.6 0 0
2.146e+05 1.3392 0.085353 1.3963 -1.1899 0.30973 0 394.96 -48.743 0.56763 0.018163 45802 4364 4791.9 0 0
2.147e+05 1.3113 0.11144 1.4112 -1.5884 0.34174 0 407.31 -40.53 0.56643 0.01815 45802 4367 4793.2 0 0
2.148e+05 1.2724 0.09873 1.3879 -1.2006 0.31299 0 395.75 -47.433 0.56523 0.018129 45802 4372 4794.5 0 0
2.149e+05 1.2303 0.12108 1.3662 -1.3042 0.31835 0 383.35 -46.986 0.56403 0.018125 45802 4373 4795.8 0 0
2.15e+05 1.2322 0.12796 1.3005 -1.2646 0.33577 0 391.04 -44.939 0.56283 0.018121 45802 4374 4797.2 0 0
2.151e+05 1.2472 0.10191 1.4177 -1.399 0.33156 0 382.54 -48.739 0.56163 0.018109 45802 4377 4798.5 0 0
2.152e+05 1.2924 0.10486 1.4448 -1.3631 0.32549 0 382.87 -43.433 0.56043 0.018109 45802 4377 4799.7 0 0
2.153e+05 1.2678 0.10008 1.4363 -1.4131 0.33516 0 415.57 -47.121 0.55924 0.018092 45802 4381 4801 0 0
2.154e+05 1.3465 0.12921 1.4279 -1.5252 0.33137 0 384.57 -35.308 0.55804 0.018084 45802 4383 4802.3 0 0
2.155e+05 1.2329 0.12072 1.2891 -1.3983 0.3442 0 387.9 -46.405 0.55684 0.018092 45802 4381 4803.5 0 0
2.156e+05 1.2444 0.10208 1.4168 -1.3856 0.31067 0 408 -48.803 0.55565 0.018084 45802 4383 4804.8 0 0
2.157e+05 1.2613 0.094585 1.4457 -1.2474 0.32425 0 395.03 -48.667 0.55445 0.018076 45802 4385 4806.1 0 0
2.158e+05 1.2514 0.11787 1.3852 -1.4067 0.32524 0 395.93 -44.502 0.55326 0.018063 45802 4388 4807.4 0 0
2.159e+05 1.2673 0.13329 1.4422 -1.3052 0.306 0 380.87 -38.236 0.55207 0.018043 45802 4393 4808.7 0 0
2.16e+05 1.305 0.10373 1.4611 -1.419 0.31063 0 376.55 -43.042 0.55089 0.018047 45803 4392 4810.1 0 0
2.161e+05 1.3178 0.1055 1.4228 -1.4393 0.31388 0 408.48 -41.58 0.54972 0.018054 45803 4390 4811.4 0 0
2.162e+05 1.2318 0.10083 1.3029 -1.3421 0.29657 0 407.89 -49.54 0.54853 0.018046 45804 4392 4812.8 0 0
2.163e+05 1.2891 0.11422 1.3902 -1.401 0.3031 0 391.64 -40.285 0.54736 0.018042 45804 4393 4814.1 0 0
2.164e+05 1.2573 0.12271 1.3788 -1.1802 0.30931 0 388.07 -42.139 0.54619 0.018046 45805 4392 4815.4 0 0
2.165e+05 1.2622 0.093102 1.3331 -1.477 0.32514 0 381.07 -48.61 0.54502 0.018043 45806 4393 4816.7 0 0
2.166e+05 1.2623 0.13077 1.3547 -1.281 0.30437 0 409.2 -39.502 0.54383 0.01801 45806 4401 4818 0 0
2.167e+05 1.2579 0.13135 1.334 -1.4014 0.30178 0 389.7 -39.803 0.54266 0.018014 45806 4400 4819.4 0 0
2.168e+05 1.2996 0.13242 1.3564 -1.1794 0.33127 0 383.23 -35.621 0.54148 0.018019 45807 4399 4820.6 0 0
2.169e+05 1.2925 0.12867 1.3771 -1.3068 0.33764 0 392.82 -36.795 0.5403 0.018039 45807 4394 4822 0 0
2.17e+05 1.2361 0.11062 1.3008 -1.3288 0.30818 0 391.14 -47.032 0.53912 0.018027 45807 4397 4823.3 0 0
2.171e+05 1.2538 0.13376 1.2737 -1.4666 0.34176 0 407.38 -39.246 0.53794 0.018023 45807 4398 4824.5 0 0
2.172e+05 1.2422 0.12944 1.3252 -1.4603 0.33668 0 366.6 -42.059 0.53675 0.018011 45808 4401 4825.8 0 0
2.173e+05 1.2593 0.11484 1.2971 -1.2343 0.32585 0 376.39 -43.283 0.53557 0.017998 45808 4404 4827.2 0 0
2.174e+05 1.2406 0.14263 1.2141 -1.4037 0.32164 0 405.18 -37.194 0.53439 0.01799 45808 4406 4828.4 0 0
2.175e+05 1.2114 0.13408 1.2877 -1.4173 0.32468 0 409.9 -44.216 0.53321 0.01799 45808 4406 4829.8 0 0
2.176e+05 1.2093 0.13112 1.2703 -1.3462 0.32492 0 415.09 -45.498 0.53203 0.017982 45808 4408 4831.1 0 0
2.177e+05 1.2393 0.13792 1.3039 -1.2761 0.31497 0 393.02 -39.423 0.53085 0.01797 45808 4411 4832.4 0 0
2.178e+05 1.209 0.13542 1.2884 -1.3285 0.29526 0 393.27 -43.553 0.52967 0.017958 45809 4414 4833.6 0 0
2.179e+05 1.2277 0.12451 1.3098 -1.375 0.33769 0 411.44 -44.843 0.52849 0.017958 45809 4414 4834.9 0 0
2.18e+05 1.1952 0.13628 1.2745 -1.3585 0.3093 0 397.01 -44.689 0.52731 0.017962 45809 4413 4836.2 0 0
2.181e+05 1.2378 0.14634 1.282 -1.5432 0.31598 0 414.32 -35.048 0.52614 0.01797 45809 4411 4837.6 0 0
2.182e+05 1.2055 0.12757 1.1868 -1.1526 0.32616 0 388.47 -46.509 0.52498 0.017938 45810 4419 4839 0 0
2.183e+05 1.2408 0.12151 1.2886 -1.8144 0.33328 0 398.54 -43.315 0.52381 0.017934 45810 4420 4840.3 0 0
2.184e+05 1.245 0.13987 1.2539 -1.4557 0.30182 0 401.85 -37.738 0.52263 0.017934 45810 4420 4841.6 0 0
2.185e+05 1.2 0.12965 1.2763 -1.209 0.32414 0 386.49 -46.588 0.52146 0.017934 45810 4420 4842.9 0 0
2.186e+05 1.2171 0.12985 1.2535 -1.4599 0.31979 0 388.99 -44.271 0.52028 0.017943 45811 4418 4844.3 0 0
2.187e+05 1.2092 0.13037 1.3044 -1.4363 0.31894 0 405.94 -44.618 0.51912 0.017928 45811 4422 4845.6 0 0
2.188e+05 1.2291 0.11468 1.2483 -1.1051 0.32548 0 423.34 -46.077 0.51795 0.017924 45812 4423 4846.8 0 0
2.189e+05 1.2352 0.11308 1.2407 -1.2217 0.32231 0 387.25 -45.752 0.51679 0.017924 45812 4423 4848.1 0 0
2.19e+05 1.1821 0.11141 1.1748 -1.3501 0.32409 0 384.22 -49.79 0.51574 0.017895 45816 4424 4849.6 0 0
2.191e+05 1.2127 0.10843 1.2419 -1.2613 0.30885 0 402.27 -48.718 0.51465 0.017883 45819 4427 4851 0 0
2.192e+05 1.1497 0.11204 1.1689 -1.2787 0.29956 0 393.66 -49.998 0.51349 0.017891 45820 4425 4852.4 0 0
2.193e+05 1.2197 0.12685 1.2634 -1.2848 0.33797 0 398.89 -44.328 0.51232 0.01787 45820 4430 4853.8 0 0
2.194e+05 1.2584 0.1235 1.1983 -1.3174 0.30139 0 397.21 -40.92 0.51115 0.017862 45820 4432 4855.2 0 0
2.195e+05 1.1906 0.12437 1.1835 -1.0903 0.31156 0 385.43 -47.743 0.50997 0.017846 45820 4436 4856.6 0 0
2.196e+05 1.219 0.13076 1.1931 -1.3773 0.29895 0 395.01 -43.415 0.5088 0.017846 45820 4436 4858 0 0
2.197e+05 1.1845 0.12235 1.27 -1.5334 0.33243 0 395.16 -48.444 0.50763 0.017838 45820 4438 4859.3 0 0
2.198e+05 1.2074 0.11688 1.2308 -1.1691 0.32152 0 383.38 -47.275 0.50646 0.017842 45820 4437 4860.7 0 0
2.199e+05 1.1867 0.13064 1.2816 -1.5265 0.32101 0 399.31 -46.914 0.50528 0.017822 45820 4442 4862.1 0 0
2.2e+05 1.2033 0.11541 1.2471 -1.4033 0.32555 0 391.67 -47.717 0.50411 0.017806 45820 4446 4863.5 0 0
2.201e+05 1.2023 0.13528 1.2876 -1.2413 0.31686 0 378.68 -43.334 0.50294 0.017814 45820 4444 4864.9 0 0
2.202e+05 1.1892 0.11184 1.1813 -1.3263 0.3169 0 389.1 -48.992 0.50177 0.017806 45820 4446 4866.2 0 0
2.203e+05 1.177 0.12902 1.1964 -1.4432 0.36543 0 400.38 -47.827 0.5006 0.017798 45820 4448 4867.6 0 0
2.204e+05 1.1853 0.11956 1.2494 -1.3683 0.31375 0 375.38 -48.179 0.49943 0.017806 45820 4446 4869 0 0
2.205e+05 1.1795 0.14176 1.2463 -1.4021 0.32091 0 371.51 -43.981 0.49826 0.01781 45820 4445 4870.3 0 0
2.206e+05 1.2032 0.12499 1.2242 -1.3283 0.33417 0 397.21 -45.268 0.4971 0.017798 45820 4448 4871.7 0 0
2.207e+05 1.2027 0.13549 1.2435 -1.1817 0.31025 0 394.01 -42.698 0.49593 0.017786 45820 4451 4873.1 0 0
2.208e+05 1.1918 0.10875 1.2639 -1.3658 0.33263 0 401.73 -49.144 0.49476 0.017774 45820 4454 4874.4 0 0
2.209e+05 1.2108 0.14399 1.1994 -1.3539 0.31849 0 397.41 -38.538 0.49359 0.017774 45820 4454 4875.7 0 0
2.21e+05 1.21 0.13148 1.2137 -1.5561 0.31088 0 401.06 -42.716 0.49243 0.017774 45820 4454 4877 0 0
2.211e+05 1.2289 0.14476 1.24 -1.3995 0.33023 0 389.34 -35.941 0.49127 0.017778 45820 4453 4878.4 0 0
2.212e+05 1.2181 0.11784 1.193 -1.5693 0.31665 0 392.52 -45.202 0.4901 0.01777 45820 4455 4879.9 0 0
2.213e+05 1.2497 0.12213 1.2483 -1.2481 0.32317 0 402.13 -41.761 0.48894 0.017762 45820 4457 4881.2 0 0
2.214e+05 1.1312 0.14261 1.1919 -1.2406 0.31499 0 392.51 -49.646 0.48777 0.01777 45820 4455 4882.5 0 0
2.215e+05 1.2182 0.13109 1.2626 -1.2096 0.30103 0 397.54 -42.097 0.48661 0.017774 45820 4454 4883.9 0 0
2.216e+05 1.1892 0.14083 1.2923 -1.4237 0.30464 0 365.34 -42.148 0.48545 0.017782 45820 4452 4885.3 0 0
2.217e+05 1.2238 0.10356 1.2789 -1.1262 0.30979 0 407.12 -48.64 0.48428 0.017778 45820 4453 4886.6 0 0
2.218e+05 1.1566 0.12693 1.1664 -1.459 0.3139 0 400 -48.677 0.48312 0.017774 45820 4454 4887.9 0 0
2.219e+05 1.1543 0.13175 1.1793 -1.3719 0.32472 0 386.49 -48.491 0.48196 0.017762 45820 4457 4889.4 0 0
2.22e+05 1.1856 0.12338 1.2126 -1.0754 0.31488 0 390.17 -46.277 0.4808 0.017762 45820 4457 4890.8 0 0
2.221e+05 1.1707 0.14378 1.2029 -1.226 0.30515 0 359.99 -43.609 0.47964 0.017754 45820 4459 4892.1 0 0
2.222e+05 1.1588 0.1231 1.1714 -1.4125 0.30897 0 378.79 -48.478 0.47848 0.017738 45820 4463 4893.5 0 0
2.223e+05 1.1801 0.10574 1.1626 -1.5588 0.31943 0 402.46 -49.554 0.47732 0.01775 45820 4460 4894.9 0 0
2.224e+05 1.1829 0.12533 1.2811 -1.2983 0.3235 0 398.71 -45.903 0.47616 0.017742 45820 4462 4896.3 0 0
2.225e+05 1.2476 0.12693 1.2378 -1.2522 0.32137 0 390.36 -40.65 0.475 0.017738 45820 4463 4897.6 0 0
2.226e+05 1.2447 0.13343 1.2548 -1.2619 0.31384 0 387.25 -39.128 0.47384 0.017734 45820 4464 4898.8 0 0
2.227e+05 1.267 0.11151 1.2741 -1.4233 0.32233 0 400.75 -42.547 0.47268 0.017726 45820 4466 4900.1 0 0
2.228e+05 1.226 0.12976 1.2256 -1.322 0.30874 0 394.09 -41.325 0.47153 0.017726 45820 4466 4901.3 0 0
2.229e+05 1.2391 0.11675 1.3024 -1.4097 0.33173 0 409.99 -43.293 0.47037 0.017723 45820 4467 4902.7 0 0
2.23e+05 1.2572 0.10989 1.2166 -1.3396 0.30554 0 389.17 -44.203 0.46922 0.017723 45820 4467 4903.9 0 0
2.231e+05 1.2382 0.13415 1.2257 -1.2516 0.35472 0 416.9 -39.339 0.46806 0.017707 45820 4471 4905.1 0 0
2.232e+05 1.2522 0.12545 1.2298 -1.394 0.31624 0 394.41 -40.099 0.46691 0.017707 45820 4471 4906.4 0 0
2.233e+05 1.271 0.13643 1.2021 -1.2857 0.32181 0 379.88 -36.311 0.46575 0.017699 45820 4473 4907.6 0 0
2.234e+05 1.2451 0.11794 1.1657 -1.4364 0.3084 0 394.06 -42.276 0.4646 0.017695 45820 4474 4908.8 0 0
2.235e+05 1.2109 0.13929 1.1971 -1.3023 0.31098 0 400.95 -39.412 0.46344 0.017703 45820 4472 4910 0 0
2.236e+05 1.2297 0.13249 1.2464 -1.6754 0.33324 0 413.21 -39.693 0.46229 0.017703 45820 4472 4911.2 0 0
2.237e+05 1.2272 0.14396 1.1942 -1.3824 0.32995 0 409.19 -36.161 0.46114 0.017699 45820 4473 4912.4 0 0
2.238e+05 1.2884 0.14512 1.2058 -1.4886 0.30359 0 405.89 -32.76 0.45999 0.017695 45820 4474 4913.5 0 0
2.239e+05 1.1778 0.14758 1.1874 -1.3383 0.31595 0 399.24 -40.246 0.45883 0.017699 45820 4473 4914.8 0 0
2.24e+05 1.2423 0.13305 1.2546 -1.3473 0.30536 0 377.27 -38.596 0.45768 0.017687 45820 4476 4916.1 0 0
2.241e+05 1.2942 0.14571 1.2333 -1.3827 0.32086 0 377.22 -32.24 0.45653 0.017687 45820 4476 4917.3 0 0
2.242e+05 1.2276 0.12751 1.1533 -1.3308 0.31979 0 382.78 -40.515 0.45538 0.017691 45820 4475 4918.5 0 0
2.243e+05 1.215 0.10656 1.1731 -1.5289 0.32074 0 417.3 -47.691 0.45424 0.017687 45821 4476 4919.7 0 0
2.244e+05 1.2335 0.1347 1.1902 -1.1861 0.31957 0 412.12 -38.273 0.45309 0.017683 45821 4477 4920.9 0 0
2.245e+05 1.2393 0.10871 1.2962 -1.3917 0.3084 0 392.85 -45.341 0.45194 0.017679 45821 4478 4922.2 0 0
2.246e+05 1.2444 0.11101 1.1961 -1.2152 0.31216 0 379.78 -44.079 0.4508 0.017675 45821 4479 4923.5 0 0
2.247e+05 1.2696 0.11019 1.2349 -1.4729 0.31931 0 387.08 -42.502 0.44965 0.017687 45821 4476 4924.9 0 0
2.248e+05 1.2636 0.12015 1.1507 -1.3971 0.32131 0 398.92 -40.436 0.4485 0.017683 45821 4477 4926.2 0 0
2.249e+05 1.2382 0.11871 1.2705 -1.1476 0.34396 0 373.62 -41.89 0.44736 0.017683 45821 4477 4927.6 0 0
2.25e+05 1.251 0.1247 1.3375 -1.2018 0.32181 0 370.57 -39.489 0.44621 0.017675 45821 4479 4928.8 0 0
2.251e+05 1.2076 0.13431 1.2427 -1.1156 0.32601 0 399.94 -40.454 0.44507 0.017671 45821 4480 4930 0 0
2.252e+05 1.2686 0.13221 1.341 -1.3221 0.31635 0 399.22 -36.915 0.44392 0.017675 45821 4479 4931.2 0 0
2.253e+05 1.2663 0.13298 1.3234 -1.4203 0.3274 0 404.59 -36.803 0.44278 0.017675 45821 4479 4932.5 0 0
2.254e+05 1.157 0.12716 1.3129 -1.2192 0.3377 0 390.96 -48.003 0.44163 0.017675 45821 4479 4933.8 0 0
2.255e+05 1.2693 0.12698 1.2863 -1.4045 0.3058 0 396.78 -37.977 0.44049 0.017671 45821 4480 4935.1 0 0
2.256e+05 1.248 0.13113 1.3308 -1.3732 0.32271 0 394.45 -37.833 0.43935 0.017671 45821 4480 4936.3 0 0
2.257e+05 1.2294 0.141 1.3685 -1.3246 0.31333 0 388.07 -36.627 0.43821 0.017667 45821 4481 4937.6 0 0
2.258e+05 1.2488 0.11202 1.3481 -1.275 0.29931 0 371.57 -42.955 0.43707 0.017659 45821 4483 4938.9 0 0
2.259e+05 1.2324 0.11671 1.2918 -1.2255 0.3244 0 375.25 -42.225 0.43593 0.017652 45821 4485 4940.1 0 0
2.26e+05 1.1808 0.12795 1.1982 -1.2558 0.33996 0 358.3 -45.074 0.43479 0.017655 45821 4484 4941.4 0 0
2.261e+05 1.2421 0.13541 1.3538 -1.3267 0.31778 0 385.04 -37.394 0.43365 0.017659 45821 4483 4942.7 0 0
2.262e+05 1.2367 0.10754 1.3763 -1.4142 0.33685 0 360.87 -45.153 0.43251 0.017663 45821 4482 4943.9 0 0
2.263e+05 1.2517 0.11412 1.2886 -1.4543 0.33058 0 360.3 -41.672 0.43138 0.017663 45821 4482 4945.1 0 0
2.264e+05 1.2899 0.12855 1.3488 -1.295 0.31956 0 349.74 -36.401 0.43024 0.017663 45821 4482 4946.3 0 0
2.265e+05 1.2793 0.12985 1.283 -1.1936 0.30206 0 397.66 -36.483 0.4291 0.017652 45821 4485 4947.6 0 0
2.266e+05 1.2062 0.13729 1.3695 -1.2646 0.31434 0 366.2 -39.729 0.42797 0.017659 45821 4483 4948.8 0 0
2.267e+05 1.2523 0.11351 1.2774 -1.3987 0.3331 0 373.86 -41.659 0.42683 0.017648 45821 4486 4950 0 0
2.268e+05 1.1727 0.1443 1.2893 -1.2728 0.31347 0 378.08 -42.766 0.4257 0.017654 45822 4484 4951.3 0 0
2.269e+05 1.2041 0.12528 1.2623 -1.4131 0.33731 0 377.33 -42.162 0.42456 0.017658 45822 4483 4952.6 0 0
2.27e+05 1.1709 0.10492 1.15 -1.1882 0.32546 0 357.6 -49.569 0.42343 0.017631 45822 4490 4953.9 0 0
2.271e+05 1.2116 0.13833 1.2768 -1.1884 0.30078 0 340.31 -38.774 0.42229 0.017635 45822 4489 4955.1 0 0
2.272e+05 1.3148 0.1321 1.3615 -1.3969 0.32669 0 375.82 -34.797 0.42116 0.017635 45822 4489 4956.3 0 0
2.273e+05 1.2547 0.12688 1.2856 -1.4702 0.30732 0 354.68 -37.606 0.42002 0.017643 45822 4487 4957.6 0 0
2.274e+05 1.2911 0.12966 1.3669 -1.3522 0.32052 0 358.57 -35.918 0.41889 0.017643 45822 4487 4958.9 0 0
2.275e+05 1.2895 0.1089 1.3251 -1.4841 0.33013 0 351.96 -41.275 0.41776 0.01765 45822 4485 4960.1 0 0
2.276e+05 1.1795 0.097704 1.2866 -1.417 0.33494 0 349.97 -49.848 0.41663 0.017639 45822 4488 4961.5 0 0
2.277e+05 1.2317 0.10703 1.2936 -1.3871 0.31769 0 363.56 -44.963 0.41549 0.017635 45822 4489 4962.8 0 0
2.278e+05 1.2387 0.10415 1.3661 -1.3437 0.33673 0 361.87 -45.605 0.41436 0.017619 45822 4493 4964.2 0 0
2.279e+05 1.2078 0.10481 1.2394 -1.3532 0.29093 0 347.94 -47.429 0.41323 0.017611 45822 4495 4965.5 0 0
2.28e+05 1.2493 0.10092 1.2365 -1.2386 0.29877 0 362.98 -45.823 0.4121 0.017607 45822 4496 4966.8 0 0
2.281e+05 1.2173 0.10193 1.2279 -1.3026 0.29747 0 393.86 -47.176 0.41097 0.017603 45822 4497 4968.3 0 0
2.282e+05 1.2417 0.10985 1.2998 -1.466 0.34189 0 358.97 -42.829 0.40984 0.017603 45822 4497 4969.7 0 0
2.283e+05 1.2717 0.12357 1.2775 -1.4023 0.31398 0 380.6 -37.892 0.40871 0.017595 45822 4499 4970.9 0 0
2.284e+05 1.2567 0.10901 1.2536 -1.4869 0.31576 0 393.92 -42.282 0.40758 0.017615 45822 4494 4972.3 0 0
2.285e+05 1.2741 0.11291 1.2535 -1.3445 0.31753 0 375.66 -40.508 0.40646 0.017619 45822 4493 4973.6 0 0
2.286e+05 1.2516 0.1036 1.3067 -1.1965 0.30362 0 367.07 -44.264 0.40534 0.017611 45822 4495 4974.9 0 0
2.287e+05 1.2333 0.11829 1.271 -1.437 0.31731 0 378.28 -40.516 0.40421 0.017607 45822 4496 4976.2 0 0
2.288e+05 1.2706 0.1208 1.3776 -1.3428 0.3158 0 356.38 -38.402 0.40308 0.017607 45822 4496 4977.5 0 0
2.289e+05 1.2077 0.10223 1.2808 -1.3402 0.30395 0 388.08 -47.555 0.40196 0.017599 45822 4498 4978.8 0 0
2.29e+05 1.2863 0.13364 1.3473 -1.5513 0.32718 0 382.2 -35.044 0.40083 0.017603 45822 4497 4980 0 0
2.291e+05 1.2944 0.10688 1.3888 -1.2025 0.29686 0 377.56 -41.532 0.39971 0.017599 45822 4498 4981.2 0 0
2.292e+05 1.2286 0.12093 1.2951 -1.2174 0.33426 0 360.35 -40.104 0.39858 0.017595 45822 4499 4982.4 0 0
2.293e+05 1.2402 0.13758 1.2552 -1.504 0.32851 0 373.5 -36.615 0.39746 0.017592 45822 4500 4983.6 0 0
2.294e+05 1.2362 0.12368 1.2308 -1.3764 0.31605 0 364.36 -38.98 0.39633 0.017588 45822 4501 4985 0 0
2.295e+05 1.2616 0.13098 1.3121 -1.3056 0.32978 0 358.81 -36.408 0.39521 0.017588 45822 4501 4986.3 0 0
2.296e+05 1.1701 0.13723 1.1754 -1.3876 0.32654 0 373.63 -45.081 0.39409 0.017584 45822 4502 4987.5 0 0
2.297e+05 1.2243 0.12547 1.2745 -1.2761 0.3096 0 371.47 -39.338 0.39297 0.017588 45822 4501 4988.7 0 0
2.298e+05 1.2981 0.10668 1.3638 -1.2914 0.32555 0 371.81 -41.352 0.39185 0.017591 45822 4500 4989.9 0 0
2.299e+05 1.2835 0.12882 1.3478 -1.254 0.32981 0 389.54 -36.105 0.39073 0.017584 45823 4502 4991 0 0
2.3e+05 1.2646 0.12676 1.2894 -1.3791 0.31256 0 371.94 -36.987 0.38961 0.01758 45823 4503 4992.2 0 0
2.301e+05 1.2078 0.14195 1.2217 -1.1801 0.30718 0 402.26 -38.237 0.38849 0.017584 45823 4502 4993.3 0 0
2.302e+05 1.2407 0.12088 1.3184 -1.4073 0.32856 0 408.76 -38.876 0.38737 0.01758 45823 4503 4994.4 0 0
2.303e+05 1.2574 0.1129 1.3347 -1.4244 0.31081 0 388.34 -40.071 0.38625 0.017576 45823 4504 4995.6 0 0
2.304e+05 1.2683 0.12408 1.346 -1.176 0.31535 0 378.48 -37.321 0.38514 0.01758 45823 4503 4996.8 0 0
2.305e+05 1.3251 0.14407 1.3773 -1.5218 0.30646 0 401.25 -31.878 0.38402 0.017588 45823 4501 4997.9 0 0
2.306e+05 1.2799 0.13629 1.3472 -1.3097 0.31566 0 406.68 -34.376 0.3829 0.017596 45823 4499 4999.1 0 0
2.307e+05 1.3632 0.11893 1.4331 -1.2679 0.32157 0 394.47 -37.867 0.38178 0.017592 45823 4500 5000.2 0 0
2.308e+05 1.1989 0.12625 1.276 -1.3238 0.33259 0 388.41 -42.08 0.38066 0.017588 45823 4501 5001.2 0 0
2.309e+05 1.2336 0.13526 1.3275 -1.3684 0.30642 0 387.06 -36.625 0.37955 0.017584 45823 4502 5002.3 0 0
2.31e+05 1.1911 0.13487 1.2429 -1.2858 0.31556 0 382.3 -41.9 0.37843 0.017568 45823 4506 5003.5 0 0
2.311e+05 1.2155 0.14145 1.2813 -1.6212 0.31226 0 389.18 -37.162 0.37732 0.017568 45823 4506 5004.7 0 0
2.312e+05 1.1833 0.13764 1.1982 -1.4375 0.31864 0 377.77 -42.719 0.3762 0.017564 45823 4507 5005.9 0 0
2.313e+05 1.2775 0.12343 1.2868 -1.4892 0.34963 0 378.8 -36.985 0.37509 0.017568 45823 4506 5007.1 0 0
2.314e+05 1.2686 0.10963 1.3173 -1.2618 0.31089 0 372.47 -40.866 0.37397 0.017572 45823 4505 5008.3 0 0
2.315e+05 1.2947 0.11529 1.3622 -1.3582 0.3369 0 386.07 -38.509 0.37286 0.017568 45823 4506 5009.5 0 0
2.316e+05 1.2592 0.12352 1.3282 -1.309 0.32557 0 366.49 -36.859 0.37175 0.017576 45823 4504 5010.6 0 0
2.317e+05 1.2144 0.14497 1.314 -1.3655 0.31165 0 378.47 -36.455 0.37063 0.01758 45823 4503 5011.8 0 0
2.318e+05 1.2385 0.1433 1.3345 -1.4192 0.32825 0 386.05 -34.775 0.36952 0.01758 45823 4503 5013 0 0
2.319e+05 1.2444 0.099423 1.2975 -1.1075 0.31184 0 387.82 -45.369 0.36841 0.017568 45823 4506 5014.2 0 0
2.32e+05 1.2452 0.14787 1.2895 -1.5201 0.32506 0 373.75 -33.095 0.3673 0.017557 45823 4509 5015.4 0 0
2.321e+05 1.3043 0.10824 1.3301 -1.5671 0.31709 0 369.97 -40.684 0.36619 0.017557 45823 4509 5016.7 0 0
2.322e+05 1.229 0.08083 1.2477 -1.2081 0.30321 0 375.52 -49.931 0.36508 0.017549 45823 4511 5018.1 0 0
2.323e+05 1.2569 0.10737 1.3179 -1.4047 0.32247 0 385.69 -41.505 0.36397 0.017541 45823 4513 5019.4 0 0
2.324e+05 1.2611 0.1193 1.2906 -1.3553 0.31428 0 388.3 -37.633 0.36286 0.017537 45823 4514 5020.7 0 0
2.325e+05 1.2502 0.096819 1.271 -1.4065 0.30485 0 390 -45.805 0.36175 0.017541 45823 4513 5022 0 0
2.326e+05 1.2238 0.14109 1.3022 -1.4457 0.34165 0 402 -36.081 0.36064 0.017537 45823 4514 5023.2 0 0
2.327e+05 1.2465 0.084882 1.2752 -1.2295 0.33242 0 394.03 -49.494 0.35953 0.017537 45823 4514 5024.5 0 0
2.328e+05 1.2321 0.11342 1.2447 -1.1892 0.3227 0 350.58 -40.774 0.35843 0.017533 45823 4515 5025.8 0 0
2.329e+05 1.2104 0.11573 1.1741 -1.3789 0.32907 0 375.44 -42.38 0.35732 0.017525 45823 4517 5027.1 0 0
2.33e+05 1.2383 0.09837 1.2096 -1.2126 0.30851 0 364.61 -45.507 0.35621 0.017537 45823 4514 5028.4 0 0
2.331e+05 1.2628 0.098472 1.2694 -1.4442 0.32561 0 389.31 -44.255 0.35511 0.017541 45823 4513 5029.8 0 0
2.332e+05 1.2514 0.089278 1.3207 -1.1843 0.32078 0 372.38 -48.079 0.354 0.017533 45823 4515 5031.1 0 0
2.333e+05 1.2956 0.11839 1.2664 -1.3835 0.34266 0 400.47 -37.226 0.3529 0.017541 45823 4513 5032.4 0 0
2.334e+05 1.2604 0.11333 1.2685 -1.3535 0.28697 0 379.58 -38.945 0.35179 0.017541 45823 4513 5033.7 0 0
2.335e+05 1.2906 0.082847 1.31 -1.3139 0.33249 0 390.79 -49.363 0.35069 0.017525 45823 4517 5035.1 0 0
2.336e+05 1.2531 0.091766 1.364 -1.4856 0.33938 0 385.29 -46.843 0.34958 0.017522 45823 4518 5036.4 0 0
2.337e+05 1.2785 0.11971 1.285 -1.2179 0.33162 0 393.01 -37.234 0.34848 0.017525 45823 4517 5037.8 0 0
2.338e+05 1.2231 0.095404 1.3018 -1.3799 0.32296 0 381.14 -47.346 0.34738 0.017522 45823 4518 5039.2 0 0
2.339e+05 1.2802 0.10955 1.284 -1.2504 0.32649 0 383 -40.039 0.34628 0.017529 45823 4516 5040.5 0 0
2.34e+05 1.2738 0.090442 1.287 -1.3345 0.33001 0 400.05 -46.448 0.34517 0.017525 45823 4517 5041.8 0 0
2.341e+05 1.2515 0.093502 1.3114 -1.3498 0.30402 0 374.44 -46.015 0.34407 0.017506 45823 4522 5043.2 0 0
2.342e+05 1.2661 0.11394 1.2428 -1.4418 0.31231 0 400.77 -38.577 0.34297 0.017491 45823 4526 5044.5 0 0
2.343e+05 1.2216 0.11153 1.1943 -1.2734 0.31757 0 381.29 -41.957 0.34187 0.017491 45823 4526 5045.8 0 0
2.344e+05 1.2811 0.087716 1.3092 -1.1302 0.31116 0 372.02 -47.535 0.34077 0.017479 45823 4529 5047.2 0 0
2.345e+05 1.2523 0.095238 1.3208 -1.345 0.30402 0 375.23 -45.05 0.33967 0.017487 45823 4527 5048.6 0 0
2.346e+05 1.2768 0.093831 1.3754 -1.434 0.29609 0 386.8 -44.664 0.33857 0.017475 45823 4530 5049.9 0 0
2.347e+05 1.2034 0.099415 1.3017 -1.206 0.30575 0 364.78 -47.709 0.33748 0.017475 45823 4530 5051.2 0 0
2.348e+05 1.3121 0.1016 1.284 -1.2492 0.31321 0 407.18 -42.391 0.33638 0.017479 45823 4529 5052.6 0 0
2.349e+05 1.2986 0.10396 1.2755 -1.6325 0.31295 0 387.2 -41.403 0.33528 0.017471 45823 4531 5053.8 0 0
2.35e+05 1.267 0.11498 1.2762 -1.2759 0.34548 0 383.99 -38.109 0.33418 0.017467 45823 4532 5055.1 0 0
2.351e+05 1.2388 0.10979 1.2556 -1.3028 0.30073 0 352.79 -40.642 0.33309 0.017464 45823 4533 5056.3 0 0
2.352e+05 1.2401 0.14075 1.2495 -1.2229 0.35053 0 356.55 -34.999 0.33199 0.01746 45823 4534 5057.5 0 0
2.353e+05 1.1794 0.15195 1.1905 -1.4788 0.34409 0 360.14 -36.998 0.33089 0.017464 45823 4533 5058.8 0 0
2.354e+05 1.2136 0.1332 1.2761 -1.1942 0.32496 0 385.67 -38.281 0.3298 0.017464 45823 4533 5060 0 0
2.355e+05 1.3102 0.14088 1.3315 -1.3303 0.30065 0 369.66 -32.424 0.32871 0.01746 45823 4534 5061.1 0 0
2.356e+05 1.3038 0.12584 1.4212 -1.1906 0.3081 0 378.28 -35.47 0.32761 0.017456 45823 4535 5062.2 0 0
2.357e+05 1.2744 0.14733 1.3621 -1.4522 0.32398 0 390.08 -31.786 0.32652 0.017467 45823 4532 5063.3 0 0
2.358e+05 1.3392 0.12748 1.4022 -1.6278 0.32522 0 391.28 -35.243 0.32542 0.017464 45823 4533 5064.4 0 0
2.359e+05 1.2827 0.12146 1.2907 -1.1443 0.33566 0 375.4 -36.498 0.32433 0.017467 45823 4532 5065.5 0 0
2.36e+05 1.3494 0.13507 1.4021 -1.2204 0.31333 0 358.94 -33.794 0.32324 0.017464 45823 4533 5066.7 0 0
2.361e+05 1.3245 0.1078 1.3947 -1.3662 0.29566 0 349.41 -39.819 0.32215 0.01746 45823 4534 5067.9 0 0
2.362e+05 1.2994 0.15052 1.3852 -1.4622 0.30599 0 382.29 -30.125 0.32105 0.017456 45823 4535 5069.1 0 0
2.363e+05 1.313 0.10534 1.4321 -1.0606 0.3455 0 372.96 -40.807 0.31996 0.01746 45823 4534 5070.3 0 0
2.364e+05 1.3083 0.15761 1.2917 -1.5013 0.29731 0 363.25 -28.164 0.31887 0.01746 45823 4534 5071.3 0 0
2.365e+05 1.3583 0.13049 1.3404 -1.3095 0.32968 0 363.69 -34.907 0.31778 0.01746 45823 4534 5072.4 0 0
2.366e+05 1.2809 0.14723 1.4052 -1.3854 0.34628 0 355.56 -31.224 0.31669 0.01746 45823 4534 5073.5 0 0
2.367e+05 1.3232 0.14913 1.4283 -1.1931 0.30892 0 358.85 -30.559 0.31561 0.017464 45823 4533 5074.6 0 0
2.368e+05 1.3879 0.1072 1.5297 -1.327 0.30886 0 340.68 -42.914 0.31452 0.017471 45823 4531 5075.7 0 0
2.369e+05 1.3068 0.1322 1.3482 -1.4031 0.31781 0 355.84 -33.922 0.31343 0.017471 45823 4531 5076.8 0 0
2.37e+05 1.3195 0.15234 1.418 -1.4082 0.30755 0 358 -29.848 0.31234 0.017475 45823 4530 5077.9 0 0
2.371e+05 1.2306 0.13229 1.2432 -1.3922 0.31345 0 365.27 -36.544 0.31125 0.017475 45823 4530 5079 0 0
2.372e+05 1.2145 0.14297 1.268 -1.2634 0.31676 0 364.92 -36.614 0.31017 0.017471 45823 4531 5080.1 0 0
2.373e+05 1.3341 0.11831 1.331 -1.4154 0.32012 0 366.15 -37.011 0.30908 0.017467 45823 4532 5081.2 0 0
2.374e+05 1.3207 0.161 1.3006 -1.3774 0.34665 0 360.51 -27.344 0.30799 0.017471 45823 4531 5082.3 0 0
2.375e+05 1.3182 0.12568 1.3609 -1.2635 0.31581 0 329.77 -35.057 0.30691 0.017475 45823 4530 5083.3 0 0
2.376e+05 1.2627 0.14635 1.3221 -1.4229 0.32739 0 365.34 -32.024 0.30582 0.017467 45823 4532 5084.4 0 0
2.377e+05 1.3294 0.13475 1.3813 -1.5445 0.29921 0 365.53 -32.71 0.30474 0.01746 45823 4534 5085.6 0 0
2.378e+05 1.2903 0.12302 1.3811 -1.145 0.30894 0 360.66 -35.163 0.30366 0.01746 45823 4534 5086.7 0 0
2.379e+05 1.2507 0.10713 1.2162 -1.1719 0.29546 0 364.01 -40.438 0.30257 0.017464 45823 4533 5087.7 0 0
2.38e+05 1.2398 0.13603 1.3241 -1.0976 0.31479 0 369.01 -35.023 0.30149 0.01746 45823 4534 5088.9 0 0
2.381e+05 1.2622 0.13616 1.2451 -1.3233 0.31696 0 367.84 -33.312 0.3004 0.017464 45823 4533 5090 0 0
2.382e+05 1.2333 0.12924 1.3234 -1.2389 0.32353 0 392.57 -36.48 0.29932 0.017464 45823 4533 5091.1 0 0
2.383e+05 1.1853 0.11095 1.2145 -1.6408 0.30794 0 375.94 -46.987 0.29824 0.017452 45823 4536 5092.2 0 0
2.384e+05 1.1798 0.15082 1.2241 -1.3801 0.32962 0 394.26 -37.511 0.29716 0.017456 45823 4535 5093.4 0 0
2.385e+05 1.2639 0.12133 1.3113 -1.3443 0.32055 0 338.13 -36.191 0.29608 0.01746 45823 4534 5094.6 0 0
2.386e+05 1.2575 0.13506 1.2974 -1.1922 0.33825 0 350.42 -33.472 0.295 0.017456 45823 4535 5095.8 0 0
2.387e+05 1.2017 0.14777 1.2833 -1.4902 0.33235 0 358.07 -36.279 0.29392 0.017456 45823 4535 5097.1 0 0
2.388e+05 1.1967 0.13486 1.2413 -1.1292 0.35332 0 359.5 -40.064 0.29284 0.017464 45823 4533 5098.3 0 0
2.389e+05 1.1984 0.1544 1.2574 -1.1047 0.30211 0 371.27 -34.086 0.29176 0.017464 45823 4533 5099.5 0 0
2.39e+05 1.239 0.14399 1.2708 -1.3518 0.30944 0 352.79 -33.505 0.29068 0.017452 45823 4536 5100.6 0 0
2.391e+05 1.1875 0.14813 1.3142 -1.2013 0.34251 0 345.85 -37.516 0.2896 0.017448 45823 4537 5101.9 0 0
2.392e+05 1.1858 0.13213 1.2794 -1.1781 0.32149 0 359.74 -42.271 0.28852 0.017456 45823 4535 5103.1 0 0
2.393e+05 1.2252 0.12601 1.2393 -0.91345 0.32561 0 363.72 -37.644 0.28745 0.017448 45823 4537 5104.1 0 0
2.394e+05 1.1703 0.14191 1.247 -1.4073 0.32239 0 382.3 -43.317 0.28637 0.017456 45823 4535 5105.2 0 0
2.395e+05 1.2473 0.13224 1.2858 -0.97546 0.33859 0 361.85 -34.671 0.2853 0.017429 45823 4542 5106.4 0 0
2.396e+05 1.2618 0.14293 1.242 -1.2447 0.32445 0 362.66 -32.049 0.28422 0.017433 45823 4541 5107.4 0 0
2.397e+05 1.2025 0.14199 1.2858 -1.0715 0.309 0 369.19 -37.22 0.28314 0.017421 45823 4544 5108.5 0 0
2.398e+05 1.2125 0.13582 1.2118 -1.2799 0.31562 0 348.62 -37.024 0.28207 0.01741 45823 4547 5109.7 0 0
2.399e+05 1.3046 0.13976 1.3542 -1.2512 0.30779 0 355.42 -31.5 0.28099 0.017402 45823 4549 5110.7 0 0
2.4e+05 1.2684 0.15303 1.2587 -1.3007 0.32185 0 354.35 -29.157 0.27992 0.017425 45823 4543 5111.8 0 0
2.401e+05 1.3128 0.14955 1.2787 -1.3522 0.31543 0 372.49 -29.773 0.27885 0.017421 45823 4544 5112.9 0 0
2.402e+05 1.2454 0.14206 1.252 -1.4774 0.3096 0 378.47 -32.863 0.27777 0.017417 45823 4545 5114 0 0
2.403e+05 1.2713 0.12886 1.3509 -1.1348 0.32696 0 377.46 -34.022 0.2767 0.017417 45823 4545 5115.1 0 0
2.404e+05 1.235 0.13729 1.3138 -1.2592 0.28708 0 387.16 -34.31 0.27563 0.017417 45823 4545 5116.2 0 0
2.405e+05 1.2496 0.12411 1.3128 -1.0976 0.31963 0 366.87 -35.833 0.27456 0.017429 45823 4542 5117.3 0 0
2.406e+05 1.3545 0.13098 1.3958 -1.3066 0.32405 0 356.42 -34.451 0.27349 0.017429 45823 4542 5118.5 0 0
2.407e+05 1.2978 0.10121 1.2487 -1.2373 0.31372 0 362.89 -42.079 0.27242 0.017421 45823 4544 5119.6 0 0
2.408e+05 1.3182 0.14027 1.3062 -1.318 0.31282 0 383.57 -31.437 0.27135 0.017421 45823 4544 5120.7 0 0
2.409e+05 1.2842 0.12027 1.2993 -1.3241 0.3217 0 361.87 -35.709 0.27028 0.017414 45823 4546 5121.7 0 0
2.41e+05 1.2979 0.13872 1.3025 -1.1952 0.32521 0 377.8 -31.321 0.26921 0.017417 45823 4545 5122.7 0 0
2.411e+05 1.2758 0.13276 1.2658 -1.342 0.30859 0 377.64 -32.946 0.26814 0.017444 45823 4538 5123.8 0 0
2.412e+05 1.3221 0.16766 1.3455 -1.1679 0.29373 0 364.58 -24.256 0.26708 0.017444 45823 4538 5124.8 0 0
2.413e+05 1.2219 0.10865 1.2175 -1.1825 0.30849 0 346.09 -42.464 0.26601 0.017448 45823 4537 5125.9 0 0
2.414e+05 1.1561 0.1237 1.2217 -1.1166 0.31072 0 382.01 -48.068 0.26494 0.01744 45823 4539 5127 0 0
2.415e+05 1.2717 0.14559 1.2327 -1.1866 0.30288 0 375.67 -30.427 0.26388 0.01744 45823 4539 5128.1 0 0
2.416e+05 1.2374 0.15466 1.3029 -0.93751 0.31565 0 384.98 -29.161 0.26281 0.017448 45823 4537 5129.2 0 0
2.417e+05 1.2846 0.14648 1.2833 -1.2543 0.30333 0 370.69 -30.017 0.26175 0.017437 45823 4540 5130.2 0 0
2.418e+05 1.2347 0.14279 1.2795 -1.1617 0.30921 0 381.85 -33.04 0.26068 0.017437 45824 4540 5131.3 0 0
2.419e+05 1.2621 0.11881 1.3016 -1.2329 0.31147 0 366.6 -36.461 0.25962 0.017421 45824 4544 5132.3 0 0
2.42e+05 1.2398 0.10766 1.2899 -1.4454 0.294 0 369.16 -40.956 0.25856 0.017425 45824 4543 5133.5 0 0
2.421e+05 1.3 0.16467 1.2939 -1.1411 0.31811 0 376.84 -25.141 0.25749 0.017421 45824 4544 5134.5 0 0
2.422e+05 1.3386 0.13124 1.2707 -1.4458 0.33077 0 385.47 -33.668 0.25643 0.017417 45824 4545 5135.6 0 0
2.423e+05 1.3905 0.1345 1.4341 -1.0467 0.32022 0 385.99 -35.454 0.25537 0.017417 45824 4545 5136.7 0 0
2.424e+05 1.3177 0.15556 1.3635 -1.099 0.30196 0 370.03 -28.366 0.2543 0.017417 45824 4545 5137.8 0 0
2.425e+05 1.2538 0.16083 1.3147 -1.188 0.34003 0 365.78 -25.759 0.25324 0.017421 45824 4544 5138.9 0 0
2.426e+05 1.2916 0.12309 1.2849 -0.98128 0.33046 0 386.98 -34.367 0.25218 0.017414 45824 4546 5140.1 0 0
2.427e+05 1.3379 0.11555 1.3899 -1.0379 0.31458 0 375.35 -37.406 0.25111 0.01741 45824 4547 5141.2 0 0
2.428e+05 1.3882 0.149 1.4091 -1.2332 0.32141 0 382.64 -31.585 0.25005 0.017406 45824 4548 5142.3 0 0
2.429e+05 1.2206 0.15145 1.3055 -1.1478 0.30061 0 397.5 -31.864 0.24899 0.017414 45824 4546 5143.3 0 0
2.43e+05 1.2145 0.1345 1.2324 -1.1029 0.31593 0 411.98 -36.391 0.24793 0.017414 45824 4546 5144.5 0 0
2.431e+05 1.1795 0.11957 1.3015 -1.2805 0.31399 0 379.24 -45.476 0.24687 0.01741 45824 4547 5145.6 0 0
2.432e+05 1.216 0.13975 1.3516 -1.064 0.30011 0 360.47 -35.132 0.24581 0.017417 45824 4545 5146.8 0 0
2.433e+05 1.2521 0.12732 1.3029 -1.0899 0.30158 0 384.76 -34.335 0.24475 0.017421 45824 4544 5148 0 0
2.434e+05 1.2454 0.15118 1.3025 -1.2081 0.32971 0 383.48 -30.016 0.24369 0.017425 45824 4543 5149.1 0 0
2.435e+05 1.2018 0.12915 1.206 -1.2006 0.3202 0 389.48 -39.225 0.24263 0.017425 45824 4543 5150.4 0 0
2.436e+05 1.1489 0.11889 1.2255 -1.2115 0.34282 0 389.32 -49.22 0.24158 0.017421 45824 4544 5151.6 0 0
2.437e+05 1.1323 0.15412 1.2264 -1.2498 0.31439 0 390.41 -46.997 0.24052 0.017429 45824 4542 5152.9 0 0
2.438e+05 1.2407 0.13532 1.2571 -1.2395 0.32959 0 402.56 -33.264 0.23947 0.017425 45824 4543 5154.1 0 0
2.439e+05 1.1729 0.12961 1.1791 -1.4119 0.31677 0 388.8 -44.398 0.23841 0.017413 45824 4546 5155.3 0 0
2.44e+05 1.2883 0.15178 1.3296 -0.95848 0.30372 0 377.07 -28.601 0.23737 0.017417 45824 4545 5156.6 0 0
2.441e+05 1.245 0.13811 1.2707 -1.087 0.3351 0 394.56 -32.386 0.23631 0.017421 45825 4544 5157.8 0 0
2.442e+05 1.1885 0.14185 1.2186 -1.1698 0.32168 0 404.36 -38.612 0.23526 0.017425 45825 4543 5158.9 0 0
2.443e+05 1.1689 0.14732 1.2339 -1.4065 0.33759 0 396.64 -40.621 0.23422 0.017429 45825 4542 5160 0 0
2.444e+05 1.2345 0.15215 1.2978 -1.3563 0.30204 0 398.52 -29.756 0.23317 0.017421 45825 4544 5161.1 0 0
2.445e+05 1.1547 0.13228 1.1913 -1.2663 0.33347 0 398.23 -46.744 0.23212 0.01741 45826 4547 5162.3 0 0
2.446e+05 1.2736 0.12782 1.3298 -1.2492 0.30151 0 402.76 -33.541 0.23107 0.017402 45826 4549 5163.5 0 0
2.447e+05 1.1643 0.1498 1.2658 -1.3968 0.32242 0 416.51 -40.67 0.23001 0.017406 45826 4548 5164.7 0 0
2.448e+05 1.2231 0.14942 1.2907 -1.3003 0.32445 0 360.17 -31.708 0.22896 0.01741 45826 4547 5165.9 0 0
2.449e+05 1.1607 0.15025 1.189 -1.4922 0.30222 0 380.4 -41.544 0.22791 0.01741 45826 4547 5167.2 0 0
2.45e+05 1.1441 0.1454 1.2 -1.1535 0.29808 0 370.05 -46.832 0.22686 0.01741 45826 4547 5168.5 0 0
2.451e+05 1.1428 0.12738 1.165 -1.2492 0.3085 0 383.39 -48.799 0.22581 0.017406 45826 4548 5169.9 0 0
2.452e+05 1.1742 0.12099 1.2022 -1.201 0.31805 0 388.42 -45.457 0.22476 0.017386 45826 4553 5171.3 0 0
2.453e+05 1.1426 0.16014 1.1733 -0.9846 0.31706 0 387.68 -41.682 0.22371 0.017375 45826 4556 5172.7 0 0
2.454e+05 1.1206 0.12648 1.2708 -1.4007 0.33379 0 383.21 -49.889 0.22266 0.017367 45826 4558 5174.1 0 0
2.455e+05 1.1905 0.10651 1.2115 -1.0244 0.31016 0 362.56 -47.193 0.22161 0.01736 45826 4560 5175.5 0 0
2.456e+05 1.1256 0.12884 1.1177 -1.2896 0.30908 0 374.92 -49.671 0.22057 0.01736 45826 4560 5176.9 0 0
2.457e+05 1.1277 0.14984 1.1535 -1.0304 0.32632 0 356.93 -48.24 0.21952 0.017341 45826 4565 5178.4 0 0
2.458e+05 1.1608 0.13452 1.2193 -1.09 0.33109 0 386.43 -44.514 0.21847 0.017322 45826 4570 5179.9 0 0
2.459e+05 1.1008 0.14019 1.1814 -1.1852 0.32868 0 378.08 -49.813 0.21743 0.017295 45826 4577 5181.3 0 0
2.46e+05 1.1187 0.14214 1.1855 -1.1414 0.30431 0 378.26 -49.081 0.21638 0.017269 45826 4584 5182.8 0 0
2.461e+05 1.0992 0.12452 1.1431 -1.4145 0.32872 0 371.86 -49.882 0.21533 0.017254 45826 4588 5184.3 0 0
2.462e+05 1.0897 0.15887 1.2539 -1.3176 0.3297 0 379.75 -49.747 0.21429 0.017242 45826 4591 5185.8 0 0
2.463e+05 1.0892 0.15651 1.2682 -1.2693 0.30696 0 384.66 -49.632 0.21324 0.017227 45826 4595 5187.3 0 0
2.464e+05 1.1349 0.13911 1.252 -1.4964 0.29455 0 408.02 -47.716 0.21219 0.017212 45826 4599 5188.8 0 0
2.465e+05 1.1013 0.16117 1.2824 -1.2864 0.30977 0 379.15 -48.711 0.21115 0.017209 45826 4600 5190.3 0 0
2.466e+05 1.1173 0.14692 1.2452 -1.423 0.32813 0 396.71 -48.442 0.2101 0.017201 45826 4602 5191.8 0 0
2.467e+05 1.1313 0.14633 1.1967 -1.3431 0.32156 0 376.7 -47.22 0.20906 0.017198 45827 4603 5193.3 0 0
2.468e+05 1.1293 0.12744 1.2172 -1.4505 0.31841 0 373.57 -48.865 0.20802 0.017186 45827 4606 5194.8 0 0
2.469e+05 1.1436 0.14825 1.2468 -1.2307 0.31025 0 387.82 -45.325 0.20698 0.017172 45827 4610 5196.2 0 0
2.47e+05 1.0815 0.16954 1.2564 -1.4462 0.32277 0 409.29 -48.387 0.20594 0.017168 45827 4611 5197.8 0 0
2.471e+05 1.1352 0.1125 1.1913 -1.1901 0.30615 0 408.82 -49.802 0.20489 0.017149 45827 4616 5199.3 0 0
2.472e+05 1.135 0.14507 1.2788 -1.548 0.32628 0 396.82 -46.737 0.20385 0.017131 45827 4621 5200.8 0 0
2.473e+05 1.1564 0.15132 1.2634 -1.5689 0.31961 0 383.84 -42.251 0.20281 0.017135 45827 4620 5202.3 0 0
2.474e+05 1.0938 0.14393 1.1836 -1.4705 0.31161 0 417.97 -49.161 0.20177 0.017116 45827 4625 5203.8 0 0
2.475e+05 1.1405 0.1423 1.1426 -1.3411 0.36322 0 375.91 -46.412 0.20072 0.01712 45827 4624 5205.2 0 0
2.476e+05 1.1186 0.14428 1.2226 -1.2746 0.31448 0 371.81 -47.528 0.19968 0.017112 45827 4626 5206.7 0 0
2.477e+05 1.1455 0.1218 1.1354 -1.3515 0.31414 0 384.6 -48.318 0.19864 0.017109 45827 4627 5208.1 0 0
2.478e+05 1.1554 0.1129 1.1216 -1.1738 0.32796 0 379.07 -48.947 0.1976 0.017098 45827 4630 5209.6 0 0
2.479e+05 1.1371 0.12201 1.2391 -1.2244 0.31407 0 385.84 -48.372 0.19656 0.017083 45827 4634 5211.1 0 0
2.48e+05 1.1077 0.12957 1.1442 -1.1629 0.31338 0 384.29 -48.717 0.19552 0.017072 45827 4637 5212.6 0 0
2.481e+05 1.1309 0.15154 1.167 -1.2221 0.31299 0 368.78 -45.981 0.19448 0.017057 45827 4641 5214 0 0
2.482e+05 1.076 0.15274 1.089 -1.5305 0.32413 0 386.46 -49.512 0.19345 0.017064 45827 4639 5215.4 0 0
2.483e+05 1.1197 0.15821 1.1914 -1.1536 0.31117 0 374.17 -46.467 0.19241 0.017064 45827 4639 5216.9 0 0
2.484e+05 1.1325 0.157 1.2041 -1.2454 0.31671 0 375.12 -44.457 0.19137 0.017057 45827 4641 5218.4 0 0
2.485e+05 1.1294 0.14811 1.2358 -1.1051 0.33301 0 385.16 -45.899 0.19033 0.017061 45827 4640 5219.8 0 0
2.486e+05 1.1139 0.14075 1.173 -1.301 0.30742 0 406.51 -47.336 0.1893 0.017072 45827 4637 5221.2 0 0
2.487e+05 1.1462 0.12386 1.188 -1.4438 0.31644 0 376.18 -47.453 0.18826 0.017075 45827 4636 5222.6 0 0
2.488e+05 1.1671 0.14213 1.2055 -1.2908 0.30377 0 377.98 -41.781 0.18722 0.017068 45827 4638 5224.1 0 0
2.489e+05 1.1093 0.15557 1.2138 -1.263 0.31454 0 374.28 -47.565 0.18619 0.017068 45827 4638 5225.6 0 0
2.49e+05 1.101 0.135 1.2225 -1.1049 0.32209 0 374.04 -48.333 0.18515 0.017068 45827 4638 5227.1 0 0
2.491e+05 1.1299 0.15675 1.1925 -1.1106 0.32156 0 357.81 -44.692 0.18412 0.017068 45827 4638 5228.5 0 0
2.492e+05 1.1354 0.12376 1.2314 -1.4218 0.30181 0 357.78 -47.679 0.18308 0.017075 45827 4636 5230 0 0
2.493e+05 1.1386 0.12167 1.1753 -1.2559 0.30113 0 371.32 -47.945 0.18205 0.017075 45827 4636 5231.5 0 0
2.494e+05 1.0842 0.14857 1.2212 -1.3546 0.31584 0 388.56 -48.818 0.18102 0.017064 45827 4639 5233 0 0
2.495e+05 1.1406 0.12538 1.1807 -1.205 0.31662 0 374.7 -47.107 0.17998 0.017072 45827 4637 5234.5 0 0
2.496e+05 1.147 0.11107 1.1836 -1.4131 0.32743 0 397.57 -49.183 0.17895 0.017068 45827 4638 5236 0 0
2.497e+05 1.1342 0.12928 1.2604 -1.5426 0.30734 0 375.61 -46.693 0.17792 0.017064 45827 4639 5237.5 0 0
2.498e+05 1.1296 0.14994 1.2739 -1.5609 0.33371 0 384.56 -45.276 0.17689 0.017061 45827 4640 5239 0 0
2.499e+05 1.097 0.1388 1.3126 -1.416 0.30834 0 375.39 -47.954 0.17586 0.017064 45827 4639 5240.5 0 0
2.5e+05 1.0788 0.15218 1.2663 -1.3391 0.33388 0 380.8 -49.054 0.17483 0.017064 45827 4639 5242 0 0
2.501e+05 1.13 0.15777 1.193 -1.2603 0.31602 0 371.22 -44.188 0.1738 0.017068 45827 4638 5243.4 0 0
2.502e+05 1.1184 0.16666 1.2099 -1.3748 0.31277 0 390.73 -43.137 0.17278 0.017064 45827 4639 5244.9 0 0
2.503e+05 1.0873 0.16297 1.2747 -1.4754 0.34908 0 371.02 -48.283 0.17175 0.017057 45827 4641 5246.3 0 0
2.504e+05 1.0812 0.17182 1.2121 -1.4171 0.32908 0 373.26 -47.207 0.17072 0.017046 45828 4644 5247.8 0 0
2.505e+05 1.0709 0.16556 1.2356 -1.2705 0.29519 0 393.89 -49.363 0.16969 0.017028 45828 4649 5249.2 0 0
2.506e+05 1.1013 0.15707 1.2482 -1.37 0.29603 0 376.68 -46.974 0.16866 0.017013 45828 4653 5250.7 0 0
2.507e+05 1.1135 0.14328 1.1901 -1.2439 0.29833 0 379.35 -46.153 0.16764 0.017009 45828 4654 5252.2 0 0
2.508e+05 1.1296 0.14172 1.2318 -1.1706 0.32283 0 368.92 -45.26 0.16662 0.017002 45828 4656 5253.7 0 0
2.509e+05 1.1194 0.14156 1.1913 -1.1192 0.31154 0 380.54 -45.87 0.1656 0.017002 45828 4656 5255.2 0 0
2.51e+05 1.0944 0.14297 1.2534 -1.3012 0.30955 0 402.83 -47.396 0.16458 0.017006 45828 4655 5256.7 0 0
2.511e+05 1.0799 0.14159 1.2305 -1.2609 0.30416 0 398.05 -48.551 0.16357 0.016995 45829 4658 5258.1 0 0
2.512e+05 1.0681 0.17403 1.318 -1.2555 0.31609 0 404.28 -47.851 0.16256 0.01698 45830 4662 5259.6 0 0
2.513e+05 1.0569 0.17045 1.2466 -1.197 0.33375 0 369.77 -49.352 0.16155 0.016962 45830 4667 5261.1 0 0
2.514e+05 1.0537 0.16 1.2468 -1.1059 0.35895 0 391.01 -49.664 0.16052 0.016926 45830 4677 5262.5 0 0
2.515e+05 1.1152 0.17186 1.3181 -1.2425 0.30578 0 382.83 -40.148 0.1595 0.016915 45830 4680 5263.9 0 0
2.516e+05 1.0784 0.17853 1.2228 -1.1023 0.30111 0 378.84 -43.682 0.15848 0.016915 45830 4680 5265.4 0 0
2.517e+05 1.0619 0.15177 1.2894 -1.3232 0.32518 0 401.66 -48.943 0.15748 0.016908 45831 4682 5266.9 0 0
2.518e+05 1.073 0.15858 1.1854 -1.216 0.30802 0 363.55 -48.222 0.15647 0.016908 45832 4682 5268.4 0 0
2.519e+05 1.1262 0.15516 1.2147 -1.0167 0.30947 0 387.44 -44.444 0.15547 0.016908 45833 4682 5269.9 0 0
2.52e+05 1.0801 0.13497 1.1575 -1.1678 0.31028 0 380.97 -48.678 0.15446 0.016901 45833 4684 5271.4 0 0
2.521e+05 1.1618 0.14087 1.1894 -1.2085 0.31909 0 384.85 -42.639 0.15346 0.016901 45834 4684 5272.9 0 0
2.522e+05 1.1543 0.13306 1.2032 -1.3433 0.32792 0 390.91 -44.301 0.15245 0.016905 45834 4683 5274.3 0 0
2.523e+05 1.1045 0.14473 1.2567 -1.2823 0.33174 0 390.61 -45.992 0.15144 0.016911 45835 4681 5275.8 0 0
2.524e+05 1.0422 0.15226 1.2366 -1.282 0.33821 0 364.76 -49.819 0.15046 0.016911 45836 4681 5277.3 0 0
2.525e+05 1.113 0.15714 1.2821 -1.121 0.31524 0 387.1 -45.107 0.14948 0.016908 45837 4682 5278.8 0 0
2.526e+05 1.1311 0.14824 1.268 -1.3301 0.30545 0 386.53 -44.177 0.1485 0.016915 45839 4680 5280.2 0 0
2.527e+05 1.1254 0.15998 1.2327 -1.3549 0.34157 0 385.01 -43.787 0.1475 0.016901 45839 4684 5281.6 0 0
2.528e+05 1.1233 0.13511 1.2162 -1.3708 0.3203 0 360.87 -45.87 0.14649 0.016897 45839 4685 5283.1 0 0
2.529e+05 1.1106 0.14587 1.1386 -1.0835 0.32224 0 375.1 -45.247 0.14547 0.016894 45840 4686 5284.5 0 0
2.53e+05 1.0781 0.17498 1.2299 -1.0903 0.31801 0 372.97 -45.388 0.14445 0.016883 45840 4689 5286 0 0
2.531e+05 1.1086 0.1711 1.2492 -1.2503 0.32178 0 384.85 -41.768 0.14344 0.016883 45840 4689 5287.4 0 0
2.532e+05 1.1057 0.13033 1.251 -1.1689 0.31206 0 377.06 -47.013 0.14243 0.016883 45840 4689 5288.8 0 0
2.533e+05 1.0704 0.14989 1.2418 -1.2231 0.32204 0 378.19 -47.849 0.14143 0.016879 45841 4691 5290.2 0 0
2.534e+05 1.0713 0.12429 1.185 -1.3176 0.30105 0 379.81 -49.675 0.14043 0.016876 45841 4692 5291.7 0 0
2.535e+05 1.1123 0.14636 1.2227 -1.4235 0.31394 0 378.05 -44.798 0.13941 0.016873 45841 4693 5293.1 0 0
2.536e+05 1.1312 0.16181 1.2685 -1.4473 0.32683 0 373.54 -41.991 0.13844 0.016866 45843 4695 5294.6 0 0
2.537e+05 1.0988 0.15188 1.1997 -1.2579 0.33993 0 394.01 -45.157 0.13747 0.016865 45844 4695 5296 0 0
2.538e+05 1.0679 0.14546 1.156 -1.3157 0.35297 0 371.14 -48.103 0.13651 0.016848 45846 4699 5297.5 0 0
2.539e+05 1.0832 0.14599 1.1829 -1.4184 0.3128 0 391.76 -46.794 0.13555 0.016848 45848 4699 5299 0 0
2.54e+05 1.0974 0.14075 1.1902 -1.1254 0.33731 0 385.97 -46.014 0.13464 0.016844 45851 4700 5300.4 0 0
2.541e+05 1.0822 0.1599 1.233 -1.2427 0.31734 0 357.26 -46.099 0.13375 0.016841 45855 4701 5301.8 0 0
2.542e+05 1.1386 0.15745 1.2656 -1.2767 0.3358 0 397.02 -42.061 0.13275 0.016837 45855 4702 5303.3 0 0
2.543e+05 1.1092 0.16526 1.2001 -1.3744 0.30181 0 395.19 -43.035 0.13186 0.016838 45859 4702 5304.6 0 0
2.544e+05 1.076 0.15545 1.1618 -1.2659 0.31385 0 393.32 -46.678 0.13098 0.016838 45863 4702 5306 0 0
2.545e+05 1.1013 0.17385 1.2181 -1.3862 0.32708 0 397.66 -41.038 0.1301 0.016833 45867 4703 5307.4 0 0
2.546e+05 1.0737 0.15843 1.1799 -1.5404 0.32862 0 398.04 -46.723 0.12935 0.016825 45873 4705 5308.9 0 0
2.547e+05 1.1047 0.14306 1.128 -1.3202 0.32496 0 380.93 -44.892 0.12839 0.016825 45875 4705 5310.3 0 0
2.548e+05 1.1113 0.15939 1.1631 -1.2842 0.34505 0 365.19 -43.458 0.12743 0.016825 45877 4705 5311.7 0 0
2.549e+05 1.0655 0.16066 1.2092 -1.3093 0.3126 0 375.62 -47.576 0.12651 0.016825 45880 4705 5313.1 0 0
2.55e+05 1.0804 0.15133 1.1316 -1.3296 0.33626 0 411.47 -46.18 0.1257 0.016822 45886 4706 5314.5 0 0
2.551e+05 1.0986 0.17031 1.2781 -1.3984 0.31971 0 356.77 -42.405 0.12473 0.016818 45887 4707 5315.9 0 0
2.552e+05 1.1195 0.14422 1.2342 -1.4279 0.31129 0 378.59 -44.184 0.12373 0.016815 45887 4708 5317.2 0 0
2.553e+05 1.1133 0.15287 1.1545 -1.3994 0.32896 0 378.42 -43.589 0.12273 0.016822 45887 4706 5318.6 0 0
2.554e+05 1.0794 0.13491 1.1695 -1.5243 0.32647 0 404.4 -48.124 0.12173 0.016826 45888 4705 5320.1 0 0
2.555e+05 1.1174 0.14921 1.2964 -1.2372 0.3078 0 377.89 -43.456 0.12072 0.016815 45888 4708 5321.5 0 0
2.556e+05 1.1322 0.15775 1.2448 -1.3774 0.31271 0 386.79 -41.985 0.11972 0.016818 45888 4707 5322.9 0 0
2.557e+05 1.0979 0.14291 1.2322 -1.2023 0.30158 0 360.71 -45.005 0.11872 0.016811 45888 4709 5324.3 0 0
2.558e+05 1.0771 0.15192 1.207 -1.1893 0.33291 0 380.44 -46.052 0.11771 0.016804 45888 4711 5325.7 0 0
2.559e+05 1.1084 0.16662 1.2239 -1.2903 0.29401 0 367.73 -41.969 0.11674 0.0168 45890 4712 5327.1 0 0
2.56e+05 1.1103 0.15519 1.201 -1.4456 0.33054 0 369.36 -43.026 0.11599 0.016804 45897 4709 5328.5 0 0
2.561e+05 1.0891 0.13692 1.22 -1.2125 0.31652 0 371.11 -46.707 0.11499 0.016783 45897 4715 5329.9 0 0
2.562e+05 1.0356 0.18131 1.2423 -1.3388 0.30041 0 372 -48.874 0.11409 0.016791 45901 4713 5331.3 0 0
2.563e+05 1.0468 0.17671 1.2208 -1.3872 0.31219 0 368.33 -48.46 0.11313 0.016797 45903 4711 5332.8 0 0
2.564e+05 1.0523 0.15873 1.1864 -1.2452 0.30971 0 390.66 -48.531 0.11218 0.016797 45904 4711 5334.2 0 0
2.565e+05 1.0406 0.1716 1.2121 -1.1667 0.35062 0 368.93 -49.041 0.11119 0.01679 45905 4713 5335.6 0 0
2.566e+05 1.069 0.15876 1.2104 -1.327 0.32315 0 388.59 -46.411 0.11019 0.016786 45905 4714 5337 0 0
2.567e+05 1.0926 0.1583 1.2097 -1.2593 0.31387 0 400.45 -43.962 0.1092 0.016786 45906 4714 5338.4 0 0
2.568e+05 1.088 0.16561 1.1936 -1.1447 0.32184 0 399.68 -43.736 0.10823 0.016786 45907 4714 5339.9 0 0
2.569e+05 1.1201 0.14613 1.1941 -1.3794 0.30954 0 408.32 -43.483 0.10754 0.016785 45914 4714 5341.3 0 0
2.57e+05 1.0574 0.17083 1.1862 -1.5534 0.32548 0 409.09 -47.005 0.10675 0.016774 45918 4713 5342.7 0 0
2.571e+05 1.062 0.16372 1.2469 -1.334 0.30691 0 392.64 -46.763 0.1058 0.016778 45920 4712 5344.2 0 0
2.572e+05 1.0437 0.15219 1.1185 -1.2322 0.31102 0 385.06 -49.308 0.10488 0.01677 45923 4714 5345.7 0 0
2.573e+05 1.0427 0.16203 1.1587 -1.3846 0.30396 0 394.61 -48.787 0.1039 0.016757 45924 4718 5347.1 0 0
2.574e+05 1.039 0.13081 1.1585 -1.1764 0.31951 0 397.56 -49.921 0.10291 0.016743 45924 4722 5348.7 0 0
2.575e+05 1.048 0.12334 1.1776 -1.3297 0.32454 0 398.12 -49.894 0.10191 0.016736 45924 4724 5350.2 0 0
2.576e+05 1.0515 0.12344 1.1444 -1.3517 0.3315 0 393.58 -49.771 0.10093 0.016711 45925 4731 5351.7 0 0
2.577e+05 1.0794 0.14211 1.1703 -1.3956 0.30127 0 371.27 -46.522 0.099939 0.016697 45925 4735 5353.2 0 0
2.578e+05 1.0407 0.15907 1.1271 -1.5163 0.30731 0 402.76 -48.791 0.09895 0.016676 45926 4741 5354.7 0 0
2.579e+05 1.1168 0.13107 1.2405 -1.4908 0.30574 0 381.86 -45.679 0.097974 0.016651 45927 4748 5356.3 0 0
2.58e+05 1.0439 0.13857 1.1814 -1.5231 0.32307 0 384.9 -49.255 0.097001 0.016634 45927 4753 5357.8 0 0
2.581e+05 1.0191 0.14857 1.1517 -1.3547 0.32755 0 350.84 -49.833 0.096018 0.016609 45928 4760 5359.4 0 0
2.582e+05 1.0286 0.12892 1.2176 -1.3954 0.33529 0 364.36 -49.671 0.095032 0.016595 45928 4764 5361 0 0
2.583e+05 1.0521 0.16832 1.2072 -1.2468 0.32043 0 364.6 -47.489 0.094036 0.016578 45928 4769 5362.5 0 0
2.584e+05 1.0486 0.15076 1.2275 -1.2096 0.35045 0 346.44 -48.291 0.093051 0.016567 45929 4772 5364.1 0 0
2.585e+05 1.0586 0.13197 1.2358 -1.4026 0.31031 0 373.31 -48.66 0.092077 0.016567 45930 4772 5365.7 0 0
2.586e+05 1.0645 0.17293 1.219 -1.454 0.31328 0 358.15 -45.568 0.091084 0.01656 45930 4774 5367.2 0 0
2.587e+05 1.062 0.17049 1.2199 -1.2966 0.33924 0 356.57 -46.033 0.090109 0.01655 45931 4777 5368.7 0 0
2.588e+05 1.0311 0.13425 1.1946 -1.4481 0.32708 0 359.06 -49.351 0.089154 0.016547 45932 4778 5370.2 0 0
2.589e+05 1.0353 0.14009 1.1448 -1.6043 0.32821 0 386.12 -49.022 0.088198 0.016537 45933 4781 5371.7 0 0
2.59e+05 1.0794 0.13894 1.1915 -1.307 0.32189 0 389.6 -46.59 0.08728 0.016537 45936 4781 5373.3 0 0
2.591e+05 1.0461 0.13858 1.1132 -1.3601 0.34338 0 416.09 -48.458 0.086496 0.01653 45941 4783 5374.8 0 0
2.592e+05 1.1119 0.12572 1.1981 -1.2597 0.32585 0 402.29 -46.77 0.085582 0.016517 45944 4787 5376.4 0 0
2.593e+05 1.1038 0.11758 1.1692 -1.4359 0.35549 0 391.38 -48.713 0.084645 0.0165 45946 4792 5377.9 0 0
2.594e+05 1.0684 0.11954 1.1828 -1.3016 0.30682 0 406.63 -48.95 0.083656 0.016483 45946 4797 5379.5 0 0
2.595e+05 1.0879 0.13037 1.1029 -1.4115 0.32997 0 388.25 -47.207 0.082703 0.016485 45947 4796 5381 0 0
2.596e+05 1.036 0.13206 1.1899 -1.3386 0.31445 0 381.55 -48.956 0.081777 0.016471 45949 4800 5382.6 0 0
2.597e+05 1.0993 0.12369 1.1851 -1.4541 0.33653 0 404.16 -47.555 0.080852 0.016479 45951 4798 5384.1 0 0
2.598e+05 1.1114 0.1271 1.1427 -1.4619 0.31359 0 396.48 -46.289 0.079868 0.016466 45952 4802 5385.6 0 0
2.599e+05 1.1364 0.12712 1.1699 -1.5057 0.30684 0 397.17 -45.737 0.078927 0.016462 45953 4803 5387.1 0 0
2.6e+05 1.1185 0.11571 1.1136 -1.3726 0.30428 0 393.75 -48.2 0.077999 0.016459 45955 4804 5388.7 0 0
2.601e+05 1.0602 0.1438 1.1732 -1.3043 0.31114 0 386.73 -46.795 0.077035 0.016459 45956 4804 5390.2 0 0
2.602e+05 1.1347 0.11559 1.1778 -1.3048 0.32088 0 404.4 -48.179 0.076058 0.016451 45957 4808 5391.7 0 0
2.603e+05 1.0975 0.11957 1.2064 -1.3409 0.30834 0 397.67 -48.117 0.075118 0.016451 45958 4808 5393.3 0 0
2.604e+05 1.1204 0.10752 1.1788 -1.3881 0.3406 0 400.64 -49.38 0.074146 0.016436 45959 4812 5394.9 0 0
2.605e+05 1.0132 0.14135 1.0693 -1.3083 0.32356 0 401.81 -49.583 0.073175 0.016425 45960 4815 5396.5 0 0
2.606e+05 1.0807 0.13336 1.121 -1.4194 0.33069 0 380.66 -46.431 0.07222 0.016422 45961 4816 5398 0 0
2.607e+05 1.1223 0.11949 1.1361 -1.2401 0.31787 0 419.21 -47.327 0.071251 0.016422 45962 4816 5399.6 0 0
2.608e+05 1.0584 0.12677 1.0837 -1.5038 0.31885 0 409.15 -47.568 0.070289 0.016415 45962 4818 5401.1 0 0
2.609e+05 1.0172 0.13413 1.1071 -1.4514 0.30446 0 420.99 -49.413 0.069306 0.016409 45963 4820 5402.6 0 0
2.61e+05 1.1373 0.088843 1.1959 -1.4051 0.30568 0 392.71 -49.998 0.068345 0.016398 45964 4823 5404.2 0 0
2.611e+05 1.079 0.10913 1.2199 -1.289 0.31436 0 389.69 -48.866 0.067368 0.01636 45964 4834 5405.8 0 0
2.612e+05 1.0648 0.12008 1.1259 -1.2917 0.3356 0 433 -47.739 0.066382 0.01635 45964 4837 5407.3 0 0
2.613e+05 1.067 0.11085 1.1369 -1.2682 0.3253 0 384.02 -48.912 0.065401 0.016347 45964 4838 5408.9 0 0
2.614e+05 1.1137 0.1105 1.2086 -1.3398 0.32264 0 408.31 -48.467 0.064415 0.016344 45964 4839 5410.4 0 0
2.615e+05 1.2073 0.11647 1.2314 -1.1483 0.31343 0 426.51 -41.261 0.063433 0.016347 45964 4838 5412 0 0
2.616e+05 1.1795 0.1212 1.3289 -1.4144 0.30419 0 397.98 -43.828 0.062453 0.016323 45964 4845 5413.5 0 0
2.617e+05 1.144 0.13868 1.2408 -1.1215 0.29949 0 410.82 -43.504 0.061479 0.016303 45965 4851 5415.1 0 0
2.618e+05 1.1882 0.11931 1.204 -1.1925 0.32956 0 388.22 -43.314 0.060501 0.016296 45965 4853 5416.7 0 0
2.619e+05 1.1535 0.13671 1.2396 -1.5113 0.32264 0 411.3 -43.316 0.059522 0.016293 45965 4854 5418.2 0 0
2.62e+05 1.1791 0.10483 1.1937 -1.3597 0.31667 0 399.63 -48.004 0.058539 0.016296 45965 4853 5419.8 0 0
2.621e+05 1.1099 0.11487 1.2268 -1.5385 0.31991 0 410.59 -47.428 0.057557 0.01629 45965 4855 5421.3 0 0
2.622e+05 1.1547 0.11349 1.2446 -1.264 0.32186 0 380.07 -47.127 0.056583 0.016296 45966 4853 5422.9 0 0
2.623e+05 1.1414 0.096556 1.129 -1.3384 0.32416 0 406.95 -49.564 0.055612 0.016293 45966 4854 5424.4 0 0
2.624e+05 1.1694 0.1093 1.1837 -1.5351 0.32276 0 411.17 -47.207 0.054633 0.016293 45966 4854 5425.9 0 0
2.625e+05 1.1433 0.10976 1.2526 -1.4786 0.30134 0 384.16 -47.51 0.053663 0.016279 45967 4858 5427.5 0 0
2.626e+05 1.147 0.10022 1.3968 -1.3846 0.33115 0 395.64 -48.816 0.052685 0.016276 45967 4859 5429.1 0 0
2.627e+05 1.1337 0.10159 1.3551 -1.3962 0.31397 0 418.11 -48.831 0.051754 0.016264 45968 4863 5430.6 0 0
2.628e+05 1.1604 0.11804 1.2358 -1.455 0.34284 0 405.5 -45.732 0.050842 0.016264 45971 4863 5432.2 0 0
2.629e+05 1.1153 0.12675 1.3306 -1.4366 0.30268 0 389.52 -45.629 0.049889 0.016268 45972 4862 5433.7 0 0
2.63e+05 1.1471 0.10929 1.3086 -1.2998 0.32593 0 390.77 -47.122 0.048909 0.016264 45972 4863 5435.3 0 0
2.631e+05 1.1894 0.11339 1.3369 -1.5613 0.31943 0 380.72 -44.73 0.04793 0.016258 45972 4865 5436.8 0 0
2.632e+05 1.1374 0.10118 1.2986 -1.3976 0.32099 0 413.29 -48.302 0.046955 0.016257 45972 4865 5438.3 0 0
2.633e+05 1.1296 0.11613 1.3065 -1.1835 0.33966 0 397.93 -46.173 0.045992 0.016254 45972 4866 5439.8 0 0
2.634e+05 1.1684 0.1073 1.303 -1.307 0.34907 0 398.61 -47.029 0.045027 0.016257 45973 4865 5441.3 0 0
2.635e+05 1.0766 0.1508 1.2523 -1.4215 0.33712 0 424.37 -44.94 0.044067 0.016254 45974 4866 5442.9 0 0
2.636e+05 1.1591 0.11707 1.2942 -1.3909 0.31017 0 421.68 -45.472 0.043106 0.016254 45974 4866 5444.4 0 0
2.637e+05 1.1514 0.12688 1.2641 -1.2214 0.31269 0 412.81 -44.302 0.04213 0.016254 45974 4866 5445.9 0 0
2.638e+05 1.1606 0.14214 1.2592 -1.4619 0.30241 0 376.23 -42.106 0.041154 0.016247 45974 4868 5447.3 0 0
2.639e+05 1.1347 0.12859 1.3705 -1.4498 0.32805 0 393.84 -44.432 0.040182 0.016254 45974 4866 5448.8 0 0
2.64e+05 1.1312 0.11333 1.3346 -1.1882 0.29817 0 390.16 -45.91 0.039207 0.016254 45974 4866 5450.3 0 0
2.641e+05 1.1682 0.1452 1.3413 -1.2298 0.33643 0 386.88 -40.38 0.038237 0.016264 45975 4863 5451.7 0 0
2.642e+05 1.1453 0.10193 1.2096 -1.5359 0.3151 0 418.85 -47.91 0.037277 0.016261 45975 4864 5453.2 0 0
2.643e+05 1.1476 0.11374 1.2949 -1.5437 0.31202 0 374.27 -45.645 0.036302 0.016247 45975 4868 5454.6 0 0
2.644e+05 1.143 0.11303 1.2739 -1.4632 0.31782 0 391.39 -45.653 0.035329 0.016221 45975 4876 5456.2 0 0
2.645e+05 1.1597 0.10151 1.2643 -1.4127 0.33404 0 380.33 -47.647 0.03436 0.016224 45976 4875 5457.7 0 0
2.646e+05 1.1719 0.11156 1.2277 -1.254 0.31029 0 393.25 -45.549 0.033393 0.016211 45976 4879 5459.2 0 0
2.647e+05 1.1361 0.12623 1.1832 -1.3532 0.32568 0 386.92 -44.205 0.032419 0.016211 45976 4879 5460.6 0 0
2.648e+05 1.166 0.11241 1.2484 -1.4954 0.34738 0 417.56 -45.238 0.031446 0.016207 45976 4880 5462.1 0 0
2.649e+05 1.1344 0.11261 1.2873 -1.3038 0.32547 0 401.14 -45.401 0.030473 0.016204 45976 4881 5463.5 0 0
2.65e+05 1.1219 0.13892 1.2775 -1.2639 0.30721 0 383.94 -43.598 0.0295 0.016194 45976 4884 5465.1 0 0
2.651e+05 1.1149 0.12503 1.2537 -1.6238 0.32325 0 382.02 -45.188 0.028527 0.016188 45976 4886 5466.5 0 0
2.652e+05 1.1404 0.12548 1.2479 -1.2237 0.31462 0 386.6 -43.767 0.027555 0.016184 45976 4887 5468.1 0 0
2.653e+05 1.1749 0.12683 1.2551 -1.2509 0.30086 0 417.65 -42.397 0.026584 0.016191 45976 4885 5469.6 0 0
2.654e+05 1.0595 0.11271 1.1992 -1.3186 0.31379 0 391.84 -48.71 0.025612 0.016191 45976 4885 5471.1 0 0
2.655e+05 1.0775 0.11455 1.185 -1.1204 0.29886 0 372.55 -47.732 0.024641 0.016184 45976 4887 5472.6 0 0
2.656e+05 1.1505 0.14318 1.3858 -1.4095 0.34106 0 391.28 -42.328 0.023671 0.016184 45976 4887 5474 0 0
2.657e+05 1.1657 0.15453 1.3284 -1.1822 0.3277 0 400.85 -37.791 0.0227 0.016181 45976 4888 5475.4 0 0
2.658e+05 1.1485 0.11171 1.3334 -1.493 0.31019 0 428.44 -45.054 0.021731 0.016191 45976 4885 5476.8 0 0
2.659e+05 1.1899 0.12812 1.3685 -1.4772 0.35133 0 425.07 -40.395 0.020761 0.016201 45976 4882 5478.2 0 0
2.66e+05 1.1215 0.1382 1.3461 -1.1825 0.33041 0 403.27 -43.391 0.019792 0.016201 45976 4882 5479.6 0 0
2.661e+05 1.1646 0.14149 1.293 -1.4152 0.35063 0 368.1 -41.038 0.018824 0.016197 45976 4883 5481 0 0
2.662e+05 1.1199 0.13701 1.258 -1.4201 0.34553 0 416.26 -43.403 0.017856 0.016194 45976 4884 5482.4 0 0
2.663e+05 1.1449 0.10059 1.1574 -1.4494 0.34084 0 396.17 -47.519 0.016887 0.016197 45976 4883 5483.9 0 0
2.664e+05 1.109 0.12442 1.225 -1.4607 0.30387 0 416.13 -45.128 0.01592 0.016201 45976 4882 5485.4 0 0
2.665e+05 1.0984 0.12098 1.2345 -1.3455 0.3074 0 409.24 -46.042 0.014953 0.016201 45976 4882 5486.9 0 0
2.666e+05 1.163 0.098906 1.1913 -1.4517 0.325 0 414.85 -47.551 0.013986 0.016204 45976 4881 5488.5 0 0
2.667e+05 1.11 0.12111 1.2198 -1.5628 0.32136 0 425.31 -45.045 0.013019 0.016201 45976 4882 5489.9 0 0
2.668e+05 1.1565 0.12907 1.2762 -1.3021 0.31716 0 426.27 -42.347 0.012055 0.016207 45976 4880 5491.5 0 0
2.669e+05 1.1361 0.13068 1.2619 -1.3682 0.34491 0 429.94 -42.935 0.011091 0.016207 45976 4880 5492.9 0 0
2.67e+05 1.1766 0.12113 1.2524 -1.3836 0.31642 0 413.34 -42.602 0.010126 0.016204 45976 4881 5494.3 0 0
2.671e+05 1.1493 0.11539 1.2434 -1.3082 0.32037 0 420.89 -43.769 0.00916 0.016204 45976 4881 5495.7 0 0
2.672e+05 1.1775 0.14649 1.2191 -1.3792 0.29587 0 375.55 -38.301 0.008196 0.016211 45976 4879 5497.1 0 0
2.673e+05 1.1495 0.15554 1.2818 -1.566 0.3296 0 394.33 -40.41 0.007231 0.016211 45976 4879 5498.5 0 0
2.674e+05 1.0788 0.1618 1.1791 -1.4483 0.33313 0 401.73 -44.266 0.006267 0.016211 45976 4879 5499.9 0 0
2.675e+05 1.129 0.11783 1.2476 -1.2433 0.31552 0 389.43 -43.994 0.005304 0.016207 45976 4880 5501.4 0 0
2.676e+05 1.0959 0.12902 1.2345 -1.2026 0.31312 0 403.3 -44.941 0.00434 0.016211 45976 4879 5502.9 0 0
2.677e+05 1.1466 0.096409 1.2247 -1.1316 0.30405 0 384.29 -48.269 0.003377 0.016197 45976 4883 5504.4 0 0
2.678e+05 1.1235 0.10823 1.2201 -1.3061 0.31379 0 401.97 -45.637 0.002415 0.016194 45976 4884 5505.8 0 0
2.679e+05 1.117 0.08792 1.2146 -1.5231 0.33726 0 389.68 -49.699 0.001453 0.016188 45976 4886 5507.4 0 0
2.68e+05 1.1378 0.10343 1.2004 -1.6332 0.34755 0 410.56 -46.358 0.000492 0.016188 45976 4886 5509 0 0
2.681e+05 1.1024 0.1036 1.127 -1.3455 0.304 0 394.19 -47.617 -0.00047 0.016181 45976 4888 5510.5 0 0
2.682e+05 1.0722 0.11374 1.1497 -1.431 0.32484 0 382.17 -47.847 -0.001431 0.016184 45976 4887 5512.1 0 0
2.683e+05 1.1625 0.1226 1.2176 -1.3575 0.31329 0 381.73 -42.228 -0.002392 0.016181 45976 4888 5513.6 0 0
2.684e+05 1.0989 0.1402 1.2258 -1.3107 0.33255 0 405.18 -43.727 -0.003352 0.016181 45976 4888 5515 0 0
2.685e+05 1.153 0.1405 1.2652 -1.462 0.31331 0 406.27 -41.374 -0.004312 0.016184 45976 4887 5516.4 0 0
2.686e+05 1.1202 0.12001 1.1959 -1.3235 0.33754 0 399.64 -43.813 -0.005272 0.016178 45976 4889 5517.8 0 0
2.687e+05 1.1078 0.12405 1.146 -1.1345 0.31212 0 413.59 -44.187 -0.006231 0.016174 45976 4890 5519.3 0 0
2.688e+05 1.1399 0.12058 1.2286 -1.4485 0.32275 0 414.07 -42.633 -0.00719 0.016178 45976 4889 5520.7 0 0
2.689e+05 1.1337 0.14247 1.2464 -1.5982 0.31944 0 429.17 -41.939 -0.008149 0.016181 45976 4888 5522.2 0 0
2.69e+05 1.1279 0.14116 1.2359 -1.4165 0.3104 0 411.69 -42.049 -0.009107 0.016178 45976 4889 5523.6 0 0
2.691e+05 1.1599 0.12047 1.2151 -1.247 0.3308 0 387.31 -42.208 -0.010065 0.016178 45976 4889 5525 0 0
2.692e+05 1.1863 0.12518 1.2554 -1.4718 0.33811 0 409.69 -40.896 -0.011023 0.016178 45976 4889 5526.4 0 0
2.693e+05 1.1188 0.10769 1.255 -1.2094 0.32684 0 404.02 -45.229 -0.01198 0.016178 45976 4889 5527.9 0 0
2.694e+05 1.1573 0.10596 1.2927 -1.3049 0.36406 0 414.7 -44.809 -0.012937 0.016178 45976 4889 5529.4 0 0
2.695e+05 1.1536 0.10267 1.2619 -1.4458 0.35637 0 411.57 -45.682 -0.013894 0.016181 45976 4888 5530.8 0 0
2.696e+05 1.1655 0.11148 1.2812 -1.4653 0.37091 0 420.99 -43.377 -0.01485 0.016184 45976 4887 5532.3 0 0
2.697e+05 1.1303 0.12859 1.2655 -1.2359 0.36063 0 415.87 -42.268 -0.015806 0.016181 45976 4888 5533.8 0 0
2.698e+05 1.166 0.12157 1.2415 -1.3689 0.35133 0 415.56 -41.623 -0.016761 0.016171 45976 4891 5535.2 0 0
2.699e+05 1.1838 0.099865 1.3325 -1.3912 0.35615 0 425 -46.847 -0.017716 0.016161 45976 4894 5536.7 0 0
2.7e+05 1.1615 0.1132 1.2413 -1.3926 0.30091 0 397.4 -42.772 -0.018671 0.016158 45976 4895 5538.1 0 0
2.701e+05 1.1628 0.11285 1.2131 -1.2963 0.36177 0 401.08 -42.758 -0.019625 0.016158 45976 4895 5539.6 0 0
2.702e+05 1.1428 0.1266 1.2602 -1.3017 0.33095 0 401.67 -41.502 -0.02058 0.016161 45976 4894 5541 0 0
2.703e+05 1.1269 0.1179 1.2559 -1.6007 0.33083 0 392.9 -43.011 -0.021533 0.016168 45976 4892 5542.5 0 0
2.704e+05 1.1944 0.11683 1.2732 -1.4358 0.3324 0 390.07 -41.78 -0.022484 0.016171 45976 4891 5544 0 0
2.705e+05 1.1716 0.10315 1.2158 -1.6041 0.36495 0 410.85 -45.04 -0.023431 0.016168 45976 4892 5545.4 0 0
2.706e+05 1.158 0.11962 1.2574 -1.3153 0.36955 0 392.1 -41.423 -0.024381 0.016174 45976 4890 5546.8 0 0
2.707e+05 1.0503 0.10951 1.2198 -1.299 0.32073 0 402.18 -49.315 -0.025333 0.016168 45976 4892 5548.3 0 0
2.708e+05 1.1573 0.12638 1.2725 -1.2621 0.31712 0 392.86 -40.914 -0.026284 0.016171 45976 4891 5549.8 0 0
2.709e+05 1.085 0.11496 1.1409 -1.1269 0.36189 0 422.27 -46.41 -0.027235 0.016164 45977 4893 5551.2 0 0
2.71e+05 1.1617 0.13025 1.2776 -1.2745 0.3388 0 411.72 -40.598 -0.028185 0.016171 45977 4891 5552.5 0 0
2.711e+05 1.1082 0.10703 1.2106 -1.4203 0.33385 0 402.87 -45.639 -0.029135 0.016174 45977 4890 5554 0 0
2.712e+05 1.117 0.13008 1.2117 -1.3207 0.35221 0 406.5 -42.466 -0.030086 0.016164 45977 4893 5555.4 0 0
2.713e+05 1.1674 0.1246 1.3094 -1.1142 0.31036 0 405.74 -40.632 -0.031036 0.016158 45977 4895 5556.8 0 0
2.714e+05 1.1715 0.10893 1.2394 -1.1754 0.35258 0 413.43 -43.044 -0.031985 0.016161 45977 4894 5558.3 0 0
2.715e+05 1.1014 0.11244 1.2326 -1.3254 0.33176 0 401.09 -45.422 -0.032935 0.016164 45977 4893 5559.8 0 0
2.716e+05 1.1841 0.091861 1.2523 -1.2561 0.30714 0 399.28 -48.612 -0.033884 0.016158 45977 4895 5561.3 0 0
2.717e+05 1.1912 0.10734 1.2397 -1.1476 0.34948 0 408.6 -43.89 -0.034832 0.016158 45977 4895 5562.7 0 0
2.718e+05 1.2494 0.11168 1.1563 -1.3115 0.31354 0 383.15 -38.531 -0.035781 0.016158 45977 4895 5564.2 0 0
2.719e+05 1.2282 0.12216 1.1624 -1.1989 0.30319 0 389.48 -36.958 -0.036729 0.016161 45977 4894 5565.6 0 0
2.72e+05 1.1899 0.11958 1.2184 -1.3872 0.32785 0 410.02 -40.95 -0.037676 0.016151 45977 4897 5567 0 0
2.721e+05 1.1834 0.10397 1.1923 -1.3615 0.30857 0 419.08 -44.303 -0.038624 0.016158 45977 4895 5568.3 0 0
2.722e+05 1.2159 0.10354 1.2257 -1.3362 0.32623 0 396.67 -43.59 -0.039571 0.016151 45977 4897 5569.7 0 0
2.723e+05 1.1928 0.12008 1.2441 -1.3086 0.31943 0 378.81 -40.362 -0.040517 0.016154 45977 4896 5571 0 0
2.724e+05 1.1342 0.12664 1.1381 -1.3793 0.33933 0 385.44 -41.203 -0.041463 0.016158 45977 4895 5572.3 0 0
2.725e+05 1.0866 0.12625 1.1571 -1.2067 0.34485 0 385.62 -45.299 -0.042409 0.016154 45977 4896 5573.8 0 0
2.726e+05 1.1063 0.12589 1.177 -1.1485 0.33351 0 371.31 -43.384 -0.043352 0.016154 45977 4896 5575.2 0 0
2.727e+05 1.174 0.1325 1.1648 -1.2712 0.31108 0 401.51 -39.846 -0.044297 0.016154 45977 4896 5576.6 0 0
2.728e+05 1.1529 0.11659 1.1564 -1.3134 0.3156 0 410.58 -41.017 -0.045242 0.016151 45977 4897 5578 0 0
2.729e+05 1.2059 0.10307 1.2575 -1.3769 0.3462 0 424.37 -43.965 -0.046185 0.016154 45977 4896 5579.4 0 0
2.73e+05 1.1562 0.10988 1.2266 -1.3022 0.32758 0 418.41 -42.111 -0.047129 0.016154 45977 4896 5580.8 0 0
2.731e+05 1.1325 0.10717 1.1974 -1.5607 0.3454 0 428.08 -43.428 -0.048073 0.016148 45977 4898 5582.2 0 0
2.732e+05 1.1977 0.10395 1.2624 -1.4031 0.3148 0 410.47 -43.615 -0.049016 0.016151 45977 4897 5583.7 0 0
2.733e+05 1.1595 0.12256 1.1985 -1.4945 0.32145 0 416.56 -40.217 -0.049958 0.016158 45977 4895 5585.1 0 0
2.734e+05 1.2009 0.10983 1.2978 -1.3362 0.33092 0 420.92 -41.771 -0.0509 0.016164 45977 4893 5586.5 0 0
2.735e+05 1.1298 0.10259 1.1951 -1.4619 0.30382 0 396.52 -44.737 -0.051841 0.016164 45977 4893 5587.9 0 0
2.736e+05 1.2031 0.1001 1.1793 -1.2199 0.32444 0 411.86 -44.675 -0.052782 0.016148 45977 4898 5589.4 0 0
2.737e+05 1.2165 0.10486 1.1798 -1.2859 0.32036 0 414.56 -42.516 -0.053723 0.016148 45977 4898 5590.7 0 0
2.738e+05 1.2355 0.10603 1.2762 -1.479 0.31891 0 402.26 -41.202 -0.054663 0.016148 45977 4898 5592.1 0 0
2.739e+05 1.2181 0.11805 1.2064 -1.2434 0.30106 0 397.45 -38.648 -0.055603 0.016148 45977 4898 5593.4 0 0
2.74e+05 1.1982 0.10205 1.1969 -1.1821 0.29422 0 391.22 -43.819 -0.056544 0.016154 45977 4896 5594.8 0 0
2.741e+05 1.1635 0.09721 1.1711 -1.4184 0.32255 0 388.44 -45.463 -0.057484 0.016148 45977 4898 5596.2 0 0
2.742e+05 1.1577 0.11018 1.2125 -1.3428 0.30712 0 429.93 -41.483 -0.058423 0.016145 45977 4899 5597.7 0 0
2.743e+05 1.1816 0.121 1.1771 -1.4849 0.32314 0 400.89 -40.021 -0.059362 0.016138 45977 4901 5599.1 0 0
2.744e+05 1.1793 0.10485 1.1634 -1.2091 0.31405 0 418.25 -42.529 -0.060301 0.016138 45977 4901 5600.6 0 0
2.745e+05 1.2009 0.12326 1.2136 -1.0601 0.32047 0 395.46 -38.604 -0.06124 0.016138 45977 4901 5602 0 0
2.746e+05 1.2095 0.085848 1.2637 -1.1424 0.31107 0 383.38 -49.267 -0.062178 0.016135 45977 4902 5603.4 0 0
2.747e+05 1.2061 0.090447 1.2565 -0.9133 0.31276 0 395.88 -47.809 -0.063116 0.016138 45977 4901 5604.9 0 0
2.748e+05 1.1348 0.08968 1.1821 -1.3703 0.31186 0 416.44 -48.539 -0.064054 0.016125 45977 4905 5606.3 0 0
2.749e+05 1.1804 0.1417 1.2209 -1.0668 0.3231 0 402.86 -38.362 -0.064992 0.016122 45977 4906 5607.7 0 0
2.75e+05 1.2057 0.13071 1.1734 -1.1715 0.30261 0 391.61 -36.843 -0.065928 0.016122 45977 4906 5609.1 0 0
2.751e+05 1.2199 0.12676 1.2457 -1.4608 0.31157 0 398.44 -36.213 -0.066865 0.016122 45977 4906 5610.4 0 0
2.752e+05 1.1618 0.14219 1.1895 -1.4508 0.30763 0 410.24 -39.98 -0.067801 0.016128 45977 4904 5611.8 0 0
2.753e+05 1.2111 0.14126 1.2366 -1.3091 0.3202 0 382.09 -34.223 -0.068736 0.016128 45977 4904 5613.1 0 0
2.754e+05 1.1895 0.12715 1.2367 -1.4778 0.31174 0 393.07 -38.776 -0.069672 0.016128 45977 4904 5614.3 0 0
2.755e+05 1.06 0.13705 1.1647 -1.1735 0.32543 0 382.32 -46.76 -0.070607 0.016128 45978 4904 5615.7 0 0
2.756e+05 1.1392 0.11754 1.2177 -1.3797 0.3253 0 414.35 -40.951 -0.07154 0.016125 45978 4905 5617.2 0 0
2.757e+05 1.1092 0.15541 1.2045 -1.1991 0.30882 0 399.53 -42.13 -0.072474 0.016118 45978 4907 5618.6 0 0
2.758e+05 1.155 0.15494 1.2267 -1.4582 0.32243 0 410.51 -39.452 -0.073407 0.016108 45978 4910 5619.9 0 0
2.759e+05 1.1035 0.14873 1.2041 -1.3495 0.32956 0 405.55 -42.603 -0.074337 0.016103 45978 4912 5621.3 0 0
2.76e+05 1.1197 0.14127 1.1817 -1.3886 0.3227 0 400.14 -41.874 -0.07527 0.016107 45978 4911 5622.6 0 0
2.761e+05 1.1478 0.1538 1.2144 -1.3084 0.37147 0 386.76 -40.452 -0.076196 0.016107 45978 4911 5624 0 0
2.762e+05 1.1323 0.099194 1.174 -1.2534 0.33929 0 390.87 -45.454 -0.077118 0.016107 45979 4911 5625.4 0 0
2.763e+05 1.1431 0.12679 1.2225 -1.1857 0.32821 0 397.23 -40.099 -0.078024 0.016103 45979 4912 5626.8 0 0
2.764e+05 1.1179 0.13196 1.2899 -1.3874 0.33344 0 387.41 -41.638 -0.078952 0.016103 45980 4912 5628.2 0 0
2.765e+05 1.1148 0.12094 1.2657 -1.4201 0.34633 0 408.01 -42.476 -0.079882 0.01611 45980 4910 5629.5 0 0
2.766e+05 1.1216 0.12052 1.2433 -1.3217 0.35943 0 381.79 -41.8 -0.080809 0.01611 45980 4910 5631 0 0
2.767e+05 1.1814 0.11898 1.2298 -1.4194 0.31955 0 388.49 -39.398 -0.081727 0.016106 45980 4911 5632.3 0 0
2.768e+05 1.1823 0.12093 1.2835 -1.3378 0.33651 0 398.7 -39.144 -0.082657 0.01611 45980 4910 5633.7 0 0
2.769e+05 1.0956 0.12577 1.2102 -1.3522 0.31265 0 401.55 -44.178 -0.083587 0.016106 45980 4911 5635 0 0
2.77e+05 1.1115 0.14105 1.2806 -1.3997 0.29917 0 398.93 -42.069 -0.084516 0.01611 45981 4910 5636.4 0 0
2.771e+05 1.159 0.14839 1.3198 -1.5601 0.31075 0 412.08 -39.396 -0.085443 0.016106 45981 4911 5637.7 0 0
2.772e+05 1.1036 0.14702 1.2234 -1.4241 0.32694 0 420.46 -42.438 -0.086371 0.01611 45981 4910 5639.1 0 0
2.773e+05 1.1374 0.15306 1.1697 -1.1744 0.33964 0 391.42 -40.693 -0.087299 0.016116 45981 4908 5640.5 0 0
2.774e+05 1.1362 0.14236 1.2126 -1.0621 0.34967 0 402.23 -40.216 -0.088227 0.016113 45981 4909 5641.9 0 0
2.775e+05 1.1812 0.12471 1.2688 -1.4123 0.31707 0 391.84 -38.681 -0.089156 0.016116 45981 4908 5643.2 0 0
2.776e+05 1.1043 0.14319 1.1086 -1.4574 0.30932 0 385.92 -42.379 -0.090084 0.01611 45981 4910 5644.5 0 0
2.777e+05 1.17 0.14866 1.2299 -1.1631 0.33643 0 387.3 -37.774 -0.091012 0.016106 45981 4911 5645.8 0 0
2.778e+05 1.1342 0.14263 1.2347 -1.3334 0.31921 0 402.24 -40.061 -0.091937 0.016106 45981 4911 5647.1 0 0
2.779e+05 1.1663 0.13603 1.2594 -1.2516 0.3309 0 387.21 -38.568 -0.092859 0.016106 45981 4911 5648.4 0 0
2.78e+05 1.1402 0.15052 1.2586 -1.2654 0.32301 0 404.55 -39.944 -0.093779 0.016113 45981 4909 5649.8 0 0
2.781e+05 1.151 0.13357 1.2285 -1.4097 0.31317 0 383.73 -39.122 -0.094702 0.016113 45982 4909 5651.2 0 0
2.782e+05 1.1659 0.14009 1.2643 -1.4265 0.32238 0 390.18 -38.407 -0.095626 0.016113 45982 4909 5652.5 0 0
2.783e+05 1.1427 0.14997 1.1933 -1.3042 0.33227 0 391.35 -39.454 -0.09655 0.01611 45982 4910 5653.8 0 0
2.784e+05 1.1493 0.15674 1.2064 -1.199 0.33378 0 397.1 -38.766 -0.097473 0.016113 45982 4909 5655.2 0 0
2.785e+05 1.1184 0.14046 1.1912 -1.4355 0.32163 0 406.75 -40.774 -0.098397 0.016116 45982 4908 5656.5 0 0
2.786e+05 1.1351 0.17254 1.2585 -1.5334 0.32239 0 394.97 -36.046 -0.099322 0.01612 45982 4907 5657.8 0 0
2.787e+05 1.1445 0.14516 1.2108 -1.4785 0.29742 0 385.38 -38.846 -0.10025 0.016116 45982 4908 5659.2 0 0
2.788e+05 1.0935 0.14636 1.1968 -1.2026 0.31897 0 376.01 -43.044 -0.10117 0.016116 45982 4908 5660.6 0 0
2.789e+05 1.0898 0.11801 1.176 -1.4947 0.31152 0 419.25 -45.14 -0.1021 0.01612 45982 4907 5662 0 0
2.79e+05 1.1255 0.11495 1.1928 -1.346 0.32757 0 400.59 -41.544 -0.10302 0.016116 45982 4908 5663.4 0 0
2.791e+05 1.1368 0.12803 1.1696 -1.2482 0.33788 0 360.8 -39.538 -0.10394 0.016116 45982 4908 5664.7 0 0
2.792e+05 1.1458 0.1351 1.2567 -1.4115 0.31673 0 391.07 -38.956 -0.10486 0.01611 45982 4910 5666.1 0 0
2.793e+05 1.1194 0.10642 1.218 -1.401 0.32966 0 415.51 -43.902 -0.10578 0.016107 45982 4911 5667.5 0 0
2.794e+05 1.0572 0.12995 1.2175 -1.0773 0.32682 0 392.13 -46.976 -0.10669 0.01611 45983 4910 5668.9 0 0
2.795e+05 1.1086 0.13382 1.2109 -1.4119 0.31394 0 381.02 -41.157 -0.10761 0.01611 45983 4910 5670.2 0 0
2.796e+05 1.124 0.11357 1.2704 -1.1659 0.3093 0 393.94 -41.628 -0.10853 0.016113 45983 4909 5671.6 0 0
2.797e+05 1.131 0.15841 1.2941 -1.5542 0.33129 0 386.25 -39.835 -0.10945 0.016113 45983 4909 5672.9 0 0
2.798e+05 1.1858 0.12534 1.2652 -1.3379 0.31203 0 378.21 -38.35 -0.11036 0.016123 45983 4906 5674.2 0 0
2.799e+05 1.1657 0.14595 1.2603 -1.3968 0.31613 0 393.32 -37.777 -0.11128 0.016107 45983 4911 5675.6 0 0
2.8e+05 1.1632 0.13204 1.2462 -1.5032 0.31297 0 398.95 -37.847 -0.1122 0.016097 45983 4914 5676.9 0 0
2.801e+05 1.0753 0.14027 1.2628 -1.2265 0.32548 0 397.59 -44.884 -0.11313 0.0161 45983 4913 5678.3 0 0
2.802e+05 1.1606 0.12789 1.2907 -1.2336 0.31291 0 394.42 -38.007 -0.11404 0.016104 45983 4912 5679.7 0 0
2.803e+05 1.1407 0.1309 1.1859 -1.6303 0.34729 0 407.09 -38.716 -0.11496 0.0161 45983 4913 5681 0 0
2.804e+05 1.0965 0.16143 1.2374 -1.0844 0.31575 0 380.19 -42.178 -0.11588 0.0161 45983 4913 5682.4 0 0
2.805e+05 1.0998 0.15228 1.2116 -1.2464 0.32024 0 392.37 -41.829 -0.1168 0.0161 45983 4913 5683.8 0 0
2.806e+05 1.09 0.13117 1.1897 -1.2665 0.31579 0 367.9 -43.326 -0.11772 0.016097 45983 4914 5685.2 0 0
2.807e+05 1.058 0.11101 1.1131 -1.3485 0.31736 0 381.93 -48.723 -0.11863 0.0161 45983 4913 5686.6 0 0
2.808e+05 1.1208 0.10813 1.2476 -1.3572 0.31945 0 374.41 -43.074 -0.11955 0.016103 45984 4912 5688 0 0
2.809e+05 1.1113 0.12815 1.2118 -1.3 0.30726 0 395.48 -40.695 -0.12047 0.016103 45984 4912 5689.4 0 0
2.81e+05 1.0942 0.11313 1.1919 -1.1657 0.32937 0 386.29 -44.93 -0.12138 0.016103 45984 4912 5690.8 0 0
2.811e+05 1.1237 0.11766 1.2859 -1.2975 0.31244 0 392.82 -40.563 -0.1223 0.01611 45984 4910 5692.2 0 0
2.812e+05 1.1136 0.12685 1.2282 -1.5308 0.32848 0 355.43 -40.407 -0.12321 0.016117 45984 4908 5693.6 0 0
2.813e+05 1.1501 0.1267 1.2802 -1.3724 0.30249 0 364.55 -38.347 -0.12412 0.016113 45984 4909 5694.9 0 0
2.814e+05 1.143 0.12762 1.2054 -1.3116 0.32916 0 353.92 -38.546 -0.12503 0.016107 45984 4911 5696.3 0 0
2.815e+05 1.1307 0.14968 1.1857 -1.4455 0.32419 0 407.01 -39.233 -0.12595 0.016104 45984 4912 5697.6 0 0
2.816e+05 1.1298 0.1491 1.1882 -1.4612 0.35355 0 365.12 -39.133 -0.12686 0.0161 45984 4913 5698.9 0 0
2.817e+05 1.108 0.1571 1.1975 -1.2297 0.30991 0 385.07 -40.886 -0.12777 0.016097 45984 4914 5700.2 0 0
2.818e+05 1.0517 0.14672 1.1198 -1.2804 0.32354 0 366.6 -46.686 -0.12869 0.016087 45984 4917 5701.6 0 0
2.819e+05 1.0921 0.13192 1.2094 -1.3749 0.31148 0 363.35 -42.411 -0.1296 0.01609 45984 4916 5703 0 0
2.82e+05 1.091 0.12863 1.1613 -1.0724 0.31894 0 365.89 -42.779 -0.13051 0.01609 45985 4916 5704.4 0 0
2.821e+05 1.0872 0.12302 1.2469 -1.2485 0.33569 0 373.15 -43.904 -0.13142 0.01609 45985 4916 5705.8 0 0
2.822e+05 1.141 0.13931 1.2152 -1.3194 0.3197 0 393.22 -37.918 -0.13234 0.016094 45985 4915 5707.2 0 0
2.823e+05 1.0511 0.13358 1.179 -1.2177 0.3004 0 379.14 -47.064 -0.13325 0.016097 45985 4914 5708.6 0 0
2.824e+05 1.0795 0.13731 1.1641 -1.3276 0.33408 0 384.3 -43.841 -0.13416 0.0161 45985 4913 5710 0 0
2.825e+05 1.077 0.13058 1.2236 -1.3381 0.30808 0 353.97 -44.407 -0.13507 0.016097 45985 4914 5711.5 0 0
2.826e+05 1.1298 0.12083 1.1942 -1.3791 0.33128 0 380.23 -39.351 -0.13599 0.016094 45985 4915 5712.8 0 0
2.827e+05 1.1487 0.1589 1.2429 -1.1347 0.31071 0 390.81 -38.117 -0.1369 0.01609 45985 4916 5714.3 0 0
2.828e+05 1.1489 0.14493 1.1995 -1.27 0.32192 0 375.36 -37.752 -0.13781 0.016087 45985 4917 5715.7 0 0
2.829e+05 1.0427 0.13941 1.2074 -1.3635 0.29847 0 377.86 -47.594 -0.13872 0.016087 45985 4917 5717.1 0 0
2.83e+05 1.0824 0.11049 1.2138 -1.2739 0.32063 0 391.3 -46.276 -0.13963 0.01609 45985 4916 5718.5 0 0
2.831e+05 1.0944 0.12163 1.1795 -1.2555 0.3205 0 392.04 -42.841 -0.14054 0.016087 45985 4917 5719.9 0 0
2.832e+05 1.0669 0.10722 1.2113 -1.2247 0.31592 0 377.52 -48.461 -0.14145 0.016087 45985 4917 5721.3 0 0
2.833e+05 1.1448 0.11536 1.1746 -1.2439 0.31648 0 368.28 -39.59 -0.14236 0.016087 45985 4917 5722.7 0 0
2.834e+05 1.1207 0.16889 1.2492 -1.2988 0.35879 0 377.57 -39.423 -0.14327 0.016084 45985 4918 5724.1 0 0
2.835e+05 1.1132 0.14863 1.265 -1.1967 0.30514 0 391.58 -39.674 -0.14418 0.016084 45985 4918 5725.4 0 0
2.836e+05 1.1524 0.15968 1.2037 -1.2358 0.32615 0 386.47 -37.27 -0.14509 0.01609 45985 4916 5726.8 0 0
2.837e+05 1.146 0.14257 1.2085 -1.4353 0.32811 0 397.49 -37.479 -0.146 0.016094 45985 4915 5728.1 0 0
2.838e+05 1.1236 0.16895 1.232 -1.1819 0.3309 0 398.27 -38.785 -0.14691 0.01609 45985 4916 5729.4 0 0
2.839e+05 1.0942 0.16957 1.1598 -1.2066 0.31381 0 373.88 -41.38 -0.14782 0.016084 45985 4918 5730.8 0 0
2.84e+05 1.0992 0.17095 1.2225 -1.1052 0.33987 0 401.68 -40.559 -0.14872 0.016077 45985 4920 5732.1 0 0
2.841e+05 1.1167 0.14702 1.2148 -1.4812 0.30774 0 388.5 -39.056 -0.14963 0.016077 45985 4920 5733.5 0 0
2.842e+05 1.1275 0.17621 1.2334 -1.3271 0.29056 0 393.74 -35.635 -0.15054 0.016074 45985 4921 5734.8 0 0
2.843e+05 1.1632 0.14138 1.2159 -1.5834 0.3307 0 405.12 -37.403 -0.15144 0.016071 45985 4922 5736.2 0 0
2.844e+05 1.1463 0.17167 1.2298 -1.1007 0.32303 0 374.93 -33.749 -0.15235 0.016071 45985 4922 5737.5 0 0
2.845e+05 1.1088 0.17383 1.1728 -1.2241 0.31274 0 380.96 -38.776 -0.15326 0.016074 45985 4921 5739 0 0
2.846e+05 1.0603 0.18669 1.1672 -1.262 0.33157 0 384.32 -42.113 -0.15416 0.016071 45985 4922 5740.3 0 0
2.847e+05 1.0579 0.13555 1.1115 -1.1949 0.321 0 387.37 -46.1 -0.15507 0.016068 45985 4923 5741.8 0 0
2.848e+05 1.1478 0.16007 1.256 -1.2418 0.32659 0 382.93 -37.395 -0.15597 0.016064 45985 4924 5743.2 0 0
2.849e+05 1.114 0.17347 1.1645 -1.4765 0.32401 0 389.99 -38.091 -0.15688 0.016068 45985 4923 5744.5 0 0
2.85e+05 1.1277 0.16043 1.258 -1.5053 0.32045 0 377.78 -38.216 -0.15778 0.016071 45985 4922 5745.8 0 0
2.851e+05 1.1172 0.13151 1.1955 -1.3986 0.33864 0 378.12 -38.894 -0.15869 0.016068 45985 4923 5747.2 0 0
2.852e+05 1.1217 0.14782 1.1986 -1.2677 0.33373 0 405.43 -38.359 -0.15959 0.016061 45985 4925 5748.5 0 0
2.853e+05 1.0834 0.14147 1.2171 -1.1952 0.33716 0 384.84 -42.26 -0.16049 0.016064 45985 4924 5749.8 0 0
2.854e+05 1.0884 0.12528 1.234 -1.3421 0.30702 0 396.99 -42.74 -0.1614 0.016068 45985 4923 5751.2 0 0
2.855e+05 1.1313 0.14701 1.2347 -1.1762 0.3334 0 398.63 -38.019 -0.1623 0.016068 45985 4923 5752.5 0 0
2.856e+05 1.1573 0.14973 1.2375 -1.419 0.35977 0 381.18 -37.113 -0.1632 0.016068 45985 4923 5753.9 0 0
2.857e+05 1.176 0.10236 1.2748 -1.2774 0.33997 0 398.1 -42.547 -0.16411 0.016061 45985 4925 5755.2 0 0
2.858e+05 1.181 0.10599 1.2318 -1.1998 0.32179 0 375.03 -41.309 -0.16501 0.016061 45985 4925 5756.6 0 0
2.859e+05 1.1955 0.11847 1.2987 -1.0074 0.29691 0 385.55 -38.571 -0.16591 0.016061 45985 4925 5757.9 0 0
2.86e+05 1.1686 0.103 1.2381 -1.401 0.32321 0 379.96 -42.073 -0.16681 0.016051 45985 4928 5759.3 0 0
2.861e+05 1.1759 0.099405 1.2476 -1.1499 0.35204 0 402.22 -43.336 -0.16771 0.016048 45985 4929 5760.7 0 0
2.862e+05 1.1439 0.081601 1.1795 -1.3103 0.29056 0 396.2 -49.747 -0.16861 0.016045 45985 4930 5762.2 0 0
2.863e+05 1.1909 0.11116 1.2303 -1.2791 0.31067 0 372.63 -40.041 -0.16951 0.016042 45985 4931 5763.6 0 0
2.864e+05 1.1652 0.11011 1.2776 -1.1247 0.31386 0 366.81 -39.925 -0.17041 0.016051 45985 4928 5764.9 0 0
2.865e+05 1.1544 0.13698 1.2466 -1.272 0.30109 0 395.72 -37.103 -0.17131 0.016051 45985 4928 5766.3 0 0
2.866e+05 1.0775 0.11618 1.1582 -1.1929 0.29137 0 381.48 -45.491 -0.17221 0.016055 45985 4927 5767.7 0 0
2.867e+05 1.1408 0.088607 1.1747 -1.4657 0.32085 0 360.96 -48.32 -0.17311 0.016055 45985 4927 5769.1 0 0
2.868e+05 1.1657 0.11794 1.2269 -1.2286 0.3056 0 381.12 -38.403 -0.17401 0.016048 45985 4929 5770.5 0 0
2.869e+05 1.2039 0.12916 1.2553 -1.3444 0.32253 0 384.61 -36.669 -0.17491 0.016038 45985 4932 5771.8 0 0
2.87e+05 1.1834 0.12773 1.2015 -1.5491 0.29747 0 401.91 -37.519 -0.17581 0.016045 45985 4930 5773.2 0 0
2.871e+05 1.1935 0.13329 1.1725 -1.0803 0.32154 0 400.49 -36.86 -0.1767 0.016045 45985 4930 5774.4 0 0
2.872e+05 1.157 0.10954 1.1747 -1.2366 0.32625 0 389.75 -39.912 -0.1776 0.016035 45985 4933 5775.7 0 0
2.873e+05 1.1784 0.11968 1.2508 -1.5075 0.30512 0 362.53 -37.794 -0.1785 0.016029 45985 4935 5777 0 0
2.874e+05 1.1706 0.14395 1.1868 -1.3644 0.32148 0 372.4 -36.701 -0.1794 0.016032 45985 4934 5778.2 0 0
2.875e+05 1.1928 0.10582 1.2821 -1.3803 0.29746 0 387.98 -40.854 -0.18029 0.016032 45985 4934 5779.5 0 0
2.876e+05 1.181 0.16181 1.2212 -1.4637 0.32516 0 377.11 -31.509 -0.18119 0.016029 45985 4935 5780.8 0 0
2.877e+05 1.221 0.11402 1.1399 -1.4133 0.33267 0 401.84 -38.693 -0.18208 0.016032 45985 4934 5782 0 0
2.878e+05 1.2416 0.12767 1.2176 -1.3963 0.32216 0 381.36 -34.4 -0.18298 0.016035 45985 4933 5783.2 0 0
2.879e+05 1.2996 0.11763 1.2626 -1.5343 0.31994 0 399.02 -36.001 -0.18388 0.016035 45985 4933 5784.5 0 0
2.88e+05 1.1858 0.13652 1.2065 -1.3271 0.32898 0 376.34 -36.355 -0.18477 0.016032 45985 4934 5785.7 0 0
2.881e+05 1.1979 0.10293 1.1925 -1.2656 0.32197 0 388.15 -41.932 -0.18567 0.016016 45985 4939 5786.9 0 0
2.882e+05 1.1945 0.099016 1.1863 -0.99846 0.31906 0 352.22 -43.108 -0.18656 0.016019 45985 4938 5788.3 0 0
2.883e+05 1.2277 0.13019 1.3112 -1.3984 0.32278 0 373.6 -34.437 -0.18745 0.016019 45985 4938 5789.7 0 0
2.884e+05 1.2223 0.11397 1.3001 -1.3825 0.30135 0 387.36 -38.164 -0.18835 0.016016 45985 4939 5790.9 0 0
2.885e+05 1.2176 0.10397 1.2732 -1.3007 0.32027 0 401.37 -41.192 -0.18924 0.016019 45985 4938 5792.2 0 0
2.886e+05 1.1653 0.102 1.2292 -1.3219 0.30868 0 395.74 -41.558 -0.19013 0.016019 45985 4938 5793.6 0 0
2.887e+05 1.145 0.14407 1.1854 -1.3876 0.32687 0 391.19 -37.026 -0.19103 0.016016 45985 4939 5794.9 0 0
2.888e+05 1.1295 0.12846 1.1918 -1.4358 0.33024 0 391.38 -37.966 -0.19192 0.016016 45985 4939 5796.1 0 0
2.889e+05 1.1822 0.11134 1.2481 -1.4206 0.32566 0 368.41 -39.017 -0.19281 0.016009 45985 4941 5797.4 0 0
2.89e+05 1.2224 0.101 1.2358 -1.3728 0.31397 0 367.98 -42.218 -0.1937 0.016016 45985 4939 5798.8 0 0
2.891e+05 1.2153 0.12648 1.2487 -1.4937 0.30911 0 369.72 -35.5 -0.1946 0.016019 45985 4938 5800.1 0 0
2.892e+05 1.1553 0.1263 1.2528 -1.4797 0.30766 0 369.56 -37.051 -0.19549 0.016019 45985 4938 5801.4 0 0
2.893e+05 1.1352 0.15199 1.1962 -1.5752 0.32145 0 384.47 -37.557 -0.19638 0.016019 45985 4938 5802.6 0 0
2.894e+05 1.2551 0.13361 1.3507 -1.5979 0.32132 0 378.63 -32.186 -0.19727 0.016016 45985 4939 5803.9 0 0
2.895e+05 1.1521 0.15887 1.2013 -1.1896 0.32377 0 364.86 -36.554 -0.19816 0.016012 45985 4940 5805.1 0 0
2.896e+05 1.2044 0.13461 1.2419 -1.3955 0.3062 0 349.62 -34.785 -0.19905 0.016006 45985 4942 5806.3 0 0
2.897e+05 1.1292 0.16203 1.2593 -1.459 0.33321 0 365.28 -37.784 -0.19994 0.016012 45985 4940 5807.6 0 0
2.898e+05 1.1742 0.14896 1.3026 -1.302 0.32686 0 374.75 -35.663 -0.20083 0.016006 45985 4942 5808.8 0 0
2.899e+05 1.2009 0.14508 1.2781 -1.0607 0.31513 0 349.71 -33.792 -0.20172 0.016003 45985 4943 5810 0 0
2.9e+05 1.1932 0.12505 1.2423 -1.253 0.30364 0 366.37 -36.213 -0.20261 0.015999 45985 4944 5811.2 0 0
2.901e+05 1.1932 0.14203 1.2813 -1.0746 0.31459 0 367.98 -34.697 -0.2035 0.015993 45985 4946 5812.4 0 0
2.902e+05 1.1752 0.10568 1.2366 -1.2806 0.29396 0 363.21 -40.385 -0.20438 0.015999 45985 4944 5813.7 0 0
2.903e+05 1.1184 0.15282 1.2907 -1.366 0.31177 0 366.43 -38.469 -0.20527 0.015999 45985 4944 5814.9 0 0
2.904e+05 1.0936 0.11581 1.2168 -1.3016 0.31088 0 363.99 -43.667 -0.20616 0.015999 45985 4944 5816.3 0 0
2.905e+05 1.1469 0.15263 1.2954 -1.3964 0.33328 0 361.79 -36.694 -0.20705 0.016003 45985 4943 5817.6 0 0
2.906e+05 1.0832 0.14912 1.262 -1.4302 0.31295 0 370.94 -42.051 -0.20793 0.015993 45985 4946 5818.8 0 0
2.907e+05 1.1666 0.14675 1.2561 -1.6225 0.31693 0 357.86 -35.817 -0.20882 0.015986 45985 4948 5820 0 0
2.908e+05 1.1513 0.11752 1.2413 -1.1742 0.33163 0 361.6 -38.307 -0.20971 0.015983 45985 4949 5821.3 0 0
2.909e+05 1.1555 0.12288 1.2745 -1.1565 0.3225 0 358.24 -37.3 -0.21059 0.01599 45985 4947 5822.6 0 0
2.91e+05 1.1043 0.1478 1.1295 -1.2659 0.32444 0 363.54 -39.475 -0.21148 0.015993 45985 4946 5823.9 0 0
2.911e+05 1.1731 0.15727 1.2207 -1.3192 0.30572 0 366.75 -33.723 -0.21236 0.015993 45985 4946 5825.2 0 0
2.912e+05 1.1193 0.16404 1.2386 -1.4668 0.30988 0 352.02 -38.149 -0.21325 0.016003 45985 4943 5826.5 0 0
2.913e+05 1.1283 0.16264 1.2572 -1.601 0.31864 0 374.07 -37.299 -0.21413 0.015993 45985 4946 5827.7 0 0
2.914e+05 1.0972 0.12834 1.158 -1.4158 0.29736 0 370.61 -41.212 -0.21502 0.015993 45985 4946 5828.9 0 0
2.915e+05 1.1719 0.12973 1.1932 -1.4161 0.3248 0 364.83 -35.819 -0.2159 0.015993 45985 4946 5830.2 0 0
2.916e+05 1.1035 0.17356 1.2003 -1.5389 0.34296 0 387.63 -38.933 -0.21679 0.015983 45985 4949 5831.5 0 0
2.917e+05 1.0656 0.14838 1.1976 -1.3337 0.32945 0 357.89 -44.651 -0.21767 0.015986 45985 4948 5832.8 0 0
2.918e+05 1.1435 0.1675 1.2361 -1.3196 0.32905 0 348.02 -34.984 -0.21855 0.015986 45985 4948 5834 0 0
2.919e+05 1.0737 0.14256 1.185 -1.3421 0.33508 0 347.6 -43.533 -0.21944 0.015983 45985 4949 5835.4 0 0
2.92e+05 1.0775 0.15017 1.1748 -1.2943 0.31487 0 371.69 -42.774 -0.22032 0.015986 45985 4948 5836.7 0 0
2.921e+05 1.1492 0.16198 1.2472 -1.2013 0.32114 0 371.78 -35.311 -0.2212 0.015986 45985 4948 5838 0 0
2.922e+05 1.09 0.10266 1.1874 -1.2388 0.33705 0 360.14 -47.276 -0.22208 0.015986 45985 4948 5839.3 0 0
2.923e+05 1.181 0.10967 1.1736 -1.449 0.33635 0 355.22 -39.165 -0.22297 0.015993 45985 4946 5840.7 0 0
2.924e+05 1.0757 0.15457 1.2275 -1.6512 0.32551 0 367.67 -43.087 -0.22385 0.015986 45985 4948 5842 0 0
2.925e+05 1.1657 0.14296 1.2461 -1.2273 0.32445 0 348.32 -35.351 -0.22473 0.015986 45985 4948 5843.4 0 0
2.926e+05 1.1782 0.11976 1.2365 -1.1488 0.29673 0 333.56 -36.865 -0.22561 0.015986 45985 4948 5844.7 0 0
2.927e+05 1.1542 0.1202 1.2168 -1.3654 0.31509 0 389.11 -37.413 -0.22649 0.01599 45985 4947 5846 0 0
2.928e+05 1.086 0.11316 1.1762 -1.3181 0.32674 0 352.91 -44.909 -0.22737 0.015986 45985 4948 5847.3 0 0
2.929e+05 1.1457 0.1681 1.2085 -1.2888 0.30895 0 336.52 -34.399 -0.22825 0.015986 45985 4948 5848.6 0 0
2.93e+05 1.1778 0.12671 1.1445 -1.2145 0.32012 0 372.1 -35.813 -0.22913 0.015993 45985 4946 5849.9 0 0
2.931e+05 1.0706 0.11628 1.2075 -1.3332 0.31746 0 339.66 -46.378 -0.23001 0.015993 45985 4946 5851.2 0 0
2.932e+05 1.1273 0.11804 1.2467 -1.5852 0.32961 0 355.94 -39.028 -0.23089 0.015993 45985 4946 5852.6 0 0
2.933e+05 1.1638 0.11022 1.2119 -1.4259 0.32034 0 366.41 -38.6 -0.23177 0.015986 45985 4948 5854 0 0
2.934e+05 1.0727 0.14979 1.1346 -1.1757 0.31345 0 339.6 -43.412 -0.23264 0.01599 45985 4947 5855.3 0 0
2.935e+05 1.0636 0.12632 1.1942 -1.6346 0.3096 0 346.56 -45.805 -0.23352 0.015993 45985 4946 5856.7 0 0
2.936e+05 1.0652 0.12537 1.1357 -1.6089 0.31319 0 358 -45.584 -0.2344 0.015993 45985 4946 5858.1 0 0
2.937e+05 1.1826 0.12293 1.2441 -1.3349 0.31387 0 366.97 -36.326 -0.23528 0.015996 45985 4945 5859.4 0 0
2.938e+05 1.1695 0.14794 1.2123 -1.3379 0.30531 0 377.83 -34.743 -0.23616 0.01599 45985 4947 5860.7 0 0
2.939e+05 1.0886 0.10772 1.168 -1.271 0.30279 0 358.5 -45.753 -0.23703 0.01598 45985 4950 5862 0 0
2.94e+05 1.158 0.081302 1.1893 -1.2109 0.32697 0 354.35 -49.47 -0.23791 0.015983 45985 4949 5863.4 0 0
2.941e+05 1.173 0.12112 1.2344 -1.3303 0.32075 0 360.99 -36.239 -0.23878 0.01598 45985 4950 5864.8 0 0
2.942e+05 1.1934 0.12965 1.2323 -1.481 0.30347 0 388.55 -35.212 -0.23966 0.01597 45985 4953 5866.2 0 0
2.943e+05 1.1031 0.12797 1.1715 -1.1764 0.3067 0 360.21 -39.922 -0.24053 0.015961 45985 4956 5867.5 0 0
2.944e+05 1.1266 0.11389 1.2499 -1.6003 0.31382 0 352.14 -39.578 -0.24141 0.015967 45985 4954 5868.8 0 0
2.945e+05 1.138 0.10844 1.2474 -1.5108 0.325 0 356.18 -40.166 -0.24228 0.015954 45985 4958 5870.2 0 0
2.946e+05 1.1684 0.11185 1.2836 -1.398 0.33377 0 361.16 -37.918 -0.24315 0.015948 45985 4960 5871.6 0 0
2.947e+05 1.1266 0.093433 1.1282 -1.2321 0.32093 0 378.35 -46.473 -0.24402 0.015941 45986 4962 5873 0 0
2.948e+05 1.0979 0.12198 1.169 -1.4093 0.3368 0 387.92 -41.425 -0.2449 0.015932 45986 4965 5874.5 0 0
2.949e+05 1.1613 0.080433 1.1945 -1.2947 0.31514 0 387.6 -49.514 -0.24577 0.015922 45986 4968 5876 0 0
2.95e+05 1.1954 0.12973 1.2151 -1.4677 0.30917 0 397.44 -35.127 -0.24665 0.015925 45986 4967 5877.6 0 0
2.951e+05 1.1879 0.099363 1.2423 -1.0187 0.29463 0 370.75 -41.781 -0.24752 0.015925 45986 4967 5879 0 0
2.952e+05 1.1286 0.10119 1.1392 -1.3596 0.30249 0 392.74 -42.856 -0.24839 0.015922 45986 4968 5880.5 0 0
2.953e+05 1.1887 0.098433 1.2482 -1.3864 0.32462 0 349.97 -42.13 -0.24926 0.015929 45986 4966 5881.9 0 0
2.954e+05 1.1964 0.096866 1.1753 -1.4236 0.312 0 373.72 -43.059 -0.25013 0.015932 45986 4965 5883.3 0 0
2.955e+05 1.1866 0.083205 1.2263 -1.4613 0.30791 0 366.82 -48.508 -0.251 0.015938 45986 4963 5884.8 0 0
2.956e+05 1.1743 0.10326 1.2665 -1.3686 0.34339 0 371.69 -40.028 -0.25188 0.015935 45986 4964 5886.2 0 0
2.957e+05 1.0884 0.1056 1.2178 -1.3541 0.3116 0 359.02 -46.012 -0.25274 0.015938 45986 4963 5887.6 0 0
2.958e+05 1.1364 0.097959 1.1407 -1.4203 0.31143 0 376.14 -43.43 -0.25362 0.015929 45986 4966 5889.1 0 0
2.959e+05 1.1562 0.12045 1.2151 -1.5062 0.31364 0 368.07 -36.656 -0.25449 0.015932 45986 4965 5890.4 0 0
2.96e+05 1.1111 0.11771 1.2161 -1.4984 0.31395 0 348.32 -40.149 -0.25536 0.015938 45986 4963 5891.9 0 0
2.961e+05 1.1758 0.12147 1.2582 -1.2935 0.3218 0 385.96 -35.965 -0.25622 0.015935 45986 4964 5893.4 0 0
2.962e+05 1.1483 0.1254 1.278 -1.4521 0.32526 0 363.42 -36.208 -0.25709 0.015929 45986 4966 5894.8 0 0
2.963e+05 1.2083 0.10096 1.237 -1.4482 0.32425 0 369.99 -41.232 -0.25795 0.015922 45986 4968 5896.1 0 0
2.964e+05 1.0731 0.1108 1.1857 -1.0654 0.32961 0 371.52 -46.556 -0.25882 0.015929 45986 4966 5897.5 0 0
2.965e+05 1.1232 0.11796 1.2028 -1.5237 0.33426 0 367.86 -38.575 -0.25969 0.015935 45987 4964 5898.9 0 0
2.966e+05 1.132 0.098482 1.2321 -1.3501 0.32334 0 372.83 -42.956 -0.26056 0.015938 45987 4963 5900.4 0 0
2.967e+05 1.1785 0.091122 1.2443 -1.2998 0.32176 0 375.49 -44.472 -0.26143 0.015929 45987 4966 5901.8 0 0
2.968e+05 1.1639 0.10567 1.2153 -1.2924 0.33486 0 391.68 -38.809 -0.2623 0.015919 45987 4969 5903.2 0 0
2.969e+05 1.1664 0.099387 1.2742 -1.3463 0.3463 0 373.8 -40.654 -0.26316 0.015926 45987 4967 5904.6 0 0
2.97e+05 1.1587 0.10415 1.2295 -1.6565 0.31763 0 375.06 -39.248 -0.26403 0.015926 45987 4967 5906.1 0 0
2.971e+05 1.1268 0.12175 1.2118 -1.3249 0.29447 0 371.27 -37.72 -0.2649 0.015932 45987 4965 5907.5 0 0
2.972e+05 1.0955 0.091852 1.2568 -1.6181 0.31144 0 360.06 -48.57 -0.26577 0.015926 45987 4967 5908.9 0 0
2.973e+05 1.122 0.116 1.2189 -1.3899 0.32058 0 355.37 -38.792 -0.26663 0.015922 45987 4968 5910.2 0 0
2.974e+05 1.1215 0.11008 1.2899 -1.4193 0.31485 0 369.6 -39.914 -0.2675 0.015926 45987 4967 5911.7 0 0
2.975e+05 1.1386 0.084667 1.238 -1.3367 0.32959 0 373.2 -47.945 -0.26837 0.015922 45987 4968 5913.1 0 0
2.976e+05 1.1945 0.091594 1.2999 -1.4539 0.31281 0 349.85 -43.994 -0.26923 0.015913 45987 4971 5914.4 0 0
2.977e+05 1.2646 0.093988 1.2977 -1.1674 0.32102 0 352.88 -44.125 -0.2701 0.01591 45987 4972 5915.8 0 0
2.978e+05 1.1714 0.11753 1.2668 -1.2802 0.3035 0 358.48 -36.193 -0.27096 0.01591 45987 4972 5917.1 0 0
2.979e+05 1.1838 0.12177 1.2135 -1.4192 0.33252 0 356.29 -36.019 -0.27183 0.015913 45987 4971 5918.4 0 0
2.98e+05 1.1509 0.10628 1.2485 -1.2994 0.3189 0 363.64 -38.68 -0.27269 0.015906 45987 4973 5919.6 0 0
2.981e+05 1.1841 0.080272 1.1828 -1.1255 0.32873 0 360.28 -48.738 -0.27356 0.01591 45987 4972 5920.9 0 0
2.982e+05 1.1849 0.096074 1.163 -1.1773 0.33781 0 357.61 -41.769 -0.27442 0.01591 45987 4972 5922.3 0 0
2.983e+05 1.1288 0.13778 1.3121 -1.4661 0.30943 0 355.32 -36.692 -0.27529 0.01591 45987 4972 5923.6 0 0
2.984e+05 1.2019 0.079938 1.2924 -1.2941 0.30331 0 359.5 -48.919 -0.27615 0.0159 45987 4975 5925 0 0
2.985e+05 1.2043 0.10755 1.2714 -1.3176 0.32621 0 354.89 -38.749 -0.27702 0.01589 45987 4978 5926.3 0 0
2.986e+05 1.2023 0.10237 1.2482 -1.3056 0.30087 0 382.73 -40.018 -0.27788 0.015894 45987 4977 5927.6 0 0
2.987e+05 1.1678 0.10778 1.2482 -1.295 0.31467 0 362.07 -37.529 -0.27874 0.015897 45987 4976 5929 0 0
2.988e+05 1.1983 0.086624 1.2425 -1.405 0.31307 0 366.1 -46.132 -0.2796 0.015897 45987 4976 5930.4 0 0
2.989e+05 1.1965 0.096474 1.3171 -1.3309 0.31788 0 360.81 -41.44 -0.28047 0.01589 45987 4978 5931.8 0 0
2.99e+05 1.2471 0.10782 1.2505 -1.3706 0.31557 0 386.52 -38.953 -0.28133 0.015887 45987 4979 5933.2 0 0
2.991e+05 1.234 0.1158 1.2851 -1.4304 0.33854 0 358.78 -36.771 -0.28219 0.015881 45987 4981 5934.6 0 0
2.992e+05 1.2122 0.086886 1.3144 -1.2812 0.30656 0 353.11 -46.568 -0.28305 0.015878 45987 4982 5935.9 0 0
2.993e+05 1.2147 0.11478 1.2601 -1.4376 0.32373 0 373.01 -36.982 -0.28391 0.015881 45987 4981 5937.1 0 0
2.994e+05 1.2408 0.08501 1.286 -1.3295 0.32167 0 369.47 -48.063 -0.28477 0.015884 45987 4980 5938.5 0 0
2.995e+05 1.1919 0.092774 1.2202 -1.3963 0.31085 0 359.97 -42.49 -0.28563 0.015887 45987 4979 5939.9 0 0
2.996e+05 1.1696 0.13264 1.1824 -1.4889 0.33257 0 370.18 -34.648 -0.28649 0.01589 45987 4978 5941.1 0 0
2.997e+05 1.1839 0.11878 1.1858 -1.479 0.31692 0 368.7 -35.764 -0.28735 0.015887 45987 4979 5942.4 0 0
2.998e+05 1.123 0.143 1.2824 -1.0278 0.33535 0 368 -37.099 -0.28821 0.01589 45987 4978 5943.7 0 0
2.999e+05 1.1551 0.12878 1.2464 -1.3871 0.32493 0 362.26 -35.336 -0.28907 0.015894 45987 4977 5944.9 0 0
3e+05 1.1918 0.13072 1.3103 -1.2052 0.30547 0 377.53 -34.604 -0.28993 0.015894 45987 4977 5946.1 0 0
3.001e+05 1.1482 0.15831 1.2735 -1.4571 0.31517 0 364.27 -35.421 -0.29079 0.015893 45987 4977 5947.3 0 0
3.002e+05 1.1434 0.14955 1.1742 -1.1305 0.32142 0 360.92 -35.404 -0.29164 0.015887 45987 4979 5948.5 0 0
3.003e+05 1.062 0.18284 1.1965 -1.3996 0.35265 0 354.4 -43.112 -0.2925 0.015881 45987 4981 5949.7 0 0
3.004e+05 1.1906 0.15631 1.2412 -1.252 0.30971 0 363.48 -31.981 -0.29335 0.015881 45987 4981 5950.9 0 0
3.005e+05 1.1862 0.15314 1.3326 -1.1841 0.31351 0 337.17 -32.883 -0.29421 0.015884 45987 4980 5952.1 0 0
3.006e+05 1.2203 0.14859 1.2276 -1.2121 0.31355 0 355.98 -31.403 -0.29507 0.015878 45987 4982 5953.3 0 0
3.007e+05 1.1467 0.15108 1.26 -1.2711 0.3186 0 338.87 -35.065 -0.29592 0.015874 45987 4983 5954.4 0 0
3.008e+05 1.169 0.15413 1.2818 -1.1395 0.30709 0 362.32 -33.475 -0.29678 0.015874 45987 4983 5955.7 0 0
3.009e+05 1.1477 0.17728 1.2102 -1.1895 0.30258 0 354.99 -30.863 -0.29764 0.015871 45987 4984 5957 0 0
3.01e+05 1.1266 0.1788 1.1777 -1.0454 0.30393 0 323.97 -34.043 -0.29849 0.015868 45987 4985 5958.2 0 0
3.011e+05 1.118 0.18116 1.2639 -1.0371 0.31038 0 341.18 -33.947 -0.29935 0.015868 45987 4985 5959.5 0 0
3.012e+05 1.0921 0.16544 1.1658 -1.29 0.30834 0 336.93 -40.396 -0.3002 0.015865 45987 4986 5960.8 0 0
3.013e+05 1.1174 0.17769 1.2356 -1.2569 0.32886 0 321.68 -35.196 -0.30106 0.015852 45987 4990 5962.1 0 0
3.014e+05 1.1094 0.16453 1.1974 -1.5165 0.3146 0 355.1 -38.069 -0.30191 0.015855 45987 4989 5963.4 0 0
3.015e+05 1.0881 0.17495 1.1662 -1.4565 0.31005 0 349.14 -40.622 -0.30277 0.015855 45987 4989 5964.7 0 0
3.016e+05 1.0972 0.17059 1.1815 -1.5407 0.32574 0 338.61 -39.306 -0.30362 0.015855 45987 4989 5966.2 0 0
3.017e+05 1.095 0.15089 1.2082 -1.1179 0.30973 0 345.12 -39.788 -0.30448 0.015852 45987 4990 5967.6 0 0
3.018e+05 1.1089 0.15771 1.258 -1.3278 0.32184 0 339.98 -38.097 -0.30533 0.015855 45987 4989 5968.9 0 0
3.019e+05 1.1032 0.16267 1.2166 -1.4753 0.29733 0 351.55 -38.765 -0.30618 0.015859 45987 4988 5970.3 0 0
3.02e+05 1.1097 0.1445 1.1952 -1.4035 0.30223 0 342.13 -38.268 -0.30704 0.015855 45987 4989 5971.7 0 0
3.021e+05 1.0796 0.15946 1.178 -1.2323 0.31192 0 345.6 -41.782 -0.30789 0.015855 45987 4989 5973.1 0 0
3.022e+05 1.1278 0.14643 1.1285 -1.3977 0.3461 0 339.73 -36.331 -0.30874 0.015849 45987 4991 5974.5 0 0
3.023e+05 1.1014 0.14481 1.2229 -1.2052 0.3357 0 349.32 -38.796 -0.3096 0.015839 45987 4994 5975.8 0 0
3.024e+05 1.0896 0.13547 1.2666 -1.4565 0.33633 0 365.56 -40.728 -0.31045 0.01583 45987 4997 5977.3 0 0
3.025e+05 1.1322 0.15993 1.2097 -1.1249 0.32247 0 360.91 -35.484 -0.3113 0.015817 45987 5001 5978.6 0 0
3.026e+05 1.1277 0.13439 1.2327 -1.2022 0.32301 0 369.2 -36.454 -0.31216 0.015817 45987 5001 5979.8 0 0
3.027e+05 1.1945 0.13198 1.2086 -1.3044 0.31649 0 336.73 -34.357 -0.31301 0.01582 45987 5000 5981 0 0
3.028e+05 1.0303 0.1776 1.1524 -0.98452 0.34724 0 336.9 -48.394 -0.31386 0.015802 45987 5006 5982.3 0 0
3.029e+05 1.0675 0.19551 1.204 -1.12 0.31648 0 349.2 -37.308 -0.31471 0.015811 45987 5003 5983.9 0 0
3.03e+05 1.146 0.15818 1.3003 -1.3518 0.35522 0 340.45 -34.451 -0.31556 0.015795 45987 5008 5985.3 0 0
3.031e+05 1.0519 0.14947 1.2121 -1.296 0.30722 0 339.93 -45.801 -0.31641 0.015792 45987 5009 5986.6 0 0
3.032e+05 1.0414 0.17743 1.2595 -1.3594 0.32256 0 354.29 -47.49 -0.31726 0.015792 45987 5009 5988.1 0 0
3.033e+05 1.0352 0.16674 1.2369 -1.2238 0.33288 0 363.82 -48.179 -0.31811 0.015792 45987 5009 5989.8 0 0
3.034e+05 1.0635 0.15094 1.2779 -1.0979 0.33792 0 346.65 -44.037 -0.31896 0.015792 45987 5009 5991.3 0 0
3.035e+05 1.1361 0.14639 1.3106 -1.3193 0.30457 0 357.41 -35.371 -0.31981 0.015789 45987 5010 5992.7 0 0
3.036e+05 1.141 0.14629 1.3012 -1.2293 0.32953 0 348.8 -34.994 -0.32066 0.015783 45987 5012 5994 0 0
3.037e+05 1.1675 0.15738 1.3165 -1.4186 0.30766 0 366.57 -32.878 -0.32151 0.015786 45987 5011 5995.2 0 0
3.038e+05 1.1716 0.14977 1.2913 -1.3155 0.32737 0 360.58 -33.412 -0.32236 0.015792 45987 5009 5996.5 0 0
3.039e+05 1.1355 0.14635 1.2423 -1.2031 0.30967 0 363.88 -35.237 -0.3232 0.015783 45987 5012 5997.7 0 0
3.04e+05 1.1133 0.14732 1.289 -1.3404 0.33315 0 346.06 -37.011 -0.32405 0.015776 45988 5014 5999 0 0
3.041e+05 1.0752 0.15714 1.2307 -1.2422 0.32357 0 353.48 -42.058 -0.3249 0.015773 45988 5015 6000.4 0 0
3.042e+05 1.1698 0.1393 1.3397 -1.3491 0.32128 0 343.05 -34.056 -0.32575 0.01577 45988 5016 6001.7 0 0
3.043e+05 1.0804 0.11303 1.2642 -1.2532 0.31424 0 355.85 -44.641 -0.32659 0.015761 45988 5019 6003 0 0
3.044e+05 1.1233 0.12816 1.2645 -1.4068 0.33577 0 373.19 -36.895 -0.32744 0.015751 45988 5022 6004.4 0 0
3.045e+05 1.1376 0.1648 1.296 -1.2656 0.32754 0 384.72 -34.586 -0.32828 0.015748 45988 5023 6005.6 0 0
3.046e+05 1.1097 0.15773 1.2109 -1.3979 0.32097 0 357.1 -37.16 -0.32913 0.015748 45988 5023 6006.9 0 0
3.047e+05 1.1018 0.1536 1.1919 -1.2991 0.31184 0 346.52 -37.844 -0.32998 0.015742 45988 5025 6008.2 0 0
3.048e+05 1.1551 0.13699 1.2309 -1.2646 0.32283 0 377.27 -34.325 -0.33082 0.015745 45988 5024 6009.4 0 0
3.049e+05 1.1324 0.13598 1.235 -1.3231 0.31274 0 363.52 -35.613 -0.33167 0.015742 45988 5025 6010.6 0 0
3.05e+05 1.1194 0.14244 1.2372 -1.2172 0.3119 0 351.51 -36.195 -0.33251 0.015732 45988 5028 6011.9 0 0
3.051e+05 1.1373 0.14251 1.2537 -1.3316 0.3522 0 355.59 -34.729 -0.33336 0.015745 45988 5024 6013.2 0 0
3.052e+05 1.0384 0.18154 1.2058 -1.3133 0.32412 0 348.95 -47.379 -0.3342 0.015748 45988 5023 6014.5 0 0
3.053e+05 1.0763 0.17528 1.3046 -1.0955 0.32792 0 349.46 -41.736 -0.33505 0.015751 45988 5022 6016 0 0
3.054e+05 1.106 0.15376 1.2732 -1.3986 0.30706 0 339.98 -37.042 -0.33589 0.015751 45988 5022 6017.3 0 0
3.055e+05 1.0689 0.1588 1.297 -1.3118 0.32129 0 355.87 -42.769 -0.33674 0.015748 45988 5023 6018.6 0 0
3.056e+05 1.1055 0.15648 1.2296 -1.4118 0.34694 0 370.29 -37.098 -0.33758 0.015742 45988 5025 6020 0 0
3.057e+05 1.1176 0.15298 1.2749 -1.4896 0.33251 0 371.17 -35.903 -0.33842 0.015742 45988 5025 6021.2 0 0
3.058e+05 1.1394 0.16344 1.2566 -1.094 0.34414 0 366.95 -34.046 -0.33926 0.015742 45988 5025 6022.5 0 0
3.059e+05 1.1156 0.14627 1.2861 -1.0673 0.31605 0 340.51 -36.062 -0.34011 0.015732 45988 5028 6023.8 0 0
3.06e+05 1.0722 0.14122 1.2749 -1.2792 0.32603 0 362.18 -42.527 -0.34095 0.015732 45988 5028 6025.1 0 0
3.061e+05 1.0482 0.1639 1.1455 -1.3773 0.30326 0 327.36 -46.222 -0.34179 0.015723 45988 5031 6026.4 0 0
3.062e+05 1.0708 0.17234 1.206 -1.2976 0.32594 0 332.7 -42.364 -0.34263 0.01572 45988 5032 6027.8 0 0
3.063e+05 1.1115 0.16943 1.2631 -1.1217 0.30979 0 343.35 -36.327 -0.34347 0.01572 45988 5032 6029.2 0 0
3.064e+05 1.1301 0.16166 1.196 -1.3199 0.33172 0 363.85 -34.463 -0.34432 0.015726 45988 5030 6030.5 0 0
3.065e+05 1.1163 0.16731 1.2594 -1.2726 0.32189 0 335.72 -35.829 -0.34516 0.015726 45988 5030 6031.8 0 0
3.066e+05 1.1189 0.14287 1.2575 -1.2052 0.30149 0 325.58 -35.746 -0.346 0.01572 45988 5032 6033.1 0 0
3.067e+05 1.0821 0.15268 1.2116 -1.5457 0.30186 0 364.73 -40.249 -0.34684 0.015714 45988 5034 6034.5 0 0
3.068e+05 1.1422 0.14934 1.211 -1.3279 0.31314 0 359.27 -33.788 -0.34768 0.015717 45988 5033 6035.7 0 0
3.069e+05 1.1217 0.16765 1.161 -1.5374 0.30607 0 358.93 -35.134 -0.34852 0.015714 45988 5034 6037 0 0
3.07e+05 1.0979 0.17939 1.2154 -1.4589 0.30138 0 374.9 -37.034 -0.34936 0.015707 45988 5036 6038.4 0 0
3.071e+05 1.0607 0.14824 1.196 -1.4068 0.31096 0 368.86 -43.941 -0.35019 0.015701 45988 5038 6039.9 0 0
3.072e+05 1.1077 0.16624 1.3023 -1.3362 0.32717 0 350.96 -36.455 -0.35103 0.015716 45988 5033 6041.4 0 0
3.073e+05 1.147 0.145 1.245 -1.2496 0.32157 0 335.47 -33.727 -0.35187 0.015703 45988 5037 6042.9 0 0
3.074e+05 1.0332 0.15044 1.2069 -1.4692 0.31061 0 364.69 -47.731 -0.35271 0.015691 45988 5041 6044.5 0 0
3.075e+05 1.0288 0.16531 1.2018 -1.4209 0.31014 0 366.06 -48.215 -0.35355 0.015675 45988 5046 6046 0 0
3.076e+05 1.0292 0.18432 1.2334 -1.3191 0.3296 0 358.68 -47.625 -0.35438 0.015678 45988 5045 6047.5 0 0
3.077e+05 1.0463 0.1687 1.1661 -1.0858 0.30675 0 338.68 -45.882 -0.35522 0.015685 45988 5043 6048.9 0 0
3.078e+05 1.0911 0.15828 1.262 -1.4771 0.31254 0 368.69 -38.487 -0.35606 0.015688 45988 5042 6050.3 0 0
3.079e+05 1.0895 0.1748 1.2137 -1.2996 0.29683 0 384.77 -38.658 -0.3569 0.015691 45988 5041 6051.8 0 0
3.08e+05 1.1314 0.16247 1.2602 -1.2486 0.32175 0 370.74 -33.961 -0.35773 0.015691 45988 5041 6053 0 0
3.081e+05 1.1457 0.14966 1.2088 -1.3304 0.32381 0 360.56 -33.498 -0.35857 0.015703 45988 5037 6054.3 0 0
3.082e+05 1.1137 0.13356 1.2289 -1.2983 0.32926 0 388.51 -36.953 -0.35941 0.015703 45988 5037 6055.6 0 0
3.083e+05 1.1037 0.14598 1.2002 -1.5534 0.30025 0 369.97 -36.773 -0.36024 0.0157 45988 5038 6057 0 0
3.084e+05 1.1028 0.14857 1.2008 -1.3676 0.32651 0 377.31 -36.746 -0.36108 0.0157 45988 5038 6058.3 0 0
3.085e+05 1.0932 0.15439 1.1962 -1.1964 0.30843 0 368.25 -38.066 -0.36191 0.015697 45988 5039 6059.7 0 0
3.086e+05 1.1339 0.15018 1.2695 -1.2939 0.33576 0 361.12 -33.863 -0.36275 0.015697 45988 5039 6061 0 0
3.087e+05 1.1124 0.14566 1.2605 -1.276 0.32712 0 364.3 -35.744 -0.36358 0.015694 45988 5040 6062.3 0 0
3.088e+05 1.115 0.12782 1.2456 -1.2107 0.34283 0 376.98 -37.13 -0.36442 0.015691 45988 5041 6063.5 0 0
3.089e+05 1.1198 0.1407 1.2534 -1.3967 0.34094 0 378.84 -35.334 -0.36525 0.015688 45988 5042 6064.8 0 0
3.09e+05 1.0853 0.12653 1.159 -1.3242 0.33231 0 375.96 -41.268 -0.36608 0.015688 45988 5042 6066.1 0 0
3.091e+05 1.1393 0.13943 1.277 -1.4098 0.3221 0 390.82 -34.109 -0.36692 0.015682 45988 5044 6067.4 0 0
3.092e+05 1.0543 0.12267 1.2398 -1.151 0.3288 0 361.83 -46.564 -0.36774 0.015676 45988 5046 6068.7 0 0
3.093e+05 1.1906 0.14262 1.2505 -1.4892 0.32735 0 377.82 -33.232 -0.36857 0.015676 45989 5046 6069.9 0 0
3.094e+05 1.0988 0.16775 1.2311 -1.5568 0.31408 0 360.71 -37.156 -0.3694 0.015666 45989 5049 6071.2 0 0
3.095e+05 1.063 0.13758 1.2074 -1.3246 0.32324 0 372.38 -43.853 -0.37023 0.01566 45989 5051 6072.5 0 0
3.096e+05 1.0804 0.17513 1.2015 -1.3552 0.30504 0 381.5 -40.077 -0.37107 0.01566 45989 5051 6073.8 0 0
3.097e+05 1.0903 0.15021 1.2392 -1.4066 0.33568 0 356.79 -38.308 -0.3719 0.015657 45989 5052 6075 0 0
3.098e+05 1.1413 0.096763 1.161 -1.3696 0.31476 0 383.04 -41.992 -0.37273 0.01566 45989 5051 6076.4 0 0
3.099e+05 1.1348 0.10323 1.2585 -1.3651 0.322 0 371.83 -40.11 -0.37356 0.015663 45989 5050 6077.8 0 0
3.1e+05 1.1385 0.17752 1.292 -1.2815 0.33519 0 380.36 -31.925 -0.37439 0.015663 45989 5050 6079 0 0
3.101e+05 1.1434 0.14694 1.2566 -1.3267 0.3278 0 395.22 -33.144 -0.37522 0.015657 45989 5052 6080.3 0 0
3.102e+05 1.0591 0.14674 1.2131 -1.3939 0.32797 0 372.33 -43.646 -0.37606 0.01566 45989 5051 6081.6 0 0
3.103e+05 1.1729 0.14489 1.3118 -1.3053 0.34502 0 360.56 -32.887 -0.37689 0.015657 45989 5052 6082.9 0 0
3.104e+05 1.1053 0.16212 1.2808 -1.4046 0.30457 0 360.53 -35.973 -0.37772 0.015663 45989 5050 6084.1 0 0
3.105e+05 1.0505 0.1599 1.1547 -1.3724 0.30924 0 359.7 -44.869 -0.37855 0.015666 45989 5049 6085.4 0 0
3.106e+05 1.0727 0.16185 1.2015 -1.106 0.31902 0 363.82 -40.789 -0.37938 0.01566 45989 5051 6086.7 0 0
3.107e+05 1.1367 0.13732 1.261 -1.3464 0.3251 0 370.14 -33.881 -0.38021 0.01566 45989 5051 6087.9 0 0
3.108e+05 1.1142 0.17054 1.274 -1.2826 0.31878 0 386.42 -35.101 -0.38104 0.015654 45989 5053 6089.2 0 0
3.109e+05 1.1158 0.15639 1.286 -1.4743 0.33749 0 370.58 -34.686 -0.38187 0.015651 45989 5054 6090.4 0 0
3.11e+05 1.1607 0.13657 1.2462 -1.2202 0.34662 0 393.68 -33.358 -0.38269 0.015654 45989 5053 6091.7 0 0
3.111e+05 1.1024 0.12068 1.229 -1.4045 0.30277 0 353.55 -39.5 -0.38352 0.015645 45989 5056 6093.1 0 0
3.112e+05 1.0905 0.14411 1.2448 -1.2558 0.33002 0 357.52 -38.062 -0.38435 0.015635 45989 5059 6094.6 0 0
3.113e+05 1.105 0.16248 1.2132 -1.328 0.30387 0 338.2 -35.649 -0.38518 0.015629 45989 5061 6096 0 0
3.114e+05 1.1381 0.17769 1.2433 -1.4323 0.31222 0 363.37 -31.769 -0.386 0.015626 45989 5062 6097.2 0 0
3.115e+05 1.1159 0.17826 1.2674 -1.2036 0.31256 0 346.26 -34.221 -0.38683 0.015623 45989 5063 6098.5 0 0
3.116e+05 1.1567 0.17199 1.2441 -1.5308 0.32097 0 377.56 -30.174 -0.38766 0.015617 45989 5065 6099.7 0 0
3.117e+05 1.1154 0.14594 1.2462 -1.16 0.30193 0 346.82 -34.433 -0.38849 0.015611 45989 5067 6100.9 0 0
3.118e+05 1.1352 0.16308 1.2544 -1.4273 0.32875 0 371.44 -32.858 -0.38931 0.01562 45989 5064 6102.1 0 0
3.119e+05 1.1634 0.15838 1.2604 -1.3698 0.29991 0 377.47 -32 -0.39014 0.015623 45989 5063 6103.4 0 0
3.12e+05 1.156 0.14707 1.2815 -1.334 0.29919 0 358.81 -32.641 -0.39096 0.01562 45989 5064 6104.6 0 0
3.121e+05 1.2024 0.16672 1.3109 -1.4836 0.31462 0 366.75 -26.376 -0.39179 0.01562 45989 5064 6105.8 0 0
3.122e+05 1.2034 0.13394 1.1782 -1.4074 0.30108 0 373.72 -33.962 -0.39261 0.015614 45989 5066 6107 0 0
3.123e+05 1.1216 0.15147 1.238 -1.3126 0.32474 0 387.67 -33.579 -0.39344 0.015614 45989 5066 6108.2 0 0
3.124e+05 1.1585 0.13095 1.2205 -1.4145 0.30972 0 361.29 -33.917 -0.39426 0.015614 45989 5066 6109.4 0 0
3.125e+05 1.0632 0.13741 1.1874 -1.3156 0.31977 0 367.85 -43.318 -0.39509 0.015604 45989 5069 6110.7 0 0
3.126e+05 1.1411 0.13191 1.2188 -1.2025 0.33483 0 356.74 -33.963 -0.39591 0.015611 45989 5067 6111.9 0 0
3.127e+05 1.1558 0.13691 1.3109 -1.2805 0.32191 0 366.25 -33.08 -0.39674 0.015608 45989 5068 6113.1 0 0
3.128e+05 1.2043 0.1462 1.2628 -1.4695 0.33216 0 373.25 -32.325 -0.39756 0.015604 45989 5069 6114.4 0 0
3.129e+05 1.1581 0.14724 1.2051 -1.213 0.31038 0 357.74 -32.253 -0.39838 0.015601 45989 5070 6115.6 0 0
3.13e+05 1.2154 0.13399 1.2264 -1.3594 0.30052 0 354.11 -33.407 -0.39921 0.015601 45989 5070 6116.8 0 0
3.131e+05 1.1797 0.13186 1.243 -1.3775 0.29533 0 348.81 -33.381 -0.40003 0.015604 45989 5069 6118.1 0 0
3.132e+05 1.1671 0.15541 1.3048 -1.571 0.31309 0 349.71 -31.564 -0.40085 0.015608 45989 5068 6119.3 0 0
3.133e+05 1.1692 0.15997 1.2637 -1.4317 0.35028 0 355.84 -31.152 -0.40168 0.015608 45989 5068 6120.4 0 0
3.134e+05 1.0443 0.15703 1.2 -1.2225 0.32691 0 340.57 -45.505 -0.4025 0.015611 45989 5067 6121.6 0 0
3.135e+05 1.1261 0.15212 1.2233 -1.4136 0.31508 0 352.7 -33.072 -0.40332 0.015608 45989 5068 6122.8 0 0
3.136e+05 1.1582 0.15956 1.2422 -1.2348 0.30674 0 347.86 -31.652 -0.40414 0.015611 45989 5067 6124.1 0 0
3.137e+05 1.1256 0.15845 1.24 -1.4747 0.29655 0 348.54 -32.799 -0.40496 0.015611 45989 5067 6125.3 0 0
3.138e+05 1.1543 0.14527 1.2706 -1.393 0.3403 0 361.13 -31.974 -0.40579 0.015608 45989 5068 6126.5 0 0
3.139e+05 1.0778 0.17747 1.2327 -1.3584 0.32285 0 347.16 -40.09 -0.40661 0.015598 45989 5071 6127.7 0 0
3.14e+05 1.1345 0.15 1.1971 -1.3608 0.32571 0 366.05 -32.285 -0.40743 0.015601 45989 5070 6128.9 0 0
3.141e+05 1.1518 0.13317 1.2222 -1.4265 0.30794 0 362.38 -33.004 -0.40825 0.015598 45989 5071 6130.2 0 0
3.142e+05 1.2032 0.14075 1.1643 -1.3438 0.30446 0 380.04 -32.744 -0.40907 0.015592 45989 5073 6131.4 0 0
3.143e+05 1.1518 0.1303 1.2116 -1.2556 0.30804 0 370.88 -33.35 -0.40989 0.015586 45989 5075 6132.6 0 0
3.144e+05 1.1356 0.12367 1.1533 -1.2757 0.31445 0 387.08 -35.182 -0.41071 0.015583 45989 5076 6133.8 0 0
3.145e+05 1.1542 0.14809 1.2168 -1.5022 0.33432 0 389.81 -31.57 -0.41153 0.015583 45989 5076 6135.1 0 0
3.146e+05 1.1808 0.14732 1.2335 -1.3665 0.32222 0 391.36 -31.763 -0.41235 0.015583 45989 5076 6136.3 0 0
3.147e+05 1.1791 0.15868 1.2235 -1.4788 0.31378 0 415.23 -30.525 -0.41317 0.015583 45989 5076 6137.4 0 0
3.148e+05 1.1013 0.16366 1.2106 -1.0958 0.30685 0 381.1 -35.383 -0.41399 0.015583 45989 5076 6138.6 0 0
3.149e+05 1.1633 0.15997 1.1653 -1.3497 0.32744 0 377.12 -30.793 -0.4148 0.01558 45989 5077 6139.8 0 0
3.15e+05 1.1551 0.14108 1.19 -1.184 0.30934 0 375.83 -31.756 -0.41562 0.01558 45989 5077 6141 0 0
3.151e+05 1.1327 0.15482 1.1546 -1.4736 0.30487 0 377.39 -31.894 -0.41644 0.015583 45989 5076 6142.1 0 0
3.152e+05 1.2495 0.13586 1.2721 -1.4413 0.31545 0 394.08 -30.291 -0.41726 0.015586 45989 5075 6143.4 0 0
3.153e+05 1.1866 0.13781 1.3361 -1.1708 0.32092 0 407.47 -32.371 -0.41808 0.015595 45989 5072 6144.6 0 0
3.154e+05 1.208 0.12628 1.3565 -1.2578 0.32384 0 387.71 -34.271 -0.41889 0.015595 45989 5072 6145.8 0 0
3.155e+05 1.2159 0.12816 1.383 -1.376 0.31956 0 413.68 -34.013 -0.41971 0.015589 45989 5074 6147 0 0
3.156e+05 1.0959 0.15327 1.1818 -1.4213 0.32877 0 410.94 -36.498 -0.42052 0.015598 45989 5071 6148.2 0 0
3.157e+05 1.1659 0.1196 1.2563 -1.4533 0.30699 0 409.31 -34.505 -0.42134 0.015598 45989 5071 6149.4 0 0
3.158e+05 1.0928 0.15429 1.2049 -1.4777 0.32654 0 413.8 -36.864 -0.42216 0.015595 45989 5072 6150.7 0 0
3.159e+05 1.0849 0.10279 1.1561 -1.4233 0.33083 0 398.21 -46.213 -0.42297 0.015592 45989 5073 6151.9 0 0
3.16e+05 1.1174 0.09543 1.2453 -1.4942 0.3163 0 404.12 -44.775 -0.42379 0.015595 45989 5072 6153.2 0 0
3.161e+05 1.1015 0.10819 1.1775 -1.2706 0.3107 0 376.36 -42.049 -0.4246 0.015598 45989 5071 6154.6 0 0
3.162e+05 1.1474 0.1184 1.267 -1.4033 0.31887 0 391.43 -35.379 -0.42542 0.015598 45989 5071 6155.9 0 0
3.163e+05 1.0825 0.1304 1.2087 -1.3609 0.33139 0 403.22 -40.454 -0.42623 0.015598 45989 5071 6157.2 0 0
3.164e+05 1.1332 0.11251 1.2166 -1.1913 0.32335 0 386.95 -37.303 -0.42705 0.015589 45989 5074 6158.5 0 0
3.165e+05 1.1482 0.12338 1.1842 -1.3199 0.31051 0 411.26 -34.055 -0.42786 0.015586 45989 5075 6159.8 0 0
3.166e+05 1.0878 0.1347 1.1503 -1.3435 0.32138 0 388.71 -38.489 -0.42868 0.015583 45989 5076 6161.1 0 0
3.167e+05 1.1168 0.13776 1.1982 -1.3746 0.33185 0 400.59 -34.306 -0.42949 0.015589 45989 5074 6162.4 0 0
3.168e+05 1.19 0.13024 1.2738 -1.2993 0.31532 0 378.82 -32.992 -0.4303 0.015589 45989 5074 6163.6 0 0
3.169e+05 1.0581 0.11625 1.1663 -1.2903 0.30973 0 370.25 -46.946 -0.43112 0.015589 45989 5074 6164.8 0 0
3.17e+05 1.1043 0.12821 1.2191 -1.3582 0.32859 0 377.4 -37.001 -0.43193 0.015589 45989 5074 6166.1 0 0
3.171e+05 1.1529 0.14077 1.3077 -1.4635 0.3191 0 375.66 -31.345 -0.43274 0.015589 45989 5074 6167.3 0 0
3.172e+05 1.2069 0.13182 1.2956 -1.333 0.30172 0 414.64 -33.182 -0.43356 0.015592 45989 5073 6168.5 0 0
3.173e+05 1.2049 0.14925 1.3937 -1.4242 0.32692 0 393.52 -30.698 -0.43437 0.015592 45989 5073 6169.7 0 0
3.174e+05 1.1966 0.12455 1.3211 -1.325 0.32022 0 395.14 -33.709 -0.43518 0.015595 45989 5072 6170.9 0 0
3.175e+05 1.1944 0.14352 1.293 -1.4387 0.31472 0 394.18 -31.354 -0.43599 0.015589 45989 5074 6172.1 0 0
3.176e+05 1.1343 0.17066 1.1689 -1.2826 0.32859 0 382.56 -32.087 -0.4368 0.015592 45989 5073 6173.3 0 0
3.177e+05 1.0766 0.15481 1.1599 -1.4107 0.32998 0 394.9 -39.439 -0.43761 0.015589 45989 5074 6174.5 0 0
3.178e+05 1.1479 0.17194 1.2291 -1.4695 0.29955 0 388.6 -30.734 -0.43843 0.015583 45989 5076 6175.7 0 0
3.179e+05 1.1143 0.17692 1.1401 -1.3204 0.29434 0 377.34 -34.171 -0.43924 0.015583 45989 5076 6176.9 0 0
3.18e+05 1.1766 0.16803 1.2332 -1.3903 0.32688 0 369.79 -27.826 -0.44005 0.01558 45989 5077 6178.1 0 0
3.181e+05 1.1073 0.12574 1.121 -1.2128 0.33804 0 380.56 -36.841 -0.44086 0.015592 45989 5073 6179.4 0 0
3.182e+05 1.1744 0.11699 1.2523 -1.3545 0.32714 0 371.07 -34.542 -0.44167 0.015589 45989 5074 6180.7 0 0
3.183e+05 1.1665 0.17733 1.2403 -1.4123 0.33601 0 385.31 -25.816 -0.44248 0.015592 45989 5073 6181.9 0 0
3.184e+05 1.1358 0.16364 1.2368 -1.4132 0.31065 0 363.18 -31.486 -0.44329 0.015592 45989 5073 6183.2 0 0
3.185e+05 1.0731 0.16576 1.203 -1.384 0.3208 0 360.8 -40.041 -0.4441 0.015592 45989 5073 6184.5 0 0
3.186e+05 1.0585 0.17873 1.2172 -1.4851 0.3123 0 350.2 -43.153 -0.44491 0.015592 45989 5073 6185.9 0 0
3.187e+05 1.1211 0.14362 1.1884 -1.4802 0.36309 0 372.14 -32.913 -0.44571 0.015598 45989 5071 6187.2 0 0
3.188e+05 1.0836 0.1086 1.1737 -1.3428 0.3416 0 358.68 -44.505 -0.44652 0.015595 45989 5072 6188.6 0 0
3.189e+05 1.096 0.084493 1.2243 -1.3887 0.36243 0 370.95 -49.618 -0.44733 0.015595 45989 5072 6190.1 0 0
3.19e+05 1.1593 0.098917 1.1848 -1.2828 0.3281 0 391.08 -39.711 -0.44814 0.015592 45989 5073 6191.6 0 0
3.191e+05 1.1909 0.096828 1.1348 -1.3287 0.3009 0 378.26 -40.43 -0.44895 0.015583 45989 5076 6193 0 0
3.192e+05 1.2093 0.12127 1.2138 -1.2395 0.31961 0 353.39 -34.475 -0.44976 0.01558 45989 5077 6194.3 0 0
3.193e+05 1.1868 0.11816 1.1418 -1.1938 0.32777 0 358 -34.42 -0.45056 0.015571 45989 5080 6195.5 0 0
3.194e+05 1.1138 0.096596 1.1712 -1.2205 0.32459 0 355.06 -44.254 -0.45137 0.015565 45989 5082 6197 0 0
3.195e+05 1.0744 0.11535 1.1647 -1.3647 0.31169 0 378.34 -44.439 -0.45218 0.015562 45989 5083 6198.5 0 0
3.196e+05 1.1432 0.11883 1.2538 -1.3256 0.30981 0 374.64 -34.634 -0.45298 0.015565 45989 5082 6199.8 0 0
3.197e+05 1.088 0.1228 1.1937 -1.4135 0.31986 0 418.41 -40.103 -0.45379 0.015565 45989 5082 6201 0 0
3.198e+05 1.218 0.11713 1.1811 -1.3102 0.31684 0 370.26 -35.591 -0.4546 0.015565 45989 5082 6202.4 0 0
3.199e+05 1.1464 0.10276 1.1898 -1.312 0.31539 0 404.09 -38.836 -0.4554 0.015565 45989 5082 6203.7 0 0
3.2e+05 1.1627 0.13047 1.259 -1.2993 0.3211 0 382.37 -31.951 -0.45621 0.015565 45989 5082 6205 0 0
3.201e+05 1.0757 0.14351 1.2428 -1.3407 0.31559 0 401.52 -39.756 -0.45701 0.015565 45989 5082 6206.3 0 0
3.202e+05 1.1101 0.1074 1.1547 -1.3013 0.30717 0 389.92 -40.378 -0.45782 0.015565 45989 5082 6207.5 0 0
3.203e+05 1.0607 0.14009 1.2285 -1.4096 0.31735 0 395.47 -43.183 -0.45862 0.015568 45989 5081 6208.7 0 0
3.204e+05 1.1097 0.1189 1.2878 -1.3267 0.33676 0 388.28 -37.215 -0.45943 0.015574 45989 5079 6210 0 0
3.205e+05 1.0695 0.11856 1.2324 -1.2825 0.31599 0 393.08 -44.479 -0.46023 0.01558 45989 5077 6211.5 0 0
3.206e+05 1.171 0.1196 1.1817 -1.2417 0.32957 0 401.96 -33.476 -0.46103 0.01558 45989 5077 6212.8 0 0
3.207e+05 1.1404 0.084414 1.2266 -1.214 0.3185 0 405.57 -47.249 -0.46184 0.015577 45989 5078 6214.2 0 0
3.208e+05 1.132 0.094936 1.3289 -1.1617 0.34146 0 403.33 -42.194 -0.46264 0.015571 45989 5080 6215.6 0 0
3.209e+05 1.1682 0.11601 1.2005 -1.1219 0.32703 0 431.86 -34.064 -0.46345 0.015565 45989 5082 6217 0 0
3.21e+05 1.175 0.10412 1.3079 -1.3255 0.32862 0 408.94 -37.42 -0.46425 0.015565 45989 5082 6218.3 0 0
3.211e+05 1.0999 0.097686 1.1556 -1.2604 0.33957 0 394.13 -44.729 -0.46505 0.015565 45989 5082 6219.6 0 0
3.212e+05 1.0877 0.10828 1.1325 -1.5788 0.34596 0 404.89 -42.976 -0.46585 0.015558 45989 5084 6221.1 0 0
3.213e+05 1.1354 0.10525 1.2048 -1.5462 0.33873 0 400.85 -37.982 -0.46666 0.015552 45989 5086 6222.5 0 0
3.214e+05 1.0806 0.10418 1.1779 -1.3846 0.32452 0 376.25 -45.15 -0.46746 0.015562 45989 5083 6224 0 0
3.215e+05 1.0883 0.11715 1.2035 -1.3037 0.31376 0 390.66 -40.772 -0.46826 0.015571 45989 5080 6225.3 0 0
3.216e+05 1.1151 0.11299 1.2032 -1.4904 0.33912 0 386.22 -37.577 -0.46906 0.015571 45989 5080 6226.7 0 0
3.217e+05 1.1169 0.12084 1.1997 -1.5116 0.32376 0 362.49 -35.563 -0.46986 0.015568 45989 5081 6228 0 0
3.218e+05 1.1125 0.088524 1.192 -1.2579 0.3252 0 387.26 -47.094 -0.47066 0.015565 45989 5082 6229.3 0 0
3.219e+05 1.1724 0.10819 1.2111 -1.3611 0.30867 0 370.85 -35.833 -0.47147 0.015565 45989 5082 6230.7 0 0
3.22e+05 1.214 0.12343 1.3191 -1.3695 0.30045 0 374.73 -33.805 -0.47227 0.015562 45989 5083 6231.9 0 0
3.221e+05 1.1242 0.11954 1.1854 -1.4141 0.31371 0 389.38 -35.092 -0.47307 0.015555 45989 5085 6233.1 0 0
3.222e+05 1.1495 0.12122 1.2102 -1.2678 0.30647 0 374.53 -33.152 -0.47387 0.01554 45989 5090 6234.4 0 0
3.223e+05 1.2035 0.097491 1.2643 -1.2753 0.31718 0 405.51 -40.158 -0.47467 0.015531 45989 5093 6235.7 0 0
3.224e+05 1.2065 0.12012 1.3129 -1.4612 0.29462 0 406.12 -34.191 -0.47547 0.015528 45989 5094 6237 0 0
3.225e+05 1.2101 0.10756 1.2899 -1.4946 0.29569 0 369.91 -37.4 -0.47626 0.015522 45989 5096 6238.4 0 0
3.226e+05 1.1492 0.090626 1.2083 -1.4753 0.31779 0 385.64 -42.954 -0.47706 0.015528 45989 5094 6239.7 0 0
3.227e+05 1.1289 0.097723 1.2129 -1.3738 0.31623 0 397.71 -40.563 -0.47786 0.015525 45989 5095 6241.1 0 0
3.228e+05 1.17 0.11174 1.2013 -1.3453 0.32921 0 392.53 -34.414 -0.47866 0.015522 45989 5096 6242.5 0 0
3.229e+05 1.0897 0.10426 1.2048 -1.4697 0.31242 0 396.13 -43.03 -0.47946 0.015525 45989 5095 6243.8 0 0
3.23e+05 1.1382 0.10268 1.1946 -1.3011 0.29685 0 415.88 -37.926 -0.48026 0.015525 45989 5095 6245.1 0 0
3.231e+05 1.2248 0.090893 1.2606 -1.2204 0.30761 0 381.4 -44.144 -0.48106 0.015522 45989 5096 6246.4 0 0
3.232e+05 1.1613 0.10834 1.3055 -1.417 0.32689 0 393.08 -34.988 -0.48185 0.015516 45989 5098 6247.8 0 0
3.233e+05 1.1493 0.10365 1.1768 -1.2178 0.32428 0 400.61 -37.101 -0.48265 0.015519 45989 5097 6249 0 0
3.234e+05 1.16 0.086718 1.1748 -1.2619 0.31975 0 379.86 -43.904 -0.48345 0.015519 45989 5097 6250.4 0 0
3.235e+05 1.1408 0.094946 1.2259 -1.3527 0.34677 0 389.43 -40.713 -0.48424 0.015516 45989 5098 6251.9 0 0
3.236e+05 1.1591 0.092442 1.1809 -1.3779 0.33309 0 392.41 -40.906 -0.48504 0.015494 45989 5105 6253.4 0 0
3.237e+05 1.139 0.082051 1.2057 -1.3251 0.29744 0 398.35 -47.197 -0.48584 0.015494 45989 5105 6255 0 0
3.238e+05 1.1749 0.075489 1.261 -1.2351 0.30607 0 398.55 -49.004 -0.48663 0.015488 45989 5107 6256.5 0 0
3.239e+05 1.1759 0.086882 1.2139 -1.3854 0.32273 0 377.59 -43.552 -0.48743 0.015482 45989 5109 6258 0 0
3.24e+05 1.1461 0.12968 1.2202 -1.4377 0.32582 0 409.6 -31.913 -0.48823 0.015482 45989 5109 6259.4 0 0
3.241e+05 1.1641 0.1166 1.313 -1.2912 0.30648 0 398.43 -33.032 -0.48902 0.015485 45989 5108 6260.7 0 0
3.242e+05 1.1484 0.095189 1.1862 -1.3697 0.32438 0 397.81 -39.893 -0.48982 0.015479 45989 5110 6262 0 0
3.243e+05 1.1086 0.094147 1.2008 -1.262 0.32586 0 412.42 -44.057 -0.49061 0.015479 45989 5110 6263.5 0 0
3.244e+05 1.1619 0.10777 1.2228 -1.2921 0.33505 0 404.15 -34.718 -0.4914 0.015482 45989 5109 6264.9 0 0
3.245e+05 1.1978 0.11878 1.2542 -1.4153 0.34008 0 411.69 -33.914 -0.4922 0.015482 45989 5109 6266.1 0 0
3.246e+05 1.1469 0.093529 1.2075 -1.3677 0.32207 0 391.01 -40.528 -0.49299 0.015482 45989 5109 6267.5 0 0
3.247e+05 1.1239 0.11442 1.2705 -1.2612 0.3242 0 375.41 -35.636 -0.49379 0.015479 45989 5110 6268.8 0 0
3.248e+05 1.1754 0.096082 1.2501 -1.3673 0.31341 0 395.86 -38.779 -0.49458 0.015473 45989 5112 6270.1 0 0
3.249e+05 1.2133 0.10319 1.323 -1.1119 0.3068 0 368.09 -38.42 -0.49538 0.015476 45989 5111 6271.4 0 0
3.25e+05 1.1338 0.11108 1.2332 -1.3101 0.30462 0 396.38 -35.153 -0.49617 0.015464 45989 5115 6272.7 0 0
3.251e+05 1.1205 0.12032 1.254 -1.4983 0.34167 0 394.67 -34.785 -0.49696 0.015464 45989 5115 6273.9 0 0
3.252e+05 1.1347 0.12083 1.2054 -1.4097 0.3093 0 379.4 -33.525 -0.49775 0.015464 45989 5115 6275.2 0 0
3.253e+05 1.1356 0.11272 1.2735 -1.333 0.30529 0 388.47 -34.357 -0.49855 0.015461 45989 5116 6276.5 0 0
3.254e+05 1.1652 0.10369 1.2586 -1.2318 0.33072 0 384.1 -35.617 -0.49934 0.015461 45989 5116 6277.8 0 0
3.255e+05 1.0665 0.11472 1.2567 -1.48 0.30271 0 389.14 -45.016 -0.50013 0.015461 45989 5116 6279.2 0 0
3.256e+05 1.1407 0.12194 1.2347 -1.1532 0.32541 0 391.46 -32.9 -0.50092 0.015461 45989 5116 6280.5 0 0
3.257e+05 1.1541 0.11345 1.2073 -1.2853 0.30041 0 408.48 -33.414 -0.50171 0.015461 45989 5116 6281.9 0 0
3.258e+05 1.1217 0.10009 1.2041 -1.3904 0.31855 0 406.15 -39.162 -0.5025 0.015461 45989 5116 6283.3 0 0
3.259e+05 1.148 0.11833 1.2113 -1.4605 0.34426 0 396.8 -32.741 -0.5033 0.015458 45989 5117 6284.6 0 0
3.26e+05 1.1451 0.12739 1.2633 -1.3645 0.3004 0 419.14 -32.004 -0.50409 0.015461 45989 5116 6285.9 0 0
3.261e+05 1.0641 0.11535 1.2868 -1.1885 0.31931 0 423.92 -45.045 -0.50488 0.015458 45989 5117 6287.2 0 0
3.262e+05 1.1424 0.097154 1.2316 -1.2037 0.32807 0 402.91 -38.663 -0.50567 0.015467 45989 5114 6288.5 0 0
3.263e+05 1.1759 0.13637 1.2667 -1.2591 0.32138 0 394.99 -31.024 -0.50646 0.015473 45989 5112 6289.8 0 0
3.264e+05 1.0641 0.089136 1.2108 -1.2845 0.30163 0 397.06 -49.855 -0.50725 0.015458 45989 5117 6291.1 0 0
3.265e+05 1.0808 0.095675 1.1857 -1.4641 0.31172 0 391.69 -47.066 -0.50804 0.015455 45989 5118 6292.6 0 0
3.266e+05 1.1348 0.11206 1.2153 -1.3128 0.32579 0 396.83 -34.1 -0.50882 0.015455 45989 5118 6294 0 0
3.267e+05 1.1196 0.12525 1.1349 -1.2687 0.30534 0 396.71 -33.887 -0.50961 0.015458 45989 5117 6295.4 0 0
3.268e+05 1.1189 0.091672 1.1881 -1.4036 0.32405 0 409.18 -42.941 -0.5104 0.015458 45989 5117 6296.6 0 0
3.269e+05 1.1006 0.12731 1.2172 -1.403 0.31862 0 388.55 -36.324 -0.51119 0.015458 45989 5117 6297.9 0 0
3.27e+05 1.11 0.12085 1.2496 -1.3304 0.31778 0 395.6 -35.259 -0.51198 0.015458 45989 5117 6299.1 0 0
3.271e+05 1.0804 0.086175 1.2227 -1.5419 0.34681 0 380.76 -49.527 -0.51277 0.015458 45989 5117 6300.5 0 0
3.272e+05 1.0937 0.15148 1.1992 -1.4191 0.30365 0 400.78 -36.261 -0.51356 0.015455 45989 5118 6301.8 0 0
3.273e+05 1.0586 0.11673 1.1927 -1.1233 0.32763 0 399.9 -45.92 -0.51434 0.015452 45989 5119 6303.1 0 0
3.274e+05 1.0955 0.13238 1.189 -1.3902 0.32579 0 400.02 -36.521 -0.51513 0.015455 45989 5118 6304.4 0 0
3.275e+05 1.133 0.14025 1.2219 -1.3185 0.3046 0 390.23 -31.893 -0.51592 0.015455 45989 5118 6305.7 0 0
3.276e+05 1.198 0.14225 1.1598 -1.4304 0.30919 0 384.55 -30.466 -0.5167 0.015452 45989 5119 6306.9 0 0
3.277e+05 1.1225 0.11897 1.1939 -1.3428 0.31272 0 385.69 -33.939 -0.51749 0.015455 45989 5118 6308.1 0 0
3.278e+05 1.1078 0.12524 1.1965 -1.27 0.31705 0 395.6 -34.945 -0.51828 0.015458 45989 5117 6309.3 0 0
3.279e+05 1.1403 0.13294 1.2265 -1.4997 0.31071 0 393.89 -31.595 -0.51906 0.015461 45989 5116 6310.6 0 0
3.28e+05 1.0664 0.11865 1.1742 -1.2005 0.30367 0 399.11 -43.658 -0.51985 0.015464 45989 5115 6311.9 0 0
3.281e+05 1.1704 0.12939 1.2429 -1.16 0.31184 0 404.27 -31.035 -0.52064 0.015461 45989 5116 6313.2 0 0
3.282e+05 1.1038 0.1126 1.218 -1.4566 0.30924 0 395.67 -36.772 -0.52142 0.015461 45989 5116 6314.5 0 0
3.283e+05 1.1206 0.11434 1.2086 -1.667 0.32492 0 401.13 -34.338 -0.52221 0.015461 45989 5116 6315.8 0 0
3.284e+05 1.1061 0.1502 1.203 -1.5219 0.32378 0 416.26 -33.967 -0.52299 0.015464 45989 5115 6317 0 0
3.285e+05 1.0672 0.11935 1.2657 -1.5085 0.34182 0 382.37 -43.168 -0.52378 0.015467 45989 5114 6318.3 0 0
3.286e+05 1.1412 0.16436 1.2345 -1.2875 0.30007 0 403.29 -31.077 -0.52456 0.015458 45989 5117 6319.5 0 0
3.287e+05 1.1598 0.16323 1.3034 -1.3841 0.33189 0 400.88 -29.846 -0.52534 0.015455 45989 5118 6320.7 0 0
3.288e+05 1.12 0.13054 1.2205 -1.4445 0.31006 0 425.72 -33.03 -0.52613 0.015449 45989 5120 6321.9 0 0
3.289e+05 1.0865 0.13506 1.2602 -1.2504 0.30128 0 380.09 -37.608 -0.52691 0.015446 45989 5121 6323.1 0 0
3.29e+05 1.0463 0.13265 1.1922 -1.3106 0.32254 0 392.01 -46.242 -0.5277 0.015449 45989 5120 6324.4 0 0
3.291e+05 1.1498 0.16734 1.2358 -1.3509 0.3213 0 388.74 -30.383 -0.52848 0.015443 45989 5122 6325.6 0 0
3.292e+05 1.1397 0.15574 1.2825 -1.2922 0.33737 0 408.51 -30.751 -0.52926 0.015443 45989 5122 6326.8 0 0
3.293e+05 1.1434 0.15961 1.2694 -1.4106 0.30575 0 392.37 -30.469 -0.53004 0.015446 45989 5121 6328 0 0
3.294e+05 1.1181 0.15394 1.2483 -1.5763 0.33659 0 392.46 -32.435 -0.53083 0.01544 45989 5123 6329.2 0 0
3.295e+05 1.107 0.15641 1.2062 -1.2936 0.31149 0 377.12 -33.415 -0.53161 0.015431 45989 5126 6330.4 0 0
3.296e+05 1.0895 0.159 1.1768 -1.2634 0.31441 0 415.42 -36.557 -0.53239 0.015431 45989 5126 6331.7 0 0
3.297e+05 1.1019 0.17229 1.1501 -1.5039 0.30619 0 404.95 -34.761 -0.53317 0.015431 45989 5126 6333 0 0
3.298e+05 1.0618 0.17519 1.1564 -1.2656 0.36604 0 394.74 -42.478 -0.53395 0.015428 45989 5127 6334.3 0 0
3.299e+05 1.0545 0.15558 1.1791 -1.6032 0.29894 0 363.6 -43.503 -0.53474 0.015431 45989 5126 6335.6 0 0
3.3e+05 1.089 0.15927 1.1901 -1.3514 0.30929 0 376.36 -36.457 -0.53552 0.015428 45989 5127 6336.8 0 0
3.301e+05 1.0669 0.18029 1.2098 -1.352 0.32662 0 374.34 -41.546 -0.5363 0.015425 45989 5128 6338.1 0 0
3.302e+05 1.0705 0.14515 1.2643 -1.4409 0.32508 0 391.7 -40.373 -0.53708 0.015425 45989 5128 6339.4 0 0
3.303e+05 1.1025 0.16367 1.2491 -1.3458 0.34135 0 381.98 -33.881 -0.53786 0.015422 45989 5129 6340.6 0 0
3.304e+05 1.1288 0.17403 1.181 -1.4937 0.30742 0 390.8 -31.552 -0.53864 0.015422 45989 5129 6341.8 0 0
3.305e+05 1.1337 0.15774 1.2367 -1.3047 0.31711 0 388.47 -30.826 -0.53942 0.015425 45989 5128 6343 0 0
3.306e+05 1.139 0.16517 1.1962 -1.4683 0.31402 0 394.89 -30.561 -0.5402 0.015428 45989 5127 6344.2 0 0
3.307e+05 1.0929 0.18675 1.1591 -1.3306 0.3246 0 406.41 -34.875 -0.54098 0.015419 45989 5130 6345.5 0 0
3.308e+05 1.0931 0.1844 1.2472 -1.2938 0.35128 0 388.57 -35.392 -0.54176 0.015419 45989 5130 6346.8 0 0
3.309e+05 1.121 0.18372 1.2113 -1.4587 0.32993 0 400.13 -31.196 -0.54254 0.01541 45989 5133 6347.9 0 0
3.31e+05 1.1214 0.18635 1.2814 -1.1587 0.29811 0 399.77 -30.364 -0.54332 0.015401 45989 5136 6349.2 0 0
3.311e+05 1.0653 0.17719 1.2018 -1.3206 0.34387 0 396.88 -41.539 -0.54409 0.015398 45989 5137 6350.4 0 0
3.312e+05 1.1366 0.16167 1.2308 -1.2816 0.33192 0 397.35 -30.531 -0.54487 0.015398 45989 5137 6351.7 0 0
3.313e+05 1.0524 0.17374 1.1909 -1.2731 0.32662 0 397.06 -43.645 -0.54565 0.015392 45989 5139 6353.1 0 0
3.314e+05 1.0772 0.16048 1.2122 -1.2781 0.32227 0 374.93 -38.33 -0.54643 0.015389 45989 5140 6354.4 0 0
3.315e+05 1.1312 0.19486 1.198 -1.3202 0.31724 0 394.8 -26.133 -0.54721 0.015398 45989 5137 6355.8 0 0
3.316e+05 1.0874 0.17433 1.2749 -1.1861 0.31563 0 376.72 -36.407 -0.54798 0.015383 45989 5142 6357.1 0 0
3.317e+05 1.0256 0.1811 1.1954 -1.3245 0.34148 0 379.33 -48.152 -0.54876 0.015386 45989 5141 6358.5 0 0
3.318e+05 1.0435 0.19014 1.1558 -1.4592 0.31293 0 411.45 -45.085 -0.54954 0.015389 45989 5140 6359.9 0 0
3.319e+05 1.0941 0.18182 1.1902 -1.366 0.30865 0 408.99 -35.106 -0.55031 0.015386 45989 5141 6361.3 0 0
3.32e+05 1.1066 0.17232 1.1843 -1.2757 0.331 0 390.4 -33.318 -0.55109 0.015383 45989 5142 6362.7 0 0
3.321e+05 1.1297 0.16199 1.1999 -1.2973 0.32749 0 409.93 -30.697 -0.55187 0.015386 45989 5141 6364.1 0 0
3.322e+05 1.0876 0.18282 1.2632 -1.2576 0.33177 0 411.86 -35.763 -0.55264 0.015386 45989 5141 6365.3 0 0
3.323e+05 1.1536 0.16557 1.2551 -1.2672 0.2955 0 376.9 -29.388 -0.55342 0.015386 45989 5141 6366.5 0 0
3.324e+05 1.0931 0.16348 1.1949 -1.3218 0.3242 0 384.6 -35.098 -0.55419 0.015383 45989 5142 6367.7 0 0
3.325e+05 1.1107 0.16329 1.205 -1.3491 0.31236 0 415.04 -32.439 -0.55497 0.015386 45989 5141 6368.8 0 0
3.326e+05 1.0685 0.18713 1.1989 -1.2717 0.34136 0 409.67 -39.129 -0.55575 0.01538 45989 5143 6370.1 0 0
3.327e+05 1.0747 0.18691 1.1677 -1.2853 0.32034 0 377.65 -37.683 -0.55652 0.015377 45989 5144 6371.4 0 0
3.328e+05 1.1311 0.17182 1.1833 -1.2904 0.33355 0 393.99 -30.461 -0.55729 0.01538 45989 5143 6372.5 0 0
3.329e+05 1.1215 0.17996 1.3282 -1.3922 0.31972 0 390.82 -31.055 -0.55807 0.01538 45989 5143 6373.7 0 0
3.33e+05 1.1786 0.17117 1.2542 -1.1733 0.32422 0 396.37 -26.313 -0.55884 0.015374 45989 5145 6374.9 0 0
3.331e+05 1.064 0.15252 1.2123 -1.3188 0.33193 0 397.56 -41.139 -0.55962 0.015365 45989 5148 6376.1 0 0
3.332e+05 1.1699 0.17748 1.3031 -1.4841 0.32209 0 391.55 -25.018 -0.56039 0.015356 45989 5151 6377.2 0 0
3.333e+05 1.0794 0.18396 1.1955 -1.4888 0.31628 0 393.3 -36.916 -0.56116 0.015356 45989 5151 6378.4 0 0
3.334e+05 1.0959 0.18614 1.2071 -1.3465 0.3105 0 404.5 -33.654 -0.56194 0.015356 45989 5151 6379.9 0 0
3.335e+05 1.0639 0.17503 1.2135 -1.3234 0.33309 0 397.68 -40.681 -0.56271 0.015356 45989 5151 6381.2 0 0
3.336e+05 1.0736 0.17192 1.1795 -1.2796 0.32093 0 394.06 -38.538 -0.56348 0.015353 45989 5152 6382.5 0 0
3.337e+05 1.0315 0.18515 1.2011 -1.5121 0.31209 0 393.85 -46.666 -0.56425 0.015359 45989 5150 6383.9 0 0
3.338e+05 1.1482 0.18268 1.1885 -1.3509 0.32746 0 409.16 -27.57 -0.56503 0.015365 45989 5148 6385.2 0 0
3.339e+05 1.0993 0.15381 1.1986 -1.2041 0.32622 0 397.16 -34.222 -0.5658 0.015365 45989 5148 6386.4 0 0
3.34e+05 1.1106 0.17192 1.2635 -1.43 0.29975 0 410.73 -31.997 -0.56657 0.015362 45989 5149 6387.6 0 0
3.341e+05 1.1131 0.16539 1.2775 -1.1837 0.30008 0 421.62 -31.745 -0.56734 0.015371 45989 5146 6388.7 0 0
3.342e+05 1.0813 0.17358 1.1594 -1.3735 0.31126 0 394.64 -36.497 -0.56811 0.015374 45989 5145 6389.9 0 0
3.343e+05 1.1508 0.15735 1.2813 -1.3218 0.33942 0 378.9 -29.351 -0.56888 0.015374 45989 5145 6391.1 0 0
3.344e+05 1.1888 0.14162 1.2643 -1.2626 0.3145 0 401.27 -30.411 -0.56966 0.015368 45989 5147 6392.2 0 0
3.345e+05 1.1527 0.16173 1.2406 -1.4532 0.34264 0 390.1 -29.041 -0.57043 0.015362 45989 5149 6393.4 0 0
3.346e+05 1.1966 0.16061 1.2193 -1.3077 0.31546 0 402.82 -27.406 -0.5712 0.015365 45989 5148 6394.6 0 0
3.347e+05 1.1975 0.12965 1.2639 -1.4087 0.3042 0 384.68 -31.566 -0.57197 0.015362 45989 5149 6395.7 0 0
3.348e+05 1.1561 0.13853 1.2148 -1.3851 0.31994 0 407.7 -30.021 -0.57274 0.015353 45989 5152 6396.9 0 0
3.349e+05 1.1593 0.14525 1.2066 -1.3519 0.30306 0 390.93 -29.717 -0.57351 0.01535 45989 5153 6398.1 0 0
3.35e+05 1.1675 0.11552 1.2135 -1.2303 0.30493 0 369.99 -32.197 -0.57428 0.015353 45989 5152 6399.3 0 0
3.351e+05 1.1088 0.11083 1.1459 -1.6021 0.31665 0 374.98 -36.301 -0.57505 0.01535 45989 5153 6400.5 0 0
3.352e+05 1.1532 0.15012 1.1723 -1.2714 0.3387 0 412.99 -29.266 -0.57581 0.015353 45989 5152 6401.7 0 0
3.353e+05 1.194 0.12637 1.2581 -1.4586 0.31976 0 392.94 -31.692 -0.57658 0.01535 45989 5153 6402.9 0 0
3.354e+05 1.1826 0.13376 1.1853 -1.2127 0.30805 0 405.53 -30.834 -0.57735 0.01535 45989 5153 6404.1 0 0
3.355e+05 1.1835 0.10645 1.2155 -1.3218 0.34899 0 398.6 -34.644 -0.57812 0.015356 45989 5151 6405.3 0 0
3.356e+05 1.1687 0.12777 1.2814 -1.4869 0.31429 0 400.87 -30.457 -0.57889 0.015356 45989 5151 6406.5 0 0
3.357e+05 1.1453 0.13778 1.1916 -1.4549 0.30533 0 404.46 -30.155 -0.57966 0.01535 45989 5153 6407.7 0 0
3.358e+05 1.1707 0.11704 1.2838 -1.3355 0.31799 0 402.39 -31.714 -0.58042 0.015353 45989 5152 6408.9 0 0
3.359e+05 1.1302 0.13686 1.226 -1.282 0.32263 0 402.65 -31.054 -0.58119 0.015353 45989 5152 6410.1 0 0
3.36e+05 1.1345 0.12554 1.1689 -1.4189 0.33224 0 388.76 -31.368 -0.58196 0.01535 45989 5153 6411.3 0 0
3.361e+05 1.1466 0.16371 1.2031 -1.3718 0.3069 0 397.58 -29.023 -0.58273 0.01535 45989 5153 6412.5 0 0
3.362e+05 1.1417 0.11808 1.2346 -1.1324 0.2902 0 368.52 -31.718 -0.58349 0.01535 45989 5153 6413.7 0 0
3.363e+05 1.0717 0.14409 1.2075 -1.259 0.36308 0 420.2 -39.965 -0.58426 0.015356 45989 5151 6414.9 0 0
3.364e+05 1.1337 0.13183 1.2564 -1.3143 0.33174 0 397.4 -30.852 -0.58502 0.015353 45989 5152 6416.1 0 0
3.365e+05 1.1454 0.12922 1.2801 -1.3362 0.31292 0 386.75 -30.209 -0.58579 0.01535 45989 5153 6417.3 0 0
3.366e+05 1.0698 0.1375 1.1916 -1.4748 0.32683 0 392.67 -40.839 -0.58656 0.01535 45989 5153 6418.5 0 0
3.367e+05 1.1236 0.12186 1.1954 -1.1743 0.31832 0 392.02 -32.456 -0.58732 0.01535 45989 5153 6419.9 0 0
3.368e+05 1.1134 0.13281 1.2208 -1.3696 0.29314 0 392.26 -32.803 -0.58809 0.015353 45989 5152 6421.1 0 0
3.369e+05 1.1753 0.12119 1.2537 -1.4147 0.33801 0 370.67 -31.352 -0.58885 0.015356 45989 5151 6422.3 0 0
3.37e+05 1.1366 0.13936 1.1951 -1.5109 0.30336 0 384.65 -30.315 -0.58962 0.01535 45989 5153 6423.5 0 0
3.371e+05 1.167 0.12228 1.2353 -1.323 0.31616 0 393.97 -30.54 -0.59038 0.015353 45989 5152 6424.7 0 0
3.372e+05 1.1146 0.12853 1.2097 -1.2803 0.31788 0 374.95 -32.691 -0.59115 0.015353 45989 5152 6425.9 0 0
3.373e+05 1.1771 0.12681 1.2282 -1.3415 0.33245 0 376.93 -30.519 -0.59191 0.015362 45989 5149 6427 0 0
3.374e+05 1.202 0.12115 1.2371 -1.4078 0.32 0 394.13 -32.152 -0.59267 0.015356 45989 5151 6428.2 0 0
3.375e+05 1.1607 0.10976 1.2354 -1.2427 0.31382 0 375.96 -32.72 -0.59344 0.015353 45989 5152 6429.4 0 0
3.376e+05 1.1427 0.12397 1.2017 -1.616 0.32606 0 409.11 -30.454 -0.5942 0.015347 45989 5154 6430.5 0 0
3.377e+05 1.1637 0.13414 1.182 -1.4619 0.34005 0 401.14 -29.443 -0.59496 0.01535 45989 5153 6431.7 0 0
3.378e+05 1.1313 0.13243 1.2487 -1.4659 0.31368 0 380.08 -30.604 -0.59573 0.015347 45989 5154 6432.8 0 0
3.379e+05 1.0717 0.12795 1.1979 -1.2342 0.30823 0 386.45 -40.722 -0.59649 0.01535 45989 5153 6434 0 0
3.38e+05 1.1558 0.15235 1.2047 -1.334 0.3312 0 395.74 -28.995 -0.59725 0.01535 45989 5153 6435.2 0 0
3.381e+05 1.1678 0.12723 1.1799 -1.2132 0.33611 0 404.59 -29.627 -0.59802 0.015344 45989 5155 6436.3 0 0
3.382e+05 1.1795 0.11474 1.1959 -1.2744 0.32622 0 393.17 -32.021 -0.59878 0.015344 45989 5155 6437.6 0 0
3.383e+05 1.102 0.12467 1.1899 -1.3298 0.32212 0 379.18 -34.598 -0.59954 0.015347 45989 5154 6438.9 0 0
3.384e+05 1.1216 0.10551 1.2101 -1.298 0.31713 0 392.2 -35.773 -0.6003 0.015353 45989 5152 6440.1 0 0
3.385e+05 1.1193 0.129 1.219 -1.2899 0.31332 0 371.7 -31.725 -0.60106 0.015353 45989 5152 6441.4 0 0
3.386e+05 1.107 0.10827 1.1566 -1.4539 0.31054 0 385.65 -36.715 -0.60183 0.015359 45989 5150 6442.7 0 0
3.387e+05 1.0967 0.096524 1.1595 -1.3955 0.32963 0 397.91 -43.158 -0.60259 0.015359 45989 5150 6443.9 0 0
3.388e+05 1.1623 0.12456 1.2035 -1.3087 0.33149 0 402.06 -29.621 -0.60335 0.015356 45989 5151 6445.2 0 0
3.389e+05 1.0764 0.1213 1.1844 -1.4983 0.33182 0 383.18 -39.924 -0.60411 0.015353 45989 5152 6446.5 0 0
3.39e+05 1.0656 0.13278 1.1154 -1.3455 0.31802 0 398.88 -41.63 -0.60487 0.015353 45989 5152 6447.8 0 0
3.391e+05 1.1332 0.13189 1.18 -1.1934 0.30675 0 391 -30.155 -0.60563 0.015347 45989 5154 6449.2 0 0
3.392e+05 1.0549 0.11296 1.1491 -1.3847 0.3046 0 394.47 -46.695 -0.60639 0.01535 45989 5153 6450.6 0 0
3.393e+05 1.0771 0.12083 1.1764 -1.4854 0.33175 0 384.59 -39.527 -0.60715 0.01535 45989 5153 6452 0 0
3.394e+05 1.071 0.10954 1.1739 -1.2946 0.30544 0 394.04 -43.415 -0.60791 0.015335 45990 5158 6453.4 0 0
3.395e+05 1.1459 0.12043 1.2723 -1.2893 0.30267 0 393.95 -30.305 -0.60867 0.015335 45990 5158 6454.7 0 0
3.396e+05 1.1983 0.10965 1.2448 -1.5687 0.31648 0 401.29 -34.282 -0.60943 0.015338 45990 5157 6455.9 0 0
3.397e+05 1.0647 0.10209 1.1618 -1.3506 0.3248 0 396.5 -47.014 -0.61018 0.015335 45990 5158 6457.3 0 0
3.398e+05 1.1285 0.13007 1.1904 -1.2035 0.323 0 394.77 -30.422 -0.61094 0.015335 45990 5158 6458.7 0 0
3.399e+05 1.1443 0.12553 1.2358 -1.3304 0.31573 0 380.01 -29.74 -0.6117 0.015335 45990 5158 6460 0 0
3.4e+05 1.0793 0.10635 1.2677 -1.288 0.32577 0 366.01 -42.132 -0.61246 0.015338 45990 5157 6461.3 0 0
3.401e+05 1.1269 0.17454 1.3017 -1.3917 0.29925 0 396.86 -30.13 -0.61322 0.015338 45990 5157 6462.5 0 0
3.402e+05 1.1476 0.16981 1.2541 -1.3983 0.31115 0 406.67 -28.471 -0.61398 0.015338 45990 5157 6463.9 0 0
3.403e+05 1.1151 0.17917 1.2453 -1.2802 0.31971 0 380.55 -31.21 -0.61473 0.015341 45990 5156 6465.1 0 0
3.404e+05 1.1574 0.13911 1.2773 -1.3521 0.3324 0 392.09 -28.821 -0.61549 0.015332 45990 5159 6466.3 0 0
3.405e+05 1.0834 0.15129 1.2674 -1.415 0.30452 0 394.69 -36.512 -0.61625 0.015326 45990 5161 6467.6 0 0
3.406e+05 1.0614 0.14291 1.2175 -1.5405 0.31521 0 377.05 -41.709 -0.617 0.015329 45990 5160 6468.9 0 0
3.407e+05 1.0825 0.15749 1.2166 -1.3848 0.31746 0 394.4 -36.442 -0.61776 0.015323 45990 5162 6470.1 0 0
3.408e+05 1.0653 0.15172 1.2534 -1.3867 0.29597 0 384.61 -40.254 -0.61852 0.015323 45990 5162 6471.4 0 0
3.409e+05 1.0969 0.18406 1.2094 -1.3051 0.32014 0 389.33 -33.228 -0.61927 0.015323 45990 5162 6472.6 0 0
3.41e+05 1.0342 0.17282 1.1642 -1.2277 0.3056 0 386.84 -46.861 -0.62003 0.01532 45990 5163 6473.9 0 0
3.411e+05 1.0645 0.17596 1.2299 -1.3227 0.30933 0 373.99 -39.957 -0.62079 0.015317 45990 5164 6475.3 0 0
3.412e+05 1.1337 0.17186 1.3135 -1.415 0.29857 0 399.71 -29.352 -0.62154 0.015323 45990 5162 6476.6 0 0
3.413e+05 1.036 0.18999 1.1769 -1.1597 0.3171 0 390.35 -45.348 -0.6223 0.015323 45990 5162 6477.9 0 0
3.414e+05 1.106 0.1726 1.2607 -1.4004 0.30598 0 386.94 -31.893 -0.62305 0.015326 45990 5161 6479.2 0 0
3.415e+05 1.0803 0.16935 1.225 -1.2986 0.32456 0 391.84 -36.167 -0.62381 0.015326 45990 5161 6480.4 0 0
3.416e+05 1.0878 0.14045 1.1894 -1.2118 0.32061 0 392.71 -35.704 -0.62456 0.015323 45990 5162 6481.7 0 0
3.417e+05 1.0863 0.13266 1.2929 -1.2328 0.31261 0 369.66 -36.036 -0.62531 0.01532 45990 5163 6483 0 0
3.418e+05 1.1437 0.12781 1.2252 -1.4076 0.31796 0 406.45 -29.469 -0.62607 0.015329 45990 5160 6484.1 0 0
3.419e+05 1.096 0.10527 1.198 -1.0798 0.33102 0 380.09 -38.788 -0.62682 0.015323 45990 5162 6485.4 0 0
3.42e+05 1.1093 0.14318 1.1896 -1.4148 0.3317 0 387.84 -31.722 -0.62758 0.015323 45990 5162 6486.7 0 0
3.421e+05 1.1044 0.13221 1.2159 -1.3279 0.30212 0 374.48 -33.04 -0.62833 0.015323 45990 5162 6488 0 0
3.422e+05 1.1145 0.14323 1.2017 -1.5673 0.32808 0 408.16 -31.042 -0.62908 0.015323 45990 5162 6489.2 0 0
3.423e+05 1.1716 0.12641 1.2249 -1.428 0.3265 0 421.52 -29.444 -0.62984 0.01532 45990 5163 6490.4 0 0
3.424e+05 1.1498 0.11816 1.1346 -1.2444 0.34762 0 403.72 -30.39 -0.63059 0.015323 45990 5162 6491.5 0 0
3.425e+05 1.1148 0.1111 1.1844 -1.343 0.31867 0 397.47 -34.365 -0.63134 0.015326 45990 5161 6492.7 0 0
3.426e+05 1.147 0.11913 1.1948 -1.3272 0.31185 0 371.35 -30.167 -0.63209 0.015326 45990 5161 6493.9 0 0
3.427e+05 1.0466 0.13852 1.1907 -1.2308 0.3372 0 421.68 -45.069 -0.63285 0.015323 45990 5162 6495.1 0 0
3.428e+05 1.1674 0.1403 1.2598 -1.3225 0.32628 0 399.79 -28.353 -0.6336 0.015323 45990 5162 6496.3 0 0
3.429e+05 1.1984 0.12639 1.2073 -1.3615 0.34868 0 397.21 -29.672 -0.63435 0.015317 45990 5164 6497.5 0 0
3.43e+05 1.1466 0.12587 1.2724 -1.2503 0.34924 0 393.69 -29.008 -0.6351 0.01532 45990 5163 6498.7 0 0
3.431e+05 1.1467 0.14546 1.2285 -1.1868 0.37493 0 419.15 -28.504 -0.63585 0.015323 45990 5162 6499.8 0 0
3.432e+05 1.1649 0.14448 1.2423 -1.2491 0.32521 0 387.59 -28.151 -0.6366 0.01532 45990 5163 6501 0 0
3.433e+05 1.1182 0.13067 1.2281 -1.2549 0.33003 0 388.6 -30.694 -0.63735 0.015317 45990 5164 6502.2 0 0
3.434e+05 1.1185 0.14337 1.198 -1.2574 0.30988 0 406.29 -30.46 -0.63811 0.015323 45990 5162 6503.4 0 0
3.435e+05 1.1408 0.13716 1.2516 -1.4458 0.31714 0 374.5 -28.763 -0.63885 0.015332 45990 5159 6504.6 0 0
3.436e+05 1.1067 0.15846 1.2152 -1.3111 0.32406 0 383.32 -31.399 -0.63961 0.015332 45990 5159 6505.7 0 0
3.437e+05 1.2127 0.12679 1.2064 -1.1703 0.33711 0 374.02 -28.994 -0.64036 0.015335 45990 5158 6506.8 0 0
3.438e+05 1.1753 0.11605 1.1641 -1.3789 0.32719 0 371.02 -30.84 -0.64111 0.015335 45990 5158 6508 0 0
3.439e+05 1.158 0.11496 1.251 -1.4098 0.32395 0 390.75 -30.534 -0.64185 0.015335 45990 5158 6509.2 0 0
3.44e+05 1.1502 0.14386 1.2552 -1.0958 0.33191 0 394.33 -27.95 -0.6426 0.015326 45990 5161 6510.4 0 0
3.441e+05 1.0948 0.1127 1.1998 -1.3726 0.3161 0 382.67 -36.606 -0.64335 0.015326 45990 5161 6511.6 0 0
3.442e+05 1.0698 0.10076 1.1937 -1.34 0.32474 0 389.65 -46.334 -0.6441 0.015323 45990 5162 6513 0 0
3.443e+05 1.0889 0.094733 1.1523 -1.3402 0.30723 0 356.73 -44.886 -0.64485 0.015323 45990 5162 6514.4 0 0
3.444e+05 1.0758 0.11229 1.2039 -1.3882 0.30378 0 376.17 -40.513 -0.6456 0.015314 45990 5165 6515.9 0 0
3.445e+05 1.042 0.14171 1.1337 -1.3372 0.31578 0 367.99 -45.97 -0.64635 0.01532 45990 5163 6517.3 0 0
3.446e+05 1.0465 0.128 1.1667 -1.2722 0.31115 0 415.27 -45.675 -0.64709 0.01532 45990 5163 6518.7 0 0
3.447e+05 1.1342 0.12201 1.1497 -1.2725 0.30383 0 381.1 -29.588 -0.64784 0.01532 45990 5163 6520 0 0
3.448e+05 1.0543 0.12568 1.1847 -1.3576 0.31528 0 387.36 -43.686 -0.64859 0.015317 45990 5164 6521.3 0 0
3.449e+05 1.0795 0.14103 1.1746 -1.348 0.32855 0 387.97 -36.677 -0.64934 0.015309 45990 5167 6522.6 0 0
3.45e+05 1.116 0.15561 1.2296 -1.2584 0.30273 0 378.91 -30.532 -0.65009 0.015309 45990 5167 6523.9 0 0
3.451e+05 1.0839 0.16544 1.2147 -1.447 0.33465 0 363.97 -35.474 -0.65083 0.015311 45990 5166 6525.2 0 0
3.452e+05 1.0538 0.16545 1.2783 -1.4466 0.32101 0 384.74 -42.258 -0.65158 0.015311 45990 5166 6526.5 0 0
3.453e+05 1.0869 0.14086 1.2126 -1.2248 0.30339 0 393.02 -35.025 -0.65233 0.015309 45990 5167 6527.9 0 0
3.454e+05 1.1382 0.15396 1.2195 -1.3684 0.30855 0 400.39 -28.734 -0.65307 0.015309 45990 5167 6529 0 0
3.455e+05 1.1196 0.14468 1.2435 -1.4794 0.33156 0 403.08 -29.894 -0.65382 0.015306 45990 5168 6530.2 0 0
3.456e+05 1.1199 0.178 1.1905 -1.2638 0.32154 0 366.17 -30.358 -0.65456 0.015306 45990 5168 6531.4 0 0
3.457e+05 1.0675 0.12205 1.2172 -1.6199 0.31017 0 354.83 -40.481 -0.65531 0.015303 45990 5169 6532.6 0 0
3.458e+05 1.1205 0.1504 1.3116 -1.414 0.31057 0 370.73 -29.707 -0.65606 0.015303 45990 5169 6533.8 0 0
3.459e+05 1.1273 0.1131 1.2034 -1.205 0.34 0 391.99 -31.809 -0.6568 0.015303 45990 5169 6535.2 0 0
3.46e+05 1.1973 0.10796 1.2981 -1.3067 0.32616 0 395.88 -33.401 -0.65755 0.015306 45990 5168 6536.5 0 0
3.461e+05 1.1526 0.14793 1.2862 -1.2095 0.31123 0 386.53 -27.301 -0.65829 0.015306 45990 5168 6537.6 0 0
3.462e+05 1.147 0.15791 1.298 -1.4852 0.31453 0 381.94 -27.968 -0.65903 0.015311 45990 5166 6538.8 0 0
3.463e+05 1.1707 0.17417 1.2594 -1.3196 0.30067 0 376.38 -25.504 -0.65978 0.015311 45990 5166 6539.9 0 0
3.464e+05 1.1249 0.17642 1.2891 -1.384 0.30455 0 373.57 -29.833 -0.66052 0.015306 45990 5168 6541.2 0 0
3.465e+05 1.0428 0.20078 1.2308 -1.1051 0.3185 0 378.32 -41.64 -0.66127 0.01532 45990 5163 6542.5 0 0
3.466e+05 1.1108 0.18772 1.2115 -1.4504 0.30623 0 400.08 -30.712 -0.66201 0.01532 45990 5163 6543.8 0 0
3.467e+05 1.0879 0.17775 1.2184 -1.2884 0.30086 0 391.11 -34.461 -0.66275 0.015314 45990 5165 6545 0 0
3.468e+05 1.0621 0.1829 1.2479 -1.4261 0.33175 0 383.4 -39.759 -0.6635 0.015311 45990 5166 6546.3 0 0
3.469e+05 1.0496 0.19073 1.2093 -1.2927 0.32131 0 382.53 -42.579 -0.66424 0.015311 45990 5166 6547.6 0 0
3.47e+05 1.0486 0.18409 1.2407 -1.4493 0.33245 0 419.67 -43.105 -0.66498 0.015303 45990 5169 6549 0 0
3.471e+05 1.0958 0.18216 1.2125 -1.3784 0.31088 0 397.11 -32.904 -0.66573 0.015303 45990 5169 6550.3 0 0
3.472e+05 1.1118 0.18998 1.2657 -1.3869 0.3192 0 397.89 -30.023 -0.66647 0.015294 45990 5172 6551.6 0 0
3.473e+05 1.0254 0.16935 1.2866 -1.37 0.32956 0 389.4 -47.977 -0.66721 0.015285 45990 5175 6552.9 0 0
3.474e+05 1.0774 0.17725 1.2203 -1.2615 0.32366 0 362.24 -35.854 -0.66795 0.015279 45990 5177 6554.2 0 0
3.475e+05 1.0838 0.19595 1.2754 -1.3542 0.3175 0 394.96 -32.449 -0.66869 0.015279 45990 5177 6555.5 0 0
3.476e+05 1.0503 0.19803 1.1884 -1.483 0.3078 0 382.07 -40.821 -0.66943 0.015285 45990 5175 6556.9 0 0
3.477e+05 1.0575 0.1735 1.2449 -1.4273 0.3156 0 382.48 -40.501 -0.67018 0.015288 45990 5174 6558.3 0 0
3.478e+05 1.0474 0.18651 1.1883 -1.2992 0.31956 0 399.84 -42.602 -0.67092 0.015285 45990 5175 6559.7 0 0
3.479e+05 1.0352 0.18769 1.2049 -1.4336 0.317 0 386.64 -44.881 -0.67166 0.015276 45990 5178 6561 0 0
3.48e+05 1.0394 0.192 1.2243 -1.3013 0.33177 0 404.23 -43.559 -0.6724 0.015267 45990 5181 6562.3 0 0
3.481e+05 1.0732 0.18996 1.2665 -1.5024 0.32495 0 388.5 -35.976 -0.67314 0.015267 45990 5181 6563.7 0 0
3.482e+05 1.0803 0.16911 1.2423 -1.3221 0.31617 0 383.61 -35.281 -0.67388 0.01527 45990 5180 6565.1 0 0
3.483e+05 1.1121 0.16068 1.1442 -1.1471 0.32203 0 399.83 -30.407 -0.67462 0.015264 45990 5182 6566.4 0 0
3.484e+05 1.0642 0.14895 1.1644 -1.4027 0.32316 0 407.39 -39.381 -0.67536 0.015258 45990 5184 6567.7 0 0
3.485e+05 1.0794 0.16804 1.1976 -1.3647 0.32334 0 399.71 -35.383 -0.6761 0.015261 45990 5183 6568.9 0 0
3.486e+05 1.0919 0.16172 1.2061 -1.401 0.29649 0 408.22 -33.193 -0.67684 0.01525 45990 5187 6570.3 0 0
3.487e+05 1.0905 0.14447 1.2676 -1.3687 0.30838 0 373.94 -33.611 -0.67758 0.015255 45990 5185 6571.4 0 0
3.488e+05 1.0896 0.14327 1.2039 -1.2737 0.35 0 409.63 -33.817 -0.67832 0.015247 45990 5188 6572.6 0 0
3.489e+05 1.0801 0.15135 1.2234 -1.2899 0.31014 0 388.42 -35.675 -0.67905 0.015252 45990 5186 6573.9 0 0
3.49e+05 1.1077 0.14114 1.2379 -1.222 0.30256 0 415.81 -30.736 -0.67979 0.015255 45990 5185 6575.1 0 0
3.491e+05 1.0904 0.12505 1.2363 -1.2324 0.33764 0 384.27 -34.658 -0.68053 0.015247 45990 5188 6576.3 0 0
3.492e+05 1.1094 0.15257 1.2794 -1.2037 0.33482 0 401.53 -30.403 -0.68127 0.015241 45990 5190 6577.6 0 0
3.493e+05 1.1648 0.1328 1.2266 -1.4895 0.30872 0 413.52 -27.247 -0.68201 0.015247 45990 5188 6578.7 0 0
3.494e+05 1.1621 0.12359 1.2436 -1.2951 0.32615 0 389.31 -28.065 -0.68274 0.015247 45990 5188 6579.8 0 0
3.495e+05 1.1024 0.14566 1.2637 -1.4075 0.33536 0 387.63 -31.223 -0.68348 0.015241 45990 5190 6581 0 0
3.496e+05 1.1466 0.11815 1.1625 -1.1654 0.33409 0 397.1 -29.225 -0.68422 0.015235 45990 5192 6582.2 0 0
3.497e+05 1.1146 0.1207 1.258 -1.2264 0.33766 0 384.25 -30.962 -0.68496 0.015238 45990 5191 6583.4 0 0
3.498e+05 1.1466 0.10958 1.2649 -1.2646 0.30188 0 396.77 -31.774 -0.68569 0.015238 45990 5191 6584.6 0 0
3.499e+05 1.0812 0.11679 1.1817 -1.263 0.29474 0 373.94 -37.788 -0.68643 0.015232 45990 5193 6585.8 0 0
3.5e+05 1.0388 0.12055 1.1988 -1.5119 0.3111 0 391.63 -47.831 -0.68717 0.015226 45990 5195 6587 0 0
3.501e+05 1.1732 0.14607 1.2752 -1.2462 0.32068 0 380.29 -26.338 -0.6879 0.015226 45990 5195 6588.2 0 0
3.502e+05 1.0582 0.17252 1.2305 -1.4071 0.31218 0 403.18 -39.961 -0.68864 0.015229 45990 5194 6589.4 0 0
3.503e+05 1.0786 0.14084 1.2517 -1.3805 0.32441 0 402.36 -35.953 -0.68937 0.015226 45990 5195 6590.7 0 0
3.504e+05 1.0756 0.1621 1.2367 -1.3965 0.32424 0 385.81 -36.025 -0.69011 0.015223 45990 5196 6592 0 0
3.505e+05 1.1006 0.17846 1.2421 -1.2131 0.30292 0 381.54 -31.556 -0.69085 0.015229 45990 5194 6593.1 0 0
3.506e+05 1.0927 0.17984 1.2523 -1.3966 0.31314 0 388.67 -32.744 -0.69158 0.015241 45990 5190 6594.4 0 0
3.507e+05 1.1222 0.18642 1.2717 -1.5035 0.31416 0 390.9 -28.88 -0.69231 0.015241 45990 5190 6595.8 0 0
3.508e+05 1.1184 0.19606 1.287 -1.4 0.34216 0 392.69 -26.716 -0.69305 0.015238 45990 5191 6597 0 0
3.509e+05 1.1333 0.17844 1.2948 -1.3557 0.2976 0 390.19 -28.652 -0.69378 0.015241 45990 5190 6598.2 0 0
3.51e+05 1.092 0.16916 1.2715 -1.1644 0.34486 0 417.71 -32.657 -0.69452 0.015238 45990 5191 6599.4 0 0
3.511e+05 1.0889 0.1715 1.2761 -1.3532 0.32743 0 391.75 -33.051 -0.69525 0.015235 45990 5192 6600.7 0 0
3.512e+05 1.1351 0.1851 1.2279 -1.3798 0.32346 0 391.23 -28.341 -0.69599 0.015238 45990 5191 6601.9 0 0
3.513e+05 1.1464 0.18001 1.2824 -1.173 0.34155 0 414.08 -27.319 -0.69672 0.015229 45990 5194 6603.1 0 0
3.514e+05 1.1506 0.19453 1.2931 -1.3929 0.32743 0 388.81 -22.822 -0.69745 0.015226 45990 5195 6604.2 0 0
3.515e+05 1.0808 0.15369 1.2246 -1.3582 0.33885 0 399.12 -34.898 -0.69819 0.015226 45990 5195 6605.4 0 0
3.516e+05 1.1363 0.15333 1.2831 -1.3266 0.30439 0 390.06 -27.964 -0.69892 0.015229 45990 5194 6606.6 0 0
3.517e+05 1.1454 0.15216 1.2846 -1.4959 0.29925 0 384.95 -27.336 -0.69965 0.015229 45990 5194 6607.7 0 0
3.518e+05 1.1185 0.14331 1.2401 -1.3446 0.33311 0 375.04 -29.105 -0.70039 0.015232 45990 5193 6608.8 0 0
3.519e+05 1.1523 0.12063 1.208 -1.3342 0.32365 0 387.4 -28.321 -0.70112 0.015223 45990 5196 6610 0 0
3.52e+05 1.1975 0.12608 1.3285 -1.2611 0.31189 0 391.31 -27.358 -0.70185 0.015217 45990 5198 6611.2 0 0
3.521e+05 1.1126 0.11429 1.2039 -1.4204 0.31769 0 413.77 -32.484 -0.70258 0.01522 45990 5197 6612.4 0 0
3.522e+05 1.1549 0.095599 1.2189 -1.3225 0.31963 0 402.67 -37.767 -0.70331 0.01522 45990 5197 6613.7 0 0
3.523e+05 1.209 0.097873 1.2426 -1.4024 0.29338 0 392.54 -36.83 -0.70405 0.01522 45990 5197 6615 0 0
3.524e+05 1.1564 0.10171 1.1924 -1.3908 0.30154 0 387.27 -34.506 -0.70478 0.01522 45990 5197 6616.2 0 0
3.525e+05 1.1735 0.11407 1.2164 -1.3255 0.33741 0 381 -29.876 -0.70551 0.015223 45990 5196 6617.4 0 0
3.526e+05 1.1053 0.11775 1.17 -1.4465 0.3386 0 393.89 -32.64 -0.70624 0.015217 45990 5198 6618.5 0 0
3.527e+05 1.1638 0.11528 1.2994 -1.3205 0.33079 0 378.39 -29.195 -0.70697 0.015211 45990 5200 6619.7 0 0
3.528e+05 1.1126 0.09301 1.2157 -1.3966 0.32643 0 393.57 -41.87 -0.7077 0.01522 45990 5197 6620.9 0 0
3.529e+05 1.197 0.13959 1.2722 -1.3519 0.31997 0 393.02 -25.426 -0.70843 0.015214 45990 5199 6622 0 0
3.53e+05 1.1817 0.12073 1.2178 -1.3611 0.34374 0 407.58 -28.187 -0.70916 0.015217 45990 5198 6623.2 0 0
3.531e+05 1.1831 0.11275 1.2688 -1.3158 0.31213 0 397.91 -30.047 -0.70989 0.015208 45990 5201 6624.3 0 0
3.532e+05 1.1672 0.11116 1.2242 -1.3803 0.31088 0 377.83 -30.245 -0.71062 0.015208 45990 5201 6625.4 0 0
3.533e+05 1.1434 0.11399 1.2607 -1.2788 0.34047 0 393.24 -29.642 -0.71135 0.015211 45990 5200 6626.7 0 0
3.534e+05 1.0964 0.12918 1.1282 -1.2974 0.32142 0 387.3 -32.476 -0.71208 0.015208 45990 5201 6627.9 0 0
3.535e+05 1.1218 0.1105 1.3023 -1.3339 0.30644 0 399.49 -32.348 -0.71281 0.015208 45990 5201 6629.1 0 0
3.536e+05 1.1741 0.1168 1.2509 -1.1395 0.3144 0 377.18 -28.712 -0.71354 0.015208 45990 5201 6630.4 0 0
3.537e+05 1.1747 0.14457 1.2171 -1.3457 0.30867 0 393.88 -25.89 -0.71427 0.015208 45990 5201 6631.5 0 0
3.538e+05 1.1533 0.094872 1.1831 -1.2984 0.30217 0 398.26 -37.414 -0.71499 0.015217 45990 5198 6632.7 0 0
3.539e+05 1.0944 0.11798 1.2494 -1.2268 0.31957 0 398.86 -34.259 -0.71572 0.015211 45990 5200 6633.9 0 0
3.54e+05 1.1866 0.1199 1.3313 -1.333 0.31612 0 388.45 -28.192 -0.71645 0.015211 45990 5200 6635.1 0 0
3.541e+05 1.128 0.14276 1.2823 -1.3599 0.31481 0 373.85 -28.133 -0.71718 0.015211 45990 5200 6636.2 0 0
3.542e+05 1.1541 0.16548 1.3143 -1.4618 0.30132 0 382.46 -26.718 -0.71791 0.015217 45990 5198 6637.4 0 0
3.543e+05 1.1203 0.10503 1.2412 -1.5184 0.35576 0 398.84 -34.427 -0.71863 0.015217 45990 5198 6638.6 0 0
3.544e+05 1.1863 0.12454 1.2202 -1.2738 0.31738 0 401.23 -27.156 -0.71936 0.015214 45990 5199 6639.7 0 0
3.545e+05 1.1048 0.095386 1.2469 -1.2942 0.32501 0 394.49 -41.634 -0.72009 0.015214 45990 5199 6640.9 0 0
3.546e+05 1.1651 0.088182 1.2951 -1.199 0.32959 0 389.07 -40.974 -0.72081 0.015211 45990 5200 6642.2 0 0
3.547e+05 1.1575 0.10832 1.2709 -1.4772 0.34797 0 384.52 -30.535 -0.72154 0.015208 45990 5201 6643.6 0 0
3.548e+05 1.1698 0.12673 1.2013 -1.4986 0.34939 0 397.41 -26.703 -0.72227 0.015214 45990 5199 6644.8 0 0
3.549e+05 1.2274 0.13038 1.3355 -1.3784 0.307 0 370.15 -25.799 -0.72299 0.015208 45990 5201 6646 0 0
3.55e+05 1.1357 0.10995 1.2891 -1.4087 0.32104 0 386.13 -30.866 -0.72372 0.015214 45990 5199 6647.1 0 0
3.551e+05 1.1847 0.11526 1.281 -1.2567 0.32368 0 369.47 -28.883 -0.72445 0.015223 45990 5196 6648.3 0 0
3.552e+05 1.1665 0.12434 1.2505 -1.4606 0.31334 0 407.44 -26.804 -0.72517 0.015223 45990 5196 6649.5 0 0
3.553e+05 1.1839 0.10698 1.2753 -1.2964 0.3125 0 395.92 -31.298 -0.7259 0.015211 45990 5200 6650.6 0 0
3.554e+05 1.1483 0.11794 1.2488 -1.3171 0.33722 0 395.65 -27.832 -0.72662 0.015206 45990 5202 6651.8 0 0
3.555e+05 1.1602 0.14072 1.3096 -1.5734 0.32125 0 394.66 -26.149 -0.72734 0.015206 45990 5202 6652.9 0 0
3.556e+05 1.1723 0.12436 1.3765 -1.4198 0.34945 0 377.41 -26.77 -0.72807 0.0152 45990 5204 6654 0 0
3.557e+05 1.1637 0.091904 1.2993 -1.2955 0.31835 0 383.24 -38.557 -0.72879 0.015206 45990 5202 6655.2 0 0
3.558e+05 1.2428 0.12123 1.3858 -1.5186 0.31061 0 397.52 -27.524 -0.72952 0.0152 45990 5204 6656.3 0 0
3.559e+05 1.1264 0.10876 1.2829 -1.3615 0.31864 0 396.29 -31.756 -0.73024 0.015206 45990 5202 6657.5 0 0
3.56e+05 1.2212 0.092962 1.2884 -1.3886 0.31255 0 393.68 -38.268 -0.73096 0.015203 45990 5203 6658.6 0 0
3.561e+05 1.2243 0.10654 1.3067 -1.2782 0.30211 0 380.11 -32.196 -0.73169 0.015191 45990 5207 6659.8 0 0
3.562e+05 1.181 0.09889 1.3262 -1.3014 0.30928 0 411.8 -34.178 -0.73241 0.015188 45990 5208 6660.9 0 0
3.563e+05 1.1844 0.11554 1.3445 -1.3879 0.31059 0 385.62 -28.27 -0.73313 0.015179 45990 5211 6662.1 0 0
3.564e+05 1.1714 0.11196 1.2894 -1.5309 0.35055 0 389.52 -28.983 -0.73386 0.015176 45990 5212 6663.3 0 0
3.565e+05 1.1797 0.12606 1.2448 -1.2479 0.31182 0 372 -26.507 -0.73458 0.015182 45990 5210 6664.5 0 0
3.566e+05 1.1643 0.087292 1.1906 -1.2065 0.31404 0 377.02 -41.009 -0.7353 0.015176 45990 5212 6665.6 0 0
3.567e+05 1.1131 0.10974 1.177 -1.3904 0.34044 0 377.25 -32.891 -0.73603 0.015176 45990 5212 6666.9 0 0
3.568e+05 1.1545 0.1026 1.2216 -1.2251 0.31303 0 384.05 -32.486 -0.73675 0.015159 45990 5218 6668.3 0 0
3.569e+05 1.1419 0.096009 1.2043 -1.2874 0.3205 0 375.8 -36.346 -0.73747 0.015159 45990 5218 6669.5 0 0
3.57e+05 1.1773 0.10408 1.2427 -1.483 0.32704 0 382.78 -31.393 -0.73819 0.015144 45990 5223 6670.8 0 0
3.571e+05 1.1083 0.10085 1.2108 -1.4619 0.33014 0 368.02 -37.132 -0.73891 0.015139 45990 5225 6672 0 0
3.572e+05 1.1257 0.10119 1.2326 -1.359 0.33131 0 380.38 -34.538 -0.73964 0.015124 45990 5230 6673.2 0 0
3.573e+05 1.1695 0.13098 1.2334 -1.3672 0.30812 0 351.46 -26 -0.74036 0.015124 45990 5230 6674.5 0 0
3.574e+05 1.1391 0.10317 1.2315 -1.3969 0.32201 0 359.37 -32.437 -0.74108 0.015113 45990 5234 6675.8 0 0
3.575e+05 1.1916 0.11977 1.2662 -1.3956 0.32051 0 360.98 -27.413 -0.7418 0.015098 45990 5239 6677.1 0 0
3.576e+05 1.1257 0.13628 1.246 -1.5336 0.32751 0 364.83 -27.772 -0.74252 0.015098 45990 5239 6678.3 0 0
3.577e+05 1.1499 0.097915 1.1959 -1.473 0.29298 0 356.6 -34.472 -0.74324 0.015104 45990 5237 6679.5 0 0
3.578e+05 1.2075 0.10504 1.3242 -1.2857 0.30435 0 363.55 -32.18 -0.74396 0.015098 45990 5239 6680.7 0 0
3.579e+05 1.0841 0.1245 1.1217 -1.3296 0.3134 0 379.15 -35.074 -0.74468 0.015098 45990 5239 6682.1 0 0
3.58e+05 1.1387 0.089218 1.1673 -1.3645 0.33662 0 365.22 -39.926 -0.7454 0.01509 45990 5242 6683.5 0 0
3.581e+05 1.1391 0.08693 1.1651 -1.3455 0.31237 0 367.29 -41.409 -0.74612 0.015084 45990 5244 6684.8 0 0
3.582e+05 1.2228 0.078564 1.2757 -1.4546 0.33226 0 354.97 -46.437 -0.74684 0.015084 45990 5244 6686.2 0 0
3.583e+05 1.1432 0.095941 1.1979 -1.4158 0.33171 0 356.36 -35.438 -0.74756 0.015084 45990 5244 6687.4 0 0
3.584e+05 1.2067 0.11069 1.2395 -1.4177 0.3407 0 333.44 -30.059 -0.74828 0.015084 45990 5244 6688.7 0 0
3.585e+05 1.1997 0.098814 1.2715 -1.5029 0.33919 0 358.92 -33.997 -0.749 0.015072 45990 5248 6690 0 0
3.586e+05 1.2121 0.10633 1.1699 -1.51 0.33955 0 365.77 -31.689 -0.74972 0.015069 45990 5249 6691.4 0 0
3.587e+05 1.1839 0.091281 1.2365 -1.324 0.33522 0 373.64 -37.29 -0.75043 0.015067 45990 5250 6692.7 0 0
3.588e+05 1.222 0.093984 1.2672 -1.3463 0.30822 0 372.36 -36.948 -0.75115 0.015069 45990 5249 6693.9 0 0
3.589e+05 1.1446 0.10519 1.1549 -1.4144 0.3471 0 381.6 -30.927 -0.75187 0.015078 45990 5246 6695.2 0 0
3.59e+05 1.1971 0.094417 1.2223 -1.6053 0.35303 0 379.16 -35.641 -0.75259 0.015084 45990 5244 6696.4 0 0
3.591e+05 1.1782 0.11444 1.2119 -1.3709 0.33361 0 375.79 -27.991 -0.75331 0.015075 45990 5247 6697.6 0 0
3.592e+05 1.2126 0.099713 1.2505 -1.284 0.31761 0 349.27 -33.542 -0.75402 0.015067 45990 5250 6698.7 0 0
3.593e+05 1.2561 0.12113 1.2751 -1.4249 0.32782 0 370.12 -27.719 -0.75474 0.015052 45990 5255 6699.9 0 0
3.594e+05 1.222 0.1121 1.1885 -1.3179 0.3108 0 364.01 -29.62 -0.75546 0.015055 45990 5254 6701 0 0
3.595e+05 1.2255 0.11431 1.2429 -1.3155 0.32023 0 375.79 -28.844 -0.75617 0.015052 45991 5255 6702.1 0 0
3.596e+05 1.3072 0.095875 1.2461 -1.4338 0.30399 0 376.05 -37.311 -0.75689 0.015058 45991 5253 6703.2 0 0
3.597e+05 1.204 0.10102 1.2721 -1.3688 0.35376 0 367.87 -32.523 -0.75761 0.015055 45991 5254 6704.4 0 0
3.598e+05 1.1922 0.11026 1.19 -1.0848 0.3277 0 372.87 -29.082 -0.75832 0.015055 45991 5254 6705.5 0 0
3.599e+05 1.196 0.12417 1.2613 -1.4248 0.33164 0 372.69 -26.317 -0.75904 0.015058 45991 5253 6706.6 0 0
3.6e+05 1.1833 0.1168 1.172 -1.1828 0.33782 0 365.44 -27.155 -0.75975 0.015058 45991 5253 6707.7 0 0
3.601e+05 1.2177 0.12096 1.225 -1.2968 0.33709 0 356.66 -26.991 -0.76047 0.015061 45991 5252 6708.8 0 0
3.602e+05 1.1745 0.13223 1.2065 -1.3472 0.3318 0 367.71 -25.628 -0.76119 0.015058 45991 5253 6709.9 0 0
3.603e+05 1.1664 0.097778 1.188 -1.3375 0.30446 0 370.91 -33.366 -0.7619 0.015058 45991 5253 6711 0 0
3.604e+05 1.2214 0.11597 1.1906 -1.28 0.32733 0 359.51 -27.912 -0.76262 0.015061 45991 5252 6712.1 0 0
3.605e+05 1.2503 0.11235 1.1443 -1.3347 0.29673 0 364.76 -29.647 -0.76333 0.015061 45991 5252 6713.3 0 0
3.606e+05 1.2246 0.13297 1.261 -1.1699 0.31991 0 359.5 -25.041 -0.76404 0.015064 45991 5251 6714.4 0 0
3.607e+05 1.2156 0.11961 1.2575 -1.4296 0.318 0 366.84 -26.856 -0.76476 0.015064 45991 5251 6715.5 0 0
3.608e+05 1.2291 0.10426 1.318 -1.2987 0.32921 0 387.58 -31.643 -0.76547 0.015052 45991 5255 6716.6 0 0
3.609e+05 1.1959 0.13551 1.1653 -1.3204 0.30101 0 368.6 -24.891 -0.76619 0.015041 45991 5259 6717.7 0 0
3.61e+05 1.2211 0.12284 1.3141 -1.3335 0.33853 0 388.53 -26.327 -0.7669 0.015029 45991 5263 6718.8 0 0
3.611e+05 1.1524 0.12376 1.2279 -1.3212 0.36343 0 378.99 -26.29 -0.76761 0.015029 45991 5263 6719.9 0 0
3.612e+05 1.1646 0.13838 1.2181 -1.3853 0.33424 0 369.25 -25.607 -0.76833 0.015024 45991 5265 6720.9 0 0
3.613e+05 1.1683 0.12751 1.3156 -1.1764 0.31618 0 365.49 -25.48 -0.76904 0.015012 45991 5269 6722 0 0
3.614e+05 1.1201 0.14681 1.2658 -1.3388 0.34321 0 386.97 -28.622 -0.76975 0.015004 45991 5272 6723.1 0 0
3.615e+05 1.1244 0.12832 1.2328 -1.144 0.324 0 369.67 -27.787 -0.77046 0.015009 45991 5270 6724.1 0 0
3.616e+05 1.1577 0.13155 1.247 -1.2185 0.35321 0 392.28 -25.568 -0.77118 0.015015 45991 5268 6725.3 0 0
3.617e+05 1.1491 0.13337 1.2514 -1.3748 0.3146 0 403.27 -25.881 -0.77189 0.015027 45991 5264 6726.3 0 0
3.618e+05 1.2009 0.1552 1.3564 -1.3394 0.32941 0 373.94 -23.574 -0.7726 0.015029 45991 5263 6727.4 0 0
3.619e+05 1.189 0.10462 1.2105 -1.5325 0.32575 0 400.71 -30.058 -0.77331 0.015029 45991 5263 6728.5 0 0
3.62e+05 1.1618 0.13246 1.2977 -1.4263 0.36938 0 406.27 -25.253 -0.77403 0.015027 45991 5264 6729.6 0 0
3.621e+05 1.145 0.1476 1.2342 -1.3555 0.33553 0 369.53 -26.506 -0.77474 0.015027 45991 5264 6730.8 0 0
3.622e+05 1.1628 0.13811 1.191 -1.2213 0.35038 0 373.3 -25.331 -0.77545 0.015024 45991 5265 6731.9 0 0
3.623e+05 1.0836 0.098441 1.2108 -1.3641 0.34129 0 397.23 -42.584 -0.77616 0.015012 45991 5269 6733 0 0
3.624e+05 1.0475 0.11692 1.1908 -1.4716 0.32392 0 413.29 -46.333 -0.77687 0.015009 45991 5270 6734.3 0 0
3.625e+05 1.164 0.15417 1.2427 -1.5771 0.33427 0 442.23 -25.867 -0.77758 0.015004 45991 5272 6735.7 0 0
3.626e+05 1.0997 0.12384 1.2499 -1.3493 0.3157 0 403.86 -31.659 -0.77829 0.015009 45991 5270 6736.9 0 0
3.627e+05 1.14 0.14952 1.1969 -1.3454 0.32016 0 402.88 -26.972 -0.779 0.015004 45991 5272 6738 0 0
3.628e+05 1.1491 0.12397 1.2653 -1.2097 0.33543 0 386.52 -25.937 -0.77971 0.014998 45991 5274 6739 0 0
3.629e+05 1.1024 0.1362 1.1889 -1.433 0.33861 0 378.2 -30.554 -0.78042 0.014995 45991 5275 6740.2 0 0
3.63e+05 1.1891 0.14379 1.2358 -1.2582 0.3183 0 400.27 -24.428 -0.78113 0.014995 45991 5275 6741.3 0 0
3.631e+05 1.0575 0.14336 1.178 -1.3056 0.3269 0 401.31 -40.771 -0.78184 0.014992 45991 5276 6742.4 0 0
3.632e+05 1.1479 0.152 1.2231 -1.2961 0.361 0 402.91 -26.259 -0.78255 0.014978 45991 5281 6743.6 0 0
3.633e+05 1.0299 0.13546 1.1801 -1.2042 0.31372 0 411.47 -47.911 -0.78326 0.014984 45991 5279 6745 0 0
3.634e+05 1.0702 0.11908 1.1516 -1.112 0.30759 0 419.62 -38.899 -0.78397 0.014984 45991 5279 6746.3 0 0
3.635e+05 1.0381 0.11824 1.1533 -1.2447 0.3181 0 418.13 -47.825 -0.78468 0.014978 45991 5281 6747.5 0 0
3.636e+05 1.0687 0.11745 1.2008 -1.3309 0.32407 0 389.62 -39.555 -0.78539 0.014978 45991 5281 6748.8 0 0
3.637e+05 1.0912 0.11239 1.1618 -1.3925 0.32596 0 401.06 -35.256 -0.78609 0.014978 45991 5281 6750.1 0 0
3.638e+05 1.1655 0.12964 1.2342 -1.3385 0.31489 0 394.54 -24.897 -0.7868 0.014981 45991 5280 6751.3 0 0
3.639e+05 1.1569 0.13518 1.1976 -1.5156 0.30903 0 404.82 -25.115 -0.78751 0.014981 45991 5280 6752.4 0 0
3.64e+05 1.126 0.1189 1.2108 -1.2889 0.32421 0 379.79 -27.908 -0.78822 0.014981 45991 5280 6753.6 0 0
3.641e+05 1.1897 0.11589 1.2504 -1.3713 0.31911 0 398.85 -26.639 -0.78893 0.014975 45991 5282 6754.7 0 0
3.642e+05 1.0738 0.11746 1.2141 -1.3275 0.32794 0 393.78 -38.058 -0.78963 0.014975 45991 5282 6755.7 0 0
3.643e+05 1.1025 0.12485 1.2379 -1.4302 0.317 0 376.89 -30.695 -0.79034 0.014975 45991 5282 6756.8 0 0
3.644e+05 1.1278 0.13546 1.2275 -1.2839 0.33152 0 376.44 -26.77 -0.79104 0.014978 45991 5281 6757.9 0 0
3.645e+05 1.2229 0.13943 1.2158 -1.3158 0.3384 0 381.87 -23.776 -0.79175 0.014972 45991 5283 6759 0 0
3.646e+05 1.1959 0.11436 1.2763 -1.2958 0.31833 0 382.31 -26.942 -0.79246 0.014961 45991 5287 6760 0 0
3.647e+05 1.1498 0.13385 1.3004 -1.1702 0.34896 0 400.68 -25.154 -0.79316 0.014958 45991 5288 6761.1 0 0
3.648e+05 1.18 0.1222 1.2428 -1.3917 0.3154 0 387.76 -25.144 -0.79387 0.014961 45991 5287 6762.2 0 0
3.649e+05 1.2629 0.10257 1.3502 -1.3156 0.3285 0 389.31 -33.032 -0.79458 0.014949 45991 5291 6763.3 0 0
3.65e+05 1.1403 0.096585 1.2212 -1.285 0.34424 0 388.01 -34.733 -0.79528 0.014947 45991 5292 6764.5 0 0
3.651e+05 1.1331 0.10768 1.2538 -1.1517 0.31926 0 386.41 -30.211 -0.79599 0.014944 45992 5293 6765.8 0 0
3.652e+05 1.2568 0.11746 1.2759 -1.2434 0.30092 0 400.38 -28.334 -0.79669 0.014947 45992 5292 6766.9 0 0
3.653e+05 1.1917 0.12216 1.3179 -1.3815 0.31777 0 412.88 -25.255 -0.7974 0.014941 45992 5294 6768 0 0
3.654e+05 1.2054 0.12573 1.287 -1.2792 0.29109 0 386.71 -24.965 -0.7981 0.014938 45992 5295 6769.1 0 0
3.655e+05 1.095 0.098188 1.1463 -1.32 0.32472 0 380.51 -40.148 -0.79881 0.014941 45992 5294 6770.2 0 0
3.656e+05 1.1527 0.1041 1.2985 -1.1886 0.32655 0 413.9 -30.261 -0.79951 0.014944 45992 5293 6771.4 0 0
3.657e+05 1.1477 0.090373 1.2359 -1.1841 0.31474 0 406.71 -37.496 -0.80022 0.014947 45992 5292 6772.7 0 0
3.658e+05 1.1783 0.087407 1.2078 -1.4367 0.32578 0 389.65 -38.53 -0.80092 0.014938 45992 5295 6773.9 0 0
3.659e+05 1.1899 0.092046 1.2337 -1.3357 0.32453 0 409.61 -35.599 -0.80163 0.014938 45992 5295 6775 0 0
3.66e+05 1.1241 0.092986 1.2315 -1.3453 0.33822 0 395.01 -38.218 -0.80233 0.014938 45992 5295 6776.2 0 0
3.661e+05 1.1949 0.11948 1.2085 -1.5216 0.31192 0 380.54 -25.534 -0.80303 0.014955 45992 5289 6777.4 0 0
3.662e+05 1.1083 0.092122 1.2589 -1.3228 0.30118 0 393.55 -41.447 -0.80374 0.014955 45992 5289 6778.7 0 0
3.663e+05 1.1654 0.13461 1.2677 -1.3504 0.30795 0 378.41 -24.472 -0.80444 0.014958 45992 5288 6780 0 0
3.664e+05 1.1449 0.12105 1.2461 -1.1914 0.33327 0 402.68 -25.828 -0.80514 0.014946 45992 5292 6781.3 0 0
3.665e+05 1.1768 0.09567 1.2163 -1.3389 0.31806 0 385.04 -32.899 -0.80585 0.014946 45992 5292 6782.6 0 0
3.666e+05 1.1793 0.10668 1.2911 -1.6044 0.31986 0 396.27 -27.976 -0.80655 0.014949 45992 5291 6783.8 0 0
3.667e+05 1.1432 0.10733 1.2156 -1.4313 0.31589 0 376.48 -28.967 -0.80725 0.014944 45992 5293 6785.1 0 0
3.668e+05 1.0588 0.10836 1.1589 -1.3215 0.31989 0 386.57 -44.456 -0.80795 0.014932 45992 5297 6786.5 0 0
3.669e+05 1.0961 0.13189 1.1334 -1.5733 0.3373 0 397.99 -31.3 -0.80866 0.014921 45992 5301 6788 0 0
3.67e+05 1.0464 0.11019 1.1553 -1.3539 0.32306 0 382.92 -47.237 -0.80936 0.014924 45992 5300 6789.4 0 0
3.671e+05 1.0324 0.12726 1.1103 -1.4818 0.33098 0 403.31 -47.836 -0.81006 0.014927 45992 5299 6790.8 0 0
3.672e+05 1.0689 0.11449 1.2068 -1.4571 0.32568 0 392.28 -39.557 -0.81076 0.014924 45992 5300 6792.1 0 0
3.673e+05 1.1319 0.17234 1.2482 -1.4606 0.32136 0 377.69 -27.949 -0.81147 0.014915 45992 5303 6793.4 0 0
3.674e+05 1.1627 0.13662 1.2619 -1.2916 0.31853 0 369.4 -24.539 -0.81217 0.014904 45992 5307 6794.5 0 0
3.675e+05 1.0967 0.15332 1.1936 -1.4304 0.31948 0 388.04 -31.211 -0.81287 0.014885 45992 5314 6795.7 0 0
3.676e+05 1.0797 0.14152 1.2202 -1.3577 0.32275 0 389.19 -34.448 -0.81357 0.01489 45992 5312 6797 0 0
3.677e+05 1.1231 0.15554 1.2262 -1.4 0.33452 0 393.72 -28.019 -0.81427 0.014885 45992 5314 6798.2 0 0
3.678e+05 1.0922 0.16898 1.2106 -1.4331 0.32279 0 382.66 -32.16 -0.81497 0.014885 45992 5314 6799.4 0 0
3.679e+05 1.0494 0.16482 1.1215 -1.3026 0.32746 0 389.02 -41.899 -0.81567 0.014871 45992 5319 6800.8 0 0
3.68e+05 1.0722 0.14219 1.1808 -1.2893 0.30711 0 388.59 -36.154 -0.81637 0.014865 45992 5321 6802.2 0 0
3.681e+05 1.0496 0.16227 1.1722 -1.4326 0.30714 0 385.5 -41.785 -0.81707 0.014859 45992 5323 6803.4 0 0
3.682e+05 1.1338 0.1784 1.2283 -1.4184 0.31966 0 387.26 -27.814 -0.81777 0.014868 45992 5320 6804.7 0 0
3.683e+05 1.146 0.13064 1.2224 -1.345 0.30207 0 389.5 -25.075 -0.81847 0.014857 45992 5324 6805.8 0 0
3.684e+05 1.1076 0.15481 1.1884 -1.3206 0.31003 0 391.78 -29.401 -0.81917 0.014846 45992 5328 6807 0 0
3.685e+05 1.0901 0.15253 1.1965 -1.2491 0.32555 0 375.15 -32.014 -0.81987 0.014854 45992 5325 6808.2 0 0
3.686e+05 1.0944 0.15317 1.2255 -1.4671 0.31572 0 393.15 -31.192 -0.82057 0.014854 45992 5325 6809.5 0 0
3.687e+05 1.0522 0.1677 1.1883 -1.5364 0.32293 0 398.48 -40.738 -0.82127 0.014834 45992 5332 6810.8 0 0
3.688e+05 1.1193 0.12224 1.213 -1.4146 0.31176 0 395.17 -27.918 -0.82197 0.014823 45992 5336 6812.1 0 0
3.689e+05 1.0973 0.14373 1.1864 -1.368 0.32601 0 379.83 -30.433 -0.82267 0.014807 45992 5342 6813.3 0 0
3.69e+05 1.1281 0.13938 1.2292 -1.3422 0.3023 0 408.15 -26.443 -0.82336 0.014793 45992 5347 6814.6 0 0
3.691e+05 1.0522 0.14594 1.2364 -1.3028 0.3196 0 428.6 -41.353 -0.82406 0.014782 45992 5351 6815.9 0 0
3.692e+05 1.1289 0.12941 1.2842 -1.4778 0.31569 0 390.51 -26.274 -0.82476 0.014762 45992 5358 6817.3 0 0
3.693e+05 1.1127 0.10533 1.2994 -1.449 0.32543 0 385.31 -33.229 -0.82546 0.014751 45992 5362 6818.6 0 0
3.694e+05 1.1174 0.11111 1.2159 -1.4895 0.31312 0 383.12 -30.382 -0.82616 0.014746 45992 5364 6819.9 0 0
3.695e+05 1.1139 0.12531 1.2461 -1.2872 0.32615 0 383.32 -28.323 -0.82685 0.014754 45992 5361 6821.3 0 0
3.696e+05 1.057 0.13512 1.2432 -1.1722 0.29195 0 394.84 -39.937 -0.82755 0.014754 45992 5361 6822.6 0 0
3.697e+05 1.0368 0.16985 1.2423 -1.2306 0.30166 0 385.43 -45.055 -0.82825 0.014743 45992 5365 6824 0 0
3.698e+05 1.0966 0.1715 1.2304 -1.2068 0.29649 0 356.07 -31.22 -0.82894 0.014743 45992 5365 6825.3 0 0
3.699e+05 1.094 0.12259 1.1902 -1.3521 0.32738 0 368.15 -31.733 -0.82964 0.014746 45992 5364 6826.6 0 0
3.7e+05 1.0333 0.15094 1.1923 -1.3171 0.32491 0 397.21 -46.051 -0.83034 0.014751 45992 5362 6828.2 0 0
3.701e+05 1.0306 0.15933 1.1923 -1.3677 0.31028 0 375.4 -46.374 -0.83103 0.014743 45992 5365 6829.8 0 0
3.702e+05 1.1294 0.16512 1.2765 -1.3591 0.33686 0 378.98 -27.609 -0.83173 0.014757 45992 5360 6831 0 0
3.703e+05 1.1306 0.15077 1.327 -1.2163 0.31088 0 394.58 -26.828 -0.83242 0.014751 45992 5362 6832.3 0 0
3.704e+05 1.0878 0.1519 1.2059 -1.3978 0.32048 0 401.23 -31.945 -0.83312 0.014746 45992 5364 6833.6 0 0
3.705e+05 1.1191 0.18294 1.2477 -1.4592 0.31951 0 391.12 -28.814 -0.83382 0.014738 45992 5367 6835 0 0
3.706e+05 1.1775 0.17905 1.3431 -1.4696 0.32606 0 393.95 -21.654 -0.83451 0.014738 45992 5367 6836.1 0 0
3.707e+05 1.0687 0.18939 1.2469 -1.2522 0.31677 0 390.46 -36.406 -0.83521 0.014735 45992 5368 6837.3 0 0
3.708e+05 1.1277 0.1712 1.2511 -1.2675 0.31766 0 357.22 -27.639 -0.8359 0.014735 45992 5368 6838.6 0 0
3.709e+05 1.1381 0.16886 1.2282 -1.5064 0.31572 0 375.26 -26.796 -0.8366 0.014724 45992 5372 6839.8 0 0
3.71e+05 1.1946 0.16504 1.2877 -1.3515 0.30314 0 394.72 -22.024 -0.83729 0.014729 45992 5370 6841 0 0
3.711e+05 1.104 0.17149 1.2331 -1.4271 0.32805 0 382.98 -29.641 -0.83798 0.014732 45992 5369 6842.2 0 0
3.712e+05 1.0728 0.15725 1.1564 -1.5447 0.32062 0 381.36 -35.127 -0.83868 0.014727 45992 5371 6843.4 0 0
3.713e+05 1.1025 0.12775 1.1843 -1.5407 0.316 0 404.32 -29.814 -0.83937 0.014732 45992 5369 6844.6 0 0
3.714e+05 1.0966 0.17588 1.1783 -1.3495 0.30256 0 392.21 -30.995 -0.84007 0.014721 45992 5373 6845.8 0 0
3.715e+05 1.1274 0.18835 1.2254 -1.3861 0.30654 0 383.31 -27.398 -0.84076 0.014724 45992 5372 6846.9 0 0
3.716e+05 1.0954 0.19476 1.2076 -1.2612 0.32908 0 397.47 -30.231 -0.84145 0.014721 45992 5373 6848 0 0
3.717e+05 1.1204 0.15245 1.1864 -1.3632 0.3188 0 398.39 -27.374 -0.84215 0.014724 45992 5372 6849.1 0 0
3.718e+05 1.0569 0.15068 1.2119 -1.1604 0.3255 0 367.47 -39.346 -0.84284 0.014721 45992 5373 6850.3 0 0
3.719e+05 1.1128 0.14779 1.1904 -1.4087 0.31817 0 370.03 -28.174 -0.84353 0.014718 45992 5374 6851.5 0 0
3.72e+05 1.0816 0.18835 1.2402 -1.3249 0.32458 0 388.95 -33.8 -0.84423 0.014724 45992 5372 6852.6 0 0
3.721e+05 1.1309 0.18715 1.2335 -1.2115 0.33982 0 386.69 -26.971 -0.84492 0.014724 45992 5372 6853.7 0 0
3.722e+05 1.077 0.20001 1.2086 -1.4601 0.34133 0 412.78 -32.6 -0.84561 0.014721 45992 5373 6854.9 0 0
3.723e+05 1.1397 0.15934 1.2352 -1.3332 0.31837 0 393.7 -26.031 -0.8463 0.014724 45992 5372 6856.1 0 0
3.724e+05 1.0987 0.20218 1.1961 -1.2571 0.3102 0 389.67 -27.096 -0.84699 0.014721 45992 5373 6857.3 0 0
3.725e+05 1.1395 0.17224 1.2825 -1.1892 0.30261 0 384.83 -26.035 -0.84769 0.014718 45992 5374 6858.4 0 0
3.726e+05 1.1665 0.17159 1.2057 -1.3147 0.34659 0 388.6 -23.972 -0.84838 0.014718 45992 5374 6859.6 0 0
3.727e+05 1.2099 0.19224 1.2557 -1.2124 0.3136 0 388.49 -14.435 -0.84907 0.014721 45992 5373 6860.7 0 0
3.728e+05 1.1377 0.18743 1.2624 -1.2524 0.30792 0 405.6 -26.023 -0.84976 0.01471 45992 5377 6861.8 0 0
3.729e+05 1.1488 0.15805 1.1878 -1.0862 0.34166 0 425.91 -25.234 -0.85045 0.014708 45992 5378 6862.8 0 0
3.73e+05 1.1859 0.15233 1.2148 -1.3392 0.31398 0 386.81 -23.676 -0.85114 0.014702 45992 5380 6863.9 0 0
3.731e+05 1.14 0.18166 1.158 -1.4427 0.32284 0 376.39 -25.767 -0.85183 0.014694 45992 5383 6865 0 0
3.732e+05 1.144 0.18306 1.1801 -1.2687 0.29212 0 399.41 -25.345 -0.85252 0.014699 45992 5381 6866 0 0
3.733e+05 1.0887 0.1948 1.2076 -1.2793 0.31626 0 391.9 -31.009 -0.85321 0.014683 45992 5387 6867.3 0 0
3.734e+05 1.1097 0.18522 1.2202 -1.3579 0.33535 0 388.02 -28.447 -0.8539 0.014675 45992 5390 6868.4 0 0
3.735e+05 1.0902 0.18474 1.2185 -1.3332 0.33015 0 358.51 -31.635 -0.85459 0.014672 45992 5391 6869.6 0 0
3.736e+05 1.1254 0.16129 1.2489 -1.3958 0.32426 0 397.89 -26.884 -0.85528 0.014672 45992 5391 6870.8 0 0
3.737e+05 1.0375 0.16658 1.1919 -1.2328 0.3233 0 373.56 -44.422 -0.85597 0.014678 45993 5389 6872 0 0
3.738e+05 1.072 0.16128 1.1878 -1.3734 0.31904 0 408.67 -35.004 -0.85666 0.01468 45993 5388 6873.3 0 0
3.739e+05 1.0331 0.16931 1.2086 -1.313 0.32842 0 387.89 -45.459 -0.85735 0.01468 45993 5388 6874.4 0 0
3.74e+05 1.0542 0.17475 1.2571 -1.3286 0.31507 0 376.6 -39.543 -0.85803 0.014678 45993 5389 6875.6 0 0
3.741e+05 1.0963 0.16649 1.2927 -1.2692 0.3253 0 388.9 -29.822 -0.85872 0.01468 45993 5388 6876.8 0 0
3.742e+05 1.0621 0.17306 1.2567 -1.385 0.3122 0 377.73 -37.457 -0.85941 0.01468 45993 5388 6878.1 0 0
3.743e+05 1.1532 0.1475 1.2708 -1.3506 0.30584 0 381.77 -24.691 -0.8601 0.014678 45993 5389 6879.4 0 0
3.744e+05 1.1021 0.18876 1.2915 -1.4655 0.31282 0 385.09 -29.432 -0.86078 0.014686 45993 5386 6880.7 0 0
3.745e+05 1.0388 0.16634 1.1938 -1.2825 0.29674 0 370.92 -43.936 -0.86147 0.01468 45993 5388 6882 0 0
3.746e+05 1.118 0.18889 1.2334 -1.5242 0.32216 0 382.76 -26.939 -0.86216 0.014678 45993 5389 6883.1 0 0
3.747e+05 1.0941 0.15219 1.1964 -1.3699 0.341 0 384.25 -30.247 -0.86284 0.014672 45993 5391 6884.4 0 0
3.748e+05 1.1316 0.16195 1.181 -1.4231 0.33758 0 379.14 -26.133 -0.86353 0.014672 45993 5391 6885.6 0 0
3.749e+05 1.1209 0.15661 1.1741 -1.2811 0.30217 0 379.17 -26.999 -0.86422 0.014672 45993 5391 6886.9 0 0
3.75e+05 1.0688 0.16131 1.2432 -1.2214 0.31755 0 386.27 -35.333 -0.86491 0.014675 45993 5390 6888.4 0 0
