# FIELDS time d_tm36 rmsd_npxxy d_hbond chi_w295 d_salt na_site lig_cont opes.bias opes.rct opes.zed opes.neff opes.nker opes.work uw.bias lw.bias  (every 50th line of /scratch/kuhfeldr-Kuhfeld_temp/oprm1-opes-activation/runs/prod2/active/w2/COLVAR.2)
0 1.1118 0.3396 1.1414 -0.81154 0.32711 0 339.79 -50 -50 1 1 0 0 0 0
100 1.0888 0.3589 1.1821 -1.2137 0.33311 0 350.92 -1.5877 0.25133 0.14689 72.41 60 85.465 0 0
200 1.121 0.33522 1.1568 -1.0043 0.31747 0 365.65 4.3975 -0.14351 0.09397 106.82 103 108.27 0 0
300 1.1072 0.33955 1.1058 -1.0938 0.35857 0 351.39 5.3792 0.34991 0.086671 147.39 147 120.57 0 0
400 1.2108 0.35515 1.2629 -1.2109 0.32567 0 331.11 -0.40513 -0.036281 0.077186 175.52 188 132.92 0 0
500 1.15 0.29101 1.1687 -1.196 0.30454 0 358.42 0.89751 0.14894 0.073149 215.55 192 143.47 0 0
600 1.1421 0.25356 1.2718 -1.0624 0.3195 0 378.7 -2.7826 -0.002266 0.06722 245.94 210 154.49 0 0
700 1.1961 0.32153 1.1397 -0.84399 0.3257 0 374.64 4.146 -0.049194 0.060305 291.12 245 164.29 0 0
800 1.15 0.29845 1.1546 -0.77849 0.32438 0 380.33 4.6258 0.026116 0.057989 338.96 272 173.87 0 0
900 1.2065 0.3001 1.2145 -0.99023 0.30244 0 377.56 3.8725 0.047605 0.056255 375.22 284 183.17 0 0
1000 1.2975 0.29425 1.2812 -0.83814 0.30549 0 372.18 -8.1322 0.092268 0.053051 414.74 310 191.65 0 0
1100 1.2439 0.29996 1.3826 -1.2069 0.31943 0 375.01 1.3213 -0.006338 0.050498 438.86 331 200.95 0 0
1200 1.2099 0.30461 1.3058 -0.94317 0.31061 0 383.11 5.3938 0.035224 0.046877 464.01 357 209.73 0 0
1300 1.1561 0.29632 1.253 -1.1216 0.32116 0 359.25 6.8549 0.45372 0.047617 475.45 376 216.8 0 0
1400 1.2069 0.29216 1.3705 -1.0402 0.31038 0 347.83 4.6517 0.57966 0.049556 507.37 389 222.48 0 0
1500 1.1316 0.31067 1.2423 -0.77119 0.33459 0 365.72 4.219 0.68249 0.048695 547.73 389 227.94 0 0
1600 1.1932 0.32354 1.2277 -1.0762 0.31222 0 368.75 7.1669 0.7978 0.048206 584.14 395 233.24 0 0
1700 1.1697 0.33232 1.2463 -1.0447 0.32692 0 354.81 6.2567 0.95978 0.048188 622.8 405 237.55 0 0
1800 1.1686 0.36851 1.2923 -1.1221 0.30054 0 343.43 1.1548 0.98844 0.048503 659.12 415 241.91 0 0
1900 1.1809 0.36836 1.2776 -0.93786 0.31665 0 354.79 0.94534 1.0241 0.04629 689.34 430 246.56 0 0
2000 1.2031 0.35726 1.2612 -1.1447 0.29756 0 348.88 2.6 1.0784 0.045623 738.02 436 250.83 0 0
2100 1.1589 0.32462 1.2371 -0.92373 0.31884 0 377.78 6.8147 1.2156 0.04797 799.58 441 254.4 0 0
2200 1.172 0.35927 1.316 -0.99477 0.32673 0 365.94 3.8822 1.291 0.046956 846.59 441 258.07 0 0
2300 1.2464 0.34327 1.3033 -0.98489 0.30759 0 355.89 -0.71445 1.3351 0.04777 885.43 450 261.25 0 0
2400 1.2498 0.27538 1.2445 -1.2506 0.35618 0 356.75 -4.7168 1.3752 0.048644 918.12 462 264.36 0 0
2500 1.1657 0.29396 1.2348 -0.9434 0.32501 0 373.1 6.1599 1.387 0.048704 961.96 464 267.56 0 0
2600 1.2257 0.33248 1.2307 -0.86807 0.31211 0 366.15 2.9325 1.4507 0.049835 1007.8 471 270.77 0 0
2700 1.1762 0.26605 1.2533 -1.0737 0.31574 0 336.57 2.656 1.4696 0.049383 1052.2 481 273.86 0 0
2800 1.1925 0.25044 1.2063 -1.0195 0.32949 0 383.33 -2.1001 1.4535 0.050369 1089.9 485 276.57 0 0
2900 1.222 0.27871 1.2871 -1.137 0.34078 0 354.5 0.44956 1.4533 0.052416 1135.3 495 279.06 0 0
3000 1.0547 0.27146 1.1427 -0.9079 0.31108 0 352.69 -10.201 1.4706 0.052558 1188.8 497 281.59 0 0
3100 1.0249 0.28295 1.2071 -1.038 0.30596 0 369.7 -17.454 1.4261 0.051724 1214.3 516 286.42 0 0
3200 0.9327 0.29456 1.2402 -0.88358 0.30307 0 373.38 -48.108 1.4081 0.04992 1250.1 528 291.44 0 0
3300 0.95591 0.30029 1.1871 -1.2439 0.31958 0 370.74 -37.489 1.4295 0.048139 1284.7 531 296.64 0 0
3400 0.96203 0.24198 1.1637 -1.0674 0.32451 0 373.64 -46.342 1.4463 0.046843 1313.5 543 301.82 0 0
3500 1.0691 0.30523 1.1784 -0.91613 0.29596 0 379.62 -5.3585 1.4445 0.047213 1339.9 548 306.75 0 0
3600 1.0898 0.28431 1.1946 -1.1909 0.33773 0 365.25 -2.1778 1.4035 0.046131 1361.2 549 310.69 0 0
3700 0.98987 0.26078 1.1983 -0.97721 0.30961 0 368.85 -28.37 1.3727 0.045848 1387.9 556 314.5 0 0
3800 1.0687 0.28934 1.2404 -0.99794 0.32106 0 374.45 -5.7281 1.3149 0.04486 1398.4 571 317.73 0 0
3900 1.0443 0.31427 1.2292 -1.1522 0.30939 0 369.43 -8.3467 1.2635 0.044084 1411.7 582 320.92 0 0
4000 1.0452 0.30514 1.2003 -1.0661 0.31687 0 390.81 -8.902 1.2095 0.044067 1422 583 324.98 0 0
4100 1.043 0.29773 1.2019 -0.82038 0.33089 0 357.11 -9.496 1.1837 0.043051 1446.4 595 328.84 0 0
4200 1.0618 0.28154 1.2912 -0.97591 0.32138 0 357.79 -6.3527 1.1812 0.041982 1474.5 604 332.08 0 0
4300 1.0667 0.28616 1.262 -1.0117 0.29818 0 366.77 -4.9406 1.1408 0.039771 1491.4 638 336.23 0 0
4400 0.94358 0.32969 1.1777 -0.97372 0.31929 0 377.34 -44.495 1.1328 0.038652 1513.9 657 340.41 0 0
4500 1.0224 0.29028 1.2656 -1.1869 0.30823 0 398.05 -13.269 1.1502 0.037653 1543.9 675 345.71 0 0
4600 0.90858 0.30577 1.0967 -0.87247 0.30173 0 368.76 -49.78 1.1418 0.037376 1566.1 681 351.28 0 0
4700 0.97217 0.34058 1.0625 -0.9792 0.32688 0 375.18 -30.249 1.0951 0.036933 1574.5 689 357.7 0 0
4800 0.95052 0.31493 1.0231 -1.1003 0.31692 0 379.87 -35.744 1.0556 0.036402 1586.3 700 364.91 0 0
4900 0.97567 0.35685 0.99411 -0.85309 0.2914 0 370.77 -28.537 1.0432 0.036702 1603.1 709 371.69 0 0
5000 0.95477 0.33326 1.0598 -0.87055 0.31243 0 395.37 -33.795 1.0181 0.036528 1616.3 709 377.98 0 0
5100 0.92566 0.30954 1.0196 -0.95278 0.30797 0 385.72 -42.333 0.98403 0.036009 1631 720 384.65 0 0
5200 0.93875 0.35718 1.0139 -1.2167 0.3216 0 375.77 -37.748 0.99503 0.035765 1655.4 723 390.42 0 0
5300 0.97413 0.37467 1.0702 -1.1667 0.31727 0 386.76 -29.134 0.99099 0.035917 1670 722 396.05 0 0
5400 0.91941 0.34684 1.1002 -1.0026 0.30171 0 390.93 -40.826 0.94637 0.035979 1673.9 724 402.84 0 0
5500 1.0314 0.28146 1.0617 -1.0048 0.32777 0 393.74 -11.763 0.91243 0.035381 1685.4 737 408.59 0 0
5600 1.0392 0.28132 1.1161 -1.0529 0.34354 0 409.77 -9.6737 0.88806 0.034647 1698.9 753 414.46 0 0
5700 1.0866 0.30322 1.1525 -0.96924 0.32073 0 387.53 -1.2163 0.84967 0.034402 1706 758 418.46 0 0
5800 1.11 0.30128 1.1338 -1.0329 0.30939 0 379.11 2.2396 0.81912 0.034027 1722 767 421.78 0 0
5900 1.104 0.32651 1.2142 -1.1603 0.31113 0 382.18 2.4314 0.79492 0.03374 1742 771 424.87 0 0
6000 1.0495 0.30387 1.2582 -0.94574 0.35218 0 359.06 -5.8913 0.79696 0.033668 1771 781 427.77 0 0
6100 1.1292 0.28037 1.1119 -0.90115 0.3276 0 386.56 3.6603 0.83927 0.033695 1809.7 786 430.61 0 0
6200 1.1051 0.29454 1.1579 -1.0901 0.31875 0 392.64 2.3144 0.86336 0.033569 1850 788 433.37 0 0
6300 1.0239 0.28934 1.1345 -0.97382 0.35271 0 377.66 -12.545 0.86871 0.03369 1887.4 789 436.11 0 0
6400 1.12 0.34375 1.2912 -1.1644 0.30901 0 352.65 3.9053 0.88031 0.03355 1924.1 793 439.02 0 0
6500 1.1331 0.30912 1.1607 -1.1707 0.32506 0 371.99 5.6935 0.87818 0.034036 1955.7 802 441.78 0 0
6600 1.1149 0.32083 1.3074 -1.2355 0.33477 0 353.38 4.1393 0.8917 0.034131 1992.7 809 444.26 0 0
6700 1.13 0.30429 1.2795 -1.0331 0.29 0 367.58 5.6274 0.89055 0.033796 2021.7 817 446.76 0 0
6800 1.1637 0.30692 1.33 -1.0673 0.32265 0 369.6 6.8391 0.91205 0.033004 2048.9 822 449.25 0 0
6900 1.2103 0.30402 1.3483 -1.2982 0.32486 0 386.14 5.5816 0.95423 0.033632 2075.6 829 451.45 0 0
7000 1.1795 0.30625 1.3233 -1.111 0.3266 0 350.13 7.6092 0.97542 0.033403 2103.2 839 453.73 0 0
7100 1.1619 0.31283 1.3078 -0.96955 0.31869 0 388 7.3222 1.0093 0.033801 2125 858 455.87 0 0
7200 1.1322 0.33182 1.2838 -1.178 0.31614 0 366.3 6.3227 1.0064 0.033524 2151.4 859 458.33 0 0
7300 1.0831 0.37942 1.1882 -1.1413 0.35353 0 379.89 -6.4821 0.98742 0.03339 2169.1 868 460.8 0 0
7400 1.0759 0.32727 1.1502 -1.1051 0.34444 0 378.99 -1.4764 0.97401 0.033486 2185.9 866 463.17 0 0
7500 1.0945 0.35459 1.2291 -0.99162 0.31412 0 379.65 0.42449 0.97589 0.033998 2210.5 870 465.43 0 0
7600 1.0537 0.33538 1.1178 -0.81387 0.30521 0 364.22 -4.8023 0.94976 0.033718 2220.3 876 468.06 0 0
7700 1.0733 0.31729 1.0442 -1.0343 0.32223 0 362.08 -1.0637 0.9262 0.033629 2230.6 879 470.61 0 0
7800 1.0168 0.36109 1.3082 -1.1802 0.32342 0 373.31 -17.121 0.89481 0.033177 2233.1 891 473.89 0 0
7900 1.0369 0.3902 1.3398 -1.1845 0.35096 0 363.67 -14.939 0.86222 0.032956 2233.5 897 477.37 0 0
8000 1.0706 0.33828 1.1207 -0.89163 0.3241 0 370.48 -1.532 0.83865 0.032802 2241.8 901 480.06 0 0
8100 1.0449 0.35362 1.1246 -1.3043 0.32019 0 347.56 -7.8015 0.81842 0.03277 2253.7 902 482.67 0 0
8200 1.0948 0.34464 1.1773 -0.93417 0.32799 0 371.38 2.164 0.78842 0.0326 2256.3 907 485.58 0 0
8300 1.1131 0.3239 1.1819 -1.2421 0.31614 0 384.01 5.3401 0.76485 0.032489 2266 917 488.24 0 0
8400 1.061 0.36509 1.1611 -0.90073 0.32103 0 387.87 -5.7682 0.74563 0.03205 2278.4 920 490.91 0 0
8500 1.0355 0.31489 1.0522 -1.0072 0.30749 0 360.54 -8.2223 0.7242 0.032068 2288.4 923 493.64 0 0
8600 1.0855 0.3751 1.2066 -1.0556 0.33725 0 381.34 -3.4418 0.70031 0.032486 2297.2 929 496.35 0 0
8700 1.0865 0.37112 1.1803 -0.76656 0.36338 0 368.67 -1.9846 0.67815 0.032258 2304 935 499.2 0 0
8800 1.0445 0.3533 1.2492 -1.1388 0.31437 0 372.39 -6.913 0.65617 0.032339 2313.9 931 502.06 0 0
8900 1.0448 0.35369 1.2657 -1.1344 0.32074 0 388.24 -6.7357 0.64405 0.031804 2331.8 930 504.69 0 0
9000 1.0264 0.33368 1.2143 -1.296 0.31716 0 369.38 -9.5254 0.6162 0.031874 2333.5 928 508.23 0 0
9100 1.0758 0.35894 1.2627 -1.1217 0.32468 0 355.41 -1.0247 0.59264 0.031969 2340.9 928 511.39 0 0
9200 1.0172 0.33878 1.2521 -1.2309 0.30533 0 387.63 -11.7 0.5673 0.031867 2344.9 931 514.52 0 0
9300 1.031 0.36486 1.2519 -1.3247 0.32183 0 378.06 -10.808 0.54132 0.031632 2348 938 517.63 0 0
9400 1.0429 0.34253 1.2186 -1.0727 0.30979 0 384.94 -5.1709 0.51835 0.031409 2353.4 938 520.58 0 0
9500 1.0713 0.35063 1.2828 -1.1334 0.32605 0 362.27 -0.24557 0.4933 0.03135 2357.1 940 523.54 0 0
9600 1.0279 0.35458 1.222 -0.91489 0.32891 0 381.89 -9.3936 0.47295 0.031063 2366.1 948 526.29 0 0
9700 1.1 0.3131 1.2294 -1.1762 0.31631 0 350.29 3.8136 0.45164 0.031099 2374.2 947 529.16 0 0
9800 1.0812 0.35337 1.2472 -1.0332 0.31224 0 374.16 0.94949 0.43939 0.031035 2381 957 532.1 0 0
9900 0.99192 0.37727 1.1623 -1.1035 0.32252 0 376.04 -22.412 0.41553 0.031087 2384.6 955 535.4 0 0
10000 1.0261 0.36374 1.2412 -1.0321 0.31411 0 366.53 -10.313 0.39044 0.030924 2386 960 539.06 0 0
10100 1.0367 0.364 1.2089 -1.0651 0.30679 0 359.79 -7.6182 0.36763 0.030737 2390.6 967 541.91 0 0
10200 1.0327 0.30818 1.2015 -0.99604 0.31103 0 367.28 -8.3195 0.34842 0.030771 2400.4 966 544.62 0 0
10300 1.0903 0.33431 1.2359 -1.0928 0.33646 0 369.83 3.6944 0.34085 0.030851 2420.1 963 547.27 0 0
10400 1.0538 0.33051 1.2258 -1.1576 0.30209 0 371.02 -1.6644 0.3213 0.03091 2427.6 961 550.33 0 0
10500 1.0573 0.34448 1.2942 -0.98898 0.29691 0 387.45 -0.58024 0.29741 0.030722 2429 967 553.52 0 0
10600 1.0126 0.32013 1.2338 -1.153 0.29558 0 372.15 -11.954 0.27445 0.030528 2431.6 973 556.77 0 0
10700 1.1096 0.28559 1.3158 -1.1671 0.31514 0 380.88 2.609 0.25838 0.030531 2442.4 974 559.61 0 0
10800 1.0213 0.34998 1.2144 -1.0929 0.33776 0 380.33 -8.7014 0.23944 0.030478 2449.8 976 562.55 0 0
10900 1.0805 0.3776 1.2846 -0.9358 0.31975 0 368.88 -3.2878 0.21943 0.030222 2456.1 985 565.45 0 0
11000 1.0014 0.38642 1.1956 -1.0792 0.28769 0 388.19 -21.13 0.19771 0.030137 2459.1 988 568.81 0 0
11100 1.0054 0.37342 1.2017 -1.3125 0.31361 0 393.34 -16.104 0.17466 0.029897 2459.6 996 572.56 0 0
11200 0.97797 0.33887 1.179 -0.96485 0.31919 0 391.97 -21.685 0.15256 0.029721 2461.3 1002 575.93 0 0
11300 1.0021 0.30985 1.1854 -0.96147 0.31018 0 379.89 -15.265 0.13215 0.029637 2465.3 1005 579.1 0 0
11400 1.0519 0.34408 1.1819 -1.1125 0.32928 0 366.55 -0.7934 0.11212 0.029639 2469.9 1005 582.22 0 0
11500 1.0357 0.34205 1.1918 -0.93849 0.36059 0 385.72 -3.7683 0.097698 0.029694 2482.4 1004 584.99 0 0
11600 1.0667 0.30044 1.2268 -1.2108 0.31253 0 355.45 -1.7161 0.087532 0.029729 2499.9 1004 587.77 0 0
11700 0.99027 0.27603 1.2306 -1.0826 0.30718 0 390.74 -24.079 0.073724 0.029758 2511 1006 590.62 0 0
11800 1.1156 0.24726 1.1142 -1.3193 0.30639 0 388.41 -4.1744 0.05235 0.029846 2512.1 1003 594.06 0 0
11900 1.0752 0.31366 1.2004 -1.3944 0.31685 0 382.59 1.4563 0.037978 0.029569 2523.6 1015 596.78 0 0
12000 0.96555 0.31243 1.151 -1.1083 0.3044 0 373.37 -27.214 0.018629 0.029336 2526.8 1021 600.42 0 0
12100 0.94397 0.33083 1.1595 -1.3095 0.31555 0 375.16 -31.404 -0.002749 0.029165 2526.8 1027 604.99 0 0
12200 0.94455 0.36786 1.1614 -1.0638 0.30725 0 366.33 -31.168 -0.023962 0.02894 2526.8 1035 610.68 0 0
12300 0.86179 0.35141 1.068 -1.0486 0.31634 0 383.15 -47.295 -0.045002 0.028856 2526.8 1038 616.63 0 0
12400 0.87633 0.33736 1.0648 -1.105 0.31107 0 366.89 -44.71 -0.065871 0.028553 2526.8 1049 623.34 0 0
12500 0.83257 0.33883 1.0451 -1.03 0.31839 0 386.33 -49.908 -0.086573 0.028499 2526.8 1051 630.02 0 0
12600 0.85138 0.32697 1.0334 -1.1751 0.32233 0 378.97 -48.29 -0.10711 0.028098 2526.8 1066 636.65 0 0
12700 0.912 0.33222 0.99333 -1.1671 0.32445 0 390 -37.772 -0.12748 0.028019 2526.8 1069 643.34 0 0
12800 0.90819 0.3192 0.96436 -1.1318 0.3214 0 361.64 -38.92 -0.1477 0.027811 2526.8 1077 649.61 0 0
12900 0.92931 0.29094 1.1225 -1.2108 0.31049 0 369.2 -40.007 -0.16776 0.02758 2526.8 1086 656.39 0 0
13000 0.93677 0.30774 1.1705 -1.034 0.30739 0 385.16 -34.243 -0.18766 0.027205 2526.8 1101 663.54 0 0
13100 0.88676 0.32265 1.038 -1.0465 0.31951 0 385.32 -40.609 -0.20741 0.027205 2526.8 1101 669.98 0 0
13200 0.88178 0.30171 1.0365 -1.1491 0.32389 0 367.57 -44.004 -0.22701 0.027131 2526.8 1104 676.99 0 0
13300 0.84009 0.35222 1.0921 -1.208 0.32246 0 365.99 -49.072 -0.24646 0.026984 2526.8 1110 683.96 0 0
13400 0.85169 0.3253 1.0396 -1.0978 0.30286 0 381.97 -46.183 -0.26576 0.027008 2526.8 1109 691.03 0 0
13500 0.85127 0.33207 1.0612 -1.0964 0.3059 0 408.64 -45.322 -0.28493 0.026984 2526.8 1110 698.21 0 0
13600 0.88082 0.29742 1.075 -1.2126 0.33567 0 378.62 -42.837 -0.30395 0.027008 2526.8 1109 704.98 0 0
13700 0.86736 0.2806 0.96133 -0.79746 0.32696 0 403.12 -47.927 -0.32283 0.02696 2526.8 1111 711.86 0 0
13800 0.86798 0.29658 0.87257 -1.1605 0.33955 0 374.06 -44.137 -0.34157 0.026767 2526.8 1119 718.94 0 0
13900 0.84198 0.35 1.0334 -1.1505 0.33373 0 379.15 -46.633 -0.36018 0.026577 2526.8 1127 726.05 0 0
14000 0.83319 0.35763 0.95136 -1.1714 0.3193 0 379.54 -48.366 -0.37866 0.026413 2526.8 1134 732.92 0 0
14100 0.89858 0.32487 0.9504 -1.0358 0.36304 0 396.44 -36.542 -0.397 0.026274 2526.8 1140 739.62 0 0
14200 0.87224 0.31208 0.89754 -1.1464 0.3512 0 382.05 -39.569 -0.41522 0.026228 2526.8 1142 746.51 0 0
14300 0.82585 0.3146 0.86925 -0.96371 0.29712 0 378.9 -47.56 -0.4333 0.026159 2526.8 1145 753.72 0 0
14400 0.90211 0.29184 0.90677 -1.0759 0.31345 0 385.97 -39.003 -0.45126 0.026091 2526.8 1148 761.12 0 0
14500 0.89135 0.28164 0.93836 -0.92184 0.33829 0 391.09 -42.515 -0.4691 0.026114 2526.8 1147 768.57 0 0
14600 0.91403 0.29626 0.87915 -1.3677 0.31352 0 398.21 -37.156 -0.48681 0.026068 2526.8 1149 775.73 0 0
14700 0.89592 0.29904 0.84513 -0.99411 0.3106 0 382.86 -38.039 -0.50441 0.026 2526.8 1152 782.75 0 0
14800 0.90359 0.26418 0.87758 -1.001 0.34051 0 382.42 -45.673 -0.52188 0.025978 2526.8 1153 789.73 0 0
14900 0.82503 0.28268 0.94225 -0.99189 0.30804 0 387.02 -48.699 -0.53923 0.02591 2526.8 1156 797.11 0 0
15000 0.88922 0.26506 0.8774 -0.94403 0.31492 0 358.63 -44.558 -0.55647 0.025978 2526.8 1153 804.48 0 0
15100 0.81066 0.30579 0.9251 -0.94641 0.32072 0 356.27 -48.541 -0.5736 0.025933 2526.8 1155 811.51 0 0
15200 0.87245 0.34411 0.88867 -0.85226 0.32154 0 358.6 -39.775 -0.59061 0.025843 2526.8 1159 818.67 0 0
15300 0.84824 0.27878 1.0038 -0.98313 0.33267 0 380.78 -43.855 -0.60751 0.025799 2526.8 1161 825.49 0 0
15400 0.93081 0.2473 0.94348 -1.0764 0.30774 0 370.57 -47.709 -0.6243 0.025622 2526.8 1169 833.36 0 0
15500 0.89631 0.29648 0.87443 -0.95726 0.31275 0 386.11 -36.683 -0.64098 0.02547 2526.8 1176 840.69 0 0
15600 0.93226 0.28615 0.96261 -0.79087 0.31377 0 388.63 -36.744 -0.65755 0.025557 2526.8 1172 847.29 0 0
15700 0.91203 0.26379 0.95185 -1.1984 0.31369 0 368.42 -42.117 -0.67402 0.0256 2526.8 1170 854.14 0 0
15800 0.89193 0.29595 0.88434 -1.06 0.32861 0 383.31 -35.358 -0.69038 0.025448 2526.8 1177 860.71 0 0
15900 0.88304 0.31923 0.88176 -1.2367 0.3119 0 386.08 -34.594 -0.70664 0.025426 2526.8 1178 867.51 0 0
16000 0.87494 0.28414 0.8875 -0.91298 0.3278 0 380.16 -37.297 -0.7228 0.025213 2526.8 1188 874.99 0 0
16100 0.88815 0.30429 0.88606 -1.1137 0.3471 0 385.14 -34.221 -0.73885 0.02517 2526.9 1190 882.1 0 0
16200 0.86397 0.2978 0.8968 -0.96753 0.29861 0 384.65 -36.412 -0.75481 0.025149 2526.9 1191 889.16 0 0
16300 0.85174 0.35102 0.91107 -1.1304 0.3246 0 374.69 -41.477 -0.77067 0.025002 2526.9 1198 896.49 0 0
16400 0.86362 0.35889 0.86445 -1.111 0.31463 0 381.89 -40.626 -0.78643 0.025065 2526.9 1195 903.55 0 0
16500 0.88251 0.36205 0.89472 -1.1111 0.33643 0 387.09 -39.246 -0.8021 0.024981 2526.9 1199 910.46 0 0
16600 0.83314 0.31107 0.87947 -1.2114 0.3113 0 368.86 -40.41 -0.81767 0.024857 2526.9 1205 917.68 0 0
16700 0.928 0.31139 0.94816 -0.93812 0.31865 0 387.76 -32.636 -0.83314 0.024857 2526.9 1205 924.83 0 0
16800 0.87516 0.28339 0.93948 -1.1127 0.32981 0 366.4 -36.354 -0.84853 0.024795 2526.9 1208 931.55 0 0
16900 0.85533 0.36247 0.95388 -1.0467 0.32294 0 383.04 -40.895 -0.86382 0.024878 2526.9 1204 938.6 0 0
17000 0.7981 0.32423 0.89276 -1.2051 0.35136 0 384.47 -47.733 -0.87902 0.024878 2526.9 1204 945.58 0 0
17100 0.86283 0.31885 0.95397 -1.1835 0.35584 0 382.42 -33.489 -0.89413 0.024981 2526.9 1199 952.33 0 0
17200 0.87194 0.31538 1.0047 -0.94655 0.30545 0 367.47 -32.848 -0.90915 0.025044 2526.9 1196 959.48 0 0
17300 0.89761 0.28057 0.90791 -0.98548 0.3464 0 377.98 -35.08 -0.92409 0.024981 2527 1199 966.41 0 0
17400 0.87396 0.29165 0.88223 -0.90835 0.31437 0 354.64 -33.708 -0.93893 0.025002 2527 1198 973.1 0 0
17500 0.88458 0.3597 0.94978 -1.0967 0.33233 0 372.58 -36.681 -0.9537 0.024795 2527 1208 980.25 0 0
17600 0.85305 0.34694 0.94837 -1.1473 0.33342 0 354.84 -36.637 -0.96838 0.024795 2527 1208 986.63 0 0
17700 0.87505 0.30541 0.93945 -0.95669 0.31852 0 369.44 -32.102 -0.98298 0.024632 2527 1216 993.43 0 0
17800 0.91007 0.26535 0.97617 -1.1349 0.31128 0 357.68 -39.604 -0.9975 0.024673 2527 1214 999.82 0 0
17900 0.88537 0.29042 0.96634 -1.168 0.3284 0 349.25 -32.535 -1.0119 0.024451 2527 1225 1006.9 0 0
18000 0.84205 0.26652 0.93892 -1.0901 0.30343 0 359.96 -42.01 -1.0263 0.024332 2527 1231 1013.8 0 0
18100 0.87534 0.31733 0.89129 -1.1041 0.29988 0 372.39 -31.149 -1.0406 0.024411 2527 1227 1021 0 0
18200 0.93675 0.29797 0.92339 -1.3129 0.31521 0 373.93 -33.392 -1.0548 0.024253 2527 1235 1028 0 0
18300 0.80627 0.283 0.9753 -1.0847 0.31252 0 367.23 -44.929 -1.0689 0.02402 2527 1247 1035.6 0 0
18400 0.8331 0.30435 1.026 -1.3198 0.31619 0 370.52 -35.062 -1.0829 0.023924 2527 1252 1043.3 0 0
18500 0.86197 0.32174 1.0459 -1.245 0.31482 0 390.34 -31.387 -1.0969 0.023659 2527 1266 1051.1 0 0
18600 0.79051 0.31871 0.95655 -1.0577 0.31093 0 362.85 -42.927 -1.1108 0.023585 2527.1 1270 1059 0 0
18700 0.82489 0.32257 0.95969 -1.1921 0.33797 0 377.91 -35.731 -1.1246 0.023456 2527.1 1277 1067 0 0
18800 0.80884 0.34056 0.975 -1.1408 0.32662 0 368.04 -40.626 -1.1383 0.023456 2527.1 1277 1074.4 0 0
18900 0.82773 0.36506 0.96713 -0.94097 0.31306 0 383.84 -40.499 -1.152 0.023382 2527.1 1281 1081.6 0 0
19000 0.83938 0.32852 0.99731 -1.0714 0.29844 0 389.17 -33.651 -1.1656 0.023328 2527.2 1284 1089 0 0
19100 0.90263 0.33741 0.98336 -1.0663 0.32117 0 346.82 -32.194 -1.1791 0.023255 2527.2 1288 1096.2 0 0
19200 0.8821 0.33397 1.0078 -1.0159 0.32217 0 353.3 -30.971 -1.1925 0.023201 2527.2 1291 1103 0 0
19300 0.78604 0.28522 0.90791 -0.85724 0.31847 0 339.2 -47.537 -1.2059 0.02322 2527.3 1290 1109.8 0 0
19400 0.83781 0.3694 0.96399 -1.0095 0.32324 0 350.96 -38.309 -1.2192 0.023148 2527.4 1294 1116.2 0 0
19500 0.86354 0.3523 0.97811 -0.95559 0.32627 0 349.68 -31.893 -1.2324 0.023077 2527.4 1298 1122.8 0 0
19600 0.82714 0.32432 0.93234 -1.0664 0.3134 0 342.71 -33.443 -1.2456 0.023094 2527.4 1297 1129.3 0 0
19700 0.90127 0.35656 0.98213 -1.1595 0.35171 0 345.74 -31.792 -1.2587 0.023112 2527.5 1296 1135.7 0 0
19800 0.93265 0.35157 0.97731 -1.0771 0.31912 0 350.85 -30.69 -1.2717 0.023113 2527.6 1296 1142.1 0 0
19900 0.85176 0.31189 0.90487 -1.0951 0.32733 0 338.55 -30.362 -1.2846 0.023166 2527.6 1293 1148.7 0 0
20000 0.94015 0.33822 0.9669 -1.1795 0.33041 0 360.71 -29.864 -1.2975 0.023077 2527.7 1298 1155.1 0 0
20100 0.83913 0.3529 0.89885 -1.0127 0.31141 0 370.62 -32.705 -1.3103 0.023095 2527.8 1297 1161.5 0 0
20200 0.86893 0.3305 0.93676 -1.2415 0.30237 0 355.52 -27.535 -1.323 0.02306 2527.9 1299 1168.1 0 0
20300 0.8641 0.36128 0.87536 -1.0326 0.32887 0 333.85 -30.671 -1.3357 0.022954 2528 1305 1174.2 0 0
20400 0.94432 0.33588 0.93183 -1.0281 0.29342 0 335.15 -28.793 -1.3483 0.023078 2528.1 1298 1180.5 0 0
20500 0.86028 0.35783 1.0236 -0.96484 0.33086 0 361.02 -29.533 -1.3609 0.023024 2528.1 1301 1186.8 0 0
20600 0.82109 0.37326 0.91911 -1.055 0.33325 0 364.4 -37.776 -1.3734 0.023024 2528.2 1301 1193.6 0 0
20700 0.92062 0.31535 0.99621 -0.89916 0.36005 0 360.64 -29.406 -1.3859 0.023024 2528.3 1301 1199.9 0 0
20800 0.90823 0.30639 0.95598 -0.78773 0.31759 0 381.99 -29.602 -1.3982 0.02299 2528.4 1303 1206 0 0
20900 0.91897 0.26988 1.0452 -1.3294 0.31358 0 362.7 -37.281 -1.4105 0.023114 2528.5 1296 1212.6 0 0
21000 0.81232 0.33643 0.94097 -1.1826 0.30975 0 366.25 -35.909 -1.4228 0.023043 2528.6 1300 1219.8 0 0
21100 0.8882 0.30851 0.98019 -1.0897 0.33346 0 372.2 -28.052 -1.435 0.022763 2528.7 1316 1227.3 0 0
21200 0.94634 0.2857 1.0687 -0.91628 0.3055 0 347.06 -33.411 -1.4471 0.022798 2528.8 1314 1234.2 0 0
21300 0.95863 0.26314 0.94049 -0.88975 0.31728 0 360.52 -37.095 -1.4592 0.022643 2528.9 1323 1240.9 0 0
21400 0.94705 0.3013 1.0101 -0.94437 0.31597 0 341.72 -29.791 -1.4712 0.02266 2529 1322 1247.6 0 0
21500 0.94077 0.32786 0.98716 -0.95953 0.31673 0 350.93 -28.277 -1.4832 0.022643 2529.1 1323 1253.8 0 0
21600 0.95662 0.30046 0.95 -0.97434 0.31162 0 338.47 -28.548 -1.4951 0.02266 2529.2 1322 1259.9 0 0
21700 0.93173 0.33242 0.996 -1.0054 0.30247 0 326.84 -26.612 -1.507 0.022575 2529.2 1327 1265.8 0 0
21800 0.93145 0.27537 0.9511 -1.0339 0.3125 0 348.72 -33.017 -1.5188 0.022423 2529.4 1336 1272 0 0
21900 0.87755 0.28306 0.96687 -0.87846 0.31584 0 356.12 -30.65 -1.5305 0.02244 2529.5 1335 1279.1 0 0
22000 0.93394 0.3266 1.0149 -1.1763 0.31738 0 359.68 -26.103 -1.5422 0.022257 2529.6 1346 1286 0 0
22100 0.92532 0.28092 0.9294 -0.80597 0.34544 0 358.99 -30.033 -1.5538 0.022175 2529.8 1351 1292.8 0 0
22200 0.88258 0.28028 0.94733 -1.1985 0.32281 0 349.6 -29.541 -1.5654 0.022208 2529.9 1349 1299 0 0
22300 0.93398 0.33701 0.97234 -1.1795 0.3331 0 374.23 -26.034 -1.5769 0.022208 2530 1349 1305.2 0 0
22400 0.88462 0.32744 0.94698 -1.1736 0.31806 0 345.54 -24.693 -1.5884 0.022241 2530.1 1347 1311.1 0 0
22500 0.93151 0.29731 0.96902 -1.0399 0.33732 0 337.34 -25.994 -1.5997 0.022159 2530.3 1352 1317 0 0
22600 0.93128 0.32113 0.93583 -1.1611 0.31225 0 343.51 -24.258 -1.6111 0.022159 2530.4 1352 1323.3 0 0
22700 0.98147 0.3311 0.93329 -1.259 0.32007 0 343.64 -18.842 -1.6224 0.022045 2530.5 1359 1329.1 0 0
22800 0.90034 0.33695 0.9822 -0.97512 0.33026 0 360.05 -24.079 -1.6337 0.022013 2530.6 1361 1335.1 0 0
22900 0.90212 0.30795 0.96715 -0.79541 0.32132 0 349.34 -24.013 -1.645 0.022013 2530.7 1361 1340.9 0 0
23000 0.85819 0.3463 0.89456 -1.1219 0.31669 0 337.86 -26.765 -1.6562 0.021917 2530.8 1367 1346.8 0 0
23100 0.88663 0.35813 0.98832 -1.0352 0.31081 0 335.83 -25.692 -1.6673 0.021789 2530.8 1375 1352.7 0 0
23200 0.83241 0.32042 0.87015 -1.2232 0.3161 0 338.59 -30.362 -1.6784 0.021774 2530.9 1376 1359.2 0 0
23300 0.79779 0.35071 0.94464 -0.87629 0.31209 0 338.17 -36.567 -1.6894 0.021663 2531 1383 1365.9 0 0
23400 0.84597 0.32745 1.008 -1.1848 0.33012 0 368.97 -26.662 -1.7004 0.02157 2531.2 1389 1372.8 0 0
23500 0.80569 0.35356 0.91579 -0.85549 0.30611 0 376.91 -34.036 -1.7113 0.021524 2531.4 1392 1380.1 0 0
23600 0.83421 0.29187 0.98067 -1.1278 0.32369 0 387.5 -32.711 -1.7222 0.021462 2531.5 1396 1386.5 0 0
23700 0.91011 0.31265 0.99448 -1.0931 0.33116 0 375.48 -22.658 -1.733 0.021602 2531.7 1387 1393.1 0 0
23800 0.80435 0.30245 0.98025 -0.99885 0.30547 0 373.41 -37.056 -1.7437 0.021556 2531.9 1390 1400.3 0 0
23900 0.77545 0.32062 0.93875 -0.9623 0.35472 0 382.47 -43.753 -1.7545 0.021464 2532 1396 1407.3 0 0
24000 0.87147 0.32731 1.0439 -1.0085 0.3204 0 374.13 -23.05 -1.7651 0.021387 2532.2 1401 1414.3 0 0
24100 0.88793 0.27434 0.98167 -1.1277 0.3066 0 377.46 -29.184 -1.7758 0.021326 2532.2 1405 1421 0 0
24200 0.87592 0.36515 0.98165 -1.1882 0.31956 0 383.73 -25.548 -1.7865 0.021116 2532.3 1419 1427.6 0 0
24300 0.8824 0.37467 1.0735 -1.0256 0.31564 0 391.85 -26.85 -1.7971 0.020998 2532.3 1427 1434.3 0 0
24400 0.78836 0.30704 1.0269 -0.83404 0.32823 0 377.57 -38.822 -1.8076 0.020983 2532.4 1428 1441.8 0 0
24500 0.84386 0.31158 0.98327 -1.2156 0.29924 0 390.37 -26.313 -1.8181 0.020998 2532.5 1427 1449.1 0 0
24600 0.90726 0.28308 0.973 -1.2742 0.31895 0 380.92 -26.474 -1.8285 0.021057 2532.6 1423 1456.2 0 0
24700 0.80468 0.2961 1.0086 -1.0973 0.33904 0 368.8 -35.877 -1.8389 0.020969 2532.8 1429 1463 0 0
24800 0.86622 0.3212 0.96308 -1.0679 0.30213 0 383.7 -22.338 -1.8493 0.020896 2532.9 1434 1469.5 0 0
24900 0.88497 0.37807 0.97201 -1.0526 0.31091 0 378.9 -26.996 -1.8595 0.020838 2533.2 1438 1475.6 0 0
25000 0.91453 0.31628 0.95466 -0.83637 0.30812 0 380.66 -21.205 -1.8697 0.020781 2533.5 1442 1481.6 0 0
25100 0.93302 0.33949 0.97691 -0.86704 0.31477 0 396.98 -22.853 -1.8797 0.020695 2533.9 1448 1487.7 0 0
25200 0.96169 0.27444 0.92048 -1.2856 0.33124 0 373.87 -30.712 -1.8898 0.020582 2534.3 1456 1494 0 0
25300 0.93899 0.29129 1.0499 -1.0278 0.32747 0 384.73 -24.39 -1.8998 0.020625 2534.6 1453 1500.2 0 0
25400 0.92391 0.31595 0.98274 -1.1874 0.30519 0 384.37 -20.373 -1.9099 0.020486 2534.9 1463 1506.1 0 0
25500 0.8469 0.31438 0.92797 -1.1149 0.30776 0 396.76 -24.026 -1.9199 0.020514 2535.2 1461 1512.3 0 0
25600 0.82035 0.32739 0.95888 -1.1019 0.36474 0 397.13 -28.146 -1.9298 0.020417 2535.4 1468 1518.8 0 0
25700 0.80918 0.32504 0.88211 -0.88582 0.3251 0 369.98 -30.811 -1.9398 0.020238 2535.5 1481 1526.3 0 0
25800 0.87977 0.27055 1.0076 -0.9209 0.30778 0 398.58 -29.155 -1.9497 0.02017 2535.7 1486 1532.8 0 0
25900 0.94361 0.24341 1.0422 -1.148 0.32477 0 387.47 -41.586 -1.9596 0.020225 2536 1482 1540.6 0 0
26000 0.81532 0.24681 0.90679 -0.97302 0.32305 0 379.41 -47.227 -1.9694 0.02013 2536.1 1489 1548.9 0 0
26100 0.83151 0.29249 1.0323 -0.98873 0.29449 0 379.76 -27.122 -1.9791 0.02013 2536.5 1489 1556.3 0 0
26200 0.79616 0.34316 0.99369 -1.0258 0.31609 0 396.57 -34.591 -1.9887 0.020049 2537.1 1495 1564.9 0 0
26300 0.76849 0.31966 0.98033 -1.0064 0.36076 0 387.67 -41.848 -1.9982 0.02005 2537.7 1495 1573.2 0 0
26400 0.77327 0.29458 0.97327 -1.2276 0.31171 0 372.43 -41.905 -2.0077 0.019984 2538.2 1500 1581.8 0 0
26500 0.77667 0.31307 0.93412 -0.93128 0.33888 0 380.53 -38.236 -2.0172 0.019826 2538.7 1512 1590.8 0 0
26600 0.84384 0.2699 0.95361 -1.0107 0.31157 0 381.54 -30.507 -2.0266 0.019709 2539.2 1521 1599.7 0 0
26700 0.79802 0.30361 1.0206 -1.2494 0.31644 0 392.07 -32.971 -2.0361 0.019568 2539.7 1532 1608.6 0 0
26800 0.77167 0.35664 0.897 -1.1307 0.31486 0 381.78 -36.471 -2.0454 0.019494 2540.3 1538 1617.5 0 0
26900 0.74661 0.31356 0.97118 -1.0864 0.31443 0 409.62 -43.207 -2.0548 0.019431 2540.7 1543 1626.2 0 0
27000 0.78378 0.33801 1.0046 -1.0683 0.33913 0 385.71 -34.13 -2.064 0.01933 2541.3 1551 1635.1 0 0
27100 0.80137 0.30816 1.0029 -1.2323 0.32863 0 380.45 -30.814 -2.0732 0.019307 2542 1553 1643.5 0 0
27200 0.76182 0.30608 0.98942 -0.85072 0.31915 0 384.77 -37.45 -2.0823 0.019295 2542.8 1554 1651.7 0 0
27300 0.76002 0.30755 0.97881 -1.1525 0.29702 0 392.66 -36.754 -2.0913 0.019248 2543.7 1558 1660.5 0 0
27400 0.77189 0.34322 1.02 -1.2184 0.30849 0 384.66 -33.472 -2.1005 0.019247 2544.1 1558 1668.7 0 0
27500 0.8051 0.36813 0.95415 -1.0184 0.34799 0 382.03 -29.884 -2.1095 0.019186 2544.9 1563 1676.7 0 0
27600 0.82647 0.37066 0.97425 -1.02 0.29889 0 377.24 -28.549 -2.1184 0.019152 2545.8 1566 1683.7 0 0
27700 0.81691 0.33816 0.97914 -1.041 0.31462 0 374.15 -26.021 -2.1272 0.019141 2546.8 1567 1690.6 0 0
27800 0.83748 0.36321 1.0309 -1.0346 0.33304 0 396.56 -25.729 -2.136 0.019094 2547.8 1571 1697.8 0 0
27900 0.87585 0.29132 1.0662 -1.0571 0.32543 0 399.56 -22.147 -2.1443 0.018986 2549.7 1580 1704.8 0 0
28000 0.81519 0.32936 0.97673 -1.1583 0.31447 0 384.98 -24.501 -2.1527 0.019035 2551.3 1576 1712.1 0 0
28100 0.86407 0.33692 1.0631 -0.9842 0.32329 0 395.24 -21.381 -2.1612 0.019015 2552.7 1578 1719 0 0
28200 0.84881 0.36695 1.0255 -1.2571 0.30863 0 395.13 -24.17 -2.1698 0.019016 2553.7 1578 1725.8 0 0
28300 0.78622 0.36055 1.0292 -0.96031 0.29745 0 381.61 -29.718 -2.1781 0.01889 2555.3 1589 1732.4 0 0
28400 0.8083 0.37124 1.0014 -1.031 0.32802 0 400.49 -27.054 -2.1869 0.018795 2555.9 1597 1739.4 0 0
28500 0.79893 0.34487 0.98717 -1.062 0.29527 0 400.15 -25.346 -2.195 0.018834 2557.7 1594 1746.2 0 0
28600 0.81351 0.37219 1.0105 -0.99001 0.308 0 400.89 -25.399 -2.2035 0.018846 2558.8 1593 1753.2 0 0
28700 0.77082 0.35291 0.98211 -0.78704 0.3023 0 381.18 -31.089 -2.212 0.018954 2559.8 1584 1760.7 0 0
28800 0.81741 0.38562 0.99889 -1.1175 0.30168 0 403.53 -26.04 -2.2195 0.018906 2562.7 1589 1767.7 0 0
28900 0.80835 0.37683 1.0262 -1.0699 0.36823 0 395.7 -24.416 -2.2268 0.018942 2565.9 1586 1774.5 0 0
29000 0.83163 0.35567 1.0822 -1.0982 0.37151 0 404.25 -21.156 -2.2345 0.01892 2568.3 1588 1781.5 0 0
29100 0.82085 0.30385 1.0234 -1.0356 0.34964 0 398.8 -25.232 -2.2422 0.018912 2570.5 1589 1788.1 0 0
29200 0.82161 0.34776 0.93091 -1.1413 0.34835 0 387.12 -20.686 -2.2497 0.018939 2573.3 1587 1794.8 0 0
29300 0.7592 0.26471 0.96031 -1.1511 0.35271 0 412.23 -46.866 -2.2566 0.018767 2576.9 1602 1803.2 0 0
29400 0.81201 0.2755 1.0171 -1.0932 0.34127 0 380.9 -32.905 -2.2635 0.018736 2580.6 1605 1811.5 0 0
29500 0.76491 0.31907 0.97555 -0.87402 0.35252 0 386.89 -30.462 -2.2699 0.01866 2585.5 1612 1819.1 0 0
29600 0.82102 0.30956 1.0281 -0.6782 0.30438 0 391.72 -23.427 -2.2763 0.018611 2589.9 1617 1826.3 0 0
29700 0.84525 0.32746 1.0207 -1.2317 0.36476 0 375.13 -20.576 -2.2815 0.018557 2596.8 1623 1833.3 0 0
29800 0.78683 0.34349 1.0194 -1.012 0.37708 0 371.52 -23.564 -2.2874 0.018589 2602.4 1621 1840.4 0 0
29900 0.82367 0.34722 1.0285 -1.0867 0.34599 0 375.96 -19.898 -2.2934 0.018575 2607.6 1623 1846.9 0 0
30000 0.78687 0.32424 0.94156 -1.1829 0.37637 0 384.72 -24.311 -2.2995 0.018543 2612.4 1626 1853.2 0 0
30100 0.77884 0.29059 0.91416 -1.0556 0.35012 0 381.51 -30.718 -2.3061 0.018525 2616.5 1628 1859.9 0 0
30200 0.85172 0.36061 0.96984 -1.1825 0.36269 0 396.41 -19.866 -2.3101 0.01855 2625.1 1627 1866.8 0 0
30300 0.87838 0.36213 0.94726 -0.97426 0.36888 0 398.82 -22.084 -2.3126 0.018527 2636.6 1631 1872.8 0 0
30400 0.86241 0.3633 0.95585 -0.92486 0.36552 0 383 -20.335 -2.3151 0.018524 2648.1 1634 1879.1 0 0
30500 0.94774 0.364 1.0968 -0.98169 0.31211 0 385.41 -26.412 -2.3181 0.018465 2658.2 1640 1885.5 0 0
30600 0.80433 0.36172 0.92073 -1.218 0.36864 0 382.82 -20.993 -2.3184 0.018492 2672.1 1636 1892.6 0 0
30700 0.82115 0.31668 0.87154 -1.0202 0.34621 0 379.49 -19.457 -2.3215 0.018478 2682.4 1638 1899 0 0
30800 0.79823 0.30504 0.93612 -1.2547 0.31581 0 392.45 -22.623 -2.3159 0.018465 2701.8 1637 1905.7 0 0
30900 0.73122 0.31685 0.83675 -1.068 0.32139 0 384.06 -41.363 -2.3089 0.018393 2722.6 1647 1912.2 0 0
31000 0.88305 0.35408 0.94748 -1.0631 0.34232 0 406.37 -19.715 -2.301 0.018436 2746.3 1649 1918.9 0 0
31100 0.79457 0.3777 0.88479 -0.98477 0.32291 0 403.74 -24.504 -2.272 0.018594 2770.7 1650 1925.1 0 0
31200 0.85863 0.35979 0.96414 -1.2623 0.337 0 379.93 -18.356 -2.2409 0.018554 2793.6 1650 1930.9 0 0
31300 0.86559 0.32976 0.96142 -1.1569 0.3244 0 368.16 -16.264 -2.2212 0.018536 2816.1 1652 1936.6 0 0
31400 0.82532 0.27038 0.94894 -1.1724 0.3072 0 377.31 -30.387 -2.209 0.018581 2836.2 1650 1942.8 0 0
31500 0.86339 0.29516 0.98026 -1.0572 0.3362 0 387.7 -20.029 -2.1916 0.018167 2842.7 1651 1950.2 0 0
31600 0.79033 0.24821 0.87629 -1.0662 0.32641 0 397.92 -44.583 -2.1869 0.018128 2863.2 1654 1959 0 0
31700 0.9618 0.32328 1.1743 -1.0179 0.34804 0 379.77 -22.545 -2.1929 0.018093 2867.7 1655 1966.7 0 0
31800 0.78567 0.31756 0.91756 -1.079 0.32869 0 375.95 -23.4 -2.1997 0.018088 2870.5 1656 1973.9 0 0
31900 0.87282 0.29235 1.0582 -1.2635 0.31958 0 389.77 -19.947 -2.2036 0.018089 2879.4 1657 1980.6 0 0
32000 0.81616 0.28496 1.0938 -0.92685 0.30861 0 389.02 -23.866 -2.1974 0.018161 2902.2 1655 1986.6 0 0
32100 0.80885 0.23746 0.9736 -1.1539 0.32834 0 388.37 -43.101 -2.1917 0.018181 2924.3 1650 1993.6 0 0
32200 0.81684 0.29867 0.96957 -1.1336 0.34673 0 403.04 -21.233 -2.193 0.018125 2938.1 1658 2000.7 0 0
32300 0.79094 0.2594 1.0091 -1.1172 0.31919 0 377.24 -36.106 -2.1983 0.018109 2944 1660 2008.5 0 0
32400 0.82694 0.29211 0.96286 -1.0889 0.33291 0 397.06 -20.751 -2.1965 0.018057 2959.5 1667 2015.8 0 0
32500 0.81083 0.32553 1.0143 -1.132 0.30159 0 384.6 -18.174 -2.1975 0.018084 2973.9 1667 2023 0 0
32600 0.78942 0.29575 0.97927 -1.0309 0.31395 0 398.3 -24.283 -2.1987 0.018062 2987.5 1676 2030.5 0 0
32700 0.78596 0.29202 0.90441 -1.1577 0.32494 0 395.83 -24.924 -2.1994 0.018043 3000.1 1679 2038.6 0 0
32800 0.83306 0.29491 0.9873 -0.90763 0.32753 0 384.35 -19.029 -2.2023 0.017975 3010.4 1685 2046.1 0 0
32900 0.81337 0.30688 1.0085 -0.84808 0.32502 0 400.09 -18.812 -2.204 0.017961 3019.5 1688 2052.1 0 0
33000 0.88505 0.34468 1.1258 -1.1921 0.3303 0 386.86 -17.85 -2.2069 0.01793 3030.2 1692 2057.9 0 0
33100 0.86638 0.33758 1.0468 -1.0008 0.32989 0 366.03 -16.11 -2.2103 0.017976 3040 1688 2063.6 0 0
33200 0.84802 0.27563 0.97801 -1.1594 0.32703 0 384.77 -22.012 -2.2141 0.017981 3048.9 1689 2069.4 0 0
33300 0.90789 0.25979 1.1046 -0.96596 0.33958 0 385.47 -29.739 -2.2155 0.017984 3061.6 1690 2076.3 0 0
33400 0.87667 0.26409 1.0531 -0.94044 0.33427 0 370.88 -25.731 -2.219 0.018022 3070.7 1689 2083.4 0 0
33500 0.86769 0.28732 1.0584 -1.2149 0.33802 0 395.82 -19.255 -2.2251 0.017995 3074.4 1692 2090.2 0 0
33600 0.81414 0.34413 1.022 -1.1845 0.30647 0 385.83 -17.563 -2.2299 0.017973 3080.9 1694 2096.1 0 0
33700 0.86302 0.27669 1.0136 -1.1768 0.31136 0 403.31 -20.661 -2.235 0.017981 3086.6 1694 2101.9 0 0
33800 0.90202 0.29011 1.0407 -1.1565 0.3352 0 405.54 -19.614 -2.2403 0.018053 3092.1 1688 2108.1 0 0
33900 0.94169 0.23589 1.0292 -1.5026 0.33213 0 410.56 -42.389 -2.2456 0.01804 3097.3 1690 2115.4 0 0
34000 0.95834 0.28297 1.0933 -0.88763 0.30662 0 375.16 -26.566 -2.2518 0.018024 3100.6 1692 2123.5 0 0
34100 0.84965 0.3097 1.024 -1.3025 0.32568 0 389.45 -14.958 -2.256 0.017976 3108.2 1697 2129.5 0 0
34200 0.89155 0.25707 1.0237 -1.0869 0.31712 0 394.67 -26.854 -2.2626 0.018052 3110.5 1690 2135.5 0 0
34300 0.84742 0.23164 1.072 -1.0933 0.32174 0 385.33 -37.236 -2.2691 0.017897 3112.9 1705 2143.3 0 0
34400 0.87376 0.22144 1.0382 -0.86199 0.29885 0 375.79 -42.072 -2.2757 0.017764 3115 1718 2152.1 0 0
34500 0.89096 0.21391 1.0148 -1.1683 0.31692 0 381.09 -44.734 -2.2819 0.017725 3118 1722 2160.9 0 0
34600 0.95263 0.24728 1.0535 -0.87655 0.33174 0 398.02 -37.132 -2.2881 0.017791 3120.9 1716 2168.9 0 0
34700 0.88415 0.23608 1.0049 -1.1114 0.33351 0 399.8 -33.225 -2.2943 0.017692 3123.8 1726 2177.3 0 0
34800 0.83941 0.28193 0.99464 -1.0979 0.32556 0 395.3 -19.298 -2.3002 0.017681 3127.2 1728 2183.7 0 0
34900 0.96853 0.24765 1.1139 -1.0544 0.30062 0 392.64 -36.583 -2.3062 0.017554 3130.4 1740 2190.6 0 0
35000 0.95995 0.22365 1.1524 -1.0067 0.31232 0 400 -44.908 -2.3107 0.01752 3136.9 1744 2197.5 0 0
35100 0.94314 0.29563 1.1099 -1.0223 0.3118 0 409.3 -21.664 -2.3167 0.017531 3139.9 1743 2204.5 0 0
35200 0.97869 0.2365 1.3123 -0.95622 0.31585 0 395.31 -38.649 -2.3205 0.017473 3148.1 1750 2212.2 0 0
35300 0.96328 0.24513 1.0985 -1.0497 0.34252 0 387.58 -34.143 -2.3253 0.01745 3153.9 1754 2219.6 0 0
35400 0.91746 0.28333 1.1627 -1.1059 0.31587 0 368.88 -20.229 -2.3298 0.017454 3160.6 1754 2226.8 0 0
35500 0.97752 0.25929 1.0721 -1.0545 0.34521 0 404.78 -29.374 -2.3341 0.017465 3167.4 1753 2233.4 0 0
35600 0.99391 0.25537 1.1462 -1.2663 0.32455 0 370.92 -25.94 -2.3383 0.017423 3174.4 1759 2240.7 0 0
35700 0.97116 0.28891 0.96574 -0.8366 0.31568 0 387.53 -23.754 -2.3422 0.017422 3182 1760 2247.7 0 0
35800 0.92337 0.21587 0.95472 -1.1165 0.30471 0 390.65 -42.453 -2.3492 0.017442 3182.3 1758 2255 0 0
35900 0.94937 0.25329 0.90606 -1.1663 0.30825 0 364.73 -27.453 -2.3561 0.017266 3183.1 1776 2262.8 0 0
36000 0.99054 0.21928 0.98392 -1.0039 0.32252 0 387.72 -39.28 -2.3582 0.017256 3194.5 1779 2270.3 0 0
36100 0.91835 0.23974 0.89849 -1.0117 0.3443 0 413.77 -29.898 -2.363 0.017203 3199.9 1786 2278.6 0 0
36200 0.9501 0.21341 0.98651 -0.98147 0.32984 0 417.34 -40.073 -2.3648 0.017152 3211.8 1794 2286.7 0 0
36300 0.9577 0.20832 1.1109 -1.0349 0.33599 0 409.92 -41.924 -2.3696 0.017075 3217.2 1803 2295.8 0 0
36400 0.9028 0.24133 0.94345 -1.0567 0.33642 0 384.32 -29.219 -2.375 0.017031 3221.1 1808 2304.2 0 0
36500 0.98139 0.19588 1.0262 -1.1163 0.31404 0 378.74 -46.833 -2.382 0.016993 3221.3 1812 2312.5 0 0
36600 0.94045 0.26705 0.9539 -0.92292 0.33317 0 396.87 -23.108 -2.3887 0.01705 3222.1 1806 2320.1 0 0
36700 0.98077 0.20862 0.92611 -0.83281 0.32136 0 412.63 -38.256 -2.3956 0.016958 3222.5 1816 2328 0 0
36800 0.93558 0.25865 1.0776 -1.047 0.31387 0 375.09 -23.921 -2.4026 0.016893 3222.6 1823 2336.4 0 0
36900 0.96618 0.18537 1.0191 -1.1165 0.30651 0 415.98 -47.749 -2.4095 0.016737 3222.7 1840 2344.5 0 0
37000 0.91328 0.22208 0.9396 -1.036 0.34236 0 402.84 -33.259 -2.4164 0.016692 3222.8 1845 2353.3 0 0
37100 0.93571 0.25954 0.97188 -1.1429 0.33443 0 405.23 -23.301 -2.423 0.016657 3223.8 1849 2361.2 0 0
37200 0.95631 0.26895 0.94612 -0.90783 0.33289 0 382.88 -22.182 -2.4293 0.016657 3225.3 1849 2367.9 0 0
37300 0.98655 0.27176 0.98833 -0.93591 0.33797 0 397.22 -22.401 -2.4361 0.016639 3225.6 1851 2374.7 0 0
37400 0.9636 0.26072 0.94691 -0.98297 0.30407 0 408.92 -22.387 -2.4419 0.016626 3228.1 1853 2381.9 0 0
37500 0.91397 0.26857 0.94503 -0.96549 0.348 0 415.93 -20.295 -2.4469 0.016667 3232.5 1849 2388.9 0 0
37600 0.90182 0.24895 0.96069 -1.0322 0.32518 0 409.45 -24.814 -2.4529 0.016663 3234.4 1850 2396.1 0 0
37700 0.89616 0.24624 0.85798 -0.95302 0.313 0 399.87 -25.764 -2.4592 0.016691 3235.8 1847 2403.4 0 0
37800 0.93837 0.24412 0.99447 -1.0658 0.30018 0 393.65 -22.701 -2.4656 0.016629 3236.8 1854 2410.3 0 0
37900 0.95039 0.28327 1.0286 -1.054 0.32454 0 395.36 -20.38 -2.4724 0.016584 3236.9 1859 2417 0 0
38000 0.95907 0.27046 1.008 -0.75238 0.3271 0 391.36 -19.794 -2.4791 0.016522 3237 1866 2423.8 0 0
38100 0.98753 0.28701 1.2429 -0.96045 0.32132 0 379.53 -20.092 -2.4859 0.016461 3237.1 1873 2430.6 0 0
38200 0.95356 0.22757 0.98029 -1.1082 0.31047 0 395.96 -26.43 -2.4922 0.016452 3238 1874 2437.4 0 0
38300 0.9034 0.24375 0.95327 -1.0333 0.33926 0 394.14 -24.059 -2.4989 0.016453 3238.3 1874 2444.5 0 0
38400 0.94708 0.2139 0.98145 -0.90323 0.3349 0 383.4 -31.506 -2.5056 0.016331 3238.3 1888 2452.5 0 0
38500 0.99097 0.25688 0.96174 -1.0061 0.30535 0 411.74 -21.138 -2.5122 0.016253 3238.4 1897 2460 0 0
38600 0.92593 0.24987 0.86564 -0.90435 0.31134 0 404 -20.537 -2.5188 0.016228 3238.6 1900 2467.1 0 0
38700 0.94624 0.21219 0.94539 -0.84499 0.33034 0 403.63 -31.435 -2.5255 0.016228 3238.6 1900 2475.3 0 0
38800 0.93978 0.21691 0.86397 -1.0555 0.3345 0 381.41 -29.099 -2.5321 0.016126 3238.8 1912 2482.5 0 0
38900 0.9465 0.26986 0.93239 -0.8528 0.35066 0 412.05 -18.136 -2.5384 0.01611 3239.5 1914 2489.4 0 0
39000 0.972 0.27114 0.96151 -1.0075 0.34668 0 383.43 -18.989 -2.5448 0.016094 3240.2 1916 2495.9 0 0
39100 0.98296 0.26101 0.9908 -0.73301 0.30453 0 406.57 -19.143 -2.551 0.016078 3241 1918 2502.5 0 0
39200 0.92212 0.22681 0.96136 -0.9371 0.31199 0 416.65 -25.262 -2.5554 0.016109 3246.3 1915 2510 0 0
39300 1.0195 0.21456 0.99408 -1.1088 0.30634 0 414.44 -31.819 -2.5543 0.016116 3263.4 1917 2518.4 0 0
39400 0.96902 0.30683 0.897 -0.92014 0.33722 0 409.04 -21.532 -2.5551 0.016069 3276.6 1924 2525.7 0 0
39500 0.98411 0.31086 0.95884 -0.91239 0.32564 0 389.25 -18.539 -2.559 0.01607 3282.7 1924 2531.9 0 0
39600 0.96381 0.31014 0.87972 -0.98312 0.33363 0 397.49 -19.768 -2.5609 0.016085 3293.2 1924 2538.4 0 0
39700 0.99358 0.26008 1.0937 -1.0117 0.31778 0 382.67 -18.799 -2.5621 0.01607 3305.4 1927 2544.6 0 0
39800 0.9319 0.29336 1.093 -0.98454 0.3551 0 387.25 -18.35 -2.56 0.016108 3325 1924 2550.6 0 0
39900 0.97837 0.28521 1.1672 -1.2756 0.30692 0 385.64 -16.41 -2.5583 0.016123 3343.4 1925 2556.8 0 0
40000 0.93624 0.26291 1.0749 -0.99008 0.3304 0 407.16 -16.838 -2.5573 0.016129 3360.4 1926 2562.8 0 0
40100 0.95451 0.28289 1.1433 -1.0628 0.32857 0 387.16 -15.06 -2.5526 0.016142 3385.5 1928 2568.9 0 0
40200 0.94528 0.29301 1.1236 -0.96537 0.34317 0 402.84 -15.273 -2.5493 0.016184 3406.8 1925 2574.8 0 0
40300 0.9517 0.30367 1.0755 -1.1215 0.298 0 380.9 -15.818 -2.5531 0.016199 3412.8 1924 2580.9 0 0
40400 0.9662 0.26828 0.99831 -1.0359 0.3352 0 354.76 -15.865 -2.559 0.016113 3414 1935 2586.9 0 0
40500 0.95551 0.23007 1.0405 -0.97252 0.32504 0 378.5 -22.683 -2.5589 0.016123 3428.4 1937 2593 0 0
40600 0.93654 0.24237 0.99533 -1.0366 0.32832 0 380.04 -20.043 -2.5565 0.016138 3448.2 1938 2599.8 0 0
40700 0.87404 0.24019 0.91482 -1.2191 0.32206 0 377.8 -25.471 -2.5556 0.01613 3464.2 1942 2606.6 0 0
40800 0.98261 0.31024 1.0627 -0.87434 0.3506 0 380.97 -15.638 -2.5571 0.016124 3475 1944 2612.5 0 0
40900 1.0114 0.28266 1.1873 -1.121 0.32134 0 377.59 -13.47 -2.5609 0.016157 3481 1941 2618.2 0 0
41000 0.9996 0.32248 1.1842 -0.92583 0.31702 0 373.66 -12.64 -2.5664 0.016151 3483.1 1942 2624.2 0 0
41100 1.0123 0.31943 1.2338 -0.99593 0.31425 0 373.27 -9.0912 -2.5722 0.016118 3484.2 1946 2629.9 0 0
41200 0.92703 0.3046 1.1019 -0.97389 0.33972 0 366.5 -16.023 -2.5784 0.016061 3484.5 1953 2635.9 0 0
41300 0.99611 0.28854 1.202 -0.99038 0.29843 0 387.29 -12.925 -2.5846 0.015995 3484.7 1961 2641.8 0 0
41400 0.98773 0.31826 1.1504 -1.0249 0.31917 0 397.45 -14.101 -2.5904 0.015963 3485.8 1965 2647.6 0 0
41500 0.96854 0.34631 1.117 -1.0964 0.30612 0 373.37 -20.658 -2.5961 0.015915 3487.2 1971 2653.6 0 0
41600 0.99079 0.31041 1.0247 -0.94614 0.36087 0 393.93 -12.397 -2.6017 0.015957 3488.6 1966 2659.3 0 0
41700 0.96856 0.33953 0.96971 -1.2455 0.32275 0 379.14 -17.328 -2.6072 0.015958 3490.4 1966 2665.5 0 0
41800 0.91302 0.36073 1.1017 -0.97358 0.30653 0 380.28 -23.022 -2.6105 0.015928 3497.6 1972 2671.8 0 0
41900 0.91464 0.33874 1.0351 -0.99531 0.35035 0 398.31 -18.115 -2.6139 0.015958 3504.8 1968 2678.1 0 0
42000 0.91713 0.3329 0.98995 -1.1765 0.31928 0 366.73 -17.342 -2.6153 0.015917 3514.5 1973 2684.2 0 0
42100 0.99199 0.20655 0.98637 -0.97529 0.31348 0 375.05 -32.75 -2.6195 0.015947 3519.4 1970 2690 0 0
42200 0.97749 0.31703 1.0719 -0.88462 0.31519 0 370.06 -12.826 -2.6231 0.015933 3526.1 1972 2695.6 0 0
42300 0.94076 0.31808 0.95835 -0.96105 0.31166 0 389.93 -14.241 -2.6226 0.015958 3542.5 1972 2701.4 0 0
42400 0.92142 0.28095 1.0832 -1.0985 0.31943 0 387.4 -14.567 -2.6227 0.015992 3557.3 1971 2707.1 0 0
42500 0.93649 0.31491 1.0532 -0.88834 0.30931 0 375.07 -13.588 -2.6266 0.016007 3563 1969 2712.7 0 0
42600 0.87326 0.25861 0.88245 -0.85805 0.29801 0 376.3 -21.445 -2.6292 0.016005 3571.4 1970 2718.2 0 0
42700 0.99063 0.27776 1.0061 -1.1788 0.304 0 364.28 -12.012 -2.6344 0.016013 3573.8 1969 2724 0 0
42800 0.97375 0.27976 1.0449 -0.89594 0.32053 0 382.9 -11.408 -2.6393 0.015957 3576.6 1976 2729.7 0 0
42900 0.92516 0.33922 0.94314 -0.97474 0.30489 0 369.71 -17.248 -2.6439 0.015912 3580.4 1982 2735.8 0 0
43000 0.91012 0.32917 1.0081 -0.91605 0.32896 0 365.43 -15.967 -2.6467 0.015912 3588.4 1981 2742.2 0 0
43100 0.97585 0.36701 1.0198 -0.96032 0.31116 0 366.57 -20.945 -2.6453 0.01587 3606.8 1986 2748.4 0 0
43200 0.99073 0.31656 1.0382 -0.79269 0.31851 0 408.82 -11.422 -2.6453 0.015826 3621.5 1990 2754.5 0 0
43300 0.95354 0.358 1.0433 -0.95979 0.31513 0 383.45 -18.389 -2.6406 0.015824 3645.1 1992 2760.9 0 0
43400 0.91935 0.36141 1.0101 -0.96783 0.30606 0 398.29 -19.154 -2.6348 0.01585 3672.3 2003 2767.3 0 0
43500 0.96508 0.34712 1.0532 -0.96769 0.3122 0 394.61 -15.007 -2.6314 0.01587 3694.7 1998 2773.5 0 0
43600 0.93979 0.33196 0.98877 -1.1905 0.30495 0 414.02 -13.907 -2.6264 0.01589 3719.8 1999 2779.6 0 0
43700 0.9715 0.33761 1.0227 -0.90011 0.31371 0 382.25 -12.828 -2.6197 0.015872 3748.1 1998 2785.4 0 0
43800 0.95165 0.37226 1.0369 -1.0342 0.31098 0 399.75 -19.357 -2.6161 0.015873 3771.2 1997 2791.4 0 0
43900 0.90394 0.3535 1.0368 -1.0842 0.32988 0 387.58 -17.842 -2.6062 0.015874 3805.5 1997 2797.1 0 0
44000 0.92599 0.38551 0.97019 -1.1681 0.32297 0 396.81 -22.22 -2.595 0.015922 3841.5 2002 2802.9 0 0
44100 0.9329 0.34181 1.0355 -0.93551 0.31174 0 389.46 -13.83 -2.5813 0.01594 3879.6 2007 2808.7 0 0
44200 0.89295 0.30948 0.99089 -1.3235 0.30406 0 377.75 -15.491 -2.566 0.016005 3919.9 2008 2814.1 0 0
44300 0.95047 0.31344 1.0136 -1.1315 0.31166 0 392.16 -10.834 -2.5525 0.016074 3958 2013 2819.7 0 0
44400 0.9488 0.34806 1.1497 -1.03 0.32666 0 375.06 -12.494 -2.5413 0.016145 3993.4 2017 2825.2 0 0
44500 0.9832 0.30897 1.0079 -1.0143 0.30639 0 388.32 -10.562 -2.5264 0.016079 4033.5 2015 2830.8 0 0
44600 0.97702 0.33061 1.0658 -1.1681 0.36285 0 407.63 -10.941 -2.5149 0.016107 4070 2023 2835.8 0 0
44700 0.98812 0.34277 0.99763 -1.0115 0.34071 0 394.54 -12.509 -2.5022 0.016101 4110 2026 2841 0 0
44800 0.8975 0.29627 0.94007 -1.2511 0.3464 0 389.23 -14.831 -2.4872 0.016126 4148.4 2024 2846 0 0
44900 1.0149 0.3096 1.0336 -0.97202 0.31077 0 408.41 -8.6614 -2.4755 0.016125 4182.3 2029 2850.9 0 0
45000 0.96263 0.36391 1.0166 -1.0997 0.32987 0 428.95 -15.351 -2.4629 0.016122 4219.2 2036 2856.4 0 0
45100 0.95946 0.39108 1.0321 -0.98558 0.32675 0 399.35 -22.332 -2.4531 0.016063 4253 2049 2861.8 0 0
45200 0.98432 0.37291 1.0603 -1.2029 0.34512 0 421.26 -17.012 -2.4408 0.016124 4290.3 2044 2867.3 0 0
45300 0.91485 0.38951 1.0227 -1.1284 0.32718 0 398.7 -22.901 -2.4319 0.016117 4323 2049 2872.5 0 0
45400 0.9573 0.3308 1.0519 -1.0365 0.31389 0 365.26 -9.5695 -2.4209 0.016139 4355.7 2049 2878.1 0 0
45500 0.88726 0.33247 1.0417 -1.1999 0.30206 0 380 -15.407 -2.4121 0.016272 4385.3 2048 2883.7 0 0
45600 0.92785 0.31941 1.0425 -1.0948 0.32522 0 394.71 -11.378 -2.3998 0.016334 4416.6 2048 2888.8 0 0
45700 0.95457 0.3983 1.026 -1.1334 0.33969 0 383.13 -23.171 -2.3839 0.016374 4453.7 2048 2894.3 0 0
45800 0.94032 0.33758 1.0466 -1.0576 0.3079 0 389.99 -10.808 -2.3709 0.016447 4489.2 2046 2899.9 0 0
45900 0.933 0.37927 1.0653 -1.06 0.31878 0 382.82 -17.801 -2.3559 0.016562 4525.5 2043 2905.2 0 0
46000 0.93483 0.34051 1.0263 -1.1005 0.34749 0 380.09 -10.995 -2.3468 0.01661 4552.5 2046 2910.6 0 0
46100 0.90137 0.37202 1.0099 -1.2324 0.34054 0 364.11 -17.266 -2.3304 0.016601 4596.3 2051 2915.9 0 0
46200 0.98402 0.36008 1.0923 -1.1488 0.31314 0 369.91 -13.393 -2.3088 0.016611 4637.1 2052 2920.8 0 0
46300 0.99145 0.32479 1.115 -0.87656 0.30219 0 375.33 -9.4001 -2.2859 0.01653 4681.3 2046 2925.2 0 0
46400 0.98073 0.307 1.1046 -1.0055 0.3306 0 393.91 -9.2731 -2.2643 0.016588 4728.1 2045 2929.7 0 0
46500 0.97918 0.29536 1.0201 -1.1074 0.30823 0 383.1 -9.9838 -2.2469 0.016615 4768.1 2047 2934.1 0 0
46600 0.96545 0.29868 0.96531 -0.9172 0.33595 0 362.65 -9.3225 -2.2354 0.016691 4801.9 2047 2938.7 0 0
46700 0.98424 0.37349 1.0689 -1.2361 0.31273 0 389.44 -15.985 -2.2199 0.016778 4836.9 2047 2943.2 0 0
46800 0.96705 0.34055 1.0495 -0.99604 0.31835 0 374.43 -9.5159 -2.2143 0.016826 4858.8 2049 2947.7 0 0
46900 0.93693 0.31513 1.0693 -0.86307 0.30129 0 395.39 -9.6453 -2.2127 0.016822 4880.7 2052 2951.9 0 0
47000 0.95384 0.28599 1.0811 -0.91064 0.30586 0 401.37 -10.426 -2.2071 0.016825 4904.7 2051 2956.1 0 0
47100 0.99772 0.32314 1.1094 -1.0859 0.34264 0 387.18 -8.2981 -2.2055 0.01688 4924.4 2046 2960.5 0 0
47200 0.91601 0.31215 1.0695 -1.0872 0.35174 0 379.3 -11.83 -2.2031 0.016839 4944.7 2055 2964.7 0 0
47300 0.95595 0.34804 1.0768 -0.87647 0.31615 0 415.54 -9.348 -2.1977 0.016807 4971.4 2060 2969.2 0 0
47400 0.99067 0.29751 1.1303 -1.0919 0.31117 0 399.07 -9.193 -2.1831 0.016813 5006.8 2064 2973.5 0 0
47500 0.92197 0.326 1.0886 -1.0764 0.32123 0 405.01 -10.264 -2.1742 0.016784 5041 2058 2977.8 0 0
47600 0.95071 0.30395 1.1007 -1.001 0.31644 0 389.46 -9.3099 -2.161 0.016819 5079.5 2061 2982.1 0 0
47700 0.98261 0.32593 1.0323 -0.77583 0.33722 0 410.26 -7.4626 -2.1534 0.016912 5108.1 2060 2986.2 0 0
47800 0.89327 0.3453 0.9662 -1.1857 0.33552 0 390.51 -14.346 -2.1334 0.016926 5152.7 2060 2990.4 0 0
47900 0.87519 0.32734 0.96958 -0.8667 0.31779 0 385.73 -15.041 -2.1266 0.016995 5185 2064 2994.8 0 0
48000 0.87987 0.351 0.98661 -1.1266 0.33583 0 406.55 -16.29 -2.12 0.017015 5210.3 2065 2999.1 0 0
48100 0.86296 0.32638 0.92805 -0.68245 0.32873 0 371.02 -14.955 -2.1054 0.017126 5248.7 2066 3003.2 0 0
48200 0.88705 0.32223 0.97495 -0.92183 0.32207 0 414.04 -13.646 -2.0971 0.017062 5277 2070 3007.4 0 0
48300 0.86923 0.31936 1.004 -0.91261 0.34666 0 392.36 -14.871 -2.0819 0.017062 5311.9 2077 3011.5 0 0
48400 0.90128 0.28102 0.9971 -1.0027 0.32392 0 412.34 -15.095 -2.0742 0.017146 5339 2085 3015.7 0 0
48500 0.88692 0.29352 1.0409 -0.96466 0.32874 0 392.61 -15.5 -2.0758 0.017085 5347.2 2093 3020.1 0 0
48600 0.89641 0.27684 0.97105 -1.1945 0.30336 0 393.78 -16.175 -2.0779 0.017052 5354.8 2098 3024.4 0 0
48700 0.86323 0.30178 0.98379 -0.84755 0.34289 0 410.59 -14.83 -2.0821 0.017002 5358.7 2105 3028.6 0 0
48800 0.89468 0.28702 1.0157 -0.97407 0.29864 0 401.26 -14.497 -2.0873 0.016994 5359 2106 3033 0 0
48900 0.87383 0.30999 0.99997 -0.84571 0.34848 0 414.1 -12.907 -2.0926 0.01697 5359.3 2109 3037.2 0 0
49000 0.92838 0.3391 1.0484 -0.87099 0.3342 0 419.16 -8.5465 -2.097 0.016923 5362.4 2115 3041.3 0 0
49100 0.96931 0.35547 1.0343 -0.99739 0.35564 0 406.85 -10.044 -2.0949 0.016943 5376.6 2115 3045.6 0 0
49200 0.88483 0.3261 1.0135 -1.0328 0.34079 0 418.56 -11.777 -2.0955 0.016942 5389.1 2119 3049.7 0 0
49300 0.91027 0.29714 1.0707 -0.94977 0.30079 0 403.66 -11.125 -2.0996 0.016971 5393.1 2116 3053.8 0 0
49400 0.93878 0.3191 1.0223 -0.74789 0.32449 0 422.2 -6.9315 -2.1036 0.016957 5396.9 2118 3057.7 0 0
49500 1.0204 0.30069 1.1249 -0.94439 0.3305 0 401.71 -8.8306 -2.1029 0.016958 5410 2120 3061.8 0 0
49600 0.90283 0.28197 0.9798 -1.0518 0.33082 0 432.07 -13.602 -2.0998 0.017014 5432 2114 3066 0 0
49700 0.94166 0.28479 1.016 -0.79691 0.34752 0 407.79 -10.259 -2.0885 0.017254 5456.7 2119 3070.4 0 0
49800 1.0012 0.2945 1.002 -0.97757 0.32868 0 411.28 -9.5375 -2.0812 0.017376 5481.1 2117 3074.4 0 0
49900 0.95016 0.26656 0.97904 -1.1135 0.33 0 399.81 -13.566 -2.0837 0.01738 5490.2 2117 3078.4 0 0
50000 1.0113 0.29131 1.0525 -0.98722 0.32213 0 441.13 -10.373 -2.0883 0.017349 5492.2 2121 3082.7 0 0
50100 0.86746 0.27023 0.93464 -0.90686 0.35056 0 413.89 -19.531 -2.093 0.017333 5493.7 2123 3086.7 0 0
50200 0.9256 0.26895 1.083 -1.0938 0.3376 0 413.17 -13.254 -2.0969 0.017305 5497.7 2126 3091.2 0 0
50300 0.96048 0.22912 1.0198 -0.83797 0.3643 0 424.51 -22.968 -2.0829 0.017153 5528.1 2127 3095.9 0 0
50400 0.929 0.25687 1.0211 -1.0603 0.30661 0 413.22 -15.78 -2.0591 0.017217 5556.2 2126 3099.9 0 0
50500 0.89139 0.29568 1.0022 -0.75739 0.32641 0 409.55 -11.846 -2.031 0.017337 5579 2130 3104 0 0
50600 0.97268 0.35485 1.0879 -0.758 0.35439 0 401.82 -10.013 -1.9988 0.017671 5592.2 2130 3107.6 0 0
50700 0.96665 0.26737 1.0639 -0.95448 0.36462 0 410.65 -12.723 -1.9844 0.017729 5620 2130 3111.1 0 0
50800 0.91639 0.32879 1.0225 -1.0665 0.35723 0 425.13 -8.278 -1.9624 0.017433 5640.8 2129 3114.9 0 0
50900 0.88829 0.29609 0.97091 -1.0172 0.32362 0 405.91 -11.736 -1.9309 0.017362 5647 2129 3118.4 0 0
51000 1.014 0.29628 1.0033 -1.0087 0.35013 0 428.3 -9.6822 -1.9291 0.017401 5663.6 2126 3122 0 0
51100 1.0112 0.27417 0.98586 -1.1317 0.32156 0 415.29 -12.572 -1.9218 0.017439 5689.3 2125 3125.6 0 0
51200 0.87548 0.31424 0.94759 -0.9951 0.33942 0 402.5 -12.017 -1.9042 0.017487 5715.2 2128 3129.1 0 0
51300 1.0194 0.27112 1.1063 -1.0241 0.33355 0 421.38 -13.536 -1.9021 0.01751 5731.9 2124 3132.6 0 0
51400 1.0347 0.31266 1.1148 -1.0296 0.33042 0 414.65 -5.1179 -1.8923 0.017497 5750.6 2126 3136 0 0
51500 0.93412 0.27832 0.99354 -1.108 0.32676 0 387.33 -9.7734 -1.8659 0.017762 5765.3 2128 3139.4 0 0
51600 0.97114 0.24738 0.96106 -1.245 0.30708 0 412.9 -17.552 -1.8373 0.01781 5802.8 2130 3143.1 0 0
51700 0.97303 0.23788 1.0951 -0.9872 0.33855 0 413.76 -20.224 -1.8137 0.017877 5825.6 2130 3147.3 0 0
51800 0.91663 0.31235 1.0087 -1.0113 0.32598 0 378.71 -7.9054 -1.7863 0.017968 5847.6 2132 3150.9 0 0
51900 0.94908 0.3131 1.0122 -1.0431 0.3156 0 405.86 -6.4592 -1.7735 0.017982 5874.2 2133 3154.2 0 0
52000 0.92759 0.36263 1.0353 -1.0153 0.32231 0 396.8 -12.292 -1.7652 0.01802 5888.5 2133 3157.6 0 0
52100 0.85547 0.36411 1.0224 -0.96744 0.33271 0 406.17 -18.2 -1.7592 0.01805 5901.1 2134 3161.1 0 0
52200 0.89524 0.38366 0.98937 -1.1873 0.31533 0 414.41 -20.15 -1.7513 0.018236 5920.6 2137 3164.7 0 0
52300 0.9369 0.35425 1.0318 -1.0319 0.34296 0 392.95 -9.4308 -1.7313 0.018304 5945.6 2139 3168.1 0 0
52400 0.87499 0.33643 1.034 -0.97676 0.31361 0 398.52 -12.719 -1.7078 0.018089 5967.5 2140 3171.3 0 0
52500 0.87574 0.30317 1.0009 -0.97028 0.30665 0 403.94 -12.434 -1.6943 0.018094 5986.8 2145 3174.6 0 0
52600 0.93783 0.29523 1.034 -1.0092 0.32637 0 418.09 -7.4594 -1.6863 0.018123 6007.1 2145 3177.6 0 0
52700 0.90095 0.25829 0.99039 -0.94896 0.32267 0 404.86 -17.703 -1.6815 0.018152 6024 2148 3180.7 0 0
52800 0.89062 0.34141 0.9798 -0.97035 0.3417 0 408.35 -11.085 -1.682 0.018106 6038.7 2151 3183.8 0 0
52900 0.91378 0.33924 0.95692 -0.91413 0.36465 0 423.23 -8.0199 -1.6799 0.018148 6055.6 2149 3187.2 0 0
53000 0.8595 0.34127 0.94159 -0.90421 0.32307 0 401.24 -14.443 -1.6743 0.01814 6078.5 2152 3190.5 0 0
53100 0.90973 0.34437 1.022 -1.1076 0.30688 0 367.74 -8.9191 -1.6682 0.018168 6106.7 2153 3193.8 0 0
53200 0.89648 0.36213 0.99364 -1.0373 0.32451 0 433.88 -13.272 -1.6651 0.018211 6131.1 2154 3197.3 0 0
53300 0.89027 0.34393 0.97188 -0.82019 0.32924 0 411.58 -10.566 -1.665 0.018199 6149.9 2155 3200.5 0 0
53400 0.9408 0.37601 1.0232 -0.92924 0.33158 0 426.63 -14.806 -1.6668 0.018192 6162.8 2156 3203.8 0 0
53500 0.92913 0.39648 1.077 -1.1536 0.31574 0 422.43 -21.365 -1.6629 0.018209 6184.2 2157 3207.2 0 0
53600 0.9111 0.37817 0.96585 -1.0867 0.3177 0 420.37 -15.903 -1.6576 0.018224 6219.2 2157 3210.7 0 0
53700 0.91207 0.32061 0.92757 -0.93795 0.33575 0 398.45 -7.3846 -1.6533 0.018248 6256.1 2158 3213.7 0 0
53800 0.92631 0.32934 1.0146 -1.0598 0.3335 0 407.92 -6.3739 -1.6444 0.018307 6296.4 2160 3216.7 0 0
53900 0.95793 0.31529 0.9797 -1.0342 0.31944 0 392.52 -6.1511 -1.6343 0.018248 6351.7 2158 3219.6 0 0
54000 0.94433 0.37343 1.0436 -0.90923 0.31462 0 396.48 -13.28 -1.6199 0.018299 6411.7 2163 3222.6 0 0
54100 0.89493 0.36696 0.93662 -1.1028 0.33501 0 392.57 -13.827 -1.6065 0.018338 6465.5 2164 3225.6 0 0
54200 0.9689 0.3663 1.0214 -1.0793 0.34959 0 378.75 -12.47 -1.592 0.018369 6524.4 2168 3228.6 0 0
54300 0.94122 0.3651 1.0225 -1.0251 0.34072 0 400.74 -10.929 -1.5724 0.0184 6582.8 2172 3231.5 0 0
54400 0.92813 0.31789 0.98797 -1.1246 0.33978 0 399.28 -6.2144 -1.5645 0.01836 6626 2169 3234.5 0 0
54500 0.93467 0.34782 0.99007 -1.0391 0.33377 0 403.23 -6.9797 -1.5513 0.018435 6674.2 2167 3237.6 0 0
54600 0.92926 0.38276 1.0101 -1.0576 0.33278 0 395.9 -15.937 -1.543 0.018517 6714.1 2171 3240.7 0 0
54700 0.92922 0.36506 1.0175 -1.0801 0.34748 0 414.49 -10.376 -1.5267 0.018587 6761 2175 3243.7 0 0
54800 0.9084 0.37613 1.0512 -0.74952 0.33407 0 401.5 -14.709 -1.5011 0.01857 6796.5 2174 3246.9 0 0
54900 0.91101 0.36335 1.0585 -0.837 0.33478 0 391.19 -11.199 -1.4749 0.018614 6821.8 2176 3250 0 0
55000 0.90454 0.32847 1.0126 -0.95238 0.33749 0 405.77 -7.5527 -1.4485 0.01858 6856.8 2178 3253.1 0 0
55100 0.8918 0.3687 0.9932 -1.0679 0.34792 0 416.41 -13.795 -1.4208 0.018649 6896.9 2180 3256.3 0 0
55200 0.87349 0.36365 1.0139 -1.118 0.31544 0 395.82 -14.955 -1.3974 0.018673 6934.8 2175 3259.3 0 0
55300 0.95931 0.28991 1.0477 -0.96001 0.32501 0 410.78 -7.7287 -1.3718 0.018668 6972.8 2174 3261.9 0 0
55400 0.83626 0.30347 0.92868 -0.97927 0.30714 0 374.24 -17.11 -1.351 0.018714 7019.1 2175 3264.7 0 0
55500 0.86752 0.31503 0.99806 -1.0125 0.35423 0 408.63 -12.745 -1.3432 0.018659 7053 2172 3267.4 0 0
55600 0.87609 0.2986 1.0559 -0.97625 0.31705 0 401.44 -12.56 -1.323 0.018685 7077 2173 3270 0 0
55700 0.86527 0.31267 0.98725 -0.94921 0.33121 0 400.74 -13.142 -1.2949 0.018677 7073.6 2177 3272.6 0 0
55800 0.85659 0.32544 0.95691 -0.73621 0.3276 0 392.56 -14.102 -1.2691 0.018729 7100.6 2177 3275.2 0 0
55900 0.86313 0.33596 1.0394 -1.0242 0.31269 0 415.14 -13.138 -1.2489 0.018789 7135.6 2176 3277.9 0 0
56000 0.88499 0.34694 0.99744 -1.1624 0.33063 0 415.21 -10.847 -1.2226 0.018942 7180.5 2179 3280.6 0 0
56100 0.92323 0.31444 1.0421 -0.89789 0.28913 0 419.15 -6.4848 -1.2036 0.019267 7223.7 2181 3283 0 0
56200 0.93063 0.29678 1.0224 -0.99337 0.32878 0 405.31 -7.635 -1.1886 0.019157 7267.5 2180 3285.4 0 0
56300 1.0007 0.35861 1.106 -0.86251 0.31028 0 407.82 -12.349 -1.1765 0.019248 7312.7 2183 3287.8 0 0
56400 0.91787 0.33051 1.0701 -0.96319 0.30071 0 410.66 -6.2029 -1.1749 0.01925 7339.5 2184 3290.3 0 0
56500 0.86907 0.27812 0.98932 -1.0346 0.32093 0 402.53 -17.65 -1.1785 0.01924 7344.7 2187 3292.6 0 0
56600 0.92411 0.31434 1.0383 -0.92046 0.33818 0 436.77 -6.1109 -1.182 0.019124 7349.7 2194 3295 0 0
56700 0.9732 0.293 1.0226 -1.0807 0.32038 0 424.26 -7.8562 -1.1836 0.019075 7361.8 2199 3297.5 0 0
56800 0.98104 0.21844 1.0833 -0.81497 0.32227 0 431.49 -28.501 -1.1823 0.019076 7389.4 2200 3300.2 0 0
56900 0.93462 0.23501 1.0976 -1.1978 0.30993 0 429.85 -23.009 -1.1794 0.019079 7419.6 2204 3302.8 0 0
57000 0.94539 0.24932 1.03 -1.066 0.32743 0 419.42 -16.994 -1.1758 0.019019 7450.1 2212 3306.1 0 0
57100 0.88882 0.27927 1.0009 -1.2083 0.31133 0 409.2 -14.231 -1.1755 0.018969 7472.9 2217 3309.5 0 0
57200 0.96291 0.32904 1.0183 -1.1735 0.32067 0 402.6 -5.999 -1.1756 0.018933 7493.4 2224 3311.9 0 0
57300 0.91393 0.26646 1.0315 -1.1429 0.30799 0 412.56 -14.016 -1.1777 0.018903 7506.2 2228 3314.3 0 0
57400 0.92264 0.29511 0.99731 -1.0198 0.3447 0 412.13 -7.5056 -1.1776 0.018848 7527.7 2230 3317 0 0
57500 0.91049 0.27876 1.0646 -1.2896 0.3155 0 407.77 -10.787 -1.1808 0.018884 7534.4 2229 3319.4 0 0
57600 0.9241 0.31648 1.0513 -0.97337 0.34287 0 420.61 -5.6598 -1.1846 0.018825 7538 2236 3321.7 0 0
57700 0.93717 0.3326 1.0313 -0.88831 0.33438 0 424.4 -5.7058 -1.1887 0.018788 7540.7 2241 3324.2 0 0
57800 0.88963 0.25944 0.98394 -0.94371 0.32354 0 400.19 -18.361 -1.1923 0.018771 7544.7 2241 3327.1 0 0
57900 0.89599 0.23901 1.0048 -0.87057 0.3668 0 363.1 -23.605 -1.1948 0.018741 7554 2245 3330.5 0 0
58000 0.88476 0.21818 0.98083 -1.0338 0.34176 0 373.29 -33.112 -1.1976 0.018705 7562.7 2249 3333.8 0 0
58100 0.83578 0.30572 0.96276 -1.0121 0.30902 0 398.16 -16.961 -1.1986 0.018715 7578.7 2249 3336.8 0 0
58200 0.91468 0.2956 1.0628 -1.0557 0.318 0 373.6 -7.3568 -1.2009 0.018751 7588.6 2245 3339.5 0 0
58300 0.89183 0.25819 1.0119 -1.1125 0.32046 0 391.83 -17.989 -1.2035 0.01873 7596.9 2248 3342 0 0
58400 0.97149 0.27239 1.0168 -1.0495 0.32774 0 391.25 -11.136 -1.2059 0.018729 7607.7 2249 3344.6 0 0
58500 0.8619 0.28797 1.0201 -1.0495 0.31717 0 422.36 -15.718 -1.206 0.018717 7628.8 2252 3347.1 0 0
58600 0.87977 0.27218 1.0145 -1.1044 0.31745 0 403.37 -15.973 -1.2055 0.018731 7652.5 2256 3349.6 0 0
58700 0.92279 0.28832 1.0305 -1.3876 0.33081 0 412.86 -7.5745 -1.202 0.018684 7685.1 2262 3352.2 0 0
58800 0.92308 0.25631 1.0535 -0.96602 0.34893 0 396.31 -15.326 -1.1938 0.018677 7724.7 2265 3355.1 0 0
58900 0.92401 0.23843 0.9642 -0.93431 0.35573 0 383.21 -21.038 -1.1774 0.018547 7759.7 2267 3358.3 0 0
59000 0.85692 0.23999 0.94425 -1.0776 0.3395 0 385.75 -28.972 -1.1614 0.018528 7787.8 2272 3361.7 0 0
59100 0.97667 0.24246 1.0387 -0.80197 0.34203 0 421.17 -19.21 -1.137 0.018598 7792 2267 3364.9 0 0
59200 0.97861 0.24218 1.0462 -1.1404 0.33479 0 390.21 -19.401 -1.1177 0.01861 7820.2 2272 3368.3 0 0
59300 0.85512 0.20671 0.99012 -1.1159 0.32077 0 376.75 -43.704 -1.0968 0.018687 7846.8 2271 3371.8 0 0
59400 0.9504 0.25424 1.0511 -1.1033 0.34034 0 390.17 -14.881 -1.0768 0.018784 7877 2274 3375.1 0 0
59500 0.958 0.27294 1.0404 -1.1885 0.3511 0 399.61 -10.51 -1.0499 0.018836 7866.3 2275 3377.5 0 0
59600 0.90011 0.28506 1.0116 -0.82342 0.32219 0 380.83 -10.059 -1.0294 0.018931 7893.4 2280 3379.8 0 0
59700 0.90134 0.30523 0.99778 -1.1309 0.32343 0 360.24 -7.2439 -1.0097 0.019077 7937 2279 3381.9 0 0
59800 0.86648 0.26449 1.0407 -1.16 0.29555 0 372.75 -19.574 -0.99127 0.019031 7959.6 2281 3384.2 0 0
59900 0.97652 0.26714 1.0603 -0.87144 0.3115 0 380.61 -12.478 -0.97211 0.019533 7971.3 2283 3386.4 0 0
60000 0.87298 0.26985 1.0531 -1.0417 0.34602 0 391.28 -16.869 -0.95272 0.019396 7975.1 2281 3388.9 0 0
60100 0.8189 0.26807 0.89939 -1.1584 0.35289 0 399.31 -26.711 -0.93534 0.019586 8002.7 2281 3391.1 0 0
60200 0.89125 0.27896 0.97105 -1.2416 0.31279 0 379.14 -12.161 -0.93586 0.019588 8021.6 2283 3393.6 0 0
60300 0.8942 0.25411 1.025 -1.156 0.3031 0 387.98 -17.663 -0.93385 0.019626 8048.8 2285 3396.5 0 0
60400 0.86079 0.23695 1.003 -1.1462 0.31899 0 383.99 -28.841 -0.93366 0.019639 8072.3 2289 3399.5 0 0
60500 0.93151 0.19 1.0076 -1.0733 0.3376 0 356.36 -42.515 -0.93213 0.019604 8100.4 2286 3403.2 0 0
60600 0.96635 0.2273 1.0531 -1.1458 0.31872 0 389.76 -24.503 -0.93105 0.019481 8126.9 2296 3406.7 0 0
60700 0.97569 0.18389 1.0981 -1.1608 0.32483 0 391.69 -45.065 -0.93039 0.019471 8151.9 2296 3410.3 0 0
60800 0.99932 0.18776 1.1147 -1.062 0.3319 0 393.67 -44.004 -0.92924 0.019439 8179.3 2304 3414.1 0 0
60900 0.96749 0.22818 1.124 -1.2152 0.32686 0 371.46 -24.073 -0.92992 0.019455 8198.3 2310 3417.7 0 0
61000 0.97466 0.20053 1.0372 -1.1209 0.32984 0 373.81 -35.4 -0.93203 0.019474 8210.1 2307 3421.4 0 0
61100 1.005 0.1774 1.1489 -1.3462 0.31903 0 371.31 -48.309 -0.93216 0.019428 8231.6 2318 3425 0 0
61200 1.0249 0.2289 1.0984 -1.1602 0.34351 0 377.58 -27.347 -0.93253 0.019299 8251.7 2332 3428.6 0 0
61300 0.9935 0.22609 1.0972 -1.196 0.33631 0 401.08 -26.555 -0.93263 0.019257 8273.4 2332 3432.3 0 0
61400 0.99852 0.24041 1.1008 -1.0476 0.34645 0 388.12 -22.584 -0.93244 0.019211 8296.8 2339 3435.4 0 0
61500 0.98819 0.26628 1.1593 -0.94427 0.34293 0 368.95 -13.487 -0.93034 0.019225 8327.2 2336 3437.9 0 0
61600 1.02 0.28241 1.0846 -1.1548 0.32296 0 368.93 -11.965 -0.92839 0.019298 8352 2337 3440.2 0 0
61700 0.94394 0.25045 1.1074 -1.0431 0.34259 0 372.13 -15.502 -0.92473 0.019328 8386 2336 3443 0 0
61800 0.97985 0.23561 1.076 -1.1665 0.32749 0 373.27 -21.542 -0.91954 0.019272 8418.1 2339 3445.8 0 0
61900 0.99507 0.26803 1.0817 -0.81791 0.32762 0 384.37 -13.313 -0.90973 0.019131 8457.5 2341 3448 0 0
62000 1.0071 0.25488 1.118 -0.96114 0.33314 0 388.3 -18.348 -0.90493 0.019093 8495.5 2342 3450.2 0 0
62100 1.0197 0.22485 1.1621 -1.2208 0.33392 0 387.3 -27.898 -0.90024 0.019107 8534.3 2341 3452.6 0 0
62200 1.0207 0.20239 1.0716 -0.95057 0.35129 0 382.84 -37.163 -0.89631 0.019258 8569.9 2340 3455.8 0 0
62300 0.99899 0.29153 1.1861 -1.067 0.33466 0 373.4 -9.1115 -0.89348 0.019196 8602.1 2346 3458.3 0 0
62400 1.0082 0.22687 1.142 -1.1653 0.32963 0 379.88 -25.691 -0.88975 0.01918 8637.7 2344 3460.7 0 0
62500 1.0064 0.27702 1.1891 -1.1207 0.31108 0 357.77 -11.787 -0.8865 0.019222 8672.7 2348 3463 0 0
62600 1.032 0.24182 1.169 -0.92359 0.31918 0 385.21 -21.843 -0.88093 0.019243 8713 2348 3465.3 0 0
62700 1.0148 0.29415 1.1013 -1.1086 0.30642 0 395.69 -9.7425 -0.87742 0.019278 8742 2354 3467.5 0 0
62800 1.0098 0.28363 1.097 -0.91983 0.32686 0 360.06 -10.585 -0.87468 0.019251 8775.2 2358 3469.7 0 0
62900 0.98409 0.29248 1.1032 -1.0492 0.35262 0 378.8 -7.7107 -0.8696 0.019202 8815.4 2355 3471.7 0 0
63000 1.011 0.25224 1.1166 -0.95738 0.31917 0 375.46 -17.905 -0.86265 0.019313 8856.6 2358 3473.8 0 0
63100 0.99559 0.23273 1.1433 -1.0529 0.32733 0 382.26 -23.495 -0.85708 0.019278 8897.5 2363 3476.2 0 0
63200 1.0228 0.23651 1.1725 -1.1232 0.31537 0 378.77 -23.513 -0.85111 0.0193 8940.4 2368 3478.6 0 0
63300 1.0278 0.26439 1.1721 -1.1211 0.31548 0 369.91 -15.049 -0.84581 0.019395 8980 2372 3480.9 0 0
63400 1.0196 0.24132 1.1239 -1.0894 0.3162 0 375.77 -21.395 -0.84065 0.019403 9019.6 2372 3483 0 0
63500 0.96322 0.29862 1.1084 -1.0219 0.31132 0 380.88 -6.2493 -0.8347 0.019373 9061.1 2377 3484.9 0 0
63600 0.97864 0.25527 0.94745 -0.9284 0.31881 0 363.86 -14.728 -0.83031 0.019293 9100.7 2377 3486.8 0 0
63700 0.9061 0.29789 0.97917 -1.195 0.30111 0 398.01 -7.6277 -0.82606 0.019299 9137.8 2382 3488.7 0 0
63800 0.96037 0.30001 1.0564 -0.9579 0.34772 0 414.02 -5.9103 -0.819 0.019441 9178.1 2384 3490.5 0 0
63900 0.898 0.3006 0.98722 -1.0831 0.32816 0 386.32 -7.8765 -0.81922 0.019442 9199.2 2385 3492.6 0 0
64000 0.85923 0.34754 1.0292 -1.2152 0.31324 0 391.74 -15.117 -0.82169 0.019421 9209.2 2387 3494.6 0 0
64100 0.8713 0.32038 1.0136 -1.0358 0.33091 0 402.21 -10.699 -0.82235 0.019432 9228.5 2385 3496.7 0 0
64200 0.85583 0.32977 0.98634 -1.3384 0.32685 0 411.53 -13.87 -0.82228 0.019434 9250.5 2387 3498.8 0 0
64300 0.88351 0.3292 1.0421 -0.9851 0.3585 0 405.23 -9.3692 -0.82258 0.019425 9272.2 2391 3500.8 0 0
64400 0.88184 0.30446 0.97756 -1.2142 0.31931 0 396.23 -9.3279 -0.82405 0.019383 9287.9 2393 3502.8 0 0
64500 0.86992 0.35118 0.94586 -0.9835 0.33538 0 403.48 -13.302 -0.82645 0.019401 9298 2394 3504.8 0 0
64600 0.86967 0.37661 0.99006 -1.2778 0.33254 0 415.13 -18.998 -0.82994 0.019392 9301.5 2396 3507 0 0
64700 0.9249 0.31875 1.0779 -1.0855 0.31312 0 403.17 -5.5104 -0.83382 0.019368 9302.2 2399 3509.1 0 0
64800 0.92289 0.34166 1.0716 -1.1443 0.3193 0 401.41 -6.5641 -0.83761 0.019362 9303.6 2399 3511.1 0 0
64900 0.87647 0.35661 1.0344 -1.014 0.30886 0 377.57 -12.847 -0.84119 0.019338 9306.3 2402 3513.1 0 0
65000 0.91643 0.38337 1.131 -1.0056 0.31384 0 391.74 -16.42 -0.84338 0.019337 9317.7 2403 3515.3 0 0
65100 0.91617 0.37085 0.99879 -1.0363 0.34104 0 394.56 -12.97 -0.83991 0.019451 9351.2 2403 3517.5 0 0
65200 0.99956 0.36102 1.0869 -0.99046 0.34402 0 372.07 -13.424 -0.83333 0.019442 9395.2 2405 3519.5 0 0
65300 0.92526 0.31911 1.0137 -1.1382 0.33058 0 400.68 -5.3735 -0.82751 0.019426 9441.8 2405 3521.6 0 0
65400 0.88248 0.37794 1.0057 -1.1508 0.33531 0 379.09 -17.49 -0.82545 0.019424 9473.8 2405 3523.8 0 0
65500 0.96366 0.39498 1.0516 -1.2991 0.31821 0 381.29 -20.923 -0.82421 0.019494 9501.4 2410 3526 0 0
65600 0.93993 0.36468 1.1196 -1.1865 0.32499 0 373.75 -10.465 -0.82568 0.019513 9516.8 2415 3528.1 0 0
65700 0.89523 0.38552 1.0069 -1.1753 0.32599 0 377.49 -18.389 -0.82295 0.019479 9551.8 2415 3530.4 0 0
65800 0.96178 0.41318 1.0346 -1.1833 0.36476 0 386.96 -25.684 -0.81915 0.019501 9592.6 2414 3532.8 0 0
65900 0.966 0.35219 1.0765 -1.0465 0.33846 0 378.47 -8.6852 -0.81189 0.019593 9643.3 2418 3535.2 0 0
66000 0.98861 0.39825 1.0575 -1.2764 0.31728 0 400.79 -23.04 -0.80357 0.019573 9702.9 2413 3537.5 0 0
66100 0.96297 0.3896 1.0078 -0.87763 0.3555 0 374.77 -18.045 -0.79636 0.019544 9749.6 2413 3539.7 0 0
66200 1.0197 0.3796 1.1223 -1.0835 0.34017 0 366.55 -15.008 -0.7907 0.019468 9794 2412 3541.9 0 0
66300 0.96894 0.38029 1.0575 -0.84398 0.31798 0 385.92 -15.105 -0.78443 0.019396 9842.2 2416 3544 0 0
66400 0.95295 0.32724 1.0469 -1.0468 0.29863 0 378.99 -5.5084 -0.77431 0.019633 9902.1 2419 3546.1 0 0
66500 0.98732 0.38047 1.0938 -1.0368 0.33205 0 390.29 -16.916 -0.76813 0.019741 9952.7 2427 3548.2 0 0
66600 0.90253 0.35842 0.99248 -1.1204 0.33254 0 390.37 -10.291 -0.76741 0.019738 9981.5 2428 3550.6 0 0
66700 0.95986 0.42514 0.99419 -1.0301 0.32266 0 359.43 -27.205 -0.76465 0.019672 10019 2428 3553 0 0
66800 0.9989 0.40436 1.0415 -1.2085 0.33963 0 384.25 -23.991 -0.7644 0.019672 10044 2431 3555.3 0 0
66900 0.96085 0.35757 0.96765 -0.79721 0.32652 0 403.91 -9.3454 -0.7637 0.019643 10072 2432 3557.4 0 0
67000 0.89954 0.40253 1.0163 -1.154 0.31483 0 397.95 -22.657 -0.7615 0.019575 10105 2435 3559.6 0 0
67100 0.96916 0.36359 1.0485 -1.039 0.32923 0 394.43 -11.011 -0.75845 0.019548 10138 2436 3561.9 0 0
67200 0.97386 0.40972 1.0192 -1.1206 0.31682 0 368.38 -24.062 -0.7583 0.019558 10162 2433 3564.1 0 0
67300 0.99612 0.39572 1.1196 -1.0979 0.30964 0 384.95 -21.407 -0.75505 0.019576 10198 2432 3566.1 0 0
67400 0.87755 0.39016 1.0667 -1.1051 0.31798 0 377.75 -20.781 -0.75548 0.01954 10219 2435 3568.3 0 0
67500 0.93031 0.36305 0.99174 -0.98484 0.33374 0 391.23 -9.5215 -0.75584 0.019539 10241 2435 3570.5 0 0
67600 0.92873 0.40309 1.084 -1.0718 0.31724 0 389.34 -20.927 -0.7552 0.019565 10267 2434 3572.7 0 0
67700 1.0007 0.37621 1.1033 -1.2419 0.3045 0 376.69 -15.975 -0.75647 0.019565 10284 2430 3574.9 0 0
67800 0.94774 0.36923 1.0293 -1.0059 0.35411 0 388.56 -10.799 -0.7577 0.019569 10302 2428 3577 0 0
67900 0.99499 0.3699 1.0331 -1.002 0.32213 0 388.01 -13.97 -0.76093 0.019538 10306 2432 3579.1 0 0
68000 0.96629 0.385 1.0471 -1.0664 0.33854 0 394.73 -15.099 -0.76367 0.019499 10314 2437 3581.3 0 0
68100 0.93653 0.37795 1.0164 -0.86509 0.32547 0 394.13 -12.834 -0.76452 0.019485 10333 2438 3583.4 0 0
68200 1.0013 0.34762 1.0617 -0.94488 0.32745 0 375.48 -10.326 -0.76643 0.019494 10346 2437 3585.5 0 0
68300 0.96437 0.37126 1.0589 -1.0797 0.31123 0 363.68 -11.372 -0.76841 0.019481 10358 2439 3587.5 0 0
68400 0.94008 0.32335 1.0005 -1.1204 0.36092 0 376.47 -5.352 -0.77133 0.019456 10365 2442 3589.4 0 0
68500 0.91861 0.35313 1.0938 -0.97082 0.34225 0 391.37 -8.1784 -0.77358 0.019458 10376 2445 3591.4 0 0
68600 0.95612 0.36077 1.0629 -1.0485 0.37478 0 392.52 -9.2621 -0.77563 0.01943 10388 2449 3593.4 0 0
68700 0.99036 0.35406 1.1308 -1.1222 0.31954 0 366.16 -9.8574 -0.77756 0.019453 10401 2451 3595.4 0 0
68800 0.96299 0.44724 1.0232 -0.95222 0.30669 0 379.06 -31.41 -0.77989 0.019413 10411 2452 3597.5 0 0
68900 0.97012 0.36425 1.0471 -1.2359 0.34007 0 372.66 -10.181 -0.78241 0.019419 10420 2454 3599.6 0 0
69000 0.96668 0.31323 1.1005 -1.1401 0.32699 0 367.69 -6.146 -0.78482 0.019409 10430 2456 3601.6 0 0
69100 0.96468 0.30097 1.0432 -0.79867 0.3468 0 391.54 -6.2032 -0.78779 0.019395 10436 2458 3603.5 0 0
69200 0.96783 0.25906 1.1238 -1.043 0.32197 0 387.98 -13.349 -0.7911 0.019381 10439 2460 3605.4 0 0
69300 1.004 0.30951 1.1539 -0.78611 0.3315 0 372.31 -8.3798 -0.79364 0.019408 10448 2457 3607.2 0 0
69400 0.94784 0.31056 1.0592 -0.64563 0.33052 0 395.17 -5.348 -0.79589 0.019395 10459 2457 3609 0 0
69500 0.99302 0.26148 1.0779 -1.1681 0.34617 0 378.52 -13.954 -0.79858 0.019354 10466 2463 3610.9 0 0
69600 0.96258 0.29534 1.1296 -1.145 0.34595 0 378.93 -6.1575 -0.80161 0.019332 10472 2466 3612.7 0 0
69700 0.94836 0.28022 1.1442 -0.77092 0.31263 0 404.03 -7.9593 -0.80481 0.019312 10475 2469 3614.5 0 0
69800 0.96579 0.27655 1.0801 -1.0608 0.33232 0 374.14 -9.2244 -0.8083 0.01925 10477 2477 3616.4 0 0
69900 0.98337 0.35253 1.0826 -0.95823 0.35701 0 383.15 -8.91 -0.81132 0.019204 10482 2483 3618.2 0 0
70000 0.96882 0.31197 1.1069 -1.1086 0.33925 0 361.51 -5.8937 -0.81411 0.01923 10489 2479 3620 0 0
70100 0.96014 0.36706 1.0564 -1.1027 0.31418 0 362.4 -10.114 -0.81586 0.019241 10502 2478 3622 0 0
70200 0.96063 0.36228 1.0473 -1.0561 0.3251 0 374.34 -9.2485 -0.81197 0.019244 10537 2479 3624 0 0
70300 0.93872 0.37049 1.0145 -1.1958 0.35349 0 379.43 -10.495 -0.80599 0.019292 10571 2482 3626 0 0
70400 0.89017 0.33328 1.0165 -0.86308 0.34869 0 380.43 -8.2564 -0.80344 0.01926 10606 2487 3628.2 0 0
70500 0.95304 0.36996 1.0761 -0.99966 0.34308 0 380.22 -10.234 -0.8 0.019351 10645 2489 3630 0 0
70600 0.87274 0.37338 1.043 -0.70613 0.34508 0 373.66 -16.335 -0.79397 0.019281 10689 2494 3631.9 0 0
70700 0.86533 0.2758 1.0214 -1.0212 0.31839 0 357.93 -16.739 -0.78942 0.019304 10730 2493 3633.8 0 0
70800 0.9511 0.3179 1.0715 -1.2002 0.3459 0 379.14 -4.8233 -0.79012 0.019311 10750 2494 3635.6 0 0
70900 0.88447 0.30314 1.0316 -1.1046 0.33902 0 403.37 -8.8889 -0.7911 0.019306 10768 2495 3637.5 0 0
71000 0.8923 0.3141 1.0357 -1.0739 0.34016 0 403.07 -7.3288 -0.79354 0.019297 10777 2496 3639.6 0 0
71100 0.86377 0.28732 1.068 -1.0738 0.32868 0 372.53 -14.596 -0.79486 0.019273 10792 2500 3641.9 0 0
71200 0.935 0.28138 1.0951 -0.91357 0.32021 0 384.21 -7.6675 -0.79211 0.019285 10828 2504 3643.9 0 0
71300 0.8882 0.28931 1.0538 -1.1593 0.34645 0 390.94 -10.083 -0.79212 0.01929 10851 2502 3645.8 0 0
71400 0.92602 0.32312 0.97777 -1.0126 0.32965 0 377.17 -4.9131 -0.7942 0.019291 10863 2502 3647.8 0 0
71500 0.98071 0.27733 1.1288 -1.0421 0.33621 0 380.14 -9.4939 -0.79447 0.019309 10886 2500 3649.6 0 0
71600 0.9425 0.2917 1.0422 -0.93254 0.3195 0 361.36 -6.0313 -0.79587 0.019276 10902 2501 3651.3 0 0
71700 0.95656 0.27978 1.1141 -1.1557 0.33326 0 383.52 -8.1713 -0.79718 0.019282 10919 2504 3653.1 0 0
71800 0.88935 0.28606 1.1059 -0.91937 0.35131 0 379.11 -10.394 -0.79653 0.019291 10945 2503 3654.9 0 0
71900 0.94181 0.26004 1.0537 -0.90753 0.32587 0 390.99 -12.678 -0.79676 0.019282 10970 2505 3656.7 0 0
72000 0.93128 0.31447 1.0506 -1.1313 0.34397 0 373.5 -4.7876 -0.79702 0.019322 10993 2504 3658.6 0 0
72100 0.94378 0.31109 1.1363 -0.96643 0.29163 0 384.16 -4.6787 -0.79924 0.019305 11004 2506 3660.5 0 0
72200 0.82321 0.35196 1.0293 -0.9836 0.31882 0 392.46 -20.223 -0.80244 0.019309 11007 2505 3662.4 0 0
72300 0.88694 0.34663 1.1064 -0.92112 0.31557 0 394.33 -9.4209 -0.80507 0.019336 11015 2503 3664.4 0 0
72400 0.84911 0.28263 1.0303 -1.1214 0.32011 0 393.49 -18.149 -0.80775 0.019315 11021 2509 3666.5 0 0
72500 0.87499 0.30858 1.0062 -1.185 0.32748 0 367.17 -9.4193 -0.8108 0.019306 11025 2511 3668.6 0 0
72600 0.85528 0.30561 1.0212 -1.1385 0.31366 0 370.96 -13.107 -0.81424 0.019262 11026 2517 3670.7 0 0
72700 0.82655 0.28504 0.97036 -1.0517 0.34863 0 370.07 -21.255 -0.81739 0.019255 11030 2518 3672.9 0 0
72800 0.83783 0.33248 1.0513 -0.90483 0.30276 0 388.32 -16.031 -0.81962 0.019245 11039 2519 3675 0 0
72900 0.88179 0.3376 1.0124 -0.90785 0.3141 0 396.25 -9.2974 -0.8199 0.019266 11063 2524 3677 0 0
73000 0.91472 0.38983 1.0578 -0.97786 0.36397 0 384.74 -16.45 -0.82182 0.019275 11076 2530 3679.1 0 0
73100 0.8423 0.35303 1.006 -0.95889 0.32513 0 394.35 -17.25 -0.8241 0.019283 11086 2530 3681.3 0 0
73200 0.96437 0.38342 1.014 -0.86535 0.33395 0 387.54 -13.833 -0.82468 0.019292 11108 2529 3683.5 0 0
73300 0.86235 0.37391 1.0928 -1.1035 0.31715 0 388.3 -17.48 -0.82431 0.019305 11137 2533 3685.6 0 0
73400 0.91422 0.32634 1.0776 -1.1074 0.37249 0 379.87 -5.0393 -0.82417 0.019282 11163 2532 3687.6 0 0
73500 0.87422 0.32122 1.0992 -1.0791 0.31595 0 396.58 -8.8135 -0.82595 0.019267 11176 2531 3689.8 0 0
73600 0.83318 0.31048 0.99151 -1.0096 0.32916 0 392.55 -16.28 -0.82686 0.019246 11195 2534 3691.9 0 0
73700 0.86006 0.2749 1.0494 -1.1062 0.33307 0 406.14 -17.426 -0.82821 0.019211 11212 2539 3694 0 0
73800 0.83799 0.23836 0.95216 -1.125 0.31091 0 411.34 -33.201 -0.82846 0.019211 11236 2536 3696.9 0 0
73900 0.86508 0.23148 0.98588 -1.1264 0.33633 0 403 -30.297 -0.82264 0.019421 11293 2541 3700 0 0
74000 0.88287 0.22892 1.0333 -0.93889 0.33373 0 405.56 -27.553 -0.81803 0.019435 11344 2543 3702.9 0 0
74100 0.83251 0.25877 1.0364 -0.77767 0.31894 0 415.67 -27.607 -0.8154 0.019388 11385 2543 3705.5 0 0
74200 0.84502 0.33684 0.94819 -1.1771 0.32825 0 407.66 -14.719 -0.81163 0.019362 11430 2548 3707.7 0 0
74300 0.78833 0.26163 0.98116 -1.1163 0.31523 0 400.52 -35.322 -0.80525 0.019331 11489 2558 3710.5 0 0
74400 0.81056 0.22568 0.96071 -1.0895 0.34543 0 419.71 -43.67 -0.79465 0.01927 11565 2564 3714.2 0 0
74500 0.85206 0.21175 0.89851 -1.0802 0.33049 0 394.7 -40.843 -0.78437 0.019095 11644 2569 3717.8 0 0
74600 0.73377 0.28573 0.94946 -1.1783 0.33024 0 406.06 -45.824 -0.77112 0.019278 11726 2578 3721.4 0 0
74700 0.81163 0.22497 1.0048 -1.3103 0.30724 0 404.24 -42.82 -0.75854 0.019458 11808 2581 3724.6 0 0
74800 0.76075 0.27675 0.91823 -1.0986 0.32212 0 401.94 -38.288 -0.74694 0.019543 11889 2580 3727.9 0 0
74900 0.84582 0.28743 0.88214 -1.1352 0.32327 0 419.96 -16.793 -0.73994 0.019489 11953 2586 3730.7 0 0
75000 0.80886 0.29517 0.9393 -1.0024 0.30706 0 408.78 -22.092 -0.7281 0.019644 12022 2593 3733.7 0 0
75100 0.72979 0.28663 0.95967 -1.5115 0.34125 0 394.34 -46.109 -0.71885 0.01958 12091 2597 3736.8 0 0
75200 0.80364 0.31672 0.92281 -0.96303 0.3674 0 420.45 -21.184 -0.7126 0.0196 12154 2602 3739.6 0 0
75300 0.77239 0.28258 0.9254 -1.2794 0.34401 0 411.94 -32.604 -0.70564 0.019635 12219 2602 3742.3 0 0
75400 0.79027 0.33 0.97306 -1.0929 0.34154 0 409.32 -23.671 -0.69788 0.019602 12280 2602 3744.5 0 0
75500 0.78336 0.31639 0.97753 -0.94807 0.29923 0 394.97 -24.972 -0.68829 0.019521 12349 2600 3747.1 0 0
75600 0.7499 0.28681 0.97154 -0.93974 0.31926 0 426.44 -38.148 -0.67961 0.019519 12399 2602 3749.5 0 0
75700 0.83817 0.33274 1.0658 -0.96878 0.33677 0 403.34 -15.612 -0.6749 0.019473 12432 2609 3752 0 0
75800 0.81364 0.285 0.98404 -1.0538 0.33131 0 395.61 -22.947 -0.66658 0.01936 12462 2608 3754.4 0 0
75900 0.756 0.2741 0.92902 -1.3896 0.34037 0 381.8 -39.55 -0.66402 0.019559 12491 2609 3756.9 0 0
76000 0.80963 0.28925 1.0259 -0.92627 0.34622 0 382.42 -22.526 -0.65476 0.019376 12514 2605 3759.4 0 0
76100 0.7979 0.35303 0.97417 -0.67163 0.30828 0 384.31 -19.81 -0.64571 0.019282 12537 2615 3761.7 0 0
76200 0.82256 0.36588 1.01 -1.0736 0.31509 0 385.79 -19.228 -0.6418 0.019615 12572 2620 3763.7 0 0
76300 0.82469 0.31514 0.96099 -0.94512 0.31906 0 400.26 -17.022 -0.63623 0.019479 12604 2621 3765.8 0 0
76400 0.82918 0.33749 1.0032 -1.0839 0.318 0 393.69 -16.925 -0.63068 0.01951 12635 2622 3767.8 0 0
76500 0.81383 0.32553 0.99684 -0.91368 0.33842 0 403.86 -18.017 -0.62658 0.019392 12666 2624 3769.9 0 0
76600 0.7972 0.27645 1.0102 -1.2163 0.31911 0 370.66 -28.008 -0.62597 0.01936 12688 2625 3772.2 0 0
76700 0.86085 0.29754 1.0265 -1.043 0.33514 0 382.62 -12.861 -0.62206 0.019309 12726 2626 3774.4 0 0
76800 0.7988 0.29879 0.86295 -1.1059 0.33755 0 389.99 -22.173 -0.6165 0.01918 12772 2627 3776.5 0 0
76900 0.84634 0.32726 0.97171 -1.0412 0.33635 0 385.2 -13.479 -0.61449 0.019193 12792 2626 3778.3 0 0
77000 0.8424 0.29203 0.97066 -1.1192 0.33223 0 381.54 -16.183 -0.60977 0.019283 12817 2628 3780.1 0 0
77100 0.8612 0.2663 0.97001 -0.83546 0.30839 0 379.33 -19.251 -0.60172 0.019362 12846 2630 3782 0 0
77200 0.85796 0.24306 0.97632 -1.2353 0.30977 0 389.25 -26.827 -0.59432 0.019534 12888 2633 3784.1 0 0
77300 0.8909 0.25012 0.96783 -1.0788 0.34054 0 371.95 -19.054 -0.59073 0.019498 12934 2636 3786.2 0 0
77400 0.8954 0.26496 0.96107 -1.2523 0.32058 0 376.42 -14.415 -0.58754 0.019499 12974 2644 3788.2 0 0
77500 0.79832 0.2626 0.92984 -0.9592 0.31039 0 356.63 -32.249 -0.58234 0.019321 13013 2645 3790.1 0 0
77600 0.89139 0.269 1.055 -1.0793 0.30229 0 386.15 -13.569 -0.57113 0.019305 13081 2649 3792 0 0
77700 0.91605 0.25268 1.04 -1.0362 0.32569 0 381.88 -15.978 -0.5626 0.019397 13131 2653 3794.1 0 0
77800 0.94159 0.26548 1.0877 -1.1304 0.33415 0 386.3 -11.416 -0.55243 0.019278 13199 2651 3795.9 0 0
77900 0.81652 0.27425 0.9993 -1.1532 0.32508 0 345.75 -24.946 -0.54274 0.019271 13270 2654 3798.1 0 0
78000 0.8359 0.2986 1.0469 -0.97149 0.31512 0 387.4 -16.32 -0.53519 0.019545 13320 2658 3800.1 0 0
78100 0.85523 0.27099 0.9593 -1.258 0.30468 0 342.17 -18.254 -0.5228 0.019873 13388 2658 3802.2 0 0
78200 0.83203 0.2726 1.0016 -1.1331 0.3052 0 349.39 -22.158 -0.51114 0.019974 13447 2664 3804.3 0 0
78300 0.86156 0.28199 0.95421 -1.1047 0.31125 0 379.13 -14.895 -0.50237 0.019668 13491 2668 3806.5 0 0
78400 0.8741 0.26098 0.89654 -1.1131 0.33736 0 346.2 -17.653 -0.49248 0.019587 13540 2668 3808.6 0 0
78500 0.86892 0.24328 1.003 -1.181 0.31099 0 358.85 -23.968 -0.48388 0.019487 13604 2666 3810.7 0 0
78600 0.80224 0.25448 0.90759 -1.0683 0.33265 0 360 -33.876 -0.47672 0.019508 13653 2665 3812.7 0 0
78700 0.84908 0.28289 0.94096 -0.94545 0.32691 0 388.28 -16.144 -0.47154 0.019521 13687 2667 3814.8 0 0
78800 0.85764 0.27191 0.93015 -0.80447 0.32841 0 387.05 -17.014 -0.46953 0.01939 13708 2667 3816.7 0 0
78900 0.80267 0.25138 0.95492 -1.1091 0.3091 0 402.45 -34.62 -0.47142 0.019355 13720 2672 3818.7 0 0
79000 0.81142 0.30826 0.91727 -1.1028 0.3419 0 383.38 -18.738 -0.47327 0.019349 13732 2673 3820.7 0 0
79100 0.87205 0.32671 0.93485 -1.0302 0.33698 0 368 -9.5839 -0.47265 0.019346 13750 2675 3822.5 0 0
79200 0.83272 0.28177 0.9272 -0.98529 0.33515 0 377.97 -19.106 -0.47445 0.019312 13763 2680 3824.4 0 0
79300 0.83169 0.24218 0.88512 -1.1343 0.33067 0 358.71 -31.603 -0.47541 0.019272 13781 2687 3827 0 0
79400 0.91934 0.26972 0.9462 -1.0709 0.32162 0 360.7 -11.01 -0.47505 0.019277 13803 2687 3829.2 0 0
79500 0.95678 0.27225 1.0178 -0.98536 0.33325 0 360.04 -10.006 -0.47333 0.019275 13838 2686 3831.1 0 0
79600 0.88452 0.29118 0.84559 -1.1713 0.3053 0 368.55 -9.4531 -0.4738 0.019301 13861 2687 3833.1 0 0
79700 0.81368 0.22789 0.90239 -0.90302 0.33259 0 352.84 -41.221 -0.47424 0.019195 13885 2699 3835.9 0 0
79800 0.83394 0.20423 0.95082 -1.2495 0.34488 0 359.52 -47.447 -0.47195 0.019209 13926 2698 3838.9 0 0
79900 0.85539 0.20057 0.97657 -1.0481 0.33772 0 359.67 -45.582 -0.47309 0.019239 13944 2694 3841.7 0 0
80000 0.85278 0.22759 0.92561 -1.1228 0.3211 0 376.11 -32.831 -0.47244 0.019184 13976 2698 3844.4 0 0
80100 0.83027 0.22526 0.99681 -0.87782 0.34478 0 360.78 -37.963 -0.46913 0.019165 14027 2701 3847 0 0
80200 0.81596 0.20104 0.9174 -0.84861 0.31885 0 394.41 -49.382 -0.46949 0.019166 14050 2702 3849.9 0 0
80300 0.81702 0.2017 0.9103 -1.1086 0.31617 0 402.21 -49.109 -0.4708 0.019144 14067 2705 3852.8 0 0
80400 0.89491 0.20041 1.0082 -1.0698 0.32656 0 428.76 -40.04 -0.46793 0.01913 14112 2708 3855.7 0 0
80500 0.84029 0.20941 0.96505 -1.0571 0.31452 0 394.18 -42.286 -0.46243 0.019117 14172 2711 3858.9 0 0
80600 0.85728 0.21244 0.93806 -1.0527 0.32287 0 393.95 -38.349 -0.45431 0.019237 14245 2721 3862.1 0 0
80700 0.88919 0.21783 1.0224 -0.79089 0.32583 0 390.85 -30.839 -0.45025 0.0191 14297 2723 3865 0 0
80800 0.95436 0.206 1.0093 -0.88864 0.32506 0 411 -32.798 -0.44151 0.019151 14368 2734 3867.9 0 0
80900 0.89988 0.18352 0.93212 -0.96563 0.31544 0 403.03 -46.74 -0.44163 0.019206 14394 2734 3870.7 0 0
81000 0.90538 0.21787 1.0061 -0.88465 0.35084 0 409.63 -29.322 -0.44189 0.019222 14416 2732 3873.5 0 0
81100 0.94083 0.22139 1.0408 -1.1658 0.34723 0 391.66 -26.007 -0.43864 0.019124 14464 2728 3876.3 0 0
81200 0.88968 0.20597 0.95023 -0.97891 0.32909 0 400.39 -35.773 -0.43182 0.019168 14526 2736 3878.9 0 0
81300 0.899 0.19116 1.0014 -1.1698 0.32328 0 403.89 -41.741 -0.42551 0.019082 14587 2738 3881.8 0 0
81400 0.92339 0.19405 0.9754 -0.93931 0.32314 0 367.94 -38.907 -0.41958 0.019048 14645 2740 3884.6 0 0
81500 0.89861 0.21283 1.0355 -1.0942 0.33332 0 391.56 -32.021 -0.41361 0.019034 14708 2748 3887.7 0 0
81600 0.91958 0.19697 1.0775 -1.0112 0.32774 0 403.75 -37.278 -0.40999 0.019075 14754 2749 3890.6 0 0
81700 0.98185 0.19376 1.1322 -0.78547 0.35092 0 416.58 -38.34 -0.40858 0.019019 14790 2749 3893.3 0 0
81800 1.0146 0.18665 1.1103 -0.94461 0.34452 0 377.6 -45.344 -0.40649 0.019101 14829 2750 3896.4 0 0
81900 0.98978 0.18351 1.0573 -0.89664 0.31726 0 381.11 -43.489 -0.40214 0.019135 14881 2748 3899.6 0 0
82000 0.9673 0.23665 1.1092 -0.69593 0.3404 0 374.3 -20.853 -0.39601 0.019173 14941 2752 3902.3 0 0
82100 0.9208 0.22902 1.0532 -1.086 0.32916 0 400.75 -23.345 -0.38907 0.019175 15010 2752 3904.5 0 0
82200 0.89189 0.21007 0.97393 -1.1318 0.31526 0 410.15 -33.316 -0.38124 0.019098 15083 2754 3907.2 0 0
82300 0.92166 0.21948 1.0583 -1.3541 0.37541 0 411.72 -26.866 -0.37436 0.01905 15145 2757 3909.6 0 0
82400 0.9842 0.22123 1.0319 -1.0945 0.33207 0 399.84 -26.894 -0.36689 0.019084 15211 2761 3912 0 0
82500 0.94673 0.19443 1.0968 -1.1068 0.32731 0 405.52 -36.869 -0.36037 0.019002 15279 2758 3914.3 0 0
82600 0.85698 0.2098 0.9568 -1.1502 0.36189 0 387.88 -38.09 -0.35159 0.019084 15355 2757 3916.8 0 0
82700 0.8713 0.21601 0.98311 -1.1668 0.28963 0 417.34 -33.008 -0.34392 0.019098 15423 2757 3919.2 0 0
82800 0.96025 0.21166 0.95726 -0.9648 0.35404 0 422.45 -29.534 -0.33612 0.019105 15497 2756 3921.3 0 0
82900 0.93667 0.22467 0.99864 -0.99208 0.35195 0 421.81 -24.246 -0.32785 0.019252 15574 2755 3923.7 0 0
83000 0.89185 0.233 1.0407 -0.96305 0.30689 0 415.48 -23.786 -0.32096 0.01915 15643 2754 3925.9 0 0
83100 0.88757 0.23109 1.0144 -0.9118 0.31111 0 428.23 -24.7 -0.31239 0.019139 15717 2754 3928 0 0
83200 0.88898 0.20883 0.97359 -0.92092 0.32015 0 421.47 -32.939 -0.3075 0.01929 15774 2759 3930.3 0 0
83300 0.93003 0.2139 0.93332 -0.95186 0.31981 0 407.71 -28.115 -0.30352 0.019236 15821 2766 3932.6 0 0
83400 0.83556 0.20291 0.97697 -0.96452 0.31486 0 406.79 -44.512 -0.29826 0.019315 15865 2771 3935.1 0 0
83500 0.81986 0.241 0.93394 -1.0725 0.33765 0 420.91 -33.92 -0.293 0.019392 15898 2774 3937.4 0 0
83600 0.87842 0.24895 0.96967 -1.0227 0.30843 0 396.8 -20.096 -0.28941 0.019435 15938 2776 3939.3 0 0
83700 0.85138 0.25783 0.99984 -0.90764 0.34947 0 419.73 -21.995 -0.28325 0.019517 15984 2786 3941.4 0 0
83800 0.93382 0.21497 0.9933 -1.0424 0.32636 0 416.28 -27.489 -0.27705 0.019399 16021 2783 3943.3 0 0
83900 0.82208 0.20037 0.94647 -1.0753 0.31335 0 418.21 -48.029 -0.27003 0.019299 16058 2786 3945.6 0 0
84000 0.90253 0.22323 1.0465 -0.97017 0.33091 0 374.61 -25.645 -0.26529 0.019353 16107 2788 3947.8 0 0
84100 0.87765 0.2221 1.0893 -1.2014 0.3159 0 400.34 -28.378 -0.26275 0.019511 16150 2793 3950.3 0 0
84200 0.90427 0.25051 0.95969 -0.94034 0.36027 0 402.73 -16.932 -0.25964 0.019394 16196 2788 3952.4 0 0
84300 0.81567 0.25564 0.90906 -1.0507 0.32028 0 404.4 -29.62 -0.25719 0.019413 16238 2786 3954.5 0 0
84400 0.86069 0.25628 0.97994 -0.97072 0.34115 0 422.96 -19.883 -0.25527 0.019378 16279 2793 3956.6 0 0
84500 0.89414 0.25251 0.9683 -1.1497 0.3241 0 403.1 -17.07 -0.25429 0.019377 16315 2796 3958.5 0 0
84600 0.90159 0.24813 0.96608 -1.039 0.31915 0 412.38 -17.522 -0.25149 0.019447 16365 2799 3960.4 0 0
84700 0.90538 0.22001 1.0086 -1.1616 0.30044 0 411.96 -26.585 -0.24858 0.019468 16413 2798 3962.3 0 0
84800 0.91435 0.25034 1.0191 -1.0811 0.32311 0 404.11 -16.41 -0.24382 0.019458 16475 2800 3964.2 0 0
84900 0.91977 0.22154 0.95313 -0.95775 0.34894 0 416.35 -24.837 -0.24031 0.019361 16526 2797 3966.1 0 0
85000 0.91661 0.23372 1.0493 -1.1979 0.34825 0 401.75 -20.485 -0.23574 0.019479 16578 2799 3967.9 0 0
85100 0.9609 0.28277 0.99164 -1.11 0.31782 0 407.91 -8.4199 -0.23167 0.0195 16629 2797 3969.6 0 0
85200 0.94749 0.23128 1.0369 -1.0654 0.32673 0 387.25 -21.832 -0.22762 0.019488 16679 2799 3971.5 0 0
85300 1.0346 0.22443 1.0202 -1.1279 0.33547 0 398.52 -29.051 -0.22316 0.019544 16731 2803 3973.6 0 0
85400 0.98721 0.19204 0.98585 -1.0677 0.32474 0 415.97 -39.058 -0.21826 0.019561 16786 2799 3975.7 0 0
85500 0.90523 0.2811 1.0411 -0.95815 0.33128 0 399.2 -9.2768 -0.21197 0.01957 16848 2801 3977.4 0 0
85600 0.97077 0.24926 1.0314 -1.1328 0.32804 0 393.15 -16.153 -0.20646 0.019557 16909 2800 3979 0 0
85700 1 0.25593 0.9965 -0.99465 0.34878 0 391.86 -16.571 -0.20015 0.019382 16982 2800 3980.7 0 0
85800 0.98937 0.25778 1.019 -1.0089 0.35293 0 419.95 -15.492 -0.19519 0.019391 17046 2802 3982.4 0 0
85900 0.89802 0.23464 0.98663 -1.0382 0.31281 0 415.01 -21.456 -0.19009 0.01963 17109 2810 3984 0 0
86000 0.91482 0.2649 0.99172 -0.92368 0.32384 0 410.2 -12.184 -0.18675 0.01963 17156 2811 3985.7 0 0
86100 0.92637 0.26245 1.0536 -1.1369 0.32874 0 410.96 -12.209 -0.17923 0.019656 17223 2811 3987.2 0 0
86200 0.97228 0.23101 1.0056 -0.98978 0.32852 0 414.42 -22.053 -0.17275 0.019622 17280 2816 3988.8 0 0
86300 0.98725 0.25479 1.061 -1.0325 0.38054 0 413.56 -16.067 -0.16699 0.019621 17328 2816 3990.4 0 0
86400 0.81426 0.26818 1.0374 -1.0004 0.34478 0 410.63 -26.21 -0.15987 0.01966 17394 2817 3991.9 0 0
86500 0.87499 0.24945 1.0298 -0.95245 0.33918 0 403.86 -19.547 -0.1513 0.019691 17466 2818 3993.6 0 0
86600 0.95715 0.25583 0.96905 -1.1061 0.31303 0 387.75 -13.797 -0.14493 0.019742 17536 2820 3995.2 0 0
86700 0.97782 0.24142 1.02 -0.95408 0.33149 0 388.74 -18.736 -0.13908 0.01973 17589 2821 3996.6 0 0
86800 0.9745 0.26035 0.9984 -1.0517 0.34098 0 407.87 -13.354 -0.13284 0.019825 17637 2821 3998.2 0 0
86900 0.99311 0.25725 1.0927 -1.0873 0.30639 0 382.12 -15.683 -0.12836 0.019819 17685 2825 4000.1 0 0
87000 0.96308 0.26422 0.96514 -0.81679 0.34022 0 397.93 -12.171 -0.12443 0.019776 17731 2825 4001.7 0 0
87100 0.96542 0.23676 1.0045 -0.99947 0.33556 0 364.74 -19.651 -0.11894 0.01986 17777 2824 4003.2 0 0
87200 0.95812 0.19596 1.0141 -0.99954 0.32944 0 388.28 -36.13 -0.11371 0.019869 17825 2822 4005 0 0
87300 0.91455 0.2968 1.0725 -0.9795 0.32132 0 395.92 -6.8137 -0.10977 0.019855 17871 2823 4006.6 0 0
87400 0.89895 0.26264 1.003 -1.2088 0.32347 0 382.27 -13.286 -0.10599 0.020044 17918 2822 4008 0 0
87500 0.9441 0.23919 0.99075 -1.1129 0.32244 0 389.97 -18.512 -0.10068 0.020008 17971 2823 4009.6 0 0
87600 1.0191 0.23248 1.0613 -1.0223 0.32936 0 362.3 -24.981 -0.094944 0.020094 18030 2825 4011.2 0 0
87700 0.91862 0.29484 1.0484 -1.1028 0.32983 0 378.47 -6.732 -0.088358 0.020013 18091 2825 4012.9 0 0
87800 1.0222 0.23655 1.0204 -1.0291 0.30742 0 371.35 -23.929 -0.081511 0.019897 18150 2825 4014.5 0 0
87900 1.008 0.25734 1.1309 -1.0356 0.33235 0 377.74 -16.735 -0.075181 0.020128 18206 2830 4016 0 0
88000 0.91664 0.22998 0.97145 -0.82083 0.34317 0 361.58 -21.006 -0.068844 0.020128 18253 2832 4017.6 0 0
88100 0.93618 0.18312 0.98945 -1.2025 0.29845 0 381.74 -43.141 -0.062905 0.019958 18302 2830 4019.4 0 0
88200 0.85427 0.22335 0.94243 -0.94412 0.33109 0 386.38 -31.592 -0.057563 0.020286 18358 2833 4021.1 0 0
88300 0.94007 0.21202 0.90647 -1.1694 0.35842 0 385.86 -28.169 -0.051521 0.020346 18419 2833 4023.1 0 0
88400 0.91112 0.2363 0.94073 -1.1511 0.32195 0 356.14 -18.942 -0.044716 0.020483 18479 2830 4024.9 0 0
88500 0.84372 0.21981 0.93438 -0.89573 0.33936 0 358.62 -35.05 -0.03965 0.02041 18526 2832 4026.6 0 0
88600 0.91217 0.25855 1.0245 -1.1132 0.33951 0 375.34 -13.217 -0.03374 0.020437 18572 2834 4028.2 0 0
88700 0.89637 0.27338 0.98875 -1.1387 0.30636 0 345.92 -11.153 -0.026955 0.02008 18619 2834 4029.7 0 0
88800 0.89872 0.27586 0.97863 -1.019 0.33213 0 387.65 -10.486 -0.021056 0.020255 18665 2837 4031 0 0
88900 0.90478 0.25625 0.97719 -1.1503 0.3362 0 373.96 -13.954 -0.014503 0.020249 18708 2839 4032.3 0 0
89000 0.89944 0.26421 0.97204 -0.9796 0.35293 0 370.44 -12.569 -0.007507 0.020281 18747 2836 4033.6 0 0
89100 0.86947 0.27897 0.93974 -1.0698 0.31678 0 377.85 -13.845 -0.001585 0.02031 18794 2840 4035 0 0
89200 0.9491 0.26222 1.0547 -1.1093 0.35106 0 402.77 -11.921 0.003732 0.020311 18841 2841 4036.4 0 0
89300 0.89046 0.25398 1.0278 -1.0472 0.35143 0 392.6 -15.874 0.009161 0.020465 18878 2843 4037.8 0 0
89400 0.95676 0.26253 1.0042 -0.9367 0.32459 0 384.81 -12.04 0.01495 0.02041 18935 2842 4039.1 0 0
89500 0.87949 0.24793 0.89788 -0.79222 0.3611 0 382.2 -18.818 0.022051 0.020429 19005 2847 4040.4 0 0
89600 0.89482 0.26814 1.0968 -0.97797 0.33224 0 406.7 -12.021 0.030342 0.02043 19071 2843 4042 0 0
89700 0.89136 0.23419 1.0623 -0.99467 0.32567 0 402.58 -21.446 0.037267 0.020603 19132 2843 4043.5 0 0
89800 0.82929 0.26163 0.98193 -1.1501 0.31934 0 399.44 -24.989 0.042192 0.020703 19180 2846 4044.9 0 0
89900 0.83787 0.22901 1.034 -1.0038 0.31384 0 406.67 -32.976 0.047731 0.020495 19230 2840 4046.5 0 0
90000 0.8622 0.25507 1.0083 -0.9613 0.33339 0 412.58 -19.234 0.053894 0.020423 19284 2844 4048.5 0 0
90100 0.82557 0.2655 0.97355 -0.65028 0.33675 0 414.29 -24.599 0.059562 0.02032 19332 2845 4050.6 0 0
90200 0.88308 0.20345 1.007 -1.0724 0.32038 0 389.25 -35.26 0.067949 0.020476 19393 2848 4052.5 0 0
90300 0.81731 0.25155 0.92863 -1.079 0.34192 0 400.92 -30.529 0.074231 0.020578 19439 2849 4054.3 0 0
90400 0.84894 0.24793 1.0073 -1.0101 0.33324 0 399.63 -24.257 0.081973 0.020389 19502 2845 4055.9 0 0
90500 0.871 0.22143 0.96307 -1.1439 0.35627 0 400.11 -29.242 0.090834 0.020646 19568 2852 4057.6 0 0
90600 0.83115 0.27482 1.0375 -1.0877 0.33315 0 395.33 -21.379 0.1015 0.020724 19647 2851 4059.3 0 0
90700 0.90714 0.28286 0.99708 -1.0336 0.32973 0 388.74 -8.8789 0.11322 0.020824 19720 2852 4060.7 0 0
90800 0.86069 0.27843 0.97986 -0.8471 0.36318 0 399.9 -14.939 0.1237 0.020729 19794 2850 4062.4 0 0
90900 0.84388 0.27995 0.946 -0.98268 0.31456 0 410.62 -17.669 0.13311 0.0206 19868 2850 4063.8 0 0
91000 0.8309 0.27324 1.0159 -1.089 0.32819 0 386.58 -21.575 0.14347 0.020439 19936 2849 4065.2 0 0
91100 0.8414 0.30818 0.97913 -1.0836 0.3121 0 381.37 -15.158 0.15299 0.020445 20010 2850 4066.5 0 0
91200 0.89865 0.2478 1.0536 -0.67846 0.35248 0 377.59 -16.4 0.16331 0.020456 20080 2851 4067.8 0 0
91300 0.90048 0.25769 1.0346 -1.1442 0.34493 0 391.95 -13.63 0.17264 0.02047 20155 2852 4069.3 0 0
91400 0.88724 0.27054 1.0312 -0.86664 0.31585 0 398.8 -12.212 0.18021 0.020501 20215 2852 4070.6 0 0
91500 0.85698 0.26331 1.0118 -0.64893 0.31901 0 394.7 -17.971 0.18791 0.020539 20296 2853 4071.9 0 0
91600 0.84832 0.2336 0.93905 -0.96122 0.3104 0 402.48 -27.846 0.19915 0.020588 20378 2852 4073.4 0 0
91700 0.83543 0.22774 0.98789 -1.2818 0.34471 0 394.24 -33.271 0.20938 0.020681 20451 2853 4075.1 0 0
91800 0.81595 0.20517 0.95023 -0.95057 0.34405 0 377.99 -47.693 0.22 0.020888 20527 2852 4076.5 0 0
91900 0.90892 0.21399 0.96641 -0.89822 0.34352 0 361.13 -28.356 0.22976 0.020972 20606 2853 4078 0 0
92000 0.94921 0.22734 1.0121 -0.97287 0.32656 0 378.94 -22.124 0.24015 0.020963 20678 2853 4079.5 0 0
92100 0.93286 0.23795 1.0512 -1.105 0.34248 0 401.1 -18.264 0.24954 0.021118 20754 2851 4081 0 0
92200 0.94325 0.21195 1.0729 -1.0918 0.34368 0 389.83 -28.342 0.25856 0.021079 20812 2851 4082.4 0 0
92300 0.84625 0.24169 1.0171 -1.1404 0.32195 0 404.14 -25.718 0.26821 0.020995 20888 2851 4084.1 0 0
92400 0.89223 0.20788 1.0567 -1.082 0.31944 0 398.27 -32.294 0.27465 0.020903 20946 2852 4085.5 0 0
92500 0.87616 0.18827 1.0079 -1.0711 0.32341 0 395.73 -44.94 0.28072 0.0208 21007 2852 4087.5 0 0
92600 0.84783 0.1966 1.0002 -1.0259 0.32382 0 402.79 -44.696 0.28731 0.020952 21076 2858 4089.5 0 0
92700 0.89285 0.19405 0.98559 -1.0811 0.31605 0 377.5 -39.089 0.29309 0.020974 21127 2862 4091.7 0 0
92800 0.82483 0.19206 0.91835 -1.1917 0.31542 0 410.59 -49.111 0.29976 0.020852 21197 2863 4093.8 0 0
92900 0.83415 0.22054 0.95545 -1.0274 0.30774 0 396.66 -36.48 0.30781 0.021119 21276 2870 4095.9 0 0
93000 0.7876 0.23359 0.93299 -0.9762 0.31343 0 392.58 -44.729 0.31446 0.021107 21321 2874 4097.9 0 0
93100 0.77224 0.22308 0.89582 -1.2076 0.3257 0 404.66 -49.316 0.32053 0.020993 21363 2878 4100.2 0 0
93200 0.82075 0.20792 0.86618 -1.2321 0.31634 0 384.44 -45.157 0.32693 0.021111 21424 2883 4102.3 0 0
93300 0.83526 0.2362 0.91875 -0.93252 0.34841 0 382.84 -30.101 0.3355 0.021332 21492 2886 4104.2 0 0
93400 0.89419 0.196 0.91526 -1.214 0.35383 0 369.19 -37.923 0.34004 0.021389 21548 2887 4106 0 0
93500 0.78168 0.2372 0.87983 -0.96327 0.32305 0 393.48 -44.683 0.34586 0.021333 21601 2889 4108 0 0
93600 0.82619 0.22742 0.93811 -1.0232 0.33842 0 354.78 -35.302 0.35235 0.021391 21679 2890 4110.1 0 0
93700 0.75052 0.25959 0.87699 -1.0977 0.31224 0 373.63 -46.618 0.35897 0.021285 21748 2895 4112.4 0 0
93800 0.76878 0.23638 0.81528 -0.71612 0.31554 0 390.53 -47.171 0.36724 0.021279 21826 2895 4114.6 0 0
93900 0.80093 0.22519 0.81515 -1.1947 0.31307 0 383.9 -42.499 0.37681 0.021436 21903 2903 4116.8 0 0
94000 0.76467 0.24279 0.87468 -1.0543 0.34807 0 374.04 -46.214 0.38649 0.021524 21982 2905 4118.9 0 0
94100 0.74705 0.25635 0.86198 -1.0953 0.31906 0 371.04 -47.42 0.39604 0.021323 22059 2909 4121 0 0
94200 0.74099 0.2617 0.85523 -1.0179 0.30712 0 388.14 -47.928 0.39938 0.021197 22119 2922 4123.3 0 0
94300 0.74183 0.2494 0.85213 -1.1491 0.31513 0 386.9 -48.458 0.40041 0.021125 22163 2924 4125.6 0 0
94400 0.7648 0.23119 0.8736 -0.95582 0.30603 0 378.15 -47.883 0.40384 0.020901 22229 2926 4127.8 0 0
94500 0.74012 0.23366 0.85978 -1.1879 0.32608 0 402.32 -49.441 0.40746 0.020931 22292 2927 4130.1 0 0
94600 0.7672 0.22353 0.90289 -1.3502 0.33144 0 375.47 -48.397 0.41121 0.020882 22356 2935 4132.4 0 0
94700 0.73707 0.25489 0.79025 -1.1608 0.31394 0 412.64 -48.232 0.4166 0.020787 22432 2937 4134.7 0 0
94800 0.70881 0.24187 0.80985 -0.97925 0.31564 0 393.66 -49.859 0.42307 0.020753 22504 2938 4137 0 0
94900 0.73213 0.2328 0.80144 -1.1515 0.33846 0 405.57 -49.172 0.42665 0.020686 22570 2946 4139.2 0 0
95000 0.70896 0.26635 0.84405 -1.0285 0.30964 0 395.97 -49.73 0.42897 0.020741 22622 2953 4141.5 0 0
95100 0.67757 0.27462 0.82822 -1.1012 0.32534 0 378.07 -49.944 0.43241 0.020729 22674 2962 4143.8 0 0
95200 0.74215 0.28252 0.88333 -1.007 0.32521 0 384.85 -43.487 0.4345 0.020604 22728 2976 4146.1 0 0
95300 0.73082 0.25865 0.81659 -0.92465 0.31425 0 414.29 -48.001 0.43985 0.020742 22797 2977 4148.4 0 0
95400 0.74796 0.2375 0.80378 -0.95354 0.3471 0 403.9 -47.525 0.44418 0.020949 22865 2979 4150.7 0 0
95500 0.72834 0.26555 0.85369 -0.98655 0.30892 0 396.77 -47.766 0.45018 0.020985 22925 2981 4152.9 0 0
95600 0.72542 0.24995 0.79326 -0.87599 0.33585 0 375.53 -47.97 0.45483 0.02096 22992 2983 4155.2 0 0
95700 0.68583 0.24523 0.75862 -0.73122 0.32973 0 371.84 -49.789 0.46077 0.020827 23070 2987 4157.4 0 0
95800 0.72595 0.23968 0.85775 -0.9836 0.32774 0 380.4 -48.17 0.46661 0.020901 23142 2993 4159.6 0 0
95900 0.77895 0.23486 0.81108 -1.0932 0.30681 0 389.63 -44.625 0.47398 0.020992 23211 2995 4161.7 0 0
96000 0.73849 0.27558 0.90301 -1.0683 0.32168 0 384.59 -46.39 0.47945 0.021034 23276 2996 4163.8 0 0
96100 0.74911 0.27917 0.95285 -1.1271 0.32645 0 361.1 -41.493 0.48638 0.021057 23356 3004 4165.8 0 0
96200 0.74582 0.26238 0.90972 -1.0995 0.2952 0 391.7 -45.076 0.49229 0.021082 23436 3002 4167.9 0 0
96300 0.7816 0.2545 0.90067 -0.99169 0.31864 0 355.97 -39.472 0.49925 0.021206 23513 3006 4169.9 0 0
96400 0.79367 0.23186 0.86835 -1.1785 0.31942 0 373.4 -41.914 0.50531 0.020992 23574 3006 4171.9 0 0
96500 0.75057 0.24755 0.83488 -0.95316 0.32052 0 388.66 -45.378 0.5127 0.021165 23634 3007 4174 0 0
96600 0.74928 0.26837 0.90312 -1.0991 0.33757 0 385.3 -43.338 0.51855 0.021212 23702 3006 4176 0 0
96700 0.77331 0.23808 0.84944 -1.1617 0.30006 0 393.41 -44.139 0.52467 0.021203 23786 3005 4178 0 0
96800 0.74733 0.26111 0.88338 -1.0397 0.34443 0 387.2 -44.446 0.53198 0.021103 23857 3007 4179.9 0 0
96900 0.73313 0.24558 0.85177 -1.1278 0.36082 0 389.45 -47.019 0.53861 0.021275 23925 3007 4181.8 0 0
97000 0.76924 0.24525 0.84247 -1.2088 0.3156 0 373.89 -42.809 0.54416 0.021351 23998 3008 4183.8 0 0
97100 0.80763 0.21755 0.9467 -1.0286 0.32743 0 363.42 -43.762 0.55005 0.021209 24069 3005 4185.8 0 0
97200 0.7795 0.24352 0.95773 -1.0823 0.33871 0 373.38 -41.507 0.55772 0.02111 24142 3005 4187.8 0 0
97300 0.79686 0.23835 0.87724 -1.1096 0.32568 0 387.69 -38.791 0.56572 0.021154 24226 3008 4189.6 0 0
97400 0.69551 0.22858 0.85981 -1.0015 0.32046 0 395.01 -49.852 0.57125 0.02122 24299 3009 4191.6 0 0
97500 0.75304 0.22765 0.80304 -1.014 0.31396 0 375.76 -47.54 0.57824 0.021284 24367 3011 4193.6 0 0
97600 0.79 0.22601 0.8781 -0.98537 0.3015 0 381.25 -43.417 0.58654 0.021294 24447 3009 4195.7 0 0
97700 0.76573 0.2181 0.86981 -1.0763 0.32753 0 382.04 -47.686 0.59359 0.02132 24521 3010 4197.7 0 0
97800 0.78839 0.21538 0.89678 -1.0896 0.32323 0 397.8 -46.556 0.59842 0.021455 24591 3006 4199.9 0 0
97900 0.75326 0.22962 0.83355 -1.0867 0.31535 0 382.95 -46.679 0.6048 0.021645 24661 3009 4201.8 0 0
98000 0.77467 0.25745 0.88165 -1.3036 0.29764 0 384.41 -39.59 0.61375 0.021337 24738 3011 4203.7 0 0
98100 0.75492 0.25708 0.83935 -0.98266 0.30931 0 376.05 -42.543 0.62238 0.021349 24810 3012 4205.7 0 0
98200 0.74665 0.25422 0.86139 -0.84973 0.31336 0 387.14 -44.291 0.63024 0.021305 24876 3013 4207.6 0 0
98300 0.7657 0.22553 0.8967 -1.093 0.31552 0 396.65 -45.612 0.638 0.021365 24946 3017 4209.6 0 0
98400 0.81576 0.2156 0.82108 -1.1055 0.32277 0 404.79 -42.386 0.6457 0.021257 25026 3018 4211.5 0 0
98500 0.70455 0.23949 0.83367 -1.1675 0.29857 0 402.13 -49.314 0.65471 0.021172 25098 3020 4213.5 0 0
98600 0.82765 0.21228 0.91226 -1.009 0.29141 0 390.36 -41.398 0.66562 0.020984 25168 3021 4215.5 0 0
98700 0.76385 0.22538 0.81159 -1.165 0.33155 0 402.31 -45.491 0.67531 0.021236 25240 3027 4217.5 0 0
98800 0.73355 0.23809 0.81212 -0.94294 0.32869 0 387.5 -47.051 0.68094 0.021104 25313 3030 4219.4 0 0
98900 0.7737 0.20655 0.81901 -1.1538 0.35624 0 372.11 -48.746 0.68554 0.02101 25381 3031 4221.5 0 0
99000 0.78472 0.21212 0.87682 -0.92155 0.3389 0 377.96 -46.978 0.69328 0.021091 25465 3035 4223.4 0 0
99100 0.78145 0.22489 0.87297 -1.0068 0.33033 0 393.07 -43.704 0.69661 0.021143 25531 3036 4225.2 0 0
99200 0.80021 0.23087 0.87695 -0.98524 0.34001 0 401.42 -39.765 0.70158 0.021272 25604 3039 4227.1 0 0
99300 0.8565 0.21242 0.9356 -0.85734 0.30435 0 393.95 -35.186 0.70589 0.021353 25675 3039 4228.7 0 0
99400 0.85991 0.20219 0.87078 -1.1074 0.3105 0 406.21 -39.646 0.71297 0.021334 25758 3039 4230.2 0 0
99500 0.76074 0.24046 0.8743 -0.96334 0.30638 0 403.11 -43.392 0.71888 0.021337 25833 3042 4231.8 0 0
99600 0.80529 0.23176 0.92772 -1.1426 0.31504 0 405.41 -38.47 0.72571 0.021193 25909 3043 4233.6 0 0
99700 0.80207 0.26935 0.95502 -1.2189 0.32337 0 392.65 -30.225 0.73214 0.021006 25982 3046 4235.1 0 0
99800 0.78306 0.25639 0.86751 -0.69302 0.32453 0 384.85 -37.839 0.73987 0.020946 26059 3045 4236.5 0 0
99900 0.775 0.24063 0.88409 -1.0865 0.32153 0 385.76 -41.641 0.74808 0.021128 26139 3043 4238 0 0
1e+05 0.74623 0.27291 0.86684 -1.5555 0.332 0 397.71 -43.224 0.75545 0.021309 26217 3043 4239.7 0 0
1.001e+05 0.69754 0.25981 0.80461 -0.89901 0.32669 0 420.62 -49.242 0.763 0.021254 26293 3039 4241.5 0 0
1.002e+05 0.72358 0.27766 0.86829 -0.98091 0.32605 0 404.96 -47.506 0.77052 0.021382 26368 3040 4243.4 0 0
1.003e+05 0.72049 0.26673 0.87962 -1.4158 0.31413 0 387.6 -47.206 0.77502 0.021395 26437 3045 4245.3 0 0
1.004e+05 0.68496 0.2615 0.8423 -1.0873 0.32411 0 422.19 -49.709 0.78005 0.021268 26507 3050 4247.2 0 0
1.005e+05 0.64842 0.28609 0.78163 -0.92419 0.30906 0 389.86 -49.998 0.78848 0.021437 26582 3059 4249.2 0 0
1.006e+05 0.65499 0.27303 0.81301 -1.0189 0.32216 0 374.66 -49.862 0.79648 0.021329 26661 3082 4251.1 0 0
1.007e+05 0.66771 0.28611 0.82158 -1.4204 0.32028 0 378.87 -49.749 0.80514 0.021232 26734 3087 4253.1 0 0
1.008e+05 0.64758 0.29686 0.82428 -1.188 0.3358 0 389.55 -49.635 0.81157 0.021147 26802 3092 4255 0 0
1.009e+05 0.5925 0.29507 0.74817 -1.1894 0.31071 0 368.07 -49.997 0.81756 0.021238 26874 3098 4257 0 0
1.01e+05 0.65498 0.30444 0.75764 -1.1305 0.32568 0 382.32 -48.608 0.82465 0.021449 26946 3103 4259 0 0
1.011e+05 0.71824 0.28344 0.81715 -0.84751 0.3368 0 364.95 -48.135 0.83123 0.021209 27018 3101 4261 0 0
1.012e+05 0.67375 0.28308 0.75786 -1.5651 0.31376 0 376.32 -48.997 0.83892 0.021248 27085 3100 4263 0 0
1.013e+05 0.65282 0.30587 0.74563 -1.2403 0.30825 0 398.82 -48.231 0.84569 0.021287 27158 3104 4264.9 0 0
1.014e+05 0.68903 0.27596 0.76448 -1.3234 0.31401 0 378.65 -48.912 0.85132 0.021263 27212 3108 4266.9 0 0
1.015e+05 0.6837 0.27975 0.77773 -1.0294 0.3118 0 355.01 -48.79 0.85509 0.021332 27253 3111 4268.8 0 0
1.016e+05 0.70154 0.28048 0.78922 -1.0964 0.33673 0 368.19 -48.794 0.85972 0.021289 27300 3110 4270.8 0 0
1.017e+05 0.64091 0.27542 0.79683 -1.1691 0.34935 0 341.86 -49.591 0.86348 0.021221 27347 3113 4272.7 0 0
1.018e+05 0.68923 0.2813 0.813 -1.2005 0.31055 0 369.56 -48.426 0.86713 0.021243 27392 3109 4274.7 0 0
1.019e+05 0.7165 0.29023 0.84459 -1.2997 0.34392 0 359.85 -48.249 0.87164 0.02125 27453 3107 4276.6 0 0
1.02e+05 0.65126 0.27674 0.79444 -0.94199 0.30107 0 375.83 -49.119 0.87627 0.021241 27520 3112 4278.5 0 0
1.021e+05 0.71282 0.28723 0.79371 -1.3951 0.35447 0 374.9 -48.288 0.88132 0.021368 27579 3116 4280.3 0 0
1.022e+05 0.72235 0.31443 0.8472 -1.2377 0.33582 0 353.03 -41.43 0.88774 0.021566 27636 3122 4282.2 0 0
1.023e+05 0.63411 0.3095 0.76598 -1.2206 0.31733 0 343.81 -48.756 0.89177 0.021529 27681 3124 4284 0 0
1.024e+05 0.70128 0.30139 0.74242 -1.2042 0.32626 0 356.93 -47.875 0.89572 0.021422 27718 3123 4285.9 0 0
1.025e+05 0.67111 0.28203 0.85583 -1.0568 0.34903 0 349.71 -48.04 0.89978 0.0215 27753 3122 4287.8 0 0
1.026e+05 0.68612 0.26613 0.87917 -1.0479 0.32353 0 354.73 -48.736 0.90394 0.02167 27786 3120 4289.7 0 0
1.027e+05 0.69327 0.28727 0.87286 -0.83892 0.32113 0 396.28 -47.883 0.90942 0.02147 27826 3120 4291.5 0 0
1.028e+05 0.6578 0.2702 0.80756 -0.97187 0.35055 0 382.41 -48.795 0.91169 0.021383 27869 3123 4293.3 0 0
1.029e+05 0.71447 0.30619 0.91743 -1.1521 0.32457 0 364.3 -46.456 0.91644 0.021363 27904 3123 4295.2 0 0
1.03e+05 0.6941 0.27537 0.79531 -1.1748 0.34092 0 383.94 -48.033 0.91772 0.021319 27942 3118 4297.1 0 0
1.031e+05 0.68075 0.28782 0.8569 -1.4698 0.31753 0 366.49 -47.255 0.92173 0.02134 27974 3121 4299 0 0
1.032e+05 0.67761 0.28861 0.80742 -0.92164 0.30647 0 361.11 -47.203 0.92627 0.021349 28005 3126 4300.9 0 0
1.033e+05 0.62498 0.26228 0.83417 -1.233 0.30329 0 357.36 -49.861 0.93037 0.021176 28037 3133 4302.7 0 0
1.034e+05 0.67026 0.27171 0.80196 -0.83954 0.3431 0 351.51 -48.226 0.93468 0.021144 28064 3138 4304.5 0 0
1.035e+05 0.66509 0.27976 0.75435 -1.0001 0.32762 0 357.93 -47.471 0.93784 0.021123 28096 3138 4306.4 0 0
1.036e+05 0.69308 0.29557 0.87669 -0.98712 0.37239 0 358.36 -47.164 0.94061 0.021239 28135 3143 4308.2 0 0
1.037e+05 0.66045 0.28029 0.8591 -0.96686 0.34684 0 332.58 -47.33 0.94447 0.021112 28166 3141 4310 0 0
1.038e+05 0.70637 0.28175 0.86742 -1.2479 0.33535 0 345.06 -47.424 0.94812 0.021127 28201 3138 4311.8 0 0
1.039e+05 0.718 0.28983 0.90447 -0.98051 0.32845 0 344.82 -47.506 0.9509 0.021195 28233 3139 4313.6 0 0
1.04e+05 0.70276 0.29231 0.85196 -0.95957 0.33764 0 348.91 -47.328 0.9541 0.021205 28265 3142 4315.4 0 0
1.041e+05 0.69986 0.29232 0.89226 -1.1711 0.31439 0 325.48 -47.074 0.95817 0.021333 28296 3143 4317.1 0 0
1.042e+05 0.7353 0.26751 0.88681 -1.0364 0.32661 0 375.23 -44.935 0.96228 0.021429 28331 3146 4318.8 0 0
1.043e+05 0.71105 0.28331 0.91961 -1.0567 0.30723 0 375.76 -46.865 0.96668 0.021395 28363 3145 4320.5 0 0
1.044e+05 0.68728 0.26755 0.85527 -0.96035 0.33399 0 398.75 -47.749 0.97045 0.021429 28399 3146 4322.3 0 0
1.045e+05 0.6768 0.30708 0.84618 -0.83337 0.32605 0 358.72 -45.85 0.97571 0.021567 28447 3147 4323.9 0 0
1.046e+05 0.70274 0.30696 0.86398 -1.2947 0.34642 0 368.13 -45.375 0.98094 0.02153 28503 3146 4325.6 0 0
1.047e+05 0.69951 0.29232 0.86128 -1.133 0.32093 0 387.14 -46.278 0.98493 0.021544 28536 3149 4327.2 0 0
1.048e+05 0.68342 0.30989 0.90204 -0.9455 0.34199 0 386.12 -44.689 0.9886 0.021544 28569 3150 4328.9 0 0
1.049e+05 0.71641 0.31204 0.89634 -1.1082 0.36221 0 383.6 -42.954 0.99473 0.021564 28614 3149 4330.5 0 0
1.05e+05 0.72409 0.28855 0.89911 -1.1677 0.34279 0 380.71 -45.758 1.0008 0.021426 28659 3152 4332.1 0 0
1.051e+05 0.70538 0.28607 0.91241 -0.86614 0.31285 0 364.73 -46.201 1.0068 0.021372 28711 3150 4333.8 0 0
1.052e+05 0.71648 0.30767 0.95659 -1.0014 0.32308 0 367.92 -43.717 1.0116 0.021505 28763 3152 4335.4 0 0
1.053e+05 0.69664 0.29045 0.88697 -1.1371 0.33235 0 367.2 -45.721 1.015 0.021488 28813 3151 4337 0 0
1.054e+05 0.73402 0.27204 0.86015 -0.75686 0.32953 0 364.07 -45.16 1.0177 0.021491 28854 3156 4338.6 0 0
1.055e+05 0.72978 0.29166 0.95547 -1.0357 0.32824 0 387.04 -44.416 1.02 0.021502 28907 3158 4340.3 0 0
1.056e+05 0.73202 0.26974 0.90936 -0.82259 0.29858 0 351.56 -45.135 1.0236 0.021719 28944 3158 4341.9 0 0
1.057e+05 0.68836 0.27535 0.88434 -1.06 0.33008 0 371.01 -46.727 1.0284 0.021537 28983 3162 4343.5 0 0
1.058e+05 0.66954 0.29191 0.89901 -1.2451 0.33734 0 376.22 -46.622 1.0345 0.021446 29028 3160 4345.3 0 0
1.059e+05 0.68997 0.28438 0.85513 -1.1211 0.33757 0 400.73 -45.935 1.0396 0.021144 29072 3154 4346.9 0 0
1.06e+05 0.69782 0.27301 0.95436 -0.87075 0.32368 0 380.81 -46.857 1.0436 0.021362 29106 3157 4348.5 0 0
1.061e+05 0.71886 0.28938 0.86222 -0.9701 0.34201 0 404.9 -44.895 1.0484 0.021243 29144 3154 4350.2 0 0
1.062e+05 0.71048 0.30489 0.86781 -1.0268 0.30338 0 363.02 -43.794 1.0542 0.02161 29192 3154 4351.8 0 0
1.063e+05 0.68722 0.28527 0.8675 -0.96687 0.31053 0 371.23 -45.675 1.0588 0.021544 29256 3153 4353.5 0 0
1.064e+05 0.71476 0.31932 0.97178 -0.96571 0.31986 0 383.83 -40.096 1.065 0.02173 29310 3156 4355 0 0
1.065e+05 0.64965 0.30897 0.88379 -1.0186 0.33047 0 374.45 -47.026 1.0699 0.021678 29365 3152 4356.7 0 0
1.066e+05 0.73159 0.27614 0.89551 -0.73141 0.30394 0 380.19 -45.12 1.0742 0.021599 29406 3150 4358.3 0 0
1.067e+05 0.70217 0.2556 0.88268 -0.79002 0.32471 0 397.03 -48.21 1.0787 0.021735 29459 3155 4359.9 0 0
1.068e+05 0.64468 0.28578 0.87238 -0.87843 0.32015 0 401.58 -48.127 1.0821 0.021741 29507 3155 4361.5 0 0
1.069e+05 0.67721 0.3112 0.89956 -0.84914 0.32345 0 371.96 -43.911 1.0865 0.021616 29561 3157 4363.1 0 0
1.07e+05 0.66729 0.28857 0.8806 -1.0764 0.34217 0 389.87 -46.04 1.0919 0.021721 29601 3158 4364.6 0 0
1.071e+05 0.6836 0.28311 0.86353 -0.8735 0.31087 0 387.6 -45.428 1.0966 0.02147 29653 3155 4366.1 0 0
1.072e+05 0.66751 0.28282 0.84489 -0.92378 0.31588 0 375.62 -46.452 1.097 0.021477 29690 3156 4367.7 0 0
1.073e+05 0.63656 0.30599 0.81803 -0.89421 0.34645 0 390.71 -48.536 1.0966 0.021459 29726 3162 4369.2 0 0
1.074e+05 0.70355 0.30003 0.90907 -0.88261 0.32838 0 374.26 -43.514 1.0975 0.021476 29770 3161 4370.7 0 0
1.075e+05 0.63731 0.30901 0.87368 -1.004 0.31011 0 386.1 -48.194 1.1008 0.021656 29824 3164 4372.3 0 0
1.076e+05 0.67017 0.30055 0.85012 -0.90547 0.31258 0 378.42 -44.929 1.1053 0.021507 29872 3166 4374 0 0
1.077e+05 0.64145 0.27538 0.89356 -0.96162 0.29896 0 362.02 -48.785 1.1081 0.021491 29923 3170 4375.6 0 0
1.078e+05 0.64372 0.30244 0.81036 -1.0582 0.30948 0 371.04 -47.349 1.1138 0.021391 29993 3170 4377.2 0 0
1.079e+05 0.60655 0.3081 0.7876 -0.99384 0.31903 0 366.45 -49.824 1.1201 0.021362 30056 3171 4378.8 0 0
1.08e+05 0.6364 0.28118 0.84679 -1.0766 0.32202 0 370.79 -48.4 1.1248 0.0215 30106 3175 4380.5 0 0
1.081e+05 0.67619 0.28055 0.84677 -1.1066 0.33266 0 346.53 -45.706 1.1279 0.02164 30154 3175 4382 0 0
1.082e+05 0.64878 0.3042 0.85018 -0.89078 0.33293 0 386.15 -46.599 1.1314 0.021371 30204 3174 4383.6 0 0
1.083e+05 0.64045 0.28654 0.80385 -1.1524 0.33065 0 380.08 -47.819 1.1355 0.021436 30247 3179 4385.2 0 0
1.084e+05 0.63338 0.30354 0.91668 -1.2354 0.32477 0 369.26 -48.276 1.1395 0.021498 30300 3181 4386.7 0 0
1.085e+05 0.66969 0.27093 0.83758 -0.90789 0.32881 0 371.8 -47.316 1.1403 0.02149 30341 3182 4388.3 0 0
1.086e+05 0.6575 0.28836 0.87696 -0.98699 0.30307 0 372.64 -45.805 1.1413 0.021524 30386 3188 4389.9 0 0
1.087e+05 0.66745 0.30926 0.86662 -1.0815 0.30835 0 368.12 -44.484 1.1438 0.021441 30434 3187 4391.6 0 0
1.088e+05 0.69596 0.30427 0.93085 -1.1125 0.33384 0 381.62 -43.127 1.147 0.021315 30477 3182 4393.1 0 0
1.089e+05 0.69907 0.27385 0.84958 -1.2371 0.29396 0 378.38 -45.849 1.1515 0.02159 30525 3186 4394.6 0 0
1.09e+05 0.62066 0.29502 0.83582 -0.87899 0.30907 0 362.65 -48.957 1.1587 0.022038 30589 3191 4396.1 0 0
1.091e+05 0.67395 0.29156 0.88474 -1.0672 0.34255 0 371.4 -44.482 1.1651 0.022031 30651 3195 4397.6 0 0
1.092e+05 0.66037 0.27121 0.8485 -0.97992 0.32623 0 391.34 -47.168 1.1698 0.021858 30698 3192 4399.2 0 0
1.093e+05 0.69385 0.30604 0.90976 -1.0362 0.32342 0 363.31 -43.091 1.174 0.021828 30756 3190 4400.7 0 0
1.094e+05 0.71562 0.285 0.84037 -1.0374 0.32443 0 371.84 -44.311 1.1781 0.021999 30801 3193 4402.1 0 0
1.095e+05 0.71805 0.29981 0.92375 -1.0414 0.34648 0 389.06 -43.203 1.1826 0.021897 30858 3197 4403.6 0 0
1.096e+05 0.66517 0.26932 0.85076 -1.0197 0.30754 0 384.97 -47.313 1.1868 0.021657 30903 3196 4405.1 0 0
1.097e+05 0.74559 0.2746 0.9007 -1.0337 0.3585 0 360.94 -43.351 1.1913 0.021647 30945 3196 4406.7 0 0
1.098e+05 0.68837 0.30937 0.90522 -0.9494 0.31808 0 383.63 -42.933 1.1952 0.021741 30995 3195 4408.2 0 0
1.099e+05 0.70365 0.30635 0.91051 -1.0106 0.32162 0 390.12 -42.549 1.2002 0.021783 31042 3195 4409.6 0 0
1.1e+05 0.70099 0.27474 0.90399 -1.1576 0.31277 0 375.14 -45.422 1.2041 0.021749 31087 3194 4411.1 0 0
1.101e+05 0.76096 0.30609 0.90868 -0.84193 0.31594 0 356.5 -33.912 1.2078 0.021785 31123 3196 4412.5 0 0
1.102e+05 0.70681 0.27424 0.9101 -1.1248 0.30924 0 377.2 -45.272 1.2109 0.02179 31165 3196 4413.9 0 0
1.103e+05 0.76128 0.29348 0.83785 -1.0129 0.30841 0 362.09 -35.194 1.2125 0.021752 31205 3197 4415.2 0 0
1.104e+05 0.77981 0.31532 0.94919 -0.92549 0.31662 0 378.02 -27.564 1.2155 0.021928 31255 3196 4416.6 0 0
1.105e+05 0.76292 0.28843 0.97919 -0.92977 0.31969 0 372.21 -35.499 1.2204 0.021966 31309 3198 4417.8 0 0
1.106e+05 0.74567 0.29273 0.92289 -0.97582 0.32838 0 367.33 -40.091 1.2242 0.022056 31355 3204 4419 0 0
1.107e+05 0.74092 0.30069 0.92763 -1.0941 0.34425 0 374.64 -40.31 1.2264 0.022027 31409 3202 4420.4 0 0
1.108e+05 0.71935 0.29519 0.83945 -0.99083 0.31733 0 390.33 -42.88 1.2306 0.022091 31469 3207 4421.6 0 0
1.109e+05 0.73723 0.29423 0.92793 -1.0438 0.3124 0 375.66 -41.337 1.2354 0.021985 31505 3208 4422.9 0 0
1.11e+05 0.73232 0.2977 0.96171 -1.0621 0.33032 0 380.83 -41.748 1.2389 0.021951 31547 3208 4424.1 0 0
1.111e+05 0.75928 0.28037 0.98362 -1.1239 0.31986 0 373.73 -37.855 1.2426 0.021846 31589 3212 4425.3 0 0
1.112e+05 0.74551 0.29203 0.98896 -1.0937 0.30693 0 383.53 -39.74 1.2473 0.021964 31629 3213 4426.5 0 0
1.113e+05 0.7473 0.2838 0.93953 -1.0609 0.36401 0 383.43 -40.391 1.2518 0.021923 31675 3214 4427.7 0 0
1.114e+05 0.73473 0.28198 1.0091 -1.0196 0.31247 0 384.72 -43.138 1.2573 0.021777 31719 3214 4429 0 0
1.115e+05 0.75535 0.31322 0.95851 -1.0554 0.3675 0 370.16 -34.837 1.2613 0.021906 31766 3212 4430.3 0 0
1.116e+05 0.74069 0.30713 0.965 -1.0977 0.34439 0 378.47 -39.046 1.2646 0.021836 31819 3213 4431.6 0 0
1.117e+05 0.72761 0.30197 0.8855 -0.9586 0.33406 0 389.76 -41.558 1.2688 0.021797 31878 3212 4432.8 0 0
1.118e+05 0.75124 0.31166 0.96402 -0.95413 0.35102 0 386.98 -36.045 1.273 0.02199 31928 3213 4434.1 0 0
1.119e+05 0.74537 0.30662 0.92413 -1.0481 0.33057 0 388 -37.871 1.2765 0.02212 31970 3216 4435.2 0 0
1.12e+05 0.74711 0.31634 0.92494 -0.87611 0.3059 0 398.75 -36.14 1.282 0.022094 32019 3218 4436.4 0 0
1.121e+05 0.75444 0.31341 0.94942 -0.74592 0.33156 0 394.21 -34.705 1.2869 0.022013 32063 3217 4437.6 0 0
1.122e+05 0.74309 0.31246 0.94726 -1.0197 0.29906 0 400.77 -37.501 1.2894 0.022056 32111 3217 4438.8 0 0
1.123e+05 0.73558 0.30461 0.9081 -0.90159 0.30949 0 372.34 -39.44 1.289 0.022318 32144 3222 4439.9 0 0
1.124e+05 0.76241 0.30613 0.94845 -1.0316 0.33737 0 386.27 -32.801 1.2895 0.022429 32187 3224 4441.1 0 0
1.125e+05 0.77275 0.30743 0.94764 -1.2036 0.35034 0 377.41 -30.064 1.2911 0.022453 32237 3224 4442.2 0 0
1.126e+05 0.74411 0.30613 0.9321 -1.0477 0.30981 0 367.05 -37.475 1.2939 0.022348 32294 3221 4443.3 0 0
1.127e+05 0.78484 0.32709 0.99166 -0.73623 0.31344 0 383.9 -26.645 1.2966 0.022364 32346 3221 4444.3 0 0
1.128e+05 0.7359 0.30065 0.96442 -0.94903 0.31938 0 348.68 -39.425 1.3007 0.022194 32414 3219 4445.5 0 0
1.129e+05 0.72119 0.30389 0.96097 -0.83595 0.31392 0 383.82 -41.402 1.3053 0.022253 32480 3217 4446.7 0 0
1.13e+05 0.76649 0.32349 0.9971 -0.8832 0.30003 0 368.85 -30.295 1.3098 0.021854 32546 3220 4447.9 0 0
1.131e+05 0.73881 0.30675 0.99921 -0.82549 0.3204 0 378.78 -38.025 1.3134 0.0219 32597 3222 4448.9 0 0
1.132e+05 0.76038 0.31545 0.9319 -1.0255 0.32595 0 373.3 -32.247 1.3175 0.021867 32657 3221 4450.1 0 0
1.133e+05 0.74758 0.306 1.0314 -1.1314 0.35213 0 368.47 -36.158 1.32 0.02196 32712 3225 4451.2 0 0
1.134e+05 0.75205 0.33257 0.94432 -1.1573 0.35181 0 360.35 -29.76 1.322 0.021932 32755 3226 4452.3 0 0
1.135e+05 0.75785 0.32261 1.0008 -0.82672 0.35543 0 398.91 -31.562 1.323 0.021817 32802 3224 4453.4 0 0
1.136e+05 0.75406 0.32063 0.94862 -1.17 0.33375 0 366.99 -32.541 1.3261 0.021835 32844 3220 4454.6 0 0
1.137e+05 0.73641 0.29462 0.96802 -1.0272 0.33497 0 358.88 -39.42 1.3302 0.022003 32883 3223 4455.7 0 0
1.138e+05 0.73889 0.30967 0.97193 -1.0208 0.32823 0 377.68 -37.185 1.3347 0.021993 32937 3225 4456.9 0 0
1.139e+05 0.72882 0.28247 0.95479 -0.98494 0.34764 0 399.9 -42.88 1.3391 0.021827 32979 3226 4458.1 0 0
1.14e+05 0.69844 0.32183 0.91947 -1.0423 0.33266 0 372.88 -39.262 1.3436 0.021872 33007 3228 4459.3 0 0
1.141e+05 0.74296 0.29809 0.94789 -1.0711 0.33788 0 365.46 -37.39 1.3462 0.021929 33043 3229 4460.6 0 0
1.142e+05 0.73057 0.30724 0.9313 -1.2159 0.33912 0 382.79 -38.72 1.3502 0.021959 33084 3231 4461.7 0 0
1.143e+05 0.74488 0.29941 0.93551 -0.98113 0.33239 0 376.74 -36.633 1.3544 0.021972 33117 3230 4462.9 0 0
1.144e+05 0.74468 0.3151 0.90933 -1.0835 0.35623 0 363.12 -35.058 1.3578 0.021957 33150 3233 4463.9 0 0
1.145e+05 0.75643 0.27884 0.99842 -0.97992 0.32212 0 392.18 -37.951 1.3594 0.021965 33195 3234 4465.1 0 0
1.146e+05 0.72559 0.28469 0.97185 -0.84668 0.3132 0 384.24 -42.533 1.3603 0.02194 33235 3231 4466.2 0 0
1.147e+05 0.75415 0.30475 0.94025 -1.084 0.32156 0 397.14 -33.581 1.363 0.021931 33278 3233 4467.5 0 0
1.148e+05 0.77288 0.30538 0.95067 -0.965 0.32263 0 403.21 -29.905 1.3664 0.02194 33311 3231 4468.6 0 0
1.149e+05 0.70616 0.31737 0.92033 -1.3557 0.31997 0 378.94 -40.75 1.3687 0.022067 33355 3234 4469.7 0 0
1.15e+05 0.76647 0.30202 0.92171 -0.85659 0.30828 0 364.89 -31.355 1.3713 0.021932 33395 3233 4470.8 0 0
1.151e+05 0.72271 0.31907 0.88468 -0.90392 0.33372 0 388.44 -37.771 1.3747 0.021987 33424 3239 4471.9 0 0
1.152e+05 0.73069 0.30574 1.0071 -0.85337 0.30818 0 386.34 -38.045 1.375 0.022042 33464 3241 4473 0 0
1.153e+05 0.72301 0.30288 0.97209 -0.99476 0.33133 0 378.19 -39.819 1.375 0.022076 33499 3245 4474.1 0 0
1.154e+05 0.71613 0.32395 0.86601 -0.9846 0.34812 0 386.25 -37.322 1.378 0.022105 33543 3247 4475.2 0 0
1.155e+05 0.71566 0.30096 0.86735 -0.95002 0.32424 0 387.3 -41.04 1.3799 0.022026 33593 3245 4476.3 0 0
1.156e+05 0.72092 0.32016 0.92294 -1.0848 0.31282 0 375.48 -37.318 1.3824 0.022007 33630 3240 4477.4 0 0
1.157e+05 0.73499 0.30929 0.93725 -0.92872 0.33226 0 382.14 -36.602 1.3855 0.022062 33673 3242 4478.5 0 0
1.158e+05 0.72708 0.30333 0.89951 -1.1666 0.31736 0 386.78 -38.757 1.3886 0.022118 33721 3241 4479.7 0 0
1.159e+05 0.78269 0.32743 0.97742 -1.0496 0.33665 0 387.04 -26.91 1.3915 0.02213 33759 3241 4480.7 0 0
1.16e+05 0.79468 0.34554 1.0036 -1.2362 0.33607 0 373.95 -24.271 1.3943 0.022392 33796 3242 4481.7 0 0
1.161e+05 0.75977 0.32871 0.93154 -1.0588 0.3325 0 378.98 -29.65 1.3949 0.022449 33836 3242 4482.7 0 0
1.162e+05 0.7307 0.29595 0.88774 -1.094 0.31992 0 399.43 -39.142 1.3956 0.022459 33886 3242 4483.8 0 0
1.163e+05 0.7919 0.34396 0.91495 -1.1599 0.32533 0 385.56 -24.607 1.3962 0.022307 33929 3243 4484.8 0 0
1.164e+05 0.7181 0.29728 0.86829 -1.0043 0.31974 0 383.07 -40.947 1.3963 0.022376 33967 3244 4485.9 0 0
1.165e+05 0.75097 0.26818 0.94866 -1.0204 0.35207 0 391.34 -41.448 1.3972 0.02247 34009 3249 4487.1 0 0
1.166e+05 0.7563 0.31801 0.91004 -0.7978 0.3402 0 391.93 -31.522 1.3989 0.022347 34056 3250 4488.2 0 0
1.167e+05 0.73125 0.33154 0.95685 -0.91102 0.33744 0 395.99 -31.872 1.3997 0.022562 34095 3256 4489.3 0 0
1.168e+05 0.72585 0.28935 0.96964 -1.0048 0.34586 0 377.39 -40.923 1.4005 0.022579 34133 3255 4490.5 0 0
1.169e+05 0.74257 0.29834 0.91058 -0.9461 0.3162 0 376.08 -36.284 1.4032 0.022498 34185 3254 4491.6 0 0
1.17e+05 0.70306 0.27398 0.89308 -0.96717 0.33321 0 383.51 -45.563 1.4037 0.022568 34231 3254 4492.7 0 0
1.171e+05 0.74768 0.3011 0.92782 -1.1341 0.30316 0 374.52 -34.968 1.4028 0.022532 34257 3250 4493.9 0 0
1.172e+05 0.73883 0.28086 0.93089 -1.2723 0.3176 0 382.29 -40.762 1.4016 0.022536 34281 3249 4495 0 0
1.173e+05 0.72576 0.2703 0.86547 -1.0922 0.33399 0 387.26 -44.721 1.4004 0.022532 34303 3249 4496.1 0 0
1.174e+05 0.70414 0.27308 0.89854 -1.1386 0.30914 0 378.53 -45.575 1.3999 0.022426 34336 3246 4497.3 0 0
1.175e+05 0.7249 0.31554 0.92585 -0.9651 0.31207 0 403.55 -36.685 1.399 0.022451 34363 3246 4498.4 0 0
1.176e+05 0.73628 0.28414 0.911 -1.0881 0.32226 0 387.16 -40.053 1.3983 0.022435 34394 3244 4499.5 0 0
1.177e+05 0.7163 0.29191 0.92972 -0.84424 0.35833 0 409.41 -41.378 1.398 0.022467 34430 3244 4500.6 0 0
1.178e+05 0.77112 0.2681 0.90717 -1.0508 0.33255 0 394.35 -37.965 1.3974 0.022435 34464 3245 4501.7 0 0
1.179e+05 0.73512 0.30821 0.85865 -0.99207 0.32676 0 378.27 -35.904 1.3969 0.022376 34495 3247 4502.8 0 0
1.18e+05 0.74498 0.29154 0.94592 -1.1957 0.35554 0 415.48 -36.61 1.3984 0.022191 34540 3246 4503.9 0 0
1.181e+05 0.70696 0.33366 0.90343 -0.94022 0.32719 0 388.4 -33.507 1.399 0.022036 34581 3244 4505.1 0 0
1.182e+05 0.66816 0.32125 0.88065 -1.0204 0.32852 0 379.59 -40.739 1.4009 0.021989 34629 3247 4506.2 0 0
1.183e+05 0.69212 0.31739 0.91134 -0.95248 0.3186 0 374.23 -40.522 1.4031 0.021917 34683 3247 4507.4 0 0
1.184e+05 0.71365 0.29039 0.89137 -1.0968 0.34099 0 364.6 -41.796 1.4054 0.021961 34730 3246 4508.6 0 0
1.185e+05 0.67959 0.31134 0.87765 -1.013 0.3466 0 382.24 -42.516 1.4063 0.022052 34773 3248 4509.8 0 0
1.186e+05 0.73857 0.30905 0.92073 -0.8832 0.35735 0 388.45 -35.059 1.4076 0.02208 34821 3251 4510.9 0 0
1.187e+05 0.70932 0.30777 0.91298 -0.97715 0.31293 0 358.04 -39.448 1.409 0.021928 34855 3255 4512.1 0 0
1.188e+05 0.70032 0.31598 0.89145 -0.83487 0.30921 0 396.9 -40.07 1.4087 0.021972 34892 3256 4513.2 0 0
1.189e+05 0.74135 0.29164 0.9359 -0.81946 0.33787 0 384.08 -37.056 1.4083 0.021948 34927 3257 4514.3 0 0
1.19e+05 0.78331 0.33351 0.93932 -0.95361 0.31141 0 387.05 -26.429 1.4097 0.022033 34976 3259 4515.4 0 0
1.191e+05 0.83877 0.36433 1.056 -0.7911 0.30652 0 374.44 -22.236 1.4118 0.022453 35026 3264 4516.2 0 0
1.192e+05 0.79042 0.33256 0.90363 -1.1139 0.31164 0 378.29 -25.372 1.4136 0.022563 35074 3264 4517.1 0 0
1.193e+05 0.79652 0.3513 0.95864 -1.1537 0.29832 0 401.49 -23.204 1.4134 0.022575 35113 3266 4517.9 0 0
1.194e+05 0.76136 0.31782 0.9072 -0.98302 0.3341 0 381.29 -30.296 1.4139 0.022801 35161 3267 4518.8 0 0
1.195e+05 0.79458 0.34718 0.93515 -1.0927 0.32904 0 396.16 -23.9 1.4138 0.022681 35202 3269 4519.6 0 0
1.196e+05 0.81692 0.3603 1.0269 -1.2216 0.32543 0 377.36 -22.848 1.4136 0.022682 35232 3276 4520.4 0 0
1.197e+05 0.82615 0.35062 1.07 -0.92205 0.34559 0 383.47 -22.075 1.4126 0.022629 35260 3274 4521.1 0 0
1.198e+05 0.76522 0.31513 0.98891 -0.93765 0.32098 0 403.23 -30.03 1.4123 0.02259 35295 3272 4521.9 0 0
1.199e+05 0.80478 0.29516 1.039 -1.0318 0.32941 0 384.88 -24.447 1.4135 0.022512 35348 3276 4522.7 0 0
1.2e+05 0.80976 0.32948 0.96785 -0.95234 0.31811 0 391.86 -21.728 1.4143 0.022446 35399 3280 4523.5 0 0
1.201e+05 0.78995 0.33089 1.0076 -1.0341 0.30337 0 374.45 -25.075 1.4157 0.022482 35456 3280 4524.4 0 0
1.202e+05 0.80969 0.35339 1.0388 -1.2181 0.35094 0 393.96 -22.603 1.4159 0.022451 35498 3278 4525.2 0 0
1.203e+05 0.81059 0.34246 1.0473 -0.97349 0.33403 0 397.4 -22.416 1.4155 0.022446 35534 3281 4525.9 0 0
1.204e+05 0.82739 0.36119 1.063 -1.0759 0.35497 0 394.91 -22.553 1.4152 0.022404 35571 3280 4526.6 0 0
1.205e+05 0.78376 0.32268 0.97773 -0.94919 0.35222 0 383.12 -26.402 1.4146 0.022392 35603 3281 4527.4 0 0
1.206e+05 0.83893 0.35145 1.0491 -0.94125 0.31993 0 397.95 -20.149 1.4141 0.022378 35632 3283 4528.2 0 0
1.207e+05 0.78812 0.31873 1.0203 -0.98693 0.3297 0 375.29 -25.712 1.4125 0.022387 35646 3281 4529 0 0
1.208e+05 0.77604 0.30072 1.0368 -1.1379 0.30803 0 408.15 -29.563 1.411 0.022428 35660 3283 4529.9 0 0
1.209e+05 0.80087 0.29395 1.0858 -0.8888 0.3478 0 399.22 -25.256 1.4099 0.022483 35683 3283 4530.8 0 0
1.21e+05 0.77524 0.32661 0.99655 -1.0595 0.32999 0 383.54 -27.559 1.4088 0.022556 35706 3286 4531.6 0 0
1.211e+05 0.75608 0.32007 0.95958 -1.1226 0.29855 0 356.41 -30.73 1.4077 0.022516 35730 3289 4532.5 0 0
1.212e+05 0.79793 0.27602 0.97837 -0.95888 0.3423 0 379.53 -30.107 1.4076 0.022578 35767 3294 4533.4 0 0
1.213e+05 0.8144 0.34244 1.1107 -0.63228 0.34173 0 375.3 -21.73 1.4099 0.022548 35835 3297 4534.2 0 0
1.214e+05 0.77472 0.30509 0.95127 -0.90042 0.35895 0 384.44 -29.044 1.4116 0.022748 35885 3298 4535.1 0 0
1.215e+05 0.7398 0.31614 0.89173 -0.88621 0.32369 0 379.42 -33.784 1.4123 0.022764 35930 3296 4536 0 0
1.216e+05 0.76117 0.29069 1.0007 -1.0332 0.30638 0 385.5 -33.673 1.4128 0.022611 35975 3299 4536.9 0 0
1.217e+05 0.79693 0.31726 0.99094 -0.93543 0.32308 0 396.92 -23.722 1.4144 0.02256 36037 3299 4537.8 0 0
1.218e+05 0.74299 0.27621 0.99501 -0.82435 0.32684 0 387.21 -40.598 1.4158 0.022628 36095 3302 4538.8 0 0
1.219e+05 0.73438 0.29576 0.97273 -0.98173 0.33789 0 380 -37.342 1.4172 0.022657 36155 3304 4540 0 0
1.22e+05 0.76918 0.27962 0.97063 -0.89429 0.32577 0 372.83 -34.796 1.4173 0.022679 36199 3306 4541.1 0 0
1.221e+05 0.74752 0.27823 0.98262 -1.0511 0.3106 0 369.08 -39.115 1.4175 0.022767 36238 3309 4542.1 0 0
1.222e+05 0.78207 0.27833 0.90375 -1.0892 0.32408 0 367.76 -32.363 1.419 0.022797 36294 3307 4543.1 0 0
1.223e+05 0.77602 0.29065 0.97952 -1.1614 0.31015 0 390.29 -30.727 1.4195 0.02281 36341 3308 4544.1 0 0
1.224e+05 0.7885 0.30251 1.0463 -1.1097 0.32755 0 384.17 -26.517 1.4204 0.022848 36396 3307 4545.2 0 0
1.225e+05 0.80519 0.30706 1.0428 -0.96207 0.355 0 375.04 -22.976 1.4229 0.022818 36461 3306 4546.1 0 0
1.226e+05 0.76931 0.2848 1.0325 -0.69337 0.29064 0 379.6 -33.251 1.4244 0.022821 36513 3306 4546.9 0 0
1.227e+05 0.77461 0.26338 0.97268 -1.1509 0.33223 0 396.63 -38.064 1.4258 0.022696 36564 3304 4547.9 0 0
1.228e+05 0.80214 0.29536 0.99714 -1.1375 0.32318 0 404.17 -24.641 1.4281 0.022795 36610 3302 4548.7 0 0
1.229e+05 0.78431 0.28761 0.94338 -0.98253 0.30473 0 366.15 -29.426 1.4321 0.022873 36651 3303 4549.6 0 0
1.23e+05 0.7628 0.27142 0.94889 -0.95946 0.31616 0 374.66 -37.68 1.4352 0.022965 36696 3304 4550.5 0 0
1.231e+05 0.78375 0.28327 0.99211 -1.0189 0.34271 0 391.57 -30.436 1.4388 0.023061 36753 3306 4551.4 0 0
1.232e+05 0.79124 0.29236 1.0358 -0.87918 0.30691 0 370.33 -27.196 1.4417 0.022939 36799 3306 4552.3 0 0
1.233e+05 0.73449 0.30876 1.0508 -0.86319 0.3144 0 386.31 -35.475 1.4434 0.022923 36849 3311 4553.2 0 0
1.234e+05 0.71998 0.31342 0.93341 -0.89232 0.31234 0 395.29 -37.194 1.445 0.022986 36913 3313 4554.1 0 0
1.235e+05 0.72704 0.30784 0.99484 -0.89159 0.33886 0 394.67 -36.74 1.4459 0.023008 36963 3310 4555.1 0 0
1.236e+05 0.74663 0.26976 0.94824 -1.0778 0.32709 0 380.81 -40.893 1.4476 0.023078 37019 3311 4556.2 0 0
1.237e+05 0.79141 0.29211 1.0081 -0.98379 0.3229 0 385.23 -27.191 1.4504 0.02288 37062 3310 4557.2 0 0
1.238e+05 0.75424 0.33113 0.99983 -0.94097 0.31978 0 393.76 -29.353 1.4518 0.022963 37110 3312 4558.3 0 0
1.239e+05 0.72567 0.28381 0.88963 -1.0015 0.32223 0 370.42 -41.102 1.4517 0.022915 37151 3313 4559.3 0 0
1.24e+05 0.72777 0.28595 0.92899 -1.2684 0.31485 0 396.66 -40.128 1.4517 0.022933 37193 3313 4560.5 0 0
1.241e+05 0.7373 0.31996 0.95588 -1.2387 0.34648 0 386.51 -33.264 1.4511 0.022915 37223 3313 4561.6 0 0
1.242e+05 0.69024 0.25789 0.88747 -0.97734 0.31394 0 379.1 -48.694 1.4517 0.023049 37268 3317 4562.6 0 0
1.243e+05 0.73164 0.26814 0.95259 -1.171 0.31843 0 391.53 -43.605 1.4538 0.022938 37335 3322 4563.7 0 0
1.244e+05 0.76107 0.24979 0.93571 -1.2845 0.29836 0 402.12 -42.671 1.4548 0.022903 37385 3325 4564.9 0 0
1.245e+05 0.73259 0.3056 0.92695 -1.1136 0.3373 0 408.63 -35.798 1.4544 0.022887 37415 3325 4565.9 0 0
1.246e+05 0.72063 0.31026 0.8738 -1.2003 0.32412 0 404.72 -36.935 1.4561 0.022866 37465 3328 4567 0 0
1.247e+05 0.72385 0.28903 0.89872 -1.3008 0.32272 0 386.06 -39.85 1.4584 0.022771 37512 3329 4568.1 0 0
1.248e+05 0.68599 0.28341 0.92365 -1.2309 0.3679 0 404.38 -44.405 1.4591 0.022721 37558 3329 4569.2 0 0
1.249e+05 0.69459 0.30973 0.93818 -1.1141 0.28871 0 377.03 -41.126 1.4608 0.022739 37612 3332 4570.3 0 0
1.25e+05 0.73137 0.2878 0.94782 -1.1467 0.35484 0 366.59 -38.747 1.4617 0.022661 37656 3330 4571.4 0 0
1.251e+05 0.70645 0.27186 0.89207 -1.3561 0.33502 0 371.47 -45.214 1.4616 0.022726 37689 3328 4572.5 0 0
1.252e+05 0.73892 0.28337 0.92551 -1.2297 0.29603 0 394.43 -38.73 1.462 0.022628 37735 3327 4573.6 0 0
1.253e+05 0.68479 0.30818 0.92352 -1.0524 0.33527 0 392.39 -42.13 1.4624 0.022623 37771 3327 4574.6 0 0
1.254e+05 0.71794 0.29152 0.8721 -1.1081 0.31478 0 384.2 -39.884 1.4626 0.022621 37810 3329 4575.7 0 0
1.255e+05 0.6917 0.32021 0.91807 -0.96606 0.31982 0 373.97 -39.32 1.4645 0.022585 37862 3327 4576.8 0 0
1.256e+05 0.69163 0.31871 0.92574 -1.2796 0.29951 0 405.01 -39.727 1.4668 0.022765 37923 3332 4577.8 0 0
1.257e+05 0.74425 0.31278 0.92384 -1.2475 0.33414 0 355.38 -32.977 1.4688 0.022642 37980 3335 4578.8 0 0
1.258e+05 0.72758 0.3245 0.94365 -0.92039 0.30833 0 363.86 -33.612 1.4705 0.022583 38038 3339 4579.7 0 0
1.259e+05 0.77039 0.2952 1.0369 -1.0716 0.34079 0 363.3 -30.545 1.4704 0.022583 38077 3337 4580.8 0 0
1.26e+05 0.7216 0.31886 1.0056 -1.0894 0.34017 0 379.17 -35.345 1.473 0.022651 38125 3334 4581.8 0 0
1.261e+05 0.72273 0.31025 0.97316 -1.1516 0.33447 0 377.88 -36.013 1.4761 0.022704 38171 3333 4582.8 0 0
1.262e+05 0.71938 0.30997 0.94618 -1.125 0.32799 0 378.83 -36.429 1.4793 0.022724 38207 3333 4583.7 0 0
1.263e+05 0.70468 0.30552 0.91787 -1.124 0.32879 0 377.95 -39.303 1.4819 0.022765 38244 3338 4584.7 0 0
1.264e+05 0.73862 0.26952 0.94263 -1.2714 0.29273 0 380.97 -41.887 1.4838 0.022583 38282 3334 4585.8 0 0
1.265e+05 0.71754 0.27435 0.90534 -1.0166 0.32074 0 368.23 -43.534 1.4853 0.022648 38318 3337 4586.8 0 0
1.266e+05 0.74046 0.31193 0.97079 -1.4194 0.32776 0 393.21 -33.322 1.4875 0.022701 38353 3338 4587.8 0 0
1.267e+05 0.74759 0.29522 0.9715 -0.99036 0.32499 0 361.89 -34.472 1.4898 0.022724 38387 3340 4588.8 0 0
1.268e+05 0.74937 0.27385 0.90123 -1.0467 0.31717 0 383.96 -38.976 1.4912 0.022583 38432 3338 4590 0 0
1.269e+05 0.74124 0.31865 0.91186 -1.1455 0.31442 0 361.4 -32.345 1.4933 0.022605 38466 3339 4590.9 0 0
1.27e+05 0.68688 0.30207 0.82328 -1.1243 0.32666 0 379.8 -42.036 1.4962 0.022497 38489 3337 4592.1 0 0
1.271e+05 0.70341 0.29877 0.92213 -1.2363 0.30654 0 387.64 -39.998 1.4983 0.022487 38524 3339 4593.2 0 0
1.272e+05 0.69696 0.30623 0.86763 -1.1069 0.34832 0 393.22 -40.127 1.5013 0.022468 38549 3342 4594.2 0 0
1.273e+05 0.60717 0.33232 0.76853 -1.0297 0.36151 0 364.63 -47.739 1.5036 0.022478 38586 3342 4595.4 0 0
1.274e+05 0.70179 0.30633 0.88101 -1.2751 0.3321 0 387.24 -39.201 1.5055 0.022477 38625 3342 4596.4 0 0
1.275e+05 0.74305 0.25851 0.94895 -1.1835 0.35779 0 385.22 -44.068 1.5078 0.022475 38660 3342 4597.5 0 0
1.276e+05 0.68933 0.3066 0.8432 -1.1773 0.34269 0 397.71 -41.068 1.5106 0.022352 38688 3343 4598.6 0 0
1.277e+05 0.7646 0.26865 0.9351 -0.96103 0.30116 0 396.85 -37.972 1.5132 0.022342 38719 3345 4599.8 0 0
1.278e+05 0.69578 0.28307 0.86942 -1.1313 0.3268 0 392.68 -43.085 1.5144 0.022347 38745 3343 4600.9 0 0
1.279e+05 0.66359 0.27687 0.84921 -1.0438 0.32951 0 386.63 -46.609 1.514 0.022358 38770 3348 4602.1 0 0
1.28e+05 0.7294 0.28172 0.85406 -1.2986 0.32157 0 374.14 -39.602 1.5138 0.022336 38800 3350 4603.2 0 0
1.281e+05 0.67595 0.27926 0.86091 -0.98527 0.30668 0 387.13 -45.345 1.5128 0.02232 38826 3354 4604.3 0 0
1.282e+05 0.64615 0.31158 0.85688 -1.2077 0.34058 0 410.76 -46.393 1.5133 0.022364 38874 3349 4605.5 0 0
1.283e+05 0.69472 0.29496 0.84159 -1.0602 0.32541 0 407.77 -41.167 1.5147 0.022367 38927 3350 4606.6 0 0
1.284e+05 0.70701 0.27021 0.84583 -1.1706 0.30762 0 401.45 -44.775 1.5148 0.022435 38972 3355 4607.7 0 0
1.285e+05 0.7232 0.30847 0.91007 -1.0325 0.32897 0 395.68 -35.701 1.514 0.022427 39002 3353 4608.7 0 0
1.286e+05 0.6482 0.30162 0.84489 -1.1768 0.30145 0 417.43 -46.251 1.5132 0.022471 39027 3353 4609.8 0 0
1.287e+05 0.68559 0.27168 0.81634 -1.0756 0.34317 0 423.9 -45.923 1.5129 0.022477 39059 3353 4611 0 0
1.288e+05 0.62774 0.31484 0.84699 -1.2514 0.31071 0 399.78 -48.237 1.5121 0.022533 39085 3356 4612.1 0 0
1.289e+05 0.67405 0.31972 0.89842 -1.3807 0.31758 0 400.66 -40.186 1.5123 0.022369 39130 3354 4613.3 0 0
1.29e+05 0.66391 0.31117 0.8236 -1.2346 0.30831 0 386.67 -43.66 1.5131 0.022456 39184 3356 4614.5 0 0
1.291e+05 0.63658 0.31128 0.87272 -1.3721 0.29865 0 401.03 -47.225 1.5148 0.02228 39250 3352 4615.6 0 0
1.292e+05 0.67752 0.29297 0.83202 -1.1606 0.3117 0 370.89 -43.114 1.5144 0.022389 39285 3355 4616.8 0 0
1.293e+05 0.65228 0.29492 0.83693 -1.1597 0.31984 0 379.5 -45.697 1.5143 0.022387 39323 3357 4617.9 0 0
1.294e+05 0.67228 0.28287 0.86627 -1.094 0.3186 0 377.38 -44.659 1.5149 0.022434 39366 3356 4619.1 0 0
1.295e+05 0.64597 0.27981 0.84793 -1.246 0.31427 0 379.27 -47.343 1.5174 0.022541 39426 3360 4620.2 0 0
1.296e+05 0.64351 0.30918 0.87724 -1.0252 0.32226 0 378.42 -46.302 1.52 0.022391 39492 3357 4621.3 0 0
1.297e+05 0.64689 0.30863 0.86901 -1.1879 0.38038 0 389.64 -45.746 1.5225 0.022281 39559 3356 4622.5 0 0
1.298e+05 0.66787 0.31566 0.87746 -1.2152 0.35109 0 382.04 -41.983 1.5246 0.02229 39619 3357 4623.6 0 0
1.299e+05 0.63326 0.30388 0.79811 -1.0939 0.34199 0 379.16 -47.459 1.5256 0.02231 39651 3355 4624.8 0 0
1.3e+05 0.68595 0.29176 0.89118 -1.0972 0.34535 0 385.57 -42.092 1.5272 0.022395 39707 3351 4626 0 0
1.301e+05 0.65118 0.29295 0.79728 -1.1463 0.32561 0 382.06 -45.31 1.5295 0.022469 39756 3352 4627.2 0 0
1.302e+05 0.64527 0.31328 0.87818 -1.2214 0.3278 0 398.77 -45.569 1.5313 0.022464 39816 3353 4628.3 0 0
1.303e+05 0.66015 0.29995 0.8328 -1.1273 0.37475 0 396.02 -44.162 1.5327 0.022468 39867 3352 4629.5 0 0
1.304e+05 0.67626 0.2801 0.82797 -1.1757 0.31099 0 362.9 -44.366 1.5345 0.02228 39922 3349 4630.7 0 0
1.305e+05 0.63909 0.27697 0.84593 -1.361 0.3349 0 392.99 -48.196 1.5366 0.022312 39982 3349 4631.9 0 0
1.306e+05 0.69014 0.26581 0.84163 -1.2176 0.31625 0 382.94 -46.448 1.5399 0.022265 40022 3348 4633.1 0 0
1.307e+05 0.63597 0.30342 0.84126 -1.2409 0.34606 0 386.03 -46.915 1.541 0.022323 40066 3349 4634.1 0 0
1.308e+05 0.66299 0.29253 0.84469 -1.305 0.34334 0 379.51 -44.029 1.5427 0.022391 40122 3350 4635.3 0 0
1.309e+05 0.66712 0.29134 0.89429 -1.1746 0.34684 0 393.05 -43.662 1.5445 0.022416 40177 3351 4636.5 0 0
1.31e+05 0.66924 0.28946 0.86757 -1.178 0.34214 0 395.44 -43.536 1.5443 0.022412 40205 3349 4637.6 0 0
1.311e+05 0.67782 0.2784 0.85227 -0.90201 0.31689 0 383.96 -44.211 1.5436 0.022408 40230 3351 4638.7 0 0
1.312e+05 0.72005 0.30604 0.90281 -1.0177 0.34632 0 385.87 -36.354 1.5429 0.022349 40257 3350 4639.8 0 0
1.313e+05 0.66075 0.28542 0.84365 -1.1349 0.32005 0 396.94 -44.497 1.5421 0.022327 40285 3353 4641 0 0
1.314e+05 0.64167 0.27214 0.89148 -0.94073 0.35062 0 399.61 -48.239 1.5424 0.022327 40322 3355 4642.2 0 0
1.315e+05 0.66737 0.27605 0.83044 -0.93254 0.32996 0 387.02 -45.236 1.543 0.022371 40370 3357 4643.4 0 0
1.316e+05 0.69565 0.24451 0.89154 -1.0692 0.30348 0 365.46 -49.372 1.5422 0.022385 40395 3357 4644.5 0 0
1.317e+05 0.68889 0.29894 0.84835 -0.89806 0.31994 0 387.53 -40.724 1.542 0.022351 40429 3354 4645.6 0 0
1.318e+05 0.70355 0.26534 0.84332 -0.90891 0.31651 0 408.02 -45.536 1.5413 0.022342 40459 3354 4646.7 0 0
1.319e+05 0.70337 0.25029 0.85801 -0.95316 0.34201 0 394.05 -48.562 1.5416 0.022353 40502 3356 4647.8 0 0
1.32e+05 0.66436 0.28533 0.85003 -1.2211 0.31848 0 381.41 -44.01 1.5416 0.02253 40537 3359 4648.9 0 0
1.321e+05 0.6689 0.30107 0.8225 -1.2493 0.32945 0 369.21 -42.552 1.5412 0.022558 40566 3365 4649.9 0 0
1.322e+05 0.70451 0.25416 0.86659 -1.2268 0.31573 0 369.35 -47.766 1.5405 0.022523 40597 3365 4651 0 0
1.323e+05 0.72031 0.25941 0.88517 -1.3424 0.30636 0 366.16 -45.902 1.5397 0.022568 40622 3367 4652.1 0 0
1.324e+05 0.69249 0.28284 0.89464 -1.1259 0.31719 0 377.08 -41.89 1.5398 0.022528 40664 3369 4653.3 0 0
1.325e+05 0.69755 0.31698 0.82816 -1.1926 0.36859 0 377.45 -38.476 1.5391 0.022518 40694 3371 4654.3 0 0
1.326e+05 0.6388 0.32067 0.83964 -1.1206 0.3396 0 380.68 -44.902 1.5386 0.02245 40728 3369 4655.4 0 0
1.327e+05 0.72907 0.28083 0.89328 -1.1502 0.30495 0 375.62 -39.699 1.5398 0.022492 40783 3367 4656.4 0 0
1.328e+05 0.69365 0.29819 0.8953 -1.1537 0.34489 0 380.79 -39.866 1.5401 0.02251 40829 3365 4657.4 0 0
1.329e+05 0.70135 0.2649 0.91549 -0.95887 0.33469 0 381.63 -45.349 1.5406 0.022488 40877 3361 4658.5 0 0
1.33e+05 0.69521 0.28415 0.88064 -1.2775 0.3105 0 375.06 -41.248 1.5401 0.022506 40905 3362 4659.6 0 0
1.331e+05 0.64738 0.3182 0.84698 -1.2838 0.34371 0 369.01 -44.335 1.5391 0.022499 40926 3363 4660.6 0 0
1.332e+05 0.72994 0.29741 0.93987 -1.1171 0.30907 0 386.3 -36.221 1.538 0.022502 40945 3362 4661.7 0 0
1.333e+05 0.67726 0.29341 0.85796 -1.274 0.34207 0 386.41 -41.746 1.5383 0.022675 40987 3364 4662.8 0 0
1.334e+05 0.66429 0.3053 0.84124 -1.1849 0.32637 0 363.48 -42.762 1.5381 0.022786 41026 3367 4663.9 0 0
1.335e+05 0.67289 0.2987 0.87747 -1.1167 0.31347 0 385.01 -41.755 1.5386 0.022407 41067 3365 4665 0 0
1.336e+05 0.72467 0.32021 0.86652 -0.93677 0.31083 0 376.2 -34.399 1.5389 0.022454 41109 3365 4666 0 0
1.337e+05 0.71217 0.29149 0.90773 -1.0093 0.34961 0 387.99 -38.96 1.5397 0.022567 41164 3369 4667 0 0
1.338e+05 0.69691 0.32751 0.83235 -1.0922 0.31069 0 376.29 -36.162 1.5411 0.022651 41223 3373 4668 0 0
1.339e+05 0.71676 0.25696 0.8916 -1.0283 0.30046 0 357.59 -46.541 1.5418 0.022747 41276 3376 4669 0 0
1.34e+05 0.70291 0.31779 0.8555 -1.0651 0.32122 0 383.33 -37.34 1.543 0.022768 41334 3380 4670.1 0 0
1.341e+05 0.64793 0.27337 0.81129 -1.1096 0.30902 0 366.49 -47.316 1.5451 0.022652 41409 3379 4671.1 0 0
1.342e+05 0.69666 0.27223 0.86772 -1.0668 0.30976 0 376.66 -43.457 1.5466 0.022512 41470 3377 4672.2 0 0
1.343e+05 0.68441 0.23978 0.88685 -1.1659 0.33149 0 382.46 -49.657 1.5469 0.022646 41517 3378 4673.3 0 0
1.344e+05 0.70185 0.29667 0.79229 -0.90305 0.32173 0 364.49 -38.768 1.5486 0.022668 41583 3383 4674.4 0 0
1.345e+05 0.63751 0.27857 0.8216 -1.0623 0.33064 0 385.89 -47.877 1.55 0.022604 41637 3380 4675.5 0 0
1.346e+05 0.68785 0.30767 0.83284 -1.2573 0.35561 0 378.89 -39.396 1.5523 0.022606 41708 3381 4676.6 0 0
1.347e+05 0.65084 0.29724 0.848 -0.98013 0.29875 0 374.47 -44.223 1.5532 0.022584 41752 3381 4677.6 0 0
1.348e+05 0.6948 0.28108 0.86213 -1.0863 0.36891 0 396.79 -41.347 1.5529 0.02263 41788 3382 4678.7 0 0
1.349e+05 0.69167 0.31957 0.89624 -1.177 0.33443 0 373.59 -38.579 1.552 0.022634 41815 3383 4679.7 0 0
1.35e+05 0.66376 0.28714 0.85271 -1.0263 0.33925 0 395.79 -43.412 1.5514 0.022642 41844 3382 4680.8 0 0
1.351e+05 0.69722 0.32513 0.83705 -1.1135 0.34909 0 383.67 -36.788 1.5516 0.022585 41888 3386 4681.9 0 0
1.352e+05 0.66148 0.29364 0.81631 -1.2002 0.32406 0 389.92 -43.06 1.5509 0.022543 41917 3383 4683 0 0
1.353e+05 0.6586 0.29025 0.79744 -1.0016 0.33196 0 394.69 -43.51 1.55 0.022524 41940 3386 4684.1 0 0
1.354e+05 0.68856 0.26255 0.84276 -1.1165 0.32285 0 393.02 -45.969 1.5483 0.022541 41946 3383 4685.2 0 0
1.355e+05 0.71926 0.29035 0.84964 -1.0624 0.30989 0 366.16 -38.403 1.5467 0.022526 41955 3388 4686.3 0 0
1.356e+05 0.66805 0.32017 0.84428 -0.9661 0.38754 0 404.2 -40.223 1.5454 0.022537 41970 3386 4687.4 0 0
1.357e+05 0.65937 0.28037 0.87584 -1.0087 0.3563 0 387.06 -44.446 1.5449 0.02244 42000 3389 4688.5 0 0
1.358e+05 0.71228 0.27108 0.86065 -1.1592 0.31007 0 393.29 -42.756 1.5453 0.02269 42040 3390 4689.6 0 0
1.359e+05 0.71742 0.2626 0.85572 -1.2269 0.296 0 377.83 -44.975 1.5444 0.022574 42061 3391 4690.7 0 0
1.36e+05 0.64775 0.25192 0.81755 -1.002 0.30731 0 385.3 -49.712 1.5436 0.022587 42086 3393 4691.9 0 0
1.361e+05 0.68552 0.29068 0.8525 -1.0595 0.29626 0 382.38 -40.375 1.5434 0.02258 42117 3396 4693 0 0
1.362e+05 0.71246 0.27449 0.81892 -1.2885 0.3266 0 375.57 -41.818 1.5429 0.022656 42145 3401 4694.1 0 0
1.363e+05 0.66375 0.25574 0.823 -1.0157 0.34056 0 388.37 -48.44 1.5433 0.022505 42185 3402 4695.2 0 0
1.364e+05 0.72535 0.30718 0.84587 -1.1498 0.33107 0 376.3 -35.527 1.5434 0.022513 42224 3401 4696.2 0 0
1.365e+05 0.73045 0.30022 0.87053 -1.0769 0.32194 0 392.11 -35.664 1.5431 0.022482 42257 3398 4697.1 0 0
1.366e+05 0.72677 0.31647 0.86097 -1.2219 0.35804 0 384.65 -34.431 1.5426 0.022492 42286 3400 4698.1 0 0
1.367e+05 0.69787 0.27431 0.88709 -1.0995 0.35828 0 384.97 -42.25 1.5422 0.022531 42316 3396 4699 0 0
1.368e+05 0.72206 0.311 0.93731 -1.4645 0.3556 0 377.08 -35.214 1.5411 0.022522 42337 3394 4700 0 0
1.369e+05 0.73406 0.28313 0.88165 -1.2177 0.33248 0 359.1 -38.244 1.5395 0.022533 42345 3392 4700.9 0 0
1.37e+05 0.73977 0.30512 0.91668 -1.0837 0.30685 0 365.93 -33.837 1.5378 0.022523 42350 3393 4701.9 0 0
1.371e+05 0.7546 0.28298 0.88814 -1.1488 0.33266 0 377.36 -35.738 1.5363 0.022494 42361 3397 4702.9 0 0
1.372e+05 0.74748 0.27724 0.90711 -1.1219 0.34718 0 396.42 -38.162 1.5359 0.022466 42393 3395 4703.8 0 0
1.373e+05 0.70871 0.29111 0.7797 -1.2117 0.37398 0 380.52 -38.521 1.5345 0.022431 42407 3402 4704.8 0 0
1.374e+05 0.69176 0.26147 0.88546 -1.1455 0.32855 0 385.27 -45.611 1.533 0.022424 42416 3403 4705.9 0 0
1.375e+05 0.71354 0.30102 0.89545 -1.0452 0.30127 0 362.69 -36.824 1.5314 0.022399 42425 3407 4706.9 0 0
1.376e+05 0.72364 0.29115 0.89997 -0.92517 0.33687 0 390.15 -37.192 1.5297 0.022394 42430 3411 4707.9 0 0
1.377e+05 0.68739 0.30816 0.87663 -1.0922 0.33003 0 372.99 -38.864 1.5283 0.02237 42442 3413 4708.9 0 0
1.378e+05 0.71676 0.3042 0.89837 -1.1349 0.30392 0 390.97 -36.073 1.5268 0.022357 42452 3415 4709.9 0 0
1.379e+05 0.77543 0.32614 0.89741 -1.0745 0.33883 0 397.04 -27.402 1.5257 0.022361 42470 3415 4710.9 0 0
1.38e+05 0.65562 0.26685 0.8437 -1.3333 0.31099 0 405.56 -47.146 1.5252 0.022376 42499 3411 4711.9 0 0
1.381e+05 0.67633 0.27135 0.83928 -1.0807 0.35485 0 379.84 -44.53 1.5247 0.022357 42530 3410 4712.9 0 0
1.382e+05 0.72154 0.30569 0.9323 -1.2702 0.3288 0 387.08 -35.391 1.5243 0.022317 42562 3409 4713.9 0 0
1.383e+05 0.69695 0.31703 0.91744 -1.1347 0.32897 0 389.55 -37.645 1.5235 0.022375 42588 3413 4714.8 0 0
1.384e+05 0.74327 0.25539 0.90038 -1.0994 0.34822 0 378.36 -44.331 1.5227 0.022431 42613 3417 4715.8 0 0
1.385e+05 0.71655 0.31274 0.8975 -1.0841 0.35911 0 375.13 -35.179 1.5219 0.022441 42637 3415 4716.8 0 0
1.386e+05 0.72713 0.26983 0.92653 -0.9897 0.32021 0 363.67 -41.268 1.5218 0.022375 42674 3413 4717.8 0 0
1.387e+05 0.70307 0.24379 0.88506 -0.85301 0.32507 0 367.79 -48.854 1.5228 0.022429 42727 3415 4718.9 0 0
1.388e+05 0.71699 0.24888 0.9075 -1.2731 0.34507 0 377.92 -47.133 1.5237 0.02229 42778 3415 4720 0 0
1.389e+05 0.72988 0.2749 0.87014 -0.98972 0.30698 0 397.34 -39.636 1.5231 0.022329 42806 3413 4721.1 0 0
1.39e+05 0.65039 0.27422 0.88196 -1.3719 0.34052 0 388.68 -46.337 1.5225 0.022378 42835 3416 4722.2 0 0
1.391e+05 0.68102 0.26769 0.86059 -1.1194 0.32119 0 377.85 -44.832 1.5222 0.022307 42870 3411 4723.3 0 0
1.392e+05 0.72125 0.25083 0.91561 -1.245 0.34056 0 377.08 -46.298 1.5215 0.022319 42898 3411 4724.4 0 0
1.393e+05 0.71457 0.27872 0.91742 -1.3166 0.36427 0 386.76 -39.978 1.5213 0.022308 42940 3411 4725.4 0 0
1.394e+05 0.70438 0.22874 0.82283 -1.1185 0.36575 0 373.34 -49.668 1.5202 0.022341 42959 3417 4726.5 0 0
1.395e+05 0.68814 0.26481 0.84454 -1.0317 0.36294 0 388.46 -44.676 1.5189 0.02239 42973 3416 4727.7 0 0
1.396e+05 0.69068 0.28365 0.85142 -1.1143 0.33115 0 370.23 -40.373 1.5174 0.022394 42983 3415 4728.7 0 0
1.397e+05 0.73869 0.27605 0.85319 -1.3359 0.31654 0 375.15 -38.742 1.517 0.022365 43016 3418 4729.7 0 0
1.398e+05 0.71134 0.27418 0.82119 -0.98354 0.34586 0 393.17 -40.796 1.5164 0.022431 43042 3420 4730.8 0 0
1.399e+05 0.75329 0.25295 0.89083 -1.1132 0.29703 0 410.51 -43.156 1.5153 0.022435 43061 3421 4731.7 0 0
1.4e+05 0.737 0.2985 0.89075 -1.1607 0.3183 0 398.89 -34.631 1.5155 0.022476 43108 3422 4732.7 0 0
1.401e+05 0.71937 0.25324 0.85509 -1.0687 0.36082 0 400.93 -45.389 1.5167 0.022298 43157 3420 4733.8 0 0
1.402e+05 0.71318 0.32985 0.89081 -0.9908 0.35276 0 382.34 -34.291 1.518 0.022571 43205 3423 4734.8 0 0
1.403e+05 0.70948 0.32341 0.89668 -1.2393 0.35172 0 404.52 -35.53 1.518 0.02271 43241 3426 4735.7 0 0
1.404e+05 0.73246 0.31686 0.85571 -1.2006 0.33811 0 415.29 -33.423 1.5172 0.022719 43267 3426 4736.6 0 0
1.405e+05 0.67056 0.32615 0.83634 -0.8975 0.33709 0 388.32 -38.074 1.5176 0.022575 43305 3425 4737.6 0 0
1.406e+05 0.6945 0.32509 0.85972 -1.0829 0.35184 0 392.02 -36.716 1.5172 0.022445 43335 3425 4738.5 0 0
1.407e+05 0.73774 0.32319 0.89218 -1.1628 0.35636 0 372.68 -32.131 1.5173 0.022508 43373 3423 4739.4 0 0
1.408e+05 0.7392 0.31598 0.87023 -1.0851 0.3497 0 387.72 -32.646 1.5174 0.022501 43407 3424 4740.3 0 0
1.409e+05 0.72818 0.31194 0.83391 -1.3065 0.34654 0 378.14 -34.038 1.5165 0.022596 43428 3426 4741.2 0 0
1.41e+05 0.74506 0.29774 0.87199 -1.2387 0.3203 0 377.83 -33.884 1.5158 0.022572 43454 3426 4742.1 0 0
1.411e+05 0.73706 0.29961 0.84976 -1.177 0.30794 0 386.87 -34.245 1.5153 0.022491 43484 3423 4743 0 0
1.412e+05 0.71991 0.29391 0.86247 -1.17 0.34057 0 384.28 -36.288 1.5153 0.022512 43517 3420 4743.9 0 0
1.413e+05 0.75926 0.28256 0.93341 -1.1204 0.32741 0 389 -34.739 1.5155 0.022594 43551 3422 4744.8 0 0
1.414e+05 0.74889 0.27245 0.88695 -1.1809 0.33888 0 387.67 -38.444 1.515 0.022671 43578 3419 4745.8 0 0
1.415e+05 0.69597 0.32053 0.84343 -1.0756 0.3387 0 379.07 -36.982 1.5149 0.02266 43611 3421 4746.7 0 0
1.416e+05 0.66763 0.34101 0.86802 -1.2 0.35077 0 388.12 -32.326 1.5144 0.022557 43640 3423 4747.6 0 0
1.417e+05 0.73587 0.32399 0.88664 -1.2957 0.33901 0 366 -32.041 1.5141 0.02255 43672 3426 4748.5 0 0
1.418e+05 0.68415 0.29882 0.8824 -1.4809 0.35735 0 362.87 -39.287 1.5141 0.022707 43707 3428 4749.3 0 0
1.419e+05 0.68017 0.30498 0.86918 -1.2529 0.32653 0 370.47 -39.395 1.514 0.022677 43737 3433 4750.2 0 0
1.42e+05 0.75496 0.29034 0.91838 -1.0917 0.32104 0 390.24 -33.873 1.5142 0.022715 43774 3432 4751.1 0 0
1.421e+05 0.73076 0.30909 0.90174 -1.0687 0.34694 0 376.67 -33.716 1.5134 0.022714 43797 3431 4752.1 0 0
1.422e+05 0.74223 0.32109 0.95503 -1.0795 0.34148 0 358.68 -31.654 1.5126 0.022698 43822 3431 4753 0 0
1.423e+05 0.72213 0.33063 0.84716 -0.99745 0.3497 0 381.97 -32.515 1.5117 0.022686 43846 3433 4753.8 0 0
1.424e+05 0.74777 0.32167 0.78501 -0.98877 0.32471 0 382.31 -31.038 1.5106 0.022682 43866 3437 4754.7 0 0
1.425e+05 0.73473 0.30481 0.91186 -1.031 0.36723 0 365.6 -33.492 1.5095 0.022593 43884 3435 4755.6 0 0
1.426e+05 0.75957 0.27833 0.8882 -1.1723 0.29753 0 350.8 -35.682 1.5094 0.022595 43918 3438 4756.4 0 0
1.427e+05 0.73304 0.31438 0.90774 -1.1167 0.31603 0 357.62 -32.843 1.5089 0.022601 43948 3442 4757.3 0 0
1.428e+05 0.70325 0.30246 0.84884 -1.3057 0.31546 0 360.59 -36.544 1.508 0.022604 43970 3441 4758.2 0 0
1.429e+05 0.69409 0.30954 0.88096 -1.3759 0.32895 0 348.89 -37.077 1.507 0.022616 43990 3439 4759.1 0 0
1.43e+05 0.6751 0.31394 0.84633 -1.1356 0.35219 0 393.05 -39.308 1.5059 0.022543 44009 3439 4760 0 0
1.431e+05 0.72047 0.28122 0.89296 -1.1584 0.30682 0 378.14 -38.416 1.5049 0.022456 44029 3438 4760.9 0 0
1.432e+05 0.68524 0.29775 0.81109 -0.99334 0.32012 0 373.34 -39.011 1.5037 0.022467 44045 3435 4761.9 0 0
1.433e+05 0.69758 0.3035 0.8435 -0.9174 0.3382 0 372.98 -36.854 1.5027 0.02247 44068 3437 4762.8 0 0
1.434e+05 0.70957 0.28176 0.87984 -1.0877 0.30795 0 382.08 -39.061 1.5017 0.022479 44089 3442 4763.8 0 0
1.435e+05 0.66788 0.3209 0.84803 -1.1843 0.34916 0 390.05 -39.499 1.5014 0.022568 44121 3447 4764.7 0 0
1.436e+05 0.73823 0.32511 0.85735 -1.0732 0.34371 0 383.76 -31.425 1.5012 0.022589 44153 3444 4765.7 0 0
1.437e+05 0.69586 0.32555 0.84445 -0.9583 0.30829 0 380.53 -35.443 1.5014 0.022674 44190 3440 4766.6 0 0
1.438e+05 0.70756 0.30837 0.86818 -1.2748 0.32242 0 359.85 -35.512 1.5016 0.022622 44225 3444 4767.5 0 0
1.439e+05 0.68167 0.26777 0.84167 -1.4034 0.33869 0 366.52 -44.501 1.5014 0.022586 44259 3444 4768.5 0 0
1.44e+05 0.66686 0.26142 0.86509 -1.1005 0.32386 0 358.57 -47.151 1.5022 0.022674 44303 3446 4769.6 0 0
1.441e+05 0.67535 0.28116 0.8036 -1.2393 0.30229 0 385.25 -42.323 1.5033 0.022959 44346 3450 4770.6 0 0
1.442e+05 0.66632 0.2872 0.82111 -1.3174 0.31273 0 372.28 -42.694 1.5035 0.02302 44382 3449 4771.6 0 0
1.443e+05 0.69963 0.28123 0.85614 -1.4216 0.31102 0 376.63 -39.822 1.5038 0.023111 44423 3452 4772.6 0 0
1.444e+05 0.66249 0.25393 0.84061 -1.3364 0.29519 0 369.85 -48.767 1.5049 0.023066 44465 3452 4773.7 0 0
1.445e+05 0.69609 0.29189 0.79314 -1.4142 0.32 0 378.13 -38.235 1.506 0.023023 44511 3449 4774.7 0 0
1.446e+05 0.69271 0.24114 0.8179 -1.2726 0.31269 0 393.7 -49.195 1.5069 0.022906 44554 3450 4775.7 0 0
1.447e+05 0.73657 0.27491 0.86199 -1.3014 0.29609 0 374.53 -38.676 1.5078 0.02299 44603 3450 4776.7 0 0
1.448e+05 0.71768 0.26915 0.89462 -1.2286 0.30528 0 365.32 -41.025 1.5089 0.023035 44644 3452 4777.8 0 0
1.449e+05 0.68286 0.31388 0.86743 -1.2539 0.33134 0 400.71 -37.953 1.5092 0.022953 44682 3450 4778.7 0 0
1.45e+05 0.70998 0.34026 0.85876 -1.2741 0.31629 0 397.52 -31.075 1.5098 0.022932 44716 3445 4779.6 0 0
1.451e+05 0.66305 0.32132 0.89245 -1.1398 0.32296 0 386.61 -40.11 1.5104 0.02292 44754 3447 4780.5 0 0
1.452e+05 0.6966 0.33655 0.84323 -1.4159 0.31225 0 362.12 -32.718 1.5108 0.022943 44794 3450 4781.4 0 0
1.453e+05 0.62858 0.30387 0.84752 -1.1262 0.32973 0 396.99 -47.488 1.5118 0.023058 44831 3449 4782.3 0 0
1.454e+05 0.67944 0.30682 0.80635 -1.2299 0.31929 0 370.48 -38.647 1.514 0.022884 44864 3449 4783.4 0 0
1.455e+05 0.68584 0.28543 0.85301 -1.4342 0.30619 0 388.63 -40.036 1.5149 0.0228 44902 3450 4784.4 0 0
1.456e+05 0.639 0.31599 0.82372 -1.0816 0.30144 0 396.75 -45.295 1.5152 0.022848 44939 3454 4785.5 0 0
1.457e+05 0.65657 0.3144 0.82357 -1.159 0.29702 0 387.99 -41.779 1.5154 0.022919 44973 3457 4786.4 0 0
1.458e+05 0.62085 0.31221 0.85954 -1.0608 0.30134 0 399.94 -48.344 1.5158 0.022848 45009 3459 4787.4 0 0
1.459e+05 0.62612 0.28142 0.79253 -1.2528 0.3192 0 398.16 -48.659 1.5157 0.022785 45042 3462 4788.5 0 0
1.46e+05 0.70138 0.29433 0.82624 -1.2697 0.31234 0 390.14 -37.031 1.5148 0.022831 45063 3464 4789.5 0 0
1.461e+05 0.69733 0.3119 0.86613 -1.3238 0.31237 0 402.66 -35.993 1.5146 0.022748 45095 3463 4790.5 0 0
1.462e+05 0.61485 0.30715 0.8909 -1.1798 0.31596 0 389.22 -48.947 1.5147 0.022705 45129 3461 4791.5 0 0
1.463e+05 0.68723 0.28408 0.89174 -1.2211 0.31342 0 372.4 -39.985 1.5164 0.022703 45172 3462 4792.5 0 0
1.464e+05 0.67916 0.28977 0.79223 -1.2323 0.32982 0 390.79 -40.05 1.5186 0.022696 45206 3463 4793.5 0 0
1.465e+05 0.66435 0.26464 0.79088 -1.2568 0.34315 0 387.84 -46.438 1.5201 0.022657 45241 3469 4794.6 0 0
1.466e+05 0.66739 0.2579 0.7868 -1.2882 0.29932 0 424.31 -47.427 1.5223 0.022646 45276 3471 4795.8 0 0
1.467e+05 0.63571 0.24994 0.76545 -1.7009 0.29566 0 410.27 -49.81 1.5242 0.022589 45314 3476 4796.9 0 0
1.468e+05 0.66824 0.27935 0.86696 -1.3599 0.30718 0 400.9 -42.973 1.5243 0.0225 45349 3479 4798 0 0
1.469e+05 0.6633 0.24031 0.84878 -1.3711 0.3126 0 424.32 -49.748 1.5251 0.022469 45384 3484 4799.1 0 0
1.47e+05 0.66606 0.25456 0.8704 -1.3806 0.32261 0 406.26 -47.968 1.5245 0.022487 45411 3485 4800.2 0 0
1.471e+05 0.72293 0.24424 0.87383 -1.1172 0.30758 0 404.48 -47.019 1.524 0.022492 45439 3485 4801.3 0 0
1.472e+05 0.66946 0.2596 0.84408 -1.2432 0.32913 0 419.35 -46.637 1.5231 0.022549 45460 3494 4802.4 0 0
1.473e+05 0.69038 0.28869 0.87764 -1.2774 0.31711 0 406.27 -38.91 1.5223 0.022476 45483 3497 4803.5 0 0
1.474e+05 0.64912 0.27736 0.85037 -1.3437 0.32945 0 406.89 -45.422 1.5214 0.022366 45501 3495 4804.5 0 0
1.475e+05 0.69609 0.26573 0.92483 -1.1894 0.30712 0 401.5 -42.907 1.5201 0.022372 45514 3493 4805.6 0 0
1.476e+05 0.69803 0.26092 0.84288 -1.2256 0.3607 0 389.46 -43.991 1.5188 0.0224 45527 3493 4806.6 0 0
1.477e+05 0.67958 0.28222 0.88819 -1.3289 0.31025 0 394.97 -40.886 1.518 0.022381 45549 3496 4807.7 0 0
1.478e+05 0.69945 0.27774 0.8318 -1.3735 0.32076 0 400.07 -39.981 1.517 0.022387 45567 3495 4808.7 0 0
1.479e+05 0.69067 0.30486 0.84756 -1.3442 0.30912 0 381.91 -37.024 1.5169 0.022383 45599 3496 4809.7 0 0
1.48e+05 0.65637 0.26502 0.89294 -1.1537 0.33764 0 381.16 -46.35 1.5167 0.02252 45623 3499 4810.8 0 0
1.481e+05 0.65554 0.25755 0.878 -1.1288 0.29888 0 390.73 -47.801 1.5153 0.022558 45634 3493 4811.9 0 0
1.482e+05 0.63304 0.26455 0.76326 -1.1233 0.30471 0 378.66 -49.113 1.514 0.022523 45645 3498 4813 0 0
1.483e+05 0.63978 0.27247 0.87763 -1.3576 0.31349 0 392.39 -47.259 1.5135 0.022516 45669 3500 4814.1 0 0
1.484e+05 0.63329 0.29089 0.85384 -1.2341 0.31613 0 378.23 -46.339 1.5137 0.022409 45700 3500 4815.2 0 0
1.485e+05 0.67151 0.26717 0.85285 -1.182 0.3295 0 386.46 -44.447 1.5131 0.02239 45717 3503 4816.3 0 0
1.486e+05 0.69249 0.26839 0.83774 -1.4104 0.28981 0 392.04 -42.26 1.5125 0.022466 45742 3506 4817.3 0 0
1.487e+05 0.7098 0.26243 0.87611 -1.2954 0.30476 0 387.72 -43.033 1.5114 0.022582 45755 3508 4818.3 0 0
1.488e+05 0.73582 0.26049 0.8866 -1.267 0.32516 0 405.02 -42.373 1.5107 0.022547 45780 3512 4819.2 0 0
1.489e+05 0.68235 0.26055 0.86034 -1.2865 0.30821 0 389.22 -44.953 1.5093 0.022565 45787 3513 4820.3 0 0
1.49e+05 0.70969 0.25389 0.84688 -1.2743 0.3463 0 385.97 -45.241 1.5076 0.022444 45788 3532 4821.3 0 0
1.491e+05 0.78367 0.25287 0.91131 -1.2434 0.30422 0 391.71 -39.39 1.5058 0.022343 45788 3548 4822.3 0 0
1.492e+05 0.72432 0.28156 0.88139 -1.1562 0.32565 0 377.99 -37.574 1.5041 0.022305 45789 3554 4823.3 0 0
1.493e+05 0.72756 0.24198 0.89112 -0.98428 0.33073 0 399.86 -47.001 1.5024 0.022243 45789 3564 4824.2 0 0
1.494e+05 0.72262 0.28063 0.92474 -1.1204 0.31166 0 395.8 -37.828 1.5007 0.02223 45789 3566 4825.2 0 0
1.495e+05 0.71696 0.25967 0.89018 -1.2316 0.30565 0 399.69 -43.294 1.499 0.02223 45790 3566 4826.2 0 0
1.496e+05 0.74522 0.25983 0.90254 -1.0168 0.30651 0 385.28 -41.948 1.4973 0.022181 45790 3574 4827.2 0 0
1.497e+05 0.68509 0.25323 0.8615 -0.89362 0.32672 0 378.28 -46.649 1.4956 0.02215 45790 3579 4828.2 0 0
1.498e+05 0.71458 0.2428 0.85108 -1.0657 0.30897 0 384.23 -47.303 1.4938 0.022088 45790 3589 4829.3 0 0
1.499e+05 0.69515 0.25829 0.85026 -1.2643 0.30276 0 389.08 -44.35 1.4921 0.022051 45790 3595 4830.4 0 0
1.5e+05 0.6278 0.28454 0.82262 -1.3119 0.33232 0 388.4 -47.412 1.4904 0.022027 45790 3599 4831.5 0 0
1.501e+05 0.6506 0.27954 0.84962 -1.2354 0.31927 0 381.38 -44.341 1.4887 0.021953 45790 3611 4832.5 0 0
1.502e+05 0.69714 0.27989 0.85692 -1.4004 0.32598 0 373.77 -39.241 1.487 0.021929 45790 3615 4833.6 0 0
1.503e+05 0.6332 0.30418 0.85052 -1.3124 0.30712 0 385.91 -45.862 1.4852 0.021899 45790 3620 4834.7 0 0
1.504e+05 0.6861 0.29546 0.87198 -1.1375 0.33023 0 407.63 -38.139 1.4835 0.021899 45790 3620 4835.7 0 0
1.505e+05 0.67431 0.28082 0.846 -1.3005 0.31357 0 388.56 -41.11 1.4818 0.021881 45790 3623 4836.7 0 0
1.506e+05 0.65664 0.25596 0.87289 -1.2086 0.30168 0 403.4 -47.707 1.4801 0.02185 45790 3628 4837.7 0 0
1.507e+05 0.70443 0.28222 0.86499 -1.053 0.3342 0 365.45 -38.066 1.4784 0.02185 45790 3628 4838.7 0 0
1.508e+05 0.69055 0.28635 0.85989 -1.4028 0.31389 0 380.73 -38.43 1.4767 0.021838 45790 3630 4839.7 0 0
1.509e+05 0.62275 0.28168 0.80801 -1.3161 0.31067 0 371.9 -48.148 1.475 0.021814 45790 3634 4840.8 0 0
1.51e+05 0.74313 0.29128 0.84939 -1.3444 0.31282 0 383.75 -34.479 1.4733 0.021814 45790 3634 4841.8 0 0
1.511e+05 0.72851 0.23011 0.83423 -1.2119 0.29842 0 385.68 -48.627 1.4716 0.021814 45790 3634 4842.8 0 0
1.512e+05 0.70509 0.24643 0.88663 -1.2349 0.33835 0 388.38 -46.959 1.4699 0.021814 45790 3634 4844 0 0
1.513e+05 0.69931 0.27904 0.83786 -1.1003 0.30755 0 403.83 -38.745 1.4682 0.021814 45790 3634 4845.1 0 0
1.514e+05 0.73332 0.25878 0.86908 -1.2107 0.32224 0 404.18 -42.293 1.4665 0.021844 45790 3629 4846.2 0 0
1.515e+05 0.67906 0.24025 0.89946 -1.133 0.31386 0 401.97 -49.034 1.4647 0.021826 45790 3632 4847.3 0 0
1.516e+05 0.69444 0.24469 0.85698 -1.2004 0.31661 0 384.87 -47.563 1.4631 0.021814 45791 3634 4848.4 0 0
1.517e+05 0.683 0.24312 0.82654 -1.2353 0.36252 0 381.65 -48.448 1.4614 0.021802 45791 3636 4849.6 0 0
1.518e+05 0.63211 0.2647 0.81628 -1.1844 0.31923 0 385.3 -48.883 1.4597 0.021755 45791 3644 4850.7 0 0
1.519e+05 0.67528 0.24838 0.88087 -1.4474 0.337 0 398.42 -47.767 1.458 0.021707 45791 3652 4851.8 0 0
1.52e+05 0.67694 0.29301 0.8489 -1.4055 0.34541 0 379.92 -39.204 1.4563 0.021695 45791 3654 4852.9 0 0
1.521e+05 0.66655 0.2857 0.86757 -1.2228 0.31505 0 379.43 -41.238 1.4546 0.021701 45791 3653 4854 0 0
1.522e+05 0.67961 0.28445 0.83224 -1.1329 0.29463 0 364.71 -39.627 1.4529 0.021654 45791 3661 4855 0 0
1.523e+05 0.66055 0.23277 0.8071 -1.2042 0.32852 0 386.59 -49.806 1.4512 0.021642 45791 3663 4856.2 0 0
1.524e+05 0.70947 0.25952 0.89294 -1.1787 0.31218 0 389.9 -42.708 1.4495 0.021624 45791 3666 4857.3 0 0
1.525e+05 0.71871 0.2386 0.80344 -1.1223 0.30529 0 397.75 -47.114 1.4478 0.021612 45791 3668 4858.4 0 0
1.526e+05 0.70784 0.24018 0.83344 -1.4716 0.30548 0 360.51 -47.364 1.4461 0.021606 45791 3669 4859.5 0 0
1.527e+05 0.63697 0.26728 0.85137 -1.3172 0.33266 0 395.71 -47.843 1.4444 0.021595 45791 3671 4860.7 0 0
1.528e+05 0.66621 0.25627 0.79804 -1.2503 0.35351 0 384 -46.295 1.4427 0.021577 45791 3674 4861.8 0 0
1.529e+05 0.71151 0.26606 0.80598 -1.2186 0.33591 0 387.96 -40.944 1.4411 0.021594 45791 3671 4863 0 0
1.53e+05 0.69978 0.25793 0.84781 -0.99389 0.31029 0 395.23 -43.322 1.4394 0.021571 45791 3675 4864.1 0 0
1.531e+05 0.65453 0.26127 0.8081 -1.0888 0.30775 0 383.31 -46.237 1.4377 0.021583 45792 3673 4865.2 0 0
1.532e+05 0.61402 0.3252 0.7833 -1.1055 0.35074 0 386.57 -48.594 1.436 0.021565 45792 3676 4866.3 0 0
1.533e+05 0.71109 0.25636 0.93483 -1.3101 0.32908 0 386.57 -43.159 1.4343 0.021565 45792 3676 4867.5 0 0
1.534e+05 0.69776 0.24832 0.83002 -1.18 0.32087 0 395.71 -45.601 1.4327 0.021577 45792 3674 4868.7 0 0
1.535e+05 0.73489 0.24306 0.84844 -1.3346 0.31032 0 403.7 -45.73 1.431 0.021536 45792 3681 4869.8 0 0
1.536e+05 0.74183 0.24153 0.84786 -1.4032 0.32913 0 399.03 -45.838 1.4293 0.021495 45792 3688 4871 0 0
1.537e+05 0.73231 0.24666 0.81193 -1.4281 0.31916 0 400.21 -44.905 1.4276 0.021472 45792 3692 4872.1 0 0
1.538e+05 0.68978 0.23835 0.84278 -1.1289 0.29371 0 422.35 -47.78 1.4259 0.02146 45792 3694 4873.2 0 0
1.539e+05 0.68754 0.26292 0.86979 -1.2743 0.33459 0 404.19 -42.673 1.4243 0.02146 45792 3694 4874.4 0 0
1.54e+05 0.65907 0.26006 0.90902 -1.0996 0.32576 0 386.86 -45.881 1.4226 0.02146 45792 3694 4875.5 0 0
1.541e+05 0.69301 0.30575 0.80019 -1.3542 0.30789 0 395.46 -36.416 1.4209 0.021408 45792 3703 4876.6 0 0
1.542e+05 0.65385 0.26529 0.81071 -1.1104 0.34686 0 389.29 -45.392 1.4193 0.021316 45792 3719 4877.7 0 0
1.543e+05 0.68652 0.27515 0.86364 -1.5379 0.34981 0 404.35 -40.427 1.4176 0.021299 45792 3722 4878.8 0 0
1.544e+05 0.68389 0.23084 0.85716 -1.3158 0.31373 0 400.04 -49.02 1.4159 0.021276 45792 3726 4879.9 0 0
1.545e+05 0.66391 0.25988 0.8887 -1.1472 0.31391 0 394.3 -45.232 1.4142 0.021241 45792 3732 4881 0 0
1.546e+05 0.69388 0.24419 0.86055 -1.3043 0.30961 0 397.55 -46.18 1.4126 0.021202 45792 3739 4882.1 0 0
1.547e+05 0.64132 0.30744 0.85259 -1.2361 0.32236 0 405.05 -44.153 1.4109 0.021213 45792 3737 4883.2 0 0
1.548e+05 0.64288 0.26348 0.83462 -1.152 0.31424 0 381.62 -47.176 1.4092 0.021202 45792 3739 4884.3 0 0
1.549e+05 0.69718 0.24234 0.83095 -1.2824 0.31641 0 380.11 -46.517 1.4076 0.021185 45792 3742 4885.5 0 0
1.55e+05 0.63962 0.23723 0.92849 -1.2869 0.3082 0 387.73 -49.899 1.4059 0.021207 45792 3738 4886.6 0 0
1.551e+05 0.63747 0.24795 0.85355 -1.1415 0.31665 0 394.21 -49.37 1.4043 0.021168 45792 3745 4887.7 0 0
1.552e+05 0.6791 0.25608 0.92173 -1.3857 0.32076 0 376.08 -44.387 1.4026 0.021134 45792 3751 4888.9 0 0
1.553e+05 0.66304 0.25957 0.87018 -1.4108 0.33244 0 392.81 -45.041 1.4009 0.021123 45792 3753 4890 0 0
1.554e+05 0.64635 0.25537 0.88846 -1.2609 0.32225 0 389.6 -47.758 1.3993 0.021089 45792 3759 4891.2 0 0
1.555e+05 0.66515 0.25509 0.91598 -1.2731 0.35076 0 397.34 -45.556 1.3976 0.02105 45792 3766 4892.3 0 0
1.556e+05 0.69402 0.24147 0.86363 -1.3077 0.32048 0 405.2 -46.414 1.396 0.021055 45792 3765 4893.5 0 0
1.557e+05 0.64472 0.2578 0.93208 -1.3639 0.29715 0 389.84 -47.384 1.3943 0.021016 45792 3772 4894.7 0 0
1.558e+05 0.69972 0.26639 0.82989 -1.2654 0.30082 0 393.7 -40.583 1.3926 0.021011 45792 3773 4895.9 0 0
1.559e+05 0.6974 0.27258 0.84269 -1.307 0.3123 0 372.64 -39.484 1.391 0.020983 45792 3778 4897.1 0 0
1.56e+05 0.68067 0.23863 0.78709 -1.4669 0.30773 0 393.83 -47.597 1.3893 0.020955 45792 3783 4898.2 0 0
1.561e+05 0.61674 0.24937 0.83791 -1.4202 0.29383 0 372.21 -49.845 1.3877 0.020889 45792 3795 4899.4 0 0
1.562e+05 0.67452 0.24487 0.87012 -1.2715 0.32071 0 385.79 -46.585 1.386 0.020878 45792 3797 4900.7 0 0
1.563e+05 0.65039 0.24178 0.81942 -1.2372 0.31948 0 388.77 -48.867 1.3844 0.020867 45792 3799 4901.9 0 0
1.564e+05 0.66286 0.24986 0.88025 -1.1328 0.30022 0 389.64 -46.399 1.3827 0.020845 45792 3803 4903.1 0 0
1.565e+05 0.61184 0.24203 0.82538 -1.3565 0.31127 0 393.49 -49.978 1.3811 0.020834 45792 3805 4904.3 0 0
1.566e+05 0.71906 0.23879 0.82624 -1.2756 0.32963 0 390.72 -46.14 1.3794 0.02085 45792 3802 4905.5 0 0
1.567e+05 0.68507 0.2642 0.92188 -1.4836 0.31964 0 408.41 -41.835 1.3778 0.02085 45792 3802 4906.7 0 0
1.568e+05 0.64451 0.24511 0.83439 -1.3205 0.30271 0 382.76 -48.632 1.3762 0.020867 45792 3799 4907.9 0 0
1.569e+05 0.66964 0.2633 0.80259 -1.5021 0.3354 0 383.09 -43.341 1.3745 0.020878 45792 3797 4909.1 0 0
1.57e+05 0.66865 0.25724 0.85446 -1.1714 0.30099 0 374.63 -44.322 1.3729 0.020872 45792 3798 4910.2 0 0
1.571e+05 0.65133 0.26726 0.85143 -1.3197 0.31914 0 393.3 -44.516 1.3712 0.020872 45792 3798 4911.4 0 0
1.572e+05 0.62233 0.26752 0.84418 -1.3662 0.28947 0 395.94 -48.492 1.3696 0.020834 45792 3805 4912.6 0 0
1.573e+05 0.62879 0.25292 0.89307 -1.434 0.31912 0 372.83 -48.574 1.368 0.020823 45792 3807 4913.7 0 0
1.574e+05 0.64337 0.22109 0.82063 -1.1689 0.29414 0 388.22 -49.934 1.3663 0.020785 45792 3814 4915 0 0
1.575e+05 0.62362 0.2676 0.86063 -1.1513 0.34276 0 386.92 -48.129 1.3647 0.020818 45792 3808 4916.2 0 0
1.576e+05 0.63978 0.25587 0.81832 -1.3319 0.31167 0 384.58 -47.289 1.363 0.020807 45792 3810 4917.4 0 0
1.577e+05 0.60952 0.21954 0.79673 -1.3194 0.30489 0 404.22 -49.991 1.3614 0.020807 45792 3810 4918.7 0 0
1.578e+05 0.60183 0.25674 0.81367 -1.4069 0.33009 0 386.59 -49.828 1.3598 0.020807 45792 3810 4919.9 0 0
1.579e+05 0.65403 0.25906 0.83205 -1.6681 0.33547 0 395.24 -44.989 1.3581 0.020796 45792 3812 4921.1 0 0
1.58e+05 0.66753 0.26119 0.85045 -1.2362 0.32942 0 382.83 -43.574 1.3565 0.020769 45792 3817 4922.2 0 0
1.581e+05 0.62403 0.24877 0.86988 -1.3667 0.31958 0 392.96 -48.839 1.3549 0.020752 45792 3820 4923.4 0 0
1.582e+05 0.64148 0.27246 0.8065 -1.3259 0.33229 0 372.46 -44.904 1.3533 0.020763 45792 3818 4924.6 0 0
1.583e+05 0.64657 0.27953 0.85564 -1.168 0.32825 0 381.6 -43.491 1.3516 0.020758 45792 3819 4925.8 0 0
1.584e+05 0.6849 0.29473 0.84184 -1.2424 0.32908 0 369.93 -37.773 1.35 0.020758 45792 3819 4927 0 0
1.585e+05 0.64284 0.29323 0.83 -1.4296 0.31065 0 373.47 -43.487 1.3484 0.020752 45792 3820 4928.1 0 0
1.586e+05 0.63433 0.29922 0.90635 -1.236 0.34082 0 356.54 -45.115 1.3467 0.020747 45792 3821 4929.2 0 0
1.587e+05 0.60489 0.30876 0.87938 -1.2333 0.32305 0 373.94 -49.548 1.3451 0.020741 45792 3822 4930.4 0 0
1.588e+05 0.61336 0.29091 0.80778 -1.4185 0.33254 0 400.72 -48.437 1.3435 0.02072 45792 3826 4931.6 0 0
1.589e+05 0.63639 0.29629 0.86572 -1.3843 0.32125 0 389.66 -44.616 1.3419 0.020703 45792 3829 4932.7 0 0
1.59e+05 0.61242 0.29361 0.84761 -1.5984 0.30276 0 380.48 -48.382 1.3403 0.020693 45792 3831 4933.8 0 0
1.591e+05 0.60715 0.26426 0.78736 -1.333 0.30516 0 370.55 -49.27 1.3386 0.020687 45792 3832 4935 0 0
1.592e+05 0.62203 0.28623 0.83715 -1.348 0.34157 0 383.78 -47.047 1.337 0.020703 45792 3829 4936.2 0 0
1.593e+05 0.61275 0.27062 0.76482 -1.3916 0.36112 0 395.53 -48.473 1.3354 0.020687 45792 3832 4937.4 0 0
1.594e+05 0.6264 0.2962 0.83851 -1.513 0.35612 0 407.32 -45.964 1.3338 0.020687 45792 3832 4938.6 0 0
1.595e+05 0.65442 0.29077 0.8101 -1.361 0.36097 0 388.12 -41.436 1.3322 0.02066 45792 3837 4939.8 0 0
1.596e+05 0.63296 0.29395 0.82697 -1.2871 0.34321 0 385.7 -44.881 1.3305 0.020655 45792 3838 4941 0 0
1.597e+05 0.63171 0.28717 0.83188 -1.3167 0.34574 0 398.53 -45.168 1.3289 0.020639 45792 3841 4942.1 0 0
1.598e+05 0.64652 0.30998 0.88563 -1.5028 0.34401 0 376.41 -42.689 1.3273 0.02065 45792 3839 4943.3 0 0
1.599e+05 0.61408 0.27563 0.83048 -1.2405 0.38505 0 395.6 -47.916 1.3257 0.020639 45792 3841 4944.5 0 0
1.6e+05 0.58998 0.26299 0.80603 -1.2074 0.35855 0 382.62 -49.887 1.3241 0.020639 45792 3841 4945.7 0 0
1.601e+05 0.62308 0.26962 0.80892 -1.4817 0.34983 0 389.46 -46.893 1.3225 0.020612 45792 3846 4946.9 0 0
1.602e+05 0.58854 0.27368 0.81195 -1.1251 0.33817 0 368.27 -49.727 1.3209 0.020575 45792 3853 4948.1 0 0
1.603e+05 0.61591 0.26919 0.86843 -1.3204 0.32278 0 407.1 -47.628 1.3193 0.020559 45792 3856 4949.4 0 0
1.604e+05 0.61093 0.26821 0.85829 -1.2531 0.32876 0 382.1 -48.034 1.3177 0.020553 45792 3857 4950.6 0 0
1.605e+05 0.67112 0.28258 0.8623 -1.3077 0.36801 0 401.92 -39.984 1.3161 0.020516 45792 3864 4951.8 0 0
1.606e+05 0.62701 0.25789 0.83753 -1.2634 0.31294 0 373.11 -47.32 1.3144 0.020479 45792 3871 4953.1 0 0
1.607e+05 0.60823 0.29311 0.82312 -1.2215 0.32452 0 379.16 -48.027 1.3128 0.020468 45792 3873 4954.3 0 0
1.608e+05 0.57649 0.27685 0.78653 -1.2812 0.31133 0 363 -49.829 1.3112 0.020452 45792 3876 4955.6 0 0
1.609e+05 0.61798 0.28558 0.83569 -1.4203 0.30522 0 361.03 -46.451 1.3096 0.020405 45792 3885 4956.8 0 0
1.61e+05 0.61838 0.28889 0.78595 -1.4565 0.30924 0 390.2 -46.311 1.308 0.020384 45792 3889 4958.1 0 0
1.611e+05 0.62228 0.31733 0.78539 -1.212 0.36353 0 389.34 -47.144 1.3064 0.020384 45792 3889 4959.3 0 0
1.612e+05 0.66389 0.29322 0.79958 -0.99589 0.30442 0 371.7 -40.29 1.3048 0.020363 45792 3893 4960.5 0 0
1.613e+05 0.62607 0.31522 0.77028 -1.2356 0.34815 0 349.05 -46.353 1.3032 0.020368 45792 3892 4961.7 0 0
1.614e+05 0.61856 0.31621 0.8865 -1.1366 0.36813 0 368 -47.638 1.3016 0.020353 45792 3895 4962.8 0 0
1.615e+05 0.61691 0.28749 0.80857 -1.1248 0.32538 0 362.97 -46.107 1.3 0.020347 45792 3896 4964 0 0
1.616e+05 0.58781 0.29765 0.79872 -1.1856 0.35259 0 374.96 -49.66 1.2984 0.020363 45792 3893 4965.2 0 0
1.617e+05 0.62849 0.30776 0.82137 -1.0952 0.35873 0 360.87 -45.44 1.2969 0.020358 45792 3894 4966.5 0 0
1.618e+05 0.5883 0.28106 0.85596 -1.2222 0.31898 0 349.38 -49.285 1.2953 0.020347 45792 3896 4967.6 0 0
1.619e+05 0.59562 0.28885 0.83557 -1.2695 0.32765 0 378 -48.679 1.2937 0.020306 45792 3904 4968.9 0 0
1.62e+05 0.65641 0.28281 0.82058 -1.2777 0.34844 0 373.67 -41.087 1.2921 0.020301 45792 3905 4970.1 0 0
1.621e+05 0.67774 0.24967 0.86869 -1.3714 0.36732 0 346.09 -44.717 1.2905 0.020301 45792 3905 4971.3 0 0
1.622e+05 0.69905 0.25005 0.83231 -1.2757 0.3487 0 363.09 -43.901 1.2889 0.020295 45792 3906 4972.4 0 0
1.623e+05 0.65721 0.25428 0.83422 -1.2837 0.33609 0 352.16 -44.772 1.2873 0.020295 45792 3906 4973.6 0 0
1.624e+05 0.65492 0.28249 0.87458 -1.2684 0.36286 0 354.12 -41.112 1.2857 0.020295 45792 3906 4974.8 0 0
1.625e+05 0.62358 0.27323 0.79612 -1.2283 0.37173 0 341.69 -45.465 1.2841 0.020295 45792 3906 4975.9 0 0
1.626e+05 0.66387 0.27961 0.9146 -1.3631 0.33204 0 373.78 -40.577 1.2825 0.02029 45792 3907 4977.1 0 0
1.627e+05 0.59753 0.27975 0.81732 -1.1732 0.33965 0 360.93 -48.36 1.281 0.020306 45792 3904 4978.3 0 0
1.628e+05 0.6263 0.27905 0.79299 -1.3089 0.31908 0 367.74 -44.73 1.2794 0.020306 45792 3904 4979.4 0 0
1.629e+05 0.73885 0.25839 0.90733 -1.2267 0.34661 0 370.84 -41.762 1.2778 0.020295 45792 3906 4980.6 0 0
1.63e+05 0.67728 0.28954 0.88913 -1.3217 0.34757 0 378.97 -38.756 1.2762 0.020337 45792 3898 4981.7 0 0
1.631e+05 0.66813 0.28532 0.8228 -1.2017 0.34419 0 380.91 -39.758 1.2746 0.020301 45792 3905 4982.9 0 0
1.632e+05 0.69008 0.26459 0.90089 -1.1718 0.34797 0 379.78 -40.987 1.2731 0.020269 45792 3911 4984 0 0
1.633e+05 0.72471 0.228 0.87772 -1.2578 0.31625 0 376.02 -48.345 1.2715 0.020259 45792 3913 4985.1 0 0
1.634e+05 0.70594 0.22412 0.87755 -1.1787 0.34783 0 384.83 -48.982 1.2699 0.020218 45792 3921 4986.3 0 0
1.635e+05 0.71024 0.29309 0.81441 -0.98193 0.33358 0 374.41 -35.737 1.2683 0.020238 45792 3917 4987.5 0 0
1.636e+05 0.71008 0.2595 0.8709 -1.2536 0.31714 0 374.13 -41.476 1.2667 0.020218 45792 3921 4988.6 0 0
1.637e+05 0.61725 0.27765 0.86759 -1.0374 0.33212 0 382.81 -45.847 1.2652 0.020207 45792 3923 4989.8 0 0
1.638e+05 0.64196 0.23504 0.91532 -1.3353 0.3394 0 385.7 -48.895 1.2636 0.020207 45792 3923 4991 0 0
1.639e+05 0.65421 0.27289 0.86088 -1.0569 0.32562 0 367.9 -41.886 1.262 0.020187 45792 3927 4992.2 0 0
1.64e+05 0.6775 0.24451 0.84929 -1.1334 0.31362 0 395.62 -45.172 1.2605 0.020182 45792 3928 4993.3 0 0
1.641e+05 0.62695 0.284 0.84304 -1.0042 0.30171 0 357.52 -44.323 1.2589 0.020182 45792 3928 4994.4 0 0
1.642e+05 0.66612 0.28583 0.86705 -1.6058 0.3314 0 384.51 -39.691 1.2573 0.020171 45792 3930 4995.6 0 0
1.643e+05 0.63813 0.28403 0.86847 -1.3063 0.31849 0 361.24 -42.586 1.2557 0.020171 45792 3930 4996.8 0 0
1.644e+05 0.6273 0.29347 0.83208 -1.3693 0.33965 0 387.04 -44.257 1.2542 0.020182 45792 3928 4998 0 0
1.645e+05 0.65715 0.32272 0.89064 -1.209 0.33118 0 361.91 -39.936 1.2526 0.020182 45792 3928 4999.2 0 0
1.646e+05 0.6526 0.29413 0.85559 -1.231 0.35571 0 369.25 -40.635 1.251 0.020146 45792 3935 5000.5 0 0
1.647e+05 0.66971 0.28861 0.85011 -1.4485 0.3139 0 398.64 -39.189 1.2495 0.020146 45792 3935 5001.6 0 0
1.648e+05 0.72332 0.25916 0.84441 -1.3524 0.31711 0 361.1 -41.544 1.2479 0.0201 45792 3944 5002.8 0 0
1.649e+05 0.65769 0.24843 0.85093 -1.2463 0.34645 0 374.17 -45.176 1.2463 0.020105 45792 3943 5004 0 0
1.65e+05 0.69712 0.25218 0.92442 -1.3461 0.33012 0 377.3 -42.837 1.2448 0.02009 45792 3946 5005.1 0 0
1.651e+05 0.65984 0.23738 0.88178 -1.2083 0.30559 0 385.41 -47.582 1.2432 0.020069 45792 3950 5006.2 0 0
1.652e+05 0.67337 0.28129 0.86313 -0.99397 0.37168 0 399.5 -39.079 1.2417 0.020079 45792 3948 5007.3 0 0
1.653e+05 0.60629 0.29519 0.77545 -0.91657 0.32784 0 369.51 -47.083 1.2401 0.020074 45792 3949 5008.5 0 0
1.654e+05 0.73432 0.27199 0.90272 -1.1497 0.34484 0 385.24 -38.274 1.2385 0.020079 45792 3948 5009.6 0 0
1.655e+05 0.65344 0.2686 0.8274 -1.232 0.32753 0 372.29 -41.885 1.237 0.020064 45792 3951 5010.7 0 0
1.656e+05 0.63581 0.27081 0.82892 -1.0091 0.31396 0 381.97 -43.527 1.2354 0.020059 45792 3952 5011.8 0 0
1.657e+05 0.66485 0.24653 0.9231 -1.1792 0.34941 0 391.74 -44.815 1.2339 0.020029 45792 3958 5012.9 0 0
1.658e+05 0.68369 0.25818 0.89636 -1.2114 0.29785 0 374.75 -41.627 1.2323 0.020024 45792 3959 5014.1 0 0
1.659e+05 0.64969 0.27621 0.90883 -1.453 0.31785 0 372.27 -41.369 1.2308 0.019988 45792 3966 5015.2 0 0
1.66e+05 0.72028 0.24359 0.87757 -1.2998 0.34889 0 368.02 -44.469 1.2292 0.019973 45792 3969 5016.3 0 0
1.661e+05 0.67744 0.2628 0.89214 -1.105 0.31406 0 377.81 -40.914 1.2277 0.019958 45792 3972 5017.4 0 0
1.662e+05 0.68401 0.28415 0.86315 -1.4726 0.33561 0 366.37 -37.969 1.2261 0.019943 45792 3975 5018.5 0 0
1.663e+05 0.68177 0.28467 0.88132 -1.3927 0.3343 0 372.79 -38.058 1.2246 0.019938 45792 3976 5019.6 0 0
1.664e+05 0.65024 0.27862 0.91005 -1.2051 0.33706 0 358.04 -40.859 1.223 0.019928 45792 3978 5020.7 0 0
1.665e+05 0.62843 0.29176 0.85389 -1.2771 0.33129 0 377.99 -43.338 1.2215 0.019938 45792 3976 5021.9 0 0
1.666e+05 0.65327 0.28758 0.86507 -1.2457 0.31304 0 367.13 -40.073 1.2199 0.019913 45792 3981 5023.1 0 0
1.667e+05 0.66676 0.28233 0.91902 -1.1724 0.30245 0 351.85 -38.982 1.2184 0.019893 45792 3985 5024.3 0 0
1.668e+05 0.65058 0.2714 0.86699 -1.2905 0.31365 0 370.42 -41.475 1.2168 0.019873 45792 3989 5025.4 0 0
1.669e+05 0.66603 0.29222 0.88823 -1.2922 0.34664 0 370.08 -38.954 1.2153 0.019848 45792 3994 5026.5 0 0
1.67e+05 0.67212 0.28612 0.92182 -1.1492 0.32316 0 392.7 -38.465 1.2137 0.019853 45792 3993 5027.7 0 0
1.671e+05 0.60991 0.31044 0.82221 -1.4037 0.32956 0 367.61 -45.686 1.2122 0.019858 45792 3992 5028.8 0 0
1.672e+05 0.60598 0.33511 0.83582 -1.127 0.33754 0 376.13 -42.683 1.2106 0.019863 45792 3991 5029.9 0 0
1.673e+05 0.6806 0.2885 0.85745 -1.3794 0.32467 0 372.98 -37.786 1.2091 0.019843 45792 3995 5031.1 0 0
1.674e+05 0.68176 0.25501 0.87233 -1.3208 0.3253 0 393.35 -42.245 1.2076 0.019833 45792 3997 5032.2 0 0
1.675e+05 0.64721 0.29937 0.84697 -1.4331 0.34953 0 386.71 -40.536 1.206 0.019833 45792 3997 5033.4 0 0
1.676e+05 0.62719 0.28796 0.833 -1.1329 0.34831 0 387.36 -42.777 1.2045 0.019828 45792 3998 5034.5 0 0
1.677e+05 0.66832 0.30396 0.83792 -1.2909 0.33925 0 383.12 -38.493 1.2029 0.019833 45792 3997 5035.6 0 0
1.678e+05 0.62 0.26517 0.8229 -1.3388 0.30503 0 381.15 -45.219 1.2014 0.019823 45792 3999 5036.7 0 0
1.679e+05 0.6135 0.29764 0.82112 -1.239 0.33217 0 372.53 -44.641 1.1999 0.019809 45792 4002 5037.8 0 0
1.68e+05 0.60927 0.28099 0.83111 -1.3285 0.35584 0 388.84 -45.52 1.1983 0.019804 45792 4003 5039 0 0
1.681e+05 0.65822 0.29677 0.85453 -1.4771 0.30777 0 401.12 -39.007 1.1968 0.019794 45792 4005 5040.1 0 0
1.682e+05 0.63418 0.27213 0.86932 -1.0129 0.33254 0 373.6 -42.338 1.1953 0.019794 45792 4005 5041.3 0 0
1.683e+05 0.67597 0.28825 0.84368 -1.1228 0.32193 0 386.82 -37.897 1.1937 0.019784 45792 4007 5042.4 0 0
1.684e+05 0.66488 0.26349 0.73811 -1.1478 0.34637 0 378.41 -40.694 1.1922 0.019789 45792 4006 5043.5 0 0
1.685e+05 0.63533 0.31435 0.85782 -1.1635 0.34281 0 389.85 -42.513 1.1907 0.019789 45792 4006 5044.7 0 0
1.686e+05 0.70719 0.30416 0.8392 -1.2758 0.30924 0 367.25 -34.988 1.1892 0.019789 45792 4006 5045.8 0 0
1.687e+05 0.60739 0.30323 0.84337 -1.2846 0.32518 0 359.65 -45.284 1.1876 0.019774 45792 4009 5046.9 0 0
1.688e+05 0.67477 0.30111 0.87542 -1.4811 0.34358 0 382.79 -37.516 1.1861 0.019759 45792 4012 5048 0 0
1.689e+05 0.65241 0.32654 0.90867 -1.1919 0.35341 0 357.29 -38.951 1.1846 0.019754 45792 4013 5049.1 0 0
1.69e+05 0.65568 0.31502 0.89447 -1.1381 0.3438 0 387.73 -39.667 1.183 0.019739 45792 4016 5050.1 0 0
1.691e+05 0.69551 0.29255 0.94466 -1.1134 0.3441 0 393.44 -36.159 1.1815 0.019749 45792 4014 5051.3 0 0
1.692e+05 0.67981 0.31013 0.90156 -1.2529 0.35231 0 399.98 -36.933 1.18 0.019754 45792 4013 5052.3 0 0
1.693e+05 0.67261 0.31007 0.88223 -1.4009 0.30493 0 401.44 -37.665 1.1785 0.019749 45792 4014 5053.4 0 0
1.694e+05 0.67436 0.28696 0.80186 -1.4944 0.32362 0 403.63 -37.573 1.1769 0.019754 45792 4013 5054.5 0 0
1.695e+05 0.71255 0.30588 0.93593 -1.342 0.32973 0 397.36 -34.294 1.1754 0.019769 45792 4010 5055.5 0 0
1.696e+05 0.69848 0.29371 0.91378 -1.1045 0.33889 0 390.14 -35.75 1.1739 0.019769 45792 4010 5056.5 0 0
1.697e+05 0.7208 0.27841 0.95513 -1.2614 0.35796 0 390.8 -37.175 1.1724 0.019769 45792 4010 5057.5 0 0
1.698e+05 0.71198 0.2842 0.9252 -1.2275 0.35864 0 383.04 -36.235 1.1709 0.019759 45792 4012 5058.6 0 0
1.699e+05 0.71158 0.26233 0.94165 -1.2972 0.33326 0 396.26 -39.911 1.1694 0.019744 45792 4015 5059.7 0 0
1.7e+05 0.69219 0.25077 0.95551 -1.3402 0.33615 0 389.2 -42.246 1.1678 0.01973 45792 4018 5060.9 0 0
1.701e+05 0.66731 0.25882 0.92512 -1.234 0.33078 0 370.74 -41.243 1.1663 0.019735 45792 4017 5062.2 0 0
1.702e+05 0.68031 0.3004 0.88276 -1.3791 0.37051 0 380.55 -36.73 1.1648 0.01971 45792 4022 5063.3 0 0
1.703e+05 0.75457 0.25657 0.98214 -1.2499 0.31156 0 371.42 -41.472 1.1633 0.019715 45792 4021 5064.4 0 0
1.704e+05 0.76777 0.26114 0.94361 -1.476 0.32247 0 368.11 -38.881 1.1618 0.019739 45792 4016 5065.6 0 0
1.705e+05 0.70414 0.241 0.9049 -0.94016 0.33615 0 359.44 -44.845 1.1603 0.019735 45792 4017 5066.7 0 0
1.706e+05 0.71682 0.26364 0.92961 -1.2978 0.32977 0 373.58 -39.678 1.1588 0.019739 45792 4016 5067.8 0 0
1.707e+05 0.71212 0.27706 0.92333 -1.2076 0.31501 0 369.55 -37.172 1.1572 0.019739 45792 4016 5068.9 0 0
1.708e+05 0.73009 0.24393 0.91458 -1.4533 0.29388 0 378.08 -44.329 1.1557 0.019744 45792 4015 5070 0 0
1.709e+05 0.6959 0.29744 0.89544 -1.2869 0.32101 0 366.09 -35.632 1.1542 0.019725 45792 4019 5071 0 0
1.71e+05 0.65042 0.31714 0.87804 -1.4547 0.3327 0 390.94 -39.765 1.1527 0.01972 45792 4020 5072.1 0 0
1.711e+05 0.69554 0.32155 0.88776 -1.145 0.29455 0 379.76 -35.171 1.1512 0.019695 45792 4025 5073.2 0 0
1.712e+05 0.65954 0.28224 0.84145 -1.5006 0.33862 0 388.07 -38.288 1.1497 0.019676 45792 4029 5074.3 0 0
1.713e+05 0.67815 0.28093 0.93431 -1.3983 0.34342 0 370.01 -37.352 1.1482 0.019642 45792 4036 5075.4 0 0
1.714e+05 0.68687 0.24537 0.8798 -1.2797 0.32443 0 360.07 -43.577 1.1467 0.019632 45792 4038 5076.5 0 0
1.715e+05 0.65469 0.30785 0.86989 -1.0924 0.313 0 383.06 -38.759 1.1452 0.019642 45792 4036 5077.7 0 0
1.716e+05 0.69689 0.31371 0.9236 -1.3309 0.33824 0 392.44 -35.07 1.1437 0.019632 45792 4038 5078.7 0 0
1.717e+05 0.64655 0.26272 0.87065 -1.2817 0.33272 0 358.05 -41.86 1.1422 0.019622 45792 4040 5079.8 0 0
1.718e+05 0.67259 0.29404 0.94848 -1.2536 0.31122 0 393.23 -37.204 1.1407 0.019617 45792 4041 5080.9 0 0
1.719e+05 0.72005 0.2645 0.92799 -1.2181 0.31782 0 368.64 -39.285 1.1392 0.019613 45792 4042 5082 0 0
1.72e+05 0.7164 0.27343 0.96603 -1.3439 0.35504 0 376.48 -37.583 1.1377 0.019598 45792 4045 5083.1 0 0
1.721e+05 0.69123 0.26347 0.91392 -1.412 0.32631 0 368.5 -39.021 1.1362 0.019608 45792 4043 5084.2 0 0
1.722e+05 0.6861 0.21474 0.93055 -1.1711 0.35094 0 372.65 -49.84 1.1347 0.019603 45792 4044 5085.3 0 0
1.723e+05 0.70856 0.27129 0.99947 -1.0682 0.30464 0 390.29 -37.537 1.1332 0.019613 45792 4042 5086.4 0 0
1.724e+05 0.69 0.24514 0.90533 -1.3232 0.33154 0 392.88 -43.196 1.1317 0.019608 45792 4043 5087.6 0 0
1.725e+05 0.71256 0.26115 0.9433 -1.4936 0.33036 0 387.88 -39.485 1.1302 0.019599 45792 4045 5088.7 0 0
1.726e+05 0.68088 0.24748 0.94046 -1.3192 0.35706 0 379.18 -43.097 1.1287 0.019599 45793 4045 5089.9 0 0
1.727e+05 0.70172 0.23396 0.92171 -1.3022 0.33513 0 377.59 -46.197 1.1272 0.019609 45793 4043 5091 0 0
1.728e+05 0.61428 0.28919 0.85414 -1.4203 0.32602 0 409.35 -43.084 1.1257 0.019599 45793 4045 5092.2 0 0
1.729e+05 0.6622 0.30074 0.89457 -1.5056 0.32081 0 377.3 -37.773 1.1243 0.019594 45793 4046 5093.3 0 0
1.73e+05 0.68608 0.30438 0.91805 -1.5017 0.33693 0 421.57 -35.924 1.1228 0.019594 45793 4046 5094.3 0 0
1.731e+05 0.69796 0.27788 0.90357 -1.326 0.32386 0 378.15 -36.497 1.1213 0.019585 45793 4048 5095.4 0 0
1.732e+05 0.68231 0.25671 0.93015 -1.502 0.31555 0 384.15 -40.647 1.1198 0.01957 45793 4051 5096.5 0 0
1.733e+05 0.69631 0.24259 0.93273 -1.3796 0.3259 0 380.87 -43.75 1.1183 0.019566 45793 4052 5097.6 0 0
1.734e+05 0.69972 0.2378 0.90112 -1.4039 0.32305 0 390.43 -44.933 1.1168 0.019561 45793 4053 5098.7 0 0
1.735e+05 0.67741 0.23258 0.93982 -1.3568 0.32422 0 404.45 -47 1.1153 0.019556 45793 4054 5100 0 0
1.736e+05 0.72127 0.28254 0.96563 -1.4296 0.33639 0 385.33 -36.087 1.1139 0.019546 45793 4056 5101.1 0 0
1.737e+05 0.70029 0.241 0.8967 -1.1676 0.32801 0 395.89 -43.853 1.1124 0.019561 45793 4053 5102.2 0 0
1.738e+05 0.65052 0.27148 0.92009 -1.323 0.31243 0 378.05 -39.828 1.1109 0.019546 45793 4056 5103.4 0 0
1.739e+05 0.65848 0.26563 0.87123 -1.1813 0.31249 0 375.85 -39.773 1.1094 0.019522 45793 4061 5104.6 0 0
1.74e+05 0.67091 0.22432 0.89644 -1.126 0.30916 0 386.53 -48.79 1.1079 0.019518 45793 4062 5105.9 0 0
1.741e+05 0.69386 0.26021 0.90597 -1.3914 0.29521 0 385.21 -39.039 1.1064 0.019503 45793 4065 5107.1 0 0
1.742e+05 0.69827 0.26221 0.91443 -1.0144 0.31881 0 356.12 -38.435 1.105 0.019494 45793 4067 5108.2 0 0
1.743e+05 0.63891 0.30709 0.80993 -1.2287 0.3161 0 379.74 -39.262 1.1035 0.019498 45794 4066 5109.2 0 0
1.744e+05 0.73126 0.29134 0.87895 -1.1786 0.32811 0 384.77 -34.513 1.102 0.019498 45794 4066 5110.3 0 0
1.745e+05 0.68658 0.29131 0.89605 -1.1619 0.312 0 363.65 -35.963 1.1006 0.019498 45795 4066 5111.4 0 0
1.746e+05 0.67804 0.28849 0.84634 -1.2598 0.29606 0 403.81 -36.559 1.0991 0.019503 45795 4065 5112.4 0 0
1.747e+05 0.69616 0.31279 0.9128 -1.4236 0.30274 0 384.93 -34.922 1.0976 0.019489 45795 4068 5113.4 0 0
1.748e+05 0.68204 0.29097 0.94559 -1.3911 0.32103 0 399.09 -36.148 1.0962 0.019508 45795 4064 5114.5 0 0
1.749e+05 0.73079 0.27616 0.88918 -1.4749 0.31286 0 389.3 -36.579 1.0947 0.019498 45795 4066 5115.6 0 0
1.75e+05 0.71488 0.25509 0.89951 -1.3547 0.29862 0 371.81 -40.315 1.0932 0.019508 45795 4064 5116.7 0 0
1.751e+05 0.68529 0.26041 0.90662 -1.2663 0.29055 0 401.29 -39.05 1.0917 0.019484 45795 4069 5117.8 0 0
1.752e+05 0.70732 0.31377 0.86104 -1.362 0.31898 0 387.09 -33.914 1.0903 0.019469 45795 4072 5118.8 0 0
1.753e+05 0.66954 0.27762 0.81737 -1.3497 0.32681 0 383.43 -37.309 1.0888 0.01946 45795 4074 5119.9 0 0
1.754e+05 0.74192 0.29165 0.93779 -1.2565 0.30885 0 389.82 -33.878 1.0873 0.019474 45795 4071 5120.9 0 0
1.755e+05 0.67247 0.27682 0.88391 -1.3652 0.30957 0 393.09 -37.221 1.0859 0.019479 45795 4070 5122 0 0
1.756e+05 0.75765 0.26965 0.93834 -1.239 0.3149 0 417.1 -37.393 1.0844 0.019484 45795 4069 5123.1 0 0
1.757e+05 0.76935 0.24285 0.93385 -1.3803 0.31555 0 388.22 -42.789 1.0829 0.019498 45795 4066 5124.2 0 0
1.758e+05 0.74788 0.27681 0.93363 -1.3817 0.33425 0 369.15 -36.203 1.0815 0.019503 45796 4065 5125.3 0 0
1.759e+05 0.75332 0.24231 0.96616 -1.4222 0.35169 0 396.29 -43.945 1.08 0.019489 45796 4068 5126.4 0 0
1.76e+05 0.7122 0.28838 0.96194 -1.1037 0.33703 0 372.59 -34.731 1.0785 0.019493 45796 4067 5127.5 0 0
1.761e+05 0.7487 0.25615 0.99824 -1.2619 0.31497 0 383.38 -40.823 1.0771 0.019498 45796 4066 5128.6 0 0
1.762e+05 0.70237 0.29154 0.88801 -1.2683 0.31037 0 389.15 -34.642 1.0756 0.019508 45796 4064 5129.7 0 0
1.763e+05 0.75201 0.24054 1.0345 -1.2944 0.31888 0 378.52 -44.292 1.0742 0.019508 45796 4064 5130.9 0 0
1.764e+05 0.75144 0.24134 0.97257 -1.2521 0.32246 0 389.07 -44.017 1.0727 0.019508 45796 4064 5132 0 0
1.765e+05 0.74271 0.2512 0.91612 -1.097 0.31826 0 387.31 -41.475 1.0712 0.019484 45796 4069 5133.3 0 0
1.766e+05 0.77717 0.23619 1.0191 -1.2497 0.34276 0 387.25 -43.035 1.0698 0.019484 45796 4069 5134.4 0 0
1.767e+05 0.76187 0.2539 1.0145 -1.4728 0.32889 0 385.39 -40.671 1.0683 0.019474 45796 4071 5135.6 0 0
1.768e+05 0.73815 0.2651 0.94924 -1.2476 0.32938 0 389.43 -38.121 1.0669 0.01946 45796 4074 5136.8 0 0
1.769e+05 0.75392 0.22162 0.98797 -1.2825 0.30152 0 372.19 -47.526 1.0654 0.01945 45796 4076 5138 0 0
1.77e+05 0.76907 0.20856 0.98513 -1.2447 0.32972 0 390.88 -48.715 1.064 0.01945 45796 4076 5139.3 0 0
1.771e+05 0.77158 0.24347 1.0195 -1.2792 0.31633 0 400.93 -42.112 1.0625 0.019417 45796 4083 5140.6 0 0
1.772e+05 0.72661 0.23718 1.0163 -1.3072 0.31463 0 382.11 -44.519 1.061 0.019412 45796 4084 5141.7 0 0
1.773e+05 0.7707 0.22746 1.1393 -1.2284 0.30297 0 402.94 -44.986 1.0596 0.019417 45796 4083 5142.8 0 0
1.774e+05 0.75318 0.23869 1.0996 -1.4762 0.31786 0 379.07 -43.899 1.0581 0.019407 45796 4085 5144 0 0
1.775e+05 0.78725 0.24586 1.1049 -1.2155 0.31839 0 381.6 -39.487 1.0567 0.019422 45796 4082 5145.2 0 0
1.776e+05 0.76479 0.24001 1.097 -1.4361 0.3055 0 384.15 -42.68 1.0552 0.019417 45797 4083 5146.3 0 0
1.777e+05 0.80697 0.23772 1.0949 -1.2165 0.3123 0 388.55 -37.685 1.0538 0.019426 45797 4081 5147.4 0 0
1.778e+05 0.77876 0.21248 1.0557 -1.3721 0.33196 0 391.12 -47.663 1.0523 0.019393 45797 4088 5148.7 0 0
1.779e+05 0.79559 0.23056 1.0769 -1.3516 0.32332 0 396.43 -41.566 1.0509 0.019355 45797 4096 5149.9 0 0
1.78e+05 0.81413 0.24072 1.15 -1.1948 0.31769 0 399.06 -35.355 1.0495 0.01936 45797 4095 5151.1 0 0
1.781e+05 0.76506 0.2393 1.0901 -1.2818 0.32246 0 377.89 -42.46 1.048 0.019322 45797 4103 5152.3 0 0
1.782e+05 0.73517 0.20503 1.0798 -1.3766 0.33129 0 378.47 -49.823 1.0466 0.019304 45797 4107 5153.5 0 0
1.783e+05 0.71573 0.24341 1.0589 -1.3978 0.31742 0 385.63 -42.685 1.0451 0.019318 45797 4104 5154.8 0 0
1.784e+05 0.75726 0.22118 0.99682 -1.2374 0.3142 0 405.48 -46.606 1.0437 0.019304 45797 4107 5156 0 0
1.785e+05 0.70818 0.24153 0.98345 -1.5289 0.31414 0 394.22 -43.142 1.0422 0.019313 45797 4105 5157.3 0 0
1.786e+05 0.75856 0.20883 1.0536 -1.417 0.32043 0 385.41 -48.863 1.0408 0.019304 45797 4107 5158.5 0 0
1.787e+05 0.77727 0.22247 0.91662 -1.257 0.3212 0 378.33 -44.562 1.0393 0.019299 45797 4108 5159.8 0 0
1.788e+05 0.76903 0.20805 1.0814 -1.0095 0.32903 0 382.14 -48.317 1.0379 0.019299 45797 4108 5161 0 0
1.789e+05 0.73915 0.25078 1.1187 -1.3588 0.3116 0 400.47 -40.948 1.0365 0.019294 45797 4109 5162.2 0 0
1.79e+05 0.75676 0.24712 1.073 -1.5364 0.32342 0 392.05 -41.353 1.035 0.019289 45798 4110 5163.5 0 0
1.791e+05 0.74739 0.27356 0.97539 -1.4031 0.34232 0 399.21 -36.434 1.0336 0.01928 45798 4112 5164.6 0 0
1.792e+05 0.74311 0.25034 0.93871 -1.2687 0.36218 0 409.32 -40.8 1.0322 0.019266 45798 4115 5165.8 0 0
1.793e+05 0.73491 0.24469 0.9597 -1.1807 0.30046 0 382.06 -42.048 1.0307 0.019285 45798 4111 5167 0 0
1.794e+05 0.7823 0.22607 1.0635 -1.3264 0.30647 0 388.97 -43.261 1.0293 0.019289 45798 4110 5168.2 0 0
1.795e+05 0.74507 0.24514 1.0918 -1.2598 0.31957 0 371.53 -41.686 1.0278 0.019271 45798 4114 5169.4 0 0
1.796e+05 0.74783 0.22177 0.98373 -1.2935 0.32061 0 391.07 -46.616 1.0264 0.019271 45798 4114 5170.6 0 0
1.797e+05 0.72834 0.23077 0.89765 -1.3338 0.30881 0 400.94 -45.471 1.025 0.019257 45798 4117 5171.8 0 0
1.798e+05 0.73558 0.26407 1.0338 -1.2301 0.31026 0 405.61 -37.99 1.0235 0.019252 45798 4118 5173 0 0
1.799e+05 0.74557 0.22516 0.98047 -1.299 0.3337 0 377.31 -45.806 1.0221 0.019275 45798 4113 5174.2 0 0
1.8e+05 0.73533 0.2335 1.0388 -1.2531 0.31483 0 386.16 -44.305 1.0207 0.019275 45798 4113 5175.4 0 0
1.801e+05 0.72969 0.24023 1.0213 -1.2595 0.34126 0 385.24 -42.919 1.0192 0.019261 45798 4116 5176.6 0 0
1.802e+05 0.70601 0.27612 0.96398 -1.0099 0.30166 0 389.67 -35.74 1.0178 0.019247 45798 4119 5177.8 0 0
1.803e+05 0.73696 0.25916 1.0722 -1.3024 0.31414 0 402.39 -38.671 1.0164 0.019261 45798 4116 5179 0 0
1.804e+05 0.74218 0.25164 1.0315 -1.4693 0.33062 0 385.19 -40.006 1.015 0.019252 45799 4117 5180.2 0 0
1.805e+05 0.74425 0.22109 1.0179 -1.3183 0.30398 0 384.05 -46.558 1.0136 0.019248 45799 4118 5181.4 0 0
1.806e+05 0.75545 0.25238 1.1526 -1.2534 0.32976 0 397.88 -39.815 1.0121 0.019225 45799 4123 5182.6 0 0
1.807e+05 0.76372 0.24727 1.0707 -1.0882 0.31524 0 398.06 -40.404 1.0107 0.019215 45799 4125 5183.8 0 0
1.808e+05 0.7213 0.24168 0.99427 -1.3722 0.30474 0 387.98 -42.323 1.0093 0.019206 45799 4127 5184.8 0 0
1.809e+05 0.70418 0.26939 1.1053 -0.97929 0.3182 0 378.65 -36.689 1.0079 0.019206 45799 4127 5185.9 0 0
1.81e+05 0.71401 0.24856 0.99762 -1.1012 0.33608 0 371.94 -40.738 1.0064 0.019197 45799 4129 5187 0 0
1.811e+05 0.72425 0.27529 1.0824 -1.2527 0.35488 0 388.75 -36.191 1.005 0.019192 45799 4130 5188.1 0 0
1.812e+05 0.76668 0.24748 1.0724 -1.3868 0.29539 0 380.43 -40.143 1.0036 0.019187 45799 4131 5189.2 0 0
1.813e+05 0.72572 0.26357 0.99747 -1.4258 0.32664 0 382.94 -37.861 1.0022 0.01922 45799 4124 5190.3 0 0
1.814e+05 0.73014 0.2368 1.0385 -1.5327 0.30518 0 379.67 -43.358 1.0007 0.01922 45799 4124 5191.4 0 0
1.815e+05 0.73202 0.23856 1.046 -1.2425 0.30754 0 389.67 -42.797 0.99932 0.019215 45799 4125 5192.6 0 0
1.816e+05 0.74385 0.26124 1.0822 -1.1248 0.31524 0 394.59 -37.778 0.9979 0.01922 45799 4124 5193.7 0 0
1.817e+05 0.74679 0.26423 1.0643 -1.2849 0.32834 0 398.84 -37.282 0.99648 0.01922 45799 4124 5194.8 0 0
1.818e+05 0.72438 0.23704 1.0383 -1.1913 0.33506 0 372.73 -43.325 0.99506 0.019234 45799 4121 5195.9 0 0
1.819e+05 0.72908 0.20916 1.0598 -1.4832 0.31558 0 392 -49.398 0.99365 0.01922 45799 4124 5197.1 0 0
1.82e+05 0.70985 0.20747 0.97301 -1.3018 0.29799 0 390.49 -49.706 0.99223 0.019225 45799 4123 5198.4 0 0
1.821e+05 0.70091 0.21385 1.0257 -1.1598 0.32956 0 385.41 -49.465 0.99082 0.019206 45799 4127 5199.7 0 0
1.822e+05 0.77518 0.23767 1.0711 -1.1868 0.30161 0 398.57 -41.494 0.9894 0.019211 45799 4126 5200.9 0 0
1.823e+05 0.74531 0.22465 1.001 -1.3844 0.32521 0 375.92 -45.237 0.98799 0.019211 45799 4126 5202.2 0 0
1.824e+05 0.72375 0.23415 1.0307 -1.3371 0.31087 0 406.65 -43.774 0.98657 0.019215 45799 4125 5203.4 0 0
1.825e+05 0.70486 0.25037 1.0478 -1.0306 0.34125 0 385.11 -40.153 0.98516 0.019215 45799 4125 5204.6 0 0
1.826e+05 0.7151 0.21328 1.0332 -1.2802 0.31947 0 403.49 -49.123 0.98375 0.019201 45799 4128 5205.8 0 0
1.827e+05 0.7939 0.23213 0.97858 -1.3706 0.32685 0 398.44 -41.142 0.98234 0.019225 45799 4123 5207.1 0 0
1.828e+05 0.71829 0.21367 0.97451 -1.2114 0.32741 0 408.5 -48.661 0.98093 0.019206 45799 4127 5208.3 0 0
1.829e+05 0.76862 0.20658 0.96115 -1.3064 0.30737 0 387.43 -48.141 0.97952 0.019183 45799 4132 5209.6 0 0
1.83e+05 0.73336 0.22414 1.0524 -1.5147 0.31031 0 399.78 -45.266 0.97811 0.01916 45799 4137 5210.8 0 0
1.831e+05 0.71801 0.2645 1.032 -1.3003 0.35069 0 404.28 -37.469 0.97671 0.019155 45799 4138 5212 0 0
1.832e+05 0.70816 0.2565 0.94734 -1.3032 0.35432 0 394.28 -38.788 0.9753 0.01915 45799 4139 5213.2 0 0
1.833e+05 0.74458 0.26438 1.0299 -1.3134 0.30907 0 384.67 -37.061 0.97389 0.019095 45799 4151 5214.3 0 0
1.834e+05 0.74415 0.27388 1.0813 -1.3533 0.33613 0 380.41 -35.703 0.97249 0.01909 45799 4152 5215.4 0 0
1.835e+05 0.78102 0.28374 1.0866 -1.2794 0.32092 0 386.37 -30.836 0.97108 0.019072 45799 4156 5216.5 0 0
1.836e+05 0.72491 0.26179 1.0471 -1.2143 0.29909 0 391.74 -37.893 0.96968 0.019058 45799 4159 5217.5 0 0
1.837e+05 0.78529 0.26562 1.0353 -1.3029 0.30639 0 389.31 -34.836 0.96827 0.01904 45799 4163 5218.5 0 0
1.838e+05 0.7612 0.28705 1.0412 -1.184 0.33277 0 385.41 -32.768 0.96687 0.01904 45799 4163 5219.6 0 0
1.839e+05 0.76176 0.26422 1.016 -1.2193 0.3086 0 363.67 -36.64 0.96547 0.019013 45799 4169 5220.6 0 0
1.84e+05 0.75287 0.29148 1.029 -1.3979 0.31462 0 386.96 -32.966 0.96407 0.018985 45799 4175 5221.7 0 0
1.841e+05 0.71678 0.28263 0.99553 -1.2466 0.32334 0 359.93 -35.118 0.96267 0.018976 45799 4177 5222.7 0 0
1.842e+05 0.71452 0.2446 1.0336 -1.1718 0.33694 0 382.09 -41.261 0.96127 0.018967 45799 4179 5223.7 0 0
1.843e+05 0.73871 0.27573 0.97652 -1.0762 0.32459 0 389.63 -35.272 0.95987 0.018935 45799 4186 5224.8 0 0
1.844e+05 0.72648 0.2793 0.95714 -1.3415 0.32438 0 390.4 -35.166 0.95847 0.018908 45799 4192 5225.8 0 0
1.845e+05 0.72223 0.27186 0.95591 -1.4427 0.30503 0 381.02 -36.114 0.95708 0.018904 45799 4193 5227 0 0
1.846e+05 0.76974 0.24283 1.0311 -1.2309 0.32407 0 392.18 -40.019 0.95569 0.018899 45799 4194 5228 0 0
1.847e+05 0.76725 0.26144 1.0152 -1.169 0.33681 0 401.76 -36.59 0.95429 0.018895 45799 4195 5229.2 0 0
1.848e+05 0.76121 0.26243 1.0838 -1.1623 0.31772 0 410.88 -36.512 0.9529 0.01889 45799 4196 5230.3 0 0
1.849e+05 0.80985 0.24933 1.108 -1.278 0.31109 0 385.21 -34.195 0.9515 0.018877 45799 4199 5231.4 0 0
1.85e+05 0.74843 0.26186 1.0365 -1.1662 0.31564 0 381.2 -36.584 0.95011 0.018868 45799 4201 5232.4 0 0
1.851e+05 0.77065 0.2606 1.1355 -1.2585 0.32146 0 400.19 -36.413 0.94872 0.018872 45799 4200 5233.6 0 0
1.852e+05 0.79385 0.26189 1.1485 -1.2706 0.30253 0 386.27 -34.172 0.94732 0.018854 45799 4204 5234.7 0 0
1.853e+05 0.77867 0.25183 1.0621 -1.5303 0.34841 0 390.49 -37.841 0.94593 0.018841 45799 4207 5235.8 0 0
1.854e+05 0.78007 0.27146 1.0329 -1.3951 0.30931 0 398.69 -33.758 0.94454 0.018841 45799 4207 5236.9 0 0
1.855e+05 0.74182 0.24635 1.0421 -1.1264 0.30962 0 377.19 -39.164 0.94315 0.018836 45799 4208 5238 0 0
1.856e+05 0.74156 0.24217 1.0589 -1.1323 0.32249 0 402.59 -40.038 0.94176 0.018827 45799 4210 5239.1 0 0
1.857e+05 0.76031 0.24738 1.0919 -1.1922 0.32916 0 401.52 -38.473 0.94037 0.018814 45800 4213 5240.3 0 0
1.858e+05 0.78151 0.26143 1.0732 -1.0861 0.33279 0 378.73 -35.773 0.93899 0.018801 45800 4216 5241.5 0 0
1.859e+05 0.71852 0.25794 1.1068 -1.3598 0.29859 0 392.21 -38.243 0.9376 0.018792 45800 4218 5242.6 0 0
1.86e+05 0.7812 0.2395 1.1449 -1.2239 0.32339 0 412.66 -39.687 0.93622 0.018787 45800 4219 5243.8 0 0
1.861e+05 0.71628 0.23212 1.1054 -1.385 0.3283 0 408.98 -44.295 0.93483 0.018787 45800 4219 5245 0 0
1.862e+05 0.75481 0.28363 1.0975 -1.3666 0.2998 0 402.15 -33.233 0.93344 0.018792 45800 4218 5246.1 0 0
1.863e+05 0.7659 0.25076 1.0647 -1.4065 0.33075 0 404.63 -37.516 0.93206 0.018796 45800 4217 5247.2 0 0
1.864e+05 0.75235 0.26392 1.0869 -1.2916 0.33736 0 393.36 -35.783 0.93068 0.018792 45800 4218 5248.4 0 0
1.865e+05 0.74463 0.2312 0.99117 -1.4033 0.32702 0 398.5 -42.267 0.9293 0.018796 45800 4217 5249.5 0 0
1.866e+05 0.79127 0.24624 1.094 -1.0631 0.31113 0 396.68 -37.614 0.92791 0.018778 45800 4221 5250.8 0 0
1.867e+05 0.75284 0.23269 1.0153 -1.3524 0.34035 0 396.01 -41.204 0.92653 0.018761 45800 4225 5252 0 0
1.868e+05 0.74453 0.20592 1.0223 -1.3285 0.31811 0 412.85 -48.72 0.92515 0.018752 45800 4227 5253.3 0 0
1.869e+05 0.73935 0.22479 1.06 -1.2021 0.31675 0 391.16 -44.121 0.92377 0.018752 45800 4227 5254.5 0 0
1.87e+05 0.80471 0.25633 1.1612 -1.3479 0.30199 0 385.36 -33.625 0.92239 0.018738 45800 4230 5255.7 0 0
1.871e+05 0.76177 0.24185 1.0905 -1.2624 0.3262 0 393.62 -38.787 0.92102 0.018734 45800 4231 5256.8 0 0
1.872e+05 0.8121 0.21852 1.1732 -1.2131 0.30848 0 385.45 -42.328 0.91964 0.018725 45800 4233 5257.9 0 0
1.873e+05 0.78603 0.25489 1.0577 -1.29 0.32445 0 397.53 -36.172 0.91826 0.018734 45800 4231 5259.1 0 0
1.874e+05 0.79717 0.26011 1.0936 -1.6396 0.33432 0 388.62 -34.026 0.91689 0.018734 45800 4231 5260.1 0 0
1.875e+05 0.75901 0.24378 1.0886 -1.1951 0.32964 0 395.8 -38.268 0.91551 0.018738 45800 4230 5261.3 0 0
1.876e+05 0.77568 0.21612 1.0429 -1.3934 0.33752 0 386.3 -45.038 0.91414 0.01873 45800 4232 5262.4 0 0
1.877e+05 0.74704 0.28701 1.0833 -1.3002 0.33135 0 393.96 -33.45 0.91277 0.018721 45800 4234 5263.5 0 0
1.878e+05 0.79487 0.25003 1.0915 -1.4905 0.31445 0 411.04 -36.231 0.91139 0.018721 45800 4234 5264.6 0 0
1.879e+05 0.7789 0.2464 1.1078 -1.2599 0.30823 0 404.81 -37.542 0.91002 0.018721 45800 4234 5265.7 0 0
1.88e+05 0.79569 0.26739 1.1172 -1.3542 0.30054 0 394.5 -32.249 0.90865 0.018716 45800 4235 5266.7 0 0
1.881e+05 0.80287 0.2417 1.0515 -1.3657 0.31069 0 405.32 -36.8 0.90728 0.01873 45800 4232 5267.8 0 0
1.882e+05 0.76373 0.23599 1.1352 -1.1291 0.32112 0 405.52 -39.633 0.90591 0.018738 45800 4230 5268.9 0 0
1.883e+05 0.78278 0.23836 1.0218 -1.3682 0.31616 0 413.79 -38.947 0.90454 0.018734 45800 4231 5270.1 0 0
1.884e+05 0.76526 0.23384 1.0373 -1.2864 0.31495 0 385.61 -40.052 0.90317 0.018738 45800 4230 5271.3 0 0
1.885e+05 0.78356 0.24894 1.0358 -1.4738 0.32392 0 402.29 -36.604 0.9018 0.018734 45800 4231 5272.3 0 0
1.886e+05 0.749 0.26658 1.0205 -1.2768 0.32336 0 381.23 -35.032 0.90044 0.018738 45800 4230 5273.4 0 0
1.887e+05 0.74505 0.22427 1.0093 -1.3273 0.30636 0 406.01 -43.41 0.89907 0.018725 45800 4233 5274.5 0 0
1.888e+05 0.73616 0.24123 1.0005 -1.3211 0.31335 0 383.23 -39.763 0.8977 0.018721 45800 4234 5275.6 0 0
1.889e+05 0.75363 0.20462 0.99513 -1.2395 0.322 0 379.95 -48.625 0.89634 0.018716 45800 4235 5276.8 0 0
1.89e+05 0.75277 0.21171 1.056 -1.5376 0.32188 0 391.21 -46.886 0.89498 0.018703 45800 4238 5278.1 0 0
1.891e+05 0.71896 0.1977 1.0137 -1.361 0.33475 0 401.62 -49.846 0.89361 0.018716 45800 4235 5279.4 0 0
1.892e+05 0.77618 0.20494 0.95806 -1.3542 0.34913 0 377.35 -48.131 0.89225 0.018721 45800 4234 5280.6 0 0
1.893e+05 0.75675 0.22348 0.99266 -0.95736 0.32049 0 392.35 -42.804 0.89089 0.018703 45800 4238 5281.8 0 0
1.894e+05 0.76555 0.24653 0.98731 -1.2415 0.30534 0 390.52 -36.925 0.88953 0.018712 45800 4236 5283 0 0
1.895e+05 0.81377 0.23585 1.0227 -1.363 0.32472 0 379.17 -36.672 0.88817 0.018694 45800 4240 5284.1 0 0
1.896e+05 0.77319 0.21941 0.97646 -1.2852 0.29139 0 367.94 -43.376 0.88681 0.018703 45800 4238 5285.2 0 0
1.897e+05 0.76712 0.2318 1.0133 -1.2495 0.32668 0 376.16 -39.977 0.88545 0.018694 45800 4240 5286.4 0 0
1.898e+05 0.80407 0.25062 0.9949 -1.207 0.31242 0 369.66 -34.682 0.88409 0.018699 45800 4239 5287.5 0 0
1.899e+05 0.75447 0.23981 1.0269 -1.1928 0.30464 0 385.59 -38.509 0.88273 0.018712 45800 4236 5288.5 0 0
1.9e+05 0.76855 0.25759 1.0361 -1.2318 0.30289 0 367.49 -35.306 0.88138 0.018703 45800 4238 5289.6 0 0
1.901e+05 0.81229 0.23597 1.1124 -1.2761 0.29994 0 368.97 -36.832 0.88002 0.018716 45800 4235 5290.7 0 0
1.902e+05 0.77764 0.27106 1.1017 -1.2686 0.33529 0 353.68 -33.322 0.87866 0.018703 45800 4238 5291.7 0 0
1.903e+05 0.74102 0.28252 1.0618 -1.3615 0.31126 0 381.6 -33.963 0.87731 0.01869 45800 4241 5292.7 0 0
1.904e+05 0.80016 0.2528 1.0782 -1.4747 0.31211 0 355.17 -34.539 0.87596 0.018681 45800 4243 5293.7 0 0
1.905e+05 0.76612 0.27298 1.0694 -1.5899 0.34229 0 383.12 -33.355 0.8746 0.018681 45800 4243 5294.7 0 0
1.906e+05 0.79971 0.25946 1.1214 -1.2476 0.35672 0 371.23 -33.053 0.87325 0.018659 45800 4248 5295.7 0 0
1.907e+05 0.78527 0.27005 1.044 -1.4395 0.36808 0 377.47 -32.385 0.8719 0.018685 45800 4242 5296.8 0 0
1.908e+05 0.78429 0.28227 1.1492 -1.3726 0.31286 0 362.38 -29.987 0.87055 0.018681 45800 4243 5297.7 0 0
1.909e+05 0.79604 0.23836 0.97498 -1.4604 0.31205 0 371.54 -37.579 0.8692 0.018703 45800 4238 5298.8 0 0
1.91e+05 0.79089 0.25175 1.0491 -1.0542 0.32765 0 371.18 -35.093 0.86785 0.018699 45800 4239 5299.9 0 0
1.911e+05 0.76782 0.27188 1.0709 -1.3132 0.30584 0 383.2 -33.255 0.8665 0.01869 45800 4241 5301 0 0
1.912e+05 0.81479 0.28115 1.1002 -1.3223 0.30817 0 369 -25.264 0.86515 0.018694 45800 4240 5302.2 0 0
1.913e+05 0.76092 0.2706 1.0532 -1.092 0.31766 0 373.41 -33.579 0.8638 0.018703 45800 4238 5303.2 0 0
1.914e+05 0.75068 0.27683 1.0092 -1.3099 0.33201 0 375.63 -33.739 0.86246 0.018685 45800 4242 5304.3 0 0
1.915e+05 0.76164 0.26065 1.0148 -1.2796 0.31479 0 369.14 -34.569 0.86111 0.018694 45800 4240 5305.3 0 0
1.916e+05 0.78472 0.2731 0.97236 -1.1951 0.31598 0 402.61 -31.635 0.85977 0.018707 45800 4237 5306.4 0 0
1.917e+05 0.80148 0.25976 1.0519 -1.3746 0.30407 0 381.51 -32.277 0.85842 0.018699 45800 4239 5307.4 0 0
1.918e+05 0.78956 0.26492 1.0262 -1.2509 0.29689 0 378.96 -32.356 0.85708 0.018699 45800 4239 5308.4 0 0
1.919e+05 0.81242 0.25748 1.0935 -1.25 0.32101 0 385.87 -31.133 0.85574 0.018699 45800 4239 5309.3 0 0
1.92e+05 0.7882 0.26819 1.0794 -1.409 0.32229 0 369.54 -31.917 0.85439 0.018707 45800 4237 5310.4 0 0
1.921e+05 0.77555 0.2791 1.0209 -1.0756 0.31501 0 382.53 -31.546 0.85305 0.018712 45800 4236 5311.3 0 0
1.922e+05 0.78127 0.27014 1.0896 -1.3577 0.30936 0 384.96 -32.11 0.85171 0.018707 45800 4237 5312.3 0 0
1.923e+05 0.7623 0.25937 0.98927 -1.4038 0.32256 0 395.61 -34.502 0.85037 0.018694 45800 4240 5313.3 0 0
1.924e+05 0.7836 0.27753 1.0603 -1.3224 0.32256 0 382.47 -30.545 0.84903 0.018685 45800 4242 5314.3 0 0
1.925e+05 0.79691 0.22818 1.0088 -1.2698 0.2953 0 372.47 -39.69 0.84769 0.018699 45800 4239 5315.3 0 0
1.926e+05 0.77496 0.24876 1.0145 -1.2763 0.31488 0 364.95 -35.497 0.84635 0.018703 45800 4238 5316.4 0 0
1.927e+05 0.77182 0.24891 1.0804 -1.3742 0.33386 0 391.31 -35.561 0.84501 0.018707 45800 4237 5317.5 0 0
1.928e+05 0.78987 0.24023 1.0665 -1.1014 0.31068 0 400.02 -36.631 0.84368 0.018699 45800 4239 5318.6 0 0
1.929e+05 0.79807 0.23587 1.0811 -1.3087 0.30269 0 396.83 -37.185 0.84234 0.018707 45800 4237 5319.6 0 0
1.93e+05 0.79056 0.21605 0.94942 -1.2585 0.33148 0 396.44 -43.682 0.84101 0.018712 45800 4236 5320.7 0 0
1.931e+05 0.77747 0.27227 1.0989 -1.4974 0.3154 0 380.22 -31.908 0.83967 0.018699 45800 4239 5321.9 0 0
1.932e+05 0.72969 0.24038 1.0129 -1.2839 0.31226 0 373.74 -40.535 0.83834 0.01869 45800 4241 5322.9 0 0
1.933e+05 0.77572 0.27144 1.0547 -1.1504 0.33953 0 359.12 -32.098 0.837 0.01869 45800 4241 5323.9 0 0
1.934e+05 0.75211 0.24639 0.98974 -1.452 0.31211 0 378.9 -37.048 0.83567 0.01869 45800 4241 5325 0 0
1.935e+05 0.79443 0.25451 1.0297 -1.2821 0.31021 0 372.77 -33.536 0.83434 0.018694 45800 4240 5326.1 0 0
1.936e+05 0.79508 0.26915 1.0489 -1.2717 0.31744 0 366.73 -30.499 0.83301 0.018685 45800 4242 5327.2 0 0
1.937e+05 0.77567 0.25977 1.0624 -1.5267 0.30475 0 367.34 -33.28 0.83168 0.018685 45800 4242 5328.2 0 0
1.938e+05 0.82408 0.23387 1.0639 -1.6307 0.31442 0 373.23 -34.838 0.83034 0.018699 45800 4239 5329.3 0 0
1.939e+05 0.81479 0.25351 1.0681 -1.1462 0.34451 0 358.44 -31.072 0.82902 0.018703 45800 4238 5330.4 0 0
1.94e+05 0.8052 0.25028 1.0438 -1.3352 0.32238 0 369.02 -33.01 0.82769 0.018694 45800 4240 5331.4 0 0
1.941e+05 0.80432 0.24561 1.0066 -1.3888 0.30915 0 381.45 -34.015 0.82636 0.018694 45800 4240 5332.4 0 0
1.942e+05 0.80873 0.26321 1.0568 -1.3925 0.30566 0 381.69 -30.128 0.82503 0.018685 45800 4242 5333.4 0 0
1.943e+05 0.76087 0.27203 1.0362 -1.1347 0.31177 0 368.54 -32.746 0.82371 0.018685 45800 4242 5334.4 0 0
1.944e+05 0.80705 0.25999 1.0466 -1.324 0.30787 0 356.69 -30.782 0.82238 0.018699 45800 4239 5335.5 0 0
1.945e+05 0.80316 0.25397 1.1205 -1.1133 0.32354 0 367.59 -32.272 0.82105 0.018703 45800 4238 5336.5 0 0
1.946e+05 0.79806 0.2109 1.0273 -1.1809 0.32606 0 392.44 -45.2 0.81973 0.018716 45800 4235 5337.6 0 0
1.947e+05 0.79016 0.24904 1.0392 -1.3616 0.31244 0 400.68 -33.812 0.81841 0.018725 45800 4233 5338.7 0 0
1.948e+05 0.804 0.2502 0.99348 -1.0692 0.35709 0 373.01 -32.724 0.81709 0.018716 45800 4235 5339.8 0 0
1.949e+05 0.75697 0.23789 1.0156 -1.2956 0.30717 0 403.78 -37.913 0.81577 0.018703 45800 4238 5340.9 0 0
1.95e+05 0.81655 0.25501 1.0059 -1.4784 0.32611 0 384.2 -30.233 0.81445 0.018703 45800 4238 5342 0 0
1.951e+05 0.73116 0.23985 0.95656 -0.89688 0.30362 0 392.88 -40.247 0.81313 0.018707 45800 4237 5343 0 0
1.952e+05 0.71652 0.25585 0.90612 -1.2573 0.31554 0 396.52 -38.335 0.81181 0.018707 45800 4237 5344.1 0 0
1.953e+05 0.74791 0.27328 0.91142 -1.2873 0.33186 0 343.84 -33.721 0.81049 0.018703 45800 4238 5345.2 0 0
1.954e+05 0.77888 0.26172 0.99373 -1.3635 0.32764 0 364.8 -32.139 0.80917 0.01869 45800 4241 5346.2 0 0
1.955e+05 0.75018 0.27124 1.0149 -1.1916 0.32113 0 364.13 -33.543 0.80785 0.018699 45800 4239 5347.2 0 0
1.956e+05 0.74959 0.25962 1.0074 -1.3111 0.31002 0 362 -34.565 0.80653 0.018694 45800 4240 5348.3 0 0
1.957e+05 0.70031 0.2641 0.99078 -1.3188 0.33126 0 374.9 -37.299 0.80521 0.018685 45800 4242 5349.3 0 0
1.958e+05 0.71446 0.25556 0.98434 -1.4368 0.33005 0 363.32 -38.313 0.8039 0.018677 45800 4244 5350.5 0 0
1.959e+05 0.74183 0.27704 0.9639 -1.3328 0.33378 0 372.6 -33.93 0.80258 0.018668 45800 4246 5351.6 0 0
1.96e+05 0.70413 0.28373 1.0036 -1.4062 0.3321 0 379.96 -34.758 0.80126 0.018659 45800 4248 5352.6 0 0
1.961e+05 0.7522 0.2734 0.96255 -1.3123 0.30807 0 382.51 -33.102 0.79995 0.01865 45800 4250 5353.7 0 0
1.962e+05 0.74457 0.22207 0.90592 -1.0016 0.32079 0 382.34 -43.283 0.79864 0.018655 45800 4249 5354.9 0 0
1.963e+05 0.73306 0.23542 0.93705 -1.158 0.30371 0 372.25 -40.633 0.79732 0.018655 45800 4249 5356.1 0 0
1.964e+05 0.72754 0.23365 0.95205 -1.3965 0.34084 0 371.66 -41.727 0.79601 0.018663 45800 4247 5357.3 0 0
1.965e+05 0.67923 0.26842 0.9248 -1.2139 0.3077 0 379.31 -37.727 0.7947 0.018663 45800 4247 5358.4 0 0
1.966e+05 0.73331 0.25608 0.98383 -1.2961 0.31262 0 403.01 -36.573 0.79339 0.01865 45800 4250 5359.5 0 0
1.967e+05 0.74511 0.24392 1.0071 -1.2429 0.31862 0 370.43 -37.207 0.79208 0.018655 45800 4249 5360.5 0 0
1.968e+05 0.73291 0.26482 0.93605 -1.2877 0.32554 0 382.78 -35.328 0.79077 0.018655 45800 4249 5361.6 0 0
1.969e+05 0.78831 0.24658 0.91613 -1.4927 0.29344 0 369.55 -33.915 0.78946 0.018655 45800 4249 5362.6 0 0
1.97e+05 0.72451 0.28555 0.9764 -1.3369 0.32794 0 369.58 -34.192 0.78815 0.018659 45800 4248 5363.7 0 0
1.971e+05 0.70605 0.24837 0.87417 -1.4564 0.31262 0 368.78 -39.968 0.78684 0.018646 45800 4251 5364.7 0 0
1.972e+05 0.78356 0.24266 0.98148 -1.5398 0.32624 0 375.81 -35.05 0.78553 0.018641 45800 4252 5365.8 0 0
1.973e+05 0.78712 0.26086 0.98452 -1.1387 0.30949 0 373.81 -31.668 0.78423 0.018641 45800 4252 5367 0 0
1.974e+05 0.7497 0.23879 0.9694 -1.2418 0.32294 0 377.15 -37.635 0.78292 0.018602 45800 4261 5368 0 0
1.975e+05 0.73278 0.25434 0.89036 -1.2683 0.31485 0 384.38 -36.526 0.78161 0.018606 45800 4260 5369.1 0 0
1.976e+05 0.74083 0.22677 0.98239 -1.5325 0.30815 0 373.14 -41.907 0.78031 0.018602 45800 4261 5370.1 0 0
1.977e+05 0.76522 0.27391 0.98424 -1.1466 0.32611 0 366.14 -31.677 0.77901 0.018598 45800 4262 5371.3 0 0
1.978e+05 0.73052 0.22763 0.90797 -1.1472 0.30974 0 364.32 -42.724 0.7777 0.018589 45801 4264 5372.4 0 0
1.979e+05 0.75749 0.22672 0.97153 -1.1924 0.329 0 379.57 -40.832 0.7764 0.018585 45801 4265 5373.5 0 0
1.98e+05 0.73872 0.26159 0.99385 -1.4031 0.30762 0 375.3 -34.664 0.7751 0.01858 45801 4266 5374.6 0 0
1.981e+05 0.76616 0.2813 0.91562 -1.1459 0.32659 0 387.51 -31.292 0.7738 0.018585 45801 4265 5375.6 0 0
1.982e+05 0.77928 0.27418 0.96468 -1.1657 0.31379 0 354.4 -30.618 0.7725 0.018589 45801 4264 5376.6 0 0
1.983e+05 0.75483 0.26658 1.0107 -1.4996 0.3149 0 376.54 -32.529 0.7712 0.018572 45801 4268 5377.6 0 0
1.984e+05 0.75552 0.24122 0.94133 -1.2472 0.31392 0 369.17 -36.312 0.7699 0.018576 45801 4267 5378.7 0 0
1.985e+05 0.71555 0.30796 1.014 -1.2569 0.33291 0 392.1 -33.366 0.7686 0.018572 45801 4268 5379.7 0 0
1.986e+05 0.72006 0.29777 0.92211 -1.3069 0.30691 0 371.8 -33.532 0.7673 0.018563 45801 4270 5380.7 0 0
1.987e+05 0.78502 0.29881 1.0603 -1.111 0.32671 0 403.11 -27.086 0.766 0.018554 45801 4272 5381.7 0 0
1.988e+05 0.71199 0.30865 0.93614 -1.22 0.29952 0 400.57 -33.511 0.76471 0.018541 45801 4275 5382.7 0 0
1.989e+05 0.734 0.2563 0.95257 -1.4294 0.31783 0 381.61 -35.769 0.76341 0.01852 45801 4280 5383.7 0 0
1.99e+05 0.7506 0.2541 0.94805 -1.1872 0.29755 0 370.89 -34.34 0.76211 0.01852 45801 4280 5384.8 0 0
1.991e+05 0.74733 0.28576 0.97392 -1.2903 0.31531 0 392.09 -32.087 0.76082 0.01852 45801 4280 5385.9 0 0
1.992e+05 0.74477 0.30284 1.0905 -1.3056 0.30908 0 379.29 -31.657 0.75953 0.018533 45801 4277 5386.9 0 0
1.993e+05 0.76544 0.29803 1.0217 -1.2898 0.33544 0 389.18 -30.029 0.75823 0.018524 45801 4279 5387.9 0 0
1.994e+05 0.7478 0.29499 0.95249 -1.2019 0.30674 0 391.94 -31.89 0.75694 0.018528 45801 4278 5388.9 0 0
1.995e+05 0.7644 0.28744 1.0202 -1.3386 0.33967 0 377.87 -30.686 0.75565 0.018511 45801 4282 5389.9 0 0
1.996e+05 0.79325 0.26287 1.0754 -1.4535 0.32677 0 393.75 -30.818 0.75435 0.018511 45801 4282 5390.9 0 0
1.997e+05 0.75111 0.27733 1.0053 -1.2421 0.31372 0 409.98 -31.928 0.75306 0.018511 45801 4282 5391.9 0 0
1.998e+05 0.68287 0.29422 1.0578 -1.4982 0.33148 0 373.69 -35.533 0.75177 0.018507 45801 4283 5392.9 0 0
1.999e+05 0.7274 0.32942 1.0729 -1.0116 0.30673 0 379.96 -31.2 0.75048 0.018515 45801 4281 5393.9 0 0
2e+05 0.74471 0.29548 0.99618 -1.229 0.29756 0 398.54 -31.811 0.7492 0.018502 45801 4284 5394.9 0 0
2.001e+05 0.73597 0.27341 1.0707 -1.4156 0.30346 0 388.3 -33.352 0.74791 0.018489 45801 4287 5395.9 0 0
2.002e+05 0.76862 0.27867 1.0547 -1.143 0.30978 0 366.8 -30.7 0.74662 0.018485 45801 4288 5396.9 0 0
2.003e+05 0.73173 0.29625 0.93851 -1.1435 0.32822 0 375.46 -32.494 0.74533 0.018485 45801 4288 5397.9 0 0
2.004e+05 0.7667 0.27998 1.0043 -1.2762 0.31142 0 381.28 -30.684 0.74404 0.018481 45801 4289 5398.9 0 0
2.005e+05 0.76119 0.30302 0.97377 -1.1951 0.31827 0 381.32 -29.47 0.74276 0.018481 45801 4289 5399.9 0 0
2.006e+05 0.7747 0.27713 1.032 -1.4319 0.30661 0 389.31 -30.416 0.74147 0.018472 45801 4291 5400.9 0 0
2.007e+05 0.78509 0.29094 0.99599 -1.199 0.31437 0 390.49 -27.768 0.74019 0.018472 45801 4291 5401.9 0 0
2.008e+05 0.76646 0.2858 1.0137 -1.4177 0.30526 0 378.91 -30.231 0.73891 0.018468 45801 4292 5402.9 0 0
2.009e+05 0.77831 0.253 1.0164 -1.3638 0.32038 0 387.4 -32.726 0.73762 0.018485 45801 4288 5403.9 0 0
2.01e+05 0.79265 0.23941 1.0088 -1.5385 0.3108 0 376.92 -35.212 0.73634 0.018489 45801 4287 5405 0 0
2.011e+05 0.7391 0.22928 0.90154 -1.352 0.2944 0 386.19 -41.03 0.73506 0.018481 45801 4289 5406.1 0 0
2.012e+05 0.77641 0.24012 1.049 -1.4226 0.322 0 383.71 -35.414 0.73378 0.018481 45801 4289 5407.2 0 0
2.013e+05 0.73174 0.22071 0.95446 -1.2535 0.31847 0 379.84 -44.5 0.7325 0.018481 45801 4289 5408.2 0 0
2.014e+05 0.78926 0.27192 1.087 -1.1774 0.31067 0 374.49 -29.637 0.73122 0.018481 45801 4289 5409.2 0 0
2.015e+05 0.74926 0.27295 0.97749 -1.2218 0.31211 0 391.79 -31.947 0.72994 0.018485 45801 4288 5410.2 0 0
2.016e+05 0.81543 0.23443 1.0382 -1.3076 0.29661 0 388.23 -35.786 0.72866 0.018489 45801 4287 5411.1 0 0
2.017e+05 0.80514 0.26702 1.0299 -1.3152 0.32856 0 395.46 -29.218 0.72738 0.018463 45801 4293 5412.1 0 0
2.018e+05 0.77129 0.23477 0.9876 -1.2796 0.31462 0 408.63 -36.937 0.7261 0.018442 45801 4298 5413.1 0 0
2.019e+05 0.78572 0.21135 1.0577 -1.337 0.30615 0 371.84 -45.25 0.72483 0.018425 45801 4302 5414.2 0 0
2.02e+05 0.78887 0.24715 1.0777 -1.0681 0.31333 0 414.56 -32.999 0.72355 0.018433 45801 4300 5415.3 0 0
2.021e+05 0.76588 0.20497 1.0157 -1.2877 0.3523 0 374.36 -47.486 0.72227 0.018429 45801 4301 5416.6 0 0
2.022e+05 0.75381 0.22682 1.0167 -1.3511 0.31835 0 416.36 -40.49 0.721 0.018433 45801 4300 5417.7 0 0
2.023e+05 0.78116 0.2707 1.0422 -1.1636 0.30975 0 409.3 -30.012 0.71972 0.018442 45801 4298 5418.8 0 0
2.024e+05 0.7708 0.24221 1.0773 -1.2942 0.3212 0 388.02 -34.952 0.71845 0.018446 45801 4297 5420 0 0
2.025e+05 0.80303 0.25513 1.0323 -1.3141 0.31953 0 380.32 -31.082 0.71718 0.018442 45801 4298 5421 0 0
2.026e+05 0.81875 0.25154 1.0368 -1.1925 0.3001 0 410.17 -30.282 0.7159 0.018446 45801 4297 5422.1 0 0
2.027e+05 0.79672 0.25443 1.0123 -1.0419 0.31042 0 401.82 -31.53 0.71463 0.018438 45801 4299 5423.1 0 0
2.028e+05 0.76652 0.31477 0.95701 -1.2119 0.31703 0 386.58 -28.636 0.71336 0.018442 45801 4298 5424.1 0 0
2.029e+05 0.78937 0.25233 1.0018 -1.5071 0.30208 0 392.67 -31.859 0.71209 0.018438 45801 4299 5425 0 0
2.03e+05 0.7626 0.28174 0.91668 -1.2643 0.31673 0 385.89 -30.369 0.71082 0.018438 45801 4299 5425.9 0 0
2.031e+05 0.75995 0.25373 1.0236 -1.322 0.31163 0 392.95 -33.174 0.70955 0.018429 45801 4301 5426.9 0 0
2.032e+05 0.81563 0.252 1.1042 -1.4261 0.2922 0 370.32 -30.591 0.70828 0.018412 45801 4305 5427.9 0 0
2.033e+05 0.76216 0.27585 0.9647 -1.1864 0.29675 0 385.67 -30.562 0.70701 0.018412 45801 4305 5428.8 0 0
2.034e+05 0.79175 0.2737 0.9825 -1.306 0.29681 0 391.95 -28.685 0.70575 0.018421 45801 4303 5429.9 0 0
2.035e+05 0.79963 0.26678 1.0249 -1.1998 0.29856 0 377.05 -29.055 0.70448 0.018425 45801 4302 5430.9 0 0
2.036e+05 0.763 0.32475 0.97241 -1.0927 0.31186 0 403.01 -28.583 0.70321 0.018416 45801 4304 5431.9 0 0
2.037e+05 0.7861 0.29655 1.0397 -1.2855 0.32044 0 407.02 -26.705 0.70195 0.018408 45801 4306 5432.8 0 0
2.038e+05 0.76233 0.27791 0.9612 -1.3429 0.31644 0 372.2 -30.321 0.70068 0.018391 45801 4310 5433.7 0 0
2.039e+05 0.78954 0.28152 0.95949 -1.3741 0.30419 0 371.48 -27.607 0.69942 0.018382 45801 4312 5434.7 0 0
2.04e+05 0.7738 0.28623 1.0288 -1.0879 0.31734 0 385.14 -28.953 0.69815 0.018378 45801 4313 5435.6 0 0
2.041e+05 0.80723 0.26662 1.0534 -1.1645 0.30455 0 363.16 -28.595 0.69689 0.018369 45801 4315 5436.5 0 0
2.042e+05 0.80972 0.23681 1.0008 -1.1576 0.31335 0 373.73 -35.106 0.69563 0.018357 45801 4318 5437.5 0 0
2.043e+05 0.7674 0.26854 1.0097 -1.0428 0.32309 0 369.91 -30.448 0.69437 0.018365 45801 4316 5438.4 0 0
2.044e+05 0.74519 0.24688 0.89322 -1.1319 0.30685 0 362.06 -35.553 0.69311 0.018374 45801 4314 5439.4 0 0
2.045e+05 0.77588 0.26803 1.0078 -1.0828 0.30051 0 391.66 -29.878 0.69185 0.018365 45801 4316 5440.4 0 0
2.046e+05 0.78765 0.28189 1.029 -1.1119 0.30868 0 378.67 -27.466 0.69059 0.018361 45801 4317 5441.3 0 0
2.047e+05 0.79039 0.27839 1.0487 -1.2999 0.31326 0 384.17 -27.587 0.68933 0.018361 45801 4317 5442.2 0 0
2.048e+05 0.75668 0.29299 1.0653 -1.2145 0.31077 0 376.5 -30.137 0.68807 0.018361 45801 4317 5443.2 0 0
2.049e+05 0.77277 0.27933 0.9684 -1.1966 0.3215 0 375.65 -28.978 0.68681 0.018361 45801 4317 5444.2 0 0
2.05e+05 0.75431 0.27395 0.99316 -1.1392 0.30593 0 347.21 -30.917 0.68555 0.018357 45801 4318 5445.1 0 0
2.051e+05 0.77296 0.29469 1.0697 -1.3213 0.31112 0 371.64 -28.177 0.68429 0.018357 45801 4318 5446 0 0
2.052e+05 0.79083 0.32304 1.0515 -1.4514 0.32902 0 387.99 -24.698 0.68304 0.018344 45801 4321 5446.9 0 0
2.053e+05 0.76907 0.27912 1.0592 -1.3615 0.3204 0 377.51 -29.11 0.68178 0.018357 45801 4318 5447.8 0 0
2.054e+05 0.76217 0.27608 1.0443 -1.1557 0.32077 0 391.98 -30.051 0.68053 0.018348 45801 4320 5448.7 0 0
2.055e+05 0.78824 0.29644 0.98703 -1.1912 0.29154 0 377.8 -25.814 0.67927 0.018352 45801 4319 5449.6 0 0
2.056e+05 0.81099 0.26491 1.021 -1.2219 0.34445 0 389.11 -28.15 0.67802 0.018357 45801 4318 5450.5 0 0
2.057e+05 0.76207 0.30008 1.0312 -1.2126 0.3197 0 403.92 -28.889 0.67676 0.018352 45801 4319 5451.5 0 0
2.058e+05 0.76535 0.25768 1.0537 -1.2596 0.29876 0 387.13 -31.782 0.67551 0.018352 45801 4319 5452.4 0 0
2.059e+05 0.79993 0.32441 1.0158 -1.2451 0.30971 0 392.33 -23.036 0.67426 0.018348 45801 4320 5453.4 0 0
2.06e+05 0.76333 0.26715 0.99121 -1.0373 0.31591 0 361.95 -30.48 0.67301 0.018352 45801 4319 5454.4 0 0
2.061e+05 0.73277 0.29437 0.93826 -1.4093 0.31834 0 395.33 -32.065 0.67176 0.018348 45801 4320 5455.4 0 0
2.062e+05 0.73794 0.31022 0.96845 -1.1788 0.31305 0 382.41 -31.061 0.67051 0.018327 45801 4325 5456.4 0 0
2.063e+05 0.75552 0.2122 0.90142 -1.0942 0.30552 0 415.53 -45.567 0.66926 0.018335 45801 4323 5457.3 0 0
2.064e+05 0.75535 0.24926 0.91706 -1.1197 0.32538 0 385.32 -33.769 0.66801 0.018348 45801 4320 5458.4 0 0
2.065e+05 0.75213 0.31253 1.0232 -1.2842 0.29412 0 386.65 -29.704 0.66676 0.018352 45801 4319 5459.4 0 0
2.066e+05 0.73982 0.28572 0.95836 -1.3517 0.31255 0 379.13 -31.566 0.66551 0.018357 45801 4318 5460.3 0 0
2.067e+05 0.7912 0.3 1.0117 -1.3055 0.30333 0 386.78 -24.951 0.66427 0.018357 45801 4318 5461.2 0 0
2.068e+05 0.79571 0.30381 1.0883 -1.2415 0.3404 0 411.04 -24.202 0.66302 0.018352 45801 4319 5462.1 0 0
2.069e+05 0.74091 0.27692 1.0333 -1.1577 0.31167 0 401.11 -31.875 0.66177 0.018348 45801 4320 5463 0 0
2.07e+05 0.77751 0.3097 1.047 -1.2745 0.30553 0 396 -26.59 0.66053 0.018348 45801 4320 5464 0 0
2.071e+05 0.78144 0.26937 1.0549 -1.2773 0.31922 0 378.14 -28.435 0.65928 0.01834 45801 4322 5464.9 0 0
2.072e+05 0.82216 0.27072 1.0908 -1.1509 0.3175 0 386.91 -25.211 0.65804 0.018331 45801 4324 5465.8 0 0
2.073e+05 0.78879 0.25822 1.0218 -1.1137 0.30977 0 388.46 -29.895 0.6568 0.018331 45801 4324 5466.8 0 0
2.074e+05 0.79352 0.27921 0.98306 -1.0145 0.34945 0 391.34 -26.519 0.65555 0.018301 45801 4331 5467.8 0 0
2.075e+05 0.78645 0.2765 1.0323 -1.3647 0.32955 0 371.78 -26.974 0.65431 0.018314 45801 4328 5468.7 0 0
2.076e+05 0.74901 0.27252 1.0353 -1.2888 0.326 0 386.33 -30.946 0.65307 0.018314 45801 4328 5469.7 0 0
2.077e+05 0.78108 0.2929 1.0223 -1.3069 0.33308 0 388.63 -26.405 0.65183 0.018314 45801 4328 5470.6 0 0
2.078e+05 0.76739 0.31017 1.0818 -1.4306 0.33693 0 390.47 -27.79 0.65058 0.01831 45801 4329 5471.6 0 0
2.079e+05 0.72652 0.27427 0.97026 -1.5203 0.3268 0 377.11 -33.456 0.64934 0.018289 45801 4334 5472.5 0 0
2.08e+05 0.76936 0.29801 0.99735 -1.4131 0.33677 0 368.81 -27.421 0.64811 0.018285 45801 4335 5473.4 0 0
2.081e+05 0.73939 0.2949 0.95934 -1.3787 0.34689 0 356.34 -31.177 0.64687 0.01828 45801 4336 5474.4 0 0
2.082e+05 0.79729 0.26043 1.0696 -1.2053 0.33147 0 365.86 -28.939 0.64563 0.018285 45801 4335 5475.3 0 0
2.083e+05 0.82087 0.25815 1.044 -1.1873 0.31378 0 385.06 -28.101 0.64439 0.01828 45801 4336 5476.2 0 0
2.084e+05 0.82475 0.2999 1.0523 -1.0351 0.31719 0 387.91 -20.432 0.64315 0.018276 45801 4337 5477.1 0 0
2.085e+05 0.80681 0.29832 1.0948 -1.1721 0.30976 0 396.84 -22.894 0.64192 0.018272 45801 4338 5478 0 0
2.086e+05 0.7773 0.30944 1.06 -1.3791 0.31584 0 408.76 -26.293 0.64068 0.018263 45801 4340 5478.8 0 0
2.087e+05 0.82624 0.25923 1.011 -1.2723 0.3137 0 371.18 -26.875 0.63945 0.018268 45801 4339 5479.7 0 0
2.088e+05 0.78824 0.22033 1.0167 -1.3316 0.29882 0 372.14 -41.093 0.63821 0.018263 45801 4340 5480.7 0 0
2.089e+05 0.76396 0.28695 0.95112 -1.4162 0.32643 0 409.24 -28.049 0.63698 0.018268 45801 4339 5481.6 0 0
2.09e+05 0.73175 0.31029 1.0269 -1.1972 0.28712 0 400.83 -31.652 0.63574 0.01828 45801 4336 5482.7 0 0
2.091e+05 0.76859 0.30333 1.0415 -1.1991 0.32475 0 408.44 -27.151 0.63451 0.018285 45801 4335 5483.6 0 0
2.092e+05 0.78441 0.28259 1.0253 -1.3971 0.30308 0 401.55 -26.179 0.63328 0.018276 45801 4337 5484.5 0 0
2.093e+05 0.80122 0.27051 1.0057 -1.1457 0.32016 0 411.36 -26.866 0.63205 0.018272 45801 4338 5485.4 0 0
2.094e+05 0.78294 0.27888 1.0659 -1.3007 0.30349 0 397.11 -26.487 0.63082 0.018264 45801 4340 5486.3 0 0
2.095e+05 0.78876 0.31744 1.0933 -1.3047 0.32761 0 398.94 -24.642 0.62958 0.018264 45801 4340 5487.2 0 0
2.096e+05 0.76183 0.28897 1.0037 -1.3371 0.32155 0 396.45 -28.073 0.62836 0.018255 45801 4342 5488.1 0 0
2.097e+05 0.76667 0.27408 1.0244 -1.25 0.31116 0 378.84 -28.496 0.62713 0.018255 45801 4342 5489 0 0
2.098e+05 0.74408 0.24001 1.0201 -1.3797 0.31295 0 403.92 -36.835 0.6259 0.018255 45801 4342 5490 0 0
2.099e+05 0.7772 0.26385 0.96268 -1.3052 0.31608 0 401.61 -28.763 0.62467 0.018251 45801 4343 5491.1 0 0
2.1e+05 0.80602 0.24673 0.96374 -1.4017 0.30989 0 419.9 -31.7 0.62344 0.018255 45801 4342 5492.2 0 0
2.101e+05 0.83033 0.27456 1.0392 -1.3103 0.29488 0 391.62 -23.115 0.62221 0.018247 45801 4344 5493.2 0 0
2.102e+05 0.77009 0.27673 0.99661 -1.2074 0.30912 0 395.46 -27.779 0.62099 0.018255 45801 4342 5494.1 0 0
2.103e+05 0.78798 0.26566 1.0441 -1.1943 0.31735 0 395.53 -27.944 0.61976 0.018247 45801 4344 5495 0 0
2.104e+05 0.74194 0.26159 1.0404 -1.1205 0.31751 0 388.63 -32.809 0.61854 0.018242 45801 4345 5495.9 0 0
2.105e+05 0.75712 0.28616 1.0204 -1.099 0.33163 0 419.48 -28.478 0.61731 0.018242 45801 4345 5496.9 0 0
2.106e+05 0.80919 0.27755 1.0478 -1.3299 0.33801 0 400.33 -25.347 0.61609 0.018251 45801 4343 5497.8 0 0
2.107e+05 0.77339 0.27306 1.0341 -1.3581 0.31673 0 400.84 -27.746 0.61486 0.018238 45801 4346 5498.7 0 0
2.108e+05 0.80962 0.26865 1.0417 -1.5249 0.32511 0 397.96 -26.785 0.61364 0.018247 45801 4344 5499.6 0 0
2.109e+05 0.74627 0.26619 0.96131 -1.1052 0.34217 0 381.79 -31.605 0.61242 0.018247 45801 4344 5500.5 0 0
2.11e+05 0.81727 0.29447 1.0466 -1.3248 0.32543 0 410.97 -21.825 0.6112 0.018213 45801 4352 5501.4 0 0
2.111e+05 0.78747 0.30089 1.0721 -1.2823 0.31209 0 408.14 -24.581 0.60998 0.018222 45801 4350 5502.4 0 0
2.112e+05 0.78002 0.26933 1.032 -1.4522 0.30767 0 398.33 -27.367 0.60876 0.018238 45801 4346 5503.4 0 0
2.113e+05 0.8231 0.29595 1.0857 -1.3177 0.31614 0 396.83 -20.875 0.60754 0.018238 45801 4346 5504.3 0 0
2.114e+05 0.8278 0.23361 1.1001 -1.4016 0.32014 0 410.14 -33.829 0.60632 0.018242 45801 4345 5505.3 0 0
2.115e+05 0.75267 0.2386 1.0619 -1.3703 0.31388 0 403.34 -36.141 0.6051 0.018234 45801 4347 5506.2 0 0
2.116e+05 0.76728 0.24626 1.0319 -1.1304 0.3277 0 408.21 -32.999 0.60388 0.01823 45801 4348 5507.2 0 0
2.117e+05 0.7959 0.24517 1.011 -1.2944 0.29638 0 388.71 -31.955 0.60266 0.018234 45801 4347 5508.3 0 0
2.118e+05 0.75114 0.21981 1.0198 -1.4991 0.35808 0 401.52 -42.747 0.60145 0.01823 45801 4348 5509.4 0 0
2.119e+05 0.8058 0.23475 1.0559 -1.2724 0.31134 0 412.34 -35.135 0.60023 0.018234 45801 4347 5510.5 0 0
2.12e+05 0.78514 0.24045 1.0298 -1.2462 0.32882 0 407.7 -33.604 0.59901 0.018238 45801 4346 5511.6 0 0
2.121e+05 0.7974 0.22944 1.0103 -1.2507 0.3377 0 397.32 -36.707 0.5978 0.018234 45801 4347 5512.7 0 0
2.122e+05 0.82206 0.22059 1.0473 -0.99611 0.32497 0 404.88 -39.399 0.59658 0.018226 45801 4349 5513.8 0 0
2.123e+05 0.81696 0.22955 1.0158 -1.3087 0.2987 0 387.99 -36.56 0.59537 0.018221 45801 4350 5514.8 0 0
2.124e+05 0.79109 0.23883 1.0119 -1.368 0.33211 0 396.72 -33.348 0.59416 0.018222 45801 4350 5516 0 0
2.125e+05 0.80137 0.24807 1.0635 -1.0208 0.30231 0 401.33 -30.732 0.59294 0.018214 45801 4352 5517 0 0
2.126e+05 0.79649 0.25326 1.0263 -1.2243 0.32461 0 383.63 -29.55 0.59173 0.018201 45801 4355 5518.1 0 0
2.127e+05 0.791 0.24571 0.97697 -1.3093 0.34144 0 401.84 -31.456 0.59052 0.018185 45801 4359 5519.2 0 0
2.128e+05 0.76414 0.23742 0.99205 -1.308 0.32101 0 381.56 -35.448 0.58931 0.018176 45801 4361 5520.2 0 0
2.129e+05 0.76999 0.23685 0.98536 -1.355 0.30804 0 380.54 -35.117 0.5881 0.018172 45801 4362 5521.3 0 0
2.13e+05 0.75397 0.27722 1.0255 -1.4161 0.30981 0 399.26 -29.065 0.58689 0.018172 45801 4362 5522.3 0 0
2.131e+05 0.74393 0.27956 0.93545 -1.3285 0.32509 0 386.01 -30.395 0.58568 0.018164 45801 4364 5523.3 0 0
2.132e+05 0.73901 0.30176 0.99252 -1.238 0.30511 0 408.47 -30.534 0.58447 0.01816 45801 4365 5524.3 0 0
2.133e+05 0.80541 0.26447 0.98767 -1.1291 0.32481 0 407.97 -27.08 0.58327 0.018172 45801 4362 5525.3 0 0
2.134e+05 0.79994 0.24694 1.0313 -1.0715 0.30315 0 407.92 -30.787 0.58206 0.018168 45801 4363 5526.3 0 0
2.135e+05 0.81379 0.23387 1.0511 -1.2604 0.33951 0 391.15 -34.882 0.58085 0.018156 45801 4366 5527.3 0 0
2.136e+05 0.77698 0.23448 1.098 -1.4119 0.29887 0 403.28 -35.123 0.57965 0.018156 45801 4366 5528.3 0 0
2.137e+05 0.7287 0.24419 0.95635 -1.2531 0.33127 0 400.72 -37.768 0.57844 0.01816 45801 4365 5529.4 0 0
2.138e+05 0.80674 0.24973 1.0041 -1.2949 0.32594 0 397.49 -29.865 0.57724 0.018172 45801 4362 5530.5 0 0
2.139e+05 0.73823 0.26678 0.96924 -1.2504 0.33249 0 390.43 -32.22 0.57603 0.018176 45801 4361 5531.6 0 0
2.14e+05 0.72511 0.26697 0.94766 -1.1317 0.31413 0 398.32 -34.165 0.57483 0.018176 45801 4361 5532.6 0 0
2.141e+05 0.74137 0.26906 1.0253 -1.339 0.32409 0 398.62 -31.455 0.57363 0.018168 45801 4363 5533.6 0 0
2.142e+05 0.79868 0.28108 0.97286 -1.0816 0.31904 0 399.39 -24.804 0.57243 0.018171 45802 4362 5534.6 0 0
2.143e+05 0.74293 0.24566 0.94469 -1.3102 0.29637 0 397.82 -35.18 0.57123 0.018163 45802 4364 5535.6 0 0
2.144e+05 0.72091 0.2861 0.89846 -1.0386 0.35094 0 379.59 -33.242 0.57003 0.018171 45802 4362 5536.6 0 0
2.145e+05 0.77684 0.28152 0.99724 -1.0457 0.3302 0 389.45 -26.114 0.56883 0.018171 45802 4362 5537.7 0 0
2.146e+05 0.75298 0.29646 0.9759 -1.2235 0.31997 0 414.22 -28.745 0.56763 0.018163 45802 4364 5538.6 0 0
2.147e+05 0.79334 0.26375 0.99773 -1.4429 0.33182 0 402.27 -27.082 0.56643 0.01815 45802 4367 5539.7 0 0
2.148e+05 0.72359 0.27335 0.87698 -1.2316 0.29822 0 397.55 -33.55 0.56523 0.018129 45802 4372 5540.7 0 0
2.149e+05 0.67326 0.27399 0.86398 -1.1008 0.33113 0 405.11 -37.083 0.56403 0.018125 45802 4373 5541.7 0 0
2.15e+05 0.70848 0.2782 0.92688 -1.2462 0.29962 0 415.47 -34.45 0.56283 0.018121 45802 4374 5542.7 0 0
2.151e+05 0.73413 0.25103 0.91453 -1.2053 0.32772 0 395.49 -35.131 0.56163 0.018109 45802 4377 5543.7 0 0
2.152e+05 0.75891 0.24016 0.98811 -0.91207 0.29584 0 394.13 -34.455 0.56043 0.018109 45802 4377 5544.8 0 0
2.153e+05 0.74279 0.27559 0.92963 -1.1054 0.33339 0 362.39 -30.3 0.55924 0.018092 45802 4381 5545.8 0 0
2.154e+05 0.75216 0.2838 1.0203 -1.4164 0.30744 0 378.78 -28.316 0.55804 0.018084 45802 4383 5546.8 0 0
2.155e+05 0.74845 0.30989 1.0117 -1.2284 0.32224 0 392.46 -29.319 0.55684 0.018092 45802 4381 5547.7 0 0
2.156e+05 0.74144 0.30857 0.97996 -1.1751 0.30764 0 390.92 -30.119 0.55565 0.018084 45802 4383 5548.7 0 0
2.157e+05 0.77369 0.30168 1.0311 -1.5109 0.29593 0 389.12 -25.828 0.55445 0.018076 45802 4385 5549.7 0 0
2.158e+05 0.75422 0.28542 1.0034 -1.1857 0.30134 0 395.93 -27.979 0.55326 0.018063 45802 4388 5550.6 0 0
2.159e+05 0.76164 0.22492 0.89362 -1.348 0.31903 0 387.51 -39.622 0.55207 0.018043 45802 4393 5551.6 0 0
2.16e+05 0.68582 0.28812 0.90122 -1.1323 0.32181 0 397.18 -35.338 0.55089 0.018047 45803 4392 5552.6 0 0
2.161e+05 0.71308 0.28025 0.95025 -1.3108 0.32533 0 397.02 -33.84 0.54972 0.018054 45803 4390 5553.7 0 0
2.162e+05 0.74519 0.26169 0.96067 -1.0291 0.29298 0 402.29 -31.199 0.54853 0.018046 45804 4392 5554.7 0 0
2.163e+05 0.68517 0.23236 0.90671 -1.5391 0.33778 0 394.14 -45.695 0.54736 0.018042 45804 4393 5555.8 0 0
2.164e+05 0.71262 0.26521 0.92552 -1.3736 0.3273 0 388.22 -35.327 0.54619 0.018046 45805 4392 5556.9 0 0
2.165e+05 0.74397 0.26343 0.90274 -1.4141 0.30871 0 389.67 -31.012 0.54502 0.018043 45806 4393 5558 0 0
2.166e+05 0.72723 0.25816 0.92445 -1.2177 0.31875 0 397.55 -34.335 0.54383 0.01801 45806 4401 5559.1 0 0
2.167e+05 0.71778 0.2425 0.87067 -1.172 0.31167 0 391.63 -39.196 0.54266 0.018014 45806 4400 5560.3 0 0
2.168e+05 0.70069 0.23859 0.98461 -1.2877 0.31404 0 399.02 -42.011 0.54148 0.018019 45807 4399 5561.5 0 0
2.169e+05 0.7552 0.22862 0.98625 -1.2725 0.35606 0 418.31 -38.724 0.5403 0.018039 45807 4394 5562.6 0 0
2.17e+05 0.69242 0.24711 0.93205 -1.1905 0.33219 0 403.16 -40.605 0.53912 0.018027 45807 4397 5563.7 0 0
2.171e+05 0.71128 0.26333 0.94542 -1.3163 0.32247 0 382.35 -35.44 0.53794 0.018023 45807 4398 5564.9 0 0
2.172e+05 0.6888 0.27824 0.95134 -1.2145 0.32591 0 398.13 -35.748 0.53675 0.018011 45808 4401 5566 0 0
2.173e+05 0.67888 0.27501 0.85903 -1.2637 0.31737 0 409.38 -36.552 0.53557 0.017998 45808 4404 5567.2 0 0
2.174e+05 0.70483 0.27984 1.0023 -1.4836 0.31808 0 387.66 -34.008 0.53439 0.01799 45808 4406 5568.3 0 0
2.175e+05 0.66557 0.26627 0.85635 -1.1871 0.33211 0 405.59 -38.47 0.53321 0.01799 45808 4406 5569.4 0 0
2.176e+05 0.73285 0.22477 0.96181 -1.3214 0.31519 0 392.55 -42.48 0.53203 0.017982 45808 4408 5570.6 0 0
2.177e+05 0.71208 0.26984 0.97352 -1.3184 0.29188 0 381.87 -34.138 0.53085 0.01797 45808 4411 5571.8 0 0
2.178e+05 0.71028 0.23432 0.9334 -1.2386 0.3074 0 380.44 -42.087 0.52967 0.017958 45809 4414 5573 0 0
2.179e+05 0.75273 0.27567 1.0106 -1.1652 0.30886 0 365.29 -28.442 0.52849 0.017958 45809 4414 5574.1 0 0
2.18e+05 0.76914 0.24573 0.9466 -1.2274 0.30844 0 400.24 -31.918 0.52731 0.017962 45809 4413 5575.1 0 0
2.181e+05 0.70867 0.26672 0.89234 -1.3757 0.33188 0 391.15 -34.823 0.52614 0.01797 45809 4411 5576.1 0 0
2.182e+05 0.70518 0.26461 0.91192 -1.3384 0.33267 0 385.84 -35.506 0.52498 0.017938 45810 4419 5577.2 0 0
2.183e+05 0.7329 0.21505 0.95407 -1.1879 0.30411 0 408.33 -45.988 0.52381 0.017934 45810 4420 5578.3 0 0
2.184e+05 0.69304 0.2913 1.0065 -1.5364 0.32803 0 384.02 -34.444 0.52263 0.017934 45810 4420 5579.4 0 0
2.185e+05 0.74662 0.28276 0.95852 -1.3215 0.29858 0 375.51 -28.838 0.52146 0.017934 45810 4420 5580.6 0 0
2.186e+05 0.75582 0.28423 0.96942 -1.3649 0.34796 0 366.46 -27.681 0.52028 0.017943 45811 4418 5581.6 0 0
2.187e+05 0.70921 0.28312 0.94226 -1.3458 0.31875 0 360.45 -33.351 0.51912 0.017928 45811 4422 5582.7 0 0
2.188e+05 0.70235 0.2968 0.94255 -1.3494 0.32531 0 370.97 -33.643 0.51795 0.017924 45812 4423 5583.8 0 0
2.189e+05 0.68998 0.27499 0.98087 -1.1445 0.32724 0 392.86 -35.682 0.51679 0.017924 45812 4423 5584.9 0 0
2.19e+05 0.67652 0.24199 0.89975 -1.3978 0.30699 0 386.21 -43.044 0.51574 0.017895 45816 4424 5586 0 0
2.191e+05 0.74914 0.23202 0.95636 -1.384 0.33896 0 394.12 -37.66 0.51465 0.017883 45819 4427 5587.2 0 0
2.192e+05 0.75626 0.24327 0.93154 -1.1844 0.31694 0 390.66 -33.45 0.51349 0.017891 45820 4425 5588.3 0 0
2.193e+05 0.69773 0.25946 0.93513 -1.269 0.31814 0 382.41 -36.643 0.51232 0.01787 45820 4430 5589.5 0 0
2.194e+05 0.72203 0.25336 0.95112 -1.291 0.30348 0 383.53 -35.098 0.51115 0.017862 45820 4432 5590.7 0 0
2.195e+05 0.7034 0.26479 0.94623 -1.2917 0.32222 0 373.08 -35.157 0.50997 0.017846 45820 4436 5591.8 0 0
2.196e+05 0.70729 0.23222 0.93167 -1.5347 0.30742 0 398.5 -42.593 0.5088 0.017846 45820 4436 5592.9 0 0
2.197e+05 0.7384 0.23015 1.0033 -1.2042 0.36989 0 394.92 -39.49 0.50763 0.017838 45820 4438 5594.1 0 0
2.198e+05 0.66912 0.27625 0.88161 -1.3153 0.30373 0 396.94 -36.767 0.50646 0.017842 45820 4437 5595.2 0 0
2.199e+05 0.67173 0.25541 0.90967 -1.3914 0.30967 0 406.99 -39.626 0.50528 0.017822 45820 4442 5596.4 0 0
2.2e+05 0.71569 0.28535 0.93929 -1.2619 0.33217 0 391.8 -32.586 0.50411 0.017806 45820 4446 5597.5 0 0
2.201e+05 0.75286 0.2671 0.93597 -1.4535 0.30504 0 401.54 -29.145 0.50294 0.017814 45820 4444 5598.6 0 0
2.202e+05 0.7087 0.22151 0.9727 -1.2318 0.33488 0 397.12 -45.967 0.50177 0.017806 45820 4446 5599.9 0 0
2.203e+05 0.73527 0.26451 0.98168 -1.6698 0.31324 0 416.6 -31.381 0.5006 0.017798 45820 4448 5601.1 0 0
2.204e+05 0.74745 0.23746 0.88619 -1.2387 0.31146 0 425.3 -35.686 0.49943 0.017806 45820 4446 5602.3 0 0
2.205e+05 0.71477 0.29024 0.96143 -1.2393 0.31857 0 410.71 -32.495 0.49826 0.01781 45820 4445 5603.5 0 0
2.206e+05 0.68696 0.2483 0.8876 -1.4796 0.33876 0 416.79 -40.026 0.4971 0.017798 45820 4448 5604.6 0 0
2.207e+05 0.74691 0.24147 0.95417 -1.1472 0.33848 0 404.92 -34.493 0.49593 0.017786 45820 4451 5605.7 0 0
2.208e+05 0.66058 0.27171 0.83049 -1.2267 0.3194 0 404.29 -37.631 0.49476 0.017774 45820 4454 5606.8 0 0
2.209e+05 0.72349 0.28866 0.9395 -1.247 0.30805 0 407.78 -31.574 0.49359 0.017774 45820 4454 5608 0 0
2.21e+05 0.68926 0.28669 0.9082 -1.2374 0.29478 0 399.37 -34.562 0.49243 0.017774 45820 4454 5609.1 0 0
2.211e+05 0.69241 0.23941 0.88076 -1.6018 0.31956 0 420.08 -41.6 0.49127 0.017778 45820 4453 5610.4 0 0
2.212e+05 0.71811 0.2761 0.96706 -1.3148 0.32004 0 423.45 -32.239 0.4901 0.01777 45820 4455 5611.7 0 0
2.213e+05 0.68291 0.24979 0.88655 -1.2223 0.30789 0 409.13 -39.802 0.48894 0.017762 45820 4457 5613 0 0
2.214e+05 0.68189 0.25468 0.86619 -1.2441 0.34572 0 420.49 -38.735 0.48777 0.01777 45820 4455 5614.2 0 0
2.215e+05 0.72174 0.27171 0.91754 -1.2155 0.33783 0 403.21 -32.099 0.48661 0.017774 45820 4454 5615.3 0 0
2.216e+05 0.70252 0.25186 0.89102 -1.2818 0.32495 0 412.68 -37.073 0.48545 0.017782 45820 4452 5616.6 0 0
2.217e+05 0.71112 0.28118 0.97118 -1.3669 0.31189 0 387.58 -32.835 0.48428 0.017778 45820 4453 5617.7 0 0
2.218e+05 0.68465 0.27611 0.93154 -1.2782 0.33122 0 375.73 -35.63 0.48312 0.017774 45820 4454 5618.8 0 0
2.219e+05 0.65586 0.26599 0.82152 -1.353 0.31047 0 380.31 -38.275 0.48196 0.017762 45820 4457 5619.9 0 0
2.22e+05 0.64485 0.23897 0.85158 -1.1115 0.32986 0 351.85 -43.837 0.4808 0.017762 45820 4457 5621.2 0 0
2.221e+05 0.64897 0.28197 0.85601 -1.491 0.30295 0 404.15 -36.866 0.47964 0.017754 45820 4459 5622.4 0 0
2.222e+05 0.64607 0.28338 0.8527 -1.1505 0.31424 0 413.36 -36.875 0.47848 0.017738 45820 4463 5623.5 0 0
2.223e+05 0.65158 0.25717 0.82576 -1.2317 0.31723 0 390.99 -39.703 0.47732 0.01775 45820 4460 5624.7 0 0
2.224e+05 0.63339 0.29775 0.86684 -1.3198 0.32727 0 390.99 -36.99 0.47616 0.017742 45820 4462 5625.9 0 0
2.225e+05 0.65797 0.22748 0.82846 -1.1792 0.30602 0 405.46 -47.058 0.475 0.017738 45820 4463 5627.1 0 0
2.226e+05 0.68361 0.2615 0.87325 -1.3356 0.31575 0 387.85 -36.81 0.47384 0.017734 45820 4464 5628.3 0 0
2.227e+05 0.6489 0.2791 0.83796 -1.0979 0.32747 0 393.33 -36.863 0.47268 0.017726 45820 4466 5629.5 0 0
2.228e+05 0.66488 0.29706 0.93007 -1.2566 0.32973 0 389.61 -36.245 0.47153 0.017726 45820 4466 5630.7 0 0
2.229e+05 0.65744 0.24543 0.86629 -1.2434 0.31413 0 394.37 -41.918 0.47037 0.017723 45820 4467 5631.9 0 0
2.23e+05 0.68174 0.26424 0.91356 -1.1597 0.31464 0 394.51 -36.394 0.46922 0.017723 45820 4467 5633.2 0 0
2.231e+05 0.68215 0.27656 0.88154 -1.0527 0.33423 0 385.67 -35.425 0.46806 0.017707 45820 4471 5634.4 0 0
2.232e+05 0.6983 0.26032 0.90151 -1.3082 0.3269 0 395.62 -35.465 0.46691 0.017707 45820 4471 5635.5 0 0
2.233e+05 0.68576 0.24646 0.82362 -1.2227 0.30126 0 403.16 -39.582 0.46575 0.017699 45820 4473 5636.8 0 0
2.234e+05 0.68229 0.26431 0.87077 -1.1685 0.34485 0 381.13 -36.216 0.4646 0.017695 45820 4474 5638.1 0 0
2.235e+05 0.70402 0.29456 0.95711 -1.091 0.33277 0 378.98 -33.255 0.46344 0.017703 45820 4472 5639.3 0 0
2.236e+05 0.68606 0.24215 0.87136 -1.17 0.32671 0 395.7 -40.659 0.46229 0.017703 45820 4472 5640.5 0 0
2.237e+05 0.70317 0.22602 0.91624 -1.0879 0.30727 0 418.66 -44.223 0.46114 0.017699 45820 4473 5641.7 0 0
2.238e+05 0.71484 0.25145 0.94521 -1.4629 0.33155 0 386.96 -35.53 0.45999 0.017695 45820 4474 5642.9 0 0
2.239e+05 0.71493 0.23467 0.92995 -1.2039 0.31694 0 404.59 -40.031 0.45883 0.017699 45820 4473 5644 0 0
2.24e+05 0.72475 0.26641 1.0032 -1.3615 0.31071 0 408.95 -32.171 0.45768 0.017687 45820 4476 5645.1 0 0
2.241e+05 0.74058 0.26918 0.93852 -1.5476 0.33766 0 415.79 -30.223 0.45653 0.017687 45820 4476 5646.2 0 0
2.242e+05 0.66985 0.27078 0.90782 -1.1401 0.31932 0 391.66 -36.14 0.45538 0.017691 45820 4475 5647.4 0 0
2.243e+05 0.72105 0.29201 0.96894 -1.073 0.30073 0 407.81 -31.818 0.45424 0.017687 45821 4476 5648.4 0 0
2.244e+05 0.7927 0.20352 1.0506 -1.1703 0.31015 0 395.07 -46.974 0.45309 0.017683 45821 4477 5649.5 0 0
2.245e+05 0.74743 0.22036 0.95976 -1.3776 0.30324 0 418.62 -41.793 0.45194 0.017679 45821 4478 5650.6 0 0
2.246e+05 0.75187 0.2692 1.0301 -1.2574 0.3098 0 393.89 -28.796 0.4508 0.017675 45821 4479 5651.8 0 0
2.247e+05 0.72787 0.30098 1.0005 -1.4049 0.3176 0 401.3 -31.157 0.44965 0.017687 45821 4476 5652.8 0 0
2.248e+05 0.75637 0.28718 1.0361 -1.0786 0.32964 0 403.73 -27.501 0.4485 0.017683 45821 4477 5653.8 0 0
2.249e+05 0.77105 0.2819 0.97604 -1.4432 0.31055 0 417.63 -26.055 0.44736 0.017683 45821 4477 5654.9 0 0
2.25e+05 0.71044 0.28326 0.9608 -1.3379 0.3146 0 397.73 -32.427 0.44621 0.017675 45821 4479 5656 0 0
2.251e+05 0.66636 0.28436 0.89065 -1.3949 0.34096 0 406.56 -35.583 0.44507 0.017671 45821 4480 5657.2 0 0
2.252e+05 0.67506 0.28048 0.88816 -1.2003 0.31582 0 396.24 -35 0.44392 0.017675 45821 4479 5658.3 0 0
2.253e+05 0.66391 0.27169 0.90669 -1.3166 0.31157 0 400.73 -36.132 0.44278 0.017675 45821 4479 5659.4 0 0
2.254e+05 0.6732 0.27294 0.87986 -1.409 0.31463 0 403.04 -35.51 0.44163 0.017675 45821 4479 5660.6 0 0
2.255e+05 0.67038 0.27131 0.89644 -1.3521 0.31013 0 393.68 -35.807 0.44049 0.017671 45821 4480 5661.7 0 0
2.256e+05 0.65819 0.29861 0.83187 -1.2176 0.30329 0 402.46 -36.189 0.43935 0.017671 45821 4480 5662.9 0 0
2.257e+05 0.68523 0.29938 0.88856 -1.31 0.29274 0 390.67 -34.721 0.43821 0.017667 45821 4481 5664.1 0 0
2.258e+05 0.62367 0.23537 0.83084 -1.3615 0.31939 0 396.84 -42.575 0.43707 0.017659 45821 4483 5665.3 0 0
2.259e+05 0.67065 0.24188 0.90362 -1.4342 0.33118 0 392.87 -41.33 0.43593 0.017652 45821 4485 5666.5 0 0
2.26e+05 0.64905 0.22868 0.82174 -1.1993 0.31444 0 393.24 -46.016 0.43479 0.017655 45821 4484 5667.6 0 0
2.261e+05 0.7278 0.26604 0.96104 -1.3483 0.33033 0 384.4 -31.604 0.43365 0.017659 45821 4483 5668.7 0 0
2.262e+05 0.71301 0.2942 0.95504 -1.1502 0.31825 0 401.45 -32.086 0.43251 0.017663 45821 4482 5669.8 0 0
2.263e+05 0.7104 0.253 0.91703 -1.312 0.32244 0 395.46 -35.177 0.43138 0.017663 45821 4482 5670.9 0 0
2.264e+05 0.70723 0.29597 0.90423 -1.4665 0.30397 0 407.51 -32.567 0.43024 0.017663 45821 4482 5671.9 0 0
2.265e+05 0.72222 0.29904 0.96476 -1.1445 0.33892 0 378.53 -31.516 0.4291 0.017652 45821 4485 5672.9 0 0
2.266e+05 0.67276 0.26833 0.87286 -1.1032 0.31486 0 394.52 -35.661 0.42797 0.017659 45821 4483 5674 0 0
2.267e+05 0.70365 0.27943 0.96419 -1.3048 0.32779 0 382.25 -32.612 0.42683 0.017648 45821 4486 5675.1 0 0
2.268e+05 0.68621 0.26071 0.93158 -1.3358 0.2992 0 407.56 -35.765 0.4257 0.017654 45822 4484 5676.2 0 0
2.269e+05 0.70479 0.21931 0.9766 -1.2329 0.29848 0 384.77 -46.004 0.42456 0.017658 45822 4483 5677.3 0 0
2.27e+05 0.72028 0.30516 0.93805 -1.0304 0.34548 0 379.18 -32.035 0.42343 0.017631 45822 4490 5678.4 0 0
2.271e+05 0.69204 0.28161 0.933 -1.2121 0.35025 0 383.94 -33.498 0.42229 0.017635 45822 4489 5679.5 0 0
2.272e+05 0.66811 0.28084 0.89495 -1.3242 0.32725 0 399.69 -35.089 0.42116 0.017635 45822 4489 5680.6 0 0
2.273e+05 0.69435 0.26658 0.83489 -1.3488 0.31707 0 410.67 -34.133 0.42002 0.017643 45822 4487 5681.7 0 0
2.274e+05 0.73375 0.27341 0.95465 -1.3214 0.33356 0 404.48 -30.028 0.41889 0.017643 45822 4487 5682.8 0 0
2.275e+05 0.68045 0.22855 0.86911 -1.2946 0.32657 0 408.38 -45.181 0.41776 0.01765 45822 4485 5684.1 0 0
2.276e+05 0.68531 0.22542 0.90859 -1.27 0.32262 0 417.92 -45.579 0.41663 0.017639 45822 4488 5685.3 0 0
2.277e+05 0.65863 0.2285 0.82756 -1.2802 0.30061 0 384.57 -46.024 0.41549 0.017635 45822 4489 5686.6 0 0
2.278e+05 0.67753 0.23312 0.8909 -1.3566 0.31901 0 399.05 -43.589 0.41436 0.017619 45822 4493 5687.9 0 0
2.279e+05 0.75114 0.21015 0.93117 -1.2439 0.31717 0 393.61 -45.804 0.41323 0.017611 45822 4495 5689.2 0 0
2.28e+05 0.7165 0.25212 0.90585 -1.2334 0.30795 0 365.22 -34.282 0.4121 0.017607 45822 4496 5690.5 0 0
2.281e+05 0.70245 0.22881 0.8777 -1.0879 0.34103 0 383.05 -42.302 0.41097 0.017603 45822 4497 5691.7 0 0
2.282e+05 0.67475 0.23906 0.88636 -1.1715 0.31594 0 403.74 -41.594 0.40984 0.017603 45822 4497 5693.1 0 0
2.283e+05 0.72885 0.25397 0.96761 -1.1578 0.31963 0 374.29 -33.03 0.40871 0.017595 45822 4499 5694.2 0 0
2.284e+05 0.65613 0.24978 0.83344 -1.0797 0.308 0 398.96 -40.095 0.40758 0.017615 45822 4494 5695.3 0 0
2.285e+05 0.6693 0.23411 0.9403 -1.4739 0.31901 0 375.78 -43.495 0.40646 0.017619 45822 4493 5696.5 0 0
2.286e+05 0.7134 0.25359 0.93193 -0.93622 0.31435 0 372.34 -34.139 0.40534 0.017611 45822 4495 5697.8 0 0
2.287e+05 0.71891 0.21628 0.95056 -1.3036 0.31238 0 380.61 -45.262 0.40421 0.017607 45822 4496 5699.1 0 0
2.288e+05 0.73023 0.21927 0.92434 -0.94261 0.3507 0 366.2 -43.4 0.40308 0.017607 45822 4496 5700.3 0 0
2.289e+05 0.72367 0.27226 0.90173 -1.4532 0.31203 0 382.19 -30.931 0.40196 0.017599 45822 4498 5701.6 0 0
2.29e+05 0.67697 0.21974 0.83684 -1.2323 0.32156 0 388.7 -47.495 0.40083 0.017603 45822 4497 5702.8 0 0
2.291e+05 0.69505 0.25603 0.92887 -1.555 0.30085 0 384.54 -35.5 0.39971 0.017599 45822 4498 5704 0 0
2.292e+05 0.75162 0.21658 0.96986 -1.3417 0.30732 0 374.09 -42.818 0.39858 0.017595 45822 4499 5705.3 0 0
2.293e+05 0.72569 0.24813 0.90385 -1.3491 0.33036 0 385.15 -34.234 0.39746 0.017592 45822 4500 5706.5 0 0
2.294e+05 0.69186 0.27742 0.90749 -1.4015 0.34628 0 359.32 -33.576 0.39633 0.017588 45822 4501 5707.6 0 0
2.295e+05 0.68861 0.27086 0.91947 -1.5048 0.36093 0 390.95 -34.084 0.39521 0.017588 45822 4501 5708.7 0 0
2.296e+05 0.73354 0.23744 0.90028 -1.3832 0.33407 0 379.93 -36.176 0.39409 0.017584 45822 4502 5709.8 0 0
2.297e+05 0.67693 0.22006 0.8801 -1.4047 0.30003 0 404.64 -47.261 0.39297 0.017588 45822 4501 5710.9 0 0
2.298e+05 0.74393 0.26092 0.91047 -1.1872 0.31594 0 380.21 -30.178 0.39185 0.017591 45822 4500 5712 0 0
2.299e+05 0.66621 0.29453 0.89921 -1.1677 0.33064 0 378.36 -35.55 0.39073 0.017584 45823 4502 5713.1 0 0
2.3e+05 0.67517 0.27164 0.9208 -1.0936 0.30627 0 399.14 -34.821 0.38961 0.01758 45823 4503 5714.2 0 0
2.301e+05 0.67662 0.25436 0.90326 -1.2291 0.34014 0 407.4 -37.292 0.38849 0.017584 45823 4502 5715.2 0 0
2.302e+05 0.69735 0.27096 0.83393 -1.1049 0.3257 0 388.07 -33.029 0.38737 0.01758 45823 4503 5716.3 0 0
2.303e+05 0.6999 0.30375 0.96561 -1.2997 0.34221 0 366.95 -33.255 0.38625 0.017576 45823 4504 5717.4 0 0
2.304e+05 0.70783 0.29978 0.91051 -1.1186 0.34129 0 413.19 -32.227 0.38514 0.01758 45823 4503 5718.5 0 0
2.305e+05 0.68157 0.29124 0.88189 -1.3084 0.33178 0 384.48 -34.003 0.38402 0.017588 45823 4501 5719.6 0 0
2.306e+05 0.70244 0.28198 0.9597 -1.2952 0.31346 0 391.41 -32.006 0.3829 0.017596 45823 4499 5720.7 0 0
2.307e+05 0.70296 0.30156 0.90912 -1.2548 0.31411 0 384.69 -32.699 0.38178 0.017592 45823 4500 5721.8 0 0
2.308e+05 0.70047 0.27258 0.94246 -1.2383 0.32167 0 392.51 -32.49 0.38066 0.017588 45823 4501 5723 0 0
2.309e+05 0.73438 0.28559 0.95435 -1.148 0.31823 0 384.63 -29.463 0.37955 0.017584 45823 4502 5724 0 0
2.31e+05 0.72098 0.25885 0.96235 -1.0831 0.29607 0 377.31 -32.242 0.37843 0.017568 45823 4506 5725.1 0 0
2.311e+05 0.65937 0.29023 0.92459 -1.0858 0.33286 0 393.28 -35.216 0.37732 0.017568 45823 4506 5726.2 0 0
2.312e+05 0.68658 0.26675 0.86851 -1.2814 0.32601 0 382.73 -33.91 0.3762 0.017564 45823 4507 5727.5 0 0
2.313e+05 0.69536 0.25075 0.89421 -1.3451 0.31198 0 401.95 -36.173 0.37509 0.017568 45823 4506 5728.7 0 0
2.314e+05 0.69734 0.24987 0.91043 -1.0942 0.33229 0 366.34 -36.148 0.37397 0.017572 45823 4505 5729.8 0 0
2.315e+05 0.6858 0.24113 0.96611 -1.2363 0.32982 0 355.51 -39.326 0.37286 0.017568 45823 4506 5731 0 0
2.316e+05 0.71719 0.26097 0.85425 -1.2582 0.30828 0 375.32 -32.131 0.37175 0.017576 45823 4504 5732.2 0 0
2.317e+05 0.6774 0.27974 0.89556 -1.1678 0.30563 0 378.72 -33.563 0.37063 0.01758 45823 4503 5733.3 0 0
2.318e+05 0.6507 0.20211 0.85049 -1.3969 0.31978 0 376.5 -49.889 0.36952 0.01758 45823 4503 5734.6 0 0
2.319e+05 0.68953 0.22493 0.94995 -1.2576 0.31432 0 383.74 -43.874 0.36841 0.017568 45823 4506 5735.8 0 0
2.32e+05 0.64345 0.24524 0.86421 -1.327 0.32689 0 363.7 -41.376 0.3673 0.017557 45823 4509 5737.1 0 0
2.321e+05 0.67808 0.23584 0.92587 -1.3386 0.3143 0 376.57 -41.428 0.36619 0.017557 45823 4509 5738.2 0 0
2.322e+05 0.69858 0.24953 0.95333 -1.2437 0.32942 0 383.19 -35.827 0.36508 0.017549 45823 4511 5739.4 0 0
2.323e+05 0.68158 0.25805 0.86435 -1.1604 0.32841 0 382.61 -35.391 0.36397 0.017541 45823 4513 5740.5 0 0
2.324e+05 0.66576 0.28768 0.9424 -1.4976 0.32764 0 367.92 -34.592 0.36286 0.017537 45823 4514 5741.6 0 0
2.325e+05 0.71054 0.32594 0.93667 -1.1859 0.32361 0 375.04 -32.809 0.36175 0.017541 45823 4513 5742.7 0 0
2.326e+05 0.7087 0.30595 0.90649 -1.3824 0.32479 0 357.37 -32.372 0.36064 0.017537 45823 4514 5743.8 0 0
2.327e+05 0.66042 0.27262 0.90958 -1.114 0.35808 0 365.83 -35.112 0.35953 0.017537 45823 4514 5744.9 0 0
2.328e+05 0.66502 0.23127 0.85088 -1.2442 0.32599 0 372.17 -43.907 0.35843 0.017533 45823 4515 5746.1 0 0
2.329e+05 0.65173 0.25324 0.84095 -1.3471 0.32582 0 367.67 -39.11 0.35732 0.017525 45823 4517 5747.3 0 0
2.33e+05 0.71706 0.24331 0.9391 -1.0473 0.32643 0 368.47 -35.739 0.35621 0.017537 45823 4514 5748.5 0 0
2.331e+05 0.68798 0.2606 0.92866 -0.98768 0.33998 0 382.15 -34.181 0.35511 0.017541 45823 4513 5749.7 0 0
2.332e+05 0.70695 0.2517 0.91651 -0.99548 0.32271 0 382.09 -34.479 0.354 0.017533 45823 4515 5750.8 0 0
2.333e+05 0.67062 0.23319 0.81641 -1.0737 0.32309 0 387.7 -42.523 0.3529 0.017541 45823 4513 5751.9 0 0
2.334e+05 0.68547 0.22006 0.88364 -1.3266 0.31144 0 350.62 -45.536 0.35179 0.017541 45823 4513 5753.2 0 0
2.335e+05 0.67455 0.32851 0.92497 -1.3752 0.35037 0 375.24 -35.457 0.35069 0.017525 45823 4517 5754.4 0 0
2.336e+05 0.65743 0.28724 0.89775 -1.0505 0.35072 0 375.39 -35.006 0.34958 0.017522 45823 4518 5755.5 0 0
2.337e+05 0.70045 0.28573 0.98163 -1.2743 0.34782 0 379.13 -31.601 0.34848 0.017525 45823 4517 5756.6 0 0
2.338e+05 0.6951 0.25272 0.95891 -1.3209 0.36948 0 371.25 -34.945 0.34738 0.017522 45823 4518 5757.7 0 0
2.339e+05 0.68592 0.31046 0.95767 -1.1538 0.33641 0 364.24 -34.405 0.34628 0.017529 45823 4516 5758.9 0 0
2.34e+05 0.73689 0.25267 0.93437 -1.454 0.31376 0 365.16 -32.056 0.34517 0.017525 45823 4517 5759.9 0 0
2.341e+05 0.67898 0.26285 0.92145 -1.264 0.32353 0 405.06 -34.203 0.34407 0.017506 45823 4522 5761.1 0 0
2.342e+05 0.68623 0.25103 0.7908 -1.5557 0.34745 0 369.13 -35.925 0.34297 0.017491 45823 4526 5762.2 0 0
2.343e+05 0.69937 0.24529 0.83444 -1.3975 0.35394 0 411.1 -36.256 0.34187 0.017491 45823 4526 5763.3 0 0
2.344e+05 0.70689 0.25812 0.969 -1.5132 0.31233 0 390.81 -32.837 0.34077 0.017479 45823 4529 5764.3 0 0
2.345e+05 0.64789 0.31118 0.88498 -1.2485 0.31539 0 389.31 -36.837 0.33967 0.017487 45823 4527 5765.4 0 0
2.346e+05 0.67039 0.27782 0.92772 -0.88735 0.31827 0 391.03 -33.573 0.33857 0.017475 45823 4530 5766.5 0 0
2.347e+05 0.67597 0.25462 0.92178 -1.1077 0.31112 0 382.72 -35.875 0.33748 0.017475 45823 4530 5767.5 0 0
2.348e+05 0.68466 0.28838 0.95449 -1.3719 0.31853 0 380.63 -32.445 0.33638 0.017479 45823 4529 5768.6 0 0
2.349e+05 0.69085 0.23641 0.8917 -1.1791 0.32219 0 392 -39.734 0.33528 0.017471 45823 4531 5769.7 0 0
2.35e+05 0.71067 0.24044 0.87983 -1.3246 0.31661 0 381.6 -36.606 0.33418 0.017467 45823 4532 5770.8 0 0
2.351e+05 0.74489 0.263 0.96932 -1.3575 0.31451 0 370.56 -29.674 0.33309 0.017464 45823 4533 5772 0 0
2.352e+05 0.65922 0.30978 0.84855 -1.2689 0.32183 0 366.24 -36.424 0.33199 0.01746 45823 4534 5773.1 0 0
2.353e+05 0.71848 0.25339 0.96363 -1.1763 0.32583 0 366.4 -32.882 0.33089 0.017464 45823 4533 5774.2 0 0
2.354e+05 0.69452 0.29321 0.91659 -1.2087 0.30064 0 382.16 -32.014 0.3298 0.017464 45823 4533 5775.2 0 0
2.355e+05 0.72774 0.28172 0.93168 -1.2093 0.33028 0 354.72 -29.542 0.32871 0.01746 45823 4534 5776.2 0 0
2.356e+05 0.65638 0.25911 0.88877 -1.2104 0.31797 0 369.24 -36.983 0.32761 0.017456 45823 4535 5777.3 0 0
2.357e+05 0.73577 0.2794 1.0156 -1.2886 0.32148 0 360.9 -28.984 0.32652 0.017467 45823 4532 5778.4 0 0
2.358e+05 0.70163 0.2938 0.88843 -1.0331 0.32476 0 377 -31.277 0.32542 0.017464 45823 4533 5779.6 0 0
2.359e+05 0.74515 0.27392 0.91384 -1.2632 0.32049 0 363.19 -28.514 0.32433 0.017467 45823 4532 5780.6 0 0
2.36e+05 0.72632 0.29911 0.95962 -1.0552 0.29529 0 377.6 -30.376 0.32324 0.017464 45823 4533 5781.7 0 0
2.361e+05 0.71382 0.26972 0.94767 -1.3265 0.3472 0 387.66 -30.568 0.32215 0.01746 45823 4534 5782.7 0 0
2.362e+05 0.69942 0.28133 0.97172 -1.1621 0.30853 0 361.64 -30.912 0.32105 0.017456 45823 4535 5783.7 0 0
2.363e+05 0.6628 0.29371 0.90851 -1.1202 0.34823 0 386.09 -34.555 0.31996 0.01746 45823 4534 5784.8 0 0
2.364e+05 0.74525 0.28778 0.91306 -1.4098 0.30229 0 379.78 -28.423 0.31887 0.01746 45823 4534 5785.7 0 0
2.365e+05 0.72449 0.28303 0.94696 -1.1138 0.31069 0 389.17 -29.452 0.31778 0.01746 45823 4534 5786.8 0 0
2.366e+05 0.7034 0.27624 0.98818 -1.2423 0.30306 0 385.76 -30.638 0.31669 0.01746 45823 4534 5787.8 0 0
2.367e+05 0.6528 0.26576 0.90613 -1.2933 0.34579 0 374.98 -36.125 0.31561 0.017464 45823 4533 5788.8 0 0
2.368e+05 0.70124 0.26111 0.93797 -1.288 0.32171 0 366.14 -32.042 0.31452 0.017471 45823 4531 5789.9 0 0
2.369e+05 0.71721 0.26649 0.96155 -1.445 0.31598 0 373.68 -30.281 0.31343 0.017471 45823 4531 5790.9 0 0
2.37e+05 0.72868 0.26344 0.95115 -1.4086 0.36558 0 366.03 -30.357 0.31234 0.017475 45823 4530 5792 0 0
2.371e+05 0.71718 0.25156 0.9525 -1.0284 0.3328 0 366.81 -32.921 0.31125 0.017475 45823 4530 5793.1 0 0
2.372e+05 0.728 0.26153 0.99975 -1.1879 0.31136 0 363.64 -30.593 0.31017 0.017471 45823 4531 5794.1 0 0
2.373e+05 0.69393 0.30529 0.97568 -1.3727 0.34767 0 348.62 -32.939 0.30908 0.017467 45823 4532 5795.1 0 0
2.374e+05 0.72318 0.29718 0.95517 -1.4324 0.31672 0 369.28 -30.063 0.30799 0.017471 45823 4531 5796.2 0 0
2.375e+05 0.7539 0.28143 0.9844 -1.3554 0.33533 0 398.87 -27.238 0.30691 0.017475 45823 4530 5797.2 0 0
2.376e+05 0.7667 0.28155 1.025 -1.1527 0.33103 0 374.3 -26.303 0.30582 0.017467 45823 4532 5798.1 0 0
2.377e+05 0.71638 0.28184 0.95239 -1.2843 0.31498 0 376.12 -29.508 0.30474 0.01746 45823 4534 5799.2 0 0
2.378e+05 0.70067 0.26391 0.93516 -1.1409 0.29933 0 386.75 -31.421 0.30366 0.01746 45823 4534 5800.2 0 0
2.379e+05 0.6919 0.24888 0.93776 -1.2312 0.31915 0 380.47 -35.325 0.30257 0.017464 45823 4533 5801.3 0 0
2.38e+05 0.68268 0.21551 0.89843 -1.2291 0.34257 0 370.89 -47.337 0.30149 0.01746 45823 4534 5802.3 0 0
2.381e+05 0.75868 0.26837 0.92056 -1.52 0.3459 0 387.07 -27.792 0.3004 0.017464 45823 4533 5803.4 0 0
2.382e+05 0.6688 0.23654 0.85675 -1.3668 0.31535 0 365.99 -41.158 0.29932 0.017464 45823 4533 5804.5 0 0
2.383e+05 0.72619 0.23248 0.96633 -1.3434 0.33637 0 361.27 -37.502 0.29824 0.017452 45823 4536 5805.7 0 0
2.384e+05 0.70473 0.29529 0.91699 -1.2987 0.3607 0 376.34 -30.762 0.29716 0.017456 45823 4535 5806.7 0 0
2.385e+05 0.7174 0.24736 0.9199 -1.1423 0.32271 0 365.43 -33.564 0.29608 0.01746 45823 4534 5807.8 0 0
2.386e+05 0.72387 0.2713 0.96711 -1.2987 0.3085 0 377.24 -29.16 0.295 0.017456 45823 4535 5808.8 0 0
2.387e+05 0.71782 0.27808 0.92492 -1.2149 0.30345 0 375.63 -29.187 0.29392 0.017456 45823 4535 5809.7 0 0
2.388e+05 0.7318 0.26572 0.90876 -1.4358 0.29921 0 395.11 -29.343 0.29284 0.017464 45823 4533 5810.8 0 0
2.389e+05 0.68374 0.29882 0.97362 -1.3096 0.32306 0 391.79 -32.897 0.29176 0.017464 45823 4533 5812 0 0
2.39e+05 0.69573 0.2971 0.89055 -1.2654 0.32721 0 378.11 -31.59 0.29068 0.017452 45823 4536 5813.2 0 0
2.391e+05 0.66785 0.28779 0.9188 -1.2063 0.31684 0 376.84 -33.676 0.2896 0.017448 45823 4537 5814.2 0 0
2.392e+05 0.68451 0.30438 0.98762 -1.2718 0.30711 0 399.97 -33.382 0.28852 0.017456 45823 4535 5815.3 0 0
2.393e+05 0.68674 0.28216 0.93256 -1.1802 0.31779 0 387.91 -31.295 0.28745 0.017448 45823 4537 5816.4 0 0
2.394e+05 0.73179 0.29637 0.91761 -1.4022 0.32533 0 400.06 -29.113 0.28637 0.017456 45823 4535 5817.4 0 0
2.395e+05 0.67485 0.32564 0.95633 -1.5601 0.31216 0 386.65 -35.722 0.2853 0.017429 45823 4542 5818.5 0 0
2.396e+05 0.70833 0.28039 0.99553 -1.4173 0.33619 0 379.94 -29.57 0.28422 0.017433 45823 4541 5819.6 0 0
2.397e+05 0.73138 0.24794 0.90285 -1.0782 0.31111 0 398.25 -32.599 0.28314 0.017421 45823 4544 5820.6 0 0
2.398e+05 0.67977 0.29797 0.91332 -1.3216 0.3356 0 408.09 -32.773 0.28207 0.01741 45823 4547 5821.7 0 0
2.399e+05 0.7091 0.26829 0.90585 -1.2253 0.33998 0 392.28 -30.197 0.28099 0.017402 45823 4549 5822.7 0 0
2.4e+05 0.66158 0.2677 0.82474 -1.3226 0.34178 0 416.57 -34.544 0.27992 0.017425 45823 4543 5823.8 0 0
2.401e+05 0.68383 0.26694 0.87794 -1.2851 0.31271 0 398.7 -32.193 0.27885 0.017421 45823 4544 5824.9 0 0
2.402e+05 0.70207 0.26275 0.91868 -1.3524 0.31832 0 396.34 -30.96 0.27777 0.017417 45823 4545 5825.9 0 0
2.403e+05 0.71276 0.27231 0.95235 -1.255 0.31338 0 393.58 -29.539 0.2767 0.017417 45823 4545 5827 0 0
2.404e+05 0.7013 0.30651 0.93866 -0.90984 0.31734 0 395.36 -32.029 0.27563 0.017417 45823 4545 5828 0 0
2.405e+05 0.7234 0.29349 1.0053 -1.3684 0.34384 0 374.34 -28.911 0.27456 0.017429 45823 4542 5829 0 0
2.406e+05 0.75189 0.30134 0.97478 -1.3233 0.31171 0 379.56 -27.858 0.27349 0.017429 45823 4542 5830 0 0
2.407e+05 0.69475 0.32347 0.90071 -1.3189 0.35426 0 376.5 -34.307 0.27242 0.017421 45823 4544 5831.1 0 0
2.408e+05 0.75079 0.30014 0.99809 -1.247 0.32043 0 358.32 -27.874 0.27135 0.017421 45823 4544 5832.1 0 0
2.409e+05 0.74251 0.27736 0.95569 -1.19 0.35346 0 381.15 -27.624 0.27028 0.017414 45823 4546 5833.1 0 0
2.41e+05 0.70564 0.30039 0.91102 -1.3672 0.37409 0 342.14 -30.597 0.26921 0.017417 45823 4545 5834.1 0 0
2.411e+05 0.71979 0.30158 0.94429 -1.1423 0.36099 0 366.98 -29.79 0.26814 0.017444 45823 4538 5835.1 0 0
2.412e+05 0.71749 0.27383 0.91919 -1.3414 0.32514 0 379.19 -28.935 0.26708 0.017444 45823 4538 5836.2 0 0
2.413e+05 0.69115 0.23959 0.87855 -1.134 0.37254 0 382.8 -37.875 0.26601 0.017448 45823 4537 5837.3 0 0
2.414e+05 0.70363 0.21549 0.95173 -1.5701 0.30557 0 373.18 -45.429 0.26494 0.01744 45823 4539 5838.6 0 0
2.415e+05 0.69151 0.2366 0.88674 -0.95034 0.31975 0 402.15 -38.846 0.26388 0.01744 45823 4539 5839.8 0 0
2.416e+05 0.72018 0.21333 0.90131 -1.1452 0.35253 0 393.9 -45.302 0.26281 0.017448 45823 4537 5841.1 0 0
2.417e+05 0.6974 0.22906 0.95514 -1.4974 0.34518 0 387.18 -40.414 0.26175 0.017437 45823 4540 5842.3 0 0
2.418e+05 0.69349 0.21609 0.89819 -1.305 0.31103 0 377.27 -45.785 0.26068 0.017437 45824 4540 5843.7 0 0
2.419e+05 0.69722 0.2222 0.94627 -1.3428 0.33945 0 394.15 -42.739 0.25962 0.017421 45824 4544 5845 0 0
2.42e+05 0.75317 0.21531 0.92533 -1.3241 0.33226 0 393.59 -42.91 0.25856 0.017425 45824 4543 5846.3 0 0
2.421e+05 0.73238 0.25312 1.0246 -1.1658 0.32097 0 377.03 -31.088 0.25749 0.017421 45824 4544 5847.4 0 0
2.422e+05 0.75139 0.22925 0.93861 -1.1483 0.31051 0 390.37 -37.401 0.25643 0.017417 45824 4545 5848.6 0 0
2.423e+05 0.73272 0.21366 0.95951 -1.2136 0.2964 0 379.76 -44.197 0.25537 0.017417 45824 4545 5849.8 0 0
2.424e+05 0.74977 0.23742 0.95214 -1.2255 0.3122 0 391.33 -34.404 0.2543 0.017417 45824 4545 5851 0 0
2.425e+05 0.71931 0.24793 0.8416 -1.1302 0.31283 0 402.38 -32.793 0.25324 0.017421 45824 4544 5852.2 0 0
2.426e+05 0.80176 0.22804 0.97073 -1.2122 0.29035 0 392.17 -36.357 0.25218 0.017414 45824 4546 5853.3 0 0
2.427e+05 0.78861 0.23403 1.0059 -1.3696 0.30735 0 376.67 -34.057 0.25111 0.01741 45824 4547 5854.5 0 0
2.428e+05 0.77801 0.23427 1.0053 -1.5096 0.30983 0 369.05 -34.437 0.25005 0.017406 45824 4548 5855.7 0 0
2.429e+05 0.74127 0.25585 0.98827 -1.1742 0.31013 0 383.04 -29.961 0.24899 0.017414 45824 4546 5856.7 0 0
2.43e+05 0.74002 0.21167 0.96548 -1.0313 0.31423 0 385.07 -44.635 0.24793 0.017414 45824 4546 5857.8 0 0
2.431e+05 0.72531 0.2544 0.99957 -1.1704 0.34107 0 390.75 -31.017 0.24687 0.01741 45824 4547 5858.9 0 0
2.432e+05 0.7246 0.24479 0.95892 -1.0197 0.30502 0 405.49 -33.223 0.24581 0.017417 45824 4545 5860 0 0
2.433e+05 0.7988 0.23077 1.0141 -1.1252 0.307 0 387.4 -35.164 0.24475 0.017421 45824 4544 5861.1 0 0
2.434e+05 0.74402 0.27553 0.9994 -1.126 0.34835 0 377.35 -27.387 0.24369 0.017425 45824 4543 5862 0 0
2.435e+05 0.7507 0.29258 0.93714 -1.3662 0.33458 0 381.26 -27.477 0.24263 0.017425 45824 4543 5863 0 0
2.436e+05 0.77026 0.25824 1.0407 -1.0293 0.33305 0 384.81 -28.373 0.24158 0.017421 45824 4544 5864 0 0
2.437e+05 0.77522 0.25109 1.029 -1.1263 0.30886 0 405.78 -29.707 0.24052 0.017429 45824 4542 5864.9 0 0
2.438e+05 0.77271 0.2862 0.9518 -1.3091 0.31474 0 376.58 -25.368 0.23947 0.017425 45824 4543 5865.9 0 0
2.439e+05 0.74652 0.27622 0.9178 -1.113 0.36422 0 398.42 -27.069 0.23841 0.017413 45824 4546 5866.9 0 0
2.44e+05 0.80566 0.2734 1.0319 -1.0914 0.31283 0 395.8 -25.257 0.23737 0.017417 45824 4545 5867.9 0 0
2.441e+05 0.78142 0.27305 0.91591 -1.1255 0.34085 0 397.33 -25.817 0.23631 0.017421 45825 4544 5868.9 0 0
2.442e+05 0.76707 0.26693 0.90766 -1.3026 0.34735 0 389.05 -26.999 0.23526 0.017425 45825 4543 5869.9 0 0
2.443e+05 0.72337 0.27908 0.87182 -1.108 0.30247 0 417.55 -28.182 0.23422 0.017429 45825 4542 5870.9 0 0
2.444e+05 0.80308 0.26735 1.0634 -1.0624 0.3339 0 393.6 -26.144 0.23317 0.017421 45825 4544 5871.9 0 0
2.445e+05 0.73774 0.294 0.97679 -0.94133 0.32497 0 386.88 -27.923 0.23212 0.01741 45826 4547 5872.8 0 0
2.446e+05 0.77433 0.27919 1.0379 -1.2115 0.34656 0 389.5 -25.494 0.23107 0.017402 45826 4549 5873.8 0 0
2.447e+05 0.75214 0.27107 0.98095 -1.4287 0.31312 0 395.2 -27 0.23001 0.017406 45826 4548 5874.9 0 0
2.448e+05 0.76696 0.26446 0.95626 -1.1755 0.31221 0 377.37 -27.202 0.22896 0.01741 45826 4547 5875.9 0 0
2.449e+05 0.69021 0.25387 0.86713 -1.1904 0.35947 0 402.27 -33.525 0.22791 0.01741 45826 4547 5876.9 0 0
2.45e+05 0.74421 0.26736 0.93731 -0.92781 0.31225 0 405.24 -27.593 0.22686 0.01741 45826 4547 5877.9 0 0
2.451e+05 0.74555 0.29966 0.95501 -1.1452 0.32735 0 390.51 -27.865 0.22581 0.017406 45826 4548 5878.9 0 0
2.452e+05 0.69249 0.32148 0.93671 -1.0425 0.33202 0 388.88 -34.491 0.22476 0.017386 45826 4553 5880 0 0
2.453e+05 0.72944 0.308 0.92165 -1.0313 0.33589 0 387.68 -29.615 0.22371 0.017375 45826 4556 5881 0 0
2.454e+05 0.71242 0.30031 0.9009 -0.8475 0.315 0 383.62 -29.979 0.22266 0.017367 45826 4558 5882 0 0
2.455e+05 0.71811 0.29634 0.8876 -1.3085 0.34128 0 389.14 -29.009 0.22161 0.01736 45826 4560 5883 0 0
2.456e+05 0.74895 0.30479 0.97342 -1.2222 0.32127 0 383.57 -27.685 0.22057 0.01736 45826 4560 5884 0 0
2.457e+05 0.74038 0.25152 0.89706 -1.0698 0.30353 0 379.37 -30.383 0.21952 0.017341 45826 4565 5885 0 0
2.458e+05 0.71569 0.29639 0.99417 -1.2222 0.32885 0 381.21 -29.1 0.21847 0.017322 45826 4570 5886 0 0
2.459e+05 0.71029 0.32607 0.97875 -1.5302 0.3138 0 387.03 -32.433 0.21743 0.017295 45826 4577 5887 0 0
2.46e+05 0.7295 0.28455 0.9875 -1.2573 0.3307 0 373.84 -27.357 0.21638 0.017269 45826 4584 5888 0 0
2.461e+05 0.73662 0.25736 0.93721 -1.2 0.32479 0 363.22 -29.091 0.21533 0.017254 45826 4588 5889 0 0
2.462e+05 0.74627 0.31467 0.98474 -1.2119 0.30177 0 385.23 -28.854 0.21429 0.017242 45826 4591 5890 0 0
2.463e+05 0.70875 0.3005 0.98479 -1.4189 0.31408 0 374.53 -29.821 0.21324 0.017227 45826 4595 5891 0 0
2.464e+05 0.75184 0.28109 1.0259 -1.351 0.31585 0 377.1 -26.253 0.21219 0.017212 45826 4599 5892 0 0
2.465e+05 0.78412 0.29617 1.0063 -1.2728 0.32145 0 375.08 -24.536 0.21115 0.017209 45826 4600 5893 0 0
2.466e+05 0.75683 0.28236 0.97256 -1.3591 0.33976 0 371.08 -25.998 0.2101 0.017201 45826 4602 5894 0 0
2.467e+05 0.74331 0.31028 1.0314 -1.3165 0.2889 0 349.3 -28.413 0.20906 0.017198 45827 4603 5895 0 0
2.468e+05 0.6899 0.27709 0.94242 -0.93278 0.34981 0 372.8 -30.453 0.20802 0.017186 45827 4606 5895.9 0 0
2.469e+05 0.72125 0.26819 0.93331 -1.4131 0.30772 0 358.29 -28.315 0.20698 0.017172 45827 4610 5896.9 0 0
2.47e+05 0.7592 0.27753 1.0018 -1.331 0.3091 0 369 -25.858 0.20594 0.017168 45827 4611 5897.9 0 0
2.471e+05 0.74591 0.28237 0.97686 -1.3792 0.29826 0 373.49 -26.284 0.20489 0.017149 45827 4616 5898.9 0 0
2.472e+05 0.70772 0.2331 0.96474 -1.4449 0.31148 0 373.29 -37.583 0.20385 0.017131 45827 4621 5899.9 0 0
2.473e+05 0.74614 0.33151 1.0238 -1.1988 0.30922 0 365.64 -28.882 0.20281 0.017135 45827 4620 5900.9 0 0
2.474e+05 0.7326 0.24912 0.91851 -1.086 0.31705 0 382.79 -31.114 0.20177 0.017116 45827 4625 5902 0 0
2.475e+05 0.75521 0.27424 0.99555 -1.0875 0.32188 0 364.96 -26.122 0.20072 0.01712 45827 4624 5903 0 0
2.476e+05 0.70413 0.29644 0.96 -1.2662 0.29826 0 379.08 -29.451 0.19968 0.017112 45827 4626 5904 0 0
2.477e+05 0.6924 0.29379 0.99785 -1.1066 0.31025 0 342.77 -30.444 0.19864 0.017109 45827 4627 5905 0 0
2.478e+05 0.74409 0.3202 0.97491 -1.3687 0.34397 0 354.6 -29.249 0.1976 0.017098 45827 4630 5906 0 0
2.479e+05 0.75285 0.30553 1.0268 -1.2901 0.30231 0 359.8 -26.839 0.19656 0.017083 45827 4634 5907 0 0
2.48e+05 0.78571 0.27958 1.04 -1.3769 0.30609 0 367.48 -24.856 0.19552 0.017072 45827 4637 5908 0 0
2.481e+05 0.76541 0.3084 1.0324 -1.3995 0.30636 0 373.87 -26.328 0.19448 0.017057 45827 4641 5909 0 0
2.482e+05 0.71671 0.32134 0.92718 -1.1752 0.32077 0 346.26 -31.074 0.19345 0.017064 45827 4639 5910.1 0 0
2.483e+05 0.71847 0.30561 0.91059 -1.1976 0.28931 0 361.28 -29.139 0.19241 0.017064 45827 4639 5911.1 0 0
2.484e+05 0.72812 0.29409 0.96371 -1.2135 0.2923 0 356.71 -27.007 0.19137 0.017057 45827 4641 5912.2 0 0
2.485e+05 0.67742 0.30275 0.94083 -1.1635 0.30107 0 367.6 -32.984 0.19033 0.017061 45827 4640 5913.2 0 0
2.486e+05 0.7046 0.30938 1.0099 -1.2646 0.32712 0 354.42 -31.004 0.1893 0.017072 45827 4637 5914.2 0 0
2.487e+05 0.77197 0.26737 1.0239 -1.2566 0.31101 0 363.84 -26.529 0.18826 0.017075 45827 4636 5915.3 0 0
2.488e+05 0.73856 0.3061 1.0415 -1.2351 0.30195 0 368.66 -27.623 0.18722 0.017068 45827 4638 5916.3 0 0
2.489e+05 0.76918 0.28962 0.954 -1.0609 0.30263 0 358.67 -25.155 0.18619 0.017068 45827 4638 5917.3 0 0
2.49e+05 0.72036 0.30234 0.94686 -1.2789 0.33005 0 359.14 -28.306 0.18515 0.017068 45827 4638 5918.4 0 0
2.491e+05 0.70311 0.31538 0.94912 -1.1721 0.2966 0 371.8 -31.789 0.18412 0.017068 45827 4638 5919.4 0 0
2.492e+05 0.64552 0.30867 0.85583 -1.6299 0.30558 0 370.76 -34.548 0.18308 0.017075 45827 4636 5920.5 0 0
2.493e+05 0.72438 0.31569 0.98173 -1.3366 0.30552 0 351.62 -29.655 0.18205 0.017075 45827 4636 5921.6 0 0
2.494e+05 0.67861 0.31688 1.0063 -1.1329 0.33034 0 365.97 -34.488 0.18102 0.017064 45827 4639 5922.6 0 0
2.495e+05 0.68085 0.2917 0.98447 -1.2711 0.31394 0 371.59 -31.122 0.17998 0.017072 45827 4637 5923.6 0 0
2.496e+05 0.74137 0.29069 0.93654 -1.4111 0.31792 0 350.67 -26.235 0.17895 0.017068 45827 4638 5924.6 0 0
2.497e+05 0.74039 0.29782 0.96417 -1.3184 0.33492 0 352.51 -26.699 0.17792 0.017064 45827 4639 5925.6 0 0
2.498e+05 0.72534 0.275 0.95772 -1.2457 0.32208 0 352.68 -27.038 0.17689 0.017061 45827 4640 5926.7 0 0
2.499e+05 0.75297 0.289 1.0119 -0.81173 0.30951 0 352.91 -25.977 0.17586 0.017064 45827 4639 5927.7 0 0
2.5e+05 0.70275 0.29522 0.92752 -1.1635 0.33797 0 390.79 -28.701 0.17483 0.017064 45827 4639 5928.8 0 0
2.501e+05 0.74601 0.2971 0.96667 -1.3934 0.34263 0 377.94 -26.401 0.1738 0.017068 45827 4638 5929.8 0 0
2.502e+05 0.71449 0.20429 0.92251 -1.1611 0.33285 0 374.25 -48.034 0.17278 0.017064 45827 4639 5930.9 0 0
2.503e+05 0.71675 0.2555 0.93022 -1.2359 0.31811 0 366.33 -30.419 0.17175 0.017057 45827 4641 5931.9 0 0
2.504e+05 0.69971 0.24308 0.94305 -1.1486 0.31434 0 377.07 -35.33 0.17072 0.017046 45828 4644 5932.9 0 0
2.505e+05 0.72912 0.27114 0.97585 -1.2399 0.33262 0 366.84 -26.981 0.16969 0.017028 45828 4649 5933.9 0 0
2.506e+05 0.76631 0.26694 0.9712 -1.3047 0.33729 0 367.7 -26.509 0.16866 0.017013 45828 4653 5934.9 0 0
2.507e+05 0.73694 0.24657 0.97147 -1.4086 0.31542 0 403.45 -31.371 0.16764 0.017009 45828 4654 5935.9 0 0
2.508e+05 0.75508 0.24266 0.92459 -1.2049 0.33135 0 350.61 -31.873 0.16662 0.017002 45828 4656 5937 0 0
2.509e+05 0.75106 0.24436 0.97557 -1.184 0.34167 0 382.42 -31.379 0.1656 0.017002 45828 4656 5938.1 0 0
2.51e+05 0.76468 0.2295 0.94169 -1.5736 0.31142 0 374.26 -35.908 0.16458 0.017006 45828 4655 5939.3 0 0
2.511e+05 0.71779 0.22516 0.94388 -1.2938 0.31559 0 376.68 -39.843 0.16357 0.016995 45829 4658 5940.5 0 0
2.512e+05 0.78388 0.22101 0.99221 -1.4082 0.31038 0 366.65 -39.101 0.16256 0.01698 45830 4662 5941.7 0 0
2.513e+05 0.72291 0.2212 0.95478 -1.3778 0.32147 0 394.21 -41.016 0.16155 0.016962 45830 4667 5943 0 0
2.514e+05 0.77691 0.21588 0.97167 -1.4004 0.31458 0 402.27 -41.469 0.16052 0.016926 45830 4677 5944.3 0 0
2.515e+05 0.74787 0.21563 0.93494 -1.3607 0.30329 0 389.84 -41.995 0.1595 0.016915 45830 4680 5945.6 0 0
2.516e+05 0.73621 0.24988 0.9923 -1.2806 0.31892 0 367.09 -30.23 0.15848 0.016915 45830 4680 5946.7 0 0
2.517e+05 0.68953 0.3004 0.97005 -1.335 0.35128 0 394.6 -30.8 0.15748 0.016908 45831 4682 5947.8 0 0
2.518e+05 0.70679 0.29059 0.98422 -1.2971 0.32688 0 387.3 -27.87 0.15647 0.016908 45832 4682 5948.8 0 0
2.519e+05 0.71796 0.28095 0.98678 -1.0452 0.31122 0 381.5 -26.83 0.15547 0.016908 45833 4682 5949.8 0 0
2.52e+05 0.67764 0.2742 0.9183 -1.201 0.3135 0 356.42 -31.472 0.15446 0.016901 45833 4684 5950.8 0 0
2.521e+05 0.68539 0.24224 0.85572 -1.1118 0.32032 0 376.36 -36.75 0.15346 0.016901 45834 4684 5951.9 0 0
2.522e+05 0.71284 0.215 0.93452 -1.1092 0.31613 0 389.97 -44.06 0.15245 0.016905 45834 4683 5953.1 0 0
2.523e+05 0.65558 0.23491 0.84218 -1.0366 0.31002 0 406.43 -41.675 0.15144 0.016911 45835 4681 5954.3 0 0
2.524e+05 0.67048 0.22643 0.87822 -1.2886 0.32602 0 396.69 -43.973 0.15046 0.016911 45836 4681 5955.4 0 0
2.525e+05 0.6894 0.2717 0.92458 -1.2972 0.30596 0 381.73 -30.149 0.14948 0.016908 45837 4682 5956.5 0 0
2.526e+05 0.69455 0.24486 0.94324 -1.5091 0.30636 0 357.62 -34.718 0.1485 0.016915 45839 4680 5957.6 0 0
2.527e+05 0.69888 0.22537 0.94787 -1.1083 0.31813 0 374.87 -40.54 0.1475 0.016901 45839 4684 5958.8 0 0
2.528e+05 0.6811 0.23906 0.91152 -1.1283 0.29775 0 386.33 -38.015 0.14649 0.016897 45839 4685 5960.1 0 0
2.529e+05 0.6832 0.25546 0.88921 -1.1082 0.32588 0 380.67 -33.172 0.14547 0.016894 45840 4686 5961.2 0 0
2.53e+05 0.70584 0.27646 0.9701 -1.2121 0.31391 0 378.37 -27.972 0.14445 0.016883 45840 4689 5962.3 0 0
2.531e+05 0.66809 0.28837 0.85875 -1.2132 0.31647 0 388.19 -32.334 0.14344 0.016883 45840 4689 5963.3 0 0
2.532e+05 0.62516 0.28738 0.85735 -1.272 0.29683 0 369.07 -31.414 0.14243 0.016883 45840 4689 5964.4 0 0
2.533e+05 0.61684 0.28261 0.81912 -1.0341 0.30333 0 366.73 -31.408 0.14143 0.016879 45841 4691 5965.5 0 0
2.534e+05 0.65875 0.27565 0.86891 -1.3424 0.30689 0 367.38 -32.591 0.14043 0.016876 45841 4692 5966.6 0 0
2.535e+05 0.72067 0.29269 0.94473 -1.117 0.30777 0 367.78 -26.897 0.13941 0.016873 45841 4693 5967.6 0 0
2.536e+05 0.6619 0.26711 0.85724 -1.177 0.3368 0 387.16 -33.381 0.13844 0.016866 45843 4695 5968.6 0 0
2.537e+05 0.70373 0.28387 0.97957 -1.1768 0.30488 0 359.3 -27.823 0.13747 0.016865 45844 4695 5969.7 0 0
2.538e+05 0.69677 0.27305 0.963 -1.352 0.32268 0 368.57 -29.003 0.13651 0.016848 45846 4699 5970.8 0 0
2.539e+05 0.6708 0.26427 0.91752 -1.2819 0.30865 0 376.81 -32.851 0.13555 0.016848 45848 4699 5972.1 0 0
2.54e+05 0.68294 0.27918 0.93596 -1.1724 0.30898 0 380.16 -29.946 0.13464 0.016844 45851 4700 5973.1 0 0
2.541e+05 0.66773 0.25426 0.93209 -1.2223 0.31599 0 381.14 -35.217 0.13375 0.016841 45855 4701 5974.2 0 0
2.542e+05 0.66272 0.29949 0.88913 -1.3298 0.32905 0 378.62 -33.228 0.13275 0.016837 45855 4702 5975.3 0 0
2.543e+05 0.73747 0.30056 0.91016 -1.161 0.32943 0 388.83 -26.632 0.13186 0.016838 45859 4702 5976.4 0 0
2.544e+05 0.66216 0.29206 0.86946 -1.2452 0.33015 0 372.82 -32.281 0.13098 0.016838 45863 4702 5977.4 0 0
2.545e+05 0.68531 0.29788 0.90966 -1.3173 0.3177 0 396.64 -30.375 0.1301 0.016833 45867 4703 5978.5 0 0
2.546e+05 0.69528 0.2953 0.87845 -1.295 0.31263 0 357.19 -28.821 0.12935 0.016825 45873 4705 5979.5 0 0
2.547e+05 0.69148 0.24773 0.8704 -1.2495 0.32991 0 370.81 -33.933 0.12839 0.016825 45875 4705 5980.6 0 0
2.548e+05 0.68028 0.28739 0.92034 -1.2635 0.31685 0 366.68 -29.965 0.12743 0.016825 45877 4705 5981.7 0 0
2.549e+05 0.72572 0.27923 0.95184 -1.3411 0.295 0 355.85 -26.145 0.12651 0.016825 45880 4705 5982.8 0 0
2.55e+05 0.69342 0.30841 0.94681 -1.483 0.33399 0 390.05 -30.859 0.1257 0.016822 45886 4706 5983.9 0 0
2.551e+05 0.74672 0.28195 0.97018 -1.3492 0.36011 0 352.86 -25.548 0.12473 0.016818 45887 4707 5984.9 0 0
2.552e+05 0.70449 0.30729 0.97163 -1.4092 0.32099 0 370.59 -29.365 0.12373 0.016815 45887 4708 5985.9 0 0
2.553e+05 0.77216 0.31233 1.0297 -1.1533 0.31294 0 384.33 -26.182 0.12273 0.016822 45887 4706 5986.9 0 0
2.554e+05 0.74498 0.28384 0.97133 -1.2781 0.29871 0 375.21 -25.462 0.12173 0.016826 45888 4705 5987.8 0 0
2.555e+05 0.80124 0.27982 1.0278 -1.3665 0.31276 0 370.53 -24.39 0.12072 0.016815 45888 4708 5988.8 0 0
2.556e+05 0.73937 0.23603 0.93846 -1.1393 0.32056 0 388.27 -33.973 0.11972 0.016818 45888 4707 5989.8 0 0
2.557e+05 0.71703 0.25002 0.86983 -1.0538 0.31576 0 395.25 -30.726 0.11872 0.016811 45888 4709 5991 0 0
2.558e+05 0.8199 0.24881 0.99443 -1.2265 0.30581 0 377.65 -29.515 0.11771 0.016804 45888 4711 5992.1 0 0
2.559e+05 0.75603 0.21885 0.9457 -1.2026 0.31718 0 345.22 -40.263 0.11674 0.0168 45890 4712 5993.2 0 0
2.56e+05 0.76409 0.27132 0.93376 -1.2745 0.31025 0 357.06 -25.636 0.11599 0.016804 45897 4709 5994.2 0 0
2.561e+05 0.76263 0.30765 0.95069 -1.0714 0.30242 0 361.71 -26.214 0.11499 0.016783 45897 4715 5995.2 0 0
2.562e+05 0.75341 0.28552 0.9357 -1.2474 0.31923 0 338.13 -25.128 0.11409 0.016791 45901 4713 5996.1 0 0
2.563e+05 0.76477 0.29204 0.95916 -1.2279 0.30774 0 360.23 -25.002 0.11313 0.016797 45903 4711 5997.1 0 0
2.564e+05 0.81725 0.29327 0.98044 -1.0805 0.31189 0 381.76 -21.723 0.11218 0.016797 45904 4711 5998.2 0 0
2.565e+05 0.77128 0.26239 0.96184 -1.5202 0.31179 0 355.39 -26.685 0.11119 0.01679 45905 4713 5999.3 0 0
2.566e+05 0.75152 0.27897 0.95791 -1.3882 0.30617 0 356.13 -25.084 0.11019 0.016786 45905 4714 6000.2 0 0
2.567e+05 0.73272 0.28067 0.93367 -1.0862 0.30121 0 355.78 -25.462 0.1092 0.016786 45906 4714 6001.2 0 0
2.568e+05 0.7329 0.27766 1.0166 -1.0754 0.32308 0 364.24 -25.477 0.10823 0.016786 45907 4714 6002.2 0 0
2.569e+05 0.69926 0.2767 1.0003 -1.0952 0.31465 0 368.19 -27.894 0.10754 0.016785 45914 4714 6003.2 0 0
2.57e+05 0.7531 0.25368 0.94566 -1.2386 0.32372 0 373.9 -28.554 0.10675 0.016774 45918 4713 6004.2 0 0
2.571e+05 0.76378 0.27992 0.97764 -1.2864 0.30613 0 390.1 -24.819 0.1058 0.016778 45920 4712 6005.2 0 0
2.572e+05 0.69655 0.29617 0.92351 -1.2666 0.34135 0 389.41 -28.498 0.10488 0.01677 45923 4714 6006.2 0 0
2.573e+05 0.75639 0.25298 0.89365 -1.0622 0.31431 0 391.61 -28.588 0.1039 0.016757 45924 4718 6007.2 0 0
2.574e+05 0.74168 0.29254 0.90687 -1.2188 0.30718 0 401.86 -25.288 0.10291 0.016743 45924 4722 6008.2 0 0
2.575e+05 0.7525 0.25793 0.97883 -1.0272 0.29491 0 388.33 -27.507 0.10191 0.016736 45924 4724 6009.3 0 0
2.576e+05 0.75655 0.26623 0.90306 -1.0633 0.32142 0 366.32 -25.842 0.10093 0.016711 45925 4731 6010.3 0 0
2.577e+05 0.69867 0.29057 0.87003 -0.97693 0.35131 0 376.94 -27.888 0.099939 0.016697 45925 4735 6011.4 0 0
2.578e+05 0.70733 0.2438 0.89094 -1.2731 0.33019 0 372.31 -33.219 0.09895 0.016676 45926 4741 6012.4 0 0
2.579e+05 0.71601 0.27243 0.83038 -1.1746 0.33597 0 362.76 -26.756 0.097974 0.016651 45927 4748 6013.5 0 0
2.58e+05 0.68224 0.24441 0.86751 -1.2078 0.31005 0 373.98 -35.677 0.097001 0.016634 45927 4753 6014.6 0 0
2.581e+05 0.67977 0.23894 0.84808 -1.0862 0.32173 0 394.99 -37.736 0.096018 0.016609 45928 4760 6015.7 0 0
2.582e+05 0.71517 0.2855 0.91999 -1.1197 0.31526 0 383.53 -26.042 0.095032 0.016595 45928 4764 6016.8 0 0
2.583e+05 0.68921 0.24191 0.91777 -1.2353 0.29477 0 358.86 -35.328 0.094036 0.016578 45928 4769 6017.9 0 0
2.584e+05 0.68562 0.30341 0.89493 -1.1871 0.30444 0 367.61 -30.561 0.093051 0.016567 45929 4772 6019 0 0
2.585e+05 0.66982 0.32459 0.91856 -1.1059 0.31244 0 372.11 -35.524 0.092077 0.016567 45930 4772 6020.1 0 0
2.586e+05 0.67707 0.31312 0.94787 -1.1492 0.354 0 349.03 -33.091 0.091084 0.01656 45930 4774 6021.1 0 0
2.587e+05 0.74173 0.2839 0.90539 -1.2673 0.28878 0 364.75 -24.871 0.090109 0.01655 45931 4777 6022.1 0 0
2.588e+05 0.75216 0.28314 0.93652 -1.0942 0.30056 0 374.84 -24.67 0.089154 0.016547 45932 4778 6023.1 0 0
2.589e+05 0.74008 0.247 0.94051 -1.3538 0.32584 0 368.9 -30.069 0.088198 0.016537 45933 4781 6024.2 0 0
2.59e+05 0.72091 0.27386 0.93814 -1.2532 0.31731 0 358.98 -26.082 0.08728 0.016537 45936 4781 6025.2 0 0
2.591e+05 0.73982 0.24407 0.88045 -1.0936 0.33127 0 372.61 -30.84 0.086496 0.01653 45941 4783 6026.3 0 0
2.592e+05 0.73328 0.23709 0.93633 -1.152 0.30287 0 368.86 -33.334 0.085582 0.016517 45944 4787 6027.4 0 0
2.593e+05 0.66715 0.26352 0.80333 -1.1877 0.33849 0 374.53 -32.779 0.084645 0.0165 45946 4792 6028.6 0 0
2.594e+05 0.78946 0.2186 0.90377 -1.2494 0.30598 0 346.37 -39.716 0.083656 0.016483 45946 4797 6029.8 0 0
2.595e+05 0.70156 0.25193 0.85398 -1.1495 0.30904 0 345.18 -31.391 0.082703 0.016485 45947 4796 6030.9 0 0
2.596e+05 0.78592 0.29021 1.0209 -1.1966 0.34158 0 345.85 -24.113 0.081777 0.016471 45949 4800 6031.9 0 0
2.597e+05 0.74426 0.31621 0.91602 -1.1938 0.32449 0 360.86 -27.899 0.080852 0.016479 45951 4798 6032.9 0 0
2.598e+05 0.73662 0.3098 0.88955 -1.4677 0.32255 0 365.88 -27.16 0.079868 0.016466 45952 4802 6033.9 0 0
2.599e+05 0.72386 0.28139 0.83817 -1.2081 0.30924 0 350.25 -25.293 0.078927 0.016462 45953 4803 6034.9 0 0
2.6e+05 0.71128 0.2999 0.92405 -1.2518 0.33145 0 376.22 -27.036 0.077999 0.016459 45955 4804 6036 0 0
2.601e+05 0.72468 0.3009 0.98449 -1.4015 0.30814 0 359.63 -26.351 0.077035 0.016459 45956 4804 6037 0 0
2.602e+05 0.75864 0.26792 0.91157 -1.2026 0.33089 0 345.8 -25.349 0.076058 0.016451 45957 4808 6038 0 0
2.603e+05 0.70542 0.24919 0.8321 -1.3459 0.30915 0 359.61 -31.45 0.075118 0.016451 45958 4808 6039.1 0 0
2.604e+05 0.69271 0.21965 0.87442 -1.0704 0.31721 0 366.22 -43.215 0.074146 0.016436 45959 4812 6040.2 0 0
2.605e+05 0.72591 0.29634 0.89944 -1.0644 0.30282 0 351.05 -25.599 0.073175 0.016425 45960 4815 6041.3 0 0
2.606e+05 0.68288 0.24003 0.78098 -1.2768 0.30456 0 374.92 -36.478 0.07222 0.016422 45961 4816 6042.4 0 0
2.607e+05 0.65727 0.27513 0.84759 -1.3209 0.32549 0 363.86 -32.052 0.071251 0.016422 45962 4816 6043.5 0 0
2.608e+05 0.6757 0.28604 0.84203 -1.199 0.31306 0 345.95 -29.985 0.070289 0.016415 45962 4818 6044.7 0 0
2.609e+05 0.72786 0.24417 0.89019 -1.2544 0.32341 0 376.49 -31.221 0.069306 0.016409 45963 4820 6045.8 0 0
2.61e+05 0.70151 0.24541 0.80255 -1.3149 0.31201 0 361.34 -32.881 0.068345 0.016398 45964 4823 6047 0 0
2.611e+05 0.65415 0.23642 0.8183 -1.0421 0.31523 0 360.86 -38.994 0.067368 0.01636 45964 4834 6048.2 0 0
2.612e+05 0.6718 0.29076 0.86114 -1.1344 0.31002 0 357.66 -30.772 0.066382 0.01635 45964 4837 6049.4 0 0
2.613e+05 0.64255 0.25969 0.83885 -1.5716 0.3169 0 337.21 -33.316 0.065401 0.016347 45964 4838 6050.6 0 0
2.614e+05 0.67861 0.22693 0.83273 -1.1077 0.30952 0 360.3 -41.359 0.064415 0.016344 45964 4839 6051.8 0 0
2.615e+05 0.66215 0.25189 0.86277 -1.341 0.32901 0 351.81 -35.129 0.063433 0.016347 45964 4838 6053.1 0 0
2.616e+05 0.66504 0.23016 0.82334 -1.3761 0.33094 0 351.06 -40.546 0.062453 0.016323 45964 4845 6054.5 0 0
2.617e+05 0.69824 0.1959 0.80883 -1.2006 0.32467 0 367.38 -49.658 0.061479 0.016303 45965 4851 6056 0 0
2.618e+05 0.72067 0.21245 0.893 -1.5357 0.32573 0 358.56 -44.044 0.060501 0.016296 45965 4853 6057.5 0 0
2.619e+05 0.66786 0.24873 0.81664 -1.1776 0.31466 0 359.8 -35.246 0.059522 0.016293 45965 4854 6058.7 0 0
2.62e+05 0.6647 0.25991 0.83289 -1.4148 0.30016 0 360.51 -33.245 0.058539 0.016296 45965 4853 6060 0 0
2.621e+05 0.73146 0.22897 0.92958 -1.2994 0.2984 0 361 -36.16 0.057557 0.01629 45965 4855 6061.2 0 0
2.622e+05 0.7239 0.23425 0.89124 -1.418 0.33807 0 375.61 -34.424 0.056583 0.016296 45966 4853 6062.3 0 0
2.623e+05 0.67156 0.23892 0.90095 -1.2142 0.34792 0 379.25 -37.517 0.055612 0.016293 45966 4854 6063.4 0 0
2.624e+05 0.68652 0.2525 0.91899 -1.0257 0.31942 0 363.72 -31.89 0.054633 0.016293 45966 4854 6064.6 0 0
2.625e+05 0.74062 0.26092 0.91549 -1.2362 0.35128 0 374.7 -26.519 0.053663 0.016279 45967 4858 6065.8 0 0
2.626e+05 0.70548 0.22856 0.81075 -1.3747 0.34268 0 370.14 -37.66 0.052685 0.016276 45967 4859 6067.2 0 0
2.627e+05 0.69276 0.24349 0.8152 -1.1418 0.31936 0 392.96 -33.669 0.051754 0.016264 45968 4863 6068.6 0 0
2.628e+05 0.70481 0.20111 0.84447 -1.2009 0.34296 0 369.05 -48.136 0.050842 0.016264 45971 4863 6070 0 0
2.629e+05 0.74138 0.24402 0.93997 -1.3194 0.35174 0 369.27 -30.369 0.049889 0.016268 45972 4862 6071.2 0 0
2.63e+05 0.77607 0.26617 0.95641 -1.0813 0.35324 0 377.28 -25.788 0.048909 0.016264 45972 4863 6072.2 0 0
2.631e+05 0.75796 0.27191 0.91321 -1.1478 0.34191 0 370.88 -24.852 0.04793 0.016258 45972 4865 6073.2 0 0
2.632e+05 0.73724 0.24525 0.94075 -1.3988 0.34173 0 367.47 -30.232 0.046955 0.016257 45972 4865 6074.2 0 0
2.633e+05 0.72125 0.19816 0.89116 -1.2948 0.34485 0 374.86 -48.572 0.045992 0.016254 45972 4866 6075.4 0 0
2.634e+05 0.71613 0.19387 0.93863 -1.4006 0.37246 0 400 -49.396 0.045027 0.016257 45973 4865 6076.8 0 0
2.635e+05 0.72401 0.21218 0.86093 -1.0041 0.31878 0 382.08 -43.349 0.044067 0.016254 45974 4866 6078.1 0 0
2.636e+05 0.68028 0.22085 0.86933 -1.2143 0.36362 0 362.18 -42.562 0.043106 0.016254 45974 4866 6079.4 0 0
2.637e+05 0.701 0.21736 0.79491 -1.3949 0.32991 0 378.5 -41.963 0.04213 0.016254 45974 4866 6080.7 0 0
2.638e+05 0.70374 0.23428 0.8329 -1.2366 0.34728 0 387.38 -35.303 0.041154 0.016247 45974 4868 6082 0 0
2.639e+05 0.65932 0.24012 0.88886 -1.2437 0.36324 0 375.86 -36.965 0.040182 0.016254 45974 4866 6083.4 0 0
2.64e+05 0.70155 0.21318 0.9143 -1.3801 0.3136 0 353.64 -43.444 0.039207 0.016254 45974 4866 6084.7 0 0
2.641e+05 0.66028 0.22227 0.82473 -1.3927 0.36226 0 378.3 -41.306 0.038237 0.016264 45975 4863 6086.1 0 0
2.642e+05 0.69882 0.22889 0.88916 -1.306 0.34996 0 391.85 -37.212 0.037277 0.016261 45975 4864 6087.5 0 0
2.643e+05 0.67217 0.20887 0.86266 -1.3439 0.33374 0 382.93 -45.888 0.036302 0.016247 45975 4868 6088.9 0 0
2.644e+05 0.68024 0.20645 0.83671 -1.6189 0.35298 0 365.26 -47.134 0.035329 0.016221 45975 4876 6090.5 0 0
2.645e+05 0.68649 0.19707 0.90854 -1.1619 0.33323 0 377.33 -48.846 0.03436 0.016224 45976 4875 6092 0 0
2.646e+05 0.67674 0.20555 0.84893 -1.154 0.36042 0 376.02 -46.779 0.033393 0.016211 45976 4879 6093.5 0 0
2.647e+05 0.69799 0.20093 0.83289 -1.4499 0.32773 0 382.18 -47.37 0.032419 0.016211 45976 4879 6095 0 0
2.648e+05 0.67141 0.22083 0.81212 -1.1166 0.34866 0 377.61 -41.644 0.031446 0.016207 45976 4880 6096.4 0 0
2.649e+05 0.67755 0.21355 0.84527 -1.2557 0.3454 0 384.15 -43.648 0.030473 0.016204 45976 4881 6097.7 0 0
2.65e+05 0.66294 0.21366 0.86555 -1.3056 0.36854 0 371.07 -43.047 0.0295 0.016194 45976 4884 6099.2 0 0
2.651e+05 0.67608 0.20615 0.86395 -1.3193 0.32576 0 377.22 -45.751 0.028527 0.016188 45976 4886 6100.6 0 0
2.652e+05 0.65664 0.18969 0.84515 -1.1582 0.31627 0 369.63 -49.373 0.027555 0.016184 45976 4887 6102.1 0 0
2.653e+05 0.66098 0.23147 0.83182 -1.4006 0.33669 0 399.38 -38.084 0.026584 0.016191 45976 4885 6103.5 0 0
2.654e+05 0.68088 0.26122 0.85591 -1.4159 0.36403 0 380.85 -30.763 0.025612 0.016191 45976 4885 6104.7 0 0
2.655e+05 0.66398 0.21985 0.86144 -1.2648 0.35851 0 391.19 -41.024 0.024641 0.016184 45976 4887 6106.1 0 0
2.656e+05 0.68979 0.21438 0.86093 -1.3037 0.33675 0 372.15 -42.924 0.023671 0.016184 45976 4887 6107.5 0 0
2.657e+05 0.65294 0.25291 0.8632 -1.2266 0.34797 0 382.36 -33.736 0.0227 0.016181 45976 4888 6108.7 0 0
2.658e+05 0.611 0.2906 0.79811 -1.1799 0.3719 0 367.88 -31.492 0.021731 0.016191 45976 4885 6109.8 0 0
2.659e+05 0.66825 0.24447 0.85221 -1.0985 0.35259 0 385.09 -34.809 0.020761 0.016201 45976 4882 6111 0 0
2.66e+05 0.67783 0.25448 0.85715 -1.3331 0.36295 0 374.1 -32.094 0.019792 0.016201 45976 4882 6112.2 0 0
2.661e+05 0.63392 0.29353 0.80424 -1.179 0.35607 0 406.83 -31.784 0.018824 0.016197 45976 4883 6113.4 0 0
2.662e+05 0.68015 0.26215 0.87656 -1.4605 0.34631 0 375.88 -30.563 0.017856 0.016194 45976 4884 6114.5 0 0
2.663e+05 0.6727 0.25757 0.90051 -1.3008 0.35986 0 384.69 -32.014 0.016887 0.016197 45976 4883 6115.7 0 0
2.664e+05 0.65888 0.24399 0.84699 -1.3472 0.31757 0 409.04 -34.71 0.01592 0.016201 45976 4882 6116.8 0 0
2.665e+05 0.69896 0.25914 0.90439 -1.196 0.30034 0 396.48 -29.103 0.014953 0.016201 45976 4882 6117.9 0 0
2.666e+05 0.65285 0.24904 0.82648 -1.3125 0.32233 0 416.37 -33.723 0.013986 0.016204 45976 4881 6119.1 0 0
2.667e+05 0.67771 0.2247 0.79128 -1.3302 0.31292 0 361.28 -39.42 0.013019 0.016201 45976 4882 6120.3 0 0
2.668e+05 0.67121 0.19907 0.88475 -1.4169 0.31791 0 393.99 -47.152 0.012055 0.016207 45976 4880 6121.5 0 0
2.669e+05 0.68531 0.24474 0.80944 -1.4502 0.32682 0 400.38 -33.111 0.011091 0.016207 45976 4880 6122.8 0 0
2.67e+05 0.67523 0.23472 0.84238 -1.2416 0.32048 0 369.82 -36.208 0.010126 0.016204 45976 4881 6124.1 0 0
2.671e+05 0.68288 0.22141 0.82724 -1.3621 0.32171 0 416.99 -39.912 0.00916 0.016204 45976 4881 6125.3 0 0
2.672e+05 0.64679 0.30042 0.84922 -1.2723 0.32331 0 391.47 -32.786 0.008196 0.016211 45976 4879 6126.5 0 0
2.673e+05 0.67617 0.21615 0.90023 -1.337 0.29545 0 401.26 -41.54 0.007231 0.016211 45976 4879 6127.7 0 0
2.674e+05 0.70332 0.21553 0.84287 -1.4325 0.30608 0 402.58 -41.604 0.006267 0.016211 45976 4879 6128.9 0 0
2.675e+05 0.62495 0.26757 0.74218 -1.3578 0.32095 0 384.79 -30.943 0.005304 0.016207 45976 4880 6130 0 0
2.676e+05 0.67709 0.23633 0.78036 -1.2742 0.33237 0 398.84 -35.428 0.00434 0.016211 45976 4879 6131.1 0 0
2.677e+05 0.65463 0.22418 0.80802 -1.1774 0.30835 0 397.12 -38.35 0.003377 0.016197 45976 4883 6132.3 0 0
2.678e+05 0.67359 0.25268 0.82866 -1.5221 0.34871 0 379.45 -31.979 0.002415 0.016194 45976 4884 6133.4 0 0
2.679e+05 0.68453 0.26686 0.83605 -1.349 0.34627 0 394.42 -29.171 0.001453 0.016188 45976 4886 6134.6 0 0
2.68e+05 0.64221 0.27282 0.81537 -1.2206 0.35946 0 401.03 -31.105 0.000492 0.016188 45976 4886 6135.7 0 0
2.681e+05 0.64081 0.30948 0.81146 -1.2082 0.31395 0 365.87 -33.836 -0.00047 0.016181 45976 4888 6136.8 0 0
2.682e+05 0.67072 0.27669 0.81249 -1.4308 0.32776 0 396.21 -29.636 -0.001431 0.016184 45976 4887 6138 0 0
2.683e+05 0.68035 0.2939 0.85445 -1.2425 0.32391 0 396.33 -29.375 -0.002392 0.016181 45976 4888 6139.1 0 0
2.684e+05 0.70155 0.25895 0.91539 -1.521 0.29585 0 406.48 -28.787 -0.003352 0.016181 45976 4888 6140.3 0 0
2.685e+05 0.66434 0.28631 0.84592 -1.2168 0.32723 0 398.36 -30.263 -0.004312 0.016184 45976 4887 6141.5 0 0
2.686e+05 0.67659 0.24739 0.84581 -1.4806 0.31312 0 413.19 -32.599 -0.005272 0.016178 45976 4889 6142.6 0 0
2.687e+05 0.66785 0.29925 0.88485 -1.2582 0.3536 0 369.03 -31.247 -0.006231 0.016174 45976 4890 6143.7 0 0
2.688e+05 0.68914 0.28514 0.85667 -1.0518 0.34733 0 378.67 -27.771 -0.00719 0.016178 45976 4889 6144.8 0 0
2.689e+05 0.69826 0.26155 0.86208 -1.5684 0.36543 0 365.6 -28.445 -0.008149 0.016181 45976 4888 6145.9 0 0
2.69e+05 0.68693 0.26353 0.85516 -1.4283 0.32314 0 371.41 -29.189 -0.009107 0.016178 45976 4889 6147 0 0
2.691e+05 0.66426 0.248 0.8373 -1.2411 0.34734 0 379.37 -32.892 -0.010065 0.016178 45976 4889 6148.1 0 0
2.692e+05 0.65995 0.26129 0.8529 -1.0856 0.34471 0 353.36 -31.108 -0.011023 0.016178 45976 4889 6149.3 0 0
2.693e+05 0.659 0.24582 0.83321 -1.3053 0.35818 0 366.61 -33.148 -0.01198 0.016178 45976 4889 6150.4 0 0
2.694e+05 0.67354 0.28417 0.90214 -1.3474 0.37575 0 388.05 -29.045 -0.012937 0.016178 45976 4889 6151.5 0 0
2.695e+05 0.75088 0.21496 0.90294 -1.3142 0.35453 0 367.35 -41.405 -0.013894 0.016181 45976 4888 6152.8 0 0
2.696e+05 0.63029 0.29289 0.80928 -1.1474 0.33211 0 395.49 -31.099 -0.01485 0.016184 45976 4887 6153.9 0 0
2.697e+05 0.67685 0.28577 0.88305 -1.3307 0.32553 0 377.15 -28.825 -0.015806 0.016181 45976 4888 6155.1 0 0
2.698e+05 0.7 0.28263 0.8533 -1.0814 0.29743 0 393.06 -26.658 -0.016761 0.016171 45976 4891 6156.2 0 0
2.699e+05 0.62944 0.28302 0.87399 -1.4126 0.34108 0 385.55 -30.326 -0.017716 0.016161 45976 4894 6157.3 0 0
2.7e+05 0.67087 0.324 0.85649 -1.3386 0.36118 0 368.35 -34.986 -0.018671 0.016158 45976 4895 6158.4 0 0
2.701e+05 0.65776 0.29405 0.88557 -1.2269 0.33628 0 375.25 -30.628 -0.019625 0.016158 45976 4895 6159.6 0 0
2.702e+05 0.68773 0.32209 0.93226 -0.91022 0.31335 0 376.08 -33.184 -0.02058 0.016161 45976 4894 6160.7 0 0
2.703e+05 0.70972 0.34816 1.0291 -1.3639 0.36189 0 372.31 -27.935 -0.021533 0.016168 45976 4892 6161.9 0 0
2.704e+05 0.67188 0.27883 0.88056 -1.5029 0.35802 0 372.76 -28.794 -0.022484 0.016171 45976 4891 6163 0 0
2.705e+05 0.74096 0.31803 0.97891 -1.4775 0.34637 0 411.82 -28.039 -0.023431 0.016168 45976 4892 6164.1 0 0
2.706e+05 0.72731 0.2453 0.90831 -1.5898 0.33731 0 391.35 -30.391 -0.024381 0.016174 45976 4890 6165.1 0 0
2.707e+05 0.69853 0.26305 0.88065 -1.4728 0.34951 0 360.64 -28.01 -0.025333 0.016168 45976 4892 6166.2 0 0
2.708e+05 0.66813 0.27985 0.83 -1.443 0.3363 0 391.31 -29.042 -0.026284 0.016171 45976 4891 6167.3 0 0
2.709e+05 0.66047 0.28803 0.84406 -1.2176 0.33562 0 370.18 -29.836 -0.027235 0.016164 45977 4893 6168.5 0 0
2.71e+05 0.65693 0.30715 0.83215 -1.1171 0.35852 0 387.3 -32.201 -0.028185 0.016171 45977 4891 6169.6 0 0
2.711e+05 0.63171 0.33163 0.9208 -1.2479 0.34803 0 383.97 -36.065 -0.029135 0.016174 45977 4890 6170.8 0 0
2.712e+05 0.68545 0.32738 0.89967 -1.1377 0.30731 0 385.87 -33.38 -0.030086 0.016164 45977 4893 6172 0 0
2.713e+05 0.64621 0.28968 0.84009 -1.2378 0.33488 0 386.62 -30.08 -0.031036 0.016158 45977 4895 6173.2 0 0
2.714e+05 0.62498 0.31308 0.89502 -1.3424 0.31469 0 392.34 -33.116 -0.031985 0.016161 45977 4894 6174.3 0 0
2.715e+05 0.65791 0.303 0.8066 -1.0726 0.32127 0 375.23 -31.183 -0.032935 0.016164 45977 4893 6175.4 0 0
2.716e+05 0.64878 0.31335 0.81588 -1.2219 0.33051 0 382.28 -32.806 -0.033884 0.016158 45977 4895 6176.5 0 0
2.717e+05 0.65403 0.33097 0.82389 -1.1605 0.34681 0 386.66 -35.055 -0.034832 0.016158 45977 4895 6177.7 0 0
2.718e+05 0.6781 0.29863 0.90162 -1.3434 0.3638 0 374.5 -29.332 -0.035781 0.016158 45977 4895 6178.8 0 0
2.719e+05 0.69117 0.29703 0.8879 -1.2089 0.31003 0 385.39 -27.988 -0.036729 0.016161 45977 4894 6179.9 0 0
2.72e+05 0.66466 0.31165 0.79989 -1.3165 0.31724 0 383.74 -31.964 -0.037676 0.016151 45977 4897 6181 0 0
2.721e+05 0.67729 0.2998 0.90767 -1.1553 0.33316 0 368.27 -29.441 -0.038624 0.016158 45977 4895 6182.1 0 0
2.722e+05 0.68219 0.30231 0.89359 -1.2239 0.32832 0 362.25 -29.202 -0.039571 0.016151 45977 4897 6183.1 0 0
2.723e+05 0.60814 0.3273 0.85396 -1.2568 0.335 0 392.93 -36.202 -0.040517 0.016154 45977 4896 6184.2 0 0
2.724e+05 0.64021 0.31204 0.85472 -1.1639 0.37547 0 377.05 -32.522 -0.041463 0.016158 45977 4895 6185.4 0 0
2.725e+05 0.61894 0.29429 0.80901 -0.95519 0.37559 0 366.71 -30.832 -0.042409 0.016154 45977 4896 6186.5 0 0
2.726e+05 0.63624 0.31843 0.7732 -1.198 0.35207 0 352.25 -33.51 -0.043352 0.016154 45977 4896 6187.7 0 0
2.727e+05 0.66485 0.29358 0.9074 -1.3807 0.31048 0 379.89 -29.172 -0.044297 0.016154 45977 4896 6188.8 0 0
2.728e+05 0.65457 0.32004 0.88596 -1.2068 0.33016 0 371.63 -33.387 -0.045242 0.016151 45977 4897 6189.9 0 0
2.729e+05 0.65403 0.31243 0.91081 -1.3389 0.30852 0 355.56 -31.8 -0.046185 0.016154 45977 4896 6191 0 0
2.73e+05 0.64006 0.22385 0.78018 -1.2058 0.31016 0 373.36 -37.074 -0.047129 0.016154 45977 4896 6192.1 0 0
2.731e+05 0.67196 0.27331 0.80747 -1.3341 0.32718 0 386.48 -28.565 -0.048073 0.016148 45977 4898 6193.2 0 0
2.732e+05 0.62805 0.28719 0.84827 -1.3613 0.32594 0 376.43 -29.769 -0.049016 0.016151 45977 4897 6194.3 0 0
2.733e+05 0.67262 0.3397 0.91567 -1.2153 0.34436 0 359.45 -31.539 -0.049958 0.016158 45977 4895 6195.5 0 0
2.734e+05 0.65472 0.29157 0.8499 -1.1988 0.35749 0 356.33 -29.194 -0.0509 0.016164 45977 4893 6196.5 0 0
2.735e+05 0.67797 0.3108 0.892 -1.3955 0.31003 0 387.94 -30.42 -0.051841 0.016164 45977 4893 6197.6 0 0
2.736e+05 0.65232 0.30746 0.91045 -1.1965 0.32943 0 367.15 -30.933 -0.052782 0.016148 45977 4898 6198.7 0 0
2.737e+05 0.64738 0.31957 0.78854 -1.2066 0.31126 0 370.17 -33.123 -0.053723 0.016148 45977 4898 6199.8 0 0
2.738e+05 0.68713 0.30766 0.86821 -1.4578 0.31575 0 379.83 -29.392 -0.054663 0.016148 45977 4898 6200.9 0 0
2.739e+05 0.65952 0.24547 0.85096 -1.287 0.30079 0 347.43 -32.834 -0.055603 0.016148 45977 4898 6202 0 0
2.74e+05 0.69299 0.31198 0.8274 -1.4559 0.31677 0 390.62 -29.871 -0.056544 0.016154 45977 4896 6203.1 0 0
2.741e+05 0.64643 0.24851 0.79184 -1.5074 0.31516 0 401.07 -32.236 -0.057484 0.016148 45977 4898 6204.2 0 0
2.742e+05 0.66725 0.28425 0.81957 -1.2965 0.30126 0 400.56 -28.273 -0.058423 0.016145 45977 4899 6205.3 0 0
2.743e+05 0.73455 0.21727 0.82007 -1.1446 0.33047 0 400.9 -40.399 -0.059362 0.016138 45977 4901 6206.5 0 0
2.744e+05 0.67572 0.26645 0.87947 -1.3162 0.33156 0 395.83 -28.689 -0.060301 0.016138 45977 4901 6207.6 0 0
2.745e+05 0.66625 0.27424 0.88624 -1.4053 0.3703 0 370.97 -28.58 -0.06124 0.016138 45977 4901 6208.7 0 0
2.746e+05 0.62775 0.26834 0.83753 -1.3462 0.32319 0 364.9 -29.908 -0.062178 0.016135 45977 4902 6209.7 0 0
2.747e+05 0.66531 0.26644 0.81808 -1.1957 0.32209 0 376.27 -29.316 -0.063116 0.016138 45977 4901 6210.9 0 0
2.748e+05 0.69142 0.24443 0.85811 -1.3198 0.35591 0 372.3 -32.289 -0.064054 0.016125 45977 4905 6212 0 0
2.749e+05 0.63942 0.27074 0.84806 -1.1467 0.33799 0 382.92 -29.456 -0.064992 0.016122 45977 4906 6213 0 0
2.75e+05 0.6242 0.25718 0.75389 -1.1805 0.34226 0 370.69 -30.685 -0.065928 0.016122 45977 4906 6214.1 0 0
2.751e+05 0.66141 0.25223 0.8465 -1.082 0.29867 0 369.81 -31.248 -0.066865 0.016122 45977 4906 6215.2 0 0
2.752e+05 0.66896 0.2951 0.86736 -1.2509 0.3168 0 369.46 -28.443 -0.067801 0.016128 45977 4904 6216.3 0 0
2.753e+05 0.69127 0.26192 0.87805 -1.127 0.33922 0 389.52 -28.458 -0.068736 0.016128 45977 4904 6217.4 0 0
2.754e+05 0.68908 0.25623 0.83216 -1.2714 0.3388 0 399.56 -29.479 -0.069672 0.016128 45977 4904 6218.4 0 0
2.755e+05 0.66165 0.24698 0.78591 -1.1141 0.32751 0 372.32 -32.11 -0.070607 0.016128 45978 4904 6219.5 0 0
2.756e+05 0.68115 0.22415 0.81932 -1.1876 0.3278 0 375.22 -38.555 -0.07154 0.016125 45978 4905 6220.7 0 0
2.757e+05 0.66695 0.26649 0.81211 -1.211 0.34751 0 383.81 -28.953 -0.072474 0.016118 45978 4907 6221.8 0 0
2.758e+05 0.6938 0.21663 0.81915 -1.5458 0.35679 0 380.66 -40.933 -0.073407 0.016108 45978 4910 6223.1 0 0
2.759e+05 0.65915 0.30685 0.88468 -1.3963 0.3151 0 395.84 -30.093 -0.074337 0.016103 45978 4912 6224.2 0 0
2.76e+05 0.69313 0.23786 0.8129 -1.0395 0.32479 0 381.11 -33.669 -0.07527 0.016107 45978 4911 6225.4 0 0
2.761e+05 0.66097 0.2683 0.83261 -1.4307 0.34038 0 364.27 -28.818 -0.076196 0.016107 45978 4911 6226.6 0 0
2.762e+05 0.66729 0.24654 0.83945 -1.2017 0.33938 0 387.61 -31.915 -0.077118 0.016107 45979 4911 6227.7 0 0
2.763e+05 0.63911 0.26683 0.78277 -1.2241 0.32356 0 386.63 -29.617 -0.078024 0.016103 45979 4912 6228.8 0 0
2.764e+05 0.66086 0.25603 0.87062 -1.2141 0.30841 0 384.37 -30.217 -0.078952 0.016103 45980 4912 6229.8 0 0
2.765e+05 0.68096 0.26878 0.90504 -1.0503 0.31076 0 394.32 -27.744 -0.079882 0.01611 45980 4910 6230.9 0 0
2.766e+05 0.60828 0.27318 0.82757 -1.1878 0.3053 0 397.6 -30.286 -0.080809 0.01611 45980 4910 6232 0 0
2.767e+05 0.64017 0.25877 0.84018 -1.3338 0.32715 0 398.69 -30.142 -0.081727 0.016106 45980 4911 6233.1 0 0
2.768e+05 0.6686 0.22393 0.7994 -1.4175 0.30562 0 379.43 -38.134 -0.082657 0.01611 45980 4910 6234.2 0 0
2.769e+05 0.66754 0.22199 0.82113 -1.0962 0.32457 0 381.99 -38.699 -0.083587 0.016106 45980 4911 6235.4 0 0
2.77e+05 0.65161 0.2589 0.82115 -1.4055 0.33544 0 398.91 -30.115 -0.084516 0.01611 45981 4910 6236.5 0 0
2.771e+05 0.6271 0.27715 0.79462 -1.4144 0.30226 0 383.5 -29.076 -0.085443 0.016106 45981 4911 6237.6 0 0
2.772e+05 0.64889 0.25118 0.87404 -0.97574 0.31839 0 379.57 -30.922 -0.086371 0.01611 45981 4910 6238.9 0 0
2.773e+05 0.6489 0.24631 0.82451 -1.3778 0.30684 0 378.18 -31.623 -0.087299 0.016116 45981 4908 6240.1 0 0
2.774e+05 0.64511 0.25817 0.80248 -1.3395 0.30556 0 378.13 -29.924 -0.088227 0.016113 45981 4909 6241.3 0 0
2.775e+05 0.70454 0.21752 0.86111 -1.3454 0.3146 0 391.95 -40.5 -0.089156 0.016116 45981 4908 6242.5 0 0
2.776e+05 0.69073 0.22612 0.87956 -1.2527 0.3167 0 383.34 -37.238 -0.090084 0.01611 45981 4910 6243.6 0 0
2.777e+05 0.68068 0.29075 0.81654 -0.97036 0.30624 0 393.1 -27.445 -0.091012 0.016106 45981 4911 6244.7 0 0
2.778e+05 0.6128 0.29962 0.74428 -1.1629 0.29379 0 364.78 -30.06 -0.091937 0.016106 45981 4911 6245.8 0 0
2.779e+05 0.58854 0.28409 0.71704 -1.2606 0.31015 0 392.49 -31.531 -0.092859 0.016106 45981 4911 6246.9 0 0
2.78e+05 0.58824 0.27346 0.71255 -1.4759 0.33899 0 365.55 -31.767 -0.093779 0.016113 45981 4909 6248 0 0
2.781e+05 0.62155 0.24713 0.7675 -1.2989 0.3235 0 386.9 -31.523 -0.094702 0.016113 45982 4909 6249.1 0 0
2.782e+05 0.59201 0.29279 0.6983 -1.2091 0.32939 0 361.83 -31.273 -0.095626 0.016113 45982 4909 6250.2 0 0
2.783e+05 0.60374 0.28574 0.73276 -0.99777 0.32719 0 363.63 -29.678 -0.09655 0.01611 45982 4910 6251.5 0 0
2.784e+05 0.60707 0.27756 0.71416 -1.2791 0.31142 0 403.51 -29.469 -0.097473 0.016113 45982 4909 6252.6 0 0
2.785e+05 0.60786 0.31455 0.73503 -1.1574 0.31727 0 380.48 -32.245 -0.098397 0.016116 45982 4908 6253.7 0 0
2.786e+05 0.56445 0.28092 0.6685 -1.0822 0.32434 0 387.09 -35.361 -0.099322 0.01612 45982 4907 6254.8 0 0
2.787e+05 0.56666 0.29419 0.70929 -0.97645 0.32419 0 372.43 -35.496 -0.10025 0.016116 45982 4908 6256 0 0
2.788e+05 0.61892 0.26303 0.65393 -1.2462 0.32121 0 393.9 -29.498 -0.10117 0.016116 45982 4908 6257.1 0 0
2.789e+05 0.57325 0.28908 0.6945 -1.0486 0.2912 0 400.21 -33.795 -0.1021 0.01612 45982 4907 6258.3 0 0
2.79e+05 0.53834 0.29801 0.67938 -1.2389 0.30821 0 393.18 -42.442 -0.10302 0.016116 45982 4908 6259.7 0 0
2.791e+05 0.54139 0.29491 0.67772 -1.2547 0.32976 0 364.11 -41.203 -0.10394 0.016116 45982 4908 6261.1 0 0
2.792e+05 0.56253 0.26848 0.70026 -1.2981 0.30269 0 383.89 -35.39 -0.10486 0.01611 45982 4910 6262.3 0 0
2.793e+05 0.5523 0.3037 0.73828 -1.2127 0.32598 0 385.98 -39.885 -0.10578 0.016107 45982 4911 6263.5 0 0
2.794e+05 0.59392 0.32348 0.69903 -1.2436 0.32116 0 402.14 -34.976 -0.10669 0.01611 45983 4910 6264.8 0 0
2.795e+05 0.55538 0.28907 0.68362 -1.1654 0.3358 0 392.51 -37.037 -0.10761 0.01611 45983 4910 6266.1 0 0
2.796e+05 0.55288 0.30808 0.66318 -1.145 0.30725 0 373.56 -40.11 -0.10853 0.016113 45983 4909 6267.4 0 0
2.797e+05 0.58959 0.28374 0.62614 -1.0376 0.33163 0 412.43 -30.791 -0.10945 0.016113 45983 4909 6268.7 0 0
2.798e+05 0.56172 0.31341 0.73762 -1.1858 0.33433 0 372.66 -38.997 -0.11036 0.016123 45983 4906 6270 0 0
2.799e+05 0.59052 0.26643 0.63671 -1.2168 0.30548 0 380.54 -31.178 -0.11128 0.016107 45983 4911 6271.3 0 0
2.8e+05 0.55956 0.30911 0.70636 -1.2143 0.31755 0 373 -38.371 -0.1122 0.016097 45983 4914 6272.7 0 0
2.801e+05 0.57889 0.31714 0.75175 -1.1931 0.30431 0 351.42 -35.488 -0.11313 0.0161 45983 4913 6274 0 0
2.802e+05 0.56699 0.33404 0.73211 -1.2165 0.31141 0 360.83 -42.07 -0.11404 0.016104 45983 4912 6275.4 0 0
2.803e+05 0.55564 0.33185 0.73054 -1.3117 0.29968 0 375.92 -43.657 -0.11496 0.0161 45983 4913 6276.8 0 0
2.804e+05 0.52808 0.33319 0.71747 -0.94658 0.31471 0 366.64 -48.891 -0.11588 0.0161 45983 4913 6278.2 0 0.18422
2.805e+05 0.55561 0.27836 0.63571 -0.94053 0.32722 0 381.01 -36.193 -0.1168 0.0161 45983 4913 6279.5 0 0
2.806e+05 0.55705 0.27214 0.66487 -1.3252 0.2989 0 383.92 -35.785 -0.11772 0.016097 45983 4914 6280.8 0 0
2.807e+05 0.54695 0.29491 0.67863 -1.1968 0.30675 0 368.26 -38.618 -0.11863 0.0161 45983 4913 6282 0 0
2.808e+05 0.54006 0.30134 0.62523 -1.2612 0.32266 0 380.64 -41.004 -0.11955 0.016103 45984 4912 6283.2 0 0
2.809e+05 0.55562 0.30833 0.67167 -1.3443 0.30733 0 367.47 -38.42 -0.12047 0.016103 45984 4912 6284.5 0 0
2.81e+05 0.62044 0.28854 0.8229 -1.0079 0.30003 0 376.57 -28.426 -0.12138 0.016103 45984 4912 6285.6 0 0
2.811e+05 0.58722 0.29889 0.82516 -1.3378 0.29853 0 378.98 -31.707 -0.1223 0.01611 45984 4910 6286.7 0 0
2.812e+05 0.57015 0.33785 0.75081 -1.0363 0.31745 0 366.43 -42.101 -0.12321 0.016117 45984 4908 6287.9 0 0
2.813e+05 0.60737 0.27929 0.73863 -1.2178 0.33332 0 377.69 -28.814 -0.12412 0.016113 45984 4909 6289 0 0
2.814e+05 0.53559 0.27293 0.73958 -1.2606 0.31237 0 374.17 -40.88 -0.12503 0.016107 45984 4911 6290.2 0 0
2.815e+05 0.534 0.27323 0.72537 -1.3333 0.30846 0 378.3 -41.244 -0.12595 0.016104 45984 4912 6291.6 0 0
2.816e+05 0.54998 0.30766 0.67534 -1.1926 0.33017 0 358.37 -39.151 -0.12686 0.0161 45984 4913 6292.8 0 0
2.817e+05 0.6235 0.25498 0.76045 -1.1519 0.30953 0 380.64 -30.146 -0.12777 0.016097 45984 4914 6294 0 0
2.818e+05 0.63276 0.27728 0.81222 -1.3397 0.29407 0 367.53 -28.182 -0.12869 0.016087 45984 4917 6295.1 0 0
2.819e+05 0.65968 0.27143 0.85121 -1.3221 0.30681 0 374.26 -28.046 -0.1296 0.01609 45984 4916 6296.2 0 0
2.82e+05 0.65792 0.25077 0.73595 -1.2252 0.31162 0 385.15 -30.494 -0.13051 0.01609 45985 4916 6297.2 0 0
2.821e+05 0.64594 0.33575 0.74862 -1.2522 0.31989 0 406.96 -34.266 -0.13142 0.01609 45985 4916 6298.4 0 0
2.822e+05 0.6445 0.29296 0.77452 -1.293 0.32113 0 383.08 -28.301 -0.13234 0.016094 45985 4915 6299.5 0 0
2.823e+05 0.61709 0.28518 0.77085 -0.9231 0.34355 0 374.5 -28.156 -0.13325 0.016097 45985 4914 6300.6 0 0
2.824e+05 0.57662 0.32393 0.73806 -0.81726 0.30131 0 379.6 -36.814 -0.13416 0.0161 45985 4913 6301.6 0 0
2.825e+05 0.62405 0.28424 0.79013 -1.2946 0.31706 0 383.1 -27.876 -0.13507 0.016097 45985 4914 6302.8 0 0
2.826e+05 0.62191 0.30431 0.75513 -1.3292 0.31187 0 367.58 -29.871 -0.13599 0.016094 45985 4915 6303.9 0 0
2.827e+05 0.60336 0.26241 0.67541 -0.92561 0.3211 0 385.28 -29.834 -0.1369 0.01609 45985 4916 6305 0 0
2.828e+05 0.57531 0.25889 0.64555 -1.0846 0.3156 0 397.85 -33.469 -0.13781 0.016087 45985 4917 6306 0 0
2.829e+05 0.59583 0.25543 0.6864 -1.2531 0.32278 0 392.19 -31.184 -0.13872 0.016087 45985 4917 6307.3 0 0
2.83e+05 0.63129 0.23509 0.72636 -1.3912 0.31276 0 378.21 -33.588 -0.13963 0.01609 45985 4916 6308.4 0 0
2.831e+05 0.60499 0.22565 0.625 -1.5236 0.30925 0 382.37 -36.959 -0.14054 0.016087 45985 4917 6309.6 0 0
2.832e+05 0.60343 0.28234 0.68039 -1.0032 0.33551 0 392.09 -28.693 -0.14145 0.016087 45985 4917 6310.8 0 0
2.833e+05 0.68297 0.31403 0.81675 -1.3921 0.30725 0 398.34 -30.615 -0.14236 0.016087 45985 4917 6311.9 0 0
2.834e+05 0.6578 0.2665 0.88092 -1.3299 0.31853 0 372.76 -28.305 -0.14327 0.016084 45985 4918 6312.9 0 0
2.835e+05 0.67007 0.3236 0.82188 -1.1062 0.331 0 382.9 -33.319 -0.14418 0.016084 45985 4918 6314 0 0
2.836e+05 0.64221 0.31794 0.86 -1.2109 0.29812 0 391.5 -32.014 -0.14509 0.01609 45985 4916 6315.1 0 0
2.837e+05 0.63075 0.32627 0.74905 -1.0867 0.31447 0 385.4 -33.405 -0.146 0.016094 45985 4915 6316.2 0 0
2.838e+05 0.6028 0.29266 0.82649 -1.3188 0.32625 0 393.49 -28.952 -0.14691 0.01609 45985 4916 6317.3 0 0
2.839e+05 0.59924 0.32806 0.8148 -0.96889 0.30716 0 387.71 -34.76 -0.14782 0.016084 45985 4918 6318.4 0 0
2.84e+05 0.59937 0.29416 0.79759 -1.2483 0.30563 0 388.82 -29.207 -0.14872 0.016077 45985 4920 6319.5 0 0
2.841e+05 0.66186 0.31265 0.73506 -1.0276 0.32682 0 387.39 -30.788 -0.14963 0.016077 45985 4920 6320.6 0 0
2.842e+05 0.64121 0.27624 0.79349 -1.3713 0.31098 0 372.92 -27.391 -0.15054 0.016074 45985 4921 6321.7 0 0
2.843e+05 0.66344 0.25833 0.6872 -1.0449 0.31377 0 379.44 -29.165 -0.15144 0.016071 45985 4922 6322.8 0 0
2.844e+05 0.62833 0.31472 0.75904 -1.2653 0.31693 0 375.81 -31.024 -0.15235 0.016071 45985 4922 6323.9 0 0
2.845e+05 0.65697 0.28619 0.76729 -1.5147 0.32181 0 404.47 -27.669 -0.15326 0.016074 45985 4921 6325 0 0
2.846e+05 0.60984 0.28873 0.76601 -1.2838 0.33198 0 402.71 -28.104 -0.15416 0.016071 45985 4922 6326.1 0 0
2.847e+05 0.61553 0.33621 0.76353 -1.2177 0.31096 0 385.76 -35.597 -0.15507 0.016068 45985 4923 6327.3 0 0
2.848e+05 0.60949 0.31754 0.74388 -1.0248 0.33626 0 409.26 -31.58 -0.15597 0.016064 45985 4924 6328.4 0 0
2.849e+05 0.62191 0.33442 0.85529 -1.0869 0.29896 0 373.46 -34.894 -0.15688 0.016068 45985 4923 6329.6 0 0
2.85e+05 0.6127 0.33886 0.71728 -1.1663 0.32459 0 388.86 -36.124 -0.15778 0.016071 45985 4922 6330.8 0 0
2.851e+05 0.67839 0.27161 0.74447 -1.2146 0.28899 0 386.11 -27.167 -0.15869 0.016068 45985 4923 6331.9 0 0
2.852e+05 0.62414 0.30878 0.78479 -1.2069 0.32788 0 395.83 -29.839 -0.15959 0.016061 45985 4925 6332.9 0 0
2.853e+05 0.65348 0.24761 0.78493 -1.202 0.32172 0 392.99 -30.897 -0.16049 0.016064 45985 4924 6334 0 0
2.854e+05 0.64615 0.29394 0.80382 -1.2923 0.32737 0 390.84 -27.872 -0.1614 0.016068 45985 4923 6335.1 0 0
2.855e+05 0.59254 0.32662 0.76763 -1.0858 0.31731 0 409.51 -35.072 -0.1623 0.016068 45985 4923 6336.2 0 0
2.856e+05 0.63777 0.32387 0.76631 -1.2268 0.32395 0 387.05 -32.542 -0.1632 0.016068 45985 4923 6337.3 0 0
2.857e+05 0.61149 0.29344 0.78631 -1.4089 0.32381 0 384.75 -28.004 -0.16411 0.016061 45985 4925 6338.4 0 0
2.858e+05 0.62216 0.25622 0.77719 -1.1377 0.31029 0 388.74 -29.49 -0.16501 0.016061 45985 4925 6339.5 0 0
2.859e+05 0.62928 0.32086 0.83517 -1.2263 0.31048 0 360.26 -31.698 -0.16591 0.016061 45985 4925 6340.6 0 0
2.86e+05 0.64911 0.27651 0.82273 -1.2099 0.31885 0 389.65 -27.096 -0.16681 0.016051 45985 4928 6341.7 0 0
2.861e+05 0.6208 0.28465 0.7745 -1.3957 0.32758 0 367.68 -27.26 -0.16771 0.016048 45985 4929 6342.8 0 0
2.862e+05 0.64985 0.21399 0.79204 -1.3816 0.34592 0 385.87 -40.269 -0.16861 0.016045 45985 4930 6343.9 0 0
2.863e+05 0.64418 0.24594 0.80155 -1.1114 0.3321 0 372.89 -31.185 -0.16951 0.016042 45985 4931 6345 0 0
2.864e+05 0.65893 0.24956 0.80274 -0.92688 0.3115 0 375.08 -30.256 -0.17041 0.016051 45985 4928 6346.2 0 0
2.865e+05 0.68157 0.28218 0.77948 -1.3907 0.31441 0 378.01 -26.727 -0.17131 0.016051 45985 4928 6347.3 0 0
2.866e+05 0.64448 0.25899 0.84504 -1.2067 0.33721 0 392.96 -28.758 -0.17221 0.016055 45985 4927 6348.4 0 0
2.867e+05 0.7101 0.18435 0.79923 -1.2051 0.34874 0 395.87 -49.757 -0.17311 0.016055 45985 4927 6349.5 0 0
2.868e+05 0.66208 0.23117 0.88723 -1.3423 0.31165 0 382.35 -34.972 -0.17401 0.016048 45985 4929 6350.9 0 0
2.869e+05 0.68011 0.25605 0.78195 -1.0836 0.31905 0 393.58 -29.059 -0.17491 0.016038 45985 4932 6352 0 0
2.87e+05 0.7169 0.23003 0.91029 -1.006 0.30483 0 376.75 -35.367 -0.17581 0.016045 45985 4930 6353.3 0 0
2.871e+05 0.71806 0.18219 0.84281 -1.3456 0.31358 0 385.32 -49.819 -0.1767 0.016045 45985 4930 6354.7 0 0
2.872e+05 0.67461 0.22535 0.84547 -1.3337 0.31393 0 394.54 -37.302 -0.1776 0.016035 45985 4933 6356.2 0 0
2.873e+05 0.7141 0.20688 0.88416 -1.2 0.31938 0 382.14 -44.53 -0.1785 0.016029 45985 4935 6357.8 0 0
2.874e+05 0.64879 0.18934 0.8383 -1.3611 0.30298 0 383.54 -48.441 -0.1794 0.016032 45985 4934 6359.1 0 0
2.875e+05 0.6299 0.23873 0.79744 -1.3377 0.30373 0 386.71 -32.727 -0.18029 0.016032 45985 4934 6360.5 0 0
2.876e+05 0.64904 0.24467 0.7979 -1.3108 0.31409 0 386.74 -31.176 -0.18119 0.016029 45985 4935 6361.9 0 0
2.877e+05 0.72793 0.19726 0.86661 -1.0265 0.32773 0 399.96 -47.667 -0.18208 0.016032 45985 4934 6363.3 0 0
2.878e+05 0.71991 0.20649 0.85441 -1.1897 0.30856 0 392.57 -44.508 -0.18298 0.016035 45985 4933 6364.8 0 0
2.879e+05 0.68585 0.18721 0.84721 -1.3265 0.31925 0 404.96 -49.128 -0.18388 0.016035 45985 4933 6366.2 0 0
2.88e+05 0.72291 0.21697 0.8439 -1.1673 0.30893 0 375.82 -40.11 -0.18477 0.016032 45985 4934 6367.6 0 0
2.881e+05 0.69204 0.18304 0.83709 -1.2609 0.31165 0 393.98 -49.6 -0.18567 0.016016 45985 4939 6369.1 0 0
2.882e+05 0.702 0.21208 0.80276 -1.3445 0.32144 0 364.5 -41.782 -0.18656 0.016019 45985 4938 6370.5 0 0
2.883e+05 0.68924 0.21634 0.90743 -1.1689 0.31204 0 393.12 -39.924 -0.18745 0.016019 45985 4938 6371.9 0 0
2.884e+05 0.69275 0.20604 0.84739 -1.2758 0.30988 0 377.9 -43.484 -0.18835 0.016016 45985 4939 6373.3 0 0
2.885e+05 0.67233 0.20799 0.81301 -1.2853 0.29978 0 387.23 -42.314 -0.18924 0.016019 45985 4938 6374.8 0 0
2.886e+05 0.67957 0.20212 0.86013 -1.3078 0.33009 0 362.99 -44.204 -0.19013 0.016019 45985 4938 6376.1 0 0
2.887e+05 0.65825 0.18034 0.84907 -1.6364 0.30464 0 381.51 -49.586 -0.19103 0.016016 45985 4939 6377.5 0 0
2.888e+05 0.66463 0.19082 0.78187 -1.3586 0.31863 0 368 -47.845 -0.19192 0.016016 45985 4939 6378.9 0 0
2.889e+05 0.69976 0.20833 0.86745 -1.2091 0.31498 0 379.7 -42.686 -0.19281 0.016009 45985 4941 6380.3 0 0
2.89e+05 0.60894 0.23101 0.8381 -1.2764 0.31368 0 379.78 -35.35 -0.1937 0.016016 45985 4939 6381.8 0 0
2.891e+05 0.61657 0.19489 0.84029 -1.2077 0.31781 0 394.06 -46.546 -0.1946 0.016019 45985 4938 6383.2 0 0
2.892e+05 0.63345 0.2328 0.8991 -1.289 0.31464 0 389.4 -33.761 -0.19549 0.016019 45985 4938 6384.5 0 0
2.893e+05 0.62685 0.26593 0.85257 -1.2726 0.32661 0 388.6 -27.944 -0.19638 0.016019 45985 4938 6385.8 0 0
2.894e+05 0.64282 0.21661 0.87011 -1.2621 0.31493 0 398.32 -38.603 -0.19727 0.016016 45985 4939 6387 0 0
2.895e+05 0.67764 0.21329 0.86603 -1.2656 0.33649 0 394.74 -40.218 -0.19816 0.016012 45985 4940 6388.3 0 0
2.896e+05 0.68633 0.24121 0.89566 -1.33 0.33136 0 371.32 -32.057 -0.19905 0.016006 45985 4942 6389.5 0 0
2.897e+05 0.64968 0.24411 0.81478 -1.1391 0.30277 0 371.03 -31.078 -0.19994 0.016012 45985 4940 6390.7 0 0
2.898e+05 0.6553 0.25741 0.8825 -1.4688 0.32417 0 385.41 -28.812 -0.20083 0.016006 45985 4942 6391.9 0 0
2.899e+05 0.62972 0.26285 0.86572 -1.7705 0.30434 0 390.22 -28.317 -0.20172 0.016003 45985 4943 6392.9 0 0
2.9e+05 0.68601 0.25647 0.89004 -1.2943 0.30891 0 396.32 -28.917 -0.20261 0.015999 45985 4944 6394 0 0
2.901e+05 0.66438 0.22006 0.79708 -1.2324 0.32251 0 400.84 -37.351 -0.2035 0.015993 45985 4946 6395.1 0 0
2.902e+05 0.66199 0.2848 0.90245 -1.3963 0.31962 0 387.43 -27.127 -0.20438 0.015999 45985 4944 6396.2 0 0
2.903e+05 0.65094 0.28765 0.78473 -1.2995 0.31832 0 392.74 -26.924 -0.20527 0.015999 45985 4944 6397.3 0 0
2.904e+05 0.62612 0.31362 0.85075 -1.3556 0.34307 0 385.28 -29.631 -0.20616 0.015999 45985 4944 6398.3 0 0
2.905e+05 0.64977 0.32455 0.88655 -1.3205 0.32634 0 386.47 -32.756 -0.20705 0.016003 45985 4943 6399.4 0 0
2.906e+05 0.67705 0.3362 0.91079 -1.3624 0.33028 0 353.64 -32.483 -0.20793 0.015993 45985 4946 6400.5 0 0
2.907e+05 0.6733 0.27804 0.87336 -1.1429 0.31532 0 363.3 -26.621 -0.20882 0.015986 45985 4948 6401.6 0 0
2.908e+05 0.59218 0.31213 0.82316 -1.1608 0.319 0 361.9 -30.374 -0.20971 0.015983 45985 4949 6402.6 0 0
2.909e+05 0.64501 0.28921 0.87377 -1.4256 0.31333 0 353.16 -26.8 -0.21059 0.01599 45985 4947 6403.8 0 0
2.91e+05 0.70008 0.2876 0.86518 -1.0311 0.30822 0 384.71 -26.236 -0.21148 0.015993 45985 4946 6404.8 0 0
2.911e+05 0.66444 0.24585 0.86278 -1.6097 0.32263 0 377.9 -30.467 -0.21236 0.015993 45985 4946 6406 0 0
2.912e+05 0.6588 0.29401 0.80241 -1.3888 0.3393 0 377.37 -27.351 -0.21325 0.016003 45985 4943 6407.1 0 0
2.913e+05 0.68607 0.23355 0.87874 -1.3654 0.30226 0 361.17 -33.925 -0.21413 0.015993 45985 4946 6408.2 0 0
2.914e+05 0.65478 0.19604 0.8822 -1.4269 0.29596 0 375.45 -45.398 -0.21502 0.015993 45985 4946 6409.5 0 0
2.915e+05 0.69541 0.26449 0.89962 -1.3697 0.3369 0 368.17 -27.262 -0.2159 0.015993 45985 4946 6410.8 0 0
2.916e+05 0.676 0.25555 0.80423 -1.1466 0.33983 0 368.68 -28.736 -0.21679 0.015983 45985 4949 6412 0 0
2.917e+05 0.63018 0.24006 0.88433 -1.2264 0.33502 0 403.19 -32.055 -0.21767 0.015986 45985 4948 6413.1 0 0
2.918e+05 0.69015 0.23476 0.88938 -1.3064 0.33731 0 400.07 -33.429 -0.21855 0.015986 45985 4948 6414.3 0 0
2.919e+05 0.68745 0.2183 0.8467 -1.2613 0.33659 0 371.87 -38.376 -0.21944 0.015983 45985 4949 6415.6 0 0
2.92e+05 0.69856 0.23601 0.80417 -1.1342 0.34826 0 380.2 -33.32 -0.22032 0.015986 45985 4948 6416.9 0 0
2.921e+05 0.66216 0.26815 0.8906 -0.98811 0.35266 0 390.15 -27.189 -0.2212 0.015986 45985 4948 6418.1 0 0
2.922e+05 0.66166 0.283 0.82952 -1.6553 0.37178 0 387.54 -26.607 -0.22208 0.015986 45985 4948 6419.1 0 0
2.923e+05 0.69717 0.26923 0.91069 -1.4182 0.32699 0 382.52 -26.634 -0.22297 0.015993 45985 4946 6420.3 0 0
2.924e+05 0.67068 0.26414 0.80926 -1.3783 0.33112 0 393.5 -27.466 -0.22385 0.015986 45985 4948 6421.5 0 0
2.925e+05 0.6744 0.22803 0.82403 -1.0919 0.3348 0 387.39 -34.662 -0.22473 0.015986 45985 4948 6422.6 0 0
2.926e+05 0.67122 0.2568 0.81932 -1.1879 0.31188 0 386.9 -28.295 -0.22561 0.015986 45985 4948 6423.7 0 0
2.927e+05 0.69189 0.22658 0.87341 -1.1564 0.32164 0 366.87 -35.482 -0.22649 0.01599 45985 4947 6425 0 0
2.928e+05 0.66525 0.20182 0.8108 -1.3016 0.35736 0 370.86 -43.187 -0.22737 0.015986 45985 4948 6426.4 0 0
2.929e+05 0.6395 0.21891 0.82323 -1.1469 0.30816 0 355.93 -37.447 -0.22825 0.015986 45985 4948 6427.7 0 0
2.93e+05 0.71298 0.22604 0.84995 -1.2534 0.29118 0 357.38 -36.45 -0.22913 0.015993 45985 4946 6429 0 0
2.931e+05 0.6315 0.24317 0.85454 -1.1738 0.30608 0 355.66 -31.369 -0.23001 0.015993 45985 4946 6430.3 0 0
2.932e+05 0.64294 0.19463 0.86017 -1.2074 0.32522 0 347.44 -45.572 -0.23089 0.015993 45985 4946 6431.5 0 0
2.933e+05 0.67732 0.21681 0.86784 -1.4465 0.31222 0 371.26 -38.187 -0.23177 0.015986 45985 4948 6432.8 0 0
2.934e+05 0.72325 0.22603 0.87855 -1.0828 0.30101 0 348.07 -36.208 -0.23264 0.01599 45985 4947 6434.1 0 0
2.935e+05 0.63044 0.24119 0.85829 -1.1304 0.35406 0 367.78 -31.724 -0.23352 0.015993 45985 4946 6435.3 0 0
2.936e+05 0.67082 0.2393 0.87744 -1.2199 0.34027 0 345.18 -31.334 -0.2344 0.015993 45985 4946 6436.6 0 0
2.937e+05 0.69176 0.23087 0.8445 -1.0477 0.34064 0 362.81 -33.921 -0.23528 0.015996 45985 4945 6437.8 0 0
2.938e+05 0.72281 0.20703 0.94325 -1.319 0.35061 0 354.41 -43.643 -0.23616 0.01599 45985 4947 6439.2 0 0
2.939e+05 0.71224 0.19149 0.86345 -0.91485 0.33072 0 348.6 -48.178 -0.23703 0.01598 45985 4950 6440.6 0 0
2.94e+05 0.63389 0.21176 0.83515 -1.3176 0.31573 0 346.49 -39.674 -0.23791 0.015983 45985 4949 6441.9 0 0
2.941e+05 0.63335 0.19519 0.88054 -1.0709 0.32073 0 354.49 -45.648 -0.23878 0.01598 45985 4950 6443.1 0 0
2.942e+05 0.60564 0.20949 0.82525 -1.3591 0.34025 0 350.51 -41.709 -0.23966 0.01597 45985 4953 6444.6 0 0
2.943e+05 0.66605 0.20446 0.86383 -1.3234 0.3109 0 362.84 -41.417 -0.24053 0.015961 45985 4956 6446 0 0
2.944e+05 0.64643 0.23664 0.85073 -1.2049 0.33574 0 366.09 -32.241 -0.24141 0.015967 45985 4954 6447.4 0 0
2.945e+05 0.60107 0.24098 0.74249 -1.3323 0.34427 0 338.68 -33.417 -0.24228 0.015954 45985 4958 6448.7 0 0
2.946e+05 0.63297 0.23485 0.8135 -1.0586 0.34852 0 359.08 -32.779 -0.24315 0.015948 45985 4960 6450 0 0
2.947e+05 0.62734 0.21657 0.8263 -1.3342 0.32359 0 353.59 -37.715 -0.24402 0.015941 45986 4962 6451.2 0 0
2.948e+05 0.61963 0.22083 0.75915 -1.4386 0.32006 0 365.88 -36.784 -0.2449 0.015932 45986 4965 6452.5 0 0
2.949e+05 0.61121 0.22609 0.80521 -1.2959 0.32487 0 355.96 -35.869 -0.24577 0.015922 45986 4968 6453.7 0 0
2.95e+05 0.63328 0.2815 0.83603 -1.4864 0.33791 0 355.11 -26.56 -0.24665 0.015925 45986 4967 6455.1 0 0
2.951e+05 0.66075 0.2307 0.81322 -1.1474 0.34658 0 372.33 -33.58 -0.24752 0.015925 45986 4967 6456.3 0 0
2.952e+05 0.55656 0.29112 0.82377 -1.3935 0.32518 0 355.57 -33.297 -0.24839 0.015922 45986 4968 6457.4 0 0
2.953e+05 0.63392 0.29163 0.81834 -1.3227 0.33848 0 351.93 -26.626 -0.24926 0.015929 45986 4966 6458.4 0 0
2.954e+05 0.5371 0.30377 0.82489 -1.2484 0.35458 0 366.45 -38.683 -0.25013 0.015932 45986 4965 6459.6 0 0
2.955e+05 0.61411 0.2418 0.82294 -0.89379 0.36149 0 372.37 -31.969 -0.251 0.015938 45986 4963 6460.8 0 0
2.956e+05 0.57777 0.28875 0.81625 -1.1868 0.34646 0 356.73 -29.671 -0.25188 0.015935 45986 4964 6462 0 0
2.957e+05 0.58411 0.27881 0.75196 -1.1272 0.32674 0 357.92 -29.164 -0.25274 0.015938 45986 4963 6463.2 0 0
2.958e+05 0.56261 0.21698 0.76992 -1.1853 0.32512 0 366.65 -45.96 -0.25362 0.015929 45986 4966 6464.4 0 0
2.959e+05 0.55547 0.24414 0.77542 -1.2727 0.37318 0 375.05 -38.978 -0.25449 0.015932 45986 4965 6465.8 0 0
2.96e+05 0.58806 0.23142 0.80488 -1.285 0.364 0 371.94 -36.541 -0.25536 0.015938 45986 4963 6467.1 0 0
2.961e+05 0.58837 0.23275 0.80296 -1.4011 0.35885 0 365.6 -36.15 -0.25622 0.015935 45986 4964 6468.4 0 0
2.962e+05 0.65222 0.27158 0.76296 -1.2499 0.34059 0 351.14 -26.609 -0.25709 0.015929 45986 4966 6469.5 0 0
2.963e+05 0.55347 0.22451 0.83826 -1.1804 0.34197 0 378.36 -45.192 -0.25795 0.015922 45986 4968 6470.8 0 0
2.964e+05 0.62452 0.18906 0.79308 -1.0793 0.35273 0 369.8 -47.7 -0.25882 0.015929 45986 4966 6472.3 0 0
2.965e+05 0.6629 0.20921 0.77056 -1.2666 0.33859 0 377.01 -39.794 -0.25969 0.015935 45987 4964 6473.6 0 0
2.966e+05 0.6053 0.21369 0.80669 -1.2541 0.30085 0 366.87 -39.951 -0.26056 0.015938 45987 4963 6474.9 0 0
2.967e+05 0.61537 0.24718 0.79863 -1.2709 0.29688 0 378.04 -30.505 -0.26143 0.015929 45987 4966 6476.1 0 0
2.968e+05 0.60564 0.23479 0.80358 -1.1674 0.33369 0 359.68 -33.848 -0.2623 0.015919 45987 4969 6477.2 0 0
2.969e+05 0.62413 0.23818 0.77043 -1.3538 0.32336 0 372.69 -31.793 -0.26316 0.015926 45987 4967 6478.4 0 0
2.97e+05 0.67809 0.2526 0.75845 -1.0357 0.30153 0 397.12 -28.817 -0.26403 0.015926 45987 4967 6479.5 0 0
2.971e+05 0.57629 0.27093 0.76177 -1.4256 0.32677 0 400.51 -30.688 -0.2649 0.015932 45987 4965 6480.6 0 0
2.972e+05 0.55764 0.28149 0.75344 -1.1942 0.32985 0 375.4 -33.096 -0.26577 0.015926 45987 4967 6481.7 0 0
2.973e+05 0.57867 0.26235 0.73555 -1.3039 0.32276 0 397.88 -31.322 -0.26663 0.015922 45987 4968 6482.8 0 0
2.974e+05 0.6373 0.25798 0.82216 -1.1638 0.33588 0 384.96 -28.038 -0.2675 0.015926 45987 4967 6484 0 0
2.975e+05 0.63332 0.24094 0.79087 -1.1475 0.35949 0 364.67 -31.016 -0.26837 0.015922 45987 4968 6485.1 0 0
2.976e+05 0.6063 0.25454 0.69818 -1.3201 0.29873 0 324.36 -29.466 -0.26923 0.015913 45987 4971 6486.4 0 0
2.977e+05 0.61152 0.27041 0.79511 -1.2786 0.33151 0 373.45 -27.033 -0.2701 0.01591 45987 4972 6487.5 0 0
2.978e+05 0.64902 0.24844 0.84127 -1.1437 0.33341 0 387.32 -29.04 -0.27096 0.01591 45987 4972 6488.6 0 0
2.979e+05 0.63507 0.19654 0.77134 -1.1016 0.33395 0 398.22 -44.383 -0.27183 0.015913 45987 4971 6489.9 0 0
2.98e+05 0.59812 0.26055 0.80036 -1.375 0.30878 0 402.27 -29.281 -0.27269 0.015906 45987 4973 6491.2 0 0
2.981e+05 0.63099 0.24955 0.76061 -1.3825 0.32154 0 395.8 -29.263 -0.27356 0.01591 45987 4972 6492.4 0 0
2.982e+05 0.66656 0.23173 0.77311 -1.3655 0.34563 0 410.91 -32.748 -0.27442 0.01591 45987 4972 6493.6 0 0
2.983e+05 0.63088 0.19745 0.80632 -1.2239 0.32601 0 382.25 -44.044 -0.27529 0.01591 45987 4972 6494.8 0 0
2.984e+05 0.56286 0.23458 0.79798 -1.0624 0.32864 0 395.64 -39.986 -0.27615 0.0159 45987 4975 6496.1 0 0
2.985e+05 0.65486 0.30547 0.81701 -1.073 0.34317 0 407.49 -27.684 -0.27702 0.01589 45987 4978 6497.3 0 0
2.986e+05 0.68947 0.24804 0.84266 -1.0656 0.31864 0 380.92 -29.8 -0.27788 0.015894 45987 4977 6498.3 0 0
2.987e+05 0.66981 0.26445 0.79976 -1.2533 0.35128 0 421.4 -27.002 -0.27874 0.015897 45987 4976 6499.4 0 0
2.988e+05 0.65236 0.26402 0.81742 -1.2025 0.32732 0 386.16 -26.875 -0.2796 0.015897 45987 4976 6500.5 0 0
2.989e+05 0.6505 0.26352 0.84065 -1.1075 0.31931 0 393.03 -26.929 -0.28047 0.01589 45987 4978 6501.5 0 0
2.99e+05 0.6634 0.25494 0.86535 -1.3731 0.31621 0 399.6 -27.977 -0.28133 0.015887 45987 4979 6502.6 0 0
2.991e+05 0.64701 0.25637 0.79161 -1.2578 0.31546 0 373.75 -27.664 -0.28219 0.015881 45987 4981 6503.7 0 0
2.992e+05 0.64099 0.26364 0.82145 -1.3092 0.32018 0 386.52 -26.914 -0.28305 0.015878 45987 4982 6504.8 0 0
2.993e+05 0.65774 0.2594 0.81629 -1.2141 0.30526 0 386.84 -27.109 -0.28391 0.015881 45987 4981 6505.9 0 0
2.994e+05 0.6457 0.23728 0.79689 -1.1605 0.34062 0 380.4 -31.211 -0.28477 0.015884 45987 4980 6506.9 0 0
2.995e+05 0.64148 0.2537 0.77522 -1.4363 0.31786 0 398.02 -27.793 -0.28563 0.015887 45987 4979 6508.1 0 0
2.996e+05 0.61272 0.2294 0.83005 -1.6106 0.3127 0 391.9 -34.055 -0.28649 0.01589 45987 4978 6509.2 0 0
2.997e+05 0.65126 0.24035 0.8772 -1.1604 0.31679 0 376.91 -30.382 -0.28735 0.015887 45987 4979 6510.4 0 0
2.998e+05 0.63473 0.22352 0.77344 -1.1945 0.3203 0 363.91 -34.513 -0.28821 0.01589 45987 4978 6511.6 0 0
2.999e+05 0.68233 0.21998 0.8171 -1.435 0.32287 0 386.11 -36.809 -0.28907 0.015894 45987 4977 6512.7 0 0
3e+05 0.61635 0.2219 0.77462 -1.2636 0.30607 0 404.84 -35.482 -0.28993 0.015894 45987 4977 6513.9 0 0
3.001e+05 0.69577 0.23972 0.83668 -1.3956 0.30239 0 374.66 -31.753 -0.29079 0.015893 45987 4977 6515.1 0 0
3.002e+05 0.62649 0.2068 0.8621 -1.2898 0.31313 0 379.64 -40.219 -0.29164 0.015887 45987 4979 6516.4 0 0
3.003e+05 0.55493 0.21382 0.73442 -1.4983 0.3392 0 373.32 -48.102 -0.2925 0.015881 45987 4981 6517.7 0 0
3.004e+05 0.66164 0.23582 0.8372 -1.0676 0.32068 0 383.75 -31.358 -0.29335 0.015881 45987 4981 6518.9 0 0
3.005e+05 0.6581 0.19665 0.82939 -0.94383 0.30025 0 389.07 -43.889 -0.29421 0.015884 45987 4980 6520.1 0 0
3.006e+05 0.65611 0.25883 0.80191 -1.1449 0.31499 0 402.88 -26.971 -0.29507 0.015878 45987 4982 6521.3 0 0
3.007e+05 0.66048 0.21249 0.8458 -1.4598 0.3148 0 396.88 -37.977 -0.29592 0.015874 45987 4983 6522.4 0 0
3.008e+05 0.65819 0.21065 0.7786 -1.2721 0.31596 0 384.15 -38.442 -0.29678 0.015874 45987 4983 6523.7 0 0
3.009e+05 0.62074 0.23486 0.80028 -1.4201 0.3203 0 394.71 -31.53 -0.29764 0.015871 45987 4984 6524.9 0 0
3.01e+05 0.57861 0.2323 0.81342 -0.91617 0.32061 0 390.96 -37.241 -0.29849 0.015868 45987 4985 6526.2 0 0
3.011e+05 0.59861 0.20509 0.78415 -1.2246 0.31269 0 413.5 -43.024 -0.29935 0.015868 45987 4985 6527.3 0 0
3.012e+05 0.6415 0.26785 0.84061 -1.3805 0.32391 0 379.63 -26.148 -0.3002 0.015865 45987 4986 6528.5 0 0
3.013e+05 0.67617 0.19835 0.72746 -1.1999 0.32519 0 399.26 -43.77 -0.30106 0.015852 45987 4990 6529.6 0 0
3.014e+05 0.60358 0.2443 0.78982 -1.4766 0.29684 0 402.34 -30.952 -0.30191 0.015855 45987 4989 6530.7 0 0
3.015e+05 0.64547 0.21696 0.82169 -1.2058 0.32784 0 408.15 -36.06 -0.30277 0.015855 45987 4989 6531.9 0 0
3.016e+05 0.64902 0.22275 0.78896 -0.85527 0.3032 0 387.12 -34.324 -0.30362 0.015855 45987 4989 6533.2 0 0
3.017e+05 0.60637 0.23658 0.75627 -1.1037 0.32689 0 404.77 -32.245 -0.30448 0.015852 45987 4990 6534.4 0 0
3.018e+05 0.61849 0.23621 0.83711 -1.0399 0.3174 0 396.34 -31.094 -0.30533 0.015855 45987 4989 6535.9 0 0
3.019e+05 0.65524 0.21619 0.85485 -1.0706 0.33887 0 401.99 -36.244 -0.30618 0.015859 45987 4988 6537.3 0 0
3.02e+05 0.61424 0.20311 0.77066 -1.0198 0.3277 0 380.68 -42.145 -0.30704 0.015855 45987 4989 6538.6 0 0
3.021e+05 0.68834 0.20142 0.88982 -1.0803 0.30734 0 409.86 -43.259 -0.30789 0.015855 45987 4989 6540 0 0
3.022e+05 0.66174 0.17219 0.77693 -1.301 0.3052 0 385.37 -49.785 -0.30874 0.015849 45987 4991 6541.5 0 0
3.023e+05 0.61791 0.16507 0.77613 -1.0482 0.29408 0 380.07 -49.995 -0.3096 0.015839 45987 4994 6543.1 0 0
3.024e+05 0.60404 0.18416 0.65171 -1.4973 0.31373 0 349.77 -49.305 -0.31045 0.01583 45987 4997 6544.7 0 0
3.025e+05 0.61033 0.19644 0.70274 -1.4196 0.31021 0 365.76 -44.683 -0.3113 0.015817 45987 5001 6546.2 0 0
3.026e+05 0.65446 0.18711 0.77861 -1.3359 0.30817 0 383.05 -46.54 -0.31216 0.015817 45987 5001 6547.8 0 0
3.027e+05 0.61193 0.18129 0.66912 -0.97964 0.30993 0 388.93 -48.974 -0.31301 0.01582 45987 5000 6549.4 0 0
3.028e+05 0.61136 0.1909 0.76529 -1.3322 0.29851 0 393.78 -46.408 -0.31386 0.015802 45987 5006 6550.9 0 0
3.029e+05 0.5693 0.21764 0.82255 -1.3994 0.34065 0 380.93 -43.487 -0.31471 0.015811 45987 5003 6552.4 0 0
3.03e+05 0.62916 0.17893 0.69156 -1.2424 0.31047 0 379.67 -48.687 -0.31556 0.015795 45987 5008 6553.9 0 0
3.031e+05 0.53664 0.24774 0.79836 -1.0916 0.33447 0 353.16 -43.06 -0.31641 0.015792 45987 5009 6555.5 0 0
3.032e+05 0.62227 0.19098 0.72196 -1.505 0.29554 0 369.21 -45.602 -0.31726 0.015792 45987 5009 6557 0 0
3.033e+05 0.67089 0.1833 0.78675 -1.1236 0.30562 0 350.07 -48.221 -0.31811 0.015792 45987 5009 6558.6 0 0
3.034e+05 0.66453 0.18545 0.73645 -1.268 0.30394 0 346.59 -47.288 -0.31896 0.015792 45987 5009 6560.1 0 0
3.035e+05 0.58459 0.20841 0.80344 -1.345 0.29406 0 358.82 -43.432 -0.31981 0.015789 45987 5010 6561.6 0 0
3.036e+05 0.64524 0.21455 0.78441 -1.1785 0.34684 0 356.42 -36.476 -0.32066 0.015783 45987 5012 6563 0 0
3.037e+05 0.67455 0.16051 0.8108 -1.31 0.31117 0 370.2 -49.99 -0.32151 0.015786 45987 5011 6564.5 0 0
3.038e+05 0.6125 0.20992 0.82573 -1.1814 0.30695 0 367.45 -39.36 -0.32236 0.015792 45987 5009 6566.1 0 0
3.039e+05 0.64099 0.18124 0.76257 -1.3556 0.29366 0 380.69 -47.219 -0.3232 0.015783 45987 5012 6567.6 0 0
3.04e+05 0.63956 0.1943 0.83946 -1.4888 0.31237 0 376.68 -43.148 -0.32405 0.015776 45988 5014 6569.2 0 0
3.041e+05 0.63844 0.20827 0.80097 -1.0978 0.30953 0 360.62 -38.454 -0.3249 0.015773 45988 5015 6570.6 0 0
3.042e+05 0.59094 0.19521 0.78454 -1.2907 0.31806 0 383.52 -46.723 -0.32575 0.01577 45988 5016 6572.1 0 0
3.043e+05 0.6244 0.15691 0.79888 -1.3052 0.32467 0 390.25 -49.974 -0.32659 0.015761 45988 5019 6573.6 0 0
3.044e+05 0.61048 0.18591 0.81182 -0.81601 0.30515 0 379.86 -46.727 -0.32744 0.015751 45988 5022 6575.1 0 0
3.045e+05 0.6192 0.2141 0.74526 -1.2366 0.30506 0 373.35 -37.075 -0.32828 0.015748 45988 5023 6576.7 0 0
3.046e+05 0.58082 0.23639 0.72668 -1.2908 0.33304 0 392.6 -35.497 -0.32913 0.015748 45988 5023 6578 0 0
3.047e+05 0.57195 0.2144 0.78785 -1.2694 0.31457 0 365.96 -43.851 -0.32998 0.015742 45988 5025 6579.3 0 0
3.048e+05 0.5754 0.21838 0.79925 -1.0814 0.32525 0 380.19 -41.715 -0.33082 0.015745 45988 5024 6580.7 0 0
3.049e+05 0.6377 0.21589 0.74491 -1.1182 0.32817 0 370.23 -35.914 -0.33167 0.015742 45988 5025 6581.9 0 0
3.05e+05 0.63528 0.19967 0.8509 -1.3199 0.30862 0 354.76 -41.064 -0.33251 0.015732 45988 5028 6583.3 0 0
3.051e+05 0.65075 0.17965 0.81116 -1.3891 0.31932 0 398.01 -47.763 -0.33336 0.015745 45988 5024 6584.8 0 0
3.052e+05 0.62201 0.19017 0.74338 -1.1611 0.31174 0 368.84 -44.494 -0.3342 0.015748 45988 5023 6586.2 0 0
3.053e+05 0.58737 0.20028 0.8163 -1.1918 0.33444 0 387.99 -45.118 -0.33505 0.015751 45988 5022 6587.6 0 0
3.054e+05 0.60693 0.21354 0.83346 -1.3674 0.3167 0 382.15 -38.152 -0.33589 0.015751 45988 5022 6589 0 0
3.055e+05 0.57734 0.21524 0.73061 -1.4769 0.31289 0 376.73 -41.983 -0.33674 0.015748 45988 5023 6590.4 0 0
3.056e+05 0.57547 0.22137 0.77413 -0.99247 0.31033 0 386.19 -40.599 -0.33758 0.015742 45988 5025 6591.7 0 0
3.057e+05 0.586 0.21941 0.78721 -1.3034 0.30821 0 372.25 -38.912 -0.33842 0.015742 45988 5025 6593.1 0 0
3.058e+05 0.60614 0.22887 0.79081 -1.2106 0.29552 0 366.38 -33.663 -0.33926 0.015742 45988 5025 6594.5 0 0
3.059e+05 0.55707 0.21913 0.77727 -0.92415 0.31036 0 397.02 -45.406 -0.34011 0.015732 45988 5028 6596 0 0
3.06e+05 0.63921 0.18802 0.74079 -1.2453 0.30509 0 419.86 -44.61 -0.34095 0.015732 45988 5028 6597.5 0 0
3.061e+05 0.5825 0.19193 0.78267 -0.91709 0.3285 0 378.33 -47.82 -0.34179 0.015723 45988 5031 6599 0 0
3.062e+05 0.58721 0.20291 0.75655 -1.1845 0.32503 0 375.8 -43.785 -0.34263 0.01572 45988 5032 6600.5 0 0
3.063e+05 0.63483 0.23832 0.76568 -1.1395 0.29908 0 383.79 -30.014 -0.34347 0.01572 45988 5032 6601.8 0 0
3.064e+05 0.57656 0.22516 0.76844 -1.2585 0.31801 0 366.27 -39.158 -0.34432 0.015726 45988 5030 6603.1 0 0
3.065e+05 0.56107 0.2522 0.76428 -1.1025 0.31339 0 391.92 -35.555 -0.34516 0.015726 45988 5030 6604.4 0 0
3.066e+05 0.63467 0.20242 0.8196 -1.08 0.34607 0 362.87 -39.733 -0.346 0.01572 45988 5032 6605.7 0 0
3.067e+05 0.64886 0.18707 0.83533 -1.1262 0.3148 0 400.95 -45.186 -0.34684 0.015714 45988 5034 6607.1 0 0
3.068e+05 0.61015 0.19637 0.80198 -1.2082 0.32639 0 379.85 -42.509 -0.34768 0.015717 45988 5033 6608.5 0 0
3.069e+05 0.65453 0.18927 0.80185 -1.2543 0.31984 0 382.15 -44.581 -0.34852 0.015714 45988 5034 6610 0 0
3.07e+05 0.67801 0.19846 0.80149 -1.5001 0.32372 0 371.5 -42.726 -0.34936 0.015707 45988 5036 6611.5 0 0
3.071e+05 0.63258 0.17524 0.78384 -1.3181 0.31834 0 383.29 -47.977 -0.35019 0.015701 45988 5038 6613.1 0 0
3.072e+05 0.65947 0.19088 0.81902 -1.303 0.31708 0 371.2 -43.928 -0.35103 0.015716 45988 5033 6614.7 0 0
3.073e+05 0.67736 0.17094 0.82596 -1.1543 0.31954 0 381.03 -49.566 -0.35187 0.015703 45988 5037 6616.2 0 0
3.074e+05 0.61476 0.16078 0.79654 -1.4167 0.3296 0 388.7 -49.722 -0.35271 0.015691 45988 5041 6617.8 0 0
3.075e+05 0.62482 0.17005 0.77645 -1.21 0.303 0 370.08 -48.813 -0.35355 0.015675 45988 5046 6619.4 0 0
3.076e+05 0.62076 0.1746 0.78075 -1.2443 0.32087 0 390.56 -48.12 -0.35438 0.015678 45988 5045 6620.9 0 0
3.077e+05 0.61773 0.19519 0.75065 -1.256 0.32459 0 376.96 -42.313 -0.35522 0.015685 45988 5043 6622.4 0 0
3.078e+05 0.60271 0.24671 0.82592 -1.1715 0.32655 0 369.21 -30.108 -0.35606 0.015688 45988 5042 6623.8 0 0
3.079e+05 0.62498 0.24557 0.79054 -1.2591 0.32005 0 366.09 -28.773 -0.3569 0.015691 45988 5041 6625.2 0 0
3.08e+05 0.5976 0.25359 0.78146 -1.446 0.31625 0 387.07 -29.429 -0.35773 0.015691 45988 5041 6626.5 0 0
3.081e+05 0.62163 0.20968 0.79371 -1.1732 0.30737 0 394.1 -37.211 -0.35857 0.015703 45988 5037 6627.9 0 0
3.082e+05 0.59013 0.20595 0.8205 -1.4229 0.30453 0 402.57 -41.861 -0.35941 0.015703 45988 5037 6629.3 0 0
3.083e+05 0.66568 0.21757 0.79309 -1.0697 0.32187 0 391.49 -35.714 -0.36024 0.0157 45988 5038 6630.7 0 0
3.084e+05 0.64734 0.23454 0.75213 -1.2806 0.33916 0 372.15 -30.833 -0.36108 0.0157 45988 5038 6632 0 0
3.085e+05 0.67893 0.20043 0.82908 -1.6987 0.32274 0 383.03 -42.031 -0.36191 0.015697 45988 5039 6633.2 0 0
3.086e+05 0.66121 0.19987 0.84433 -1.3723 0.31029 0 353.98 -40.721 -0.36275 0.015697 45988 5039 6634.6 0 0
3.087e+05 0.65117 0.22029 0.82635 -1.476 0.30912 0 378.54 -34.321 -0.36358 0.015694 45988 5040 6635.9 0 0
3.088e+05 0.54962 0.28371 0.85321 -1.4318 0.35392 0 372.67 -34.628 -0.36442 0.015691 45988 5041 6637.1 0 0
3.089e+05 0.64646 0.26228 0.79606 -1.551 0.32713 0 385.82 -26.232 -0.36525 0.015688 45988 5042 6638.3 0 0
3.09e+05 0.64085 0.21155 0.80651 -1.1403 0.35735 0 378.24 -36.289 -0.36608 0.015688 45988 5042 6639.4 0 0
3.091e+05 0.68188 0.23402 0.8396 -1.4893 0.3205 0 370.09 -32.223 -0.36692 0.015682 45988 5044 6640.6 0 0
3.092e+05 0.613 0.21076 0.77444 -1.2787 0.34614 0 384.62 -37.368 -0.36774 0.015676 45988 5046 6641.8 0 0
3.093e+05 0.64826 0.18746 0.73735 -1.3715 0.34861 0 386.42 -44.113 -0.36857 0.015676 45989 5046 6643.2 0 0
3.094e+05 0.67006 0.18924 0.74047 -1.2588 0.31558 0 377.22 -44.756 -0.3694 0.015666 45989 5049 6644.6 0 0
3.095e+05 0.70732 0.2004 0.83201 -1.2483 0.34961 0 386.99 -44.692 -0.37023 0.01566 45989 5051 6646 0 0
3.096e+05 0.69681 0.19103 0.81385 -1.2881 0.32179 0 390.28 -46.815 -0.37107 0.01566 45989 5051 6647.3 0 0
3.097e+05 0.65268 0.21643 0.801 -1.2474 0.31937 0 369.99 -34.901 -0.3719 0.015657 45989 5052 6648.8 0 0
3.098e+05 0.60717 0.19927 0.79161 -1.2964 0.28797 0 381.78 -41.496 -0.37273 0.01566 45989 5051 6650.2 0 0
3.099e+05 0.61763 0.1879 0.75287 -1.3411 0.3447 0 406.41 -43.974 -0.37356 0.015663 45989 5050 6651.6 0 0
3.1e+05 0.70439 0.20492 0.88818 -1.2691 0.31759 0 398.59 -42.653 -0.37439 0.015663 45989 5050 6653.1 0 0
3.101e+05 0.604 0.20048 0.75523 -1.3099 0.32475 0 375.93 -41.489 -0.37522 0.015657 45989 5052 6654.5 0 0
3.102e+05 0.60205 0.1859 0.80759 -1.1603 0.31486 0 386.09 -46.098 -0.37606 0.01566 45989 5051 6655.9 0 0
3.103e+05 0.62839 0.21579 0.83513 -1.1053 0.32915 0 381.26 -34.673 -0.37689 0.015657 45989 5052 6657.2 0 0
3.104e+05 0.62712 0.19426 0.84837 -1.1536 0.31633 0 382.76 -41.124 -0.37772 0.015663 45989 5050 6658.7 0 0
3.105e+05 0.68316 0.20045 0.91243 -1.3338 0.32947 0 381.09 -41.895 -0.37855 0.015666 45989 5049 6660 0 0
3.106e+05 0.59443 0.22456 0.78512 -1.296 0.33101 0 377.29 -35.827 -0.37938 0.01566 45989 5051 6661.4 0 0
3.107e+05 0.67746 0.19564 0.85415 -1.3271 0.35417 0 384.29 -42.388 -0.38021 0.01566 45989 5051 6662.8 0 0
3.108e+05 0.68096 0.19098 0.77921 -1.2278 0.31492 0 370.9 -44.412 -0.38104 0.015654 45989 5053 6664.2 0 0
3.109e+05 0.64363 0.21736 0.87871 -1.3437 0.36237 0 375.54 -34.344 -0.38187 0.015651 45989 5054 6665.6 0 0
3.11e+05 0.60813 0.1922 0.74418 -1.3575 0.33668 0 401.04 -42.981 -0.38269 0.015654 45989 5053 6667 0 0
3.111e+05 0.63791 0.16809 0.80148 -1.2101 0.33675 0 377.13 -48.617 -0.38352 0.015645 45989 5056 6668.5 0 0
3.112e+05 0.55205 0.19191 0.80329 -1.2535 0.313 0 375.85 -49.756 -0.38435 0.015635 45989 5059 6670 0 0
3.113e+05 0.64989 0.17666 0.81482 -1.3204 0.30761 0 371.76 -46.499 -0.38518 0.015629 45989 5061 6671.5 0 0
3.114e+05 0.61589 0.23758 0.80236 -1.0693 0.33623 0 364.03 -30.384 -0.386 0.015626 45989 5062 6673 0 0
3.115e+05 0.64422 0.19385 0.84325 -1.2221 0.31334 0 376.15 -40.667 -0.38683 0.015623 45989 5063 6674.5 0 0
3.116e+05 0.67437 0.20007 0.83269 -1.1381 0.31152 0 377.83 -40.357 -0.38766 0.015617 45989 5065 6675.9 0 0
3.117e+05 0.58513 0.18103 0.69516 -0.94809 0.33038 0 390.06 -48.695 -0.38849 0.015611 45989 5067 6677.4 0 0
3.118e+05 0.61826 0.17559 0.79278 -1.1462 0.32652 0 390.74 -47.17 -0.38931 0.01562 45989 5064 6679 0 0
3.119e+05 0.57602 0.19695 0.73969 -1.3064 0.35773 0 377.05 -46.37 -0.39014 0.015623 45989 5063 6680.6 0 0
3.12e+05 0.58193 0.20358 0.71282 -1.0263 0.34725 0 390.37 -43.265 -0.39096 0.01562 45989 5064 6682 0 0
3.121e+05 0.62071 0.19904 0.83022 -1.4172 0.3141 0 368.42 -39.133 -0.39179 0.01562 45989 5064 6683.5 0 0
3.122e+05 0.64008 0.23038 0.8571 -1.3053 0.30753 0 373.55 -31.066 -0.39261 0.015614 45989 5066 6684.8 0 0
3.123e+05 0.6663 0.19092 0.81398 -1.1503 0.31694 0 374.56 -42.732 -0.39344 0.015614 45989 5066 6686.1 0 0
3.124e+05 0.59238 0.21634 0.77027 -1.1574 0.30756 0 376.56 -38.023 -0.39426 0.015614 45989 5066 6687.4 0 0
3.125e+05 0.58904 0.20878 0.78866 -1.1739 0.34839 0 396.37 -40.473 -0.39509 0.015604 45989 5069 6688.7 0 0
3.126e+05 0.60286 0.19657 0.82156 -1.6321 0.35456 0 397.42 -41.792 -0.39591 0.015611 45989 5067 6690.3 0 0
3.127e+05 0.57589 0.20055 0.83297 -1.0631 0.35474 0 405.77 -44.754 -0.39674 0.015608 45989 5068 6691.6 0 0
3.128e+05 0.54898 0.23067 0.75594 -1.2959 0.36709 0 381.53 -43.617 -0.39756 0.015604 45989 5069 6693.1 0 0
3.129e+05 0.53809 0.23486 0.78743 -1.2031 0.34748 0 368.85 -45.515 -0.39838 0.015601 45989 5070 6694.5 0 0
3.13e+05 0.59639 0.23091 0.84366 -1.4142 0.35153 0 369.99 -34.001 -0.39921 0.015601 45989 5070 6695.7 0 0
3.131e+05 0.5808 0.20471 0.85441 -1.2379 0.34646 0 365.04 -42.496 -0.40003 0.015604 45989 5069 6697.1 0 0
3.132e+05 0.54186 0.21844 0.80148 -1.3862 0.32585 0 390.08 -48.093 -0.40085 0.015608 45989 5068 6698.5 0 0
3.133e+05 0.55587 0.22445 0.76074 -1.1775 0.3745 0 383.33 -43.08 -0.40168 0.015608 45989 5068 6699.9 0 0
3.134e+05 0.55312 0.21917 0.74831 -1.3518 0.34294 0 379.15 -45.047 -0.4025 0.015611 45989 5067 6701.4 0 0
3.135e+05 0.5552 0.22724 0.83905 -1.2832 0.37766 0 389.44 -42.407 -0.40332 0.015608 45989 5068 6702.8 0 0
3.136e+05 0.62822 0.18708 0.83771 -1.1279 0.36423 0 386.14 -42.399 -0.40414 0.015611 45989 5067 6704.3 0 0
3.137e+05 0.63005 0.20532 0.8326 -1.019 0.32192 0 387.95 -36.845 -0.40496 0.015611 45989 5067 6705.7 0 0
3.138e+05 0.545 0.23281 0.77778 -1.5119 0.31995 0 378.85 -43.661 -0.40579 0.015608 45989 5068 6707 0 0
3.139e+05 0.5631 0.22533 0.75922 -1.2534 0.32195 0 380.35 -40.854 -0.40661 0.015598 45989 5071 6708.4 0 0
3.14e+05 0.55782 0.19147 0.82554 -1.2026 0.32103 0 361.8 -49.385 -0.40743 0.015601 45989 5070 6709.9 0 0
3.141e+05 0.53119 0.18816 0.80377 -1.5146 0.36428 0 381.68 -49.993 -0.40825 0.015598 45989 5071 6711.5 0 0
3.142e+05 0.55546 0.21969 0.84707 -1.2815 0.30656 0 377.99 -43.664 -0.40907 0.015592 45989 5073 6713 0 0
3.143e+05 0.54919 0.23387 0.87281 -1.1467 0.36207 0 382.76 -42.043 -0.40989 0.015586 45989 5075 6714.4 0 0
3.144e+05 0.55388 0.23728 0.80603 -1.1227 0.36935 0 397.3 -40.05 -0.41071 0.015583 45989 5076 6715.8 0 0
3.145e+05 0.5476 0.21871 0.82129 -1.3057 0.34819 0 391.46 -45.582 -0.41153 0.015583 45989 5076 6717.2 0 0
3.146e+05 0.6252 0.21357 0.79481 -1.2869 0.32772 0 387.92 -34.693 -0.41235 0.015583 45989 5076 6718.5 0 0
3.147e+05 0.65032 0.22829 0.83818 -1.3421 0.34297 0 396.7 -31.812 -0.41317 0.015583 45989 5076 6719.8 0 0
3.148e+05 0.63776 0.21552 0.82171 -1.4572 0.35199 0 398.58 -34.095 -0.41399 0.015583 45989 5076 6721.1 0 0
3.149e+05 0.65875 0.22666 0.80425 -1.7002 0.35326 0 401.05 -32.399 -0.4148 0.01558 45989 5077 6722.5 0 0
3.15e+05 0.62906 0.22462 0.81434 -1.3623 0.35444 0 405.03 -32.096 -0.41562 0.01558 45989 5077 6723.8 0 0
3.151e+05 0.60537 0.23241 0.82422 -1.3563 0.34937 0 388.76 -32.112 -0.41644 0.015583 45989 5076 6725 0 0
3.152e+05 0.57354 0.2157 0.8319 -1.6351 0.34815 0 390.19 -40.208 -0.41726 0.015586 45989 5075 6726.3 0 0
3.153e+05 0.66232 0.20913 0.81835 -1.0662 0.32771 0 390.39 -36.692 -0.41808 0.015595 45989 5072 6727.5 0 0
3.154e+05 0.63385 0.20874 0.76159 -1.441 0.35039 0 406 -35.808 -0.41889 0.015595 45989 5072 6728.8 0 0
3.155e+05 0.65952 0.239 0.81725 -1.4615 0.34726 0 408.42 -29.797 -0.41971 0.015589 45989 5074 6730 0 0
3.156e+05 0.6514 0.22056 0.84839 -1.3688 0.34331 0 389.58 -33.18 -0.42052 0.015598 45989 5071 6731.3 0 0
3.157e+05 0.63699 0.19764 0.80978 -1.3462 0.35047 0 402.35 -38.626 -0.42134 0.015598 45989 5071 6732.6 0 0
3.158e+05 0.64435 0.2033 0.78598 -1.5206 0.35142 0 388.05 -36.997 -0.42216 0.015595 45989 5072 6733.9 0 0
3.159e+05 0.63364 0.21084 0.75982 -1.4559 0.34671 0 398.79 -34.898 -0.42297 0.015592 45989 5073 6735.2 0 0
3.16e+05 0.62651 0.19615 0.75857 -1.1139 0.3486 0 397 -38.838 -0.42379 0.015595 45989 5072 6736.5 0 0
3.161e+05 0.58578 0.23384 0.75035 -1.4631 0.34486 0 374.78 -34.015 -0.4246 0.015598 45989 5071 6737.8 0 0
3.162e+05 0.5453 0.23977 0.82864 -1.3432 0.35818 0 400.58 -42.005 -0.42542 0.015598 45989 5071 6739.2 0 0
3.163e+05 0.59043 0.22391 0.77549 -1.4581 0.33199 0 389.08 -35.202 -0.42623 0.015598 45989 5071 6740.5 0 0
3.164e+05 0.62335 0.20818 0.79253 -1.3155 0.35099 0 381.27 -35.468 -0.42705 0.015589 45989 5074 6741.9 0 0
3.165e+05 0.56905 0.2355 0.78211 -1.2947 0.33444 0 364.67 -37.185 -0.42786 0.015586 45989 5075 6743.2 0 0
3.166e+05 0.63994 0.20012 0.8028 -1.1256 0.34804 0 360.5 -37.516 -0.42868 0.015583 45989 5076 6744.5 0 0
3.167e+05 0.57857 0.24338 0.77652 -1.2961 0.35801 0 379.61 -33.552 -0.42949 0.015589 45989 5074 6745.8 0 0
3.168e+05 0.65356 0.20955 0.82975 -1.1207 0.35063 0 369.37 -35.556 -0.4303 0.015589 45989 5074 6747.2 0 0
3.169e+05 0.65495 0.18982 0.78889 -1.3362 0.31792 0 380.42 -41.562 -0.43112 0.015589 45989 5074 6748.6 0 0
3.17e+05 0.62035 0.19317 0.77019 -1.3772 0.31472 0 391.99 -39.706 -0.43193 0.015589 45989 5074 6749.8 0 0
3.171e+05 0.66816 0.18918 0.85746 -1.3795 0.34944 0 404.07 -43.034 -0.43274 0.015589 45989 5074 6751.3 0 0
3.172e+05 0.69469 0.20139 0.81634 -1.296 0.34801 0 367.36 -42.277 -0.43356 0.015592 45989 5073 6752.7 0 0
3.173e+05 0.66354 0.21102 0.83794 -1.1768 0.32577 0 353.11 -35.879 -0.43437 0.015592 45989 5073 6754 0 0
3.174e+05 0.66529 0.21513 0.88373 -1.2277 0.32026 0 390.68 -34.917 -0.43518 0.015595 45989 5072 6755.2 0 0
3.175e+05 0.60958 0.22551 0.82656 -1.2228 0.3118 0 383.64 -32.259 -0.43599 0.015589 45989 5074 6756.5 0 0
3.176e+05 0.6946 0.18825 0.85198 -1.2952 0.30865 0 357.39 -46.129 -0.4368 0.015592 45989 5073 6757.8 0 0
3.177e+05 0.62531 0.20462 0.83592 -1.2338 0.342 0 384.44 -35.884 -0.43761 0.015589 45989 5074 6759 0 0
3.178e+05 0.61518 0.25165 0.77614 -1.3475 0.32787 0 382.73 -27.993 -0.43843 0.015583 45989 5076 6760.3 0 0
3.179e+05 0.60169 0.21889 0.826 -1.0986 0.33868 0 371.39 -34.301 -0.43924 0.015583 45989 5076 6761.5 0 0
3.18e+05 0.64196 0.2232 0.84326 -1.0625 0.34052 0 382.95 -31.912 -0.44005 0.01558 45989 5077 6762.7 0 0
3.181e+05 0.56306 0.22013 0.81998 -1.1739 0.33514 0 363.26 -40.853 -0.44086 0.015592 45989 5073 6763.9 0 0
3.182e+05 0.592 0.25636 0.79013 -1.3198 0.34392 0 395.76 -29.524 -0.44167 0.015589 45989 5074 6765.1 0 0
3.183e+05 0.53992 0.25931 0.83324 -1.4709 0.31706 0 388.99 -39.511 -0.44248 0.015592 45989 5073 6766.4 0 0
3.184e+05 0.54065 0.23968 0.82139 -1.3998 0.35747 0 372.99 -43.094 -0.44329 0.015592 45989 5073 6767.7 0 0
3.185e+05 0.57305 0.25314 0.80813 -1.2966 0.32985 0 413.05 -32.959 -0.4441 0.015592 45989 5073 6768.9 0 0
3.186e+05 0.61766 0.22719 0.80932 -1.1811 0.33831 0 398.17 -31.275 -0.44491 0.015592 45989 5073 6770.1 0 0
3.187e+05 0.59701 0.20896 0.83559 -1.3236 0.31916 0 365.34 -37.504 -0.44571 0.015598 45989 5071 6771.5 0 0
3.188e+05 0.56963 0.23341 0.83318 -1.2427 0.32552 0 378.43 -36.805 -0.44652 0.015595 45989 5072 6772.8 0 0
3.189e+05 0.5487 0.22735 0.80726 -1.4141 0.34069 0 384.69 -42.672 -0.44733 0.015595 45989 5072 6774.1 0 0
3.19e+05 0.58497 0.2251 0.82706 -1.3672 0.35426 0 389.5 -35.113 -0.44814 0.015592 45989 5073 6775.4 0 0
3.191e+05 0.57716 0.23764 0.85361 -1.2794 0.31957 0 388.09 -34.107 -0.44895 0.015583 45989 5076 6776.6 0 0
3.192e+05 0.5417 0.24278 0.77424 -1.3303 0.31746 0 396.92 -41.908 -0.44976 0.01558 45989 5077 6777.9 0 0
3.193e+05 0.5584 0.22356 0.79112 -1.1279 0.34723 0 385.49 -40.733 -0.45056 0.015571 45989 5080 6779.3 0 0
3.194e+05 0.53566 0.24386 0.82961 -1.2072 0.33822 0 402.5 -43.184 -0.45137 0.015565 45989 5082 6780.8 0 0
3.195e+05 0.52306 0.21346 0.77028 -1.2897 0.34583 0 398.61 -49.781 -0.45218 0.015562 45989 5083 6782.1 0 2.4104
3.196e+05 0.64834 0.23379 0.84186 -1.4506 0.31403 0 361.82 -30.024 -0.45298 0.015565 45989 5082 6783.3 0 0
3.197e+05 0.53492 0.2225 0.79097 -1.0637 0.3188 0 384.83 -47.435 -0.45379 0.015565 45989 5082 6784.7 0 0
3.198e+05 0.5674 0.19385 0.7678 -1.495 0.30806 0 366.64 -47.332 -0.4546 0.015565 45989 5082 6786.2 0 0
3.199e+05 0.5949 0.26036 0.77659 -1.2104 0.32987 0 387.36 -28.422 -0.4554 0.015565 45989 5082 6787.6 0 0
3.2e+05 0.53748 0.22669 0.80227 -1.1481 0.32546 0 370.22 -45.436 -0.45621 0.015565 45989 5082 6788.8 0 0
3.201e+05 0.57 0.28206 0.82497 -1.0724 0.31803 0 387.67 -29.769 -0.45701 0.015565 45989 5082 6790.2 0 0
3.202e+05 0.54816 0.21481 0.76906 -1.1773 0.3059 0 377.65 -45.233 -0.45782 0.015565 45989 5082 6791.6 0 0
3.203e+05 0.57034 0.21239 0.81045 -1.3921 0.30496 0 379.48 -40.422 -0.45862 0.015568 45989 5081 6793 0 0
3.204e+05 0.56392 0.24951 0.71882 -1.5467 0.31336 0 380.35 -34.73 -0.45943 0.015574 45989 5079 6794.4 0 0
3.205e+05 0.55023 0.26998 0.86575 -1.2516 0.31894 0 366.72 -35.156 -0.46023 0.01558 45989 5077 6795.8 0 0
3.206e+05 0.55338 0.23262 0.8091 -1.3428 0.32409 0 370.93 -39.446 -0.46103 0.01558 45989 5077 6797 0 0
3.207e+05 0.52859 0.28079 0.81663 -1.1794 0.29959 0 368.39 -40.883 -0.46184 0.015577 45989 5078 6798.4 0 0.099595
3.208e+05 0.59042 0.24145 0.86735 -1.3154 0.30348 0 373.26 -31.184 -0.46264 0.015571 45989 5080 6799.8 0 0
3.209e+05 0.57177 0.24903 0.79619 -1.2574 0.31001 0 386.95 -32.996 -0.46345 0.015565 45989 5082 6801.2 0 0
3.21e+05 0.53792 0.27174 0.80655 -1.2884 0.33474 0 382.82 -38.159 -0.46425 0.015565 45989 5082 6802.5 0 0
3.211e+05 0.52081 0.24109 0.79525 -1.2514 0.32056 0 350.55 -48.301 -0.46505 0.015565 45989 5082 6803.7 0 4.2202
3.212e+05 0.5462 0.25682 0.84746 -1.1937 0.3258 0 363.9 -37.422 -0.46585 0.015558 45989 5084 6805.2 0 0
3.213e+05 0.54519 0.23014 0.79602 -1.5509 0.32197 0 362.91 -41.517 -0.46666 0.015552 45989 5086 6806.6 0 0
3.214e+05 0.54874 0.26221 0.83308 -1.3224 0.29891 0 377.94 -35.958 -0.46746 0.015562 45989 5083 6808 0 0
3.215e+05 0.52273 0.2457 0.81992 -1.5116 0.34278 0 364.4 -46.259 -0.46826 0.015571 45989 5080 6809.4 0 2.6431
3.216e+05 0.58635 0.24379 0.87773 -1.1527 0.31459 0 378.06 -31.095 -0.46906 0.015571 45989 5080 6810.7 0 0
3.217e+05 0.5587 0.21119 0.81228 -1.2295 0.31256 0 363.49 -43.207 -0.46986 0.015568 45989 5081 6812.1 0 0
3.218e+05 0.52749 0.2494 0.79651 -1.2159 0.35013 0 372.37 -43.572 -0.47066 0.015565 45989 5082 6813.5 0 0.31558
3.219e+05 0.56881 0.1762 0.8037 -1.2116 0.33712 0 381.58 -49.664 -0.47147 0.015565 45989 5082 6815 0 0
3.22e+05 0.52194 0.23111 0.78233 -1.5337 0.34267 0 381.02 -48.413 -0.47227 0.015562 45989 5083 6816.4 0 3.2468
3.221e+05 0.56959 0.2037 0.8452 -1.435 0.30999 0 369.49 -43.03 -0.47307 0.015555 45989 5085 6817.7 0 0
3.222e+05 0.5656 0.24914 0.86396 -1.3048 0.32128 0 365.53 -33.562 -0.47387 0.01554 45989 5090 6819.2 0 0
3.223e+05 0.58557 0.23209 0.80512 -1.3293 0.30836 0 363.48 -32.84 -0.47467 0.015531 45989 5093 6820.7 0 0
3.224e+05 0.52446 0.21653 0.75827 -1.2305 0.30411 0 364.61 -48.926 -0.47547 0.015528 45989 5094 6822 0 1.5319
3.225e+05 0.58334 0.16776 0.83749 -1.2047 0.3207 0 377.82 -49.828 -0.47626 0.015522 45989 5096 6823.4 0 0
3.226e+05 0.55121 0.23881 0.76011 -1.3191 0.30205 0 397.05 -37.865 -0.47706 0.015528 45989 5094 6824.9 0 0
3.227e+05 0.54794 0.25637 0.85557 -1.0704 0.34405 0 399.39 -36.494 -0.47786 0.015525 45989 5095 6826.3 0 0
3.228e+05 0.63079 0.20314 0.65499 -1.0849 0.3525 0 373.17 -36.185 -0.47866 0.015522 45989 5096 6827.6 0 0
3.229e+05 0.54703 0.23768 0.74188 -1.1664 0.34321 0 373.81 -39.059 -0.47946 0.015525 45989 5095 6828.9 0 0
3.23e+05 0.52369 0.2206 0.77892 -1.4463 0.32408 0 376.83 -48.419 -0.48026 0.015525 45989 5095 6830.3 0 1.9923
3.231e+05 0.54349 0.20265 0.7893 -0.99753 0.3301 0 362.34 -48.025 -0.48106 0.015522 45989 5096 6831.8 0 0
3.232e+05 0.54308 0.22908 0.70498 -1.3046 0.33761 0 385.11 -41.542 -0.48185 0.015516 45989 5098 6833.2 0 0
3.233e+05 0.60311 0.21269 0.7886 -1.3283 0.33042 0 365.73 -35.129 -0.48265 0.015519 45989 5097 6834.6 0 0
3.234e+05 0.62588 0.19666 0.77546 -1.1334 0.34988 0 388.8 -37.918 -0.48345 0.015519 45989 5097 6835.8 0 0
3.235e+05 0.62244 0.21262 0.73261 -1.396 0.33308 0 384.93 -33.588 -0.48424 0.015516 45989 5098 6837.3 0 0
3.236e+05 0.63303 0.2379 0.81152 -1.4546 0.3424 0 373.59 -28.756 -0.48504 0.015494 45989 5105 6838.5 0 0
3.237e+05 0.67541 0.2078 0.8393 -1.3789 0.32263 0 359.37 -37.544 -0.48584 0.015494 45989 5105 6839.7 0 0
3.238e+05 0.66422 0.21088 0.79131 -1.3197 0.30638 0 398.28 -35.464 -0.48663 0.015488 45989 5107 6841 0 0
3.239e+05 0.62462 0.21731 0.87482 -1.414 0.3186 0 381.71 -32.45 -0.48743 0.015482 45989 5109 6842.4 0 0
3.24e+05 0.59853 0.19255 0.81829 -1.0516 0.33387 0 402.34 -41.905 -0.48823 0.015482 45989 5109 6843.7 0 0
3.241e+05 0.62202 0.21325 0.80868 -1.2308 0.35428 0 399.79 -33.255 -0.48902 0.015485 45989 5108 6844.9 0 0
3.242e+05 0.62191 0.24243 0.84751 -1.5119 0.3192 0 383.42 -27.744 -0.48982 0.015479 45989 5110 6846.1 0 0
3.243e+05 0.61533 0.2313 0.72543 -1.5213 0.33214 0 391.21 -30.149 -0.49061 0.015479 45989 5110 6847.2 0 0
3.244e+05 0.57164 0.26243 0.76624 -1.3712 0.32681 0 385.7 -30.487 -0.4914 0.015482 45989 5109 6848.2 0 0
3.245e+05 0.64284 0.25238 0.81648 -1.4707 0.3332 0 382.07 -26.149 -0.4922 0.015482 45989 5109 6849.4 0 0
3.246e+05 0.67872 0.21965 0.75958 -1.3849 0.34129 0 392.58 -34.785 -0.49299 0.015482 45989 5109 6850.5 0 0
3.247e+05 0.61083 0.24199 0.70572 -1.5502 0.34174 0 377.93 -28.359 -0.49379 0.015479 45989 5110 6851.6 0 0
3.248e+05 0.60547 0.23955 0.74321 -1.2381 0.32093 0 381.5 -29.162 -0.49458 0.015473 45989 5112 6852.7 0 0
3.249e+05 0.6205 0.27755 0.83868 -1.2309 0.34733 0 356.93 -23.023 -0.49538 0.015476 45989 5111 6853.7 0 0
3.25e+05 0.56355 0.24523 0.75678 -1.3448 0.33958 0 381.87 -34.213 -0.49617 0.015464 45989 5115 6854.8 0 0
3.251e+05 0.62107 0.26176 0.79531 -1.2784 0.37059 0 376.28 -24.698 -0.49696 0.015464 45989 5115 6855.8 0 0
3.252e+05 0.68337 0.24819 0.83366 -1.3028 0.31163 0 370.55 -29.046 -0.49775 0.015464 45989 5115 6856.9 0 0
3.253e+05 0.65626 0.25977 0.82105 -1.3223 0.32995 0 358.37 -25.429 -0.49855 0.015461 45989 5116 6857.9 0 0
3.254e+05 0.64986 0.25874 0.82876 -1.2223 0.30492 0 383.62 -25.084 -0.49934 0.015461 45989 5116 6859 0 0
3.255e+05 0.66 0.24605 0.84373 -1.1864 0.31388 0 373.14 -27.494 -0.50013 0.015461 45989 5116 6860.1 0 0
3.256e+05 0.71657 0.26856 0.83105 -1.3486 0.33092 0 380.02 -25.989 -0.50092 0.015461 45989 5116 6861.2 0 0
3.257e+05 0.6594 0.24327 0.7638 -1.3895 0.32302 0 363.64 -27.907 -0.50171 0.015461 45989 5116 6862.4 0 0
3.258e+05 0.65093 0.26221 0.83608 -1.1424 0.34357 0 365.68 -24.598 -0.5025 0.015461 45989 5116 6863.4 0 0
3.259e+05 0.6711 0.28977 0.76418 -1.4382 0.3113 0 378.57 -25.001 -0.5033 0.015458 45989 5117 6864.5 0 0
3.26e+05 0.66545 0.30097 0.76611 -1.1991 0.33637 0 391.81 -24.749 -0.50409 0.015461 45989 5116 6865.6 0 0
3.261e+05 0.66862 0.30509 0.79183 -1.3231 0.36654 0 370.16 -25.516 -0.50488 0.015458 45989 5117 6866.6 0 0
3.262e+05 0.70559 0.22982 0.87188 -1.3653 0.29812 0 384.23 -34.257 -0.50567 0.015467 45989 5114 6867.7 0 0
3.263e+05 0.69779 0.22024 0.81188 -1.2535 0.35674 0 360.87 -36.528 -0.50646 0.015473 45989 5112 6869.1 0 0
3.264e+05 0.68516 0.20536 0.77969 -1.256 0.32789 0 357.49 -39.327 -0.50725 0.015458 45989 5117 6870.5 0 0
3.265e+05 0.69389 0.18797 0.86278 -1.2481 0.30221 0 361.35 -45.865 -0.50804 0.015455 45989 5118 6872 0 0
3.266e+05 0.67789 0.18626 0.86077 -1.159 0.31311 0 378.19 -44.552 -0.50882 0.015455 45989 5118 6873.4 0 0
3.267e+05 0.67826 0.1943 0.83037 -1.1884 0.30732 0 380.48 -41.286 -0.50961 0.015458 45989 5117 6874.8 0 0
3.268e+05 0.67347 0.19844 0.80125 -0.94173 0.31202 0 370 -39.348 -0.5104 0.015458 45989 5117 6876.1 0 0
3.269e+05 0.66646 0.23765 0.82808 -1.0182 0.30959 0 367.9 -29.355 -0.51119 0.015458 45989 5117 6877.3 0 0
3.27e+05 0.63542 0.2542 0.82868 -1.304 0.32088 0 360.87 -25.317 -0.51198 0.015458 45989 5117 6878.5 0 0
3.271e+05 0.56305 0.25686 0.75834 -1.2291 0.3134 0 357.95 -32.53 -0.51277 0.015458 45989 5117 6879.6 0 0
3.272e+05 0.66685 0.26279 0.84782 -1.1594 0.32703 0 343.39 -25.377 -0.51356 0.015455 45989 5118 6880.7 0 0
3.273e+05 0.70134 0.25076 0.83898 -1.3523 0.33984 0 383.45 -29.207 -0.51434 0.015452 45989 5119 6881.8 0 0
3.274e+05 0.66221 0.20925 0.83969 -1.295 0.31315 0 368.04 -35.192 -0.51513 0.015455 45989 5118 6882.8 0 0
3.275e+05 0.65854 0.27741 0.85251 -1.1464 0.31222 0 364.51 -23.582 -0.51592 0.015455 45989 5118 6883.9 0 0
3.276e+05 0.66411 0.28272 0.8231 -1.1991 0.33087 0 369.35 -23.719 -0.5167 0.015452 45989 5119 6884.9 0 0
3.277e+05 0.63691 0.29152 0.81717 -1.5179 0.33002 0 366.73 -21.848 -0.51749 0.015455 45989 5118 6886 0 0
3.278e+05 0.60351 0.24915 0.807 -1.4232 0.31732 0 367.78 -27.374 -0.51828 0.015458 45989 5117 6887.1 0 0
3.279e+05 0.67135 0.25764 0.8552 -1.4434 0.31182 0 373.09 -26.091 -0.51906 0.015461 45989 5116 6888.2 0 0
3.28e+05 0.70629 0.23483 0.81247 -1.2763 0.3115 0 366.65 -32.555 -0.51985 0.015464 45989 5115 6889.2 0 0
3.281e+05 0.6826 0.23363 0.78686 -1.3082 0.28975 0 359.45 -31.206 -0.52064 0.015461 45989 5116 6890.5 0 0
3.282e+05 0.69276 0.27316 0.82404 -1.1676 0.32475 0 358.48 -25.925 -0.52142 0.015461 45989 5116 6891.6 0 0
3.283e+05 0.72088 0.21455 0.79402 -1.3368 0.31191 0 366.3 -39.813 -0.52221 0.015461 45989 5116 6892.6 0 0
3.284e+05 0.65099 0.26958 0.80203 -1.1794 0.31211 0 369.84 -23.244 -0.52299 0.015464 45989 5115 6893.7 0 0
3.285e+05 0.6538 0.33228 0.84372 -1.1582 0.3071 0 394.71 -26.953 -0.52378 0.015467 45989 5114 6894.7 0 0
3.286e+05 0.69401 0.29319 0.76864 -1.3836 0.30646 0 369.87 -25.931 -0.52456 0.015458 45989 5117 6895.7 0 0
3.287e+05 0.62662 0.2556 0.79122 -1.1374 0.31155 0 376.39 -25.031 -0.52534 0.015455 45989 5118 6896.7 0 0
3.288e+05 0.67891 0.276 0.80762 -1.1822 0.33215 0 376.54 -24.525 -0.52613 0.015449 45989 5120 6897.8 0 0
3.289e+05 0.61375 0.29877 0.76723 -1.0186 0.33121 0 366.76 -22.326 -0.52691 0.015446 45989 5121 6898.8 0 0
3.29e+05 0.61656 0.26561 0.82183 -1.2362 0.31621 0 403.84 -23.875 -0.5277 0.015449 45989 5120 6899.8 0 0
3.291e+05 0.65437 0.27261 0.82816 -1.4114 0.32832 0 391.39 -22.889 -0.52848 0.015443 45989 5122 6900.8 0 0
3.292e+05 0.60726 0.22433 0.75879 -1.1528 0.32575 0 360.63 -31.561 -0.52926 0.015443 45989 5122 6901.9 0 0
3.293e+05 0.65503 0.28531 0.83825 -1.3073 0.31238 0 376.68 -22.18 -0.53004 0.015446 45989 5121 6903 0 0
3.294e+05 0.65865 0.2822 0.79869 -1.2067 0.35902 0 376.64 -22.519 -0.53083 0.01544 45989 5123 6904 0 0
3.295e+05 0.64027 0.32028 0.78997 -1.0646 0.36009 0 376.35 -23.825 -0.53161 0.015431 45989 5126 6905 0 0
3.296e+05 0.70348 0.28222 0.87245 -1.2166 0.33685 0 365.48 -25.374 -0.53239 0.015431 45989 5126 6906.1 0 0
3.297e+05 0.70999 0.24876 0.79903 -1.1639 0.32186 0 377.22 -29.152 -0.53317 0.015431 45989 5126 6907.1 0 0
3.298e+05 0.70867 0.24882 0.8624 -1.3662 0.31565 0 381.64 -29.111 -0.53395 0.015428 45989 5127 6908.2 0 0
3.299e+05 0.70449 0.24368 0.88837 -1.2633 0.34326 0 380.63 -30.206 -0.53474 0.015431 45989 5126 6909.5 0 0
3.3e+05 0.67962 0.2461 0.80951 -1.4246 0.31501 0 378.34 -27.987 -0.53552 0.015428 45989 5127 6910.8 0 0
3.301e+05 0.72631 0.19827 0.74374 -1.2311 0.31494 0 386.76 -46.208 -0.5363 0.015425 45989 5128 6912.1 0 0
3.302e+05 0.63898 0.24838 0.80263 -1.6023 0.31691 0 377.61 -25.678 -0.53708 0.015425 45989 5128 6913.2 0 0
3.303e+05 0.66359 0.2433 0.81701 -1.2196 0.32326 0 397.57 -27.205 -0.53786 0.015422 45989 5129 6914.3 0 0
3.304e+05 0.65752 0.24482 0.79619 -1.3665 0.32047 0 409.83 -26.46 -0.53864 0.015422 45989 5129 6915.4 0 0
3.305e+05 0.67689 0.23735 0.84982 -1.2626 0.29916 0 404.67 -28.984 -0.53942 0.015425 45989 5128 6916.5 0 0
3.306e+05 0.64955 0.24536 0.74751 -1.0983 0.31524 0 412.39 -26.009 -0.5402 0.015428 45989 5127 6917.6 0 0
3.307e+05 0.65166 0.27201 0.81933 -1.3197 0.33327 0 423.58 -22.123 -0.54098 0.015419 45989 5130 6918.6 0 0
3.308e+05 0.66391 0.27454 0.81465 -1.2392 0.31734 0 404.62 -22.865 -0.54176 0.015419 45989 5130 6919.6 0 0
3.309e+05 0.68301 0.27667 0.7955 -1.3151 0.31429 0 404.27 -23.957 -0.54254 0.01541 45989 5133 6920.7 0 0
3.31e+05 0.60823 0.31556 0.76594 -1.1864 0.33568 0 385.51 -23.893 -0.54332 0.015401 45989 5136 6921.7 0 0
3.311e+05 0.67431 0.30114 0.80459 -1.3107 0.3138 0 414.63 -23.953 -0.54409 0.015398 45989 5137 6922.7 0 0
3.312e+05 0.67204 0.29454 0.7866 -1.3986 0.32306 0 397.62 -23.329 -0.54487 0.015398 45989 5137 6923.7 0 0
3.313e+05 0.61322 0.29601 0.72064 -1.2483 0.32471 0 379.22 -22.136 -0.54565 0.015392 45989 5139 6924.7 0 0
3.314e+05 0.60999 0.30777 0.7055 -1.5039 0.3208 0 374.92 -22.915 -0.54643 0.015389 45989 5140 6925.8 0 0
3.315e+05 0.5825 0.30674 0.76371 -1.2144 0.33935 0 379.68 -26.734 -0.54721 0.015398 45989 5137 6926.7 0 0
3.316e+05 0.58733 0.30611 0.75443 -1.2089 0.32352 0 383.88 -25.818 -0.54798 0.015383 45989 5142 6927.8 0 0
3.317e+05 0.64167 0.24596 0.7899 -1.3953 0.34422 0 386.33 -25.907 -0.54876 0.015386 45989 5141 6928.8 0 0
3.318e+05 0.65152 0.29494 0.76557 -1.271 0.33775 0 399.49 -21.529 -0.54954 0.015389 45989 5140 6929.9 0 0
3.319e+05 0.61455 0.31943 0.79513 -1.1333 0.32283 0 395.2 -24.004 -0.55031 0.015386 45989 5141 6930.9 0 0
3.32e+05 0.58587 0.29626 0.82542 -1.0638 0.32046 0 357.66 -25.376 -0.55109 0.015383 45989 5142 6931.9 0 0
3.321e+05 0.58409 0.26416 0.76359 -1.1232 0.30928 0 390.6 -27.571 -0.55187 0.015386 45989 5141 6932.9 0 0
3.322e+05 0.61009 0.24707 0.75618 -1.333 0.32531 0 393.12 -26.958 -0.55264 0.015386 45989 5141 6933.9 0 0
3.323e+05 0.64129 0.29403 0.78805 -1.3757 0.30441 0 394.33 -20.987 -0.55342 0.015386 45989 5141 6934.9 0 0
3.324e+05 0.678 0.25893 0.82485 -1.2871 0.351 0 396.84 -25.016 -0.55419 0.015383 45989 5142 6935.9 0 0
3.325e+05 0.67757 0.25742 0.82452 -1.4402 0.30965 0 390.13 -25.151 -0.55497 0.015386 45989 5141 6936.9 0 0
3.326e+05 0.65831 0.25484 0.74057 -1.2636 0.3272 0 403.64 -23.856 -0.55575 0.01538 45989 5143 6938 0 0
3.327e+05 0.67939 0.22004 0.83347 -1.2865 0.38972 0 399.37 -33.628 -0.55652 0.015377 45989 5144 6939.1 0 0
3.328e+05 0.69887 0.25903 0.82321 -1.1382 0.35053 0 379.22 -26.746 -0.55729 0.01538 45989 5143 6940.1 0 0
3.329e+05 0.65244 0.23249 0.71614 -1.0671 0.3224 0 390.97 -28.352 -0.55807 0.01538 45989 5143 6941.2 0 0
3.33e+05 0.6857 0.1961 0.75912 -1.2191 0.36257 0 390.19 -41.618 -0.55884 0.015374 45989 5145 6942.3 0 0
3.331e+05 0.63796 0.2344 0.80933 -1.4002 0.37074 0 372.31 -27.846 -0.55962 0.015365 45989 5148 6943.5 0 0
3.332e+05 0.67905 0.25559 0.81596 -1.2925 0.35184 0 364.29 -25.388 -0.56039 0.015356 45989 5151 6944.6 0 0
3.333e+05 0.71242 0.23095 0.8139 -1.1625 0.31502 0 382.93 -33.65 -0.56116 0.015356 45989 5151 6945.7 0 0
3.334e+05 0.62002 0.24676 0.76196 -1.0514 0.35993 0 389.18 -25.896 -0.56194 0.015356 45989 5151 6946.9 0 0
3.335e+05 0.63612 0.24055 0.79906 -1.1185 0.36965 0 378.61 -26.587 -0.56271 0.015356 45989 5151 6948.1 0 0
3.336e+05 0.65009 0.22816 0.73328 -1.1123 0.3226 0 368.95 -29.001 -0.56348 0.015353 45989 5152 6949.3 0 0
3.337e+05 0.64065 0.20669 0.80772 -1.4067 0.35029 0 375.44 -34.263 -0.56425 0.015359 45989 5150 6950.6 0 0
3.338e+05 0.70989 0.20672 0.78254 -1.2049 0.3477 0 369.33 -41.239 -0.56503 0.015365 45989 5148 6951.9 0 0
3.339e+05 0.67526 0.1797 0.77741 -1.0109 0.34058 0 374.93 -46.322 -0.5658 0.015365 45989 5148 6953.4 0 0
3.34e+05 0.64256 0.20022 0.77539 -1.2323 0.32727 0 353.81 -36.29 -0.56657 0.015362 45989 5149 6954.8 0 0
3.341e+05 0.69413 0.18443 0.82569 -1.0737 0.31626 0 378.85 -46.531 -0.56734 0.015371 45989 5146 6956.2 0 0
3.342e+05 0.69529 0.25134 0.81187 -1.3424 0.3299 0 360.74 -27.908 -0.56811 0.015374 45989 5145 6957.4 0 0
3.343e+05 0.67966 0.21938 0.80463 -1.1421 0.37161 0 370.74 -33.157 -0.56888 0.015374 45989 5145 6958.6 0 0
3.344e+05 0.6431 0.23192 0.83554 -1.1321 0.33222 0 361.17 -28.041 -0.56966 0.015368 45989 5147 6959.9 0 0
3.345e+05 0.69551 0.18704 0.72171 -1.1108 0.33279 0 385.61 -45.685 -0.57043 0.015362 45989 5149 6961.3 0 0
3.346e+05 0.68802 0.23037 0.78882 -1.3758 0.3425 0 374.05 -31.23 -0.5712 0.015365 45989 5148 6962.8 0 0
3.347e+05 0.6653 0.22913 0.82484 -1.4152 0.34845 0 354.78 -29.328 -0.57197 0.015362 45989 5149 6963.9 0 0
3.348e+05 0.69282 0.24255 0.87107 -1.2905 0.32911 0 367.21 -29.128 -0.57274 0.015353 45989 5152 6965.1 0 0
3.349e+05 0.66002 0.27063 0.82153 -1.1479 0.33426 0 365.8 -22.155 -0.57351 0.01535 45989 5153 6966.1 0 0
3.35e+05 0.66248 0.25759 0.78098 -1.1174 0.33413 0 385.57 -23.428 -0.57428 0.015353 45989 5152 6967.2 0 0
3.351e+05 0.6823 0.24967 0.80629 -1.2706 0.36865 0 392.85 -26.56 -0.57505 0.01535 45989 5153 6968.4 0 0
3.352e+05 0.70703 0.19112 0.823 -1.2144 0.33508 0 380.2 -45.724 -0.57581 0.015353 45989 5152 6969.7 0 0
3.353e+05 0.70857 0.19662 0.83691 -1.3673 0.32792 0 375.72 -43.893 -0.57658 0.01535 45989 5153 6971.2 0 0
3.354e+05 0.66597 0.19485 0.747 -1.3396 0.30709 0 347.38 -39.337 -0.57735 0.01535 45989 5153 6972.7 0 0
3.355e+05 0.6992 0.23229 0.82239 -1.3983 0.3081 0 379.4 -31.683 -0.57812 0.015356 45989 5151 6974 0 0
3.356e+05 0.69953 0.21471 0.78402 -1.3043 0.31019 0 373.48 -36.588 -0.57889 0.015356 45989 5151 6975.2 0 0
3.357e+05 0.70599 0.22342 0.83472 -1.2942 0.31096 0 374.3 -34.866 -0.57966 0.01535 45989 5153 6976.5 0 0
3.358e+05 0.64709 0.2428 0.81215 -1.0621 0.3397 0 387.21 -25.631 -0.58042 0.015353 45989 5152 6977.8 0 0
3.359e+05 0.67234 0.23412 0.8465 -1.2171 0.29702 0 369.31 -28.233 -0.58119 0.015353 45989 5152 6979.2 0 0
3.36e+05 0.68132 0.19419 0.75994 -1.3585 0.32008 0 387.26 -40.462 -0.58196 0.01535 45989 5153 6980.5 0 0
3.361e+05 0.68374 0.20424 0.78299 -1.2154 0.33414 0 387.51 -37.444 -0.58273 0.01535 45989 5153 6981.8 0 0
3.362e+05 0.69823 0.23752 0.81492 -1.3807 0.3042 0 375.01 -30.316 -0.58349 0.01535 45989 5153 6983.1 0 0
3.363e+05 0.63478 0.19166 0.8229 -1.2968 0.336 0 386.93 -39.35 -0.58426 0.015356 45989 5151 6984.4 0 0
3.364e+05 0.65706 0.21306 0.78525 -1.2641 0.34632 0 382.23 -32.59 -0.58502 0.015353 45989 5152 6985.7 0 0
3.365e+05 0.67262 0.18578 0.75985 -1.152 0.30419 0 392.95 -42.722 -0.58579 0.01535 45989 5153 6987 0 0
3.366e+05 0.70232 0.22035 0.77712 -1.2138 0.31395 0 390.11 -35.082 -0.58656 0.01535 45989 5153 6988.3 0 0
3.367e+05 0.66609 0.18371 0.73252 -1.2809 0.32454 0 390.8 -42.997 -0.58732 0.01535 45989 5153 6989.6 0 0
3.368e+05 0.68238 0.19626 0.81659 -1.2922 0.31942 0 393.78 -39.35 -0.58809 0.015353 45989 5152 6991 0 0
3.369e+05 0.63799 0.25444 0.85313 -1.2454 0.34195 0 382.46 -23.52 -0.58885 0.015356 45989 5151 6992.2 0 0
3.37e+05 0.61665 0.25253 0.82555 -1.3521 0.2895 0 387.84 -24.939 -0.58962 0.01535 45989 5153 6993.3 0 0
3.371e+05 0.69934 0.26293 0.85783 -1.4423 0.35102 0 375.29 -25.923 -0.59038 0.015353 45989 5152 6994.4 0 0
3.372e+05 0.65756 0.23557 0.83981 -1.197 0.29602 0 395.63 -26.954 -0.59115 0.015353 45989 5152 6995.5 0 0
3.373e+05 0.66658 0.25061 0.82405 -1.1374 0.31712 0 394.27 -24.534 -0.59191 0.015362 45989 5149 6996.5 0 0
3.374e+05 0.67058 0.238 0.84428 -1.2974 0.32399 0 394.67 -27.022 -0.59267 0.015356 45989 5151 6997.6 0 0
3.375e+05 0.63367 0.22 0.74957 -1.4745 0.36699 0 392.14 -30.292 -0.59344 0.015353 45989 5152 6998.8 0 0
3.376e+05 0.62664 0.24678 0.86155 -1.2894 0.35631 0 406.39 -25.147 -0.5942 0.015347 45989 5154 6999.9 0 0
3.377e+05 0.63077 0.24465 0.79232 -1.2987 0.29479 0 399.16 -25.242 -0.59496 0.01535 45989 5153 7001 0 0
3.378e+05 0.71855 0.21316 0.85343 -1.2567 0.34409 0 387.21 -39.18 -0.59573 0.015347 45989 5154 7002.1 0 0
3.379e+05 0.65309 0.25958 0.81226 -1.0557 0.33009 0 382.92 -22.608 -0.59649 0.01535 45989 5153 7003.4 0 0
3.38e+05 0.70565 0.25648 0.82678 -1.2791 0.33154 0 400.15 -27.213 -0.59725 0.01535 45989 5153 7004.5 0 0
3.381e+05 0.7202 0.21684 0.81974 -1.4539 0.30978 0 378.11 -38.031 -0.59802 0.015344 45989 5155 7005.7 0 0
3.382e+05 0.6496 0.24298 0.74759 -1.3026 0.3029 0 377.59 -25.13 -0.59878 0.015344 45989 5155 7007.1 0 0
3.383e+05 0.68991 0.22493 0.86775 -1.4689 0.3143 0 381.91 -31.734 -0.59954 0.015347 45989 5154 7008.3 0 0
3.384e+05 0.67086 0.23473 0.81379 -1.2657 0.31063 0 409.54 -27.42 -0.6003 0.015353 45989 5152 7009.6 0 0
3.385e+05 0.71104 0.20853 0.81887 -1.4333 0.3123 0 377.31 -39.251 -0.60106 0.015353 45989 5152 7010.6 0 0
3.386e+05 0.71901 0.24068 0.79771 -1.2457 0.33125 0 373.23 -30.724 -0.60183 0.015359 45989 5150 7011.8 0 0
3.387e+05 0.70719 0.23261 0.76501 -1.3021 0.32734 0 386.04 -31.878 -0.60259 0.015359 45989 5150 7013 0 0
3.388e+05 0.69401 0.22735 0.82634 -1.0962 0.3297 0 405.17 -31.572 -0.60335 0.015356 45989 5151 7014.2 0 0
3.389e+05 0.7085 0.20971 0.82471 -1.2869 0.30437 0 390.76 -38.305 -0.60411 0.015353 45989 5152 7015.4 0 0
3.39e+05 0.64845 0.21772 0.78394 -1.267 0.31477 0 383.13 -30.41 -0.60487 0.015353 45989 5152 7016.6 0 0
3.391e+05 0.71678 0.23758 0.82131 -1.1893 0.35063 0 404.1 -31.423 -0.60563 0.015347 45989 5154 7017.9 0 0
3.392e+05 0.64506 0.23649 0.77599 -1.0861 0.313 0 397.49 -26.205 -0.60639 0.01535 45989 5153 7019.1 0 0
3.393e+05 0.65275 0.16916 0.74248 -1.2572 0.29686 0 398.82 -48.006 -0.60715 0.01535 45989 5153 7020.4 0 0
3.394e+05 0.63443 0.1986 0.78443 -1.0981 0.32664 0 401.43 -36.556 -0.60791 0.015335 45990 5158 7021.8 0 0
3.395e+05 0.60162 0.23357 0.77492 -1.0887 0.34493 0 399.49 -30.133 -0.60867 0.015335 45990 5158 7023 0 0
3.396e+05 0.58508 0.19359 0.77798 -1.2808 0.31011 0 374.34 -43.422 -0.60943 0.015338 45990 5157 7024.2 0 0
3.397e+05 0.63112 0.22082 0.77364 -1.2932 0.32543 0 364.23 -29.852 -0.61018 0.015335 45990 5158 7025.3 0 0
3.398e+05 0.68529 0.24847 0.84053 -1.1828 0.3308 0 382.04 -26.514 -0.61094 0.015335 45990 5158 7026.4 0 0
3.399e+05 0.61486 0.20813 0.74377 -1.2033 0.31557 0 374.3 -34.564 -0.6117 0.015335 45990 5158 7027.6 0 0
3.4e+05 0.62149 0.22326 0.81785 -1.3321 0.30864 0 396.87 -29.979 -0.61246 0.015338 45990 5157 7028.7 0 0
3.401e+05 0.60749 0.24225 0.75527 -1.3621 0.30653 0 398.03 -27.289 -0.61322 0.015338 45990 5157 7029.8 0 0
3.402e+05 0.62354 0.22935 0.74994 -1.4033 0.31994 0 395.43 -28.449 -0.61398 0.015338 45990 5157 7031 0 0
3.403e+05 0.67778 0.25151 0.80572 -1.3606 0.3055 0 409.91 -25.145 -0.61473 0.015341 45990 5156 7032.1 0 0
3.404e+05 0.63426 0.22459 0.7829 -1.2226 0.31222 0 418.92 -28.663 -0.61549 0.015332 45990 5159 7033.2 0 0
3.405e+05 0.68897 0.24674 0.81986 -1.3983 0.34234 0 394.62 -27.183 -0.61625 0.015326 45990 5161 7034.3 0 0
3.406e+05 0.68537 0.26577 0.8742 -1.0351 0.32898 0 401.49 -24.112 -0.617 0.015329 45990 5160 7035.3 0 0
3.407e+05 0.69222 0.26491 0.93506 -1.181 0.32963 0 389.71 -24.971 -0.61776 0.015323 45990 5162 7036.4 0 0
3.408e+05 0.6909 0.27504 0.87316 -1.2148 0.32701 0 386.3 -24.106 -0.61852 0.015323 45990 5162 7037.4 0 0
3.409e+05 0.69683 0.27612 0.88685 -1.3082 0.3359 0 390.7 -24.518 -0.61927 0.015323 45990 5162 7038.5 0 0
3.41e+05 0.68481 0.26906 0.86329 -1.2573 0.30856 0 377.75 -23.602 -0.62003 0.01532 45990 5163 7039.4 0 0
3.411e+05 0.70312 0.26081 0.89124 -1.1082 0.31803 0 390.25 -26.209 -0.62079 0.015317 45990 5164 7040.5 0 0
3.412e+05 0.62057 0.2677 0.82703 -1.411 0.32422 0 390.46 -22.341 -0.62154 0.015323 45990 5162 7041.5 0 0
3.413e+05 0.67875 0.28371 0.87127 -1.1766 0.30567 0 375.48 -22.545 -0.6223 0.015323 45990 5162 7042.6 0 0
3.414e+05 0.71698 0.23878 0.92666 -1.4522 0.31135 0 399.73 -30.939 -0.62305 0.015326 45990 5161 7043.6 0 0
3.415e+05 0.72217 0.29659 0.98807 -1.4038 0.31392 0 385.96 -25.326 -0.62381 0.015326 45990 5161 7044.7 0 0
3.416e+05 0.7164 0.28187 0.97012 -1.4718 0.31022 0 387.22 -24.735 -0.62456 0.015323 45990 5162 7045.7 0 0
3.417e+05 0.70524 0.3318 0.91165 -1.2486 0.31653 0 400.09 -28.39 -0.62531 0.01532 45990 5163 7046.7 0 0
3.418e+05 0.69432 0.27847 0.87289 -1.2037 0.35613 0 395.83 -23.956 -0.62607 0.015329 45990 5160 7047.8 0 0
3.419e+05 0.71045 0.30073 1.0036 -1.305 0.31298 0 367.27 -25.695 -0.62682 0.015323 45990 5162 7048.9 0 0
3.42e+05 0.6911 0.28557 0.91325 -1.3792 0.33753 0 383.09 -23.55 -0.62758 0.015323 45990 5162 7049.9 0 0
3.421e+05 0.70999 0.31353 0.89677 -1.146 0.31143 0 384.22 -27.123 -0.62833 0.015323 45990 5162 7051 0 0
3.422e+05 0.6981 0.31023 0.85437 -1.1455 0.31385 0 406.62 -25.828 -0.62908 0.015323 45990 5162 7052 0 0
3.423e+05 0.7043 0.28128 0.88096 -1.309 0.33159 0 392.88 -24.522 -0.62984 0.01532 45990 5163 7053 0 0
3.424e+05 0.72553 0.32741 1.0254 -1.0965 0.33638 0 377.75 -28.596 -0.63059 0.015323 45990 5162 7054.1 0 0
3.425e+05 0.70572 0.32427 0.87742 -1.2284 0.33387 0 402.04 -27.941 -0.63134 0.015326 45990 5161 7055.2 0 0
3.426e+05 0.72503 0.27327 0.94831 -1.1128 0.34511 0 384.6 -24.819 -0.63209 0.015326 45990 5161 7056.2 0 0
3.427e+05 0.71593 0.31217 0.94384 -1.352 0.32879 0 370.09 -26.702 -0.63285 0.015323 45990 5162 7057.3 0 0
3.428e+05 0.73058 0.3068 0.8925 -1.1268 0.31705 0 371.96 -25.869 -0.6336 0.015323 45990 5162 7058.4 0 0
3.429e+05 0.67205 0.29703 0.81345 -0.9599 0.32884 0 372.74 -22.142 -0.63435 0.015317 45990 5164 7059.5 0 0
3.43e+05 0.66701 0.30167 0.85977 -1.191 0.31225 0 384.29 -22 -0.6351 0.01532 45990 5163 7060.5 0 0
3.431e+05 0.68692 0.29638 0.8891 -1.2371 0.32513 0 386.9 -23.646 -0.63585 0.015323 45990 5162 7061.5 0 0
3.432e+05 0.70156 0.31499 0.93101 -1.3542 0.29951 0 393.08 -26.034 -0.6366 0.01532 45990 5163 7062.5 0 0
3.433e+05 0.72876 0.27494 0.99224 -1.3193 0.30703 0 405.69 -24.419 -0.63735 0.015317 45990 5164 7063.6 0 0
3.434e+05 0.71935 0.29051 1.0635 -1.2397 0.33786 0 376.41 -24.58 -0.63811 0.015323 45990 5162 7064.6 0 0
3.435e+05 0.72399 0.32761 0.93471 -1.2712 0.3075 0 404.54 -28.1 -0.63885 0.015332 45990 5159 7065.7 0 0
3.436e+05 0.73354 0.30744 1.0139 -1.3217 0.31678 0 399.2 -25.639 -0.63961 0.015332 45990 5159 7066.7 0 0
3.437e+05 0.80046 0.27409 1.0536 -1.4218 0.31688 0 391.86 -24.415 -0.64036 0.015335 45990 5158 7067.8 0 0
3.438e+05 0.75742 0.20084 0.95715 -1.1584 0.32948 0 391.77 -46.82 -0.64111 0.015335 45990 5158 7068.8 0 0
3.439e+05 0.69205 0.27913 0.87654 -1.2537 0.33431 0 411.56 -23.443 -0.64185 0.015335 45990 5158 7069.9 0 0
3.44e+05 0.70999 0.32237 0.89429 -1.1112 0.32004 0 405.93 -27.377 -0.6426 0.015326 45990 5161 7070.9 0 0
3.441e+05 0.70639 0.34018 0.88302 -1.2451 0.31292 0 387.2 -28.047 -0.64335 0.015326 45990 5161 7071.9 0 0
3.442e+05 0.6974 0.3386 0.92883 -1.393 0.32244 0 371.97 -27.924 -0.6441 0.015323 45990 5162 7073 0 0
3.443e+05 0.68486 0.29501 0.92417 -1.3709 0.32299 0 403.74 -23.18 -0.64485 0.015323 45990 5162 7074 0 0
3.444e+05 0.67999 0.29075 0.9051 -1.2761 0.29626 0 378.32 -22.612 -0.6456 0.015314 45990 5165 7075 0 0
3.445e+05 0.69867 0.32183 0.85915 -1.1035 0.32651 0 380.05 -26.32 -0.64635 0.01532 45990 5163 7076 0 0
3.446e+05 0.66112 0.33758 0.85782 -1.1414 0.30742 0 382.69 -25.763 -0.64709 0.01532 45990 5163 7077 0 0
3.447e+05 0.69869 0.32189 0.86666 -1.404 0.33234 0 385.47 -26.179 -0.64784 0.01532 45990 5163 7078.1 0 0
3.448e+05 0.74939 0.32994 0.98949 -1.2443 0.32665 0 394.31 -25.915 -0.64859 0.015317 45990 5164 7079.1 0 0
3.449e+05 0.71006 0.32424 0.92777 -1.3511 0.36038 0 401.43 -27.251 -0.64934 0.015309 45990 5167 7080.2 0 0
3.45e+05 0.71385 0.30802 0.95043 -1.1032 0.35006 0 379.95 -25.296 -0.65009 0.015309 45990 5167 7081.3 0 0
3.451e+05 0.66704 0.32725 0.93072 -1.4108 0.31568 0 387.49 -24.503 -0.65083 0.015311 45990 5166 7082.3 0 0
3.452e+05 0.69676 0.33867 0.80787 -1.4631 0.32763 0 386.96 -27.616 -0.65158 0.015311 45990 5166 7083.4 0 0
3.453e+05 0.63991 0.29519 0.85796 -1.4119 0.30979 0 389.55 -20.534 -0.65233 0.015309 45990 5167 7084.4 0 0
3.454e+05 0.70891 0.29329 0.91634 -1.1048 0.31151 0 375.91 -24.099 -0.65307 0.015309 45990 5167 7085.4 0 0
3.455e+05 0.72215 0.31189 0.97649 -1.4183 0.32358 0 377.14 -25.751 -0.65382 0.015306 45990 5168 7086.5 0 0
3.456e+05 0.72127 0.27874 0.88582 -1.3039 0.30329 0 375.26 -24.233 -0.65456 0.015306 45990 5168 7087.5 0 0
3.457e+05 0.73287 0.33059 0.93846 -1.216 0.35859 0 387.75 -27.432 -0.65531 0.015303 45990 5169 7088.5 0 0
3.458e+05 0.71674 0.32471 0.91942 -1.1076 0.31992 0 371.75 -27.155 -0.65606 0.015303 45990 5169 7089.6 0 0
3.459e+05 0.68964 0.34239 0.86628 -1.3282 0.31269 0 392.99 -27.365 -0.6568 0.015303 45990 5169 7090.6 0 0
3.46e+05 0.70315 0.32401 0.90397 -1.3687 0.33687 0 408.91 -26.136 -0.65755 0.015306 45990 5168 7091.6 0 0
3.461e+05 0.72421 0.3054 0.99745 -1.6104 0.3155 0 407.09 -24.724 -0.65829 0.015306 45990 5168 7092.6 0 0
3.462e+05 0.69618 0.26151 0.85805 -1.5339 0.35229 0 400.66 -25.117 -0.65903 0.015311 45990 5166 7093.7 0 0
3.463e+05 0.72025 0.28684 0.96427 -1.5696 0.34761 0 405.91 -23.798 -0.65978 0.015311 45990 5166 7094.7 0 0
3.464e+05 0.74807 0.31146 0.9041 -1.1771 0.3209 0 400.46 -25.073 -0.66052 0.015306 45990 5168 7095.8 0 0
3.465e+05 0.7248 0.30814 0.92857 -1.1877 0.30836 0 414.91 -24.827 -0.66127 0.01532 45990 5163 7096.8 0 0
3.466e+05 0.69782 0.30712 0.92943 -1.138 0.31675 0 389.75 -23.938 -0.66201 0.01532 45990 5163 7097.8 0 0
3.467e+05 0.68376 0.26817 0.90668 -1.2721 0.32525 0 406.72 -23.168 -0.66275 0.015314 45990 5165 7098.8 0 0
3.468e+05 0.64496 0.20542 0.8535 -1.2188 0.30146 0 389.04 -33.716 -0.6635 0.015311 45990 5166 7099.9 0 0
3.469e+05 0.69512 0.23629 0.94908 -1.2427 0.31113 0 406.99 -29.212 -0.66424 0.015311 45990 5166 7100.9 0 0
3.47e+05 0.66316 0.25079 0.91592 -1.5141 0.30058 0 375.71 -23.637 -0.66498 0.015303 45990 5169 7101.9 0 0
3.471e+05 0.69159 0.26947 0.82793 -1.4122 0.31028 0 391.33 -23.751 -0.66573 0.015303 45990 5169 7102.9 0 0
3.472e+05 0.69644 0.30439 0.86443 -1.1826 0.32981 0 411.26 -23.647 -0.66647 0.015294 45990 5172 7104 0 0
3.473e+05 0.68505 0.30539 0.91192 -1.077 0.33898 0 387.74 -22.909 -0.66721 0.015285 45990 5175 7105 0 0
3.474e+05 0.69249 0.26289 0.92139 -1.4902 0.36897 0 376.84 -24.344 -0.66795 0.015279 45990 5177 7106 0 0
3.475e+05 0.68134 0.30418 0.89144 -1.3358 0.35378 0 407.28 -22.541 -0.66869 0.015279 45990 5177 7107 0 0
3.476e+05 0.64354 0.29764 0.83109 -1.3477 0.36935 0 414.19 -20.621 -0.66943 0.015285 45990 5175 7108 0 0
3.477e+05 0.68475 0.27909 0.79636 -1.2517 0.33275 0 384.16 -22.246 -0.67018 0.015288 45990 5174 7109 0 0
3.478e+05 0.6936 0.25749 0.89707 -1.3952 0.30397 0 389.75 -25.095 -0.67092 0.015285 45990 5175 7110 0 0
3.479e+05 0.72337 0.24437 0.96023 -1.3612 0.30546 0 389.45 -29.536 -0.67166 0.015276 45990 5178 7111.1 0 0
3.48e+05 0.71598 0.30238 0.89457 -1.4191 0.32904 0 401.79 -24.169 -0.6724 0.015267 45990 5181 7112.2 0 0
3.481e+05 0.70669 0.21401 0.95298 -1.1095 0.31846 0 401.29 -36.45 -0.67314 0.015267 45990 5181 7113.2 0 0
3.482e+05 0.73231 0.24782 0.8689 -1.2192 0.3123 0 387.63 -28.866 -0.67388 0.01527 45990 5180 7114.6 0 0
3.483e+05 0.72235 0.19442 1.011 -1.2712 0.31232 0 394.52 -45.672 -0.67462 0.015264 45990 5182 7116.1 0 0
3.484e+05 0.72791 0.21809 0.93291 -1.1859 0.30198 0 396.3 -37.743 -0.67536 0.015258 45990 5184 7117.6 0 0
3.485e+05 0.7238 0.2421 0.93474 -1.3941 0.31068 0 368.77 -30.111 -0.6761 0.015261 45990 5183 7119 0 0
3.486e+05 0.74101 0.21916 0.95178 -1.5008 0.32668 0 403 -38.22 -0.67684 0.01525 45990 5187 7120.3 0 0
3.487e+05 0.73097 0.22483 0.90571 -1.3843 0.30937 0 397.78 -35.539 -0.67758 0.015255 45990 5185 7121.7 0 0
3.488e+05 0.75478 0.2033 0.90969 -1.0436 0.32473 0 395.49 -45.321 -0.67832 0.015247 45990 5188 7122.9 0 0
3.489e+05 0.72442 0.21464 0.95532 -1.1669 0.31616 0 373.96 -38.13 -0.67905 0.015252 45990 5186 7124.2 0 0
3.49e+05 0.75498 0.21731 0.92128 -1.4052 0.32616 0 376.78 -39.64 -0.67979 0.015255 45990 5185 7125.6 0 0
3.491e+05 0.73945 0.20682 0.86577 -1.2266 0.32102 0 372.67 -42.835 -0.68053 0.015247 45990 5188 7126.8 0 0
3.492e+05 0.72434 0.20616 0.8624 -1.2478 0.29845 0 393.92 -41.346 -0.68127 0.015241 45990 5190 7128.3 0 0
3.493e+05 0.70988 0.18369 0.84209 -1.2718 0.29776 0 385 -47.313 -0.68201 0.015247 45990 5188 7129.8 0 0
3.494e+05 0.71365 0.21725 0.88705 -1.4656 0.31767 0 386.89 -36.054 -0.68274 0.015247 45990 5188 7131.1 0 0
3.495e+05 0.74398 0.19953 0.9698 -1.5017 0.29832 0 384.57 -45.694 -0.68348 0.015241 45990 5190 7132.6 0 0
3.496e+05 0.75448 0.1964 0.89897 -1.1435 0.31274 0 381.96 -47.006 -0.68422 0.015235 45990 5192 7134.1 0 0
3.497e+05 0.7778 0.19169 0.81714 -1.2458 0.3152 0 405.59 -49.259 -0.68496 0.015238 45990 5191 7135.6 0 0
3.498e+05 0.79559 0.20427 0.97377 -1.5491 0.33296 0 412.18 -45.986 -0.68569 0.015238 45990 5191 7137.2 0 0
3.499e+05 0.79076 0.19723 0.92675 -1.3652 0.31947 0 376.19 -48.098 -0.68643 0.015232 45990 5193 7138.8 0 0
3.5e+05 0.7462 0.19528 0.904 -1.0844 0.29979 0 398.27 -46.575 -0.68717 0.015226 45990 5195 7140.3 0 0
3.501e+05 0.75225 0.2115 0.86923 -1.395 0.30794 0 396 -41.007 -0.6879 0.015226 45990 5195 7141.8 0 0
3.502e+05 0.731 0.19917 0.85985 -1.2759 0.31412 0 385.45 -43.631 -0.68864 0.015229 45990 5194 7143.1 0 0
3.503e+05 0.72249 0.18511 0.88106 -1.2813 0.31684 0 396.61 -47.866 -0.68937 0.015226 45990 5195 7144.6 0 0
3.504e+05 0.66806 0.23294 0.83657 -1.0809 0.30426 0 416.32 -27.151 -0.69011 0.015223 45990 5196 7146.1 0 0
3.505e+05 0.75402 0.20404 0.92378 -0.9711 0.32216 0 389.38 -43.657 -0.69085 0.015229 45990 5194 7147.4 0 0
3.506e+05 0.71358 0.20037 0.92435 -1.4823 0.32307 0 399.73 -40.814 -0.69158 0.015241 45990 5190 7148.8 0 0
3.507e+05 0.67505 0.22687 0.91479 -1.1281 0.33857 0 392.65 -28.928 -0.69231 0.015241 45990 5190 7149.9 0 0
3.508e+05 0.73209 0.19594 0.8995 -1.041 0.31408 0 405.8 -44.394 -0.69305 0.015238 45990 5191 7151.2 0 0
3.509e+05 0.67459 0.2319 0.84704 -1.3384 0.32232 0 390.13 -27.554 -0.69378 0.015241 45990 5190 7152.4 0 0
3.51e+05 0.6735 0.2252 0.79389 -1.0627 0.30371 0 407.45 -29.212 -0.69452 0.015238 45990 5191 7153.6 0 0
3.511e+05 0.70267 0.23426 0.91685 -1.1731 0.33975 0 402.73 -29.855 -0.69525 0.015235 45990 5192 7154.7 0 0
3.512e+05 0.66727 0.19432 0.90759 -1.3228 0.31381 0 389.39 -38.392 -0.69599 0.015238 45990 5191 7156 0 0
3.513e+05 0.72347 0.24339 0.91668 -1.1273 0.31329 0 395.9 -29.404 -0.69672 0.015229 45990 5194 7157.2 0 0
3.514e+05 0.72283 0.22358 0.84754 -1.1738 0.32048 0 407.14 -34.169 -0.69745 0.015226 45990 5195 7158.4 0 0
3.515e+05 0.72051 0.24204 0.88044 -1.3144 0.32146 0 408.96 -29.389 -0.69819 0.015226 45990 5195 7159.7 0 0
3.516e+05 0.64326 0.23386 0.80219 -1.1085 0.31492 0 424.31 -26.058 -0.69892 0.015229 45990 5194 7160.8 0 0
3.517e+05 0.71391 0.21041 0.87247 -1.4323 0.30438 0 399.6 -37.362 -0.69965 0.015229 45990 5194 7162 0 0
3.518e+05 0.69122 0.2229 0.89696 -1.2876 0.32148 0 389.01 -31.12 -0.70039 0.015232 45990 5193 7163.2 0 0
3.519e+05 0.73345 0.19052 0.90997 -1.3019 0.31322 0 388.04 -46.562 -0.70112 0.015223 45990 5196 7164.5 0 0
3.52e+05 0.65402 0.23947 0.88378 -1.0835 0.32797 0 420.01 -25.133 -0.70185 0.015217 45990 5198 7165.7 0 0
3.521e+05 0.70534 0.20442 0.85824 -1.3451 0.3191 0 395.52 -38.388 -0.70258 0.01522 45990 5197 7166.9 0 0
3.522e+05 0.70405 0.2072 0.86556 -1.3998 0.30792 0 405.38 -37.211 -0.70331 0.01522 45990 5197 7168.3 0 0
3.523e+05 0.68658 0.19807 0.87704 -1.4473 0.31071 0 414.52 -38.38 -0.70405 0.01522 45990 5197 7169.5 0 0
3.524e+05 0.71498 0.21914 0.85756 -1.246 0.30884 0 401.3 -34.408 -0.70478 0.01522 45990 5197 7170.7 0 0
3.525e+05 0.61096 0.20502 0.87363 -1.1014 0.30905 0 413.01 -35.805 -0.70551 0.015223 45990 5196 7172.2 0 0
3.526e+05 0.63297 0.22511 0.86462 -1.1281 0.32082 0 398.77 -28.47 -0.70624 0.015217 45990 5198 7173.4 0 0
3.527e+05 0.74557 0.1904 0.93118 -1.3102 0.32488 0 412.26 -47.241 -0.70697 0.015211 45990 5200 7174.5 0 0
3.528e+05 0.65046 0.19572 0.83688 -1.364 0.30793 0 390.29 -36.832 -0.7077 0.01522 45990 5197 7175.9 0 0
3.529e+05 0.70813 0.27143 0.91169 -1.1186 0.30297 0 407.94 -24.01 -0.70843 0.015214 45990 5199 7177.1 0 0
3.53e+05 0.68654 0.26736 0.83234 -1.1759 0.31165 0 397.55 -23.056 -0.70916 0.015217 45990 5198 7178.3 0 0
3.531e+05 0.63757 0.28045 0.88273 -1.2577 0.29605 0 406.97 -20.466 -0.70989 0.015208 45990 5201 7179.2 0 0
3.532e+05 0.65963 0.26279 0.87977 -1.2179 0.32639 0 404.63 -21.909 -0.71062 0.015208 45990 5201 7180.2 0 0
3.533e+05 0.55805 0.30998 0.80296 -1.413 0.31395 0 422.78 -32.648 -0.71135 0.015211 45990 5200 7181.3 0 0
3.534e+05 0.64235 0.22356 0.8598 -1.4691 0.33117 0 410.98 -28.301 -0.71208 0.015208 45990 5201 7182.3 0 0
3.535e+05 0.62536 0.22942 0.84551 -1.4028 0.29512 0 399.32 -27.915 -0.71281 0.015208 45990 5201 7183.5 0 0
3.536e+05 0.60438 0.24745 0.74808 -1.3025 0.31137 0 421.4 -26.489 -0.71354 0.015208 45990 5201 7184.7 0 0
3.537e+05 0.58715 0.25803 0.83569 -1.3892 0.29963 0 405.97 -27.622 -0.71427 0.015208 45990 5201 7185.8 0 0
3.538e+05 0.56232 0.23272 0.79936 -1.0849 0.30929 0 430.54 -36.133 -0.71499 0.015217 45990 5198 7186.9 0 0
3.539e+05 0.59126 0.26084 0.81856 -1.1894 0.31177 0 428.05 -26.596 -0.71572 0.015211 45990 5200 7188 0 0
3.54e+05 0.54185 0.22354 0.8031 -1.3841 0.29881 0 389.91 -42.847 -0.71645 0.015211 45990 5200 7189.3 0 0
3.541e+05 0.52578 0.26112 0.77317 -1.4638 0.34018 0 427.02 -42.921 -0.71718 0.015211 45990 5200 7190.6 0 0.8904
3.542e+05 0.55338 0.23903 0.77743 -1.187 0.30109 0 391.47 -36.738 -0.71791 0.015217 45990 5198 7192 0 0
3.543e+05 0.53889 0.21591 0.76812 -1.3363 0.33749 0 389.09 -45.39 -0.71863 0.015217 45990 5198 7193.4 0 0
3.544e+05 0.56275 0.24533 0.80453 -1.282 0.31092 0 399.98 -33.861 -0.71936 0.015214 45990 5199 7194.7 0 0
3.545e+05 0.53271 0.32298 0.83424 -1.331 0.33298 0 402.61 -42.938 -0.72009 0.015214 45990 5199 7196 0 0
3.546e+05 0.54587 0.24616 0.85756 -1.3134 0.32521 0 402.4 -37.653 -0.72081 0.015211 45990 5200 7197.4 0 0
3.547e+05 0.5618 0.27432 0.85692 -1.3023 0.3153 0 409.87 -30.632 -0.72154 0.015208 45990 5201 7198.8 0 0
3.548e+05 0.54507 0.23102 0.848 -1.3243 0.3128 0 386.96 -40.088 -0.72227 0.015214 45990 5199 7200.1 0 0
3.549e+05 0.52992 0.2451 0.80656 -1.2809 0.31634 0 417.87 -42.052 -0.72299 0.015208 45990 5201 7201.4 0 0.000362
3.55e+05 0.52951 0.23576 0.80845 -1.3175 0.31006 0 407.51 -43.358 -0.72372 0.015214 45990 5199 7202.8 0 0.012188
3.551e+05 0.58573 0.26385 0.88314 -1.3085 0.32292 0 415.12 -26.897 -0.72445 0.015223 45990 5196 7204.1 0 0
3.552e+05 0.58773 0.25858 0.819 -0.75024 0.3061 0 410.71 -27.216 -0.72517 0.015223 45990 5196 7205.1 0 0
3.553e+05 0.55128 0.28238 0.83239 -1.2331 0.31417 0 395.27 -33.001 -0.7259 0.015211 45990 5200 7206.2 0 0
3.554e+05 0.53166 0.34975 0.85824 -1.1846 0.32745 0 405.56 -48.814 -0.72662 0.015206 45990 5202 7207.5 0 0
3.555e+05 0.54365 0.30512 0.84064 -1.4161 0.31917 0 375.19 -35.985 -0.72734 0.015206 45990 5202 7208.7 0 0
3.556e+05 0.54502 0.25425 0.81861 -1.4076 0.32817 0 389.58 -36.58 -0.72807 0.0152 45990 5204 7210 0 0
3.557e+05 0.65896 0.2866 0.87503 -1.3284 0.32668 0 394.25 -20.617 -0.72879 0.015206 45990 5202 7211 0 0
3.558e+05 0.71709 0.26151 0.87632 -1.5456 0.30476 0 389.47 -25.293 -0.72952 0.0152 45990 5204 7212 0 0
3.559e+05 0.7185 0.2661 0.97606 -1.2698 0.33137 0 389.45 -24.746 -0.73024 0.015206 45990 5202 7213.1 0 0
3.56e+05 0.72873 0.27254 0.91373 -1.5198 0.29587 0 371.11 -24.087 -0.73096 0.015203 45990 5203 7214.1 0 0
3.561e+05 0.75313 0.2039 0.96564 -1.3342 0.31505 0 395.13 -43.157 -0.73169 0.015191 45990 5207 7215.5 0 0
3.562e+05 0.68137 0.21449 0.92345 -1.3841 0.31939 0 383.09 -32.353 -0.73241 0.015188 45990 5208 7216.7 0 0
3.563e+05 0.67726 0.25479 0.89547 -1.0945 0.3058 0 377.04 -23.399 -0.73313 0.015179 45990 5211 7217.9 0 0
3.564e+05 0.76423 0.25844 0.85718 -1.1297 0.31849 0 373.69 -26.483 -0.73386 0.015176 45990 5212 7219 0 0
3.565e+05 0.7155 0.21323 0.90871 -1.3565 0.30404 0 403.64 -35.985 -0.73458 0.015182 45990 5210 7220.1 0 0
3.566e+05 0.74934 0.21888 0.91349 -1.0878 0.34828 0 391.04 -37.793 -0.7353 0.015176 45990 5212 7221.3 0 0
3.567e+05 0.78127 0.22488 1.0221 -1.5329 0.29312 0 398.67 -36.712 -0.73603 0.015176 45990 5212 7222.7 0 0
3.568e+05 0.78152 0.20524 1.0295 -1.2629 0.31222 0 411.85 -44.778 -0.73675 0.015159 45990 5218 7224.2 0 0
3.569e+05 0.75004 0.19167 0.96453 -1.1329 0.35007 0 393.33 -46.924 -0.73747 0.015159 45990 5218 7225.7 0 0
3.57e+05 0.72516 0.20143 1.0239 -1.0946 0.31126 0 393.63 -40.949 -0.73819 0.015144 45990 5223 7227 0 0
3.571e+05 0.74104 0.17377 0.99381 -1.2443 0.32039 0 402.44 -49.846 -0.73891 0.015139 45990 5225 7228.6 0 0
3.572e+05 0.67662 0.19154 0.90043 -1.0646 0.33041 0 409.42 -39.603 -0.73964 0.015124 45990 5230 7230.2 0 0
3.573e+05 0.7048 0.1826 0.93879 -1.3259 0.3227 0 414.75 -46.062 -0.74036 0.015124 45990 5230 7231.7 0 0
3.574e+05 0.7202 0.21056 0.9457 -1.2164 0.30812 0 393.72 -37.11 -0.74108 0.015113 45990 5234 7233.3 0 0
3.575e+05 0.75461 0.20044 0.92884 -1.4006 0.32137 0 398.5 -43.79 -0.7418 0.015098 45990 5239 7234.8 0 0
3.576e+05 0.7592 0.19567 0.85976 -1.1983 0.30874 0 413.09 -45.832 -0.74252 0.015098 45990 5239 7236.5 0 0
3.577e+05 0.69473 0.20673 0.90549 -1.08 0.3183 0 413.4 -35.778 -0.74324 0.015104 45990 5237 7238 0 0
3.578e+05 0.75896 0.19981 0.96823 -1.3275 0.32715 0 410.81 -44.329 -0.74396 0.015098 45990 5239 7239.5 0 0
3.579e+05 0.71209 0.19193 0.93968 -1.4594 0.30921 0 414.55 -42.567 -0.74468 0.015098 45990 5239 7241 0 0
3.58e+05 0.74811 0.21528 0.96155 -1.2772 0.30193 0 417.32 -38.445 -0.7454 0.01509 45990 5242 7242.6 0 0
3.581e+05 0.73925 0.16296 0.93956 -1.2903 0.3206 0 425.71 -49.962 -0.74612 0.015084 45990 5244 7244.3 0 0
3.582e+05 0.80418 0.20083 1.0459 -1.333 0.34722 0 409.54 -46.901 -0.74684 0.015084 45990 5244 7246 0 0
3.583e+05 0.70959 0.18766 0.90843 -1.2924 0.32565 0 400.11 -44.097 -0.74756 0.015084 45990 5244 7247.4 0 0
3.584e+05 0.72125 0.17644 0.90574 -1.1992 0.30561 0 408.68 -48.471 -0.74828 0.015084 45990 5244 7249 0 0
3.585e+05 0.78434 0.19328 0.95617 -1.3114 0.3268 0 420.76 -48.011 -0.749 0.015072 45990 5248 7250.7 0 0
3.586e+05 0.7474 0.18695 0.89772 -1.3094 0.31086 0 419.26 -46.719 -0.74972 0.015069 45990 5249 7252.4 0 0
3.587e+05 0.75108 0.21424 0.82644 -1.3203 0.30413 0 418.03 -38.831 -0.75043 0.015067 45990 5250 7253.9 0 0
3.588e+05 0.72789 0.19433 0.96641 -1.3194 0.34937 0 421.68 -42.954 -0.75115 0.015069 45990 5249 7255.3 0 0
3.589e+05 0.76074 0.18745 0.95961 -1.1107 0.31894 0 422.82 -47.755 -0.75187 0.015078 45990 5246 7256.9 0 0
3.59e+05 0.77981 0.18968 1.0195 -1.1653 0.31282 0 419.03 -47.989 -0.75259 0.015084 45990 5244 7258.6 0 0
3.591e+05 0.81675 0.20454 0.90258 -1.5011 0.30935 0 408.98 -45.608 -0.75331 0.015075 45990 5247 7260.2 0 0
3.592e+05 0.74947 0.19218 0.96981 -1.2363 0.30821 0 413.44 -45.057 -0.75402 0.015067 45990 5250 7261.8 0 0
3.593e+05 0.78944 0.17638 0.99228 -1.2757 0.31646 0 405.16 -49.77 -0.75474 0.015052 45990 5255 7263.4 0 0
3.594e+05 0.74977 0.20354 0.91801 -1.2093 0.33501 0 401.41 -41.677 -0.75546 0.015055 45990 5254 7265 0 0
3.595e+05 0.73523 0.17448 0.93882 -1.4663 0.29185 0 419.49 -48.771 -0.75617 0.015052 45991 5255 7266.6 0 0
3.596e+05 0.72259 0.22509 0.97237 -1.2235 0.31277 0 414.11 -32.75 -0.75689 0.015058 45991 5253 7268.1 0 0
3.597e+05 0.74417 0.18507 0.97809 -1.4231 0.32558 0 423.33 -46.311 -0.75761 0.015055 45991 5254 7269.7 0 0
3.598e+05 0.74644 0.20801 0.94895 -1.4193 0.3292 0 409.97 -39.884 -0.75832 0.015055 45991 5254 7271.2 0 0
3.599e+05 0.76302 0.18008 0.88527 -1.3859 0.32549 0 418.84 -48.399 -0.75904 0.015058 45991 5253 7272.7 0 0
3.6e+05 0.69306 0.17423 0.97509 -1.2248 0.3198 0 420.22 -47.713 -0.75975 0.015058 45991 5253 7274.2 0 0
3.601e+05 0.73377 0.19725 0.85379 -1.3224 0.31554 0 414.07 -41.928 -0.76047 0.015061 45991 5252 7275.6 0 0
3.602e+05 0.80913 0.21877 1.0204 -1.4509 0.31077 0 426.42 -39.616 -0.76119 0.015058 45991 5253 7277.2 0 0
3.603e+05 0.75055 0.21489 0.99094 -1.1491 0.29818 0 407.93 -38.283 -0.7619 0.015058 45991 5253 7278.8 0 0
3.604e+05 0.7847 0.19898 0.99474 -1.3805 0.30327 0 422.36 -45.176 -0.76262 0.015061 45991 5252 7280.4 0 0
3.605e+05 0.77296 0.20993 1.0035 -1.247 0.32239 0 422.58 -41.427 -0.76333 0.015061 45991 5252 7282 0 0
3.606e+05 0.69683 0.20658 0.90628 -1.1787 0.32395 0 402.9 -35.725 -0.76404 0.015064 45991 5251 7283.5 0 0
3.607e+05 0.73254 0.21496 0.93179 -1.2424 0.32507 0 388.3 -36.593 -0.76476 0.015064 45991 5251 7284.8 0 0
3.608e+05 0.53305 0.20085 0.83065 -1.2307 0.32721 0 416.04 -49.299 -0.76547 0.015052 45991 5255 7286.1 0 0
3.609e+05 0.63905 0.22371 0.82492 -1.2736 0.31511 0 427.11 -28.216 -0.76619 0.015041 45991 5259 7287.4 0 0
3.61e+05 0.6652 0.21381 0.92361 -1.3669 0.33292 0 396.28 -31.055 -0.7669 0.015029 45991 5263 7288.7 0 0
3.611e+05 0.61063 0.21921 0.80748 -1.4522 0.3049 0 389.56 -31.161 -0.76761 0.015029 45991 5263 7289.9 0 0
3.612e+05 0.53349 0.20989 0.79425 -1.4472 0.30157 0 376.91 -47.818 -0.76833 0.015024 45991 5265 7291.3 0 0
3.613e+05 0.59407 0.20003 0.87225 -1.2435 0.3125 0 360.59 -39.175 -0.76904 0.015012 45991 5269 7292.7 0 0
3.614e+05 0.55684 0.22692 0.90342 -1.1592 0.30349 0 382.3 -38.103 -0.76975 0.015004 45991 5272 7294.2 0 0
3.615e+05 0.54941 0.213 0.83546 -1.3579 0.30073 0 395.44 -43.386 -0.77046 0.015009 45991 5270 7295.7 0 0
3.616e+05 0.56022 0.24741 0.79968 -1.067 0.30213 0 386.21 -33.669 -0.77118 0.015015 45991 5268 7297.1 0 0
3.617e+05 0.64497 0.20261 0.82428 -1.0381 0.31541 0 373.01 -34.056 -0.77189 0.015027 45991 5264 7298.4 0 0
3.618e+05 0.62398 0.21022 0.84535 -1.0108 0.32332 0 373.28 -32.483 -0.7726 0.015029 45991 5263 7299.7 0 0
3.619e+05 0.53458 0.21054 0.80699 -1.1167 0.31327 0 368.68 -47.113 -0.77331 0.015029 45991 5263 7301.1 0 0
3.62e+05 0.61476 0.16401 0.88743 -1.3058 0.34728 0 379.18 -49.21 -0.77403 0.015027 45991 5264 7302.6 0 0
3.621e+05 0.62681 0.21844 0.80703 -1.3384 0.31318 0 396.44 -30.006 -0.77474 0.015027 45991 5264 7304.1 0 0
3.622e+05 0.53901 0.2449 0.77344 -1.4874 0.30381 0 381.61 -39.079 -0.77545 0.015024 45991 5265 7305.5 0 0
3.623e+05 0.53583 0.20556 0.75004 -1.1408 0.31099 0 392.88 -47.732 -0.77616 0.015012 45991 5269 7307 0 0
3.624e+05 0.57652 0.23253 0.8582 -0.89045 0.33071 0 398.19 -32.659 -0.77687 0.015009 45991 5270 7308.4 0 0
3.625e+05 0.69546 0.22924 0.87114 -1.2031 0.30885 0 396.58 -29.388 -0.77758 0.015004 45991 5272 7309.9 0 0
3.626e+05 0.55837 0.2399 0.82301 -1.2681 0.30463 0 398.77 -34.973 -0.77829 0.015009 45991 5270 7311 0 0
3.627e+05 0.62691 0.21547 0.85371 -1.2964 0.32183 0 378.39 -30.672 -0.779 0.015004 45991 5272 7312.2 0 0
3.628e+05 0.6096 0.21908 0.84736 -1.3443 0.32178 0 392.61 -31.067 -0.77971 0.014998 45991 5274 7313.6 0 0
3.629e+05 0.60563 0.20236 0.8285 -1.5096 0.30751 0 401.89 -36.669 -0.78042 0.014995 45991 5275 7315 0 0
3.63e+05 0.63628 0.16392 0.82123 -1.0941 0.31663 0 386.75 -48.697 -0.78113 0.014995 45991 5275 7316.3 0 0
3.631e+05 0.54853 0.2272 0.85663 -1.214 0.33833 0 399.53 -39.517 -0.78184 0.014992 45991 5276 7317.8 0 0
3.632e+05 0.54838 0.22147 0.75181 -1.4548 0.31923 0 400.23 -40.735 -0.78255 0.014978 45991 5281 7319.1 0 0
3.633e+05 0.62623 0.20898 0.892 -1.1098 0.31008 0 406.87 -32.485 -0.78326 0.014984 45991 5279 7320.5 0 0
3.634e+05 0.57152 0.20899 0.77121 -1.224 0.33635 0 406.18 -39.041 -0.78397 0.014984 45991 5279 7321.9 0 0
3.635e+05 0.60957 0.19984 0.8013 -1.3614 0.33004 0 407.45 -36.886 -0.78468 0.014978 45991 5281 7323.4 0 0
3.636e+05 0.55158 0.19193 0.80002 -1.3559 0.33434 0 419.35 -48.321 -0.78539 0.014978 45991 5281 7324.9 0 0
3.637e+05 0.55571 0.20533 0.82189 -1.4674 0.3491 0 391.33 -43.245 -0.78609 0.014978 45991 5281 7326.3 0 0
3.638e+05 0.5609 0.22933 0.7973 -1.1421 0.3553 0 427.93 -36.17 -0.7868 0.014981 45991 5280 7327.6 0 0
3.639e+05 0.58106 0.19673 0.77171 -1.3581 0.35017 0 395.13 -41.569 -0.78751 0.014981 45991 5280 7329 0 0
3.64e+05 0.60601 0.19032 0.84142 -1.419 0.3603 0 411.7 -40.554 -0.78822 0.014981 45991 5280 7330.3 0 0
3.641e+05 0.56722 0.18487 0.77495 -1.1883 0.35548 0 418.2 -47.596 -0.78893 0.014975 45991 5282 7331.9 0 0
3.642e+05 0.5882 0.20823 0.79959 -1.2166 0.35309 0 422.72 -36.573 -0.78963 0.014975 45991 5282 7333.5 0 0
3.643e+05 0.63383 0.20561 0.85739 -1.3751 0.35276 0 425.74 -33.324 -0.79034 0.014975 45991 5282 7334.8 0 0
3.644e+05 0.56035 0.18931 0.84294 -1.3401 0.32829 0 401.34 -47.413 -0.79104 0.014978 45991 5281 7336.3 0 0
3.645e+05 0.61264 0.20689 0.84152 -1.0621 0.33387 0 428.75 -34.214 -0.79175 0.014972 45991 5283 7337.7 0 0
3.646e+05 0.57676 0.18742 0.80263 -1.348 0.31418 0 394.94 -45.305 -0.79246 0.014961 45991 5287 7339.2 0 0
3.647e+05 0.58025 0.18831 0.8085 -1.2461 0.34161 0 390.5 -44.3 -0.79316 0.014958 45991 5288 7340.6 0 0
3.648e+05 0.62639 0.23377 0.8737 -1.387 0.3483 0 408.73 -26.587 -0.79387 0.014961 45991 5287 7342.1 0 0
3.649e+05 0.58231 0.20206 0.86909 -1.0985 0.33855 0 423.55 -39.193 -0.79458 0.014949 45991 5291 7343.5 0 0
3.65e+05 0.55662 0.18275 0.84978 -0.99913 0.35558 0 408.35 -48.994 -0.79528 0.014947 45991 5292 7345 0 0
3.651e+05 0.63638 0.20035 0.8041 -1.3658 0.3158 0 432.56 -34.906 -0.79599 0.014944 45992 5293 7346.5 0 0
3.652e+05 0.63001 0.18017 0.89325 -1.3213 0.34567 0 403.49 -42.726 -0.79669 0.014947 45992 5292 7348 0 0
3.653e+05 0.55517 0.18681 0.78986 -1.2771 0.31494 0 405.16 -48.329 -0.7974 0.014941 45992 5294 7349.5 0 0
3.654e+05 0.53325 0.25752 0.78796 -1.5684 0.32378 0 403.56 -39.109 -0.7981 0.014938 45992 5295 7350.9 0 0
3.655e+05 0.54302 0.21086 0.84202 -1.3027 0.29171 0 399.24 -44.17 -0.79881 0.014941 45992 5294 7352.3 0 0
3.656e+05 0.52648 0.23029 0.79801 -1.5048 0.33463 0 395.04 -44.629 -0.79951 0.014944 45992 5293 7353.8 0 0.61861
3.657e+05 0.54912 0.23175 0.83698 -1.3452 0.30487 0 394.64 -37.755 -0.80022 0.014947 45992 5292 7355.1 0 0
3.658e+05 0.64608 0.22692 0.89143 -1.0095 0.30934 0 392.69 -27.034 -0.80092 0.014938 45992 5295 7356.5 0 0
3.659e+05 0.65421 0.1983 0.88866 -1.1532 0.31641 0 371.26 -35.467 -0.80163 0.014938 45992 5295 7357.9 0 0
3.66e+05 0.59945 0.19933 0.7912 -1.3168 0.33094 0 422.07 -37.452 -0.80233 0.014938 45992 5295 7359.3 0 0
3.661e+05 0.62784 0.17399 0.85536 -1.1439 0.30341 0 426.85 -45.425 -0.80303 0.014955 45992 5289 7360.9 0 0
3.662e+05 0.6027 0.18692 0.84536 -1.2484 0.32906 0 378.05 -41.561 -0.80374 0.014955 45992 5289 7362.4 0 0
3.663e+05 0.65232 0.1764 0.83067 -1.2222 0.30471 0 402.95 -44.103 -0.80444 0.014958 45992 5288 7363.9 0 0
3.664e+05 0.59004 0.18737 0.83041 -1.2617 0.30401 0 393.44 -42.423 -0.80514 0.014946 45992 5292 7365.3 0 0
3.665e+05 0.58555 0.18019 0.80205 -1.2292 0.31796 0 395.71 -45.848 -0.80585 0.014946 45992 5292 7366.8 0 0
3.666e+05 0.62534 0.19668 0.79263 -1.2859 0.3072 0 420.15 -35.913 -0.80655 0.014949 45992 5291 7368.5 0 0
3.667e+05 0.58569 0.17726 0.84676 -1.3472 0.31491 0 409.78 -46.682 -0.80725 0.014944 45992 5293 7370 0 0
3.668e+05 0.57059 0.1874 0.77202 -1.4035 0.35314 0 406.34 -45.2 -0.80795 0.014932 45992 5297 7371.6 0 0
3.669e+05 0.54216 0.19448 0.82101 -1.4794 0.33019 0 396.83 -47.904 -0.80866 0.014921 45992 5301 7373.1 0 0
3.67e+05 0.56289 0.19313 0.82057 -1.4215 0.30976 0 401.01 -44.736 -0.80936 0.014924 45992 5300 7374.7 0 0
3.671e+05 0.65554 0.17098 0.79953 -1.4312 0.30682 0 425.62 -46.406 -0.81006 0.014927 45992 5299 7376.2 0 0
3.672e+05 0.6792 0.17927 0.87357 -1.4476 0.31832 0 408.9 -44.705 -0.81076 0.014924 45992 5300 7377.7 0 0
3.673e+05 0.64145 0.17168 0.88838 -1.3046 0.29885 0 413.16 -45.367 -0.81147 0.014915 45992 5303 7379.2 0 0
3.674e+05 0.63257 0.18879 0.82549 -1.5761 0.33326 0 429.24 -38.547 -0.81217 0.014904 45992 5307 7380.7 0 0
3.675e+05 0.61746 0.16768 0.83128 -1.3427 0.31401 0 414.96 -47.201 -0.81287 0.014885 45992 5314 7382.2 0 0
3.676e+05 0.5808 0.19798 0.8621 -1.1408 0.35619 0 411.53 -39.63 -0.81357 0.01489 45992 5312 7383.7 0 0
3.677e+05 0.64797 0.18792 0.80304 -1.2757 0.32798 0 397.01 -38.917 -0.81427 0.014885 45992 5314 7385.1 0 0
3.678e+05 0.58384 0.17892 0.84675 -1.29 0.33458 0 401.75 -45.722 -0.81497 0.014885 45992 5314 7386.6 0 0
3.679e+05 0.68084 0.18342 0.83971 -1.7221 0.33167 0 388.54 -42.885 -0.81567 0.014871 45992 5319 7388.2 0 0
3.68e+05 0.60703 0.2103 0.86921 -1.2338 0.29993 0 429.27 -33.022 -0.81637 0.014865 45992 5321 7389.7 0 0
3.681e+05 0.62276 0.19353 0.88591 -1.3522 0.31523 0 388.5 -36.475 -0.81707 0.014859 45992 5323 7391.1 0 0
3.682e+05 0.59119 0.17849 0.84299 -1.4194 0.319 0 400.39 -44.616 -0.81777 0.014868 45992 5320 7392.5 0 0
3.683e+05 0.56127 0.213 0.85963 -1.3403 0.31279 0 401.68 -38.94 -0.81847 0.014857 45992 5324 7394 0 0
3.684e+05 0.62299 0.18303 0.80392 -1.1627 0.30761 0 410.87 -40.235 -0.81917 0.014846 45992 5328 7395.4 0 0
3.685e+05 0.57935 0.17626 0.79547 -1.2178 0.32326 0 413 -47.024 -0.81987 0.014854 45992 5325 7396.8 0 0
3.686e+05 0.60053 0.22579 0.81938 -1.2926 0.36939 0 385.12 -30.112 -0.82057 0.014854 45992 5325 7398.2 0 0
3.687e+05 0.60165 0.19176 0.82286 -1.3623 0.33666 0 396.96 -38.711 -0.82127 0.014834 45992 5332 7399.7 0 0
3.688e+05 0.63594 0.17418 0.81106 -1.2081 0.30567 0 414.15 -43.657 -0.82197 0.014823 45992 5336 7401.4 0 0
3.689e+05 0.60789 0.15574 0.77075 -1.2043 0.32013 0 384.9 -49.374 -0.82267 0.014807 45992 5342 7403.1 0 0
3.69e+05 0.6609 0.16067 0.79364 -1.1445 0.35004 0 408.74 -48.919 -0.82336 0.014793 45992 5347 7404.8 0 0
3.691e+05 0.60754 0.16617 0.85034 -1.3108 0.33868 0 414.74 -46.971 -0.82406 0.014782 45992 5351 7406.5 0 0
3.692e+05 0.65095 0.16542 0.82379 -1.1825 0.3524 0 414.33 -47.128 -0.82476 0.014762 45992 5358 7408.2 0 0
3.693e+05 0.63759 0.16024 0.86915 -1.4235 0.33423 0 400.57 -47.871 -0.82546 0.014751 45992 5362 7409.9 0 0
3.694e+05 0.63736 0.15074 0.86334 -1.2488 0.342 0 407.65 -49.326 -0.82616 0.014746 45992 5364 7411.6 0 0
3.695e+05 0.61885 0.18182 0.88683 -1.2517 0.33488 0 416.37 -40.71 -0.82685 0.014754 45992 5361 7413.2 0 0
3.696e+05 0.67575 0.19068 0.81926 -1.1792 0.32733 0 414.46 -39.004 -0.82755 0.014754 45992 5361 7414.8 0 0
3.697e+05 0.59979 0.15248 0.82593 -1.2318 0.30423 0 402.75 -49.752 -0.82825 0.014743 45992 5365 7416.5 0 0
3.698e+05 0.65474 0.16049 0.83127 -1.3327 0.31114 0 392.71 -47.756 -0.82894 0.014743 45992 5365 7418.2 0 0
3.699e+05 0.68301 0.17649 0.84311 -1.1491 0.29737 0 374.41 -45.729 -0.82964 0.014746 45992 5364 7419.8 0 0
3.7e+05 0.67273 0.15667 0.82835 -1.3392 0.341 0 392.71 -49.102 -0.83034 0.014751 45992 5362 7421.5 0 0
3.701e+05 0.64234 0.16267 0.84408 -1.3725 0.31709 0 391.15 -46.74 -0.83103 0.014743 45992 5365 7423.1 0 0
3.702e+05 0.61688 0.15148 0.90505 -1.2034 0.29673 0 396.81 -49.086 -0.83173 0.014757 45992 5360 7424.7 0 0
3.703e+05 0.60518 0.17886 0.78324 -1.6795 0.3536 0 391.89 -42.508 -0.83242 0.014751 45992 5362 7426.2 0 0
3.704e+05 0.66318 0.21952 0.8491 -1.2141 0.30216 0 401.34 -29.267 -0.83312 0.014746 45992 5364 7427.8 0 0
3.705e+05 0.65446 0.18049 0.7673 -1.2642 0.30392 0 379.35 -41.117 -0.83382 0.014738 45992 5367 7429.3 0 0
3.706e+05 0.55675 0.19929 0.83152 -1.3278 0.31539 0 395.8 -43.521 -0.83451 0.014738 45992 5367 7430.8 0 0
3.707e+05 0.6783 0.17126 0.85146 -1.3164 0.32165 0 403.47 -46.509 -0.83521 0.014735 45992 5368 7432.3 0 0
3.708e+05 0.65968 0.20357 0.82379 -0.87974 0.29955 0 391.65 -33.66 -0.8359 0.014735 45992 5368 7433.8 0 0
3.709e+05 0.62643 0.21545 0.80761 -1.5234 0.32743 0 430.27 -30.112 -0.8366 0.014724 45992 5372 7435.3 0 0
3.71e+05 0.62338 0.17811 0.84184 -1.2346 0.32305 0 411.59 -41.304 -0.83729 0.014729 45992 5370 7436.8 0 0
3.711e+05 0.58542 0.17194 0.81682 -1.2526 0.31216 0 386 -46.846 -0.83798 0.014732 45992 5369 7438.4 0 0
3.712e+05 0.56763 0.18137 0.79991 -1.2059 0.30259 0 409.33 -46.342 -0.83868 0.014727 45992 5371 7440 0 0
3.713e+05 0.62623 0.1712 0.81566 -1.2848 0.31098 0 413.89 -43.798 -0.83937 0.014732 45992 5369 7441.7 0 0
3.714e+05 0.59645 0.21323 0.83148 -1.181 0.31444 0 390.12 -33.376 -0.84007 0.014721 45992 5373 7443.1 0 0
3.715e+05 0.61531 0.17799 0.76514 -1.4527 0.294 0 394.4 -41.576 -0.84076 0.014724 45992 5372 7444.7 0 0
3.716e+05 0.64713 0.16331 0.8433 -1.1695 0.29326 0 384.97 -45.897 -0.84145 0.014721 45992 5373 7446.2 0 0
3.717e+05 0.63806 0.1608 0.78847 -1.4882 0.32158 0 391.87 -46.224 -0.84215 0.014724 45992 5372 7447.8 0 0
3.718e+05 0.69219 0.19759 0.81286 -1.3814 0.33542 0 396.26 -38.172 -0.84284 0.014721 45992 5373 7449.2 0 0
3.719e+05 0.62821 0.20008 0.86334 -1.1062 0.30115 0 413.07 -33.914 -0.84353 0.014718 45992 5374 7450.7 0 0
3.72e+05 0.57938 0.18914 0.81668 -1.149 0.32965 0 412.6 -42.189 -0.84423 0.014724 45992 5372 7452.2 0 0
3.721e+05 0.634 0.16546 0.77878 -1.3654 0.306 0 413.16 -44.702 -0.84492 0.014724 45992 5372 7453.7 0 0
3.722e+05 0.62259 0.20896 0.87292 -1.4407 0.29918 0 388.18 -31.867 -0.84561 0.014721 45992 5373 7455.2 0 0
3.723e+05 0.60611 0.18407 0.84534 -1.3493 0.32154 0 400.06 -39.925 -0.8463 0.014724 45992 5372 7456.5 0 0
3.724e+05 0.67954 0.17969 0.88137 -1.1529 0.31887 0 396.22 -43.083 -0.84699 0.014721 45992 5373 7457.9 0 0
3.725e+05 0.60056 0.2217 0.89104 -1.2772 0.3138 0 397.68 -30.719 -0.84769 0.014718 45992 5374 7459.2 0 0
3.726e+05 0.62157 0.19088 0.82562 -1.3771 0.31819 0 404.04 -36.523 -0.84838 0.014718 45992 5374 7460.5 0 0
3.727e+05 0.64854 0.18453 0.82472 -1.3477 0.30084 0 393.28 -38.479 -0.84907 0.014721 45992 5373 7461.8 0 0
3.728e+05 0.67561 0.21744 0.86293 -1.29 0.31615 0 384.76 -30.336 -0.84976 0.01471 45992 5377 7463.2 0 0
3.729e+05 0.69894 0.18963 0.84919 -1.3118 0.30746 0 400.53 -41.411 -0.85045 0.014708 45992 5378 7464.5 0 0
3.73e+05 0.59795 0.20768 0.89044 -1.2193 0.31031 0 406.91 -34.339 -0.85114 0.014702 45992 5380 7465.7 0 0
3.731e+05 0.66742 0.20884 0.85748 -1.372 0.32379 0 402.08 -31.924 -0.85183 0.014694 45992 5383 7467 0 0
3.732e+05 0.70408 0.23054 0.81226 -0.95164 0.28949 0 420.17 -29.818 -0.85252 0.014699 45992 5381 7468.2 0 0
3.733e+05 0.65805 0.19985 0.83779 -1.5555 0.31948 0 400.56 -34.077 -0.85321 0.014683 45992 5387 7469.6 0 0
3.734e+05 0.61802 0.18484 0.7913 -1.2957 0.33013 0 400 -38.537 -0.8539 0.014675 45992 5390 7470.9 0 0
3.735e+05 0.66575 0.21969 0.88952 -1.3195 0.2967 0 400.95 -29.083 -0.85459 0.014672 45992 5391 7472.2 0 0
3.736e+05 0.66824 0.20024 0.85452 -1.2727 0.31684 0 401.9 -34.377 -0.85528 0.014672 45992 5391 7473.6 0 0
3.737e+05 0.67182 0.17922 0.83343 -1.3699 0.31709 0 414.46 -41.438 -0.85597 0.014678 45993 5389 7475 0 0
3.738e+05 0.63606 0.19185 0.79777 -1.3373 0.32349 0 392.25 -35.493 -0.85666 0.01468 45993 5388 7476.6 0 0
3.739e+05 0.64557 0.19921 0.81239 -0.9049 0.32803 0 410.5 -33.443 -0.85735 0.01468 45993 5388 7478.1 0 0
3.74e+05 0.72892 0.19965 0.84663 -1.3483 0.33137 0 399.63 -40.556 -0.85803 0.014678 45993 5389 7479.6 0 0
3.741e+05 0.71 0.20189 0.81453 -1.2218 0.30861 0 376.34 -37.865 -0.85872 0.01468 45993 5388 7481 0 0
3.742e+05 0.65198 0.20747 0.77413 -1.273 0.31559 0 373.44 -31.346 -0.85941 0.01468 45993 5388 7482.6 0 0
3.743e+05 0.67621 0.17925 0.7911 -1.1935 0.30246 0 399.53 -41.428 -0.8601 0.014678 45993 5389 7484.1 0 0
3.744e+05 0.70355 0.17118 0.83944 -1.3531 0.3229 0 423.83 -47.552 -0.86078 0.014686 45993 5386 7485.8 0 0
3.745e+05 0.6808 0.17935 0.83982 -1.1007 0.3085 0 393.67 -41.943 -0.86147 0.01468 45993 5388 7487.3 0 0
3.746e+05 0.6959 0.17393 0.83449 -1.2594 0.29533 0 400.92 -45.671 -0.86216 0.014678 45993 5389 7488.8 0 0
3.747e+05 0.67678 0.17773 0.907 -1.372 0.32416 0 406.64 -41.837 -0.86284 0.014672 45993 5391 7490.4 0 0
3.748e+05 0.69915 0.19196 0.88063 -1.248 0.31914 0 399.07 -40.146 -0.86353 0.014672 45993 5391 7491.9 0 0
3.749e+05 0.60645 0.16585 0.77602 -1.4726 0.30741 0 366.83 -45.66 -0.86422 0.014672 45993 5391 7493.5 0 0
3.75e+05 0.66712 0.15883 0.84139 -1.2981 0.33572 0 419.21 -47.102 -0.86491 0.014675 45993 5390 7495.1 0 0
