# FIELDS time d_tm36 rmsd_npxxy d_hbond chi_w295 d_salt na_site lig_cont opes.bias opes.rct opes.zed opes.neff opes.nker opes.work uw.bias lw.bias  (every 50th line of /scratch/kuhfeldr-Kuhfeld_temp/oprm1-opes-activation/runs/prod2/active/w3/COLVAR.3)
0 1.1827 0.30872 0.97842 -1.0345 0.33755 0 371.72 -50 -50 1 1 0 0 0 0
100 1.1076 0.33625 0.97017 -0.97485 0.33775 0 393.97 2.2486 0.25133 0.14689 72.41 60 88.541 0 0
200 1.0051 0.34803 0.91189 -1.0355 0.31533 0 390.51 -17.459 -0.14351 0.09397 106.82 103 111.12 0 0
300 1.0321 0.33695 0.95912 -1.1252 0.32069 0 357.55 -7.1291 0.34991 0.086671 147.39 147 128.2 0 0
400 1.0649 0.32662 0.93566 -1.1343 0.3288 0 363.39 -1.2248 -0.036281 0.077186 175.52 188 144.37 0 0
500 1.0835 0.36068 0.97686 -1.2014 0.33232 0 387.11 1.9767 0.14894 0.073149 215.55 192 157.34 0 0
600 1.0523 0.36042 1.0297 -1.0055 0.31016 0 367.44 -3.3155 -0.002266 0.06722 245.94 210 171.16 0 0
700 1.1817 0.41942 1.0864 -1.1442 0.30326 0 376.72 -13.193 -0.049194 0.060305 291.12 245 185.48 0 0
800 1.192 0.40165 0.9371 -1.0603 0.32129 0 359.22 -6.8418 0.026116 0.057989 338.96 272 202.16 0 0
900 1.1871 0.42915 0.92968 -0.9873 0.30773 0 355.79 -14.949 0.047605 0.056255 375.22 284 215.91 0 0
1000 1.1639 0.42734 0.96649 -1.1626 0.33986 0 356.5 -12.151 0.092268 0.053051 414.74 310 227.1 0 0
1100 1.3284 0.41918 0.95192 -0.96158 0.32503 0 359.87 -37.933 -0.006338 0.050498 438.86 331 239.13 0 0
1200 1.3457 0.42988 1.0827 -1.0815 0.32847 0 343.09 -43.127 0.035224 0.046877 464.01 357 257.21 0 0
1300 1.2576 0.41 0.97856 -0.9661 0.35854 0 363.41 -15.764 0.45372 0.047617 475.45 376 271.13 0 0
1400 1.1976 0.43544 0.95354 -0.84596 0.33899 0 371.62 -15.422 0.57966 0.049556 507.37 389 279.85 0 0
1500 1.2354 0.39365 0.94402 -1.1409 0.33113 0 366.6 -9.5864 0.68249 0.048695 547.73 389 287.67 0 0
1600 1.2358 0.42237 0.97811 -0.68537 0.31962 0 380.31 -13.663 0.7978 0.048206 584.14 395 294.32 0 0
1700 1.2142 0.43223 0.94756 -1.0795 0.32127 0 370.36 -13.781 0.95978 0.048188 622.8 405 301.14 0 0
1800 1.2696 0.42016 0.92905 -0.93792 0.31714 0 367.1 -17.502 0.98844 0.048503 659.12 415 307.94 0 0
1900 1.3192 0.40298 0.94093 -1.0108 0.32283 0 369.15 -23.468 1.0241 0.04629 689.34 430 315.86 0 0
2000 1.3104 0.414 0.97695 -1.0977 0.34214 0 368.95 -23.585 1.0784 0.045623 738.02 436 323.4 0 0
2100 1.2929 0.39554 0.976 -0.95737 0.33873 0 378.44 -17.239 1.2156 0.04797 799.58 441 329.1 0 0
2200 1.3218 0.35152 0.98831 -0.98046 0.31456 0 379.95 -14.288 1.291 0.046956 846.59 441 334.77 0 0
2300 1.2374 0.36509 0.94164 -0.97876 0.31947 0 394.68 -3.3042 1.3351 0.04777 885.43 450 339.69 0 0
2400 1.3287 0.327 0.94603 -1.03 0.32878 0 377.56 -14.291 1.3752 0.048644 918.12 462 344.11 0 0
2500 1.2387 0.37787 1.0139 -1.0928 0.32259 0 373.81 -4.876 1.387 0.048704 961.96 464 348.64 0 0
2600 1.2389 0.35539 0.94561 -1.036 0.35997 0 374.41 -1.5259 1.4507 0.049835 1007.8 471 352.07 0 0
2700 1.2841 0.34318 0.91738 -1.1251 0.29824 0 359.68 -6.6884 1.4696 0.049383 1052.2 481 355.37 0 0
2800 1.2534 0.3549 0.90036 -1.0535 0.29537 0 360.19 -2.7971 1.4535 0.050369 1089.9 485 358.84 0 0
2900 1.2421 0.37712 0.94344 -0.77243 0.32767 0 392.71 -4.1503 1.4533 0.052416 1135.3 495 361.94 0 0
3000 1.193 0.38167 0.99086 -0.80793 0.33059 0 394.89 -0.94881 1.4706 0.052558 1188.8 497 365.04 0 0
3100 1.1805 0.35361 0.92521 -1.0393 0.31396 0 384.98 4.8296 1.4261 0.051724 1214.3 516 368.1 0 0
3200 1.1535 0.40903 0.94613 -1.21 0.31992 0 376.24 -8.2359 1.4081 0.04992 1250.1 528 371.26 0 0
3300 1.2909 0.33683 0.94565 -0.9938 0.32614 0 368.84 -7.1167 1.4295 0.048139 1284.7 531 374.26 0 0
3400 1.2846 0.35831 0.9529 -1.0112 0.30953 0 366.5 -7.4309 1.4463 0.046843 1313.5 543 377.59 0 0
3500 1.2205 0.38838 0.93953 -1.1789 0.32715 0 359.82 -3.6207 1.4445 0.047213 1339.9 548 380.97 0 0
3600 1.1546 0.39169 0.90777 -1.2081 0.33319 0 393.71 -2.0265 1.4035 0.046131 1361.2 549 384.16 0 0
3700 1.2505 0.36985 0.96019 -0.99934 0.31971 0 392.88 -2.5763 1.3727 0.045848 1387.9 556 387.31 0 0
3800 1.2391 0.42597 0.94474 -1.2357 0.31725 0 369.63 -14.558 1.3149 0.04486 1398.4 571 390.44 0 0
3900 1.2868 0.33371 1.0186 -0.99633 0.33408 0 390.97 -4.9894 1.2635 0.044084 1411.7 582 393.58 0 0
4000 1.257 0.31274 1.0007 -1.0334 0.31859 0 375.2 -0.55277 1.2095 0.044067 1422 583 396.45 0 0
4100 1.2303 0.3339 0.98915 -1.1081 0.30595 0 367.35 2.9293 1.1837 0.043051 1446.4 595 399.18 0 0
4200 1.2436 0.33819 0.97957 -0.90181 0.32414 0 350.05 1.312 1.1812 0.041982 1474.5 604 401.84 0 0
4300 1.2821 0.35087 1.0208 -1.2156 0.29999 0 375.61 -5.1764 1.1408 0.039771 1491.4 638 404.91 0 0
4400 1.2033 0.35448 1.024 -1.105 0.31485 0 393.35 5.2904 1.1328 0.038652 1513.9 657 407.73 0 0
4500 1.155 0.35715 0.92317 -0.895 0.31731 0 389.3 6.1522 1.1502 0.037653 1543.9 675 410.5 0 0
4600 1.2219 0.40246 0.9438 -0.99261 0.32826 0 375.58 -5.2356 1.1418 0.037376 1566.1 681 413.44 0 0
4700 1.2103 0.37364 0.96697 -1.0138 0.3015 0 385.11 2.7594 1.0951 0.036933 1574.5 689 416.81 0 0
4800 1.226 0.37607 0.96858 -1.0174 0.31837 0 383.1 1.1932 1.0556 0.036402 1586.3 700 419.95 0 0
4900 1.2877 0.36275 0.96754 -0.91955 0.29944 0 385.28 -7.0528 1.0432 0.036702 1603.1 709 422.82 0 0
5000 1.124 0.41502 0.93767 -1.1131 0.32641 0 358.99 -10.642 1.0181 0.036528 1616.3 709 425.88 0 0
5100 1.1297 0.373 0.97133 -1.1504 0.3247 0 370.11 1.4413 0.98403 0.036009 1631 720 428.97 0 0
5200 1.2291 0.34956 1.0269 -1.0308 0.32893 0 403.86 3.7478 0.99503 0.035765 1655.4 723 431.69 0 0
5300 1.3164 0.35888 1.0041 -1.0722 0.33063 0 352.15 -13.171 0.99099 0.035917 1670 722 434.52 0 0
5400 1.2879 0.38897 0.97525 -0.95157 0.30158 0 366.05 -10.627 0.94637 0.035979 1673.9 724 438.04 0 0
5500 1.2711 0.32421 0.9433 -1.2021 0.30249 0 394.66 -1.5954 0.91243 0.035381 1685.4 737 441.2 0 0
5600 1.2749 0.33854 1.0183 -0.95845 0.32329 0 389.28 -1.8797 0.88806 0.034647 1698.9 753 444.4 0 0
5700 1.3026 0.33148 0.95926 -0.92461 0.34876 0 400.96 -6.4956 0.84967 0.034402 1706 758 447.85 0 0
5800 1.3047 0.34646 1.0068 -0.92018 0.32496 0 402.2 -7.8551 0.81912 0.034027 1722 767 451.24 0 0
5900 1.2808 0.35652 1.0098 -1.0205 0.31581 0 389.24 -3.5026 0.79492 0.03374 1742 771 455.1 0 0
6000 1.3441 0.33308 1.0064 -0.9733 0.31932 0 409.49 -14.647 0.79696 0.033668 1771 781 459.23 0 0
6100 1.3941 0.36798 1.0471 -1.0269 0.31307 0 404.81 -32.453 0.83927 0.033695 1809.7 786 463.46 0 0
6200 1.3512 0.31714 1.0094 -1.0008 0.33809 0 368.4 -15.672 0.86336 0.033569 1850 788 468.78 0 0
6300 1.4004 0.31679 1.138 -0.9773 0.32348 0 396.71 -27.706 0.86871 0.03369 1887.4 789 473.58 0 0
6400 1.3406 0.3282 1.0143 -0.99786 0.3249 0 370.8 -13.352 0.88031 0.03355 1924.1 793 478.42 0 0
6500 1.4074 0.26988 1.0246 -1.2874 0.31123 0 367.13 -34.056 0.87818 0.034036 1955.7 802 483.27 0 0
6600 1.3483 0.30228 0.95185 -0.76167 0.30391 0 391.94 -14.913 0.8917 0.034131 1992.7 809 487.5 0 0
6700 1.3631 0.33347 0.97334 -1.1507 0.31505 0 385.96 -18.054 0.89055 0.033796 2021.7 817 491.07 0 0
6800 1.4409 0.34442 1.0955 -1.1729 0.34543 0 402.16 -40.824 0.91205 0.033004 2048.9 822 495.61 0 0
6900 1.3518 0.2918 1.1201 -1.0589 0.29588 0 383.82 -16.582 0.95423 0.033632 2075.6 829 500.56 0 0
7000 1.3596 0.30562 1.0776 -1.2574 0.31784 0 388.4 -16.504 0.97542 0.033403 2103.2 839 505.84 0 0
7100 1.4439 0.25629 1.1257 -0.87229 0.30408 0 406.65 -46.301 1.0093 0.033801 2125 858 511.24 0 0
7200 1.4251 0.25952 1.0904 -0.84198 0.30134 0 406.49 -40.763 1.0064 0.033524 2151.4 859 516.93 0 0
7300 1.3798 0.30188 1.0172 -1.2693 0.32156 0 386.66 -21.386 0.98742 0.03339 2169.1 868 521.6 0 0
7400 1.3703 0.26472 0.9502 -1.0615 0.31629 0 390.34 -24.844 0.97401 0.033486 2185.9 866 526.61 0 0
7500 1.4417 0.25439 1.041 -1.216 0.31806 0 377.1 -44.23 0.97589 0.033998 2210.5 870 530.46 0 0
7600 1.4185 0.25629 1.0432 -1.0936 0.31647 0 371.11 -38.25 0.94976 0.033718 2220.3 876 534.67 0 0
7700 1.426 0.24166 1.0296 -1.0925 0.31828 0 364.93 -45.538 0.9262 0.033629 2230.6 879 539.48 0 0
7800 1.4395 0.31168 1.0702 -1.3482 0.31408 0 370.89 -34.695 0.89481 0.033177 2233.1 891 544.42 0 0
7900 1.4321 0.29379 1.0532 -1.1833 0.32151 0 392.96 -32.829 0.86222 0.032956 2233.5 897 549.29 0 0
8000 1.4214 0.3214 1.0465 -1.1142 0.29954 0 374.42 -29.876 0.83865 0.032802 2241.8 901 554.67 0 0
8100 1.4521 0.31665 1.062 -0.92835 0.30639 0 388.91 -36.672 0.81842 0.03277 2253.7 902 560.35 0 0
8200 1.4324 0.31033 1.0398 -0.92505 0.30788 0 388.83 -31.042 0.78842 0.0326 2256.3 907 565.7 0 0
8300 1.3708 0.33393 1.0579 -1.0764 0.32504 0 364.2 -18.994 0.76485 0.032489 2266 917 569.82 0 0
8400 1.3709 0.31589 1.0347 -1.1492 0.30314 0 419.85 -17.928 0.74563 0.03205 2278.4 920 573.76 0 0
8500 1.3396 0.32492 1.0366 -1.0372 0.32136 0 403.6 -11.393 0.7242 0.032068 2288.4 923 577.14 0 0
8600 1.3668 0.39187 1.0392 -1.1146 0.30547 0 389.17 -31.153 0.70031 0.032486 2297.2 929 580.71 0 0
8700 1.3641 0.36281 1.0394 -1.0733 0.31744 0 392.68 -22.157 0.67815 0.032258 2304 935 584.16 0 0
8800 1.3124 0.30255 0.99002 -1.0236 0.31946 0 385.62 -8.2816 0.65617 0.032339 2313.9 931 588.06 0 0
8900 1.3651 0.30963 0.95805 -0.94293 0.29632 0 378.23 -16.477 0.64405 0.031804 2331.8 930 591.61 0 0
9000 1.2676 0.33264 1.0009 -1.0393 0.32747 0 399.16 0.084595 0.6162 0.031874 2333.5 928 595.28 0 0
9100 1.3016 0.34615 0.99596 -1.0394 0.30859 0 384.57 -5.7581 0.59264 0.031969 2340.9 928 598.07 0 0
9200 1.3364 0.30126 0.92536 -1.0311 0.32632 0 376.46 -11.671 0.5673 0.031867 2344.9 931 601 0 0
9300 1.2897 0.34481 1.0099 -0.98731 0.31598 0 393.02 -3.5926 0.54132 0.031632 2348 938 604.16 0 0
9400 1.4532 0.33147 1.0481 -1.1401 0.33554 0 371.05 -35.068 0.51835 0.031409 2353.4 938 608.43 0 0
9500 1.4798 0.30866 1.1138 -1.0232 0.31038 0 391.15 -39.708 0.4933 0.03135 2357.1 940 614.71 0 0
9600 1.4816 0.30752 1.1548 -0.99363 0.33982 0 386.4 -39.904 0.47295 0.031063 2366.1 948 620.51 0 0
9700 1.3882 0.29654 1.0624 -0.99959 0.31772 0 380.34 -20.709 0.45164 0.031099 2374.2 947 626.2 0 0
9800 1.4768 0.35105 1.1125 -1.3208 0.33514 0 374.36 -41.558 0.43939 0.031035 2381 957 631.25 0 0
9900 1.5072 0.30738 1.1188 -1.0978 0.31629 0 389.38 -45.609 0.41553 0.031087 2384.6 955 637.05 2.5568 0
10000 1.4923 0.28826 1.1346 -1.0721 0.31306 0 381.91 -42.412 0.39044 0.030924 2386 960 643.15 0 0
10100 1.4998 0.31759 1.0802 -1.0255 0.31086 0 392.7 -41.538 0.36763 0.030737 2390.6 967 649.13 0 0
10200 1.453 0.37053 1.1458 -1.1635 0.31601 0 381.92 -39.972 0.34842 0.030771 2400.4 966 655.1 0 0
10300 1.4867 0.33823 1.2001 -0.96401 0.31151 0 399.29 -39.132 0.34085 0.030851 2420.1 963 660.92 0 0
10400 1.4923 0.34663 1.2401 -0.94865 0.30932 0 391.79 -40.644 0.3213 0.03091 2427.6 961 667.03 0 0
10500 1.4725 0.30224 1.2283 -1.0258 0.30318 0 397.82 -35.826 0.29741 0.030722 2429 967 672.82 0 0
10600 1.5099 0.35074 1.1855 -1.094 0.29894 0 370.22 -45.655 0.27445 0.030528 2431.6 973 678.44 4.8748 0
10700 1.5032 0.33552 1.19 -1.0864 0.32547 0 379.02 -39.35 0.25838 0.030531 2442.4 974 684.25 0.52057 0
10800 1.4876 0.30138 1.143 -1.1621 0.33233 0 376.69 -36.213 0.23944 0.030478 2449.8 976 689.87 0 0
10900 1.473 0.36039 1.0599 -1.2618 0.33123 0 350.09 -39.413 0.21943 0.030222 2456.1 985 695.51 0 0
11000 1.4518 0.3549 1.1162 -1.0856 0.33943 0 384.29 -34 0.19771 0.030137 2459.1 988 701.15 0 0
11100 1.4098 0.34266 1.0943 -1.0864 0.33321 0 387.26 -24.121 0.17466 0.029897 2459.6 996 706.47 0 0
11200 1.4536 0.39044 1.1405 -1.0686 0.305 0 391.94 -44.938 0.15256 0.029721 2461.3 1002 712.35 0 0
11300 1.4629 0.37812 1.1626 -1.1625 0.32954 0 377.32 -41.746 0.13215 0.029637 2465.3 1005 718.48 0 0
11400 1.4518 0.34998 1.1399 -1.2459 0.32039 0 379.47 -32.551 0.11212 0.029639 2469.9 1005 724.28 0 0
11500 1.4154 0.3793 1.0829 -1.2055 0.32623 0 397.4 -34.158 0.097698 0.029694 2482.4 1004 730.04 0 0
11600 1.4555 0.34839 1.1002 -1.1196 0.33733 0 392.26 -32.369 0.087532 0.029729 2499.9 1004 735.94 0 0
11700 1.4863 0.3902 1.1083 -1.1991 0.31261 0 386.86 -46.236 0.073724 0.029758 2511 1006 741.79 0 0
11800 1.4685 0.37018 1.0295 -1.2207 0.29893 0 396.12 -37.038 0.05235 0.029846 2512.1 1003 747.42 0 0
11900 1.4949 0.3477 1.1221 -1.2351 0.30385 0 376.56 -36.031 0.037978 0.029569 2523.6 1015 753.1 0 0
12000 1.4616 0.37035 1.1218 -1.1278 0.3164 0 383.77 -35.388 0.018629 0.029336 2526.8 1021 758.43 0 0
12100 1.4817 0.36037 1.2007 -1.107 0.31355 0 376.73 -35.232 -0.002749 0.029165 2526.8 1027 764.26 0 0
12200 1.5068 0.32043 1.1079 -0.8665 0.31084 0 373.42 -35.554 -0.023962 0.02894 2526.8 1035 769.96 2.324 0
12300 1.5029 0.38775 1.152 -0.95467 0.30123 0 375.26 -44.728 -0.045002 0.028856 2526.8 1038 775.3 0.42684 0
12400 1.4586 0.36536 1.1431 -0.94657 0.31208 0 370.11 -32.623 -0.065871 0.028553 2526.8 1049 780.86 0 0
12500 1.4857 0.38938 1.1544 -1.0301 0.32367 0 388.52 -42.165 -0.086573 0.028499 2526.8 1051 786.61 0 0
12600 1.4922 0.31615 1.1654 -1.1518 0.33483 0 410.11 -32.259 -0.10711 0.028098 2526.8 1066 792.25 0 0
12700 1.5074 0.3841 1.2771 -0.97962 0.3325 0 367.98 -42.663 -0.12748 0.028019 2526.8 1069 797.77 2.7573 0
12800 1.4782 0.38534 1.2496 -1.1553 0.3238 0 376.14 -38.398 -0.1477 0.027811 2526.8 1077 803.73 0 0
12900 1.4551 0.36657 1.243 -1.1934 0.32789 0 396.53 -31.318 -0.16776 0.02758 2526.8 1086 809.93 0 0
13000 1.4571 0.3507 1.2614 -0.97003 0.31611 0 383.61 -29.426 -0.18766 0.027205 2526.8 1101 816.07 0 0
13100 1.4739 0.34639 1.1138 -1.1972 0.30715 0 371.4 -29.738 -0.20741 0.027205 2526.8 1101 821.38 0 0
13200 1.4162 0.33701 1.2769 -1.2657 0.32459 0 375.48 -23.468 -0.22701 0.027131 2526.8 1104 826.65 0 0
13300 1.4357 0.34349 1.2682 -0.93544 0.30056 0 378.72 -26.733 -0.24646 0.026984 2526.8 1110 832.05 0 0
13400 1.4741 0.3307 1.117 -1.1546 0.30289 0 375.58 -27.785 -0.26576 0.027008 2526.8 1109 837.5 0 0
13500 1.4702 0.35508 1.0937 -1.078 0.31456 0 393.87 -29.062 -0.28493 0.026984 2526.8 1110 842.61 0 0
13600 1.4317 0.34685 1.1465 -1.1376 0.31105 0 374.59 -26.051 -0.30395 0.027008 2526.8 1109 848.12 0 0
13700 1.4821 0.32615 1.0573 -1.2157 0.30463 0 380.9 -27.349 -0.32283 0.02696 2526.8 1111 853.93 0 0
13800 1.4479 0.38595 1.1049 -1.2591 0.30614 0 365.92 -33.51 -0.34157 0.026767 2526.8 1119 859.53 0 0
13900 1.4734 0.4346 1.0951 -1.0607 0.3061 0 386.72 -49.835 -0.36018 0.026577 2526.8 1127 866.62 0 0
14000 1.4162 0.36516 1.0475 -0.94124 0.31447 0 356.21 -27.275 -0.37866 0.026413 2526.8 1134 873 0 0
14100 1.4241 0.40643 1.0818 -0.95267 0.31477 0 369.9 -40.159 -0.397 0.026274 2526.8 1140 879.5 0 0
14200 1.4176 0.39176 1.0544 -1.2167 0.30928 0 358.59 -34.017 -0.41522 0.026228 2526.8 1142 885.71 0 0
14300 1.4556 0.37095 1.1704 -1.166 0.32143 0 369.59 -28.155 -0.4333 0.026159 2526.8 1145 891.19 0 0
14400 1.398 0.43715 1.1797 -1.2711 0.32635 0 368.39 -49.332 -0.45126 0.026091 2526.8 1148 897.53 0 0
14500 1.3854 0.42557 1.1321 -0.86507 0.31851 0 365.37 -44.275 -0.4691 0.026114 2526.8 1147 903.71 0 0
14600 1.413 0.39532 1.0375 -1.0566 0.3203 0 375.21 -33.041 -0.48681 0.026068 2526.8 1149 909.75 0 0
14700 1.393 0.387 1.0473 -1.1175 0.30168 0 364.37 -30.141 -0.50441 0.026 2526.8 1152 915.53 0 0
14800 1.4648 0.35258 1.1036 -1.2107 0.29187 0 380.83 -26.33 -0.52188 0.025978 2526.8 1153 920.75 0 0
14900 1.4659 0.38719 1.0897 -1.0388 0.32919 0 368.97 -32.083 -0.53923 0.02591 2526.8 1156 926.17 0 0
15000 1.4607 0.38349 1.0725 -1.0767 0.29422 0 385.94 -29.861 -0.55647 0.025978 2526.8 1153 931.6 0 0
15100 1.4519 0.33113 1.1285 -0.89365 0.30494 0 386.97 -23.88 -0.5736 0.025933 2526.8 1155 936.83 0 0
15200 1.4478 0.36942 1.0653 -1.1058 0.31379 0 382.01 -26.2 -0.59061 0.025843 2526.8 1159 942.06 0 0
15300 1.4477 0.36289 1.0798 -1.3276 0.32592 0 384.57 -24.821 -0.60751 0.025799 2526.8 1161 947.6 0 0
15400 1.4292 0.38468 1.0615 -1.21 0.30282 0 378.71 -28.284 -0.6243 0.025622 2526.8 1169 953.4 0 0
15500 1.4046 0.34407 1.0961 -1.0079 0.31295 0 359.17 -21.174 -0.64098 0.02547 2526.8 1176 958.65 0 0
15600 1.465 0.33382 1.0993 -1.0217 0.32172 0 358.32 -22.983 -0.65755 0.025557 2526.8 1172 963.53 0 0
15700 1.4559 0.32924 1.0664 -0.97202 0.29997 0 366.52 -21.9 -0.67402 0.0256 2526.8 1170 968.41 0 0
15800 1.4519 0.35728 1.1202 -1.1362 0.31033 0 364.45 -23.222 -0.69038 0.025448 2526.8 1177 973.65 0 0
15900 1.4024 0.37072 1.0126 -1.1088 0.29426 0 369.26 -24.711 -0.70664 0.025426 2526.8 1178 978.68 0 0
16000 1.3871 0.38795 1.1906 -1.0367 0.32051 0 356.76 -28.402 -0.7228 0.025213 2526.8 1188 983.35 0 0
16100 1.479 0.35167 1.1671 -1.1303 0.31972 0 371.44 -23.545 -0.73885 0.02517 2526.9 1190 988.39 0 0
16200 1.424 0.32785 1.0318 -0.89846 0.32714 0 372.27 -19.941 -0.75481 0.025149 2526.9 1191 993.57 0 0
16300 1.4567 0.33519 1.0712 -1.0494 0.30583 0 356.03 -20.915 -0.77067 0.025002 2526.9 1198 998.55 0 0
16400 1.5063 0.31009 1.079 -1.0662 0.31942 0 363.13 -25.266 -0.78643 0.025065 2526.9 1195 1003.8 1.9753 0
16500 1.4675 0.33434 1.0618 -1.0829 0.31843 0 365.21 -20.042 -0.8021 0.024981 2526.9 1199 1008.8 0 0
16600 1.4136 0.34019 1.0755 -1.208 0.31429 0 375.95 -19.17 -0.81767 0.024857 2526.9 1205 1013.7 0 0
16700 1.5047 0.34487 1.1134 -0.89139 0.30427 0 353.15 -24.807 -0.83314 0.024857 2526.9 1205 1018.6 1.0829 0
16800 1.439 0.33521 1.053 -1.0635 0.33122 0 372.2 -18.749 -0.84853 0.024795 2526.9 1208 1023.4 0 0
16900 1.4742 0.36071 1.1138 -0.99393 0.31089 0 364.65 -22.546 -0.86382 0.024878 2526.9 1204 1028.1 0 0
17000 1.4249 0.31215 1.0217 -0.84833 0.32619 0 382.08 -17.582 -0.87902 0.024878 2526.9 1204 1032.7 0 0
17100 1.43 0.35158 1.0568 -1.019 0.32364 0 376.36 -18.732 -0.89413 0.024981 2526.9 1199 1037.6 0 0
17200 1.4258 0.32161 1.045 -1.0407 0.31395 0 360.03 -17.02 -0.90915 0.025044 2526.9 1196 1042.6 0 0
17300 1.4199 0.35831 1.0983 -1.0418 0.31706 0 384.97 -18.726 -0.92409 0.024981 2527 1199 1047.5 0 0
17400 1.3961 0.37697 1.0688 -1.2879 0.32658 0 371.93 -23.067 -0.93893 0.025002 2527 1198 1052.3 0 0
17500 1.4387 0.39897 1.0437 -0.98894 0.30893 0 358.8 -30.305 -0.9537 0.024795 2527 1208 1058.7 0 0
17600 1.3823 0.39993 1.0879 -0.9417 0.30623 0 371.37 -30.541 -0.96838 0.024795 2527 1208 1065.5 0 0
17700 1.4116 0.30562 1.0664 -1.1613 0.30816 0 364.72 -17.728 -0.98298 0.024632 2527 1216 1071.1 0 0
17800 1.4256 0.43673 1.0625 -1.09 0.30094 0 367.94 -45.723 -0.9975 0.024673 2527 1214 1077.2 0 0
17900 1.4806 0.40138 1.1004 -1.1344 0.32767 0 373.69 -32.05 -1.0119 0.024451 2527 1225 1083.2 0 0
18000 1.3795 0.41204 0.97948 -1.0866 0.29721 0 368.36 -33.576 -1.0263 0.024332 2527 1231 1089 0 0
18100 1.3959 0.37724 1.0487 -0.91583 0.32776 0 390.95 -21.909 -1.0406 0.024411 2527 1227 1095.1 0 0
18200 1.3707 0.41626 0.98933 -1.109 0.30214 0 374.7 -35.04 -1.0548 0.024253 2527 1235 1100.8 0 0
18300 1.3926 0.42604 1.0672 -0.99521 0.31861 0 384.7 -38.623 -1.0689 0.02402 2527 1247 1108.6 0 0
18400 1.4602 0.39135 1.044 -1.2793 0.29724 0 338.56 -25.053 -1.0829 0.023924 2527 1252 1115.2 0 0
18500 1.4135 0.3478 1.1194 -1.0871 0.31843 0 362.96 -16.552 -1.0969 0.023659 2527 1266 1120.6 0 0
18600 1.3888 0.38604 1.0348 -0.9168 0.30422 0 372.24 -22.465 -1.1108 0.023585 2527.1 1270 1125.6 0 0
18700 1.394 0.35573 1.0073 -0.97376 0.32123 0 366.57 -16.635 -1.1246 0.023456 2527.1 1277 1130.7 0 0
18800 1.364 0.35279 1.0412 -1.1735 0.312 0 347.84 -15.669 -1.1383 0.023456 2527.1 1277 1135.5 0 0
18900 1.3621 0.32541 0.95976 -1.0066 0.31674 0 381.1 -12.716 -1.152 0.023382 2527.1 1281 1140.2 0 0
19000 1.4233 0.33278 1.071 -1.0635 0.30562 0 340.61 -14.642 -1.1656 0.023328 2527.2 1284 1145.1 0 0
19100 1.4074 0.30877 1.0239 -0.91365 0.31573 0 369.23 -16.492 -1.1791 0.023255 2527.2 1288 1150.1 0 0
19200 1.4078 0.30939 1.0447 -0.98943 0.31386 0 357.93 -15.828 -1.1925 0.023201 2527.2 1291 1155 0 0
19300 1.4074 0.33844 1.0926 -1.0968 0.30576 0 376.26 -14.172 -1.2059 0.02322 2527.3 1290 1159.7 0 0
19400 1.497 0.2761 1.1256 -1.1502 0.30007 0 365.08 -24.815 -1.2192 0.023148 2527.4 1294 1164.9 0 0
19500 1.4441 0.28838 1.0776 -0.9443 0.33772 0 372.75 -17.607 -1.2324 0.023077 2527.4 1298 1169.9 0 0
19600 1.4699 0.30857 1.1065 -1.0993 0.34617 0 376.6 -15.623 -1.2456 0.023094 2527.4 1297 1174.7 0 0
19700 1.4685 0.29561 1.1092 -1.1836 0.31117 0 375.3 -16.783 -1.2587 0.023112 2527.5 1296 1179.4 0 0
19800 1.5097 0.30071 1.142 -1.0435 0.30049 0 373.83 -21.681 -1.2717 0.023113 2527.6 1296 1184.1 4.746 0
19900 1.3666 0.28168 1.0363 -0.98379 0.30519 0 373.29 -15.635 -1.2846 0.023166 2527.6 1293 1189 0 0
20000 1.4374 0.30251 1.0611 -0.84614 0.33335 0 382.97 -13.679 -1.2975 0.023077 2527.7 1298 1193.7 0 0
20100 1.4174 0.33514 1.0679 -1.1013 0.29831 0 384.15 -12.068 -1.3103 0.023095 2527.8 1297 1198.2 0 0
20200 1.4679 0.29943 1.1247 -1.0359 0.30762 0 367.05 -15.319 -1.323 0.02306 2527.9 1299 1202.7 0 0
20300 1.4572 0.30987 1.0585 -1.0336 0.31499 0 368 -13.212 -1.3357 0.022954 2528 1305 1207.5 0 0
20400 1.477 0.29772 1.0976 -1.1571 0.30071 0 378.05 -14.919 -1.3483 0.023078 2528.1 1298 1212.1 0 0
20500 1.501 0.3409 1.1139 -1.0063 0.29901 0 388.61 -17.857 -1.3609 0.023024 2528.1 1301 1217.1 0.052789 0
20600 1.4381 0.28481 1.1283 -1.191 0.32112 0 393.17 -15.126 -1.3734 0.023024 2528.2 1301 1221.6 0 0
20700 1.3844 0.31424 0.99843 -1.0049 0.32157 0 378.5 -12.238 -1.3859 0.023024 2528.3 1301 1226 0 0
20800 1.3973 0.3052 1.0048 -0.93586 0.31323 0 386.26 -12.353 -1.3982 0.02299 2528.4 1303 1230.4 0 0
20900 1.4676 0.35201 1.0296 -0.94782 0.31373 0 370.43 -14.261 -1.4105 0.023114 2528.5 1296 1234.7 0 0
21000 1.4227 0.34052 1.0531 -0.96557 0.30998 0 348.22 -10.952 -1.4228 0.023043 2528.6 1300 1239.2 0 0
21100 1.4211 0.31247 1.0391 -0.97031 0.33069 0 379.97 -10.399 -1.435 0.022763 2528.7 1316 1243.7 0 0
21200 1.4334 0.27078 1.0084 -1.2682 0.33434 0 351.91 -18.124 -1.4471 0.022798 2528.8 1314 1248.1 0 0
21300 1.3827 0.31333 0.99653 -1.2777 0.33144 0 370.01 -11.491 -1.4592 0.022643 2528.9 1323 1252.7 0 0
21400 1.3841 0.29091 1.024 -1.0211 0.32255 0 388.35 -13.214 -1.4712 0.02266 2529 1322 1257.2 0 0
21500 1.3687 0.2962 1.0071 -1.1139 0.30337 0 381.93 -12.749 -1.4832 0.022643 2529.1 1323 1261.8 0 0
21600 1.4357 0.27288 1.0289 -0.96849 0.31337 0 388.08 -16.349 -1.4951 0.02266 2529.2 1322 1266.7 0 0
21700 1.3782 0.29019 0.9997 -1.1744 0.31475 0 370.46 -12.781 -1.507 0.022575 2529.2 1327 1271.6 0 0
21800 1.4146 0.35775 1.0503 -1.0348 0.32665 0 379.67 -12.969 -1.5188 0.022423 2529.4 1336 1276.1 0 0
21900 1.464 0.29556 1.0198 -1.1917 0.31933 0 364.25 -12.856 -1.5305 0.02244 2529.5 1335 1280.4 0 0
22000 1.4959 0.2727 1.1083 -0.90932 0.32442 0 375.48 -21.73 -1.5422 0.022257 2529.6 1346 1285.1 0 0
22100 1.5087 0.28951 1.1826 -1.0701 0.3481 0 367.59 -20.993 -1.5538 0.022175 2529.8 1351 1289.7 3.7712 0
22200 1.4417 0.30695 1.0238 -1.0206 0.2963 0 383.03 -9.3271 -1.5654 0.022208 2529.9 1349 1294.2 0 0
22300 1.506 0.30311 1.1208 -1.0874 0.31723 0 375.37 -16.688 -1.5769 0.022208 2530 1349 1298.9 1.8276 0
22400 1.4947 0.30932 1.0587 -1.0614 0.31901 0 391.51 -13.264 -1.5884 0.022241 2530.1 1347 1303.5 0 0
22500 1.391 0.31855 0.98046 -0.90821 0.3392 0 379.95 -9.3708 -1.5997 0.022159 2530.3 1352 1307.9 0 0
22600 1.4909 0.36955 1.1073 -0.75667 0.3247 0 375.6 -19.78 -1.6111 0.022159 2530.4 1352 1312.5 0 0
22700 1.3517 0.38104 1.0376 -0.98245 0.30403 0 359.48 -19.807 -1.6224 0.022045 2530.5 1359 1317.5 0 0
22800 1.4069 0.39664 1.0671 -0.98589 0.33187 0 379.56 -22.438 -1.6337 0.022013 2530.6 1361 1322.7 0 0
22900 1.4778 0.38672 1.059 -1.0327 0.30461 0 382.09 -21.845 -1.645 0.022013 2530.7 1361 1327.8 0 0
23000 1.4226 0.35817 1.0286 -1.0658 0.3128 0 379.71 -11.755 -1.6562 0.021917 2530.8 1367 1332.7 0 0
23100 1.4562 0.33776 1.0691 -1.1123 0.30655 0 370.97 -9.3284 -1.6673 0.021789 2530.8 1375 1337.5 0 0
23200 1.4926 0.32776 1.054 -1.1307 0.31574 0 361.73 -12.083 -1.6784 0.021774 2530.9 1376 1342.2 0 0
23300 1.4665 0.31187 1.0271 -0.90136 0.31798 0 386.76 -10.011 -1.6894 0.021663 2531 1383 1347 0 0
23400 1.3476 0.36209 0.98584 -0.92072 0.32987 0 355.42 -14.703 -1.7004 0.02157 2531.2 1389 1351.6 0 0
23500 1.4505 0.35102 1.0634 -1.0875 0.29698 0 389.84 -9.8569 -1.7113 0.021524 2531.4 1392 1356.3 0 0
23600 1.498 0.36201 1.1372 -1.1053 0.31114 0 381.26 -15.547 -1.7222 0.021462 2531.5 1396 1361 0 0
23700 1.5081 0.32577 1.0734 -1.1652 0.31703 0 366.97 -13.796 -1.733 0.021602 2531.7 1387 1365.6 3.2462 0
23800 1.4278 0.32558 1.091 -1.3463 0.32145 0 366.87 -7.8966 -1.7437 0.021556 2531.9 1390 1370.2 0 0
23900 1.5111 0.26965 1.1802 -1.2427 0.30648 0 379.37 -24.033 -1.7545 0.021464 2532 1396 1375.2 6.1966 0
24000 1.4806 0.29542 1.1001 -1.1245 0.30417 0 370.61 -11.093 -1.7651 0.021387 2532.2 1401 1379.9 0 0
24100 1.5011 0.25244 1.0544 -0.96772 0.30314 0 393.71 -26.171 -1.7758 0.021326 2532.2 1405 1385 0.061011 0
24200 1.386 0.28757 1.0203 -1.0037 0.32308 0 383.05 -10.98 -1.7865 0.021116 2532.3 1419 1390.1 0 0
24300 1.4697 0.25607 1.0855 -1.1363 0.30267 0 390.45 -19.253 -1.7971 0.020998 2532.3 1427 1395.5 0 0
24400 1.4115 0.24524 1.0458 -0.98164 0.31482 0 369.28 -18.485 -1.8076 0.020983 2532.4 1428 1401.2 0 0
24500 1.4323 0.2744 1.0157 -1.0597 0.32368 0 372.23 -12.372 -1.8181 0.020998 2532.5 1427 1406.3 0 0
24600 1.4938 0.29718 1.1154 -1.1282 0.32914 0 384.93 -11.043 -1.8285 0.021057 2532.6 1423 1411.2 0 0
24700 1.4964 0.33401 1.1861 -0.97341 0.31608 0 404.84 -11.018 -1.8389 0.020969 2532.8 1429 1415.9 0 0
24800 1.5023 0.29005 1.1175 -1.2493 0.307 0 373.58 -12.618 -1.8493 0.020896 2532.9 1434 1420.7 0.2624 0
24900 1.4661 0.29629 1.0707 -1.2407 0.32241 0 374.14 -8.9436 -1.8595 0.020838 2533.2 1438 1425.3 0 0
25000 1.4215 0.35636 1.0846 -1.278 0.31516 0 355.82 -10.541 -1.8697 0.020781 2533.5 1442 1429.8 0 0
25100 1.403 0.34213 1.025 -1.025 0.32828 0 357.47 -9.5877 -1.8797 0.020695 2533.9 1448 1434.3 0 0
25200 1.45 0.30632 1.0797 -0.92355 0.32079 0 387.81 -6.7485 -1.8898 0.020582 2534.3 1456 1438.8 0 0
25300 1.3907 0.31391 0.99906 -1.0096 0.30535 0 354.26 -8.5555 -1.8998 0.020625 2534.6 1453 1443.3 0 0
25400 1.4242 0.29997 1.0822 -0.9442 0.31561 0 359.57 -8.2376 -1.9099 0.020486 2534.9 1463 1448 0 0
25500 1.4251 0.26408 1.262 -0.99921 0.32636 0 373.53 -13.955 -1.9199 0.020514 2535.2 1461 1453 0 0
25600 1.3995 0.3741 1.1384 -1.198 0.30648 0 350.28 -14.504 -1.9298 0.020417 2535.4 1468 1457.9 0 0
25700 1.4017 0.38674 1.3052 -1.0085 0.30528 0 372.57 -17.63 -1.9398 0.020238 2535.5 1481 1463.1 0 0
25800 1.4688 0.34128 1.1592 -1.0204 0.30783 0 375.6 -7.426 -1.9497 0.02017 2535.7 1486 1468.5 0 0
25900 1.3505 0.34843 1.1351 -1.0522 0.30355 0 359.08 -11.792 -1.9596 0.020225 2536 1482 1473.6 0 0
26000 1.3832 0.32417 1.2421 -1.1073 0.31149 0 366.59 -9.0071 -1.9694 0.02013 2536.1 1489 1478.6 0 0
26100 1.3953 0.33499 1.3716 -1.1026 0.31905 0 382.65 -8.1408 -1.9791 0.02013 2536.5 1489 1483.3 0 0
26200 1.436 0.35757 1.3182 -1.2314 0.30949 0 363.42 -8.7824 -1.9887 0.020049 2537.1 1495 1487.9 0 0
26300 1.3418 0.28714 1.3347 -1.1047 0.31811 0 382.84 -10.926 -1.9982 0.02005 2537.7 1495 1492.6 0 0
26400 1.3658 0.32436 1.2945 -1.0198 0.31461 0 347.62 -8.9603 -2.0077 0.019984 2538.2 1500 1497.2 0 0
26500 1.3667 0.34314 1.3969 -1.0881 0.31416 0 374.24 -10.204 -2.0172 0.019826 2538.7 1512 1501.8 0 0
26600 1.3621 0.36324 1.4728 -1.0712 0.31681 0 400.47 -13.652 -2.0266 0.019709 2539.2 1521 1506.6 0 0
26700 1.335 0.28583 1.4867 -1.0679 0.30024 0 381.95 -10.252 -2.0361 0.019568 2539.7 1532 1511.5 0 0
26800 1.3617 0.31466 1.4672 -1.123 0.30999 0 398.25 -7.5806 -2.0454 0.019494 2540.3 1538 1516.2 0 0
26900 1.3906 0.36783 1.5125 -1.1202 0.31489 0 384.18 -12.251 -2.0548 0.019431 2540.7 1543 1521.2 0 0
27000 1.3789 0.33263 1.4208 -1.2628 0.30147 0 377.33 -6.7143 -2.064 0.01933 2541.3 1551 1526 0 0
27100 1.3285 0.36981 1.4526 -1.2743 0.33183 0 401.63 -13.045 -2.0732 0.019307 2542 1553 1530.9 0 0
27200 1.3505 0.36051 1.472 -0.93593 0.32732 0 381.81 -9.8498 -2.0823 0.019295 2542.8 1554 1535.9 0 0
27300 1.3836 0.32003 1.4598 -1.0299 0.31486 0 384.78 -6.1631 -2.0913 0.019248 2543.7 1558 1540.5 0 0
27400 1.389 0.39396 1.4814 -1.1717 0.32471 0 387.12 -19.306 -2.1005 0.019247 2544.1 1558 1545.5 0 0
27500 1.3747 0.34568 1.4261 -1.0981 0.31371 0 365.74 -6.4538 -2.1095 0.019186 2544.9 1563 1550.2 0 0
27600 1.416 0.30478 1.528 -1.2008 0.30775 0 367.83 -6.3177 -2.1184 0.019152 2545.8 1566 1554.8 0 0
27700 1.4609 0.30519 1.4353 -1.1439 0.30904 0 377.92 -6.5635 -2.1272 0.019141 2546.8 1567 1559.4 0 0
27800 1.3804 0.30076 1.4136 -0.91588 0.31158 0 354.03 -7.0379 -2.136 0.019094 2547.8 1571 1564.1 0 0
27900 1.4336 0.30231 1.4689 -1.0908 0.33344 0 363.92 -5.4371 -2.1443 0.018986 2549.7 1580 1568.7 0 0
28000 1.4131 0.39432 1.4549 -1.1505 0.33369 0 363.23 -18.126 -2.1527 0.019035 2551.3 1576 1573.5 0 0
28100 1.3721 0.40575 1.4974 -1.127 0.31109 0 363.42 -23.602 -2.1612 0.019015 2552.7 1578 1580 0 0
28200 1.3594 0.40453 1.5024 -1.192 0.30745 0 378.97 -24.198 -2.1698 0.019016 2553.7 1578 1585.3 0 0
28300 1.3967 0.43709 1.4472 -0.98375 0.32585 0 373.12 -39.323 -2.1781 0.01889 2555.3 1589 1590.8 0 0
28400 1.4156 0.43428 1.5638 -1.1566 0.33152 0 390.44 -37.764 -2.1869 0.018795 2555.9 1597 1597.1 0 0
28500 1.4335 0.37031 1.5844 -1.2888 0.31671 0 376.49 -10.058 -2.195 0.018834 2557.7 1594 1602.6 0 0
28600 1.3891 0.37748 1.5104 -1.1411 0.30155 0 381.51 -10.384 -2.2035 0.018846 2558.8 1593 1608.4 0 0
28700 1.3729 0.37951 1.4786 -1.009 0.31678 0 359.53 -12.007 -2.212 0.018954 2559.8 1584 1614.1 0 0
28800 1.3866 0.35276 1.4776 -0.89986 0.31 0 379.04 -5.2982 -2.2195 0.018906 2562.7 1589 1618.8 0 0
28900 1.4835 0.35581 1.5113 -1.179 0.33253 0 380.36 -10.034 -2.2268 0.018942 2565.9 1586 1623.5 0 0
29000 1.4616 0.38176 1.5615 -1.2008 0.3044 0 377.34 -14.547 -2.2345 0.01892 2568.3 1588 1628.2 0 0
29100 1.4598 0.3715 1.509 -1.0461 0.30803 0 397.76 -11.092 -2.2422 0.018912 2570.5 1589 1632.8 0 0
29200 1.4716 0.3374 1.5304 -0.9361 0.31465 0 395.04 -5.6494 -2.2497 0.018939 2573.3 1587 1637.4 0 0
29300 1.413 0.33464 1.4667 -1.0579 0.31061 0 374.65 -2.8142 -2.2566 0.018767 2576.9 1602 1642.1 0 0
29400 1.4794 0.30778 1.5471 -1.2441 0.29962 0 372.07 -6.8771 -2.2635 0.018736 2580.6 1605 1646.9 0 0
29500 1.36 0.32553 1.4667 -1.1209 0.31003 0 380.32 -3.4234 -2.2699 0.01866 2585.5 1612 1651.4 0 0
29600 1.3997 0.36154 1.5073 -1.0244 0.30161 0 363.17 -5.0971 -2.2763 0.018611 2589.9 1617 1655.9 0 0
29700 1.3996 0.36629 1.495 -1.2362 0.3113 0 373.31 -5.9364 -2.2815 0.018557 2596.8 1623 1660.3 0 0
29800 1.3635 0.31179 1.4666 -1.3301 0.30451 0 388.5 -2.7622 -2.2874 0.018589 2602.4 1621 1664.7 0 0
29900 1.4414 0.32738 1.5434 -1.0454 0.30698 0 372.19 -2.1648 -2.2934 0.018575 2607.6 1623 1669.2 0 0
30000 1.4742 0.31603 1.5311 -1.136 0.3123 0 346.37 -5.5207 -2.2995 0.018543 2612.4 1626 1673.8 0 0
30100 1.4689 0.29041 1.5307 -1.1998 0.29932 0 391.85 -7.414 -2.3061 0.018525 2616.5 1628 1678.5 0 0
30200 1.4049 0.28309 1.506 -0.94996 0.30568 0 373.86 -7.0238 -2.3101 0.01855 2625.1 1627 1682.9 0 0
30300 1.4804 0.3516 1.4974 -1.0417 0.3204 0 386.26 -7.6797 -2.3126 0.018527 2636.6 1631 1687.3 0 0
30400 1.5048 0.35448 1.5392 -0.87282 0.32456 0 390.02 -12.144 -2.3151 0.018524 2648.1 1634 1691.8 1.1443 0
30500 1.4887 0.35936 1.5259 -1.0003 0.30393 0 361.27 -9.4932 -2.3181 0.018465 2658.2 1640 1696.7 0 0
30600 1.479 0.37113 1.5493 -1.111 0.30595 0 346.26 -10.889 -2.3184 0.018492 2672.1 1636 1701.5 0 0
30700 1.4196 0.35085 1.5427 -1.1867 0.32175 0 366.18 -2.7904 -2.3215 0.018478 2682.4 1638 1706.1 0 0
30800 1.4963 0.31018 1.5083 -1.0508 0.31092 0 384.61 -7.42 -2.3159 0.018465 2701.8 1637 1711.1 0 0
30900 1.4097 0.31313 1.4828 -1.3664 0.32279 0 379.96 -1.2654 -2.3089 0.018393 2722.6 1647 1715.5 0 0
31000 1.4432 0.30563 1.4689 -1.0033 0.30751 0 393.4 -2.9701 -2.301 0.018436 2746.3 1649 1719.8 0 0
31100 1.3765 0.33191 1.5265 -1.1802 0.29482 0 383.16 -0.88969 -2.272 0.018594 2770.7 1650 1724 0 0
31200 1.4994 0.36808 1.5659 -1.2792 0.33241 0 376.36 -12.563 -2.2409 0.018554 2793.6 1650 1728.3 0 0
31300 1.4537 0.3563 1.52 -1.0041 0.33383 0 384.83 -4.2702 -2.2212 0.018536 2816.1 1652 1732.6 0 0
31400 1.3769 0.37239 1.5403 -1.4024 0.30546 0 383.98 -8.1763 -2.209 0.018581 2836.2 1650 1736.8 0 0
31500 1.4854 0.32044 1.5506 -1.058 0.31878 0 377.43 -4.6926 -2.1916 0.018167 2842.7 1651 1741 0 0
31600 1.3462 0.36129 1.4844 -1.1071 0.30431 0 390.42 -7.524 -2.1869 0.018128 2863.2 1654 1745.3 0 0
31700 1.3784 0.38146 1.5222 -1.2075 0.33354 0 370.54 -10.717 -2.1929 0.018093 2867.7 1655 1749.8 0 0
31800 1.4532 0.38052 1.5801 -1.206 0.33674 0 381.12 -10.694 -2.1997 0.018088 2870.5 1656 1754.3 0 0
31900 1.3338 0.34973 1.5027 -1.026 0.30322 0 374.95 -5.9054 -2.2036 0.018089 2879.4 1657 1758.8 0 0
32000 1.4199 0.34505 1.5023 -1.1411 0.31912 0 378.08 0.38565 -2.1974 0.018161 2902.2 1655 1762.9 0 0
32100 1.4094 0.33003 1.5218 -0.88437 0.29915 0 405.05 0.85289 -2.1917 0.018181 2924.3 1650 1767.2 0 0
32200 1.411 0.36321 1.5407 -1.1598 0.31708 0 380.23 -2.235 -2.193 0.018125 2938.1 1658 1771.4 0 0
32300 1.4425 0.3301 1.5433 -0.97821 0.33675 0 389.02 0.5663 -2.1983 0.018109 2944 1660 1776.1 0 0
32400 1.4265 0.37943 1.576 -1.0693 0.32525 0 381.91 -7.5675 -2.1965 0.018057 2959.5 1667 1780.7 0 0
32500 1.3708 0.36608 1.4831 -1.0201 0.33168 0 395.49 -4.4087 -2.1975 0.018084 2973.9 1667 1784.9 0 0
32600 1.4349 0.3902 1.5427 -1.0035 0.35321 0 403.55 -12.49 -2.1987 0.018062 2987.5 1676 1789.6 0 0
32700 1.3241 0.36643 1.4195 -1.0405 0.35402 0 384.5 -8.8562 -2.1994 0.018043 3000.1 1679 1794.5 0 0
32800 1.3778 0.35174 1.4844 -1.2131 0.33565 0 393.08 -0.36462 -2.2023 0.017975 3010.4 1685 1798.9 0 0
32900 1.3956 0.31817 1.4972 -1.1346 0.33319 0 400.56 0.29115 -2.204 0.017961 3019.5 1688 1803.2 0 0
33000 1.4261 0.33282 1.5143 -1.1125 0.34897 0 392.15 1.6574 -2.2069 0.01793 3030.2 1692 1807.5 0 0
33100 1.3706 0.34017 1.478 -1.153 0.33411 0 391.29 0.30985 -2.2103 0.017976 3040 1688 1811.6 0 0
33200 1.3363 0.33144 1.3712 -1.0586 0.35183 0 404.55 -2.5801 -2.2141 0.017981 3048.9 1689 1815.6 0 0
33300 1.4537 0.3414 1.5208 -1.0809 0.30403 0 387.41 0.16122 -2.2155 0.017984 3061.6 1690 1819.8 0 0
33400 1.5039 0.3114 1.5883 -1.1825 0.29586 0 366.82 -7.3469 -2.219 0.018022 3070.7 1689 1824 0.771 0
33500 1.4634 0.36606 1.4618 -1.237 0.30365 0 382.66 -4.391 -2.2251 0.017995 3074.4 1692 1828.5 0 0
33600 1.4586 0.36351 1.5283 -0.88517 0.31613 0 362.8 -3.1381 -2.2299 0.017973 3080.9 1694 1832.8 0 0
33700 1.3351 0.34437 1.4708 -1.1118 0.32719 0 366.54 -3.2011 -2.235 0.017981 3086.6 1694 1837.2 0 0
33800 1.3714 0.33198 1.5011 -0.91502 0.30616 0 379.48 0.85709 -2.2403 0.018053 3092.1 1688 1841.6 0 0
33900 1.3128 0.33492 1.4556 -0.98067 0.32381 0 375.39 -1.8769 -2.2456 0.01804 3097.3 1690 1845.9 0 0
34000 1.3393 0.35421 1.4628 -0.90816 0.29816 0 394.33 -2.9915 -2.2518 0.018024 3100.6 1692 1850.4 0 0
34100 1.3678 0.41581 1.5505 -1.1906 0.35558 0 402.8 -25.406 -2.256 0.017976 3108.2 1697 1855.3 0 0
34200 1.3475 0.39581 1.4962 -1.3644 0.31675 0 386.2 -14.471 -2.2626 0.018052 3110.5 1690 1861 0 0
34300 1.4104 0.40199 1.5676 -1.2594 0.31049 0 400.07 -16.173 -2.2691 0.017897 3112.9 1705 1865.9 0 0
34400 1.3662 0.35793 1.5628 -1.132 0.32248 0 381.17 -1.0171 -2.2757 0.017764 3115 1718 1870.5 0 0
34500 1.3349 0.33109 1.4487 -0.95867 0.31401 0 383.87 -1.267 -2.2819 0.017725 3118 1722 1875 0 0
34600 1.4348 0.37122 1.4535 -1.1909 0.32958 0 374.68 -3.8981 -2.2881 0.017791 3120.9 1716 1879.8 0 0
34700 1.3238 0.3983 1.418 -1.2649 0.31172 0 370.37 -14.578 -2.2943 0.017692 3123.8 1726 1884.2 0 0
34800 1.3372 0.41462 1.5294 -0.94043 0.31618 0 391.66 -21.861 -2.3002 0.017681 3127.2 1728 1888.8 0 0
34900 1.3567 0.34454 1.456 -1.0666 0.32251 0 394.39 0.37603 -2.3062 0.017554 3130.4 1740 1894.5 0 0
35000 1.3133 0.36529 1.4332 -1.1506 0.31407 0 391.64 -3.4451 -2.3107 0.01752 3136.9 1744 1898.8 0 0
35100 1.3022 0.35902 1.4658 -1.0628 0.31552 0 370.71 -2.2856 -2.3167 0.017531 3139.9 1743 1903.3 0 0
35200 1.3543 0.36625 1.4622 -1.0341 0.30802 0 375.36 -2.0461 -2.3205 0.017473 3148.1 1750 1907.6 0 0
35300 1.3182 0.4091 1.5031 -0.95115 0.32892 0 387.02 -18.111 -2.3253 0.01745 3153.9 1754 1911.9 0 0
35400 1.3926 0.36149 1.5573 -1.178 0.31076 0 385.28 -0.54621 -2.3298 0.017454 3160.6 1754 1916.5 0 0
35500 1.3628 0.38651 1.4737 -1.1283 0.34598 0 414.87 -7.3398 -2.3341 0.017465 3167.4 1753 1920.9 0 0
35600 1.3686 0.33254 1.544 -1.075 0.32172 0 368.01 1.3416 -2.3383 0.017423 3174.4 1759 1925.2 0 0
35700 1.3649 0.43441 1.5838 -1.1838 0.32983 0 379 -31.201 -2.3422 0.017422 3182 1760 1929.8 0 0
35800 1.3793 0.41691 1.5169 -1.0791 0.33818 0 398.96 -20.779 -2.3492 0.017442 3182.3 1758 1936.6 0 0
35900 1.3416 0.38055 1.4891 -0.71555 0.32247 0 388.22 -3.2983 -2.3561 0.017266 3183.1 1776 1942.7 0 0
36000 1.3062 0.39022 1.479 -1.1459 0.30765 0 391.65 -8.576 -2.3582 0.017256 3194.5 1779 1946.8 0 0
36100 1.3921 0.36598 1.512 -1.1031 0.35686 0 391.57 -0.96346 -2.363 0.017203 3199.9 1786 1951.5 0 0
36200 1.3841 0.35164 1.4635 -1.2396 0.32151 0 380.6 1.7187 -2.3648 0.017152 3211.8 1794 1955.7 0 0
36300 1.3821 0.38644 1.579 -1.0993 0.35255 0 376.32 -6.3249 -2.3696 0.017075 3217.2 1803 1960.4 0 0
36400 1.3676 0.40787 1.564 -1.0591 0.3238 0 387.51 -14.426 -2.375 0.017031 3221.1 1808 1965.6 0 0
36500 1.3762 0.44482 1.5317 -1.1932 0.34991 0 393.74 -34.629 -2.382 0.016993 3221.3 1812 1972.3 0 0
36600 1.4205 0.40615 1.5518 -1.0592 0.34687 0 386.53 -16.6 -2.3887 0.01705 3222.1 1806 1978.9 0 0
36700 1.4117 0.41146 1.558 -1.0358 0.36964 0 384.85 -17.192 -2.3956 0.016958 3222.5 1816 1985.3 0 0
36800 1.4469 0.43304 1.6093 -1.0089 0.32875 0 375.84 -30.716 -2.4026 0.016893 3222.6 1823 1991.8 0 0
36900 1.473 0.46254 1.6191 -1.2076 0.32434 0 390.17 -49.317 -2.4095 0.016737 3222.7 1840 2000.1 0 0
37000 1.3807 0.43866 1.6003 -1.2591 0.34712 0 375.15 -29.372 -2.4164 0.016692 3222.8 1845 2006.9 0 0
37100 1.3148 0.38263 1.4578 -1.1331 0.3435 0 399.53 -5.0317 -2.423 0.016657 3223.8 1849 2012.7 0 0
37200 1.3847 0.44004 1.4933 -0.82601 0.34408 0 372.33 -28.288 -2.4293 0.016657 3225.3 1849 2018.5 0 0
37300 1.4825 0.40674 1.5969 -1.2004 0.34223 0 379.82 -23.33 -2.4361 0.016639 3225.6 1851 2025.3 0 0
37400 1.4657 0.39159 1.6035 -1.0112 0.37143 0 389.54 -13.129 -2.4419 0.016626 3228.1 1853 2031 0 0
37500 1.4744 0.38475 1.5593 -1.1139 0.34023 0 384.62 -10.857 -2.4469 0.016667 3232.5 1849 2035.9 0 0
37600 1.4828 0.40681 1.5179 -0.98677 0.30324 0 388.12 -21.296 -2.4529 0.016663 3234.4 1850 2041.6 0 0
37700 1.4797 0.37778 1.6111 -1.1214 0.33211 0 408.38 -9.0583 -2.4592 0.016691 3235.8 1847 2047.4 0 0
37800 1.5042 0.42767 1.6426 -1.2122 0.3438 0 380.67 -33.815 -2.4656 0.016629 3236.8 1854 2053.4 0.87131 0
37900 1.3858 0.46394 1.5721 -1.1176 0.33285 0 376.22 -42.301 -2.4724 0.016584 3236.9 1859 2060.7 0 0
38000 1.4126 0.41345 1.5986 -1.0252 0.35713 0 385.33 -13.416 -2.4791 0.016522 3237 1866 2068.7 0 0
38100 1.4788 0.39725 1.6114 -1.3503 0.35198 0 386.62 -15.124 -2.4859 0.016461 3237.1 1873 2075.3 0 0
38200 1.4001 0.38774 1.4939 -0.88818 0.30713 0 374.02 -5.2707 -2.4922 0.016452 3238 1874 2081.1 0 0
38300 1.3827 0.42648 1.5011 -0.96994 0.35242 0 375.29 -18.592 -2.4989 0.016453 3238.3 1874 2087 0 0
38400 1.349 0.43666 1.5398 -1.1594 0.33117 0 375.06 -24.842 -2.5056 0.016331 3238.3 1888 2094.8 0 0
38500 1.4348 0.4214 1.6063 -0.96195 0.34978 0 357.32 -17.487 -2.5122 0.016253 3238.4 1897 2101.5 0 0
38600 1.4682 0.41328 1.6842 -1.2653 0.29755 0 395.77 -17.402 -2.5188 0.016228 3238.6 1900 2107.7 0 0
38700 1.4769 0.42201 1.6483 -1.1183 0.31989 0 373.62 -21.725 -2.5255 0.016228 3238.6 1900 2114.5 0 0
38800 1.5036 0.38859 1.5978 -1.2227 0.3574 0 367.28 -15.954 -2.5321 0.016126 3238.8 1912 2121.5 0.63791 0
38900 1.4794 0.41259 1.608 -0.94668 0.34851 0 383.33 -18.325 -2.5384 0.01611 3239.5 1914 2127 0 0
39000 1.4808 0.3738 1.5118 -1.0592 0.32895 0 398.8 -7.5797 -2.5448 0.016094 3240.2 1916 2132.9 0 0
39100 1.4791 0.37534 1.5386 -1.0127 0.31272 0 398.12 -7.3325 -2.551 0.016078 3241 1918 2138.7 0 0
39200 1.3996 0.33799 1.4836 -1.1463 0.31354 0 388.93 2.7635 -2.5554 0.016109 3246.3 1915 2143.6 0 0
39300 1.37 0.32673 1.5338 -1.0785 0.32779 0 369.45 1.6787 -2.5543 0.016116 3263.4 1917 2147.8 0 0
39400 1.4199 0.32553 1.4349 -1.1232 0.30459 0 391.19 2.3921 -2.5551 0.016069 3276.6 1924 2152.3 0 0
39500 1.4098 0.38487 1.5653 -0.82807 0.32481 0 378.19 -3.3394 -2.559 0.01607 3282.7 1924 2157.4 0 0
39600 1.4341 0.35388 1.5154 -0.98447 0.32248 0 382.54 1.6926 -2.5609 0.016085 3293.2 1924 2161.9 0 0
39700 1.4033 0.35308 1.5661 -1.2613 0.29861 0 362.02 2.659 -2.5621 0.01607 3305.4 1927 2166.5 0 0
39800 1.3845 0.33548 1.4998 -1.3001 0.32561 0 387.84 3.2085 -2.56 0.016108 3325 1924 2170.7 0 0
39900 1.3666 0.35387 1.5112 -0.96062 0.33899 0 377.34 2.8376 -2.5583 0.016123 3343.4 1925 2174.9 0 0
40000 1.4559 0.35059 1.5476 -1.125 0.32482 0 374.31 0.58353 -2.5573 0.016129 3360.4 1926 2179.3 0 0
40100 1.3845 0.35918 1.4819 -1.1493 0.3136 0 389.29 2.6796 -2.5526 0.016142 3385.5 1928 2183.5 0 0
40200 1.3998 0.39988 1.5138 -1.2165 0.31058 0 392.62 -6.4502 -2.5493 0.016184 3406.8 1925 2187.7 0 0
40300 1.3044 0.38023 1.4876 -1.1233 0.29553 0 379.6 -4.7594 -2.5531 0.016199 3412.8 1924 2192.7 0 0
40400 1.3427 0.38484 1.4887 -0.96186 0.32061 0 388.66 -2.4135 -2.559 0.016113 3414 1935 2198.4 0 0
40500 1.4254 0.37298 1.4543 -1.1621 0.31463 0 386.92 -0.26988 -2.5589 0.016123 3428.4 1937 2202.7 0 0
40600 1.4642 0.35877 1.5108 -1.2 0.32391 0 402.44 -0.81779 -2.5565 0.016138 3448.2 1938 2206.9 0 0
40700 1.3867 0.35976 1.4388 -1.0687 0.31711 0 393.28 3.644 -2.5556 0.01613 3464.2 1942 2211.2 0 0
40800 1.3087 0.37499 1.4304 -1.1434 0.31845 0 392.49 -2.806 -2.5571 0.016124 3475 1944 2215.7 0 0
40900 1.342 0.37503 1.513 -1.2085 0.34842 0 397.1 0.33554 -2.5609 0.016157 3481 1941 2220.8 0 0
41000 1.3834 0.41962 1.4953 -1.1671 0.32242 0 384.45 -12.611 -2.5664 0.016151 3483.1 1942 2226.3 0 0
41100 1.3296 0.44523 1.4984 -1.2582 0.3419 0 369.58 -28.902 -2.5722 0.016118 3484.2 1946 2232.7 0 0
41200 1.2947 0.45358 1.4465 -1.2124 0.33155 0 385.53 -32.654 -2.5784 0.016061 3484.5 1953 2239.4 0 0
41300 1.3019 0.42901 1.4506 -1.247 0.30015 0 366.55 -19.395 -2.5846 0.015995 3484.7 1961 2245.6 0 0
41400 1.2944 0.42326 1.4666 -1.0947 0.31214 0 396.61 -16.95 -2.5904 0.015963 3485.8 1965 2250.9 0 0
41500 1.2934 0.43208 1.4065 -1.0584 0.32164 0 392.88 -19.806 -2.5961 0.015915 3487.2 1971 2256.3 0 0
41600 1.3226 0.39944 1.4166 -1.0467 0.34419 0 389.13 -7.1188 -2.6017 0.015957 3488.6 1966 2261.9 0 0
41700 1.3359 0.39422 1.4119 -1.2314 0.31394 0 386.41 -4.0786 -2.6072 0.015958 3490.4 1966 2267.3 0 0
41800 1.2828 0.37106 1.4663 -1.0813 0.32286 0 376.53 -1.7751 -2.6105 0.015928 3497.6 1972 2271.9 0 0
41900 1.2981 0.37784 1.4165 -1.0205 0.33219 0 378.75 -2.1345 -2.6139 0.015958 3504.8 1968 2276.5 0 0
42000 1.2948 0.36843 1.3984 -1.0752 0.32655 0 371.28 -0.76463 -2.6153 0.015917 3514.5 1973 2281.3 0 0
42100 1.308 0.38707 1.4255 -1.0193 0.30937 0 382.51 -3.0687 -2.6195 0.015947 3519.4 1970 2286.2 0 0
42200 1.2997 0.38301 1.4293 -1.172 0.30788 0 390.51 -1.9982 -2.6231 0.015933 3526.1 1972 2291.1 0 0
42300 1.3164 0.36927 1.4063 -1.0041 0.30809 0 363.84 0.43766 -2.6226 0.015958 3542.5 1972 2295.4 0 0
42400 1.2976 0.33566 1.4458 -1.0761 0.35591 0 390.32 1.7109 -2.6227 0.015992 3557.3 1971 2299.7 0 0
42500 1.2903 0.41761 1.4542 -0.9473 0.32368 0 386.35 -11.223 -2.6266 0.016007 3563 1969 2304.5 0 0
42600 1.3014 0.4116 1.4736 -1.0207 0.30613 0 367.06 -8.5234 -2.6292 0.016005 3571.4 1970 2309.1 0 0
42700 1.2687 0.39316 1.3966 -1.1339 0.3267 0 369.28 -3.0177 -2.6344 0.016013 3573.8 1969 2314.4 0 0
42800 1.2716 0.35503 1.4126 -1.1903 0.32604 0 365.13 1.6291 -2.6393 0.015957 3576.6 1976 2319.6 0 0
42900 1.3207 0.37788 1.4313 -0.92081 0.33322 0 393.36 0.035635 -2.6439 0.015912 3580.4 1982 2324.5 0 0
43000 1.2693 0.37574 1.4038 -1.1031 0.32873 0 371.57 -0.43299 -2.6467 0.015912 3588.4 1981 2329.1 0 0
43100 1.284 0.35502 1.3803 -1.0258 0.32017 0 366.19 2.1547 -2.6453 0.01587 3606.8 1986 2333.4 0 0
43200 1.2673 0.3818 1.4085 -1.0977 0.30914 0 367.25 -0.19682 -2.6453 0.015826 3621.5 1990 2337.8 0 0
43300 1.2632 0.32436 1.4143 -0.9989 0.33147 0 385.51 4.8191 -2.6406 0.015824 3645.1 1992 2341.9 0 0
43400 1.328 0.31254 1.4333 -1.1718 0.3443 0 392.25 -0.53091 -2.6348 0.01585 3672.3 2003 2345.9 0 0
43500 1.3114 0.33945 1.3668 -1.1243 0.32592 0 391.99 2.3311 -2.6314 0.01587 3694.7 1998 2350.2 0 0
43600 1.262 0.37868 1.3417 -1.0994 0.31987 0 382.81 0.71569 -2.6264 0.01589 3719.8 1999 2354.2 0 0
43700 1.2586 0.34518 1.3719 -0.98223 0.30079 0 382.07 4.4613 -2.6197 0.015872 3748.1 1998 2358.1 0 0
43800 1.2957 0.3608 1.4309 -1.1517 0.3305 0 395.05 3.8026 -2.6161 0.015873 3771.2 1997 2362.4 0 0
43900 1.2516 0.34372 1.2388 -1.0655 0.3669 0 387.84 4.6806 -2.6062 0.015874 3805.5 1997 2366.3 0 0
44000 1.2517 0.35245 1.4047 -1.0902 0.30543 0 376.73 4.6942 -2.595 0.015922 3841.5 2002 2370.1 0 0
44100 1.2833 0.36472 1.3794 -0.88687 0.30611 0 380.2 3.8406 -2.5813 0.01594 3879.6 2007 2373.9 0 0
44200 1.2818 0.34817 1.3628 -1.1921 0.30568 0 380.44 4.8169 -2.566 0.016005 3919.9 2008 2377.7 0 0
44300 1.3206 0.33439 1.413 -1.1411 0.31204 0 391.38 2.8707 -2.5525 0.016074 3958 2013 2381.5 0 0
44400 1.2725 0.34785 1.4043 -0.82578 0.33127 0 372.61 5.3617 -2.5413 0.016145 3993.4 2017 2385.4 0 0
44500 1.2866 0.35811 1.3615 -0.98061 0.30567 0 376.3 5.1836 -2.5264 0.016079 4033.5 2015 2389.2 0 0
44600 1.3404 0.32996 1.4191 -0.89584 0.31053 0 371.39 2.0245 -2.5149 0.016107 4070 2023 2392.9 0 0
44700 1.3204 0.3418 1.3901 -1.1375 0.33735 0 375.28 4.4167 -2.5022 0.016101 4110 2026 2396.7 0 0
44800 1.3207 0.34074 1.4147 -1.2753 0.32271 0 379.19 4.5678 -2.4872 0.016126 4148.4 2024 2400.4 0 0
44900 1.33 0.3363 1.3973 -1.089 0.33283 0 388.06 4.1346 -2.4755 0.016125 4182.3 2029 2404.2 0 0
45000 1.346 0.35491 1.4417 -1.0891 0.30003 0 374.92 3.547 -2.4629 0.016122 4219.2 2036 2407.8 0 0
45100 1.3368 0.36944 1.4125 -0.79907 0.32216 0 378.05 2.8187 -2.4531 0.016063 4253 2049 2411.5 0 0
45200 1.3652 0.33493 1.4147 -0.99614 0.33306 0 380.1 3.3504 -2.4408 0.016124 4290.3 2044 2415.2 0 0
45300 1.3093 0.35435 1.4492 -1.1604 0.3252 0 380.1 5.6971 -2.4319 0.016117 4323 2049 2419 0 0
45400 1.3171 0.35059 1.4115 -1.1094 0.32955 0 385.45 5.7569 -2.4209 0.016139 4355.7 2049 2422.7 0 0
45500 1.3268 0.37836 1.3956 -1.1653 0.32787 0 381 1.6428 -2.4121 0.016272 4385.3 2048 2426.5 0 0
45600 1.3184 0.37307 1.468 -1.1977 0.30497 0 355.57 3.2493 -2.3998 0.016334 4416.6 2048 2430.1 0 0
45700 1.3046 0.38588 1.3697 -1.093 0.2999 0 369.96 1.5737 -2.3839 0.016374 4453.7 2048 2433.5 0 0
45800 1.367 0.31661 1.4345 -1.1287 0.33808 0 383.38 0.99477 -2.3709 0.016447 4489.2 2046 2437 0 0
45900 1.2882 0.37122 1.3579 -1.2312 0.3278 0 387.16 4.7786 -2.3559 0.016562 4525.5 2043 2440.6 0 0
46000 1.3057 0.35228 1.4697 -1.2507 0.33633 0 367.97 6.6044 -2.3468 0.01661 4552.5 2046 2444.2 0 0
46100 1.3501 0.32665 1.4517 -0.99484 0.28826 0 370.69 3.4446 -2.3304 0.016601 4596.3 2051 2447.6 0 0
46200 1.2284 0.3636 1.3666 -1.2905 0.31732 0 373.03 3.8818 -2.3088 0.016611 4637.1 2052 2450.9 0 0
46300 1.276 0.3689 1.3815 -1.1137 0.31792 0 396.95 4.7105 -2.2859 0.01653 4681.3 2046 2454.3 0 0
46400 1.3026 0.33322 1.4355 -1.1168 0.31662 0 395.76 6.3922 -2.2643 0.016588 4728.1 2045 2457.5 0 0
46500 1.3565 0.32139 1.4052 -1.0655 0.31914 0 372.66 2.0432 -2.2469 0.016615 4768.1 2047 2460.8 0 0
46600 1.2931 0.37556 1.43 -0.99026 0.30596 0 385.08 4.6939 -2.2354 0.016691 4801.9 2047 2464.2 0 0
46700 1.2515 0.39134 1.3718 -1.0075 0.33514 0 377.52 -1.0182 -2.2199 0.016778 4836.9 2047 2467.5 0 0
46800 1.2502 0.40006 1.4593 -1.2814 0.31611 0 371.45 -2.9507 -2.2143 0.016826 4858.8 2049 2471.1 0 0
46900 1.2626 0.38088 1.4247 -1.0892 0.32672 0 385.54 2.5348 -2.2127 0.016822 4880.7 2052 2474.9 0 0
47000 1.2506 0.37103 1.3508 -1.3032 0.29546 0 387.53 2.9176 -2.2071 0.016825 4904.7 2051 2478.7 0 0
47100 1.2343 0.41347 1.422 -1.2897 0.32727 0 399.87 -8.7099 -2.2055 0.01688 4924.4 2046 2482.5 0 0
47200 1.3221 0.44635 1.4742 -1.0305 0.30493 0 390.32 -23.993 -2.2031 0.016839 4944.7 2055 2486.6 0 0
47300 1.2437 0.378 1.4101 -1.1927 0.30954 0 380.85 1.891 -2.1977 0.016807 4971.4 2060 2490.2 0 0
47400 1.2292 0.38037 1.3472 -1.3295 0.31199 0 390.35 1.2598 -2.1831 0.016813 5006.8 2064 2493.5 0 0
47500 1.3142 0.37857 1.4526 -0.9243 0.32888 0 403.63 4.0478 -2.1742 0.016784 5041 2058 2497 0 0
47600 1.2396 0.39051 1.4164 -0.96566 0.31175 0 393.21 0.11212 -2.161 0.016819 5079.5 2061 2500.2 0 0
47700 1.2323 0.41535 1.4279 -1.0093 0.33709 0 394.17 -8.6346 -2.1534 0.016912 5108.1 2060 2503.5 0 0
47800 1.2638 0.3863 1.4793 -1.1211 0.32264 0 386.67 3.0817 -2.1334 0.016926 5152.7 2060 2506.6 0 0
47900 1.2263 0.40094 1.4161 -1.0693 0.31069 0 380.31 -3.2401 -2.1266 0.016995 5185 2064 2509.8 0 0
48000 1.2185 0.33965 1.4324 -1.0305 0.32329 0 386.18 5.908 -2.12 0.017015 5210.3 2065 2513.2 0 0
48100 1.305 0.46304 1.5563 -1.0494 0.30719 0 371.61 -34.924 -2.1054 0.017126 5248.7 2066 2516.3 0 0
48200 1.2769 0.36466 1.4536 -1.0895 0.3164 0 399.66 6.5714 -2.0971 0.017062 5277 2070 2519.6 0 0
48300 1.3211 0.36737 1.4298 -0.96353 0.3011 0 382.32 5.8249 -2.0819 0.017062 5311.9 2077 2522.6 0 0
48400 1.2984 0.44222 1.4665 -0.97053 0.31439 0 369.04 -20.26 -2.0742 0.017146 5339 2085 2525.8 0 0
48500 1.2857 0.43876 1.4783 -1.1643 0.30684 0 384.27 -17.851 -2.0758 0.017085 5347.2 2093 2529.8 0 0
48600 1.289 0.45597 1.5044 -0.88039 0.32902 0 402.04 -27.601 -2.0779 0.017052 5354.8 2098 2533.6 0 0
48700 1.3699 0.47415 1.6115 -1.275 0.3123 0 369.75 -46.528 -2.0821 0.017002 5358.7 2105 2538.6 0.86283 0
48800 1.2869 0.41182 1.397 -0.94192 0.32867 0 388.06 -3.7122 -2.0873 0.016994 5359 2106 2543.9 0 0
48900 1.301 0.47675 1.522 -1.1272 0.30659 0 383.13 -39.526 -2.0926 0.01697 5359.3 2109 2549.2 2.2752 0
49000 1.3225 0.39485 1.5301 -1.2482 0.33496 0 372.85 -0.1375 -2.097 0.016923 5362.4 2115 2553.4 0 0
49100 1.2711 0.40234 1.4961 -1.2783 0.32077 0 366.79 -0.18693 -2.0949 0.016943 5376.6 2115 2557.2 0 0
49200 1.2644 0.40738 1.4286 -1.1538 0.3113 0 371.14 -1.5919 -2.0955 0.016942 5389.1 2119 2560.8 0 0
49300 1.3533 0.41992 1.5361 -1.0893 0.32034 0 377.01 -12.527 -2.0996 0.016971 5393.1 2116 2565.1 0 0
49400 1.2274 0.43272 1.4414 -1.1023 0.31602 0 390.27 -13.905 -2.1036 0.016957 5396.9 2118 2569 0 0
49500 1.3416 0.40405 1.4874 -1.2298 0.3149 0 382.4 -4.2865 -2.1029 0.016958 5410 2120 2572.4 0 0
49600 1.266 0.38663 1.5026 -0.93289 0.31847 0 364.52 4.3015 -2.0998 0.017014 5432 2114 2575.8 0 0
49700 1.2931 0.40699 1.4728 -1.2228 0.30917 0 383.53 -1.225 -2.0885 0.017254 5456.7 2119 2578.8 0 0
49800 1.2458 0.38903 1.4169 -1.2475 0.30328 0 379.33 3.5031 -2.0812 0.017376 5481.1 2117 2581.9 0 0
49900 1.2334 0.40785 1.4605 -1.1294 0.30043 0 385.34 -3.6459 -2.0837 0.01738 5490.2 2117 2585.4 0 0
50000 1.275 0.47034 1.4615 -1.1155 0.30374 0 363.8 -32.969 -2.0883 0.017349 5492.2 2121 2589.8 0.005664 0
50100 1.2372 0.46133 1.4641 -1.0552 0.30573 0 367.37 -27.756 -2.093 0.017333 5493.7 2123 2594.4 0 0
50200 1.213 0.43579 1.4384 -1.1784 0.31087 0 374.9 -14.342 -2.0969 0.017305 5497.7 2126 2598.7 0 0
50300 1.2629 0.36802 1.413 -1.1661 0.33214 0 378.09 6.5792 -2.0829 0.017153 5528.1 2127 2601.7 0 0
50400 1.2729 0.37108 1.37 -1.2559 0.31198 0 389.1 7.0863 -2.0591 0.017217 5556.2 2126 2604.5 0 0
50500 1.2862 0.34575 1.3601 -1.0734 0.29816 0 362.08 7.5784 -2.031 0.017337 5579 2130 2607.2 0 0
50600 1.2932 0.33458 1.3981 -1.1157 0.30339 0 370.4 6.6603 -1.9988 0.017671 5592.2 2130 2609.7 0 0
50700 1.3303 0.37878 1.4531 -1.1147 0.30319 0 375.03 3.3079 -1.9844 0.017729 5620 2130 2612.4 0 0
50800 1.3249 0.35962 1.5442 -1.1875 0.33298 0 363.19 6.5781 -1.9624 0.017433 5640.8 2129 2615.2 0 0
50900 1.3004 0.3828 1.4429 -1.0356 0.30521 0 390.15 4.8219 -1.9309 0.017362 5647 2129 2617.9 0 0
51000 1.3581 0.34375 1.4668 -1.0788 0.31142 0 380.87 4.1104 -1.9291 0.017401 5663.6 2126 2621.1 0 0
51100 1.2897 0.38447 1.4487 -1.081 0.30646 0 384.2 5.0897 -1.9218 0.017439 5689.3 2125 2624 0 0
51200 1.3632 0.3822 1.4821 -1.1574 0.32883 0 389.15 -0.024996 -1.9042 0.017487 5715.2 2128 2626.7 0 0
51300 1.3724 0.4349 1.4906 -1.2599 0.33385 0 383.4 -20.627 -1.9021 0.01751 5731.9 2124 2630.4 0 0
51400 1.3089 0.34939 1.3965 -1.1508 0.32603 0 391.19 7.5489 -1.8923 0.017497 5750.6 2126 2633.4 0 0
51500 1.3088 0.42717 1.5007 -1.1371 0.31798 0 369.17 -9.3754 -1.8659 0.017762 5765.3 2128 2635.8 0 0
51600 1.334 0.34219 1.4199 -1.1561 0.31307 0 371.35 6.019 -1.8373 0.01781 5802.8 2130 2638.3 0 0
51700 1.3321 0.37378 1.4452 -0.89259 0.30402 0 367.6 4.8201 -1.8137 0.017877 5825.6 2130 2640.8 0 0
51800 1.3457 0.42713 1.4914 -1.2643 0.33031 0 389.52 -13.094 -1.7863 0.017968 5847.6 2132 2643.2 0 0
51900 1.3511 0.37239 1.4667 -1.0008 0.30232 0 389.73 3.1487 -1.7735 0.017982 5874.2 2133 2645.7 0 0
52000 1.3186 0.38142 1.4856 -1.0979 0.30564 0 397.13 4.8716 -1.7652 0.01802 5888.5 2133 2648.3 0 0
52100 1.3066 0.41073 1.4723 -0.9279 0.31971 0 381.37 -2.1132 -1.7592 0.01805 5901.1 2134 2650.9 0 0
52200 1.3144 0.37729 1.4558 -0.96513 0.33776 0 391.86 6.0753 -1.7513 0.018236 5920.6 2137 2653.5 0 0
52300 1.2647 0.32956 1.4327 -1.0301 0.32418 0 374.92 5.2809 -1.7313 0.018304 5945.6 2139 2656 0 0
52400 1.3225 0.36683 1.4596 -0.86738 0.30755 0 389 6.712 -1.7078 0.018089 5967.5 2140 2658.4 0 0
52500 1.2872 0.42419 1.475 -1.104 0.34213 0 363.7 -6.603 -1.6943 0.018094 5986.8 2145 2660.8 0 0
52600 1.2781 0.41095 1.4493 -0.94608 0.30052 0 383.68 -1.127 -1.6863 0.018123 6007.1 2145 2663.4 0 0
52700 1.3042 0.39305 1.4196 -1.0497 0.31587 0 390.45 3.8939 -1.6815 0.018152 6024 2148 2665.9 0 0
52800 1.2914 0.42472 1.4895 -1.272 0.33405 0 395.44 -6.4497 -1.682 0.018106 6038.7 2151 2669.1 0 0
52900 1.3767 0.4123 1.5794 -0.98943 0.32336 0 390.38 -10.12 -1.6799 0.018148 6055.6 2149 2672.1 0 0
53000 1.3771 0.39882 1.4696 -1.0728 0.32625 0 381.84 -5.4311 -1.6743 0.01814 6078.5 2152 2674.8 0 0
53100 1.328 0.36993 1.5067 -0.87758 0.34599 0 389.39 6.2243 -1.6682 0.018168 6106.7 2153 2677.4 0 0
53200 1.3335 0.3709 1.5625 -1.0443 0.31708 0 371.25 5.8431 -1.6651 0.018211 6131.1 2154 2680.5 0 0
53300 1.3586 0.40781 1.5392 -0.95164 0.3196 0 371.55 -5.351 -1.665 0.018199 6149.9 2155 2683.2 0 0
53400 1.3831 0.43295 1.5364 -0.94155 0.36179 0 371.9 -18.659 -1.6668 0.018192 6162.8 2156 2686.3 0 0
53500 1.3466 0.34971 1.4053 -1.1596 0.33072 0 373.79 5.2501 -1.6629 0.018209 6184.2 2157 2688.8 0 0
53600 1.3681 0.28901 1.5005 -1.1242 0.34445 0 387.96 -3.5532 -1.6576 0.018224 6219.2 2157 2691.1 0 0
53700 1.3402 0.30034 1.4611 -0.90805 0.30902 0 392.25 -0.69976 -1.6533 0.018248 6256.1 2158 2693.6 0 0
53800 1.3321 0.31874 1.3771 -1.1197 0.31998 0 396.96 3.1423 -1.6444 0.018307 6296.4 2160 2696 0 0
53900 1.343 0.31824 1.4072 -1.1736 0.3671 0 407.8 2.5728 -1.6343 0.018248 6351.7 2158 2698.4 0 0
54000 1.3509 0.29693 1.4358 -1.4809 0.33635 0 406.16 -0.92376 -1.6199 0.018299 6411.7 2163 2700.7 0 0
54100 1.2735 0.31134 1.4063 -1.1657 0.30323 0 377.78 4.0733 -1.6065 0.018338 6465.5 2164 2703 0 0
54200 1.2789 0.29705 1.3704 -1.1435 0.31545 0 401.43 3.059 -1.592 0.018369 6524.4 2168 2705.4 0 0
54300 1.3003 0.30059 1.3678 -1.1162 0.31583 0 417.19 3.0898 -1.5724 0.0184 6582.8 2172 2707.7 0 0
54400 1.3598 0.32886 1.4413 -1.3711 0.34237 0 412.24 3.3494 -1.5645 0.01836 6626 2169 2710.2 0 0
54500 1.2961 0.3145 1.3997 -1.0672 0.31364 0 379.74 4.7471 -1.5513 0.018435 6674.2 2167 2712.5 0 0
54600 1.3433 0.30907 1.398 -1.2074 0.31246 0 400.24 2.3354 -1.543 0.018517 6714.1 2171 2714.6 0 0
54700 1.3075 0.32281 1.4165 -1.2328 0.31559 0 413.96 5.7846 -1.5267 0.018587 6761 2175 2716.7 0 0
54800 1.3004 0.35289 1.4221 -1.2401 0.32387 0 391.7 8.3405 -1.5011 0.01857 6796.5 2174 2718.7 0 0
54900 1.3239 0.34945 1.4732 -0.93594 0.30408 0 407.26 7.2132 -1.4749 0.018614 6821.8 2176 2720.7 0 0
55000 1.3017 0.35137 1.3843 -1.1935 0.30619 0 403.65 8.4825 -1.4485 0.01858 6856.8 2178 2722.7 0 0
55100 1.3174 0.35252 1.4628 -1.0047 0.31257 0 388.4 7.74 -1.4208 0.018649 6896.9 2180 2724.7 0 0
55200 1.3332 0.34945 1.5629 -1.1611 0.35995 0 395.05 6.8982 -1.3974 0.018673 6934.8 2175 2726.6 0 0
55300 1.351 0.34627 1.5095 -1.2789 0.32893 0 380.42 5.6174 -1.3718 0.018668 6972.8 2174 2728.6 0 0
55400 1.3316 0.32904 1.5039 -0.96665 0.32528 0 397.83 6.1073 -1.351 0.018714 7019.1 2175 2730.5 0 0
55500 1.3277 0.35585 1.4604 -1.1958 0.30415 0 401.84 7.2581 -1.3432 0.018659 7053 2172 2732.6 0 0
55600 1.3223 0.34531 1.4161 -1.0119 0.32465 0 389.47 7.6386 -1.323 0.018685 7077 2173 2734.4 0 0
55700 1.3692 0.36031 1.44 -1.2177 0.31763 0 408.03 3.4114 -1.2949 0.018677 7073.6 2177 2736.4 0 0
55800 1.3472 0.37864 1.4289 -1.0277 0.30279 0 394.3 3.7362 -1.2691 0.018729 7100.6 2177 2738.2 0 0
55900 1.2576 0.36203 1.3376 -1.1351 0.30734 0 393.35 6.3631 -1.2489 0.018789 7135.6 2176 2740 0 0
56000 1.3293 0.35827 1.4397 -1.353 0.33199 0 391.22 7.3422 -1.2226 0.018942 7180.5 2179 2741.8 0 0
56100 1.3509 0.40752 1.4449 -1.2737 0.32619 0 408.3 -4.7684 -1.2036 0.019267 7223.7 2181 2743.6 0 0
56200 1.2616 0.36038 1.4095 -1.219 0.321 0 419.69 6.5989 -1.1886 0.019157 7267.5 2180 2745.5 0 0
56300 1.3933 0.39201 1.5943 -1.1096 0.3056 0 406.23 -4.5327 -1.1765 0.019248 7312.7 2183 2747.4 0 0
56400 1.3761 0.41929 1.5264 -1.0805 0.30441 0 398.55 -11.892 -1.1749 0.01925 7339.5 2184 2749.8 0 0
56500 1.3637 0.43915 1.5758 -1.2605 0.32217 0 394.79 -20.335 -1.1785 0.01924 7344.7 2187 2752.6 0 0
56600 1.3967 0.45202 1.6318 -1.1333 0.31793 0 409.84 -30.935 -1.182 0.019124 7349.7 2194 2755.7 0 0
56700 1.4004 0.39077 1.5822 -0.92672 0.30422 0 387.12 -4.6227 -1.1836 0.019075 7361.8 2199 2758.3 0 0
56800 1.3975 0.4154 1.5284 -1.1431 0.3112 0 367.44 -12.226 -1.1823 0.019076 7389.4 2200 2760.5 0 0
56900 1.3853 0.40886 1.5479 -1.0972 0.34859 0 398.86 -8.3757 -1.1794 0.019079 7419.6 2204 2763 0 0
57000 1.382 0.37397 1.5439 -1.1475 0.30718 0 395.31 0.84983 -1.1758 0.019019 7450.1 2212 2765.6 0 0
57100 1.3847 0.46274 1.5623 -1.1321 0.3604 0 398.1 -36.037 -1.1755 0.018969 7472.9 2217 2768.4 0 0
57200 1.3478 0.46939 1.5644 -1.3001 0.30902 0 385.83 -37.462 -1.1756 0.018933 7493.4 2224 2771.9 0 0
57300 1.4322 0.43599 1.6047 -1.1055 0.2863 0 399.29 -23.682 -1.1777 0.018903 7506.2 2228 2775.1 0 0
57400 1.3325 0.41882 1.5066 -1.0916 0.33955 0 391.3 -6.3603 -1.1776 0.018848 7527.7 2230 2778.2 0 0
57500 1.3868 0.44742 1.4625 -0.88158 0.32468 0 403.69 -24.871 -1.1808 0.018884 7534.4 2229 2781.5 0 0
57600 1.3515 0.44814 1.4976 -1.0636 0.30983 0 386.63 -22.809 -1.1846 0.018825 7538 2236 2784.9 0 0
57700 1.3582 0.44484 1.5299 -1.1687 0.33243 0 410.27 -21.596 -1.1887 0.018788 7540.7 2241 2788.7 0 0
57800 1.3397 0.45588 1.5001 -0.97752 0.32841 0 417.74 -25.71 -1.1923 0.018771 7544.7 2241 2792.4 0 0
57900 1.2997 0.46119 1.423 -1.1032 0.32636 0 413.14 -25.86 -1.1948 0.018741 7554 2245 2796.1 0 0
58000 1.3105 0.45196 1.4894 -0.94776 0.33476 0 391.52 -21.42 -1.1976 0.018705 7562.7 2249 2800.3 0 0
58100 1.3503 0.45124 1.5588 -0.97278 0.36962 0 401.6 -23.423 -1.1986 0.018715 7578.7 2249 2803.9 0 0
58200 1.3811 0.44774 1.5354 -1.2199 0.34696 0 406.21 -24.159 -1.2009 0.018751 7588.6 2245 2806.9 0 0
58300 1.3603 0.43209 1.4749 -1.0454 0.34459 0 404.96 -14.694 -1.2035 0.01873 7596.9 2248 2809.2 0 0
58400 1.4078 0.34414 1.4466 -1.1204 0.34635 0 414.89 1.5207 -1.2059 0.018729 7607.7 2249 2811.4 0 0
58500 1.3836 0.35385 1.5139 -1.0823 0.3467 0 409.06 2.9746 -1.206 0.018717 7628.8 2252 2813.3 0 0
58600 1.426 0.36 1.5592 -1.2213 0.3369 0 407.4 -0.005478 -1.2055 0.018731 7652.5 2256 2815.2 0 0
58700 1.3759 0.34383 1.4285 -1.2422 0.35854 0 401.92 3.7374 -1.202 0.018684 7685.1 2262 2817.1 0 0
58800 1.2971 0.33635 1.4413 -1.0991 0.34819 0 402.94 7.8713 -1.1938 0.018677 7724.7 2265 2818.9 0 0
58900 1.2624 0.34722 1.438 -1.0343 0.32774 0 379.88 6.508 -1.1774 0.018547 7759.7 2267 2820.8 0 0
59000 1.3132 0.34999 1.4672 -1.1521 0.32164 0 387.72 8.3997 -1.1614 0.018528 7787.8 2272 2822.5 0 0
59100 1.3407 0.33361 1.4769 -1.0836 0.30298 0 399.64 6.6802 -1.137 0.018598 7792 2267 2824.2 0 0
59200 1.2765 0.33752 1.4565 -0.99894 0.3069 0 369.91 6.9557 -1.1177 0.01861 7820.2 2272 2825.9 0 0
59300 1.3292 0.32515 1.4296 -1.096 0.30366 0 390.66 6.1435 -1.0968 0.018687 7846.8 2271 2827.5 0 0
59400 1.2292 0.3525 1.4013 -1.0011 0.32708 0 397.01 4.4629 -1.0768 0.018784 7877 2274 2829.1 0 0
59500 1.3573 0.32796 1.4652 -1.1482 0.33564 0 393.51 4.5739 -1.0499 0.018836 7866.3 2275 2830.7 0 0
59600 1.2147 0.33946 1.4368 -1.1209 0.32651 0 394.27 4.5892 -1.0294 0.018931 7893.4 2280 2832.2 0 0
59700 1.2749 0.33035 1.4015 -0.95611 0.29726 0 408.16 6.4702 -1.0097 0.019077 7937 2279 2833.8 0 0
59800 1.2468 0.31768 1.4494 -1.008 0.33334 0 387.7 4.0002 -0.99127 0.019031 7959.6 2281 2835.4 0 0
59900 1.3491 0.39338 1.4622 -1.1202 0.32278 0 419.46 0.42395 -0.97211 0.019533 7971.3 2283 2836.8 0 0
60000 1.3417 0.3149 1.416 -1.0631 0.33649 0 400.05 4.6961 -0.95272 0.019396 7975.1 2281 2838.4 0 0
60100 1.3708 0.35416 1.4678 -1.0708 0.32816 0 402.22 3.8718 -0.93534 0.019586 8002.7 2281 2839.8 0 0
60200 1.3446 0.41031 1.4566 -1.2122 0.31826 0 377.85 -4.5335 -0.93586 0.019588 8021.6 2283 2841.7 0 0
60300 1.2976 0.43444 1.4805 -1.0786 0.32628 0 381.17 -11.384 -0.93385 0.019626 8048.8 2285 2844.3 0 0
60400 1.303 0.46762 1.411 -1.0329 0.33365 0 387.13 -29.183 -0.93366 0.019639 8072.3 2289 2847 0 0
60500 1.2501 0.4591 1.4726 -0.88576 0.33113 0 404.31 -26.025 -0.93213 0.019604 8100.4 2286 2850.1 0 0
60600 1.2867 0.45731 1.4779 -0.96961 0.3487 0 404 -23.179 -0.93105 0.019481 8126.9 2296 2853 0 0
60700 1.3622 0.42782 1.4703 -1.1782 0.30901 0 402.03 -12.911 -0.93039 0.019471 8151.9 2296 2855.6 0 0
60800 1.2459 0.47199 1.444 -0.87608 0.32086 0 389.73 -33.097 -0.92924 0.019439 8179.3 2304 2858.3 0.19734 0
60900 1.3406 0.43857 1.4655 -1.0068 0.33488 0 392.35 -15.617 -0.92992 0.019455 8198.3 2310 2860.9 0 0
61000 1.2993 0.45125 1.3936 -1.0492 0.31471 0 403.69 -19.262 -0.93203 0.019474 8210.1 2307 2863.7 0 0
61100 1.2687 0.45909 1.4248 -1.1892 0.32063 0 397.93 -23.606 -0.93216 0.019428 8231.6 2318 2866.3 0 0
61200 1.2535 0.4312 1.4489 -1.12 0.33476 0 393.11 -10.908 -0.93253 0.019299 8251.7 2332 2868.8 0 0
61300 1.2329 0.47848 1.404 -0.9634 0.3214 0 394.31 -37.386 -0.93263 0.019257 8273.4 2332 2871.3 3.5944 0
61400 1.2351 0.43057 1.4636 -1.2076 0.34021 0 382.51 -12.464 -0.93244 0.019211 8296.8 2339 2874 0 0
61500 1.2372 0.45851 1.4619 -1.0518 0.34777 0 397.8 -24.673 -0.93034 0.019225 8327.2 2336 2876.7 0 0
61600 1.2316 0.45293 1.4548 -0.96166 0.32934 0 390.92 -22.492 -0.92839 0.019298 8352 2337 2879.7 0 0
61700 1.2757 0.44956 1.5067 -1.0637 0.33035 0 360.17 -18.438 -0.92473 0.019328 8386 2336 2882.3 0 0
61800 1.2408 0.45725 1.4714 -1.0324 0.35324 0 365.54 -23.151 -0.91954 0.019272 8418.1 2339 2885 0 0
61900 1.2173 0.47855 1.3771 -1.3756 0.33119 0 385.12 -35.614 -0.90973 0.019131 8457.5 2341 2887.9 3.6577 0
62000 1.284 0.45406 1.4364 -0.94814 0.30776 0 397.26 -19.656 -0.90493 0.019093 8495.5 2342 2890.6 0 0
62100 1.3096 0.45698 1.4769 -1.246 0.29957 0 390.5 -21.17 -0.90024 0.019107 8534.3 2341 2893.2 0 0
62200 1.2808 0.46902 1.4076 -1.0107 0.33416 0 373.16 -26.04 -0.89631 0.019258 8569.9 2340 2895.8 0 0
62300 1.2543 0.46147 1.3899 -1.1529 0.32738 0 379.16 -23.013 -0.89348 0.019196 8602.1 2346 2898.6 0 0
62400 1.2346 0.44998 1.3903 -1.2482 0.33211 0 388.64 -20.012 -0.88975 0.01918 8637.7 2344 2901.5 0 0
62500 1.2756 0.47167 1.5406 -0.93574 0.32819 0 406.44 -27.028 -0.8865 0.019222 8672.7 2348 2904.1 0.13944 0
62600 1.1706 0.4787 1.4335 -1.2918 0.33898 0 395.23 -39.634 -0.88093 0.019243 8713 2348 2906.9 3.7882 0
62700 1.1932 0.47066 1.3441 -1.0291 0.33431 0 397.79 -32.606 -0.87742 0.019278 8742 2354 2909.8 0.021949 0
62800 1.235 0.44796 1.3942 -1.1309 0.35978 0 395.35 -18.41 -0.87468 0.019251 8775.2 2358 2912.4 0 0
62900 1.2097 0.46787 1.4075 -1.2395 0.30467 0 397.05 -27.958 -0.8696 0.019202 8815.4 2355 2915.1 0 0
63000 1.1981 0.4775 1.4277 -1.1126 0.32346 0 400.85 -34.563 -0.86265 0.019313 8856.6 2358 2917.9 2.811 0
63100 1.1538 0.44782 1.391 -1.2071 0.34232 0 405.94 -23.277 -0.85708 0.019278 8897.5 2363 2920.6 0 0
63200 1.1648 0.46357 1.4112 -0.99277 0.36327 0 411.15 -29.338 -0.85111 0.0193 8940.4 2368 2923.3 0 0
63300 1.2143 0.42922 1.4386 -1.1821 0.34695 0 400.76 -12.86 -0.84581 0.019395 8980 2372 2925.7 0 0
63400 1.2509 0.45514 1.4386 -1.3401 0.31758 0 388.43 -19.296 -0.84065 0.019403 9019.6 2372 2928.4 0 0
63500 1.2019 0.45694 1.402 -0.90497 0.30387 0 384.1 -23.083 -0.8347 0.019373 9061.1 2377 2931 0 0
63600 1.207 0.45862 1.3906 -1.2158 0.32122 0 374.11 -22.629 -0.83031 0.019293 9100.7 2377 2933.7 0 0
63700 1.2216 0.41127 1.4187 -1.1744 0.30663 0 387.98 -7.014 -0.82606 0.019299 9137.8 2382 2935.9 0 0
63800 1.2838 0.41946 1.4747 -1.0767 0.3358 0 395.82 -5.2518 -0.819 0.019441 9178.1 2384 2937.8 0 0
63900 1.2599 0.42054 1.4184 -1.3035 0.31372 0 395.18 -5.698 -0.81922 0.019442 9199.2 2385 2939.8 0 0
64000 1.2224 0.40639 1.3383 -1.2339 0.2982 0 422.42 -5.2599 -0.82169 0.019421 9209.2 2387 2941.9 0 0
64100 1.1838 0.41836 1.3686 -1.0707 0.30579 0 413.17 -10.888 -0.82235 0.019432 9228.5 2385 2944.1 0 0
64200 1.2376 0.43261 1.447 -1.3146 0.31475 0 422.18 -11.368 -0.82228 0.019434 9250.5 2387 2946.3 0 0
64300 1.2212 0.42404 1.4049 -0.99991 0.34213 0 424.61 -9.6773 -0.82258 0.019425 9272.2 2391 2948.3 0 0
64400 1.2211 0.4402 1.4375 -1.1525 0.31996 0 404.55 -14.278 -0.82405 0.019383 9287.9 2393 2950.4 0 0
64500 1.2247 0.42471 1.4524 -1.0939 0.31997 0 404.84 -9.3087 -0.82645 0.019401 9298 2394 2952.3 0 0
64600 1.2072 0.44298 1.3443 -1.2994 0.31377 0 393.66 -16.139 -0.82994 0.019392 9301.5 2396 2954.2 0 0
64700 1.2087 0.47018 1.3999 -1.0317 0.34392 0 411.77 -26.344 -0.83382 0.019368 9302.2 2399 2956.4 0.001589 0
64800 1.2081 0.38666 1.4253 -1.0856 0.33583 0 400 -0.73552 -0.83761 0.019362 9303.6 2399 2958.4 0 0
64900 1.2312 0.47106 1.4564 -1.199 0.2939 0 403.88 -25.328 -0.84119 0.019338 9306.3 2402 2960.5 0.055726 0
65000 1.2268 0.40716 1.4535 -1.146 0.32287 0 400.75 -4.3754 -0.84338 0.019337 9317.7 2403 2962.6 0 0
65100 1.2377 0.43291 1.4363 -0.90437 0.32542 0 398.56 -10.317 -0.83991 0.019451 9351.2 2403 2964.6 0 0
65200 1.1374 0.39067 1.3257 -1.2025 0.32254 0 408.22 -4.7874 -0.83333 0.019442 9395.2 2405 2966.6 0 0
65300 1.2619 0.40934 1.3948 -0.92858 0.3729 0 413.97 -1.8313 -0.82751 0.019426 9441.8 2405 2968.3 0 0
65400 1.2591 0.41746 1.3717 -1.1027 0.33164 0 400.16 -4.1568 -0.82545 0.019424 9473.8 2405 2970.3 0 0
65500 1.2262 0.41536 1.363 -1.0593 0.3195 0 402.74 -5.6064 -0.82421 0.019494 9501.4 2410 2972 0 0
65600 1.2569 0.41931 1.4031 -1.0017 0.31486 0 393.94 -4.7628 -0.82568 0.019513 9516.8 2415 2974 0 0
65700 1.2347 0.40992 1.4238 -1.2011 0.32005 0 403.98 -3.7886 -0.82295 0.019479 9551.8 2415 2975.7 0 0
65800 1.1984 0.42345 1.3572 -1.1441 0.30567 0 394.3 -10.013 -0.81915 0.019501 9592.6 2414 2977.4 0 0
65900 1.2587 0.38471 1.4335 -1.0348 0.34558 0 405.11 3.851 -0.81189 0.019593 9643.3 2418 2979.1 0 0
66000 1.2779 0.41173 1.4105 -0.90532 0.31703 0 386.51 -2.0122 -0.80357 0.019573 9702.9 2413 2980.6 0 0
66100 1.2693 0.40025 1.393 -1.1154 0.32926 0 393.41 1.0702 -0.79636 0.019544 9749.6 2413 2982.2 0 0
66200 1.2603 0.38847 1.3989 -1.0815 0.35376 0 413.49 3.5735 -0.7907 0.019468 9794 2412 2983.7 0 0
66300 1.2537 0.39155 1.4112 -1.0181 0.35411 0 405.44 2.8442 -0.78443 0.019396 9842.2 2416 2985.3 0 0
66400 1.3155 0.42952 1.4749 -1.0437 0.31045 0 395.43 -10.366 -0.77431 0.019633 9902.1 2419 2986.8 0 0
66500 1.2295 0.39358 1.3789 -1.3589 0.32989 0 404.94 0.42735 -0.76813 0.019741 9952.7 2427 2988.4 0 0
66600 1.269 0.38525 1.4191 -0.87584 0.30986 0 402.18 4.6289 -0.76741 0.019738 9981.5 2428 2990 0 0
66700 1.2208 0.38072 1.3657 -1.125 0.29947 0 389.03 1.6731 -0.76465 0.019672 10019 2428 2991.6 0 0
66800 1.2358 0.40877 1.4048 -1.247 0.33894 0 401.95 -2.4701 -0.7644 0.019672 10044 2431 2993.2 0 0
66900 1.23 0.40292 1.388 -1.2393 0.31076 0 380.24 -1.2543 -0.7637 0.019643 10072 2432 2995 0 0
67000 1.2439 0.42626 1.3475 -1.1494 0.32278 0 404.57 -6.4721 -0.7615 0.019575 10105 2435 2996.9 0 0
67100 1.1666 0.41624 1.4009 -1.1741 0.32406 0 418.03 -10.605 -0.75845 0.019548 10138 2436 2998.8 0 0
67200 1.205 0.40977 1.3503 -1.0954 0.32732 0 417.47 -5.4329 -0.7583 0.019558 10162 2433 3000.8 0 0
67300 1.2259 0.40581 1.444 -0.99913 0.31516 0 411.54 -2.0328 -0.75505 0.019576 10198 2432 3002.7 0 0
67400 1.1835 0.42079 1.3714 -1.3452 0.32138 0 411.11 -10.433 -0.75548 0.01954 10219 2435 3004.5 0 0
67500 1.2284 0.42882 1.3912 -1.1607 0.30748 0 414.97 -7.9604 -0.75584 0.019539 10241 2435 3006.2 0 0
67600 1.1686 0.39533 1.3406 -1.0354 0.33268 0 407.82 -3.6882 -0.7552 0.019565 10267 2434 3008.1 0 0
67700 1.2037 0.41431 1.3711 -0.88666 0.31592 0 396.91 -5.7813 -0.75647 0.019565 10284 2430 3010 0 0
67800 1.2213 0.45724 1.4713 -1.1051 0.30415 0 399.3 -19.472 -0.7577 0.019569 10302 2428 3011.8 0 0
67900 1.172 0.44628 1.4076 -1.0401 0.30989 0 411.27 -20.685 -0.76093 0.019538 10306 2432 3014 0 0
68000 1.2109 0.39062 1.3864 -0.87021 0.35137 0 414.91 -0.66706 -0.76367 0.019499 10314 2437 3016 0 0
68100 1.175 0.44383 1.3722 -1.0689 0.3426 0 416.8 -18.972 -0.76452 0.019485 10333 2438 3017.8 0 0
68200 1.2118 0.4199 1.3952 -0.99098 0.31399 0 410.47 -5.7999 -0.76643 0.019494 10346 2437 3019.5 0 0
68300 1.2227 0.37226 1.4295 -1.1192 0.31093 0 398.67 2.8608 -0.76841 0.019481 10358 2439 3021.2 0 0
68400 1.2977 0.39597 1.4728 -1.2602 0.31001 0 403.57 2.7248 -0.77133 0.019456 10365 2442 3023 0 0
68500 1.2595 0.38967 1.4186 -1.065 0.31224 0 406.11 3.8175 -0.77358 0.019458 10376 2445 3024.7 0 0
68600 1.2355 0.431 1.4621 -1.0389 0.35317 0 412.72 -7.6292 -0.77563 0.01943 10388 2449 3026.4 0 0
68700 1.1815 0.41251 1.4041 -1.1108 0.31467 0 416.74 -7.1344 -0.77756 0.019453 10401 2451 3028.1 0 0
68800 1.225 0.4257 1.4198 -1.0135 0.31856 0 403.37 -6.0389 -0.77989 0.019413 10411 2452 3029.7 0 0
68900 1.1951 0.40382 1.3964 -1.2158 0.34687 0 386.54 -3.6886 -0.78241 0.019419 10420 2454 3031.4 0 0
69000 1.2148 0.38144 1.4362 -1.1046 0.3098 0 409.19 1.3097 -0.78482 0.019409 10430 2456 3033.1 0 0
69100 1.1318 0.43698 1.3849 -1.1277 0.34084 0 412.21 -21.281 -0.78779 0.019395 10436 2458 3034.9 0 0
69200 1.2004 0.45635 1.4391 -1.1961 0.34646 0 414.66 -20.944 -0.7911 0.019381 10439 2460 3036.8 0 0
69300 1.1926 0.4454 1.3885 -1.2081 0.31517 0 392.42 -16.519 -0.79364 0.019408 10448 2457 3038.8 0 0
69400 1.232 0.43537 1.4532 -1.1545 0.2952 0 388.67 -8.4519 -0.79589 0.019395 10459 2457 3040.8 0 0
69500 1.2319 0.46999 1.4484 -1.1967 0.30551 0 424.87 -24.079 -0.79858 0.019354 10466 2463 3043.1 0 0
69600 1.1652 0.44385 1.3945 -1.0959 0.33497 0 417.74 -19.507 -0.80161 0.019332 10472 2466 3045.4 0 0
69700 1.1529 0.46934 1.4324 -1.1568 0.30296 0 401.31 -33.945 -0.80481 0.019312 10475 2469 3047.6 0 0
69800 1.1738 0.44088 1.4317 -1.0289 0.31633 0 402.79 -17.02 -0.8083 0.01925 10477 2477 3050.1 0 0
69900 1.1783 0.45555 1.4332 -1.0104 0.33443 0 394.69 -22.224 -0.81132 0.019204 10482 2483 3052.3 0 0
70000 1.1454 0.45499 1.3585 -1.1867 0.32796 0 393.83 -27.131 -0.81411 0.01923 10489 2479 3055 0 0
70100 1.2498 0.46616 1.4339 -1.1791 0.31025 0 395.1 -21.514 -0.81586 0.019241 10502 2478 3057.3 0 0
70200 1.2674 0.45537 1.4267 -1.0686 0.35351 0 412.28 -17.555 -0.81197 0.019244 10537 2479 3059.4 0 0
70300 1.2091 0.45598 1.4215 -1.0662 0.33428 0 414.3 -18.346 -0.80599 0.019292 10571 2482 3061.6 0 0
70400 1.2942 0.45434 1.5132 -0.95738 0.32882 0 397.67 -19.017 -0.80344 0.01926 10606 2487 3063.7 0 0
70500 1.1707 0.45262 1.434 -1.0044 0.33433 0 417.64 -21.734 -0.8 0.019351 10645 2489 3065.9 0 0
70600 1.1817 0.47681 1.4728 -1.1891 0.33908 0 412.57 -31.216 -0.79397 0.019281 10689 2494 3068 2.3215 0
70700 1.1587 0.47229 1.3938 -0.89445 0.33687 0 405.29 -33.167 -0.78942 0.019304 10730 2493 3070.4 0.26321 0
70800 1.2366 0.4619 1.4677 -1.1188 0.32122 0 391.37 -18.447 -0.79012 0.019311 10750 2494 3072.7 0 0
70900 1.2501 0.47221 1.4532 -0.99743 0.32947 0 409.43 -24.218 -0.7911 0.019306 10768 2495 3075.1 0.2435 0
71000 1.2708 0.4762 1.5069 -1.1507 0.34453 0 404.8 -27.709 -0.79354 0.019297 10777 2496 3077.4 1.9247 0
71100 1.1588 0.45955 1.4552 -1.1371 0.3123 0 412.51 -26.195 -0.79486 0.019273 10792 2500 3079.8 0 0
71200 1.2172 0.42915 1.5012 -1.0486 0.32564 0 415.7 -6.7474 -0.79211 0.019285 10828 2504 3082 0 0
71300 1.1732 0.44693 1.4284 -1.1842 0.35117 0 411.51 -17.916 -0.79212 0.01929 10851 2502 3083.9 0 0
71400 1.1636 0.45743 1.3629 -1.2139 0.32868 0 395.44 -23.779 -0.7942 0.019291 10863 2502 3085.9 0 0
71500 1.1424 0.44163 1.3549 -1.0078 0.29493 0 393.37 -21.515 -0.79447 0.019309 10886 2500 3087.9 0 0
71600 1.2672 0.45775 1.4961 -1.11 0.32384 0 414.82 -17.826 -0.79587 0.019276 10902 2501 3090 0 0
71700 1.2305 0.38277 1.4358 -0.98784 0.31707 0 412.09 2.6436 -0.79718 0.019282 10919 2504 3091.6 0 0
71800 1.2615 0.44465 1.4569 -1.2013 0.3418 0 391.92 -11.895 -0.79653 0.019291 10945 2503 3093.3 0 0
71900 1.233 0.39973 1.437 -1.0989 0.3321 0 413.35 1.0957 -0.79676 0.019282 10970 2505 3094.9 0 0
72000 1.1637 0.40187 1.4019 -1.2167 0.29785 0 412.44 -5.7144 -0.79702 0.019322 10993 2504 3096.5 0 0
72100 1.1974 0.46568 1.4152 -1.0742 0.35019 0 394.44 -21.258 -0.79924 0.019305 11004 2506 3098.1 0 0
72200 1.1842 0.45306 1.3809 -1.2228 0.33148 0 406.35 -18.087 -0.80244 0.019309 11007 2505 3100.1 0 0
72300 1.1967 0.39246 1.3472 -1.0149 0.31133 0 394.16 -1.3404 -0.80507 0.019336 11015 2503 3101.9 0 0
72400 1.2191 0.40352 1.435 -1.1919 0.33437 0 395.57 -0.13867 -0.80775 0.019315 11021 2509 3103.5 0 0
72500 1.2201 0.44577 1.4302 -1.2014 0.31103 0 399.07 -11.28 -0.8108 0.019306 11025 2511 3105.3 0 0
72600 1.1487 0.43252 1.3493 -1.1641 0.30946 0 407.7 -16.885 -0.81424 0.019262 11026 2517 3107.4 0 0
72700 1.2138 0.39855 1.3294 -1.1565 0.33059 0 401.81 -0.33408 -0.81739 0.019255 11030 2518 3109.3 0 0
72800 1.1942 0.42037 1.3984 -0.86835 0.34963 0 392.66 -5.812 -0.81962 0.019245 11039 2519 3110.9 0 0
72900 1.2083 0.39058 1.2836 -1.1918 0.32044 0 384.1 0.17898 -0.8199 0.019266 11063 2524 3112.4 0 0
73000 1.1963 0.41867 1.3616 -1.1634 0.30853 0 379.64 -5.0362 -0.82182 0.019275 11076 2530 3114 0 0
73100 1.1913 0.3652 1.3339 -1.1331 0.31417 0 377.4 3.1411 -0.8241 0.019283 11086 2530 3115.6 0 0
73200 1.2044 0.37736 1.3617 -1.1818 0.31513 0 397.82 1.6022 -0.82468 0.019292 11108 2529 3117.1 0 0
73300 1.1325 0.41211 1.3149 -0.99378 0.30732 0 377.64 -11.933 -0.82431 0.019305 11137 2533 3118.6 0 0
73400 1.1596 0.41238 1.2905 -1.2708 0.36716 0 408.44 -8.0844 -0.82417 0.019282 11163 2532 3120.2 0 0
73500 1.2705 0.40729 1.3578 -1.159 0.34524 0 398.6 0.11265 -0.82595 0.019267 11176 2531 3121.9 0 0
73600 1.2474 0.43889 1.4867 -1.0375 0.36139 0 405.37 -8.7838 -0.82686 0.019246 11195 2534 3123.4 0 0
73700 1.1866 0.42166 1.405 -1.1714 0.35486 0 401.71 -6.4161 -0.82821 0.019211 11212 2539 3125 0 0
73800 1.2363 0.39397 1.4015 -1.1416 0.3443 0 397.57 2.6031 -0.82846 0.019211 11236 2536 3126.5 0 0
73900 1.2003 0.36088 1.3566 -0.89311 0.32148 0 383.92 3.5943 -0.82264 0.019421 11293 2541 3127.9 0 0
74000 1.1841 0.39825 1.3703 -1.0367 0.37 0 394.02 -1.7134 -0.81803 0.019435 11344 2543 3129.3 0 0
74100 1.1765 0.41555 1.3202 -1.1482 0.32705 0 402.18 -6.2318 -0.8154 0.019388 11385 2543 3130.9 0 0
74200 1.2073 0.38611 1.3215 -1.1465 0.34318 0 425.32 1.8657 -0.81163 0.019362 11430 2548 3132.4 0 0
74300 1.2377 0.34464 1.3646 -0.95504 0.34006 0 423.88 4.5232 -0.80525 0.019331 11489 2558 3133.8 0 0
74400 1.2332 0.35937 1.346 -1.1472 0.35208 0 393.75 4.3258 -0.79465 0.01927 11565 2564 3135.2 0 0
74500 1.1815 0.36123 1.3588 -1.0571 0.33703 0 387.63 3.6427 -0.78437 0.019095 11644 2569 3136.6 0 0
74600 1.2293 0.38421 1.3492 -1.2314 0.32914 0 400.11 3.3355 -0.77112 0.019278 11726 2578 3137.9 0 0
74700 1.2215 0.37401 1.3958 -1.1197 0.35006 0 390.94 3.7884 -0.75854 0.019458 11808 2581 3139.2 0 0
74800 1.2313 0.3777 1.383 -1.1828 0.35414 0 387.44 4.2729 -0.74694 0.019543 11889 2580 3140.6 0 0
74900 1.2117 0.40383 1.3759 -0.90983 0.30259 0 404.94 -0.053722 -0.73994 0.019489 11953 2586 3142 0 0
75000 1.173 0.367 1.2766 -0.98473 0.35109 0 383.5 2.9465 -0.7281 0.019644 12022 2593 3143.4 0 0
75100 1.2797 0.42155 1.4207 -1.185 0.32785 0 403.52 -4.2854 -0.71885 0.01958 12091 2597 3144.7 0 0
75200 1.1968 0.40843 1.4024 -1.02 0.34604 0 409.95 -2.2457 -0.7126 0.0196 12154 2602 3146 0 0
75300 1.2357 0.37269 1.3667 -0.973 0.34138 0 400.62 5.1307 -0.70564 0.019635 12219 2602 3147.4 0 0
75400 1.2649 0.38834 1.4282 -1.2988 0.34334 0 375.37 4.2185 -0.69788 0.019602 12280 2602 3148.7 0 0
75500 1.2513 0.33447 1.416 -1.1785 0.33702 0 414.27 5.3692 -0.68829 0.019521 12349 2600 3150 0 0
75600 1.3263 0.39308 1.4274 -1.1319 0.35881 0 389.84 1.9488 -0.67961 0.019519 12399 2602 3151.2 0 0
75700 1.2585 0.37633 1.3712 -0.89367 0.33582 0 397.91 5.4514 -0.6749 0.019473 12432 2609 3152.5 0 0
75800 1.3605 0.38156 1.446 -1.0339 0.34596 0 403.78 1.1157 -0.66658 0.01936 12462 2608 3153.8 0 0
75900 1.2981 0.38136 1.4635 -0.99892 0.32064 0 396.91 5.7214 -0.66402 0.019559 12491 2609 3155.1 0 0
76000 1.2726 0.35501 1.3492 -0.97514 0.34891 0 384.77 7.491 -0.65476 0.019376 12514 2605 3156.4 0 0
76100 1.3141 0.36718 1.3712 -1.0014 0.33964 0 405.77 7.1483 -0.64571 0.019282 12537 2615 3157.6 0 0
76200 1.2757 0.35465 1.3968 -1.1813 0.3379 0 393.61 7.6521 -0.6418 0.019615 12572 2620 3158.9 0 0
76300 1.2076 0.36856 1.3651 -1.1885 0.33959 0 387.91 3.7755 -0.63623 0.019479 12604 2621 3160.1 0 0
76400 1.2667 0.35912 1.418 -1.1312 0.35326 0 386.57 7.0416 -0.63068 0.01951 12635 2622 3161.4 0 0
76500 1.3696 0.36991 1.4141 -1.1536 0.33501 0 393.73 1.9007 -0.62658 0.019392 12666 2624 3162.7 0 0
76600 1.259 0.3802 1.3455 -1.1091 0.34236 0 408.05 5.3308 -0.62597 0.01936 12688 2625 3164.2 0 0
76700 1.2385 0.38884 1.381 -1.3006 0.33073 0 375.31 4.0482 -0.62206 0.019309 12726 2626 3165.5 0 0
76800 1.2323 0.3758 1.4096 -1.0576 0.36299 0 383.28 5.205 -0.6165 0.01918 12772 2627 3166.8 0 0
76900 1.3079 0.38516 1.443 -1.3905 0.33462 0 395.55 5.0976 -0.61449 0.019193 12792 2626 3168.2 0 0
77000 1.2673 0.32742 1.4072 -1.1067 0.30732 0 396.05 6.0084 -0.60977 0.019283 12817 2628 3169.6 0 0
77100 1.2297 0.35979 1.3896 -1.1077 0.33775 0 388.94 5.063 -0.60172 0.019362 12846 2630 3170.8 0 0
77200 1.2166 0.36119 1.4154 -1.1887 0.35216 0 361.38 4.4749 -0.59432 0.019534 12888 2633 3172 0 0
77300 1.246 0.38675 1.3759 -0.8798 0.34135 0 397.36 4.6101 -0.59073 0.019498 12934 2636 3173.2 0 0
77400 1.2158 0.37724 1.4021 -1.1687 0.32633 0 395.25 3.8869 -0.58754 0.019499 12974 2644 3174.4 0 0
77500 1.2689 0.3555 1.3895 -1.1814 0.32694 0 387.08 7.4561 -0.58234 0.019321 13013 2645 3175.7 0 0
77600 1.2541 0.34252 1.3752 -1.2543 0.31324 0 409.25 5.6159 -0.57113 0.019305 13081 2649 3176.9 0 0
77700 1.2406 0.34561 1.3692 -1.2753 0.31365 0 384.59 5.2207 -0.5626 0.019397 13131 2653 3178.1 0 0
77800 1.2585 0.38392 1.3996 -0.96774 0.31116 0 395.42 5.374 -0.55243 0.019278 13199 2651 3179.4 0 0
77900 1.2375 0.36039 1.4053 -1.1565 0.34664 0 407.79 5.8405 -0.54274 0.019271 13270 2654 3180.6 0 0
78000 1.231 0.36071 1.4181 -0.93986 0.33536 0 389.23 5.5564 -0.53519 0.019545 13320 2658 3181.7 0 0
78100 1.2614 0.37832 1.3562 -0.95646 0.29831 0 382.22 5.9224 -0.5228 0.019873 13388 2658 3182.8 0 0
78200 1.1988 0.36302 1.3719 -1.3019 0.32036 0 382.57 4.0358 -0.51114 0.019974 13447 2664 3183.9 0 0
78300 1.2896 0.33048 1.4268 -1.1253 0.30947 0 393.33 6.9914 -0.50237 0.019668 13491 2668 3185.1 0 0
78400 1.2201 0.32713 1.3891 -1.0959 0.31545 0 381.82 5.2735 -0.49248 0.019587 13540 2668 3186.2 0 0
78500 1.2274 0.33364 1.3756 -1.2012 0.34262 0 400.41 4.8304 -0.48388 0.019487 13604 2666 3187.4 0 0
78600 1.2414 0.33864 1.3648 -1.1633 0.31125 0 404.6 5.2199 -0.47672 0.019508 13653 2665 3188.5 0 0
78700 1.2287 0.39723 1.389 -1.1144 0.32991 0 402.03 2.2746 -0.47154 0.019521 13687 2667 3189.7 0 0
78800 1.2237 0.43432 1.39 -1.026 0.33749 0 358.04 -7.1067 -0.46953 0.01939 13708 2667 3191 0 0
78900 1.2936 0.40963 1.453 -0.9601 0.31067 0 362.92 -1.1823 -0.47142 0.019355 13720 2672 3192.4 0 0
79000 1.3326 0.39884 1.4611 -0.97602 0.35872 0 358.27 -0.047991 -0.47327 0.019349 13732 2673 3193.8 0 0
79100 1.2839 0.43316 1.4741 -1.2044 0.35006 0 378.18 -8.835 -0.47265 0.019346 13750 2675 3195.1 0 0
79200 1.2221 0.39346 1.4058 -1.0172 0.34012 0 376.25 2.6317 -0.47445 0.019312 13763 2680 3196.4 0 0
79300 1.1997 0.4332 1.4173 -1.2243 0.33622 0 378.04 -8.8115 -0.47541 0.019272 13781 2687 3197.8 0 0
79400 1.3558 0.39143 1.475 -1.1022 0.32302 0 395.27 -0.49053 -0.47505 0.019277 13803 2687 3199 0 0
79500 1.2785 0.42284 1.402 -1.336 0.3174 0 394.96 -4.3156 -0.47333 0.019275 13838 2686 3200.4 0 0
79600 1.2397 0.43628 1.358 -0.98943 0.32532 0 405.03 -8.0557 -0.4738 0.019301 13861 2687 3201.9 0 0
79700 1.2756 0.43083 1.387 -0.98251 0.36512 0 386.35 -6.8968 -0.47424 0.019195 13885 2699 3203.4 0 0
79800 1.305 0.43087 1.4636 -1.1242 0.36808 0 385.02 -9.4316 -0.47195 0.019209 13926 2698 3204.8 0 0
79900 1.2987 0.43456 1.4824 -1.0519 0.30189 0 381.97 -10.045 -0.47309 0.019239 13944 2694 3206.5 0 0
80000 1.1596 0.39436 1.356 -1.0854 0.37025 0 388.45 -3.4196 -0.47244 0.019184 13976 2698 3207.9 0 0
80100 1.2241 0.39743 1.402 -1.0779 0.30834 0 385.44 2.4143 -0.46913 0.019165 14027 2701 3209.2 0 0
80200 1.2387 0.42032 1.4052 -1.1604 0.29659 0 402.77 -2.3003 -0.46949 0.019166 14050 2702 3210.6 0 0
80300 1.2134 0.41683 1.381 -1.0755 0.31466 0 412.21 -2.2421 -0.4708 0.019144 14067 2705 3212 0 0
80400 1.3166 0.4317 1.4771 -0.96567 0.30626 0 385.27 -11.051 -0.46793 0.01913 14112 2708 3213.4 0 0
80500 1.2022 0.3848 1.3533 -1.0869 0.30668 0 386.5 2.8856 -0.46243 0.019117 14172 2711 3214.7 0 0
80600 1.1977 0.3574 1.3426 -1.2125 0.31834 0 384.3 4.4034 -0.45431 0.019237 14245 2721 3215.9 0 0
80700 1.1809 0.37021 1.35 -1.0982 0.32841 0 403.29 2.7352 -0.45025 0.0191 14297 2723 3217.2 0 0
80800 1.253 0.36153 1.3803 -1.1494 0.33482 0 389.38 6.791 -0.44151 0.019151 14368 2734 3218.4 0 0
80900 1.2691 0.41236 1.48 -1.0509 0.32664 0 393.97 -0.39236 -0.44163 0.019206 14394 2734 3219.9 0 0
81000 1.2804 0.44042 1.3441 -0.99408 0.30558 0 381.29 -11.247 -0.44189 0.019222 14416 2732 3221.5 0 0
81100 1.1792 0.42222 1.3506 -1.1079 0.32082 0 389.04 -7.6609 -0.43864 0.019124 14464 2728 3222.7 0 0
81200 1.2032 0.40997 1.2867 -0.99962 0.30959 0 388.69 -1.2619 -0.43182 0.019168 14526 2736 3224 0 0
81300 1.1962 0.41224 1.3907 -1.1988 0.30967 0 407.59 -2.6927 -0.42551 0.019082 14587 2738 3225.3 0 0
81400 1.1728 0.4036 1.3004 -1.014 0.34658 0 370.55 -4.073 -0.41958 0.019048 14645 2740 3226.7 0 0
81500 1.2737 0.41515 1.3993 -1.151 0.29451 0 380.44 -1.2101 -0.41361 0.019034 14708 2748 3227.9 0 0
81600 1.1876 0.45309 1.3748 -1.0684 0.32012 0 403.76 -17.981 -0.40999 0.019075 14754 2749 3229.3 0 0
81700 1.1513 0.40719 1.37 -1.1631 0.2962 0 368.51 -8.2475 -0.40858 0.019019 14790 2749 3230.8 0 0
81800 1.1673 0.44057 1.3583 -0.92732 0.34186 0 412.37 -16.177 -0.40649 0.019101 14829 2750 3232.4 0 0
81900 1.2042 0.39369 1.3397 -0.97626 0.31964 0 395.9 2.1606 -0.40214 0.019135 14881 2748 3233.8 0 0
82000 1.1794 0.38853 1.3808 -1.0511 0.31431 0 383.85 0.32364 -0.39601 0.019173 14941 2752 3235 0 0
82100 1.2505 0.34426 1.4045 -0.91523 0.34284 0 392.1 5.906 -0.38907 0.019175 15010 2752 3236.2 0 0
82200 1.2542 0.36016 1.3268 -1.0385 0.31971 0 403.81 6.8873 -0.38124 0.019098 15083 2754 3237.4 0 0
82300 1.2202 0.36296 1.3766 -1.1473 0.31281 0 409.06 5.5107 -0.37436 0.01905 15145 2757 3238.6 0 0
82400 1.2125 0.37021 1.4158 -1.1583 0.31148 0 388.14 4.9672 -0.36689 0.019084 15211 2761 3239.8 0 0
82500 1.2098 0.36974 1.303 -1.0456 0.32088 0 384.2 4.926 -0.36037 0.019002 15279 2758 3241.1 0 0
82600 1.1964 0.38231 1.4064 -0.98887 0.31582 0 394.17 3.1758 -0.35159 0.019084 15355 2757 3242.2 0 0
82700 1.2034 0.37706 1.4213 -1.177 0.3376 0 397.57 4.1547 -0.34392 0.019098 15423 2757 3243.4 0 0
82800 1.2394 0.35946 1.3818 -1.2272 0.30991 0 378.53 6.5264 -0.33612 0.019105 15497 2756 3244.5 0 0
82900 1.1793 0.35584 1.3749 -1.0676 0.35275 0 379.59 3.7131 -0.32785 0.019252 15574 2755 3245.6 0 0
83000 1.2197 0.35276 1.3609 -1.0658 0.34458 0 394.88 5.4843 -0.32096 0.01915 15643 2754 3246.7 0 0
83100 1.221 0.35681 1.3592 -1.0856 0.31464 0 383.46 5.7722 -0.31239 0.019139 15717 2754 3247.8 0 0
83200 1.2165 0.37464 1.3723 -1.0977 0.33931 0 396.43 5.2775 -0.3075 0.01929 15774 2759 3248.9 0 0
83300 1.2607 0.32588 1.3443 -1.0748 0.3372 0 399.1 5.8008 -0.30352 0.019236 15821 2766 3249.9 0 0
83400 1.2436 0.33366 1.3985 -1.2892 0.33906 0 387.64 5.2071 -0.29826 0.019315 15865 2771 3251 0 0
83500 1.1891 0.35571 1.3333 -1.3232 0.34587 0 400.87 4.3421 -0.293 0.019392 15898 2774 3252 0 0
83600 1.204 0.38062 1.3354 -1.0749 0.33397 0 415.08 4.0673 -0.28941 0.019435 15938 2776 3253.1 0 0
83700 1.2549 0.36636 1.3972 -1.0221 0.34223 0 395.42 6.8705 -0.28325 0.019517 15984 2786 3254.2 0 0
83800 1.2054 0.34549 1.3799 -0.87343 0.35833 0 397.72 4.749 -0.27705 0.019399 16021 2783 3255.3 0 0
83900 1.2542 0.40148 1.4089 -1.0086 0.36344 0 395.81 2.9242 -0.27003 0.019299 16058 2786 3256.3 0 0
84000 1.211 0.34033 1.3639 -1.1461 0.33409 0 386.83 5.0947 -0.26529 0.019353 16107 2788 3257.3 0 0
84100 1.2177 0.35003 1.3934 -1.3648 0.35199 0 418.54 5.7072 -0.26275 0.019511 16150 2793 3258.4 0 0
84200 1.1661 0.32768 1.3952 -1.272 0.30663 0 389.84 4.7822 -0.25964 0.019394 16196 2788 3259.4 0 0
84300 1.1522 0.33672 1.3909 -1.3007 0.32749 0 381.75 4.4856 -0.25719 0.019413 16238 2786 3260.5 0 0
84400 1.1361 0.36949 1.3416 -1.1068 0.331 0 411.4 -0.30009 -0.25527 0.019378 16279 2793 3261.5 0 0
84500 1.1674 0.35308 1.436 -1.2453 0.31717 0 384.06 4.1651 -0.25429 0.019377 16315 2796 3262.6 0 0
84600 1.1911 0.3399 1.3477 -1.2155 0.32306 0 374.33 5.252 -0.25149 0.019447 16365 2799 3263.6 0 0
84700 1.1922 0.33287 1.3224 -1.1216 0.31584 0 380.74 5.4053 -0.24858 0.019468 16413 2798 3264.7 0 0
84800 1.2135 0.32311 1.3606 -1.122 0.32033 0 369.83 5.3733 -0.24382 0.019458 16475 2800 3265.7 0 0
84900 1.1608 0.35247 1.4611 -1.1719 0.30945 0 380.91 4.2597 -0.24031 0.019361 16526 2797 3266.8 0 0
85000 1.2264 0.3429 1.3756 -0.95088 0.33993 0 397.34 5.6981 -0.23574 0.019479 16578 2799 3267.8 0 0
85100 1.2481 0.35533 1.4875 -1.1767 0.34308 0 404.48 7.0775 -0.23167 0.0195 16629 2797 3268.8 0 0
85200 1.1522 0.32875 1.41 -0.83298 0.32164 0 399.23 4.5433 -0.22762 0.019488 16679 2799 3269.9 0 0
85300 1.1872 0.31567 1.3613 -1.2018 0.32543 0 361.4 5.6727 -0.22316 0.019544 16731 2803 3270.9 0 0
85400 1.2583 0.30911 1.3758 -0.98632 0.30681 0 389.69 5.9545 -0.21826 0.019561 16786 2799 3271.9 0 0
85500 1.2179 0.32466 1.4113 -1.1117 0.30516 0 369.62 5.9337 -0.21197 0.01957 16848 2801 3272.9 0 0
85600 1.1562 0.37353 1.3893 -1.0706 0.30251 0 380.8 0.57518 -0.20646 0.019557 16909 2800 3273.9 0 0
85700 1.2045 0.3473 1.4439 -1.3083 0.33407 0 401.22 5.5938 -0.20015 0.019382 16982 2800 3275 0 0
85800 1.1446 0.33383 1.3636 -1.0238 0.33212 0 400.87 4.3557 -0.19519 0.019391 17046 2802 3276.1 0 0
85900 1.2237 0.32608 1.4224 -1.2188 0.3182 0 407.51 6.006 -0.19009 0.01963 17109 2810 3277.1 0 0
86000 1.2079 0.43178 1.3949 -0.99314 0.34204 0 403.5 -7.4105 -0.18675 0.01963 17156 2811 3278.1 0 0
86100 1.2154 0.34107 1.3939 -1.1209 0.32969 0 393.71 5.9162 -0.17923 0.019656 17223 2811 3279.1 0 0
86200 1.213 0.34469 1.3715 -1.0355 0.32944 0 387.2 5.9658 -0.17275 0.019622 17280 2816 3280.1 0 0
86300 1.256 0.33927 1.5193 -1.278 0.33627 0 409.34 6.1947 -0.16699 0.019621 17328 2816 3281.1 0 0
86400 1.2316 0.34043 1.3636 -1.228 0.30483 0 397.96 6.1315 -0.15987 0.01966 17394 2817 3282 0 0
86500 1.2439 0.3313 1.4095 -1.1938 0.32951 0 398.78 5.8661 -0.1513 0.019691 17466 2818 3283 0 0
86600 1.1474 0.35511 1.4522 -1.1852 0.31885 0 401.47 2.8388 -0.14493 0.019742 17536 2820 3284 0 0
86700 1.2532 0.31864 1.5135 -1.0986 0.31626 0 367.84 5.7187 -0.13908 0.01973 17589 2821 3285 0 0
86800 1.2033 0.32443 1.3842 -1.1332 0.32349 0 394.65 6.1388 -0.13284 0.019825 17637 2821 3285.9 0 0
86900 1.1921 0.32077 1.4161 -1.4089 0.34688 0 406.94 5.9604 -0.12836 0.019819 17685 2825 3286.8 0 0
87000 1.2512 0.34866 1.4535 -1.2431 0.32692 0 393.61 6.8268 -0.12443 0.019776 17731 2825 3287.8 0 0
87100 1.2611 0.32751 1.4785 -1.064 0.31928 0 395.96 6.0268 -0.11894 0.01986 17777 2824 3288.8 0 0
87200 1.2035 0.30503 1.3426 -1.1508 0.3471 0 401.39 5.1231 -0.11371 0.019869 17825 2822 3289.7 0 0
87300 1.2304 0.32448 1.3955 -1.0678 0.34126 0 398.39 6.2674 -0.10977 0.019855 17871 2823 3290.7 0 0
87400 1.2288 0.31482 1.408 -1.3741 0.30777 0 389.22 6.2307 -0.10599 0.020044 17918 2822 3291.6 0 0
87500 1.2196 0.31381 1.414 -1.1099 0.31246 0 380.9 6.1859 -0.10068 0.020008 17971 2823 3292.5 0 0
87600 1.3023 0.33305 1.3881 -1.134 0.33342 0 414.6 6.6063 -0.094944 0.020094 18030 2825 3293.4 0 0
87700 1.2938 0.32405 1.3819 -0.96533 0.32984 0 417.43 5.8338 -0.088358 0.020013 18091 2825 3294.4 0 0
87800 1.2518 0.30777 1.3897 -1.1939 0.34088 0 399.71 5.9973 -0.081511 0.019897 18150 2825 3295.4 0 0
87900 1.2491 0.32753 1.339 -1.1141 0.33151 0 408.08 6.1243 -0.075181 0.020128 18206 2830 3296.3 0 0
88000 1.2381 0.32739 1.3713 -1.0792 0.30429 0 398.76 6.2397 -0.068844 0.020128 18253 2832 3297.2 0 0
88100 1.258 0.2996 1.3652 -0.90127 0.34389 0 366.47 6.1962 -0.062905 0.019958 18302 2830 3298.1 0 0
88200 1.2813 0.30314 1.3671 -1.2153 0.34902 0 400.61 5.619 -0.057563 0.020286 18358 2833 3299 0 0
88300 1.2579 0.32606 1.3373 -1.1002 0.36406 0 406.01 6.4152 -0.051521 0.020346 18419 2833 3299.9 0 0
88400 1.2683 0.31154 1.344 -0.9116 0.33043 0 404.26 6.2618 -0.044716 0.020483 18479 2830 3300.7 0 0
88500 1.3346 0.33492 1.4171 -1.2067 0.39093 0 406.36 5.238 -0.03965 0.02041 18526 2832 3301.6 0 0
88600 1.2775 0.30709 1.3148 -1.13 0.32092 0 382.83 5.9033 -0.03374 0.020437 18572 2834 3302.5 0 0
88700 1.2647 0.33185 1.3799 -1.1092 0.31862 0 397.28 6.6942 -0.026955 0.02008 18619 2834 3303.5 0 0
88800 1.3116 0.31205 1.3561 -1.1228 0.37274 0 382.34 4.8162 -0.021056 0.020255 18665 2837 3304.4 0 0
88900 1.2423 0.34789 1.3156 -1.1013 0.33699 0 374.84 6.716 -0.014503 0.020249 18708 2839 3305.3 0 0
89000 1.2909 0.35068 1.3905 -1.1575 0.33536 0 391.79 7.659 -0.007507 0.020281 18747 2836 3306.2 0 0
89100 1.2283 0.31883 1.3246 -0.92467 0.32107 0 377.39 6.472 -0.001585 0.02031 18794 2840 3307 0 0
89200 1.2525 0.35845 1.3346 -1.1823 0.35321 0 396.01 6.9426 0.003732 0.020311 18841 2841 3307.9 0 0
89300 1.1768 0.37866 1.3345 -1.2079 0.33664 0 392.44 1.2054 0.009161 0.020465 18878 2843 3308.8 0 0
89400 1.1614 0.33561 1.3181 -1.0378 0.35945 0 397.92 5.1673 0.01495 0.02041 18935 2842 3309.7 0 0
89500 1.2077 0.30206 1.327 -1.1302 0.31528 0 404.21 5.1478 0.022051 0.020429 19005 2847 3310.5 0 0
89600 1.2584 0.32963 1.2868 -1.1297 0.36694 0 382.07 6.8852 0.030342 0.02043 19071 2843 3311.4 0 0
89700 1.1772 0.35124 1.2734 -1.0938 0.33006 0 366.98 4.6754 0.037267 0.020603 19132 2843 3312.2 0 0
89800 1.2286 0.32838 1.331 -1.4131 0.35244 0 387.65 6.9087 0.042192 0.020703 19180 2846 3313.1 0 0
89900 1.2342 0.35106 1.3374 -1.1218 0.36867 0 402.21 6.8076 0.047731 0.020495 19230 2840 3314 0 0
90000 1.2523 0.33043 1.3804 -1.1092 0.31056 0 359.26 6.8544 0.053894 0.020423 19284 2844 3314.9 0 0
90100 1.2558 0.32735 1.3775 -1.0896 0.37064 0 399.93 6.8147 0.059562 0.02032 19332 2845 3315.8 0 0
90200 1.2149 0.31809 1.3091 -1.1136 0.33173 0 396.54 6.2586 0.067949 0.020476 19393 2848 3316.6 0 0
90300 1.2297 0.32956 1.3616 -1.2256 0.35945 0 387.94 7.0266 0.074231 0.020578 19439 2849 3317.4 0 0
90400 1.1873 0.34937 1.3703 -1.1003 0.33317 0 406.61 5.544 0.081973 0.020389 19502 2845 3318.3 0 0
90500 1.2492 0.31598 1.4499 -1.0078 0.3605 0 369.3 6.1194 0.090834 0.020646 19568 2852 3319.1 0 0
90600 1.2504 0.35178 1.4511 -1.0221 0.32394 0 363.76 7.2515 0.1015 0.020724 19647 2851 3319.9 0 0
90700 1.2394 0.3555 1.3454 -1.3087 0.31992 0 385.77 7.0306 0.11322 0.020824 19720 2852 3320.7 0 0
90800 1.2607 0.31422 1.4247 -1.117 0.35864 0 378.66 6.2289 0.1237 0.020729 19794 2850 3321.5 0 0
90900 1.2215 0.34364 1.3607 -0.99788 0.35023 0 407.68 6.8683 0.13311 0.0206 19868 2850 3322.4 0 0
91000 1.2096 0.36 1.3684 -1.0373 0.34471 0 395.57 5.6928 0.14347 0.020439 19936 2849 3323.2 0 0
91100 1.2045 0.33897 1.3414 -1.0586 0.32496 0 403.7 6.8922 0.15299 0.020445 20010 2850 3324 0 0
91200 1.2742 0.33418 1.3879 -1.2998 0.29998 0 376.71 7.0602 0.16331 0.020456 20080 2851 3324.8 0 0
91300 1.286 0.34682 1.3928 -1.0615 0.33238 0 373.83 7.647 0.17264 0.02047 20155 2852 3325.7 0 0
91400 1.1907 0.31545 1.3459 -1.1912 0.33358 0 357.48 5.4963 0.18021 0.020501 20215 2852 3326.5 0 0
91500 1.2168 0.31354 1.4004 -0.97481 0.32363 0 373.12 6.1938 0.18791 0.020539 20296 2853 3327.3 0 0
91600 1.23 0.34913 1.3778 -1.0866 0.35255 0 380.65 7.1111 0.19915 0.020588 20378 2852 3328.1 0 0
91700 1.2169 0.32933 1.3095 -0.97739 0.30958 0 371.33 6.9173 0.20938 0.020681 20451 2853 3328.8 0 0
91800 1.2442 0.33037 1.3196 -1.1464 0.34515 0 408.46 7.1831 0.22 0.020888 20527 2852 3329.6 0 0
91900 1.2096 0.35459 1.3707 -0.9201 0.3273 0 404.74 6.0474 0.22976 0.020972 20606 2853 3330.3 0 0
92000 1.2402 0.33098 1.3654 -1.0084 0.32966 0 408.67 7.2398 0.24015 0.020963 20678 2853 3331.1 0 0
92100 1.2635 0.36859 1.3348 -1.1954 0.3078 0 395.45 6.3463 0.24954 0.021118 20754 2851 3331.9 0 0
92200 1.1859 0.36381 1.2769 -1.1452 0.30789 0 406.91 3.9102 0.25856 0.021079 20812 2851 3332.6 0 0
92300 1.2331 0.3327 1.3639 -1.0838 0.31687 0 405.8 7.4098 0.26821 0.020995 20888 2851 3333.4 0 0
92400 1.2183 0.31903 1.3453 -1.2345 0.34345 0 396.61 6.5676 0.27465 0.020903 20946 2852 3334.2 0 0
92500 1.2979 0.30902 1.3952 -0.93573 0.33034 0 393.14 5.4905 0.28072 0.0208 21007 2852 3335 0 0
92600 1.2113 0.30198 1.3422 -1.3465 0.30905 0 393.01 5.1761 0.28731 0.020952 21076 2858 3335.7 0 0
92700 1.1718 0.33029 1.4224 -1.1734 0.3429 0 394.72 5.2962 0.29309 0.020974 21127 2862 3336.5 0 0
92800 1.2162 0.30442 1.2818 -0.91482 0.32563 0 374.56 5.629 0.29976 0.020852 21197 2863 3337.2 0 0
92900 1.265 0.3571 1.404 -0.92525 0.31244 0 416.86 7.3238 0.30781 0.021119 21276 2870 3338 0 0
93000 1.2609 0.3261 1.3905 -1.2039 0.3333 0 401.82 7.2532 0.31446 0.021107 21321 2874 3338.7 0 0
93100 1.1979 0.36027 1.3717 -1.0154 0.33088 0 398.08 4.9881 0.32053 0.020993 21363 2878 3339.5 0 0
93200 1.223 0.31503 1.3206 -0.90979 0.34965 0 387.87 6.759 0.32693 0.021111 21424 2883 3340.2 0 0
93300 1.1883 0.32067 1.3617 -0.92568 0.32706 0 399.49 5.8246 0.3355 0.021332 21492 2886 3340.9 0 0
93400 1.2376 0.32412 1.3896 -1.2614 0.31645 0 411.1 7.1876 0.34004 0.021389 21548 2887 3341.6 0 0
93500 1.1816 0.32546 1.3259 -1.0672 0.36746 0 428.71 5.8094 0.34586 0.021333 21601 2889 3342.4 0 0
93600 1.2437 0.35132 1.3528 -1.1521 0.338 0 403.2 7.2483 0.35235 0.021391 21679 2890 3343.1 0 0
93700 1.2227 0.34038 1.3767 -0.95331 0.36813 0 403.83 7.4349 0.35897 0.021285 21748 2895 3343.9 0 0
93800 1.2073 0.32269 1.3271 -1.2257 0.33839 0 384.33 6.6688 0.36724 0.021279 21826 2895 3344.6 0 0
93900 1.2884 0.32324 1.4154 -1.0411 0.31151 0 392.03 6.0279 0.37681 0.021436 21903 2903 3345.3 0 0
94000 1.2049 0.34969 1.3636 -1.1824 0.3571 0 380.13 6.4901 0.38649 0.021524 21982 2905 3346 0 0
94100 1.2162 0.34852 1.4008 -1.1092 0.33958 0 391.51 6.6997 0.39604 0.021323 22059 2909 3346.7 0 0
94200 1.2157 0.37151 1.3515 -0.94929 0.34542 0 407.24 5.0528 0.39938 0.021197 22119 2922 3347.5 0 0
94300 1.1482 0.38182 1.3594 -1.156 0.35476 0 406.66 -3.213 0.40041 0.021125 22163 2924 3348.4 0 0
94400 1.1764 0.37653 1.3946 -1.1191 0.32811 0 401.1 1.1766 0.40384 0.020901 22229 2926 3349.2 0 0
94500 1.2644 0.38793 1.3956 -1.2067 0.33373 0 431.11 4.1766 0.40746 0.020931 22292 2927 3350 0 0
94600 1.1951 0.3801 1.3953 -1.0579 0.30198 0 391.78 2.8199 0.41121 0.020882 22356 2935 3350.7 0 0
94700 1.3087 0.34199 1.3832 -1.1489 0.32608 0 387.77 6.5663 0.4166 0.020787 22432 2937 3351.5 0 0
94800 1.2254 0.34195 1.3718 -1.0315 0.3087 0 390.45 7.5466 0.42307 0.020753 22504 2938 3352.3 0 0
94900 1.2738 0.40783 1.4327 -1.0378 0.35789 0 359 -0.4822 0.42665 0.020686 22570 2946 3353.1 0 0
95000 1.1677 0.3757 1.3668 -0.96956 0.32321 0 362.52 0.83138 0.42897 0.020741 22622 2953 3353.9 0 0
95100 1.1616 0.41241 1.3596 -1.0883 0.32295 0 375.01 -9.1305 0.43241 0.020729 22674 2962 3354.8 0 0
95200 1.2702 0.37711 1.3951 -1.1722 0.29864 0 370.24 5.706 0.4345 0.020604 22728 2976 3355.7 0 0
95300 1.2411 0.37039 1.4483 -0.76966 0.31081 0 364.85 6.1743 0.43985 0.020742 22797 2977 3356.4 0 0
95400 1.2811 0.37507 1.4206 -0.80772 0.33002 0 385.55 5.7446 0.44418 0.020949 22865 2979 3357.1 0 0
95500 1.2327 0.33534 1.3584 -1.0193 0.3153 0 385.25 7.6329 0.45018 0.020985 22925 2981 3357.9 0 0
95600 1.2286 0.36608 1.4069 -1.1376 0.351 0 368.22 6.1649 0.45483 0.02096 22992 2983 3358.6 0 0
95700 1.2733 0.35399 1.4541 -1.2711 0.34435 0 355.91 7.3811 0.46077 0.020827 23070 2987 3359.4 0 0
95800 1.2577 0.35274 1.4386 -1.1534 0.32401 0 365.97 7.5097 0.46661 0.020901 23142 2993 3360.1 0 0
95900 1.2619 0.37671 1.4021 -1.1683 0.33352 0 377.73 5.8236 0.47398 0.020992 23211 2995 3360.8 0 0
96000 1.2691 0.3383 1.3909 -1.1146 0.30652 0 360.08 7.2042 0.47945 0.021034 23276 2996 3361.5 0 0
96100 1.337 0.30685 1.4819 -1.1401 0.31917 0 385.28 2.9076 0.48638 0.021057 23356 3004 3362.3 0 0
96200 1.243 0.30108 1.3798 -1.2236 0.31386 0 351 5.8979 0.49229 0.021082 23436 3002 3363 0 0
96300 1.2897 0.30861 1.4355 -1.0639 0.32647 0 360.06 5.7741 0.49925 0.021206 23513 3006 3363.7 0 0
96400 1.2279 0.33447 1.4101 -1.1285 0.30876 0 362.72 7.5844 0.50531 0.020992 23574 3006 3364.4 0 0
96500 1.274 0.34925 1.4358 -1.0948 0.29938 0 365.23 7.3687 0.5127 0.021165 23634 3007 3365.1 0 0
96600 1.1502 0.32219 1.2579 -1.0798 0.33642 0 375.11 3.144 0.51855 0.021212 23702 3006 3365.8 0 0
96700 1.2236 0.29853 1.3345 -1.0695 0.32453 0 368.05 5.5624 0.52467 0.021203 23786 3005 3366.5 0 0
96800 1.2088 0.33864 1.3496 -1.0888 0.32239 0 369.62 7.0923 0.53198 0.021103 23857 3007 3367.2 0 0
96900 1.2076 0.32729 1.3282 -1.141 0.33946 0 387.29 6.91 0.53861 0.021275 23925 3007 3367.9 0 0
97000 1.2107 0.32483 1.2454 -1.1112 0.31531 0 379.12 6.8714 0.54416 0.021351 23998 3008 3368.5 0 0
97100 1.1877 0.33663 1.3248 -1.259 0.32288 0 395.84 5.8788 0.55005 0.021209 24069 3005 3369.3 0 0
97200 1.2673 0.29445 1.3581 -1.3076 0.34401 0 384.23 6.1957 0.55772 0.02111 24142 3005 3370 0 0
97300 1.2312 0.33904 1.3551 -1.19 0.33375 0 380.49 7.6035 0.56572 0.021154 24226 3008 3370.6 0 0
97400 1.2268 0.30639 1.3385 -1.4626 0.31434 0 368.85 6.4198 0.57125 0.02122 24299 3009 3371.3 0 0
97500 1.2326 0.3107 1.2968 -1.1895 0.31501 0 386.65 6.7491 0.57824 0.021284 24367 3011 3372 0 0
97600 1.2628 0.31688 1.4049 -1.3193 0.31988 0 395.84 6.8336 0.58654 0.021294 24447 3009 3372.6 0 0
97700 1.2368 0.31507 1.4312 -0.932 0.31335 0 382.9 6.8916 0.59359 0.02132 24521 3010 3373.3 0 0
97800 1.2982 0.2885 1.4225 -1.1823 0.30283 0 384.86 5.584 0.59842 0.021455 24591 3006 3374 0 0
97900 1.2549 0.30284 1.4131 -1.172 0.32026 0 394.16 6.4239 0.6048 0.021645 24661 3009 3374.6 0 0
98000 1.2994 0.34199 1.4324 -1.0917 0.31041 0 391.2 6.9298 0.61375 0.021337 24738 3011 3375.3 0 0
98100 1.2431 0.32765 1.3854 -1.3235 0.32046 0 402.42 7.4898 0.62238 0.021349 24810 3012 3376 0 0
98200 1.2632 0.30756 1.3765 -1.2276 0.30304 0 415.34 6.5203 0.63024 0.021305 24876 3013 3376.6 0 0
98300 1.2143 0.30818 1.3163 -1.2808 0.30225 0 398.52 6.0385 0.638 0.021365 24946 3017 3377.2 0 0
98400 1.2998 0.32837 1.4197 -1.0722 0.29967 0 403.45 6.1833 0.6457 0.021257 25026 3018 3377.9 0 0
98500 1.3163 0.34671 1.4869 -1.1948 0.30673 0 381.47 6.0621 0.65471 0.021172 25098 3020 3378.6 0 0
98600 1.2535 0.33513 1.4207 -1.0684 0.31407 0 385.17 7.8027 0.66562 0.020984 25168 3021 3379.2 0 0
98700 1.352 0.32819 1.4581 -1.0944 0.31654 0 387.55 2.7059 0.67531 0.021236 25240 3027 3379.9 0 0
98800 1.3621 0.30634 1.4995 -1.1745 0.32862 0 376.08 0.15843 0.68094 0.021104 25313 3030 3380.5 0 0
98900 1.2591 0.29419 1.3874 -1.0924 0.3088 0 381.33 6.5807 0.68554 0.02101 25381 3031 3381.3 0 0
99000 1.232 0.30036 1.421 -1.2164 0.32412 0 383.12 6.1328 0.69328 0.021091 25465 3035 3381.9 0 0
99100 1.3813 0.28302 1.4654 -1.1377 0.33791 0 372.73 -3.7215 0.69661 0.021143 25531 3036 3382.6 0 0
99200 1.3325 0.3243 1.3901 -1.128 0.31862 0 381.69 3.9697 0.70158 0.021272 25604 3039 3383.3 0 0
99300 1.2286 0.31957 1.3248 -1.1929 0.34444 0 350.87 7.2014 0.70589 0.021353 25675 3039 3383.9 0 0
99400 1.2731 0.29841 1.3453 -1.0888 0.30814 0 373.16 6.3923 0.71297 0.021334 25758 3039 3384.6 0 0
99500 1.2838 0.3034 1.332 -1.1068 0.32872 0 375.67 6.3435 0.71888 0.021337 25833 3042 3385.2 0 0
99600 1.3077 0.33132 1.3608 -1.0449 0.30397 0 389.46 5.8886 0.72571 0.021193 25909 3043 3385.9 0 0
99700 1.2252 0.31639 1.3329 -1.0614 0.33336 0 387.17 7.2045 0.73214 0.021006 25982 3046 3386.5 0 0
99800 1.2518 0.28648 1.3293 -1.0476 0.30821 0 367.87 6.2141 0.73987 0.020946 26059 3045 3387.2 0 0
99900 1.2497 0.28191 1.3454 -1.2626 0.29792 0 370.5 5.9616 0.74808 0.021128 26139 3043 3387.9 0 0
1e+05 1.2301 0.31856 1.3399 -1.3581 0.29949 0 343.45 7.3391 0.75545 0.021309 26217 3043 3388.5 0 0
1.001e+05 1.2509 0.32743 1.3245 -1.108 0.30948 0 379.93 7.5885 0.763 0.021254 26293 3039 3389.1 0 0
1.002e+05 1.3046 0.31768 1.4278 -1.0383 0.34772 0 389.22 5.8423 0.77052 0.021382 26368 3040 3389.7 0 0
1.003e+05 1.3487 0.32675 1.4072 -1.1713 0.30403 0 383.12 2.8852 0.77502 0.021395 26437 3045 3390.4 0 0
1.004e+05 1.3185 0.31036 1.4445 -1.1009 0.31416 0 383.05 4.6019 0.78005 0.021268 26507 3050 3391 0 0
1.005e+05 1.2335 0.31859 1.4403 -1.0095 0.34265 0 373.28 7.3712 0.78848 0.021437 26582 3059 3391.6 0 0
1.006e+05 1.2305 0.32544 1.4217 -0.99194 0.31695 0 388.54 7.4985 0.79648 0.021329 26661 3082 3392.3 0 0
1.007e+05 1.283 0.32374 1.4077 -0.94396 0.33393 0 387.19 6.8688 0.80514 0.021232 26734 3087 3392.9 0 0
1.008e+05 1.2235 0.32308 1.4265 -1.1326 0.3174 0 390.51 7.2262 0.81157 0.021147 26802 3092 3393.5 0 0
1.009e+05 1.3196 0.31959 1.3708 -1.151 0.32957 0 366.83 4.6805 0.81756 0.021238 26874 3098 3394.2 0 0
1.01e+05 1.3048 0.30872 1.4667 -1.226 0.30203 0 380.81 5.8714 0.82465 0.021449 26946 3103 3394.8 0 0
1.011e+05 1.1953 0.32014 1.397 -1.0589 0.3217 0 381.35 5.6712 0.83123 0.021209 27018 3101 3395.4 0 0
1.012e+05 1.2158 0.34133 1.4367 -1.1921 0.33189 0 357.84 6.7865 0.83892 0.021248 27085 3100 3396 0 0
1.013e+05 1.235 0.32739 1.4146 -0.89325 0.33676 0 373.54 7.6991 0.84569 0.021287 27158 3104 3396.6 0 0
1.014e+05 1.2113 0.32675 1.4037 -1.0845 0.33009 0 378.9 6.8956 0.85132 0.021263 27212 3108 3397.2 0 0
1.015e+05 1.2875 0.28679 1.4023 -1.1385 0.31155 0 395.55 6.1742 0.85509 0.021332 27253 3111 3397.7 0 0
1.016e+05 1.2611 0.34117 1.4775 -1.362 0.30396 0 362.32 7.5932 0.85972 0.021289 27300 3110 3398.3 0 0
1.017e+05 1.2197 0.33892 1.4193 -1.1227 0.30329 0 353.36 7.1757 0.86348 0.021221 27347 3113 3399 0 0
1.018e+05 1.1919 0.34282 1.378 -1.2358 0.32175 0 379.9 5.7127 0.86713 0.021243 27392 3109 3399.6 0 0
1.019e+05 1.2121 0.34271 1.3881 -1.0728 0.30974 0 375.33 6.7279 0.87164 0.02125 27453 3107 3400.2 0 0
1.02e+05 1.2118 0.31519 1.3391 -1.0513 0.30293 0 377.87 6.4565 0.87627 0.021241 27520 3112 3400.8 0 0
1.021e+05 1.2939 0.33963 1.4458 -1.0855 0.30688 0 362.44 6.967 0.88132 0.021368 27579 3116 3401.4 0 0
1.022e+05 1.2577 0.32981 1.3587 -1.0838 0.32886 0 374.26 7.8114 0.88774 0.021566 27636 3122 3401.9 0 0
1.023e+05 1.3038 0.33292 1.3914 -1.1109 0.33632 0 387.52 6.2285 0.89177 0.021529 27681 3124 3402.5 0 0
1.024e+05 1.2328 0.30401 1.333 -0.99008 0.33381 0 372.97 6.7789 0.89572 0.021422 27718 3123 3403.1 0 0
1.025e+05 1.2371 0.32105 1.3622 -1.0963 0.30826 0 367.16 7.6642 0.89978 0.0215 27753 3122 3403.7 0 0
1.026e+05 1.2099 0.29731 1.3286 -1.2618 0.32891 0 376 4.9051 0.90394 0.02167 27786 3120 3404.2 0 0
1.027e+05 1.2411 0.36298 1.329 -1.0493 0.31598 0 384.17 6.3051 0.90942 0.02147 27826 3120 3404.8 0 0
1.028e+05 1.2162 0.30576 1.3723 -1.1853 0.30997 0 378.96 6.1685 0.91169 0.021383 27869 3123 3405.4 0 0
1.029e+05 1.2509 0.33358 1.438 -1.1048 0.31858 0 367.01 7.92 0.91644 0.021363 27904 3123 3406 0 0
1.03e+05 1.17 0.33616 1.4156 -1.1983 0.30883 0 393.57 4.6926 0.91772 0.021319 27942 3118 3406.6 0 0
1.031e+05 1.2501 0.32808 1.4359 -1.1256 0.31624 0 387.88 7.9365 0.92173 0.02134 27974 3121 3407.2 0 0
1.032e+05 1.2214 0.32593 1.43 -1.3471 0.31904 0 403.25 7.4562 0.92627 0.021349 28005 3126 3407.8 0 0
1.033e+05 1.2127 0.33667 1.3752 -1.1884 0.31741 0 393.47 7.21 0.93037 0.021176 28037 3133 3408.4 0 0
1.034e+05 1.2034 0.32763 1.343 -1.0167 0.32133 0 369.78 6.8425 0.93468 0.021144 28064 3138 3409 0 0
1.035e+05 1.1802 0.3079 1.3152 -1.0584 0.32583 0 399.62 4.2567 0.93784 0.021123 28096 3138 3409.6 0 0
1.036e+05 1.2314 0.3454 1.3966 -0.98564 0.31015 0 398.93 7.5127 0.94061 0.021239 28135 3143 3410.1 0 0
1.037e+05 1.2109 0.3389 1.3634 -1.222 0.34251 0 383.5 7.2101 0.94447 0.021112 28166 3141 3410.7 0 0
1.038e+05 1.2819 0.31803 1.4176 -1.0107 0.31137 0 382.95 7.0178 0.94812 0.021127 28201 3138 3411.3 0 0
1.039e+05 1.2366 0.34941 1.4122 -0.87994 0.3247 0 355.04 7.4061 0.9509 0.021195 28233 3139 3411.9 0 0
1.04e+05 1.1896 0.35483 1.3398 -1.0745 0.30237 0 381.58 4.8652 0.9541 0.021205 28265 3142 3412.4 0 0
1.041e+05 1.2252 0.33856 1.3738 -1.0749 0.3291 0 390.21 7.8003 0.95817 0.021333 28296 3143 3413 0 0
1.042e+05 1.3011 0.33259 1.429 -1.1757 0.32633 0 396.66 6.388 0.96228 0.021429 28331 3146 3413.6 0 0
1.043e+05 1.3054 0.31904 1.4052 -1.1343 0.31623 0 380.5 5.8095 0.96668 0.021395 28363 3145 3414.1 0 0
1.044e+05 1.2439 0.35292 1.4032 -1.2674 0.31267 0 382.55 7.1613 0.97045 0.021429 28399 3146 3414.7 0 0
1.045e+05 1.2922 0.32157 1.4135 -1.0877 0.32472 0 402.92 6.5254 0.97571 0.021567 28447 3147 3415.2 0 0
1.046e+05 1.2783 0.34974 1.4052 -1.1113 0.32948 0 367.08 7.1226 0.98094 0.02153 28503 3146 3415.8 0 0
1.047e+05 1.245 0.35346 1.3882 -1.2142 0.31032 0 380.11 7.1602 0.98493 0.021544 28536 3149 3416.3 0 0
1.048e+05 1.2189 0.33666 1.4142 -1.1915 0.29764 0 379.35 7.726 0.9886 0.021544 28569 3150 3416.8 0 0
1.049e+05 1.2473 0.32583 1.3989 -1.1386 0.32383 0 355.06 7.9944 0.99473 0.021564 28614 3149 3417.4 0 0
1.05e+05 1.2447 0.31865 1.3573 -1.0662 0.30651 0 391.64 7.7327 1.0008 0.021426 28659 3152 3417.9 0 0
1.051e+05 1.2829 0.31412 1.4163 -1.1115 0.34159 0 370.64 6.9607 1.0068 0.021372 28711 3150 3418.6 0 0
1.052e+05 1.2015 0.31681 1.3786 -1.2125 0.31387 0 383.46 5.9447 1.0116 0.021505 28763 3152 3419.1 0 0
1.053e+05 1.2771 0.30888 1.4617 -1.0981 0.29 0 372.93 7.0755 1.015 0.021488 28813 3151 3419.7 0 0
1.054e+05 1.3007 0.31551 1.4729 -1.0389 0.33828 0 373.68 6.1753 1.0177 0.021491 28854 3156 3420.2 0 0
1.055e+05 1.3599 0.30488 1.4567 -1.1478 0.31574 0 388.65 0.15505 1.02 0.021502 28907 3158 3420.8 0 0
1.056e+05 1.2522 0.32697 1.374 -1.1788 0.29516 0 384.03 8.0798 1.0236 0.021719 28944 3158 3421.3 0 0
1.057e+05 1.2259 0.34678 1.4168 -1.2125 0.31244 0 383.38 7.3827 1.0284 0.021537 28983 3162 3421.9 0 0
1.058e+05 1.2314 0.34111 1.4203 -0.89065 0.346 0 383.28 7.8662 1.0345 0.021446 29028 3160 3422.4 0 0
1.059e+05 1.2299 0.31078 1.4673 -1.3274 0.31928 0 403.6 7.383 1.0396 0.021144 29072 3154 3423 0 0
1.06e+05 1.2238 0.32698 1.4179 -1.1512 0.30332 0 401.06 7.8055 1.0436 0.021362 29106 3157 3423.5 0 0
1.061e+05 1.2649 0.3255 1.3984 -1.1272 0.34302 0 388.57 7.9519 1.0484 0.021243 29144 3154 3424.1 0 0
1.062e+05 1.2261 0.33445 1.3968 -1.1 0.3208 0 421.21 7.9402 1.0542 0.02161 29192 3154 3424.6 0 0
1.063e+05 1.2357 0.31414 1.3812 -0.91758 0.32927 0 398.27 7.5745 1.0588 0.021544 29256 3153 3425.1 0 0
1.064e+05 1.2437 0.3355 1.4447 -1.2105 0.32336 0 377.45 8.0631 1.065 0.02173 29310 3156 3425.6 0 0
1.065e+05 1.2608 0.31104 1.4203 -1.0236 0.30544 0 401.4 7.5228 1.0699 0.021678 29365 3152 3426.2 0 0
1.066e+05 1.2905 0.34695 1.4325 -1.1389 0.31853 0 386.2 6.9263 1.0742 0.021599 29406 3150 3426.7 0 0
1.067e+05 1.2374 0.34446 1.3166 -1.1734 0.34533 0 366.89 7.7437 1.0787 0.021735 29459 3155 3427.2 0 0
1.068e+05 1.2405 0.31364 1.3901 -1.3628 0.31074 0 394.13 7.4633 1.0821 0.021741 29507 3155 3427.7 0 0
1.069e+05 1.236 0.31341 1.3717 -1.1676 0.35377 0 393.44 7.5435 1.0865 0.021616 29561 3157 3428.2 0 0
1.07e+05 1.2895 0.3584 1.4493 -1.2659 0.32535 0 402.76 6.2977 1.0919 0.021721 29601 3158 3428.7 0 0
1.071e+05 1.2673 0.30539 1.4297 -0.96025 0.31121 0 393.47 7.3027 1.0966 0.02147 29653 3155 3429.3 0 0
1.072e+05 1.1416 0.27174 1.3078 -0.88921 0.32562 0 398.26 -2.284 1.097 0.021477 29690 3156 3429.9 0 0
1.073e+05 1.1871 0.30559 1.2361 -1.0997 0.32984 0 372.95 4.0372 1.0966 0.021459 29726 3162 3430.4 0 0
1.074e+05 1.2272 0.30352 1.4153 -1.0335 0.3345 0 380.62 6.6983 1.0975 0.021476 29770 3161 3431 0 0
1.075e+05 1.148 0.34476 1.3134 -1.1657 0.29772 0 377.16 2.4394 1.1008 0.021656 29824 3164 3431.5 0 0
1.076e+05 1.3282 0.31746 1.4738 -1.2097 0.34233 0 381.48 3.7808 1.1053 0.021507 29872 3166 3432 0 0
1.077e+05 1.1709 0.30053 1.309 -1.1281 0.327 0 387.74 2.4216 1.1081 0.021491 29923 3170 3432.6 0 0
1.078e+05 1.2044 0.33492 1.3691 -1.4108 0.30968 0 366.74 7.1214 1.1138 0.021391 29993 3170 3433.1 0 0
1.079e+05 1.2021 0.38551 1.3596 -1.1085 0.33874 0 374.31 1.7919 1.1201 0.021362 30056 3171 3433.6 0 0
1.08e+05 1.3209 0.32469 1.4762 -1.0759 0.36893 0 368.84 4.5552 1.1248 0.0215 30106 3175 3434.1 0 0
1.081e+05 1.1978 0.33856 1.3548 -1.0985 0.33692 0 402.8 6.3942 1.1279 0.02164 30154 3175 3434.6 0 0
1.082e+05 1.3069 0.32105 1.4165 -1.1446 0.30565 0 387.95 5.7037 1.1314 0.021371 30204 3174 3435.2 0 0
1.083e+05 1.2485 0.33996 1.4031 -1.0757 0.32961 0 370.13 8.0456 1.1355 0.021436 30247 3179 3435.7 0 0
1.084e+05 1.3121 0.30167 1.4237 -1.1535 0.31236 0 390.72 5.26 1.1395 0.021498 30300 3181 3436.2 0 0
1.085e+05 1.3284 0.33934 1.4929 -0.87216 0.32155 0 388.87 4.6373 1.1403 0.02149 30341 3182 3436.8 0 0
1.086e+05 1.3258 0.3202 1.5484 -0.98211 0.29757 0 385.62 4.2666 1.1413 0.021524 30386 3188 3437.4 0 0
1.087e+05 1.2653 0.29875 1.3504 -0.96033 0.33152 0 388.97 7.1498 1.1438 0.021441 30434 3187 3437.9 0 0
1.088e+05 1.2784 0.3221 1.3976 -1.2665 0.34313 0 398.41 7.3624 1.147 0.021315 30477 3182 3438.5 0 0
1.089e+05 1.226 0.30065 1.4378 -1.2529 0.33136 0 411.47 6.414 1.1515 0.02159 30525 3186 3439 0 0
1.09e+05 1.3128 0.32938 1.4751 -1.2324 0.35359 0 409.85 5.3465 1.1587 0.022038 30589 3191 3439.4 0 0
1.091e+05 1.2247 0.31395 1.4118 -1.1321 0.31979 0 390.18 7.4738 1.1651 0.022031 30651 3195 3439.9 0 0
1.092e+05 1.2432 0.28591 1.4996 -1.0009 0.30531 0 364.75 5.5965 1.1698 0.021858 30698 3192 3440.4 0 0
1.093e+05 1.2837 0.32431 1.4 -1.2405 0.3107 0 382.23 7.0874 1.174 0.021828 30756 3190 3440.9 0 0
1.094e+05 1.2658 0.30341 1.4844 -0.97325 0.33881 0 395.5 7.3642 1.1781 0.021999 30801 3193 3441.4 0 0
1.095e+05 1.2852 0.286 1.5521 -0.86881 0.33248 0 394.01 6.0259 1.1826 0.021897 30858 3197 3441.9 0 0
1.096e+05 1.2684 0.31781 1.4752 -1.1675 0.32162 0 397.1 7.9095 1.1868 0.021657 30903 3196 3442.5 0 0
1.097e+05 1.309 0.3104 1.5332 -1.0165 0.33445 0 377.81 5.7361 1.1913 0.021647 30945 3196 3443 0 0
1.098e+05 1.279 0.32998 1.4667 -1.1644 0.3191 0 414.48 7.4998 1.1952 0.021741 30995 3195 3443.4 0 0
1.099e+05 1.2295 0.36535 1.4927 -1.0984 0.31607 0 417.96 5.4573 1.2002 0.021783 31042 3195 3443.9 0 0
1.1e+05 1.2164 0.33984 1.4298 -0.94741 0.32879 0 402.51 7.4007 1.2041 0.021749 31087 3194 3444.4 0 0
1.101e+05 1.2889 0.32568 1.4951 -1.1161 0.31955 0 381.84 7.0447 1.2078 0.021785 31123 3196 3444.9 0 0
1.102e+05 1.2814 0.32615 1.4758 -1.103 0.33242 0 402.75 7.3345 1.2109 0.02179 31165 3196 3445.4 0 0
1.103e+05 1.3777 0.33128 1.5233 -1.2836 0.31781 0 391.17 -0.6328 1.2125 0.021752 31205 3197 3445.9 0 0
1.104e+05 1.2814 0.28692 1.5092 -1.0044 0.33789 0 375.07 6.1702 1.2155 0.021928 31255 3196 3446.4 0 0
1.105e+05 1.2797 0.3058 1.5005 -0.95871 0.33619 0 403.31 7.1362 1.2204 0.021966 31309 3198 3446.9 0 0
1.106e+05 1.2454 0.33947 1.5005 -1.2689 0.33151 0 399.72 7.9453 1.2242 0.022056 31355 3204 3447.3 0 0
1.107e+05 1.3188 0.3196 1.4505 -0.93099 0.33875 0 390.29 4.9112 1.2264 0.022027 31409 3202 3447.9 0 0
1.108e+05 1.2263 0.33686 1.433 -1.0807 0.32624 0 375.37 7.8593 1.2306 0.022091 31469 3207 3448.4 0 0
1.109e+05 1.2681 0.33095 1.4542 -1.1333 0.32259 0 389.68 7.9025 1.2354 0.021985 31505 3208 3448.8 0 0
1.11e+05 1.2896 0.31432 1.4802 -1.3069 0.31926 0 381.92 7.0021 1.2389 0.021951 31547 3208 3449.3 0 0
1.111e+05 1.3445 0.32863 1.5057 -1.236 0.31451 0 393.75 3.0989 1.2426 0.021846 31589 3212 3449.8 0 0
1.112e+05 1.283 0.30673 1.5236 -1.217 0.3061 0 389.61 7.0944 1.2473 0.021964 31629 3213 3450.3 0 0
1.113e+05 1.3169 0.31941 1.4275 -1.1614 0.33307 0 371.47 5.1165 1.2518 0.021923 31675 3214 3450.7 0 0
1.114e+05 1.3111 0.3318 1.4099 -1.348 0.31229 0 368.92 5.6851 1.2573 0.021777 31719 3214 3451.2 0 0
1.115e+05 1.3063 0.35376 1.4568 -1.1542 0.34342 0 380.42 5.8606 1.2613 0.021906 31766 3212 3451.7 0 0
1.116e+05 1.2764 0.34287 1.4375 -1.1362 0.34545 0 389.13 7.2396 1.2646 0.021836 31819 3213 3452.2 0 0
1.117e+05 1.2496 0.34873 1.3735 -1.1433 0.30536 0 384.1 7.4426 1.2688 0.021797 31878 3212 3452.6 0 0
1.118e+05 1.2941 0.36285 1.4524 -1.1067 0.33435 0 394.72 5.7133 1.273 0.02199 31928 3213 3453.1 0 0
1.119e+05 1.2634 0.34227 1.4078 -0.93775 0.32147 0 356.3 7.7743 1.2765 0.02212 31970 3216 3453.5 0 0
1.12e+05 1.2853 0.34648 1.3407 -1.1428 0.30647 0 365.31 7.1102 1.282 0.022094 32019 3218 3454 0 0
1.121e+05 1.2406 0.3219 1.3699 -1.28 0.33637 0 397.57 8.1839 1.2869 0.022013 32063 3217 3454.5 0 0
1.122e+05 1.1738 0.35632 1.3958 -1.176 0.29746 0 379.24 2.7386 1.2894 0.022056 32111 3217 3454.9 0 0
1.123e+05 1.1549 0.34554 1.3713 -0.96833 0.30473 0 363.16 2.6731 1.289 0.022318 32144 3222 3455.4 0 0
1.124e+05 1.1144 0.33897 1.3352 -1.2012 0.33961 0 374.09 -0.15212 1.2895 0.022429 32187 3224 3455.9 0 0
1.125e+05 1.1528 0.30014 1.3736 -1.2168 0.32078 0 393.1 0.90521 1.2911 0.022453 32237 3224 3456.4 0 0
1.126e+05 1.2262 0.34109 1.4107 -1.1029 0.37431 0 393.08 7.7302 1.2939 0.022348 32294 3221 3456.9 0 0
1.127e+05 1.1769 0.33789 1.3844 -1.1829 0.32626 0 375.49 4.8234 1.2966 0.022364 32346 3221 3457.4 0 0
1.128e+05 1.2059 0.32329 1.3625 -1.4044 0.32077 0 401.1 6.7304 1.3007 0.022194 32414 3219 3457.8 0 0
1.129e+05 1.2277 0.33598 1.4079 -1.2072 0.3084 0 390.38 7.9817 1.3053 0.022253 32480 3217 3458.3 0 0
1.13e+05 1.2512 0.33125 1.431 -1.0482 0.3316 0 380.27 8.4255 1.3098 0.021854 32546 3220 3458.8 0 0
1.131e+05 1.241 0.34431 1.445 -1.0851 0.32179 0 382.58 7.6991 1.3134 0.0219 32597 3222 3459.3 0 0
1.132e+05 1.2303 0.35248 1.4013 -1.102 0.32197 0 377.52 6.9681 1.3175 0.021867 32657 3221 3459.8 0 0
1.133e+05 1.2444 0.3407 1.4586 -1.0046 0.32593 0 375.48 7.9477 1.32 0.02196 32712 3225 3460.2 0 0
1.134e+05 1.1647 0.32857 1.4074 -1.1117 0.32524 0 388.81 3.8902 1.322 0.021932 32755 3226 3460.7 0 0
1.135e+05 1.2264 0.31805 1.4125 -1.2621 0.33912 0 369.77 7.7266 1.323 0.021817 32802 3224 3461.2 0 0
1.136e+05 1.1994 0.32196 1.4396 -1.3773 0.32083 0 389.06 6.2074 1.3261 0.021835 32844 3220 3461.7 0 0
1.137e+05 1.246 0.33335 1.3433 -1.1654 0.3199 0 368.61 8.3112 1.3302 0.022003 32883 3223 3462.1 0 0
1.138e+05 1.2475 0.30774 1.4085 -1.0693 0.32518 0 402.99 7.5178 1.3347 0.021993 32937 3225 3462.6 0 0
1.139e+05 1.2181 0.31025 1.3923 -1.1739 0.34365 0 385.26 6.6969 1.3391 0.021827 32979 3226 3463 0 0
1.14e+05 1.2386 0.33247 1.4457 -1.1986 0.32489 0 374.15 8.2886 1.3436 0.021872 33007 3228 3463.5 0 0
1.141e+05 1.1896 0.30631 1.4356 -0.93837 0.3095 0 370.81 4.0055 1.3462 0.021929 33043 3229 3463.9 0 0
1.142e+05 1.2566 0.3182 1.4516 -1.3558 0.31593 0 360.12 8.3682 1.3502 0.021959 33084 3231 3464.4 0 0
1.143e+05 1.2509 0.34112 1.3648 -1.2197 0.32098 0 390.81 8.0582 1.3544 0.021972 33117 3230 3464.8 0 0
1.144e+05 1.2401 0.33997 1.395 -1.1045 0.33218 0 399.86 8.0634 1.3578 0.021957 33150 3233 3465.3 0 0
1.145e+05 1.1616 0.30136 1.3917 -0.93927 0.33293 0 394.85 1.4425 1.3594 0.021965 33195 3234 3465.7 0 0
1.146e+05 1.215 0.29799 1.3971 -0.97562 0.31639 0 372.17 5.3253 1.3603 0.02194 33235 3231 3466.2 0 0
1.147e+05 1.1978 0.3144 1.3888 -1.0609 0.31987 0 372.63 5.4762 1.363 0.021931 33278 3233 3466.7 0 0
1.148e+05 1.1983 0.32686 1.3959 -1.0395 0.31474 0 389.75 6.517 1.3664 0.02194 33311 3231 3467.1 0 0
1.149e+05 1.2181 0.32308 1.4084 -1.3182 0.3241 0 395.17 7.5158 1.3687 0.022067 33355 3234 3467.6 0 0
1.15e+05 1.2221 0.30338 1.4206 -1.2857 0.33048 0 379.44 6.493 1.3713 0.021932 33395 3233 3468 0 0
1.151e+05 1.2257 0.33834 1.3667 -1.1128 0.32406 0 392.33 8.0362 1.3747 0.021987 33424 3239 3468.5 0 0
1.152e+05 1.1779 0.35553 1.4029 -1.0749 0.33224 0 392.53 3.2307 1.375 0.022042 33464 3241 3468.9 0 0
1.153e+05 1.2145 0.35046 1.4092 -1.2322 0.31853 0 387.76 6.5529 1.375 0.022076 33499 3245 3469.4 0 0
1.154e+05 1.1767 0.3338 1.3888 -1.2487 0.31826 0 398.3 5.1112 1.378 0.022105 33543 3247 3469.8 0 0
1.155e+05 1.2046 0.306 1.419 -1.158 0.33774 0 384.11 5.1366 1.3799 0.022026 33593 3245 3470.3 0 0
1.156e+05 1.2446 0.32654 1.4178 -1.1992 0.30616 0 381.08 8.4434 1.3824 0.022007 33630 3240 3470.8 0 0
1.157e+05 1.2801 0.30267 1.4518 -1.3082 0.31423 0 409.19 6.9163 1.3855 0.022062 33673 3242 3471.2 0 0
1.158e+05 1.3274 0.30325 1.474 -1.1049 0.31354 0 402.32 4.5062 1.3886 0.022118 33721 3241 3471.7 0 0
1.159e+05 1.2442 0.307 1.4066 -1.196 0.31919 0 408.08 7.3888 1.3915 0.02213 33759 3241 3472.1 0 0
1.16e+05 1.2568 0.29065 1.3548 -1.5387 0.32579 0 409.27 6.2792 1.3943 0.022392 33796 3242 3472.5 0 0
1.161e+05 1.1674 0.33437 1.3309 -1.4285 0.3323 0 388.89 4.1076 1.3949 0.022449 33836 3242 3473 0 0
1.162e+05 1.18 0.28788 1.3147 -1.4713 0.31322 0 407.51 1.2291 1.3956 0.022459 33886 3242 3473.4 0 0
1.163e+05 1.2349 0.30333 1.4219 -1.2526 0.32137 0 423.34 6.8492 1.3962 0.022307 33929 3243 3473.9 0 0
1.164e+05 1.2352 0.27839 1.3592 -1.1799 0.32623 0 394.94 4.2933 1.3963 0.022376 33967 3244 3474.4 0 0
1.165e+05 1.1906 0.31113 1.3637 -1.2039 0.31658 0 399.53 4.7302 1.3972 0.02247 34009 3249 3474.8 0 0
1.166e+05 1.2475 0.28873 1.3809 -1.1691 0.31072 0 358.09 5.8026 1.3989 0.022347 34056 3250 3475.3 0 0
1.167e+05 1.2073 0.28632 1.378 -1.2886 0.32925 0 391.41 3.1321 1.3997 0.022562 34095 3256 3475.7 0 0
1.168e+05 1.1844 0.31364 1.326 -1.2314 0.30678 0 396.15 4.7337 1.4005 0.022579 34133 3255 3476.1 0 0
1.169e+05 1.208 0.28386 1.3798 -1.1231 0.30343 0 396.84 2.9547 1.4032 0.022498 34185 3254 3476.6 0 0
1.17e+05 1.1836 0.27931 1.4024 -1.2684 0.33333 0 417.35 0.8252 1.4037 0.022568 34231 3254 3477 0 0
1.171e+05 1.2006 0.25759 1.3436 -1.1601 0.3505 0 401.46 -1.0152 1.4028 0.022532 34257 3250 3477.5 0 0
1.172e+05 1.1685 0.29 1.3969 -1.1034 0.33175 0 400.79 0.75545 1.4016 0.022536 34281 3249 3478 0 0
1.173e+05 1.2176 0.25062 1.3311 -1.054 0.33759 0 384.84 -0.12431 1.4004 0.022532 34303 3249 3478.5 0 0
1.174e+05 1.2027 0.28314 1.2812 -1.1186 0.32331 0 414.91 2.5143 1.3999 0.022426 34336 3246 3479 0 0
1.175e+05 1.1663 0.2791 1.3656 -1.1673 0.31229 0 412.29 -0.54123 1.399 0.022451 34363 3246 3479.5 0 0
1.176e+05 1.1704 0.24406 1.344 -1.1932 0.31895 0 416.75 -6.3139 1.3983 0.022435 34394 3244 3480 0 0
1.177e+05 1.175 0.2517 1.3199 -0.81205 0.31829 0 408.59 -4.49 1.398 0.022467 34430 3244 3480.4 0 0
1.178e+05 1.2129 0.26842 1.3883 -1.169 0.30492 0 394.12 1.9059 1.3974 0.022435 34464 3245 3480.9 0 0
1.179e+05 1.2572 0.30472 1.3852 -1.1064 0.31233 0 423.55 7.5847 1.3969 0.022376 34495 3247 3481.4 0 0
1.18e+05 1.2312 0.29809 1.4129 -1.2141 0.32306 0 406.01 6.306 1.3984 0.022191 34540 3246 3481.9 0 0
1.181e+05 1.1975 0.27969 1.3887 -1.1118 0.31913 0 408 1.8305 1.399 0.022036 34581 3244 3482.4 0 0
1.182e+05 1.2021 0.31766 1.3532 -1.1229 0.29658 0 410.91 6.2708 1.4009 0.021989 34629 3247 3482.8 0 0
1.183e+05 1.2619 0.30521 1.3631 -0.99472 0.32478 0 398.79 7.6196 1.4031 0.021917 34683 3247 3483.3 0 0
1.184e+05 1.2695 0.29648 1.3958 -1.1214 0.30547 0 397.92 6.9579 1.4054 0.021961 34730 3246 3483.8 0 0
1.185e+05 1.3373 0.27572 1.4386 -1.177 0.32607 0 395.83 1.9443 1.4063 0.022052 34773 3248 3484.2 0 0
1.186e+05 1.2281 0.29635 1.3637 -1.2386 0.30553 0 377.52 6.1329 1.4076 0.02208 34821 3251 3484.7 0 0
1.187e+05 1.1452 0.29651 1.3857 -0.93318 0.33026 0 402.18 0.11009 1.409 0.021928 34855 3255 3485.1 0 0
1.188e+05 1.1788 0.284 1.3446 -0.92419 0.3238 0 373.41 1.0872 1.4087 0.021972 34892 3256 3485.6 0 0
1.189e+05 1.2 0.31023 1.402 -1.0185 0.3139 0 389.65 5.3759 1.4083 0.021948 34927 3257 3486.1 0 0
1.19e+05 1.2537 0.2877 1.3606 -1.3057 0.34169 0 413.66 6.0884 1.4097 0.022033 34976 3259 3486.5 0 0
1.191e+05 1.2036 0.29748 1.3071 -1.1801 0.32991 0 406.24 4.4588 1.4118 0.022453 35026 3264 3486.9 0 0
1.192e+05 1.1644 0.2985 1.3155 -1.1792 0.31346 0 397.1 1.3892 1.4136 0.022563 35074 3264 3487.3 0 0
1.193e+05 1.1895 0.30841 1.3806 -1.1097 0.33021 0 372.14 4.4647 1.4134 0.022575 35113 3266 3487.8 0 0
1.194e+05 1.1193 0.30389 1.3542 -1.2186 0.32294 0 389.89 -1.1861 1.4139 0.022801 35161 3267 3488.2 0 0
1.195e+05 1.1537 0.32426 1.393 -1.1129 0.32617 0 389.8 2.4768 1.4138 0.022681 35202 3269 3488.6 0 0
1.196e+05 1.1765 0.28669 1.4977 -1.3297 0.32354 0 390.53 1.1183 1.4136 0.022682 35232 3276 3489.1 0 0
1.197e+05 1.1524 0.31948 1.3945 -1.1112 0.31265 0 381.99 2.0436 1.4126 0.022629 35260 3274 3489.5 0 0
1.198e+05 1.1797 0.29492 1.4302 -1.206 0.31414 0 382.84 2.5053 1.4123 0.02259 35295 3272 3490 0 0
1.199e+05 1.1905 0.32281 1.4169 -1.1646 0.31778 0 404.46 5.9351 1.4135 0.022512 35348 3276 3490.5 0 0
1.2e+05 1.1962 0.28871 1.3984 -1.2695 0.30738 0 399.99 2.8934 1.4143 0.022446 35399 3280 3490.9 0 0
1.201e+05 1.1817 0.3392 1.381 -1.2014 0.32793 0 409.36 5.2471 1.4157 0.022482 35456 3280 3491.4 0 0
1.202e+05 1.1833 0.29072 1.3858 -0.98562 0.31789 0 397.23 2.2989 1.4159 0.022451 35498 3278 3491.8 0 0
1.203e+05 1.1927 0.29496 1.3222 -1.0693 0.29724 0 391.29 3.4387 1.4155 0.022446 35534 3281 3492.3 0 0
1.204e+05 1.1954 0.29524 1.347 -1.2214 0.31359 0 389.37 3.7222 1.4152 0.022404 35571 3280 3492.8 0 0
1.205e+05 1.1413 0.27817 1.3384 -1.1644 0.35648 0 369.91 -1.9573 1.4146 0.022392 35603 3281 3493.2 0 0
1.206e+05 1.0702 0.29452 1.304 -1.0619 0.3169 0 398.65 -7.8558 1.4141 0.022378 35632 3283 3493.7 0 0
1.207e+05 1.1146 0.31392 1.3538 -1.2546 0.31635 0 391.86 -0.60606 1.4125 0.022387 35646 3281 3494.2 0 0
1.208e+05 1.1475 0.32195 1.3122 -1.2469 0.30235 0 391.39 2.0042 1.411 0.022428 35660 3283 3494.6 0 0
1.209e+05 1.1155 0.32342 1.3365 -1.3055 0.32883 0 411.97 0.030864 1.4099 0.022483 35683 3283 3495.1 0 0
1.21e+05 1.1484 0.32551 1.2601 -1.1799 0.35302 0 389.25 2.2927 1.4088 0.022556 35706 3286 3495.6 0 0
1.211e+05 1.1213 0.2898 1.257 -1.1664 0.31985 0 391.54 -1.8976 1.4077 0.022516 35730 3289 3496 0 0
1.212e+05 1.1368 0.31541 1.3036 -1.3176 0.30675 0 373.4 1.0995 1.4076 0.022578 35767 3294 3496.5 0 0
1.213e+05 1.1659 0.3095 1.3497 -1.2718 0.30995 0 381.19 3.2859 1.4099 0.022548 35835 3297 3496.9 0 0
1.214e+05 1.163 0.3327 1.3322 -1.1216 0.31679 0 391.58 3.793 1.4116 0.022748 35885 3298 3497.3 0 0
1.215e+05 1.1681 0.32079 1.329 -1.3764 0.30791 0 409.74 4.1617 1.4123 0.022764 35930 3296 3497.7 0 0
1.216e+05 1.1622 0.34687 1.277 -1.1952 0.30413 0 374.29 3.124 1.4128 0.022611 35975 3299 3498.2 0 0
1.217e+05 1.163 0.34577 1.3001 -1.0929 0.32031 0 402.66 3.3303 1.4144 0.02256 36037 3299 3498.7 0 0
1.218e+05 1.2187 0.31803 1.3582 -1.1926 0.33458 0 391.36 7.4056 1.4158 0.022628 36095 3302 3499.1 0 0
1.219e+05 1.2048 0.31697 1.3125 -0.79422 0.31934 0 414.42 6.5645 1.4172 0.022657 36155 3304 3499.5 0 0
1.22e+05 1.1849 0.2755 1.345 -1.1721 0.30838 0 405.77 0.56432 1.4173 0.022679 36199 3306 3500 0 0
1.221e+05 1.1139 0.29918 1.3025 -1.0747 0.30897 0 388.02 -1.8181 1.4175 0.022767 36238 3309 3500.4 0 0
1.222e+05 1.1773 0.29809 1.3158 -1.3493 0.31619 0 412.65 3.0568 1.419 0.022797 36294 3307 3500.8 0 0
1.223e+05 1.1655 0.29015 1.2619 -1.1654 0.32543 0 396.52 1.0799 1.4195 0.02281 36341 3308 3501.3 0 0
1.224e+05 1.1701 0.2956 1.337 -1.2155 0.33129 0 398.49 2.0158 1.4204 0.022848 36396 3307 3501.7 0 0
1.225e+05 1.2034 0.29021 1.2878 -1.2241 0.33133 0 379.96 3.7557 1.4229 0.022818 36461 3306 3502.2 0 0
1.226e+05 1.2315 0.31713 1.2661 -1.1463 0.35102 0 385.1 7.9524 1.4244 0.022821 36513 3306 3502.6 0 0
1.227e+05 1.1782 0.32869 1.3637 -0.9845 0.30784 0 373.98 5.3001 1.4258 0.022696 36564 3304 3503 0 0
1.228e+05 1.2552 0.32418 1.328 -0.90462 0.3109 0 393.31 8.3556 1.4281 0.022795 36610 3302 3503.4 0 0
1.229e+05 1.2056 0.31075 1.2958 -0.90829 0.29154 0 379.9 6.1933 1.4321 0.022873 36651 3303 3503.8 0 0
1.23e+05 1.1803 0.30573 1.3948 -1.1105 0.32386 0 390.02 4.3109 1.4352 0.022965 36696 3304 3504.2 0 0
1.231e+05 1.2402 0.29573 1.3315 -1.1518 0.31757 0 372.41 6.4137 1.4388 0.023061 36753 3306 3504.6 0 0
1.232e+05 1.1977 0.30323 1.3608 -1.1991 0.33508 0 367.96 4.7668 1.4417 0.022939 36799 3306 3505 0 0
1.233e+05 1.2252 0.31866 1.3839 -1.1585 0.3298 0 383.82 7.8434 1.4434 0.022923 36849 3311 3505.4 0 0
1.234e+05 1.1793 0.28213 1.2569 -1.1492 0.32428 0 365.85 1.0446 1.445 0.022986 36913 3313 3505.9 0 0
1.235e+05 1.1879 0.31869 1.3549 -1.2817 0.31929 0 394.87 5.763 1.4459 0.023008 36963 3310 3506.3 0 0
1.236e+05 1.2303 0.31118 1.4132 -1.2219 0.32665 0 395.43 7.5637 1.4476 0.023078 37019 3311 3506.7 0 0
1.237e+05 1.2367 0.32495 1.3949 -1.2638 0.31365 0 368.16 8.3012 1.4504 0.02288 37062 3310 3507.1 0 0
1.238e+05 1.1953 0.29019 1.3778 -1.1786 0.31498 0 384.88 3.2001 1.4518 0.022963 37110 3312 3507.5 0 0
1.239e+05 1.16 0.29594 1.3549 -1.1927 0.30213 0 420.74 1.7421 1.4517 0.022915 37151 3313 3507.9 0 0
1.24e+05 1.2493 0.29015 1.3636 -1.057 0.31354 0 408.51 6.0564 1.4517 0.022933 37193 3313 3508.4 0 0
1.241e+05 1.2305 0.2665 1.3301 -1.0884 0.29817 0 408.54 2.7296 1.4511 0.022915 37223 3313 3508.8 0 0
1.242e+05 1.2553 0.30211 1.481 -1.3294 0.33009 0 394.16 7.3785 1.4517 0.023049 37268 3317 3509.2 0 0
1.243e+05 1.2443 0.2759 1.3985 -0.95844 0.31199 0 388.03 4.7209 1.4538 0.022938 37335 3322 3509.7 0 0
1.244e+05 1.2192 0.29325 1.3425 -1.2643 0.31232 0 388.01 5.3898 1.4548 0.022903 37385 3325 3510.1 0 0
1.245e+05 1.2145 0.28098 1.3977 -1.1038 0.32363 0 379.41 3.4824 1.4544 0.022887 37415 3325 3510.5 0 0
1.246e+05 1.2071 0.288 1.4133 -1.215 0.31774 0 397.11 3.7759 1.4561 0.022866 37465 3328 3510.9 0 0
1.247e+05 1.3067 0.30126 1.4129 -1.031 0.32371 0 396.1 6.0853 1.4584 0.022771 37512 3329 3511.3 0 0
1.248e+05 1.2586 0.2718 1.3604 -1.1465 0.29952 0 365.66 4.8425 1.4591 0.022721 37558 3329 3511.8 0 0
1.249e+05 1.1833 0.29998 1.3024 -1.2344 0.30486 0 363.9 3.9597 1.4608 0.022739 37612 3332 3512.2 0 0
1.25e+05 1.2053 0.29474 1.3128 -1.1124 0.30988 0 369.6 4.7186 1.4617 0.022661 37656 3330 3512.6 0 0
1.251e+05 1.1927 0.29166 1.3526 -1.3864 0.31127 0 374.29 3.3451 1.4616 0.022726 37689 3328 3513 0 0
1.252e+05 1.2073 0.29964 1.3552 -1.2854 0.30312 0 379.72 5.4732 1.462 0.022628 37735 3327 3513.5 0 0
1.253e+05 1.2034 0.29028 1.2714 -1.1321 0.29616 0 374.23 3.9849 1.4624 0.022623 37771 3327 3513.9 0 0
1.254e+05 1.1896 0.28678 1.2475 -1.0595 0.32325 0 366.15 2.4427 1.4626 0.022621 37810 3329 3514.3 0 0
1.255e+05 1.2229 0.31491 1.3459 -1.0872 0.3244 0 387.23 7.6622 1.4645 0.022585 37862 3327 3514.7 0 0
1.256e+05 1.1769 0.32647 1.3575 -0.98524 0.33437 0 356.98 5.2122 1.4668 0.022765 37923 3332 3515.1 0 0
1.257e+05 1.1827 0.30231 1.367 -1.2236 0.31052 0 376.71 4.3163 1.4688 0.022642 37980 3335 3515.5 0 0
1.258e+05 1.188 0.35368 1.3246 -1.2955 0.32298 0 376.96 4.3085 1.4705 0.022583 38038 3339 3516 0 0
1.259e+05 1.1901 0.33982 1.3779 -1.0417 0.31979 0 396.07 5.7561 1.4704 0.022583 38077 3337 3516.4 0 0
1.26e+05 1.2988 0.38155 1.4867 -0.89793 0.31915 0 379.57 3.0577 1.473 0.022651 38125 3334 3516.8 0 0
1.261e+05 1.2134 0.32704 1.3841 -1.1243 0.31409 0 358.36 7.5696 1.4761 0.022704 38171 3333 3517.2 0 0
1.262e+05 1.2265 0.32771 1.4495 -1.1296 0.31959 0 369 8.0585 1.4793 0.022724 38207 3333 3517.6 0 0
1.263e+05 1.2767 0.32678 1.4022 -0.98775 0.30459 0 395.31 7.6534 1.4819 0.022765 38244 3338 3518 0 0
1.264e+05 1.2894 0.29657 1.3907 -1.1944 0.30875 0 392.75 6.38 1.4838 0.022583 38282 3334 3518.4 0 0
1.265e+05 1.2006 0.31129 1.3638 -1.0792 0.30694 0 387.67 6.0247 1.4853 0.022648 38318 3337 3518.8 0 0
1.266e+05 1.2375 0.31232 1.3197 -1.2759 0.33512 0 380.77 7.7671 1.4875 0.022701 38353 3338 3519.2 0 0
1.267e+05 1.2564 0.35942 1.403 -1.0112 0.32195 0 385.88 6.0659 1.4898 0.022724 38387 3340 3519.6 0 0
1.268e+05 1.3038 0.34987 1.4238 -1.057 0.35339 0 383.91 5.8106 1.4912 0.022583 38432 3338 3520 0 0
1.269e+05 1.2648 0.33294 1.2965 -1.0884 0.31544 0 375.76 7.8333 1.4933 0.022605 38466 3339 3520.4 0 0
1.27e+05 1.2413 0.32709 1.375 -1.1256 0.30133 0 375.29 8.3377 1.4962 0.022497 38489 3337 3520.8 0 0
1.271e+05 1.275 0.35765 1.4067 -1.008 0.32261 0 372.33 6.0877 1.4983 0.022487 38524 3339 3521.2 0 0
1.272e+05 1.2889 0.32643 1.3915 -0.9299 0.31243 0 401.18 7.0445 1.5013 0.022468 38549 3342 3521.6 0 0
1.273e+05 1.241 0.36245 1.3734 -1.075 0.33922 0 372.74 5.6664 1.5036 0.022478 38586 3342 3522 0 0
1.274e+05 1.2958 0.32954 1.3427 -1.0734 0.29719 0 404.92 6.6434 1.5055 0.022477 38625 3342 3522.4 0 0
1.275e+05 1.2671 0.31459 1.3772 -0.99668 0.31579 0 398.74 7.959 1.5078 0.022475 38660 3342 3522.8 0 0
1.276e+05 1.2679 0.32571 1.2788 -0.98092 0.30943 0 381.21 8.0511 1.5106 0.022352 38688 3343 3523.2 0 0
1.277e+05 1.1825 0.3643 1.3533 -1.1002 0.29686 0 366.52 2.2158 1.5132 0.022342 38719 3345 3523.6 0 0
1.278e+05 1.189 0.28755 1.3173 -1.176 0.32236 0 406.18 2.506 1.5144 0.022347 38745 3343 3524 0 0
1.279e+05 1.1578 0.27856 1.2322 -1.0985 0.30494 0 395.5 -1.1053 1.514 0.022358 38770 3348 3524.4 0 0
1.28e+05 1.2714 0.23783 1.3173 -1.186 0.30727 0 388.43 -1.0615 1.5138 0.022336 38800 3350 3524.8 0 0
1.281e+05 1.2905 0.25435 1.2941 -1.0048 0.32452 0 406.25 1.9864 1.5128 0.02232 38826 3354 3525.2 0 0
1.282e+05 1.234 0.2913 1.3421 -0.99704 0.31997 0 385.66 5.892 1.5133 0.022364 38874 3349 3525.7 0 0
1.283e+05 1.2174 0.30516 1.3204 -1.1659 0.31691 0 395 6.8838 1.5147 0.022367 38927 3350 3526.1 0 0
1.284e+05 1.2208 0.28171 1.3247 -0.97177 0.32038 0 402.36 4.1953 1.5148 0.022435 38972 3355 3526.5 0 0
1.285e+05 1.2092 0.2487 1.3566 -1.3095 0.31013 0 407.72 -1.5052 1.514 0.022427 39002 3353 3526.9 0 0
1.286e+05 1.2009 0.27959 1.2886 -1.0286 0.32424 0 377.27 2.406 1.5132 0.022471 39027 3353 3527.3 0 0
1.287e+05 1.2016 0.28559 1.257 -1.1002 0.32537 0 371.85 3.3351 1.5129 0.022477 39059 3353 3527.8 0 0
1.288e+05 1.1555 0.25771 1.2573 -1.2276 0.34417 0 384.47 -5.1454 1.5121 0.022533 39085 3356 3528.2 0 0
1.289e+05 1.2177 0.28691 1.32 -1.1656 0.32011 0 397.51 4.6876 1.5123 0.022369 39130 3354 3528.6 0 0
1.29e+05 1.2415 0.27147 1.3638 -1.2244 0.33483 0 382.39 4.2565 1.5131 0.022456 39184 3356 3529 0 0
1.291e+05 1.1795 0.28539 1.2564 -1.1816 0.31496 0 400.84 1.647 1.5148 0.02228 39250 3352 3529.5 0 0
1.292e+05 1.2822 0.24982 1.2526 -1.1848 0.30912 0 385.33 1.4252 1.5144 0.022389 39285 3355 3529.9 0 0
1.293e+05 1.19 0.29683 1.2858 -1.2146 0.30013 0 369.55 3.9897 1.5143 0.022387 39323 3357 3530.3 0 0
1.294e+05 1.1734 0.29443 1.2549 -1.2811 0.33443 0 384.14 2.3872 1.5149 0.022434 39366 3356 3530.7 0 0
1.295e+05 1.2447 0.29666 1.3094 -1.1401 0.32664 0 395.27 6.882 1.5174 0.022541 39426 3360 3531.1 0 0
1.296e+05 1.2119 0.29334 1.272 -1.2471 0.31091 0 409.32 5.215 1.52 0.022391 39492 3357 3531.6 0 0
1.297e+05 1.2812 0.2788 1.3522 -1.1906 0.33228 0 421.13 5.3556 1.5225 0.022281 39559 3356 3532 0 0
1.298e+05 1.1539 0.30192 1.2968 -1.2935 0.3107 0 410.81 1.828 1.5246 0.02229 39619 3357 3532.4 0 0
1.299e+05 1.2458 0.28152 1.2852 -0.98222 0.31238 0 393.29 5.4892 1.5256 0.02231 39651 3355 3532.8 0 0
1.3e+05 1.202 0.31784 1.2944 -1.1745 0.33187 0 397.27 6.625 1.5272 0.022395 39707 3351 3533.2 0 0
1.301e+05 1.2944 0.2992 1.4149 -0.99375 0.34836 0 361.5 6.4605 1.5295 0.022469 39756 3352 3533.6 0 0
1.302e+05 1.1814 0.29634 1.3051 -1.1398 0.3423 0 390.81 3.5595 1.5313 0.022464 39816 3353 3534 0 0
1.303e+05 1.2125 0.30941 1.2667 -0.99186 0.30767 0 392.69 6.9859 1.5327 0.022468 39867 3352 3534.3 0 0
1.304e+05 1.2127 0.28663 1.337 -1.0537 0.33737 0 385.93 4.5079 1.5345 0.02228 39922 3349 3534.8 0 0
1.305e+05 1.2709 0.2936 1.361 -1.0876 0.32952 0 386.32 6.7046 1.5366 0.022312 39982 3349 3535.2 0 0
1.306e+05 1.1872 0.31491 1.2934 -1.3675 0.31773 0 411.74 5.6623 1.5399 0.022265 40022 3348 3535.5 0 0
1.307e+05 1.2004 0.32738 1.2742 -1.0833 0.30715 0 421.27 6.8319 1.541 0.022323 40066 3349 3535.9 0 0
1.308e+05 1.209 0.30071 1.3442 -1.2067 0.3215 0 402.29 6.0358 1.5427 0.022391 40122 3350 3536.3 0 0
1.309e+05 1.1893 0.27918 1.3197 -0.93825 0.32771 0 389.82 1.6194 1.5445 0.022416 40177 3351 3536.7 0 0
1.31e+05 1.2387 0.26922 1.3192 -1.0306 0.31718 0 387.79 3.759 1.5443 0.022412 40205 3349 3537.1 0 0
1.311e+05 1.1798 0.3021 1.3067 -1.0887 0.32023 0 403.75 4.2987 1.5436 0.022408 40230 3351 3537.6 0 0
1.312e+05 1.1411 0.28434 1.2562 -1.0388 0.32919 0 410.15 -1.3259 1.5429 0.022349 40257 3350 3538 0 0
1.313e+05 1.2241 0.26599 1.3231 -1.1659 0.31119 0 416.44 2.4401 1.5421 0.022327 40285 3353 3538.4 0 0
1.314e+05 1.2825 0.31334 1.4283 -1.0634 0.33709 0 405.65 7.4193 1.5424 0.022327 40322 3355 3538.8 0 0
1.315e+05 1.2215 0.27139 1.2902 -1.108 0.33411 0 387.61 3.0395 1.543 0.022371 40370 3357 3539.2 0 0
1.316e+05 1.2199 0.287 1.2883 -1.1032 0.30712 0 383.37 5.0842 1.5422 0.022385 40395 3357 3539.6 0 0
1.317e+05 1.2396 0.25495 1.348 -0.89943 0.32507 0 407.68 1.7501 1.542 0.022351 40429 3354 3540.1 0 0
1.318e+05 1.1968 0.26516 1.2993 -1.0918 0.30563 0 378.11 -0.087143 1.5413 0.022342 40459 3354 3540.5 0 0
1.319e+05 1.2662 0.33008 1.356 -1.1484 0.32667 0 398.27 7.9194 1.5416 0.022353 40502 3356 3540.9 0 0
1.32e+05 1.2032 0.277 1.334 -0.68405 0.30435 0 412.19 2.5227 1.5416 0.02253 40537 3359 3541.3 0 0
1.321e+05 1.2764 0.25141 1.3872 -1.0082 0.31597 0 399.75 1.6258 1.5412 0.022558 40566 3365 3541.7 0 0
1.322e+05 1.3253 0.28757 1.4326 -0.98747 0.31844 0 387.21 4.2464 1.5405 0.022523 40597 3365 3542.1 0 0
1.323e+05 1.2967 0.27465 1.3544 -1.2738 0.32909 0 393.74 4.6529 1.5397 0.022568 40622 3367 3542.6 0 0
1.324e+05 1.245 0.28257 1.3448 -1.1079 0.31649 0 406.4 5.7138 1.5398 0.022528 40664 3369 3543 0 0
1.325e+05 1.2825 0.26585 1.4141 -1.1629 0.31302 0 401.36 4.1061 1.5391 0.022518 40694 3371 3543.4 0 0
1.326e+05 1.3757 0.27222 1.4938 -1.3409 0.32472 0 410.13 -2.9223 1.5386 0.02245 40728 3369 3543.8 0 0
1.327e+05 1.3653 0.29912 1.4548 -1.047 0.33045 0 415.17 1.2821 1.5398 0.022492 40783 3367 3544.2 0 0
1.328e+05 1.2793 0.3065 1.4013 -1.042 0.30675 0 404.04 7.1918 1.5401 0.02251 40829 3365 3544.7 0 0
1.329e+05 1.3453 0.30369 1.4625 -1.1273 0.33384 0 379.41 3.6823 1.5406 0.022488 40877 3361 3545.1 0 0
1.33e+05 1.353 0.26484 1.4704 -1.1772 0.31153 0 423.7 -0.59347 1.5401 0.022506 40905 3362 3545.5 0 0
1.331e+05 1.3199 0.26092 1.3945 -1.1901 0.31337 0 378.6 2.0808 1.5391 0.022499 40926 3363 3546 0 0
1.332e+05 1.2739 0.28462 1.4461 -1.1584 0.31114 0 372.51 5.9676 1.538 0.022502 40945 3362 3546.4 0 0
1.333e+05 1.258 0.29454 1.4419 -1.385 0.31078 0 395.94 7.0103 1.5383 0.022675 40987 3364 3546.8 0 0
1.334e+05 1.3149 0.28571 1.5296 -1.0416 0.32313 0 385.63 4.8659 1.5381 0.022786 41026 3367 3547.2 0 0
1.335e+05 1.2651 0.30929 1.4137 -1.1584 0.34552 0 391.78 7.7699 1.5386 0.022407 41067 3365 3547.6 0 0
1.336e+05 1.3221 0.26106 1.4201 -1.0576 0.30754 0 396.22 2.0269 1.5389 0.022454 41109 3365 3548 0 0
1.337e+05 1.262 0.2829 1.341 -1.1216 0.30571 0 397.67 5.9497 1.5397 0.022567 41164 3369 3548.4 0 0
1.338e+05 1.255 0.26713 1.331 -1.2712 0.31189 0 403.87 4.334 1.5411 0.022651 41223 3373 3548.8 0 0
1.339e+05 1.2531 0.28129 1.4436 -1.3352 0.35647 0 404.94 5.6739 1.5418 0.022747 41276 3376 3549.2 0 0
1.34e+05 1.282 0.29183 1.4156 -1.2397 0.31318 0 399.05 6.2793 1.543 0.022768 41334 3380 3549.6 0 0
1.341e+05 1.2454 0.26993 1.4141 -0.94794 0.337 0 380.87 4.4115 1.5451 0.022652 41409 3379 3550 0 0
1.342e+05 1.3466 0.29247 1.5283 -1.1319 0.33284 0 410.23 3.2065 1.5466 0.022512 41470 3377 3550.4 0 0
1.343e+05 1.3097 0.25629 1.4382 -0.98698 0.30015 0 383.54 1.7556 1.5469 0.022646 41517 3378 3550.8 0 0
1.344e+05 1.2728 0.26033 1.4228 -1.1123 0.3318 0 404.41 3.3396 1.5486 0.022668 41583 3383 3551.2 0 0
1.345e+05 1.2362 0.24953 1.3725 -1.0919 0.35268 0 420.57 0.51236 1.55 0.022604 41637 3380 3551.6 0 0
1.346e+05 1.2875 0.25032 1.4171 -1.3746 0.3148 0 401.51 1.4706 1.5523 0.022606 41708 3381 3552 0 0
1.347e+05 1.2152 0.23396 1.3426 -1.2492 0.31835 0 397.31 -3.6683 1.5532 0.022584 41752 3381 3552.5 0 0
1.348e+05 1.2654 0.2493 1.3915 -0.97746 0.3377 0 403.72 1.3788 1.5529 0.02263 41788 3382 3552.9 0 0
1.349e+05 1.2757 0.24808 1.4361 -1.2063 0.33368 0 399 1.1798 1.552 0.022634 41815 3383 3553.3 0 0
1.35e+05 1.267 0.26394 1.4283 -0.96385 0.32381 0 395.74 4.0627 1.5514 0.022642 41844 3382 3553.7 0 0
1.351e+05 1.2528 0.26671 1.3199 -1.0677 0.32722 0 426.13 4.3322 1.5516 0.022585 41888 3386 3554.2 0 0
1.352e+05 1.2628 0.26367 1.3639 -1.214 0.3186 0 437.98 4.1096 1.5509 0.022543 41917 3383 3554.6 0 0
1.353e+05 1.2698 0.2562 1.4259 -1.296 0.32036 0 389.44 2.8549 1.55 0.022524 41940 3386 3555 0 0
1.354e+05 1.2995 0.24935 1.4177 -1.2722 0.32371 0 387.54 0.81632 1.5483 0.022541 41946 3383 3555.5 0 0
1.355e+05 1.3218 0.24315 1.4501 -1.1633 0.30482 0 407.07 -1.9057 1.5467 0.022526 41955 3388 3555.9 0 0
1.356e+05 1.2374 0.2388 1.3573 -1.1589 0.36495 0 434.8 -1.5474 1.5454 0.022537 41970 3386 3556.4 0 0
1.357e+05 1.2465 0.27006 1.3765 -1.0039 0.31503 0 418.35 4.5785 1.5449 0.02244 42000 3389 3556.8 0 0
1.358e+05 1.2555 0.27918 1.3883 -1.1053 0.31798 0 387.44 5.6473 1.5453 0.02269 42040 3390 3557.1 0 0
1.359e+05 1.277 0.25283 1.3444 -1.0487 0.31898 0 398.12 2.2721 1.5444 0.022574 42061 3391 3557.6 0 0
1.36e+05 1.2995 0.23953 1.4042 -1.1231 0.31735 0 412.97 -1.3322 1.5436 0.022587 42086 3393 3558 0 0
1.361e+05 1.2941 0.30149 1.3995 -1.0852 0.31806 0 406.38 6.7727 1.5434 0.02258 42117 3396 3558.4 0 0
1.362e+05 1.3017 0.3008 1.4066 -1.1867 0.3412 0 387.53 6.428 1.5429 0.022656 42145 3401 3558.8 0 0
1.363e+05 1.3051 0.262 1.4609 -1.2123 0.33657 0 403.55 3.0877 1.5433 0.022505 42185 3402 3559.2 0 0
1.364e+05 1.255 0.25566 1.3666 -0.96971 0.30467 0 381.85 2.6982 1.5434 0.022513 42224 3401 3559.6 0 0
1.365e+05 1.282 0.2598 1.3786 -1.1245 0.32498 0 430.69 3.5289 1.5431 0.022482 42257 3398 3560 0 0
1.366e+05 1.228 0.27507 1.3301 -1.2452 0.32063 0 408.48 4.1248 1.5426 0.022492 42286 3400 3560.4 0 0
1.367e+05 1.3187 0.21958 1.4229 -0.97778 0.337 0 412.28 -7.7598 1.5422 0.022531 42316 3396 3560.8 0 0
1.368e+05 1.259 0.24883 1.4127 -1.2939 0.30372 0 403.75 1.3539 1.5411 0.022522 42337 3394 3561.2 0 0
1.369e+05 1.3054 0.22181 1.4377 -1.2149 0.3169 0 418.78 -6.3052 1.5395 0.022533 42345 3392 3561.7 0 0
1.37e+05 1.2764 0.22946 1.4072 -1.2168 0.32621 0 407.87 -3.1906 1.5378 0.022523 42350 3393 3562.2 0 0
1.371e+05 1.2602 0.27399 1.3368 -1.4334 0.31892 0 414.33 5.4004 1.5363 0.022494 42361 3397 3562.6 0 0
1.372e+05 1.2698 0.27214 1.3787 -1.2267 0.31933 0 402.57 5.187 1.5359 0.022466 42393 3395 3563 0 0
1.373e+05 1.1879 0.24247 1.3077 -1.0771 0.33121 0 402.08 -4.8661 1.5345 0.022431 42407 3402 3563.5 0 0
1.374e+05 1.2994 0.23945 1.4641 -1.0187 0.31142 0 406.64 -1.2467 1.533 0.022424 42416 3403 3563.9 0 0
1.375e+05 1.326 0.20944 1.4365 -1.1127 0.31063 0 399.62 -11.441 1.5314 0.022399 42425 3407 3564.3 0 0
1.376e+05 1.2608 0.21618 1.3525 -1.069 0.32262 0 397.72 -6.0871 1.5297 0.022394 42430 3411 3564.9 0 0
1.377e+05 1.2624 0.25478 1.384 -1.0821 0.31477 0 406.71 2.8231 1.5283 0.02237 42442 3413 3565.3 0 0
1.378e+05 1.189 0.226 1.3436 -0.9849 0.32523 0 390.45 -7.962 1.5268 0.022357 42452 3415 3565.8 0 0
1.379e+05 1.2448 0.24572 1.3636 -1.1415 0.32613 0 382.34 0.52724 1.5257 0.022361 42470 3415 3566.2 0 0
1.38e+05 1.374 0.23377 1.4535 -1.1845 0.29007 0 431.22 -9.8246 1.5252 0.022376 42499 3411 3566.6 0 0
1.381e+05 1.1715 0.29142 1.3247 -1.1944 0.31824 0 390.8 1.8232 1.5247 0.022357 42530 3410 3567 0 0
1.382e+05 1.262 0.25389 1.4447 -1.2897 0.33146 0 393.91 2.6966 1.5243 0.022317 42562 3409 3567.4 0 0
1.383e+05 1.234 0.23954 1.4122 -1.2007 0.33487 0 412.25 -1.4171 1.5235 0.022375 42588 3413 3567.8 0 0
1.384e+05 1.2464 0.28186 1.4276 -1.094 0.3074 0 404.96 5.9566 1.5227 0.022431 42613 3417 3568.2 0 0
1.385e+05 1.2808 0.28292 1.3936 -1.0968 0.31847 0 395.24 6.1108 1.5219 0.022441 42637 3415 3568.6 0 0
1.386e+05 1.2999 0.28143 1.4588 -0.77922 0.3377 0 414.09 5.8611 1.5218 0.022375 42674 3413 3569 0 0
1.387e+05 1.317 0.28343 1.4647 -1.3001 0.32484 0 396.53 4.8643 1.5228 0.022429 42727 3415 3569.5 0 0
1.388e+05 1.2973 0.26624 1.413 -1.2433 0.32753 0 410.42 4.1685 1.5237 0.02229 42778 3415 3569.9 0 0
1.389e+05 1.2894 0.25219 1.4251 -1.0133 0.29864 0 402.51 2.1667 1.5231 0.022329 42806 3413 3570.3 0 0
1.39e+05 1.3144 0.22618 1.455 -1.0671 0.31671 0 411.36 -5.3269 1.5225 0.022378 42835 3416 3570.7 0 0
1.391e+05 1.3188 0.23478 1.3741 -1.0327 0.32901 0 402.35 -3.4608 1.5222 0.022307 42870 3411 3571.1 0 0
1.392e+05 1.2469 0.28277 1.4413 -0.95352 0.32518 0 410.53 6.1157 1.5215 0.022319 42898 3411 3571.6 0 0
1.393e+05 1.2648 0.22598 1.4836 -1.2047 0.31871 0 390.37 -3.5221 1.5213 0.022308 42940 3411 3572 0 0
1.394e+05 1.2774 0.26843 1.3784 -1.1648 0.3121 0 398.69 5.0212 1.5202 0.022341 42959 3417 3572.4 0 0
1.395e+05 1.1673 0.22296 1.2637 -1.0805 0.30825 0 414.33 -11.574 1.5189 0.02239 42973 3416 3572.9 0 0
1.396e+05 1.1948 0.2762 1.34 -1.0299 0.3264 0 384.37 1.6424 1.5174 0.022394 42983 3415 3573.3 0 0
1.397e+05 1.2729 0.29164 1.361 -1.1165 0.30023 0 391.55 6.8158 1.517 0.022365 43016 3418 3573.7 0 0
1.398e+05 1.3187 0.28016 1.4658 -1.2808 0.32334 0 416.73 4.5127 1.5164 0.022431 43042 3420 3574.1 0 0
1.399e+05 1.3228 0.25705 1.4225 -1.3348 0.32242 0 399.48 1.6166 1.5153 0.022435 43061 3421 3574.6 0 0
1.4e+05 1.2237 0.27133 1.3956 -1.02 0.33028 0 384.91 3.5111 1.5155 0.022476 43108 3422 3574.9 0 0
1.401e+05 1.2561 0.27978 1.3797 -1.0496 0.34814 0 392.26 5.9963 1.5167 0.022298 43157 3420 3575.4 0 0
1.402e+05 1.3269 0.26168 1.4768 -0.97011 0.32671 0 409.25 2.0523 1.518 0.022571 43205 3423 3575.7 0 0
1.403e+05 1.3235 0.25344 1.3596 -1.2763 0.32822 0 387.82 0.73108 1.518 0.02271 43241 3426 3576.1 0 0
1.404e+05 1.266 0.24115 1.346 -0.9056 0.32997 0 397.18 0.064778 1.5172 0.022719 43267 3426 3576.5 0 0
1.405e+05 1.2209 0.28244 1.3801 -1.1054 0.31777 0 390 4.5856 1.5176 0.022575 43305 3425 3576.9 0 0
1.406e+05 1.2591 0.22973 1.4118 -1.1041 0.32393 0 390.87 -2.5405 1.5172 0.022445 43335 3425 3577.4 0 0
1.407e+05 1.2818 0.26488 1.3941 -1.191 0.32537 0 399.35 4.7402 1.5173 0.022508 43373 3423 3577.7 0 0
1.408e+05 1.2489 0.28238 1.3591 -1.1833 0.31744 0 403.99 6.1669 1.5174 0.022501 43407 3424 3578.1 0 0
1.409e+05 1.2738 0.21883 1.4217 -0.90038 0.31212 0 398.05 -5.7398 1.5165 0.022596 43428 3426 3578.5 0 0
1.41e+05 1.2591 0.27076 1.4985 -0.88614 0.34365 0 405.13 5.4083 1.5158 0.022572 43454 3426 3578.9 0 0
1.411e+05 1.2729 0.26817 1.4127 -1.1834 0.3213 0 392.82 5.0404 1.5153 0.022491 43484 3423 3579.4 0 0
1.412e+05 1.2208 0.25604 1.4107 -1.1117 0.33464 0 399.6 0.93584 1.5153 0.022512 43517 3420 3579.7 0 0
1.413e+05 1.2888 0.28119 1.4459 -1.1949 0.32456 0 407.15 6.1379 1.5155 0.022594 43551 3422 3580.1 0 0
1.414e+05 1.2472 0.23457 1.4138 -1.0236 0.31426 0 393.44 -1.906 1.515 0.022671 43578 3419 3580.5 0 0
1.415e+05 1.2582 0.28043 1.4099 -1.1109 0.30642 0 406.36 6.2095 1.5149 0.02266 43611 3421 3580.9 0 0
1.416e+05 1.3039 0.2682 1.4391 -1.0374 0.31612 0 388.81 4.4499 1.5144 0.022557 43640 3423 3581.3 0 0
1.417e+05 1.3353 0.28272 1.551 -1.0325 0.333 0 416.84 3.3876 1.5141 0.02255 43672 3426 3581.7 0 0
1.418e+05 1.2815 0.2675 1.4572 -1.0192 0.31457 0 406.38 5.1843 1.5141 0.022707 43707 3428 3582.1 0 0
1.419e+05 1.2706 0.29244 1.3971 -0.93311 0.32016 0 385.74 7.0726 1.514 0.022677 43737 3433 3582.5 0 0
1.42e+05 1.254 0.28853 1.4598 -1.0969 0.31607 0 416.48 6.7784 1.5142 0.022715 43774 3432 3582.8 0 0
1.421e+05 1.244 0.27066 1.4128 -0.96066 0.32428 0 409.22 4.8699 1.5134 0.022714 43797 3431 3583.3 0 0
1.422e+05 1.2677 0.28512 1.3531 -1.0665 0.32219 0 396.62 6.6833 1.5126 0.022698 43822 3431 3583.7 0 0
1.423e+05 1.2604 0.26893 1.4227 -0.78288 0.32505 0 411.43 5.3729 1.5117 0.022686 43846 3433 3584.1 0 0
1.424e+05 1.263 0.2219 1.4817 -0.95668 0.35146 0 403.01 -4.5987 1.5106 0.022682 43866 3437 3584.5 0 0
1.425e+05 1.2671 0.25602 1.3827 -1.2442 0.31427 0 413.8 3.5134 1.5095 0.022593 43884 3435 3584.9 0 0
1.426e+05 1.2756 0.26922 1.4171 -1.2656 0.31798 0 398.29 5.2819 1.5094 0.022595 43918 3438 3585.3 0 0
1.427e+05 1.3077 0.26193 1.4443 -1.1898 0.32224 0 400.51 3.4054 1.5089 0.022601 43948 3442 3585.7 0 0
1.428e+05 1.2722 0.23186 1.4424 -1.1178 0.34238 0 389.62 -2.1244 1.508 0.022604 43970 3441 3586.1 0 0
1.429e+05 1.2844 0.2511 1.4096 -1.1532 0.33705 0 414.16 2.4086 1.507 0.022616 43990 3439 3586.5 0 0
1.43e+05 1.2617 0.24784 1.4389 -1.2763 0.3091 0 412.8 1.7566 1.5059 0.022543 44009 3439 3587 0 0
1.431e+05 1.2739 0.29089 1.4808 -1.2981 0.35346 0 393.92 6.8652 1.5049 0.022456 44029 3438 3587.4 0 0
1.432e+05 1.2865 0.25673 1.4436 -1.0767 0.29778 0 401.78 3.3697 1.5037 0.022467 44045 3435 3587.9 0 0
1.433e+05 1.2801 0.21753 1.3761 -1.2024 0.30942 0 395.25 -6.4025 1.5027 0.02247 44068 3437 3588.3 0 0
1.434e+05 1.2218 0.26711 1.3772 -1.0734 0.31754 0 399.35 2.9916 1.5017 0.022479 44089 3442 3588.7 0 0
1.435e+05 1.2435 0.27314 1.3714 -1.1034 0.33097 0 415.53 5.2369 1.5014 0.022568 44121 3447 3589.1 0 0
1.436e+05 1.269 0.27624 1.4072 -0.99886 0.30613 0 411.73 6.0165 1.5012 0.022589 44153 3444 3589.5 0 0
1.437e+05 1.3382 0.29344 1.4879 -1.2374 0.29846 0 446.3 3.8575 1.5014 0.022674 44190 3440 3589.9 0 0
1.438e+05 1.3052 0.30798 1.4496 -1.2007 0.34311 0 438.18 6.4726 1.5016 0.022622 44225 3444 3590.2 0 0
1.439e+05 1.2437 0.28545 1.3909 -0.98358 0.33322 0 417.62 6.2869 1.5014 0.022586 44259 3444 3590.6 0 0
1.44e+05 1.2444 0.30065 1.4249 -1.225 0.32505 0 439.44 7.2598 1.5022 0.022674 44303 3446 3591 0 0
1.441e+05 1.3094 0.2811 1.423 -0.98612 0.32408 0 412.58 5.5291 1.5033 0.022959 44346 3450 3591.3 0 0
1.442e+05 1.2815 0.27349 1.3776 -0.85763 0.34177 0 406.73 5.949 1.5035 0.02302 44382 3449 3591.7 0 0
1.443e+05 1.3102 0.24733 1.4363 -1.0751 0.33483 0 412.29 0.28913 1.5038 0.023111 44423 3452 3592.1 0 0
1.444e+05 1.2648 0.3031 1.4094 -1.1922 0.32377 0 389.51 7.499 1.5049 0.023066 44465 3452 3592.4 0 0
1.445e+05 1.2463 0.30216 1.3265 -1.0752 0.31973 0 385.9 7.3534 1.506 0.023023 44511 3449 3592.8 0 0
1.446e+05 1.2673 0.26802 1.3332 -1.1057 0.31017 0 398.25 5.2914 1.5069 0.022906 44554 3450 3593.2 0 0
1.447e+05 1.2476 0.27234 1.3076 -1.0827 0.30477 0 388.77 5.3608 1.5078 0.02299 44603 3450 3593.6 0 0
1.448e+05 1.2735 0.28693 1.3672 -1.1579 0.31866 0 371.24 6.8006 1.5089 0.023035 44644 3452 3593.9 0 0
1.449e+05 1.2926 0.27705 1.4099 -1.065 0.31553 0 397.12 6.0016 1.5092 0.022953 44682 3450 3594.3 0 0
1.45e+05 1.2715 0.31977 1.3441 -1.0796 0.31872 0 407.89 7.6771 1.5098 0.022932 44716 3445 3594.7 0 0
1.451e+05 1.3606 0.27269 1.4307 -1.2714 0.32022 0 400.98 -0.29277 1.5104 0.02292 44754 3447 3595.1 0 0
1.452e+05 1.2808 0.30119 1.496 -1.1767 0.3645 0 392.93 7.0897 1.5108 0.022943 44794 3450 3595.4 0 0
1.453e+05 1.2153 0.31897 1.3796 -0.8857 0.33991 0 405.68 7.3261 1.5118 0.023058 44831 3449 3595.8 0 0
1.454e+05 1.3464 0.34778 1.4651 -1.3432 0.33782 0 413.14 2.3585 1.514 0.022884 44864 3449 3596.1 0 0
1.455e+05 1.2587 0.27984 1.4161 -1.3239 0.34464 0 382.14 6.3936 1.5149 0.0228 44902 3450 3596.5 0 0
1.456e+05 1.2981 0.2405 1.4849 -1.176 0.31171 0 378.29 -0.5614 1.5152 0.022848 44939 3454 3596.9 0 0
1.457e+05 1.3065 0.28888 1.402 -1.2498 0.33473 0 407.42 6.1976 1.5154 0.022919 44973 3457 3597.3 0 0
1.458e+05 1.3162 0.25045 1.4316 -1.0206 0.3374 0 401 0.69299 1.5158 0.022848 45009 3459 3597.6 0 0
1.459e+05 1.277 0.32266 1.4293 -1.112 0.30938 0 381.75 7.5121 1.5157 0.022785 45042 3462 3598 0 0
1.46e+05 1.3373 0.28899 1.4776 -0.9755 0.33566 0 377.99 3.7183 1.5148 0.022831 45063 3464 3598.4 0 0
1.461e+05 1.3352 0.29947 1.5916 -0.95925 0.32224 0 376.1 4.4711 1.5146 0.022748 45095 3463 3598.8 0 0
1.462e+05 1.3172 0.3085 1.522 -1.0511 0.32436 0 381.57 5.8036 1.5147 0.022705 45129 3461 3599.2 0 0
1.463e+05 1.2286 0.33187 1.4999 -1.1441 0.3162 0 367.3 7.8915 1.5164 0.022703 45172 3462 3599.6 0 0
1.464e+05 1.282 0.31039 1.501 -1.131 0.33551 0 368.36 7.4056 1.5186 0.022696 45206 3463 3599.9 0 0
1.465e+05 1.2666 0.30032 1.5395 -1.2896 0.34362 0 391.1 7.5044 1.5201 0.022657 45241 3469 3600.3 0 0
1.466e+05 1.2954 0.32307 1.5807 -1.0297 0.34975 0 379.37 6.7121 1.5223 0.022646 45276 3471 3600.6 0 0
1.467e+05 1.3005 0.298 1.4518 -1.1153 0.2928 0 388.78 6.6155 1.5242 0.022589 45314 3476 3601 0 0
1.468e+05 1.2809 0.32085 1.4197 -1.1569 0.308 0 373.29 7.4611 1.5243 0.0225 45349 3479 3601.4 0 0
1.469e+05 1.31 0.30448 1.4336 -1.1137 0.31933 0 382.79 6.3455 1.5251 0.022469 45384 3484 3601.7 0 0
1.47e+05 1.3294 0.29526 1.4641 -1.3014 0.33615 0 373.02 4.8935 1.5245 0.022487 45411 3485 3602.1 0 0
1.471e+05 1.2961 0.30944 1.432 -1.2229 0.31198 0 387.73 7.0125 1.524 0.022492 45439 3485 3602.5 0 0
1.472e+05 1.4033 0.29896 1.4023 -1.1125 0.33286 0 382.5 -5.1192 1.5231 0.022549 45460 3494 3602.9 0 0
1.473e+05 1.3288 0.30181 1.444 -1.1401 0.34554 0 387.13 5.1591 1.5223 0.022476 45483 3497 3603.3 0 0
1.474e+05 1.3708 0.2747 1.4228 -1.0893 0.32825 0 381.69 -1.4046 1.5214 0.022366 45501 3495 3603.8 0 0
1.475e+05 1.362 0.28502 1.4322 -1.0329 0.32618 0 379.94 0.7751 1.5201 0.022372 45514 3493 3604.2 0 0
1.476e+05 1.3871 0.28482 1.4596 -1.1284 0.31157 0 403.07 -3.0259 1.5188 0.0224 45527 3493 3604.6 0 0
1.477e+05 1.3557 0.30614 1.4315 -1.1241 0.31394 0 401.21 2.6793 1.518 0.022381 45549 3496 3605 0 0
1.478e+05 1.386 0.27768 1.4655 -1.2345 0.32204 0 392.81 -3.4969 1.517 0.022387 45567 3495 3605.4 0 0
1.479e+05 1.3108 0.30487 1.424 -0.84655 0.30967 0 363.54 6.3661 1.5169 0.022383 45599 3496 3605.8 0 0
1.48e+05 1.3477 0.19654 1.5129 -1.0371 0.32333 0 396.42 -17.909 1.5167 0.02252 45623 3499 3606.2 0 0
1.481e+05 1.3263 0.20211 1.4728 -1.1886 0.34773 0 388.17 -14.147 1.5153 0.022558 45634 3493 3606.6 0 0
1.482e+05 1.3902 0.28613 1.5243 -1.1726 0.32538 0 391.42 -3.3411 1.514 0.022523 45645 3498 3607.1 0 0
1.483e+05 1.3772 0.28833 1.4991 -1.0707 0.34868 0 399.68 -1.0935 1.5135 0.022516 45669 3500 3607.5 0 0
1.484e+05 1.2994 0.28 1.503 -1.1476 0.31034 0 390.22 6.2615 1.5137 0.022409 45700 3500 3607.9 0 0
1.485e+05 1.4038 0.28837 1.6236 -1.2629 0.31502 0 402.85 -5.9217 1.5131 0.02239 45717 3503 3608.3 0 0
1.486e+05 1.41 0.27941 1.5959 -1.0813 0.31198 0 404.42 -7.7726 1.5125 0.022466 45742 3506 3608.7 0 0
1.487e+05 1.2802 0.30638 1.4714 -1.2026 0.35756 0 403.49 7.379 1.5114 0.022582 45755 3508 3609.1 0 0
1.488e+05 1.3414 0.27027 1.5263 -1.2135 0.31154 0 379.76 1.7983 1.5107 0.022547 45780 3512 3609.5 0 0
1.489e+05 1.4575 0.26183 1.6241 -1.0775 0.32441 0 385.65 -19.094 1.5093 0.022565 45787 3513 3610.1 0 0
1.49e+05 1.4654 0.26976 1.5702 -1.113 0.31711 0 401.71 -19.025 1.5076 0.022444 45788 3532 3610.6 0 0
1.491e+05 1.4721 0.29953 1.564 -1.2134 0.32479 0 416.67 -12.795 1.5058 0.022343 45788 3548 3611.2 0 0
1.492e+05 1.4397 0.29416 1.5065 -1.3383 0.31575 0 398.9 -11.44 1.5041 0.022305 45789 3554 3611.7 0 0
1.493e+05 1.4633 0.29227 1.5145 -1.1251 0.30497 0 404.06 -13.348 1.5024 0.022243 45789 3564 3612.3 0 0
1.494e+05 1.4287 0.28388 1.4611 -0.98549 0.31329 0 403.69 -10.876 1.5007 0.02223 45789 3566 3612.8 0 0
1.495e+05 1.4061 0.26819 1.4275 -1.0965 0.35087 0 400.35 -8.0665 1.499 0.02223 45790 3566 3613.4 0 0
1.496e+05 1.4689 0.24893 1.5369 -1.0971 0.33088 0 409.47 -23.105 1.4973 0.022181 45790 3574 3614 0 0
1.497e+05 1.443 0.26515 1.4806 -1.1778 0.32412 0 417.64 -15.657 1.4956 0.02215 45790 3579 3614.6 0 0
1.498e+05 1.4399 0.21508 1.551 -1.0312 0.3113 0 395.19 -26.41 1.4938 0.022088 45790 3589 3615.3 0 0
1.499e+05 1.4153 0.22395 1.6136 -1.1634 0.32912 0 392.58 -19.107 1.4921 0.022051 45790 3595 3616 0 0
1.5e+05 1.421 0.23332 1.5157 -1.1028 0.33752 0 383.5 -17.36 1.4904 0.022027 45790 3599 3616.8 0 0
1.501e+05 1.4823 0.22265 1.6046 -1.1607 0.33944 0 388.71 -30.73 1.4887 0.021953 45790 3611 3617.7 0 0
1.502e+05 1.4872 0.19739 1.5504 -1.1045 0.33747 0 394.33 -39.216 1.487 0.021929 45790 3615 3618.6 0 0
1.503e+05 1.4782 0.17541 1.5283 -1.1683 0.30543 0 386.86 -48.117 1.4852 0.021899 45790 3620 3619.6 0 0
1.504e+05 1.5044 0.23248 1.5622 -1.0042 0.30876 0 402.11 -33.275 1.4835 0.021899 45790 3620 3620.6 0.9723 0
1.505e+05 1.4861 0.17253 1.5769 -1.1795 0.32239 0 403.93 -49.114 1.4818 0.021881 45790 3623 3621.5 0 0
1.506e+05 1.3985 0.17975 1.4998 -1.19 0.32737 0 403.45 -33.195 1.4801 0.02185 45790 3628 3622.4 0 0
1.507e+05 1.4594 0.22632 1.5805 -1.1097 0.31334 0 401.96 -26.384 1.4784 0.02185 45790 3628 3623.4 0 0
1.508e+05 1.4603 0.22278 1.5513 -1.2178 0.29617 0 386.14 -27.451 1.4767 0.021838 45790 3630 3624.4 0 0
1.509e+05 1.4728 0.18991 1.6075 -1.0173 0.3303 0 399.78 -41.212 1.475 0.021814 45790 3634 3625.3 0 0
1.51e+05 1.4667 0.18505 1.5986 -0.97802 0.31457 0 412.76 -42.652 1.4733 0.021814 45790 3634 3626.3 0 0
1.511e+05 1.4387 0.18648 1.5341 -0.99783 0.34006 0 395.25 -37.383 1.4716 0.021814 45790 3634 3627.3 0 0
1.512e+05 1.4639 0.20614 1.5955 -1.2145 0.29708 0 405.97 -32.647 1.4699 0.021814 45790 3634 3628.4 0 0
1.513e+05 1.4392 0.18764 1.586 -1.1536 0.32479 0 402.65 -36.902 1.4682 0.021814 45790 3634 3629.4 0 0
1.514e+05 1.4621 0.18056 1.5966 -1.0318 0.30816 0 399.7 -43.611 1.4665 0.021844 45790 3629 3630.3 0 0
1.515e+05 1.3712 0.21448 1.533 -0.93489 0.30917 0 397.37 -14.805 1.4647 0.021826 45790 3632 3631.1 0 0
1.516e+05 1.4208 0.24754 1.5611 -0.8846 0.33274 0 400.4 -14.03 1.4631 0.021814 45791 3634 3631.7 0 0
1.517e+05 1.4642 0.22146 1.5746 -1.0001 0.31398 0 408.65 -28.225 1.4614 0.021802 45791 3636 3632.3 0 0
1.518e+05 1.4149 0.23148 1.4632 -1.0922 0.31191 0 402.4 -16.671 1.4597 0.021755 45791 3644 3633 0 0
1.519e+05 1.4504 0.20686 1.5685 -1.0205 0.312 0 385.74 -30.849 1.458 0.021707 45791 3652 3633.7 0 0
1.52e+05 1.4613 0.19987 1.5399 -1.1944 0.30237 0 419.18 -34.624 1.4563 0.021695 45791 3654 3634.3 0 0
1.521e+05 1.4008 0.19559 1.4654 -1.234 0.31739 0 398.49 -26.159 1.4546 0.021701 45791 3653 3635.1 0 0
1.522e+05 1.3979 0.17966 1.502 -0.84524 0.3106 0 401.25 -32.759 1.4529 0.021654 45791 3661 3636 0 0
1.523e+05 1.4267 0.24364 1.5158 -1.0778 0.30194 0 426.46 -16.152 1.4512 0.021642 45791 3663 3636.9 0 0
1.524e+05 1.4499 0.22199 1.4896 -1.3176 0.33942 0 394.32 -25.763 1.4495 0.021624 45791 3666 3637.7 0 0
1.525e+05 1.4522 0.21334 1.5431 -1.0851 0.31166 0 394.37 -28.637 1.4478 0.021612 45791 3668 3638.4 0 0
1.526e+05 1.3939 0.20793 1.5004 -1.0454 0.33212 0 385.29 -20.474 1.4461 0.021606 45791 3669 3639.1 0 0
1.527e+05 1.374 0.2635 1.409 -1.2118 0.32005 0 384.88 -3.1748 1.4444 0.021595 45791 3671 3639.8 0 0
1.528e+05 1.5017 0.24719 1.5069 -0.98873 0.32447 0 398.1 -29.099 1.4427 0.021577 45791 3674 3640.4 0.14295 0
1.529e+05 1.4326 0.20923 1.5269 -0.97567 0.35983 0 394.17 -26.609 1.4411 0.021594 45791 3671 3641.1 0 0
1.53e+05 1.465 0.23593 1.5981 -1.3523 0.31817 0 389.27 -24.407 1.4394 0.021571 45791 3675 3641.8 0 0
1.531e+05 1.4093 0.26063 1.5062 -1.0986 0.33342 0 397.66 -9.5182 1.4377 0.021583 45792 3673 3642.4 0 0
1.532e+05 1.4633 0.20892 1.531 -0.92889 0.31492 0 395.05 -31.412 1.436 0.021565 45792 3676 3643.1 0 0
1.533e+05 1.4607 0.20661 1.4269 -1.1346 0.33871 0 402.45 -31.77 1.4343 0.021565 45792 3676 3643.9 0 0
1.534e+05 1.467 0.20682 1.2953 -1.0242 0.34184 0 391.91 -32.524 1.4327 0.021577 45792 3674 3644.8 0 0
1.535e+05 1.4886 0.1815 1.2222 -1.1851 0.33677 0 386.71 -45.702 1.431 0.021536 45792 3681 3645.7 0 0
1.536e+05 1.4445 0.21714 1.1857 -1.0579 0.30881 0 369.28 -25.879 1.4293 0.021495 45792 3688 3646.7 0 0
1.537e+05 1.4032 0.16657 1.1461 -1.2114 0.31203 0 389.78 -37.969 1.4276 0.021472 45792 3692 3647.7 0 0
1.538e+05 1.4099 0.1613 1.2011 -0.91238 0.31862 0 385.87 -41.675 1.4259 0.02146 45792 3694 3648.7 0 0
1.539e+05 1.4223 0.20637 1.199 -1.1059 0.30889 0 381.59 -26.094 1.4243 0.02146 45792 3694 3649.8 0 0
1.54e+05 1.4521 0.16687 1.2433 -1.1207 0.3176 0 373.54 -46.769 1.4226 0.02146 45792 3694 3650.8 0 0
1.541e+05 1.4793 0.18599 1.2768 -1.2965 0.31509 0 388.91 -43.174 1.4209 0.021408 45792 3703 3652 0 0
1.542e+05 1.3989 0.16524 1.0962 -1.1287 0.32768 0 393.14 -37.502 1.4193 0.021316 45792 3719 3653.1 0 0
1.543e+05 1.4657 0.1836 1.1697 -1.1926 0.34326 0 396.52 -42.256 1.4176 0.021299 45792 3722 3654.2 0 0
1.544e+05 1.377 0.12126 1.1523 -1.032 0.30723 0 401.41 -48.936 1.4159 0.021276 45792 3726 3655.3 0 0
1.545e+05 1.4462 0.15383 1.2185 -1.2395 0.33183 0 389.31 -48.877 1.4142 0.021241 45792 3732 3656.4 0 0
1.546e+05 1.4447 0.18518 1.222 -1.1384 0.32709 0 393.56 -37.838 1.4126 0.021202 45792 3739 3657.5 0 0
1.547e+05 1.3962 0.15502 1.1305 -1.1266 0.3118 0 379.6 -40.995 1.4109 0.021213 45792 3737 3658.5 0 0
1.548e+05 1.4424 0.17633 1.192 -1.2189 0.33263 0 418.3 -41.024 1.4092 0.021202 45792 3739 3659.6 0 0
1.549e+05 1.4533 0.15399 1.2184 -1.2474 0.34127 0 406.27 -49.067 1.4076 0.021185 45792 3742 3660.7 0 0
1.55e+05 1.4193 0.13626 1.2018 -1.1765 0.3188 0 388.14 -49.249 1.4059 0.021207 45792 3738 3661.9 0 0
1.551e+05 1.3841 0.14757 1.148 -1.0934 0.30819 0 388.71 -42.185 1.4043 0.021168 45792 3745 3663 0 0
1.552e+05 1.419 0.16797 1.1729 -1.0828 0.33557 0 384.43 -40.001 1.4026 0.021134 45792 3751 3664.2 0 0
1.553e+05 1.3803 0.14042 1.204 -1.0268 0.3383 0 387.97 -44.557 1.4009 0.021123 45792 3753 3665.4 0 0
1.554e+05 1.4918 0.15461 1.2994 -1.4094 0.33791 0 409.96 -49.962 1.3993 0.021089 45792 3759 3666.6 0 0
1.555e+05 1.4468 0.18294 1.2513 -1.0871 0.31923 0 365 -39.022 1.3976 0.02105 45792 3766 3667.9 0 0
1.556e+05 1.4619 0.17792 1.0681 -1.2323 0.31653 0 410.52 -43.715 1.396 0.021055 45792 3765 3669.1 0 0
1.557e+05 1.4293 0.13634 1.1697 -1.3558 0.3279 0 400.96 -49.118 1.3943 0.021016 45792 3772 3670.2 0 0
1.558e+05 1.4432 0.16653 1.155 -1.1379 0.30425 0 397.67 -44.074 1.3926 0.021011 45792 3773 3671.4 0 0
1.559e+05 1.43 0.16969 1.1473 -1.3378 0.31318 0 406.56 -41.316 1.391 0.020983 45792 3778 3672.6 0 0
1.56e+05 1.4832 0.16821 1.1611 -1.2496 0.3251 0 395.22 -48.848 1.3893 0.020955 45792 3783 3673.7 0 0
1.561e+05 1.4483 0.15956 1.1773 -1.1958 0.32395 0 373.97 -46.868 1.3877 0.020889 45792 3795 3674.9 0 0
1.562e+05 1.4623 0.16662 1.2347 -0.92757 0.30855 0 398.97 -47.114 1.386 0.020878 45792 3797 3676.1 0 0
1.563e+05 1.4567 0.12057 1.2404 -1.0043 0.30586 0 397.88 -49.986 1.3844 0.020867 45792 3799 3677.3 0 0
1.564e+05 1.4327 0.16259 1.1735 -1.069 0.30646 0 411.71 -44.026 1.3827 0.020845 45792 3803 3678.5 0 0
1.565e+05 1.4657 0.16982 1.1825 -1.3306 0.33988 0 414.07 -46.687 1.3811 0.020834 45792 3805 3679.7 0 0
1.566e+05 1.4171 0.17156 1.2278 -1.5215 0.30953 0 401.13 -38.032 1.3794 0.02085 45792 3802 3680.8 0 0
1.567e+05 1.4545 0.16104 1.1831 -1.1689 0.32331 0 408.37 -47.042 1.3778 0.02085 45792 3802 3681.8 0 0
1.568e+05 1.3814 0.15657 1.1635 -1.0462 0.30829 0 389.27 -38.343 1.3762 0.020867 45792 3799 3682.9 0 0
1.569e+05 1.3879 0.15776 1.1771 -1.1097 0.30626 0 374.14 -38.62 1.3745 0.020878 45792 3797 3683.9 0 0
1.57e+05 1.4444 0.15314 1.3229 -1.1462 0.32533 0 386.05 -47.584 1.3729 0.020872 45792 3798 3684.9 0 0
1.571e+05 1.4123 0.18486 1.4609 -1.1013 0.31209 0 396.67 -32.169 1.3712 0.020872 45792 3798 3685.8 0 0
1.572e+05 1.4079 0.20451 1.4714 -1.118 0.31401 0 407.64 -23.85 1.3696 0.020834 45792 3805 3686.5 0 0
1.573e+05 1.3796 0.22003 1.4422 -1.1337 0.32707 0 418.22 -14.09 1.368 0.020823 45792 3807 3687.3 0 0
1.574e+05 1.4255 0.17919 1.4796 -1.1142 0.34219 0 396.98 -36.104 1.3663 0.020785 45792 3814 3688.1 0 0
1.575e+05 1.3933 0.20331 1.4276 -1.0558 0.32105 0 425.46 -21.736 1.3647 0.020818 45792 3808 3688.8 0 0
1.576e+05 1.4119 0.20045 1.4949 -1.0925 0.30494 0 410.76 -25.865 1.363 0.020807 45792 3810 3689.6 0 0
1.577e+05 1.41 0.17774 1.567 -1.1027 0.3142 0 399.68 -34.345 1.3614 0.020807 45792 3810 3690.4 0 0
1.578e+05 1.4577 0.21276 1.5567 -1.1563 0.31314 0 389.51 -29.368 1.3598 0.020807 45792 3810 3691.3 0 0
1.579e+05 1.4047 0.19867 1.4026 -1.066 0.32418 0 377.08 -25.279 1.3581 0.020796 45792 3812 3692.2 0 0
1.58e+05 1.4264 0.2197 1.3977 -0.92454 0.31715 0 398.95 -21.708 1.3565 0.020769 45792 3817 3692.9 0 0
1.581e+05 1.4074 0.21418 1.4222 -1.0927 0.33198 0 387.19 -20.238 1.3549 0.020752 45792 3820 3693.7 0 0
1.582e+05 1.4682 0.20431 1.5189 -1.0696 0.32702 0 396.33 -33.246 1.3533 0.020763 45792 3818 3694.4 0 0
1.583e+05 1.4313 0.19221 1.5244 -1.0843 0.31281 0 381.65 -32.217 1.3516 0.020758 45792 3819 3695.2 0 0
1.584e+05 1.4007 0.1635 1.3617 -1.1563 0.32452 0 401.85 -37.644 1.35 0.020758 45792 3819 3696.2 0 0
1.585e+05 1.3743 0.18088 1.5382 -1.108 0.31493 0 391.24 -26.833 1.3484 0.020752 45792 3820 3697.3 0 0
1.586e+05 1.3757 0.12976 1.4652 -0.99321 0.31436 0 406.16 -45.728 1.3467 0.020747 45792 3821 3698.3 0 0
1.587e+05 1.3868 0.14685 1.483 -1.06 0.32119 0 390.09 -42.054 1.3451 0.020741 45792 3822 3699.4 0 0
1.588e+05 1.4643 0.15119 1.573 -0.99127 0.31145 0 411.42 -49.198 1.3435 0.02072 45792 3826 3700.5 0 0
1.589e+05 1.4362 0.15928 1.4873 -1.2936 0.32602 0 392.47 -44.746 1.3419 0.020703 45792 3829 3701.5 0 0
1.59e+05 1.3603 0.21988 1.4011 -1.0702 0.3356 0 426.12 -11.363 1.3403 0.020693 45792 3831 3702.3 0 0
1.591e+05 1.392 0.16928 1.4739 -1.0776 0.32093 0 377.6 -34.728 1.3386 0.020687 45792 3832 3703.2 0 0
1.592e+05 1.4336 0.17618 1.4781 -1.0676 0.31267 0 389.06 -38.553 1.337 0.020703 45792 3829 3704.2 0 0
1.593e+05 1.471 0.17423 1.4746 -1.165 0.32173 0 386.52 -45.772 1.3354 0.020687 45792 3832 3705.3 0 0
1.594e+05 1.4328 0.18782 1.4749 -1.0245 0.34986 0 390.95 -34.272 1.3338 0.020687 45792 3832 3706.4 0 0
1.595e+05 1.3949 0.15557 1.4523 -1.2082 0.31841 0 398.18 -39.858 1.3322 0.02066 45792 3837 3707.5 0 0
1.596e+05 1.4739 0.17377 1.4809 -1.1138 0.30922 0 381.69 -46.216 1.3305 0.020655 45792 3838 3708.5 0 0
1.597e+05 1.451 0.18386 1.4847 -1.25 0.30302 0 400.96 -38.722 1.3289 0.020639 45792 3841 3709.4 0 0
1.598e+05 1.4169 0.18851 1.4732 -0.95819 0.33328 0 384.11 -30.43 1.3273 0.02065 45792 3839 3710.3 0 0
1.599e+05 1.4291 0.19061 1.5353 -1.2105 0.30865 0 386.6 -31.94 1.3257 0.020639 45792 3841 3711.1 0 0
1.6e+05 1.4424 0.20052 1.5004 -0.98338 0.30721 0 396.19 -30.594 1.3241 0.020639 45792 3841 3712.1 0 0
1.601e+05 1.4174 0.2056 1.5591 -0.92361 0.31706 0 406.59 -24.756 1.3225 0.020612 45792 3846 3713.1 0 0
1.602e+05 1.4668 0.17656 1.5597 -0.94956 0.3146 0 377.7 -43.744 1.3209 0.020575 45792 3853 3714.1 0 0
1.603e+05 1.4609 0.19241 1.6414 -1.1213 0.31425 0 408.57 -36.761 1.3193 0.020559 45792 3856 3715.2 0 0
1.604e+05 1.438 0.17792 1.5904 -1.1181 0.31557 0 409.3 -38.087 1.3177 0.020553 45792 3857 3716.2 0 0
1.605e+05 1.4365 0.19599 1.5347 -1.0101 0.36384 0 377.18 -31.312 1.3161 0.020516 45792 3864 3717.2 0 0
1.606e+05 1.4107 0.21959 1.5787 -1.1717 0.33508 0 404.54 -18.946 1.3144 0.020479 45792 3871 3718.2 0 0
1.607e+05 1.4621 0.18316 1.5899 -1.0614 0.34673 0 408.19 -40.305 1.3128 0.020468 45792 3873 3719.1 0 0
1.608e+05 1.4398 0.17977 1.6216 -1.2823 0.33509 0 400.8 -37.682 1.3112 0.020452 45792 3876 3720.1 0 0
1.609e+05 1.4786 0.20319 1.5179 -1.0864 0.30185 0 403.09 -35.147 1.3096 0.020405 45792 3885 3721.1 0 0
1.61e+05 1.4645 0.19191 1.5525 -1.2563 0.32028 0 388 -37.206 1.308 0.020384 45792 3889 3722 0 0
1.611e+05 1.4487 0.20672 1.5433 -1.0793 0.29521 0 387.63 -29.409 1.3064 0.020384 45792 3889 3723 0 0
1.612e+05 1.4264 0.17642 1.5216 -0.91769 0.32462 0 403.98 -36.196 1.3048 0.020363 45792 3893 3723.9 0 0
1.613e+05 1.4782 0.22555 1.6385 -1.3558 0.34056 0 386.78 -28.892 1.3032 0.020368 45792 3892 3724.9 0 0
1.614e+05 1.4824 0.22616 1.6504 -1.1513 0.33196 0 379.74 -29.477 1.3016 0.020353 45792 3895 3725.7 0 0
1.615e+05 1.4652 0.24257 1.6326 -1.0955 0.3292 0 391.93 -22.748 1.3 0.020347 45792 3896 3726.6 0 0
1.616e+05 1.4684 0.21738 1.6755 -0.95791 0.30973 0 380.32 -29.082 1.2984 0.020363 45792 3893 3727.5 0 0
1.617e+05 1.4606 0.22045 1.5779 -1.1802 0.29518 0 384.58 -27.213 1.2969 0.020358 45792 3894 3728.5 0 0
1.618e+05 1.4759 0.19491 1.5333 -1.0381 0.30903 0 389.93 -37.587 1.2953 0.020347 45792 3896 3729.3 0 0
1.619e+05 1.461 0.23597 1.4883 -1.0779 0.31479 0 410.81 -23.297 1.2937 0.020306 45792 3904 3730 0 0
1.62e+05 1.4845 0.21623 1.4848 -1.1338 0.32096 0 380.32 -31.847 1.2921 0.020301 45792 3905 3730.9 0 0
1.621e+05 1.5039 0.16813 1.6747 -1.1058 0.33308 0 410.25 -49.695 1.2905 0.020301 45792 3905 3731.8 0.74175 0
1.622e+05 1.4059 0.17363 1.4975 -1.1826 0.3282 0 404.25 -34.515 1.2889 0.020295 45792 3906 3732.8 0 0
1.623e+05 1.469 0.18468 1.5645 -1.1257 0.35656 0 397.2 -40.251 1.2873 0.020295 45792 3906 3733.9 0 0
1.624e+05 1.4613 0.19487 1.5305 -1.4212 0.33146 0 372.35 -35.074 1.2857 0.020295 45792 3906 3734.7 0 0
1.625e+05 1.4479 0.18444 1.6413 -1.4422 0.3322 0 377.29 -36.598 1.2841 0.020295 45792 3906 3735.7 0 0
1.626e+05 1.4254 0.16664 1.608 -1.094 0.33249 0 387.86 -40.069 1.2825 0.02029 45792 3907 3736.7 0 0
1.627e+05 1.4684 0.1811 1.4545 -1.1329 0.31806 0 408.21 -41.215 1.281 0.020306 45792 3904 3737.7 0 0
1.628e+05 1.4913 0.18709 1.5923 -1.2853 0.30755 0 405.96 -42.406 1.2794 0.020306 45792 3904 3738.8 0 0
1.629e+05 1.4018 0.17879 1.4834 -1.1685 0.31075 0 393.39 -32.162 1.2778 0.020295 45792 3906 3739.8 0 0
1.63e+05 1.4099 0.15532 1.5775 -1.0276 0.3362 0 409.68 -42.043 1.2762 0.020337 45792 3898 3740.9 0 0
1.631e+05 1.4471 0.17431 1.5499 -1.0597 0.34712 0 383.54 -40.003 1.2746 0.020301 45792 3905 3741.9 0 0
1.632e+05 1.4977 0.204 1.61 -1.19 0.29601 0 399.21 -37.945 1.2731 0.020269 45792 3911 3742.8 0 0
1.633e+05 1.4859 0.20223 1.5806 -1.0922 0.32138 0 417.82 -36.04 1.2715 0.020259 45792 3913 3743.8 0 0
1.634e+05 1.4161 0.18008 1.5147 -0.94667 0.32151 0 384.17 -32.719 1.2699 0.020218 45792 3921 3744.8 0 0
1.635e+05 1.4982 0.20524 1.6066 -1.1014 0.30931 0 404.23 -37.487 1.2683 0.020238 45792 3917 3745.8 0 0
1.636e+05 1.4853 0.22079 1.6001 -1.0411 0.34194 0 392.69 -30.762 1.2667 0.020218 45792 3921 3746.8 0 0
1.637e+05 1.479 0.20191 1.5981 -0.974 0.32169 0 381.63 -34.959 1.2652 0.020207 45792 3923 3747.8 0 0
1.638e+05 1.4848 0.17784 1.6095 -1.1005 0.34308 0 398.64 -45.179 1.2636 0.020207 45792 3923 3748.8 0 0
1.639e+05 1.4155 0.17548 1.4827 -1.1942 0.33506 0 399.4 -34.509 1.262 0.020187 45792 3927 3749.7 0 0
1.64e+05 1.4771 0.17773 1.6256 -1.0298 0.32842 0 384.78 -43.609 1.2605 0.020182 45792 3928 3750.7 0 0
1.641e+05 1.4795 0.16509 1.5081 -0.78699 0.35432 0 402.04 -47.893 1.2589 0.020182 45792 3928 3751.7 0 0
1.642e+05 1.424 0.19808 1.4596 -0.9899 0.33523 0 397.65 -27.723 1.2573 0.020171 45792 3930 3752.8 0 0
1.643e+05 1.4533 0.1911 1.4878 -1.1395 0.30366 0 419.92 -34.525 1.2557 0.020171 45792 3930 3753.8 0 0
1.644e+05 1.4476 0.17044 1.5088 -1.1093 0.29951 0 377.53 -41.121 1.2542 0.020182 45792 3928 3754.9 0 0
1.645e+05 1.46 0.1579 1.508 -1.0011 0.30089 0 399.6 -47.378 1.2526 0.020182 45792 3928 3756 0 0
1.646e+05 1.3993 0.19528 1.4637 -1.1862 0.32882 0 400.83 -25.081 1.251 0.020146 45792 3935 3757 0 0
1.647e+05 1.448 0.15284 1.5901 -1.0972 0.30568 0 404.93 -47.355 1.2495 0.020146 45792 3935 3758 0 0
1.648e+05 1.5015 0.18162 1.5653 -1.2314 0.32014 0 404.34 -46.053 1.2479 0.0201 45792 3944 3759.2 0.11814 0
1.649e+05 1.4076 0.17909 1.594 -1.0477 0.36453 0 377.82 -32.378 1.2463 0.020105 45792 3943 3760.2 0 0
1.65e+05 1.5007 0.18167 1.6237 -0.95452 0.36465 0 385.82 -45.605 1.2448 0.02009 45792 3946 3761.3 0.027689 0
1.651e+05 1.4985 0.17217 1.5668 -1.1249 0.30213 0 402.15 -47.785 1.2432 0.020069 45792 3950 3762.4 0 0
1.652e+05 1.4212 0.19956 1.5103 -1.2215 0.32545 0 401.67 -26.77 1.2417 0.020079 45792 3948 3763.5 0 0
1.653e+05 1.4635 0.20732 1.558 -0.96986 0.31917 0 379.78 -30.44 1.2401 0.020074 45792 3949 3764.6 0 0
1.654e+05 1.5024 0.17904 1.6079 -1.0457 0.32456 0 392.61 -46.406 1.2385 0.020079 45792 3948 3765.7 0.28051 0
1.655e+05 1.4327 0.20642 1.5453 -1.0376 0.34405 0 392.16 -26.505 1.237 0.020064 45792 3951 3766.8 0 0
1.656e+05 1.4922 0.18178 1.6818 -0.98955 0.32042 0 393.5 -43.299 1.2354 0.020059 45792 3952 3767.8 0 0
1.657e+05 1.4998 0.18967 1.5609 -1.2027 0.32107 0 391.01 -42.301 1.2339 0.020029 45792 3958 3768.9 0 0
1.658e+05 1.5013 0.18568 1.4492 -1.045 0.3063 0 389.64 -43.867 1.2323 0.020024 45792 3959 3769.9 0.086359 0
1.659e+05 1.468 0.18272 1.5586 -1.1937 0.32795 0 384.22 -39.088 1.2308 0.019988 45792 3966 3770.9 0 0
1.66e+05 1.4823 0.17307 1.5782 -1.0996 0.30038 0 381.32 -44.658 1.2292 0.019973 45792 3969 3772.1 0 0
1.661e+05 1.4297 0.16278 1.5363 -1.0124 0.32504 0 413.36 -41.579 1.2277 0.019958 45792 3972 3773.2 0 0
1.662e+05 1.5002 0.16254 1.6159 -1.3277 0.30844 0 399.45 -49.306 1.2261 0.019943 45792 3975 3774.4 0.002124 0
1.663e+05 1.4732 0.19052 1.5401 -1.0967 0.31823 0 398.98 -37.145 1.2246 0.019938 45792 3976 3775.5 0 0
1.664e+05 1.4631 0.21652 1.473 -0.99715 0.31947 0 397.15 -28.044 1.223 0.019928 45792 3978 3776.5 0 0
1.665e+05 1.4578 0.19686 1.4735 -1.0074 0.32742 0 393.91 -32.867 1.2215 0.019938 45792 3976 3777.4 0 0
1.666e+05 1.5019 0.21515 1.6199 -1.2858 0.32948 0 397.94 -34.938 1.2199 0.019913 45792 3981 3778.3 0.1791 0
1.667e+05 1.4934 0.198 1.5529 -0.95374 0.34176 0 404.53 -37.974 1.2184 0.019893 45792 3985 3779.3 0 0
1.668e+05 1.4751 0.20852 1.5 -1.1072 0.33808 0 404.23 -31.66 1.2168 0.019873 45792 3989 3780.2 0 0
1.669e+05 1.4983 0.20257 1.5309 -1.3237 0.32999 0 400.17 -37.283 1.2153 0.019848 45792 3994 3781.2 0 0
1.67e+05 1.4507 0.18489 1.552 -1.0717 0.31664 0 378.34 -35.687 1.2137 0.019853 45792 3993 3782.1 0 0
1.671e+05 1.5019 0.20761 1.5255 -1.1043 0.32762 0 366.3 -36.624 1.2122 0.019858 45792 3992 3783.1 0.1894 0
1.672e+05 1.4565 0.24994 1.5719 -1.1445 0.33028 0 414.1 -20.273 1.2106 0.019863 45792 3991 3783.9 0 0
1.673e+05 1.5014 0.2463 1.617 -0.79832 0.31501 0 406 -28.921 1.2091 0.019843 45792 3995 3784.7 0.10227 0
1.674e+05 1.4205 0.21709 1.5036 -1.0558 0.31438 0 385.04 -21.017 1.2076 0.019833 45792 3997 3785.6 0 0
1.675e+05 1.4524 0.22858 1.459 -1.1335 0.31148 0 370.96 -23.459 1.206 0.019833 45792 3997 3786.6 0 0
1.676e+05 1.4847 0.21585 1.4758 -1.1827 0.32083 0 395.15 -30.89 1.2045 0.019828 45792 3998 3787.5 0 0
1.677e+05 1.4893 0.25163 1.5587 -1.0222 0.34586 0 394.03 -25.614 1.2029 0.019833 45792 3997 3788.4 0 0
1.678e+05 1.4336 0.24523 1.4603 -0.98702 0.31895 0 389.22 -16.734 1.2014 0.019823 45792 3999 3789.3 0 0
1.679e+05 1.4923 0.18619 1.616 -1.3539 0.32353 0 381.85 -40.756 1.1999 0.019809 45792 4002 3790.3 0 0
1.68e+05 1.4876 0.17021 1.6298 -1.1328 0.31845 0 376.72 -45.766 1.1983 0.019804 45792 4003 3791.6 0 0
1.681e+05 1.4987 0.18476 1.5809 -1.0868 0.31364 0 402.37 -42.402 1.1968 0.019794 45792 4005 3792.7 0 0
1.682e+05 1.4924 0.17971 1.6535 -1.1942 0.32492 0 379.52 -42.791 1.1953 0.019794 45792 4005 3793.8 0 0
1.683e+05 1.4956 0.18868 1.5999 -0.94255 0.32742 0 378.36 -40.307 1.1937 0.019784 45792 4007 3795 0 0
1.684e+05 1.488 0.17043 1.6031 -1.0362 0.33496 0 386.12 -45.294 1.1922 0.019789 45792 4006 3796.1 0 0
1.685e+05 1.4476 0.21798 1.5715 -1.0428 0.33375 0 382.07 -24.954 1.1907 0.019789 45792 4006 3797 0 0
1.686e+05 1.4826 0.1822 1.567 -1.0142 0.33702 0 397.12 -40.409 1.1892 0.019789 45792 4006 3798.1 0 0
1.687e+05 1.4632 0.17602 1.5458 -1.1495 0.33251 0 389.77 -40.307 1.1876 0.019774 45792 4009 3799.3 0 0
1.688e+05 1.4677 0.17188 1.5665 -1.1333 0.32681 0 388.21 -42.445 1.1861 0.019759 45792 4012 3800.5 0 0
1.689e+05 1.4547 0.15931 1.5938 -1.1439 0.32393 0 405.43 -45.567 1.1846 0.019754 45792 4013 3801.6 0 0
1.69e+05 1.5001 0.15929 1.5505 -1.0061 0.32521 0 408.65 -49.119 1.183 0.019739 45792 4016 3802.7 0.000842 0
1.691e+05 1.4927 0.17099 1.5469 -1.1213 0.32202 0 400.97 -45.191 1.1815 0.019749 45792 4014 3803.9 0 0
1.692e+05 1.5036 0.14854 1.605 -1.2079 0.30601 0 418.6 -49.88 1.18 0.019754 45792 4013 3805 0.63243 0
1.693e+05 1.4949 0.1643 1.6175 -1.2138 0.31513 0 411.4 -47.435 1.1785 0.019749 45792 4014 3806.2 0 0
1.694e+05 1.4584 0.19084 1.5414 -1.2147 0.33056 0 385.83 -34.374 1.1769 0.019754 45792 4013 3807.3 0 0
1.695e+05 1.4947 0.17618 1.6141 -1.1325 0.32073 0 398.66 -43.31 1.1754 0.019769 45792 4010 3808.3 0 0
1.696e+05 1.4834 0.18488 1.5789 -1.0301 0.31527 0 393.51 -38.952 1.1739 0.019769 45792 4010 3809.5 0 0
1.697e+05 1.5046 0.20554 1.5087 -1.0343 0.32548 0 386 -37.391 1.1724 0.019769 45792 4010 3810.7 1.0483 0
1.698e+05 1.4736 0.19611 1.4604 -1.0766 0.30721 0 396.77 -34.468 1.1709 0.019759 45792 4012 3811.7 0 0
1.699e+05 1.5173 0.22486 1.6148 -1.2001 0.33231 0 378.8 -42.465 1.1694 0.019744 45792 4015 3812.7 14.991 0
1.7e+05 1.4563 0.18877 1.5646 -1.3111 0.31158 0 406.78 -34.636 1.1678 0.01973 45792 4018 3813.8 0 0
1.701e+05 1.4686 0.23087 1.4975 -1.0948 0.29959 0 416.22 -25.205 1.1663 0.019735 45792 4017 3814.9 0 0
1.702e+05 1.477 0.21014 1.5023 -1.3156 0.31939 0 377.69 -30.866 1.1648 0.01971 45792 4022 3815.8 0 0
1.703e+05 1.4822 0.20225 1.467 -1.066 0.32638 0 390.9 -33.661 1.1633 0.019715 45792 4021 3816.8 0 0
1.704e+05 1.4809 0.193 1.5846 -1.0652 0.32079 0 365.66 -36.125 1.1618 0.019739 45792 4016 3817.8 0 0
1.705e+05 1.5179 0.2181 1.599 -1.1912 0.32116 0 392.58 -44.074 1.1603 0.019735 45792 4017 3818.7 16.078 0
1.706e+05 1.4687 0.25526 1.5518 -0.99494 0.31446 0 398.7 -21.39 1.1588 0.019739 45792 4016 3819.5 0 0
1.707e+05 1.4755 0.24862 1.4597 -1.1844 0.31996 0 413.5 -23.752 1.1572 0.019739 45792 4016 3820.3 0 0
1.708e+05 1.5058 0.26135 1.3775 -1.0829 0.3279 0 413.78 -25.947 1.1557 0.019744 45792 4015 3821.1 1.6856 0
1.709e+05 1.5004 0.2353 1.4737 -1.175 0.32475 0 398.18 -29.748 1.1542 0.019725 45792 4019 3822 0.008709 0
1.71e+05 1.5023 0.26965 1.5245 -1.2828 0.3222 0 361.01 -22.714 1.1527 0.01972 45792 4020 3822.8 0.26956 0
1.711e+05 1.4666 0.24322 1.4912 -0.79243 0.31115 0 388.72 -22.351 1.1512 0.019695 45792 4025 3823.5 0 0
1.712e+05 1.4933 0.24252 1.5868 -1.1431 0.31252 0 410.13 -27.086 1.1497 0.019676 45792 4029 3824.4 0 0
1.713e+05 1.4637 0.26676 1.5254 -1.0999 0.32282 0 392.3 -18.558 1.1482 0.019642 45792 4036 3825.1 0 0
1.714e+05 1.4753 0.22411 1.4812 -1.0163 0.32088 0 389.76 -27.322 1.1467 0.019632 45792 4038 3825.9 0 0
1.715e+05 1.4794 0.2584 1.5445 -1.2978 0.35657 0 410.43 -22.265 1.1452 0.019642 45792 4036 3826.6 0 0
1.716e+05 1.4684 0.25623 1.5357 -1.0339 0.32485 0 406.35 -20.874 1.1437 0.019632 45792 4038 3827.4 0 0
1.717e+05 1.4875 0.2446 1.5368 -1.0039 0.31631 0 407.47 -25.899 1.1422 0.019622 45792 4040 3828.2 0 0
1.718e+05 1.4772 0.27015 1.6063 -1.145 0.35168 0 375.13 -19.582 1.1407 0.019617 45792 4041 3828.9 0 0
1.719e+05 1.4866 0.24605 1.558 -1.2777 0.31368 0 383.92 -25.419 1.1392 0.019613 45792 4042 3829.7 0 0
1.72e+05 1.4583 0.26812 1.5403 -1.0339 0.31652 0 379.66 -17.37 1.1377 0.019598 45792 4045 3830.5 0 0
1.721e+05 1.502 0.26379 1.5369 -1.0755 0.34204 0 403.09 -23.845 1.1362 0.019608 45792 4043 3831.3 0.20241 0
1.722e+05 1.4553 0.25042 1.4943 -1.0995 0.33346 0 406.8 -19.552 1.1347 0.019603 45792 4044 3832.1 0 0
1.723e+05 1.4532 0.25233 1.5336 -1.3515 0.33105 0 411.33 -18.939 1.1332 0.019613 45792 4042 3832.8 0 0
1.724e+05 1.4513 0.2466 1.5349 -1.0817 0.30893 0 423.64 -19.362 1.1317 0.019608 45792 4043 3833.6 0 0
1.725e+05 1.4078 0.28056 1.469 -1.1066 0.31651 0 408.06 -6.7874 1.1302 0.019599 45792 4045 3834.2 0 0
1.726e+05 1.4827 0.28271 1.596 -1.3208 0.33515 0 424.16 -16.711 1.1287 0.019599 45793 4045 3834.9 0 0
1.727e+05 1.4793 0.2563 1.5618 -1.0717 0.30945 0 398.72 -22.103 1.1272 0.019609 45793 4043 3835.7 0 0
1.728e+05 1.4404 0.27948 1.5592 -1.0742 0.32853 0 385.21 -13.203 1.1257 0.019599 45793 4045 3836.3 0 0
1.729e+05 1.4634 0.28763 1.4372 -1.1673 0.31561 0 400.91 -13.952 1.1243 0.019594 45793 4046 3837 0 0
1.73e+05 1.4851 0.26047 1.5933 -0.70742 0.31083 0 385.96 -21.844 1.1228 0.019594 45793 4046 3837.7 0 0
1.731e+05 1.4818 0.28622 1.5335 -1.1382 0.3025 0 394.3 -15.689 1.1213 0.019585 45793 4048 3838.4 0 0
1.732e+05 1.5077 0.2743 1.5073 -1.061 0.33363 0 385.14 -22.993 1.1198 0.01957 45793 4051 3839 2.9808 0
1.733e+05 1.4727 0.27868 1.5415 -1.2605 0.30769 0 387.08 -16.807 1.1183 0.019566 45793 4052 3839.7 0 0
1.734e+05 1.4628 0.27931 1.5114 -1.1697 0.32641 0 400.04 -15.691 1.1168 0.019561 45793 4053 3840.4 0 0
1.735e+05 1.4524 0.25733 1.5127 -1.3055 0.32152 0 399.24 -17.759 1.1153 0.019556 45793 4054 3841.1 0 0
1.736e+05 1.4851 0.23773 1.6379 -1.1193 0.32038 0 382.86 -26.271 1.1139 0.019546 45793 4056 3841.9 0 0
1.737e+05 1.4282 0.19374 1.5902 -1.2666 0.30703 0 392.22 -29.391 1.1124 0.019561 45793 4053 3842.6 0 0
1.738e+05 1.3958 0.24641 1.4785 -1.0445 0.32678 0 390.7 -9.3978 1.1109 0.019546 45793 4056 3843.3 0 0
1.739e+05 1.4127 0.25765 1.5815 -1.0938 0.30603 0 358.61 -10.318 1.1094 0.019522 45793 4061 3844 0 0
1.74e+05 1.4234 0.23145 1.4741 -1.122 0.30675 0 385.51 -17.266 1.1079 0.019518 45793 4062 3844.7 0 0
1.741e+05 1.4751 0.19335 1.4895 -0.97621 0.3691 0 409.5 -35.143 1.1064 0.019503 45793 4065 3845.5 0 0
1.742e+05 1.4902 0.26796 1.4894 -1.1138 0.30266 0 409.46 -20.435 1.105 0.019494 45793 4067 3846.2 0 0
1.743e+05 1.4275 0.30546 1.5595 -1.0987 0.32737 0 395.62 -7.2709 1.1035 0.019498 45794 4066 3846.8 0 0
1.744e+05 1.4462 0.28498 1.4757 -0.95535 0.32215 0 407.34 -12.907 1.102 0.019498 45794 4066 3847.4 0 0
1.745e+05 1.4311 0.25834 1.4982 -1.1839 0.31527 0 377.06 -13.553 1.1006 0.019498 45795 4066 3848.1 0 0
1.746e+05 1.433 0.22952 1.4831 -1.2973 0.32432 0 384.46 -19.383 1.0991 0.019503 45795 4065 3848.8 0 0
1.747e+05 1.4648 0.26491 1.5405 -1.0332 0.30094 0 391.26 -18.084 1.0976 0.019489 45795 4068 3849.5 0 0
1.748e+05 1.4666 0.23897 1.5259 -1.1311 0.30417 0 394.61 -22.279 1.0962 0.019508 45795 4064 3850.2 0 0
1.749e+05 1.4816 0.26806 1.5145 -1.0514 0.3312 0 387.73 -19.542 1.0947 0.019498 45795 4066 3851 0 0
1.75e+05 1.4563 0.22678 1.4887 -1.152 0.31986 0 405.75 -24.033 1.0932 0.019508 45795 4064 3851.7 0 0
1.751e+05 1.4606 0.19491 1.5118 -1.2266 0.31557 0 413.41 -33.099 1.0917 0.019484 45795 4069 3852.5 0 0
1.752e+05 1.4544 0.23276 1.5425 -0.99323 0.33167 0 404.31 -22.124 1.0903 0.019469 45795 4072 3853.3 0 0
1.753e+05 1.4453 0.22636 1.4837 -1.101 0.31127 0 411.44 -22.144 1.0888 0.01946 45795 4074 3854.1 0 0
1.754e+05 1.4463 0.22917 1.4929 -0.90127 0.31539 0 389.72 -21.6 1.0873 0.019474 45795 4071 3854.8 0 0
1.755e+05 1.4845 0.24634 1.4969 -0.94003 0.30747 0 368.73 -24.144 1.0859 0.019479 45795 4070 3855.6 0 0
1.756e+05 1.4445 0.27433 1.5141 -1.0428 0.30419 0 396.13 -13.973 1.0844 0.019484 45795 4069 3856.3 0 0
1.757e+05 1.431 0.26647 1.463 -1.0942 0.31823 0 374.02 -12.376 1.0829 0.019498 45795 4066 3856.9 0 0
1.758e+05 1.4728 0.23903 1.5153 -1.1076 0.30179 0 398.23 -23.175 1.0815 0.019503 45796 4065 3857.6 0 0
1.759e+05 1.446 0.22179 1.5481 -1.0723 0.35001 0 409.1 -23.266 1.08 0.019489 45796 4068 3858.4 0 0
1.76e+05 1.5003 0.25008 1.4817 -1.1395 0.32162 0 358.77 -26.004 1.0785 0.019493 45796 4067 3859.2 0.006057 0
1.761e+05 1.4559 0.25274 1.531 -1.0604 0.32405 0 405.05 -18.54 1.0771 0.019498 45796 4066 3860 0 0
1.762e+05 1.485 0.25771 1.532 -1.2532 0.33696 0 383.21 -21.97 1.0756 0.019508 45796 4064 3860.8 0 0
1.763e+05 1.4308 0.23495 1.4421 -1.0347 0.33098 0 372.85 -17.533 1.0742 0.019508 45796 4064 3861.5 0 0
1.764e+05 1.4446 0.24139 1.4917 -1.0347 0.31491 0 406.03 -18.427 1.0727 0.019508 45796 4064 3862.2 0 0
1.765e+05 1.4688 0.22412 1.5081 -1.1187 0.35529 0 418.65 -25.763 1.0712 0.019484 45796 4069 3862.9 0 0
1.766e+05 1.5159 0.24611 1.541 -1.1117 0.31178 0 388.62 -36.192 1.0698 0.019484 45796 4069 3863.8 12.563 0
1.767e+05 1.416 0.27014 1.5756 -1.1094 0.33429 0 391.27 -9.1934 1.0683 0.019474 45796 4071 3864.4 0 0
1.768e+05 1.4939 0.25527 1.5362 -1.0512 0.32078 0 420.9 -23.516 1.0669 0.01946 45796 4074 3865.1 0 0
1.769e+05 1.4474 0.24365 1.5518 -1.1579 0.31307 0 396.73 -18.352 1.0654 0.01945 45796 4076 3865.8 0 0
1.77e+05 1.4548 0.2313 1.4906 -1.1411 0.30908 0 411.86 -22.264 1.064 0.01945 45796 4076 3866.6 0 0
1.771e+05 1.4656 0.19834 1.4791 -1.0513 0.32909 0 402.05 -32.466 1.0625 0.019417 45796 4083 3867.5 0 0
1.772e+05 1.4862 0.24019 1.4755 -1.2003 0.31384 0 396.18 -25.267 1.061 0.019412 45796 4084 3868.2 0 0
1.773e+05 1.4569 0.21196 1.4493 -0.88243 0.31797 0 370.61 -27.302 1.0596 0.019417 45796 4083 3868.9 0 0
1.774e+05 1.4095 0.20226 1.3094 -1.0521 0.3404 0 384.2 -23.821 1.0581 0.019407 45796 4085 3869.8 0 0
1.775e+05 1.4636 0.2121 1.4853 -1.2081 0.34772 0 383.31 -27.912 1.0567 0.019422 45796 4082 3870.6 0 0
1.776e+05 1.3874 0.21528 1.4192 -1.0466 0.32042 0 386.76 -16.295 1.0552 0.019417 45797 4083 3871.3 0 0
1.777e+05 1.4411 0.24978 1.485 -1.2367 0.33347 0 396.46 -16.393 1.0538 0.019426 45797 4081 3872.1 0 0
1.778e+05 1.4785 0.25715 1.5128 -1.0671 0.33241 0 413.36 -21.082 1.0523 0.019393 45797 4088 3872.8 0 0
1.779e+05 1.3729 0.20999 1.4687 -1.0681 0.3193 0 392.54 -16.145 1.0509 0.019355 45797 4096 3873.4 0 0
1.78e+05 1.4388 0.26834 1.5088 -1.1087 0.3314 0 384.08 -13.433 1.0495 0.01936 45797 4095 3874.1 0 0
1.781e+05 1.4332 0.20287 1.4799 -1.1927 0.3297 0 401.96 -27.252 1.048 0.019322 45797 4103 3875 0 0
1.782e+05 1.3934 0.20829 1.4328 -0.93505 0.33656 0 402.74 -19.389 1.0466 0.019304 45797 4107 3875.8 0 0
1.783e+05 1.3599 0.15985 1.4556 -1.1404 0.31736 0 386.87 -34.288 1.0451 0.019318 45797 4104 3876.8 0 0
1.784e+05 1.4239 0.16254 1.4947 -1.1274 0.31438 0 410.82 -39.843 1.0437 0.019304 45797 4107 3877.7 0 0
1.785e+05 1.4045 0.22209 1.441 -1.181 0.30498 0 415.81 -16.725 1.0422 0.019313 45797 4105 3878.5 0 0
1.786e+05 1.4058 0.18343 1.4775 -1.1924 0.31628 0 387.41 -30.276 1.0408 0.019304 45797 4107 3879.3 0 0
1.787e+05 1.3891 0.21794 1.4382 -1.0122 0.33221 0 408.54 -15.649 1.0393 0.019299 45797 4108 3880.2 0 0
1.788e+05 1.4066 0.19374 1.4155 -1.2981 0.31856 0 402.34 -26.241 1.0379 0.019299 45797 4108 3881.1 0 0
1.789e+05 1.3495 0.23788 1.442 -1.0069 0.31267 0 405.51 -4.6742 1.0365 0.019294 45797 4109 3881.8 0 0
1.79e+05 1.3946 0.21059 1.4543 -1.0853 0.32783 0 412.17 -18.687 1.035 0.019289 45798 4110 3882.5 0 0
1.791e+05 1.4692 0.20313 1.5009 -1.3929 0.31442 0 390.62 -31.152 1.0336 0.01928 45798 4112 3883.3 0 0
1.792e+05 1.3717 0.18463 1.2934 -1.0314 0.3399 0 409.42 -24.552 1.0322 0.019266 45798 4115 3884.3 0 0
1.793e+05 1.4232 0.19119 1.4422 -1.275 0.32422 0 413.78 -28.988 1.0307 0.019285 45798 4111 3885.2 0 0
1.794e+05 1.4722 0.20445 1.4876 -1.0281 0.31773 0 400.17 -31.092 1.0293 0.019289 45798 4110 3886.1 0 0
1.795e+05 1.4994 0.1894 1.493 -1.1088 0.35854 0 413.63 -39.612 1.0278 0.019271 45798 4114 3887.1 0 0
1.796e+05 1.3808 0.17644 1.4247 -1.002 0.31712 0 451.97 -29.481 1.0264 0.019271 45798 4114 3888 0 0
1.797e+05 1.4028 0.16403 1.3703 -1.0971 0.31225 0 444.94 -36.493 1.025 0.019257 45798 4117 3888.9 0 0
1.798e+05 1.4224 0.18949 1.3842 -1.2911 0.35414 0 436.62 -29.408 1.0235 0.019252 45798 4118 3889.8 0 0
1.799e+05 1.4077 0.18366 1.418 -1.0164 0.34309 0 438.99 -29.842 1.0221 0.019275 45798 4113 3890.6 0 0
1.8e+05 1.35 0.18624 1.4297 -1.194 0.33412 0 438.19 -21.402 1.0207 0.019275 45798 4113 3891.4 0 0
1.801e+05 1.4622 0.22535 1.4504 -1.1411 0.35859 0 442.44 -24.331 1.0192 0.019261 45798 4116 3892.1 0 0
1.802e+05 1.462 0.18399 1.4861 -0.95168 0.31854 0 437.57 -36.379 1.0178 0.019247 45798 4119 3893 0 0
1.803e+05 1.4537 0.19612 1.4045 -1.1044 0.34228 0 443.27 -31.197 1.0164 0.019261 45798 4116 3893.8 0 0
1.804e+05 1.4534 0.23473 1.4127 -0.9292 0.31767 0 456.74 -20.718 1.015 0.019252 45799 4117 3894.5 0 0
1.805e+05 1.4448 0.22506 1.4956 -1.2064 0.35861 0 417.08 -21.559 1.0136 0.019248 45799 4118 3895.2 0 0
1.806e+05 1.4611 0.23649 1.4863 -1.3384 0.32366 0 427.53 -21.593 1.0121 0.019225 45799 4123 3895.9 0 0
1.807e+05 1.473 0.23531 1.4622 -1.0489 0.31505 0 414.8 -23.501 1.0107 0.019215 45799 4125 3896.8 0 0
1.808e+05 1.4283 0.22179 1.437 -1.2798 0.36564 0 433.6 -19.882 1.0093 0.019206 45799 4127 3897.5 0 0
1.809e+05 1.4203 0.20401 1.4162 -1.1478 0.36333 0 453.24 -24.391 1.0079 0.019206 45799 4127 3898.4 0 0
1.81e+05 1.4148 0.18781 1.3745 -1.0837 0.36078 0 431.54 -28.942 1.0064 0.019197 45799 4129 3899.3 0 0
1.811e+05 1.4327 0.16618 1.3556 -1.1099 0.33948 0 409.03 -38.974 1.005 0.019192 45799 4130 3900.2 0 0
1.812e+05 1.4286 0.21144 1.3826 -1.1144 0.34219 0 430.32 -23.04 1.0036 0.019187 45799 4131 3901.3 0 0
1.813e+05 1.4309 0.19146 1.4001 -1.1261 0.34216 0 413.56 -29.689 1.0022 0.01922 45799 4124 3902.2 0 0
1.814e+05 1.4876 0.18673 1.4045 -1.1193 0.30121 0 405.39 -38.071 1.0007 0.01922 45799 4124 3903.3 0 0
1.815e+05 1.4546 0.18494 1.3151 -1.0772 0.32222 0 407.57 -34.804 0.99932 0.019215 45799 4125 3904.3 0 0
1.816e+05 1.4883 0.21426 1.4049 -1.1394 0.31284 0 428.96 -30.327 0.9979 0.01922 45799 4124 3905.3 0 0
1.817e+05 1.4413 0.19607 1.3524 -1.1827 0.32005 0 414.36 -29.519 0.99648 0.01922 45799 4124 3906.2 0 0
1.818e+05 1.4315 0.18021 1.4025 -1.067 0.33812 0 410.87 -33.557 0.99506 0.019234 45799 4121 3907 0 0
1.819e+05 1.5005 0.20232 1.3258 -1.2958 0.31081 0 423.24 -35.841 0.99365 0.01922 45799 4124 3907.9 0.012984 0
1.82e+05 1.4329 0.21431 1.3473 -1.1893 0.33208 0 420.94 -22.664 0.99223 0.019225 45799 4123 3908.9 0 0
1.821e+05 1.4347 0.21067 1.4089 -1.417 0.33507 0 411.32 -24.001 0.99082 0.019206 45799 4127 3909.8 0 0
1.822e+05 1.4514 0.22051 1.3197 -1.1583 0.30654 0 415.82 -23.478 0.9894 0.019211 45799 4126 3910.6 0 0
1.823e+05 1.3695 0.20084 1.321 -1.2925 0.30211 0 440 -18.489 0.98799 0.019211 45799 4126 3911.4 0 0
1.824e+05 1.4326 0.19424 1.3135 -1.171 0.3251 0 424.47 -28.82 0.98657 0.019215 45799 4125 3912.3 0 0
1.825e+05 1.4185 0.21566 1.2236 -1.3083 0.32437 0 418.03 -20.154 0.98516 0.019215 45799 4125 3913 0 0
1.826e+05 1.4234 0.17517 1.2204 -1.2259 0.29671 0 427.95 -34.493 0.98375 0.019201 45799 4128 3913.9 0 0
1.827e+05 1.4311 0.202 1.2107 -1.0266 0.31105 0 416.54 -26.315 0.98234 0.019225 45799 4123 3914.6 0 0
1.828e+05 1.4417 0.20057 1.3032 -1.2713 0.29755 0 418.18 -27.834 0.98093 0.019206 45799 4127 3915.5 0 0
1.829e+05 1.4464 0.20726 1.3761 -1.1023 0.31121 0 418.98 -26.184 0.97952 0.019183 45799 4132 3916.5 0 0
1.83e+05 1.3498 0.17227 1.2647 -1.1033 0.31334 0 416.91 -27.724 0.97811 0.01916 45799 4137 3917.4 0 0
1.831e+05 1.4573 0.1883 1.3116 -1.1834 0.32411 0 409.41 -33.531 0.97671 0.019155 45799 4138 3918.3 0 0
1.832e+05 1.4503 0.21528 1.3214 -1.2745 0.31141 0 418.54 -24.405 0.9753 0.01915 45799 4139 3919.2 0 0
1.833e+05 1.4154 0.21501 1.2803 -1.0401 0.33265 0 412.73 -19.809 0.97389 0.019095 45799 4151 3920.2 0 0
1.834e+05 1.4566 0.21548 1.3274 -1.1723 0.32193 0 419.78 -25.33 0.97249 0.01909 45799 4152 3921.1 0 0
1.835e+05 1.4327 0.20913 1.3747 -1.3184 0.29603 0 432.29 -23.934 0.97108 0.019072 45799 4156 3922.1 0 0
1.836e+05 1.4339 0.18167 1.3468 -1.2139 0.31254 0 416.99 -32.938 0.96968 0.019058 45799 4159 3923.1 0 0
1.837e+05 1.3406 0.16204 1.2865 -1.1307 0.3135 0 406.34 -29.887 0.96827 0.01904 45799 4163 3924 0 0
1.838e+05 1.3939 0.16892 1.2912 -1.1799 0.33116 0 425.63 -33.311 0.96687 0.01904 45799 4163 3925 0 0
1.839e+05 1.3687 0.19554 1.2644 -1.0944 0.30856 0 436.92 -20.06 0.96547 0.019013 45799 4169 3926 0 0
1.84e+05 1.4517 0.18774 1.3637 -1.2295 0.29101 0 430.47 -32.91 0.96407 0.018985 45799 4175 3926.8 0 0
1.841e+05 1.4723 0.22453 1.302 -1.3945 0.30007 0 421.54 -25.344 0.96267 0.018976 45799 4177 3927.7 0 0
1.842e+05 1.3849 0.19377 1.3415 -1.2526 0.2921 0 402.18 -22.473 0.96127 0.018967 45799 4179 3928.5 0 0
1.843e+05 1.4704 0.22209 1.3494 -1.2474 0.32248 0 403.72 -25.619 0.95987 0.018935 45799 4186 3929.4 0 0
1.844e+05 1.3766 0.16243 1.354 -1.2186 0.31673 0 411.67 -34.4 0.95847 0.018908 45799 4192 3930.3 0 0
1.845e+05 1.3895 0.23726 1.4262 -1.3049 0.31211 0 410.75 -10.189 0.95708 0.018904 45799 4193 3931.1 0 0
1.846e+05 1.3307 0.19952 1.4081 -1.1992 0.30365 0 416.45 -15.276 0.95569 0.018899 45799 4194 3931.9 0 0
1.847e+05 1.3834 0.19511 1.4062 -1.2382 0.30921 0 428.33 -21.795 0.95429 0.018895 45799 4195 3932.7 0 0
1.848e+05 1.4258 0.20073 1.4548 -1.2086 0.30731 0 423.1 -25.443 0.9529 0.01889 45799 4196 3933.6 0 0
1.849e+05 1.4475 0.20499 1.4089 -1.1564 0.3195 0 433.37 -26.629 0.9515 0.018877 45799 4199 3934.5 0 0
1.85e+05 1.4943 0.19984 1.4255 -1.0008 0.31721 0 404.31 -35.109 0.95011 0.018868 45799 4201 3935.4 0 0
1.851e+05 1.3931 0.16885 1.4274 -1.2508 0.30985 0 435.9 -33.113 0.94872 0.018872 45799 4200 3936.2 0 0
1.852e+05 1.4636 0.20205 1.4771 -1.0636 0.30537 0 426.95 -29.55 0.94732 0.018854 45799 4204 3937.2 0 0
1.853e+05 1.44 0.18597 1.5058 -1.1024 0.31346 0 406.44 -31.615 0.94593 0.018841 45799 4207 3938.1 0 0
1.854e+05 1.4801 0.23525 1.5007 -1.1664 0.29701 0 412.74 -24.8 0.94454 0.018841 45799 4207 3938.9 0 0
1.855e+05 1.4088 0.21751 1.4231 -1.1125 0.2941 0 412.65 -17.86 0.94315 0.018836 45799 4208 3940 0 0
1.856e+05 1.4513 0.19169 1.462 -1.0322 0.30957 0 419.05 -31.072 0.94176 0.018827 45799 4210 3940.9 0 0
1.857e+05 1.4419 0.23782 1.4944 -1.1937 0.30761 0 433.36 -17.969 0.94037 0.018814 45800 4213 3941.8 0 0
1.858e+05 1.5021 0.23239 1.5697 -1.2042 0.3068 0 423.21 -29.334 0.93899 0.018801 45800 4216 3942.6 0.21173 0
1.859e+05 1.4968 0.18268 1.4952 -1.2619 0.33693 0 434.28 -40.313 0.9376 0.018792 45800 4218 3943.6 0 0
1.86e+05 1.4489 0.18276 1.523 -1.0557 0.31855 0 410.45 -33.599 0.93622 0.018787 45800 4219 3944.6 0 0
1.861e+05 1.4645 0.17515 1.4632 -1.2075 0.29804 0 425.11 -38.391 0.93483 0.018787 45800 4219 3945.7 0 0
1.862e+05 1.4359 0.16593 1.4222 -1.1447 0.29455 0 418.74 -37.837 0.93344 0.018792 45800 4218 3946.7 0 0
1.863e+05 1.4601 0.15876 1.4339 -1.2612 0.34255 0 415.25 -42.168 0.93206 0.018796 45800 4217 3947.7 0 0
1.864e+05 1.4602 0.16765 1.5058 -1.1369 0.3124 0 431.87 -39.972 0.93068 0.018792 45800 4218 3948.8 0 0
1.865e+05 1.4963 0.18166 1.3894 -1.2784 0.29431 0 431.3 -40.421 0.9293 0.018796 45800 4217 3949.8 0 0
1.866e+05 1.4316 0.17316 1.4447 -1.3075 0.29996 0 415.71 -34.689 0.92791 0.018778 45800 4221 3950.7 0 0
1.867e+05 1.4077 0.21603 1.4364 -1.1645 0.28782 0 400.65 -18.068 0.92653 0.018761 45800 4225 3951.8 0 0
1.868e+05 1.4429 0.20658 1.4475 -1.2621 0.29899 0 430.63 -25.19 0.92515 0.018752 45800 4227 3952.7 0 0
1.869e+05 1.3706 0.20255 1.3511 -1.3672 0.30146 0 439.91 -17.785 0.92377 0.018752 45800 4227 3953.5 0 0
1.87e+05 1.4328 0.15499 1.4049 -1.2551 0.31668 0 421.49 -40.054 0.92239 0.018738 45800 4230 3954.5 0 0
1.871e+05 1.428 0.20365 1.4677 -1.1826 0.30416 0 422.7 -24.5 0.92102 0.018734 45800 4231 3955.4 0 0
1.872e+05 1.5015 0.21245 1.4516 -1.2326 0.30509 0 425.18 -32.989 0.91964 0.018725 45800 4233 3956.3 0.10656 0
1.873e+05 1.4974 0.22551 1.4418 -1.2472 0.30453 0 426.71 -29.41 0.91826 0.018734 45800 4231 3957.2 0 0
1.874e+05 1.47 0.16079 1.4748 -1.1226 0.30566 0 404.77 -42.684 0.91689 0.018734 45800 4231 3958.2 0 0
1.875e+05 1.4129 0.20009 1.3961 -1.1303 0.31326 0 442.37 -23.215 0.91551 0.018738 45800 4230 3959.3 0 0
1.876e+05 1.4543 0.21905 1.3928 -1.2777 0.30191 0 428.66 -23.647 0.91414 0.01873 45800 4232 3960.2 0 0
1.877e+05 1.4092 0.20305 1.3812 -1.2945 0.29045 0 424.93 -21.915 0.91277 0.018721 45800 4234 3961.1 0 0
1.878e+05 1.4847 0.19225 1.4115 -1.4021 0.33125 0 438.54 -34.85 0.91139 0.018721 45800 4234 3962 0 0
1.879e+05 1.4674 0.16714 1.3996 -1.1362 0.28491 0 426.05 -40.543 0.91002 0.018721 45800 4234 3963 0 0
1.88e+05 1.4699 0.18866 1.4963 -1.3446 0.30466 0 413.84 -33.735 0.90865 0.018716 45800 4235 3964 0 0
1.881e+05 1.4878 0.1783 1.4744 -1.1979 0.30055 0 431.65 -39.656 0.90728 0.01873 45800 4232 3965 0 0
1.882e+05 1.4572 0.16463 1.4706 -1.0947 0.31846 0 421.9 -39.975 0.90591 0.018738 45800 4230 3966.1 0 0
1.883e+05 1.4991 0.20629 1.4415 -1.3683 0.30813 0 423.15 -33.372 0.90454 0.018734 45800 4231 3967.1 0 0
1.884e+05 1.408 0.21025 1.4417 -1.0438 0.31558 0 429.23 -19.757 0.90317 0.018738 45800 4230 3968 0 0
1.885e+05 1.4287 0.21464 1.4547 -1.1904 0.30551 0 419.88 -20.915 0.9018 0.018734 45800 4231 3968.9 0 0
1.886e+05 1.4479 0.24662 1.4848 -1.174 0.32554 0 424.14 -17.505 0.90044 0.018738 45800 4230 3969.8 0 0
1.887e+05 1.5079 0.21348 1.5398 -1.1753 0.29394 0 440.75 -35.231 0.89907 0.018725 45800 4233 3970.7 3.1134 0
1.888e+05 1.4691 0.20763 1.5034 -1.0852 0.29151 0 414.93 -27.999 0.8977 0.018721 45800 4234 3971.5 0 0
1.889e+05 1.4711 0.23889 1.456 -1.0914 0.31955 0 414.56 -21.977 0.89634 0.018716 45800 4235 3972.4 0 0
1.89e+05 1.4899 0.23314 1.4115 -1.0775 0.34366 0 425.72 -26.512 0.89498 0.018703 45800 4238 3973.2 0 0
1.891e+05 1.51 0.22861 1.5275 -1.1272 0.30326 0 416.81 -33.263 0.89361 0.018716 45800 4235 3974 4.9891 0
1.892e+05 1.4703 0.24163 1.4863 -1.1606 0.32596 0 428.1 -21.336 0.89225 0.018721 45800 4234 3974.8 0 0
1.893e+05 1.4793 0.23881 1.4604 -1.1452 0.32657 0 410.59 -23.489 0.89089 0.018703 45800 4238 3975.7 0 0
1.894e+05 1.4975 0.19404 1.4314 -0.96545 0.33691 0 432.83 -36.233 0.88953 0.018712 45800 4236 3976.6 0 0
1.895e+05 1.456 0.19397 1.3934 -1.1328 0.29237 0 423.64 -29.816 0.88817 0.018694 45800 4240 3977.5 0 0
1.896e+05 1.4924 0.20657 1.4127 -0.95721 0.2935 0 446.4 -31.814 0.88681 0.018703 45800 4238 3978.4 0 0
1.897e+05 1.4779 0.2288 1.4231 -1.3181 0.3185 0 430.45 -24.85 0.88545 0.018694 45800 4240 3979.3 0 0
1.898e+05 1.5013 0.18968 1.428 -0.9432 0.32932 0 414.39 -38.221 0.88409 0.018699 45800 4239 3980.2 0.082317 0
1.899e+05 1.4479 0.22448 1.4429 -1.186 0.31008 0 448.46 -21.187 0.88273 0.018712 45800 4236 3981.3 0 0
1.9e+05 1.4836 0.22491 1.503 -1.1544 0.32484 0 443.92 -26.337 0.88138 0.018703 45800 4238 3982.2 0 0
1.901e+05 1.4618 0.18687 1.4072 -1.1275 0.32043 0 428.42 -32.87 0.88002 0.018716 45800 4235 3983.1 0 0
1.902e+05 1.4732 0.21635 1.3634 -1.0375 0.30817 0 421.49 -26.428 0.87866 0.018703 45800 4238 3984 0 0
1.903e+05 1.4792 0.23057 1.433 -1.1253 0.32561 0 425.61 -24.678 0.87731 0.01869 45800 4241 3984.8 0 0
1.904e+05 1.4817 0.21023 1.4348 -1.1386 0.33074 0 432.69 -29.002 0.87596 0.018681 45800 4243 3985.7 0 0
1.905e+05 1.4879 0.22899 1.4511 -1.0817 0.33466 0 453.98 -26.101 0.8746 0.018681 45800 4243 3986.6 0 0
1.906e+05 1.4666 0.27841 1.4034 -1.2691 0.34654 0 411.04 -15.984 0.87325 0.018659 45800 4248 3987.4 0 0
1.907e+05 1.4035 0.23943 1.4018 -1.2228 0.33747 0 438.74 -11.719 0.8719 0.018685 45800 4242 3988.2 0 0
1.908e+05 1.4017 0.23043 1.3677 -1.2697 0.31182 0 459.94 -13.604 0.87055 0.018681 45800 4243 3988.9 0 0
1.909e+05 1.4574 0.20432 1.4033 -1.0654 0.3228 0 452.2 -26.879 0.8692 0.018703 45800 4238 3989.7 0 0
1.91e+05 1.4277 0.20738 1.4172 -1.0858 0.33598 0 444.34 -22.836 0.86785 0.018699 45800 4239 3990.5 0 0
1.911e+05 1.423 0.2106 1.3354 -1.2206 0.3588 0 453.88 -21.237 0.8665 0.01869 45800 4241 3991.3 0 0
1.912e+05 1.437 0.23134 1.408 -0.9468 0.31724 0 422.83 -18.136 0.86515 0.018694 45800 4240 3992.1 0 0
1.913e+05 1.4546 0.21587 1.3978 -1.1124 0.32964 0 404.53 -23.637 0.8638 0.018703 45800 4238 3992.9 0 0
1.914e+05 1.3861 0.21695 1.4083 -0.93762 0.30746 0 428.4 -14.962 0.86246 0.018685 45800 4242 3993.7 0 0
1.915e+05 1.4454 0.24918 1.4074 -1.0115 0.31376 0 416.83 -16.634 0.86111 0.018694 45800 4240 3994.5 0 0
1.916e+05 1.4301 0.2038 1.4048 -1.1618 0.29581 0 413.83 -24.016 0.85977 0.018707 45800 4237 3995.3 0 0
1.917e+05 1.4383 0.2239 1.4685 -1.1124 0.3202 0 441.53 -19.557 0.85842 0.018699 45800 4239 3996.1 0 0
1.918e+05 1.4368 0.19574 1.3678 -1.0839 0.31951 0 446.83 -26.847 0.85708 0.018699 45800 4239 3996.9 0 0
1.919e+05 1.4955 0.21326 1.4828 -1.2686 0.32242 0 418.42 -30.029 0.85574 0.018699 45800 4239 3997.9 0 0
1.92e+05 1.4337 0.22087 1.4453 -1.1223 0.31719 0 409.85 -19.638 0.85439 0.018707 45800 4237 3998.8 0 0
1.921e+05 1.4561 0.22981 1.4738 -1.0664 0.47577 0 428.61 -21.057 0.85305 0.018712 45800 4236 3999.7 0 0
1.922e+05 1.4287 0.21336 1.4329 -1.2024 0.44009 0 417.16 -20.789 0.85171 0.018707 45800 4237 4000.5 0 0
1.923e+05 1.5085 0.26112 1.4819 -1.1849 0.32979 0 440.73 -26.271 0.85037 0.018694 45800 4240 4001.3 3.6178 0
1.924e+05 1.5172 0.18681 1.4546 -1.0441 0.30832 0 465 -47.918 0.84903 0.018685 45800 4242 4002.1 14.773 0
1.925e+05 1.4975 0.23816 1.3903 -1.0003 0.32444 0 437.74 -26.197 0.84769 0.018699 45800 4239 4003.1 0 0
1.926e+05 1.4917 0.16986 1.4248 -1.146 0.32781 0 420.59 -42.65 0.84635 0.018703 45800 4238 4004 0 0
1.927e+05 1.4673 0.21575 1.3922 -1.0633 0.32379 0 424.11 -24.851 0.84501 0.018707 45800 4237 4005 0 0
1.928e+05 1.5125 0.23306 1.5231 -1.1571 0.35991 0 445.95 -33.842 0.84368 0.018699 45800 4239 4005.8 7.8581 0
1.929e+05 1.438 0.24948 1.4279 -1.1542 0.32658 0 416.27 -15.355 0.84234 0.018707 45800 4237 4006.6 0 0
1.93e+05 1.4573 0.21103 1.3714 -0.94705 0.32321 0 399.69 -24.672 0.84101 0.018712 45800 4236 4007.4 0 0
1.931e+05 1.4555 0.19174 1.4346 -0.99473 0.2966 0 443.28 -30.013 0.83967 0.018699 45800 4239 4008.3 0 0
1.932e+05 1.4988 0.2461 1.491 -1.2142 0.31385 0 432.46 -25.405 0.83834 0.01869 45800 4241 4009.2 0 0
1.933e+05 1.4964 0.25078 1.4562 -1.1939 0.30751 0 439.91 -24.335 0.837 0.01869 45800 4241 4010 0 0
1.934e+05 1.3499 0.21889 1.3176 -1.0255 0.31923 0 420.4 -10.241 0.83567 0.01869 45800 4241 4010.8 0 0
1.935e+05 1.4888 0.21036 1.3977 -0.923 0.31122 0 446.06 -29.385 0.83434 0.018694 45800 4240 4011.6 0 0
1.936e+05 1.4525 0.20755 1.4668 -1.0792 0.30731 0 410.28 -24.872 0.83301 0.018685 45800 4242 4012.5 0 0
1.937e+05 1.4674 0.24736 1.4516 -1.1202 0.34936 0 436.69 -19.625 0.83168 0.018685 45800 4242 4013.3 0 0
1.938e+05 1.5006 0.2408 1.414 -1.0315 0.31396 0 431.6 -26.357 0.83034 0.018699 45800 4239 4014.1 0.019944 0
1.939e+05 1.4509 0.21027 1.4757 -1.1305 0.30286 0 419.83 -23.989 0.82902 0.018703 45800 4238 4015 0 0
1.94e+05 1.4947 0.20458 1.4684 -1.0437 0.31861 0 453.74 -31.692 0.82769 0.018694 45800 4240 4015.9 0 0
1.941e+05 1.4541 0.20169 1.4243 -0.96537 0.333 0 426.99 -26.637 0.82636 0.018694 45800 4240 4016.8 0 0
1.942e+05 1.3997 0.19538 1.4265 -1.1017 0.32373 0 410.13 -23.1 0.82503 0.018685 45800 4242 4017.8 0 0
1.943e+05 1.4189 0.23001 1.402 -1.1743 0.32155 0 430.04 -15.598 0.82371 0.018685 45800 4242 4018.5 0 0
1.944e+05 1.4008 0.22976 1.4128 -1.2025 0.32513 0 419.47 -13.435 0.82238 0.018699 45800 4239 4019.3 0 0
1.945e+05 1.431 0.2218 1.4053 -1.0869 0.3327 0 424.55 -18.771 0.82105 0.018703 45800 4238 4020.1 0 0
1.946e+05 1.4244 0.21029 1.454 -1.1576 0.32194 0 425.33 -20.973 0.81973 0.018716 45800 4235 4020.8 0 0
1.947e+05 1.4182 0.219 1.4199 -1.0054 0.30242 0 412.08 -17.949 0.81841 0.018725 45800 4233 4021.5 0 0
1.948e+05 1.3923 0.19817 1.387 -0.95028 0.34217 0 414.96 -21.189 0.81709 0.018716 45800 4235 4022.3 0 0
1.949e+05 1.3733 0.20838 1.3186 -1.2112 0.31333 0 397.12 -16.022 0.81577 0.018703 45800 4238 4023 0 0
1.95e+05 1.4204 0.22613 1.4151 -1.1917 0.30962 0 418.37 -16.397 0.81445 0.018703 45800 4238 4023.8 0 0
1.951e+05 1.3887 0.18998 1.4803 -1.1031 0.32495 0 419.16 -23.869 0.81313 0.018707 45800 4237 4024.7 0 0
1.952e+05 1.4153 0.23171 1.4651 -1.2183 0.31373 0 432.53 -14.695 0.81181 0.018707 45800 4237 4025.7 0 0
1.953e+05 1.4831 0.21019 1.4569 -1.1225 0.3101 0 429.68 -28.328 0.81049 0.018703 45800 4238 4026.6 0 0
1.954e+05 1.4242 0.17504 1.4471 -1.1463 0.32639 0 393.25 -32.9 0.80917 0.01869 45800 4241 4027.6 0 0
1.955e+05 1.4354 0.18739 1.4048 -1.1916 0.33644 0 407.44 -29.187 0.80785 0.018699 45800 4239 4028.5 0 0
1.956e+05 1.4488 0.1987 1.4558 -1.1264 0.337 0 425.4 -26.871 0.80653 0.018694 45800 4240 4029.5 0 0
1.957e+05 1.4532 0.21882 1.4047 -1.1365 0.33794 0 431.01 -22.066 0.80521 0.018685 45800 4242 4030.5 0 0
1.958e+05 1.4519 0.17699 1.3285 -1.0823 0.32802 0 425.97 -34.759 0.8039 0.018677 45800 4244 4031.5 0 0
1.959e+05 1.4346 0.20644 1.4459 -1.1402 0.33789 0 396.76 -23.011 0.80258 0.018668 45800 4246 4032.6 0 0
1.96e+05 1.4193 0.20438 1.4332 -1.1458 0.33924 0 418.84 -21.86 0.80126 0.018659 45800 4248 4033.4 0 0
1.961e+05 1.3781 0.17063 1.4168 -1.1655 0.3143 0 417.35 -30.39 0.79995 0.01865 45800 4250 4034.2 0 0
1.962e+05 1.4629 0.19233 1.352 -1.1982 0.32253 0 410.98 -30.341 0.79864 0.018655 45800 4249 4035.2 0 0
1.963e+05 1.4956 0.15078 1.4821 -1.2063 0.29483 0 395.25 -47.16 0.79732 0.018655 45800 4249 4036.3 0 0
1.964e+05 1.4509 0.1893 1.3969 -1.0211 0.32989 0 422.64 -30 0.79601 0.018663 45800 4247 4037.4 0 0
1.965e+05 1.429 0.15354 1.3782 -1.3474 0.33129 0 425.26 -39.282 0.7947 0.018663 45800 4247 4038.4 0 0
1.966e+05 1.423 0.20157 1.4569 -0.8647 0.3368 0 407.88 -23.006 0.79339 0.01865 45800 4250 4039.4 0 0
1.967e+05 1.4044 0.19882 1.3896 -1.1386 0.32926 0 403.02 -22.159 0.79208 0.018655 45800 4249 4040.2 0 0
1.968e+05 1.4344 0.21884 1.4548 -1.1339 0.34176 0 405.4 -19.619 0.79077 0.018655 45800 4249 4041.1 0 0
1.969e+05 1.4049 0.18457 1.3937 -0.93405 0.31357 0 406.09 -27.156 0.78946 0.018655 45800 4249 4042.1 0 0
1.97e+05 1.4581 0.17517 1.4019 -1.0328 0.30578 0 420.89 -35.712 0.78815 0.018659 45800 4248 4043.1 0 0
1.971e+05 1.4092 0.17268 1.4083 -1.0913 0.3318 0 407.64 -31.809 0.78684 0.018646 45800 4251 4044.1 0 0
1.972e+05 1.4093 0.16009 1.3767 -1.1714 0.32127 0 425.96 -35.597 0.78553 0.018641 45800 4252 4045.2 0 0
1.973e+05 1.4517 0.1783 1.4027 -1.116 0.3081 0 404.49 -33.786 0.78423 0.018641 45800 4252 4046.2 0 0
1.974e+05 1.4734 0.15814 1.428 -1.2571 0.32574 0 433.68 -42.804 0.78292 0.018602 45800 4261 4047.2 0 0
1.975e+05 1.4759 0.16357 1.4235 -1.0373 0.30306 0 420.14 -41.694 0.78161 0.018606 45800 4260 4048.3 0 0
1.976e+05 1.4747 0.17603 1.5166 -1.147 0.30578 0 396.19 -37.383 0.78031 0.018602 45800 4261 4049.5 0 0
1.977e+05 1.4483 0.15784 1.4547 -1.2394 0.32937 0 423.74 -39.781 0.77901 0.018598 45800 4262 4050.6 0 0
1.978e+05 1.4072 0.18891 1.4537 -1.0933 0.31524 0 427.7 -25.608 0.7777 0.018589 45801 4264 4051.6 0 0
1.979e+05 1.4585 0.1718 1.5022 -1.1173 0.32604 0 449.58 -36.545 0.7764 0.018585 45801 4265 4052.7 0 0
1.98e+05 1.3798 0.18585 1.3837 -0.84679 0.33117 0 419.68 -24.452 0.7751 0.01858 45801 4266 4053.7 0 0
1.981e+05 1.3581 0.17465 1.4185 -1.1069 0.33396 0 414.26 -26.617 0.7738 0.018585 45801 4265 4054.7 0 0
1.982e+05 1.4074 0.19792 1.3189 -1.0963 0.33388 0 436.51 -22.632 0.7725 0.018589 45801 4264 4055.6 0 0
1.983e+05 1.3774 0.19842 1.334 -1.1102 0.30365 0 443.39 -19.696 0.7712 0.018572 45801 4268 4056.4 0 0
1.984e+05 1.4475 0.16941 1.481 -1.0056 0.31796 0 412.19 -36.201 0.7699 0.018576 45801 4267 4057.4 0 0
1.985e+05 1.4173 0.1909 1.4717 -1.0971 0.33546 0 439.44 -25.687 0.7686 0.018572 45801 4268 4058.4 0 0
1.986e+05 1.4118 0.16665 1.4486 -1.2883 0.3238 0 422.84 -33.522 0.7673 0.018563 45801 4270 4059.5 0 0
1.987e+05 1.3747 0.21599 1.3941 -1.1234 0.33502 0 430.09 -13.68 0.766 0.018554 45801 4272 4060.3 0 0
1.988e+05 1.4304 0.15916 1.4157 -1.1774 0.31818 0 438.53 -37.43 0.76471 0.018541 45801 4275 4061.2 0 0
1.989e+05 1.3684 0.18366 1.4536 -1.0433 0.32346 0 425.08 -23.423 0.76341 0.01852 45801 4280 4062.1 0 0
1.99e+05 1.4546 0.19375 1.4865 -1.201 0.31279 0 415.34 -28.576 0.76211 0.01852 45801 4280 4063 0 0
1.991e+05 1.4344 0.16892 1.433 -1.1664 0.30611 0 429.91 -34.575 0.76082 0.01852 45801 4280 4063.9 0 0
1.992e+05 1.423 0.20254 1.4438 -1.4372 0.35277 0 418.02 -22.505 0.75953 0.018533 45801 4277 4064.9 0 0
1.993e+05 1.4229 0.17646 1.4768 -1.2156 0.32537 0 418.57 -31.149 0.75823 0.018524 45801 4279 4065.9 0 0
1.994e+05 1.399 0.1817 1.3186 -1.325 0.31959 0 438.05 -27.166 0.75694 0.018528 45801 4278 4067 0 0
1.995e+05 1.4597 0.1906 1.4925 -0.98108 0.33118 0 418.35 -30.173 0.75565 0.018511 45801 4282 4068.1 0 0
1.996e+05 1.4499 0.20501 1.3936 -1.203 0.3453 0 415.79 -24.805 0.75435 0.018511 45801 4282 4069.1 0 0
1.997e+05 1.4057 0.18225 1.5262 -1.1286 0.30346 0 415.6 -27.365 0.75306 0.018511 45801 4282 4070.1 0 0
1.998e+05 1.4988 0.15407 1.5228 -1.2541 0.316 0 425.62 -46.696 0.75177 0.018507 45801 4283 4071.1 0 0
1.999e+05 1.4682 0.18247 1.5272 -1.1513 0.31811 0 426.51 -33.804 0.75048 0.018515 45801 4281 4072.1 0 0
2e+05 1.4714 0.22543 1.5503 -1.0917 0.33318 0 443.07 -22.984 0.7492 0.018502 45801 4284 4073.1 0 0
2.001e+05 1.4889 0.18537 1.4703 -1.2682 0.31645 0 421.87 -35.567 0.74791 0.018489 45801 4287 4074 0 0
2.002e+05 1.4183 0.18414 1.4646 -1.0591 0.32208 0 431.75 -27.72 0.74662 0.018485 45801 4288 4075.1 0 0
2.003e+05 1.4094 0.20951 1.4828 -1.2285 0.31895 0 415.48 -19.26 0.74533 0.018485 45801 4288 4075.9 0 0
2.004e+05 1.4319 0.17084 1.436 -1.0734 0.29866 0 430.4 -33.385 0.74404 0.018481 45801 4289 4076.9 0 0
2.005e+05 1.448 0.18247 1.494 -1.1136 0.31809 0 420.75 -31.155 0.74276 0.018481 45801 4289 4077.8 0 0
2.006e+05 1.3882 0.15334 1.4817 -0.96767 0.31341 0 425.76 -34.427 0.74147 0.018472 45801 4291 4078.9 0 0
2.007e+05 1.3697 0.19264 1.363 -1.1374 0.31863 0 404.07 -20.543 0.74019 0.018472 45801 4291 4079.8 0 0
2.008e+05 1.3893 0.19378 1.4793 -1.1187 0.34588 0 400.27 -21.813 0.73891 0.018468 45801 4292 4080.7 0 0
2.009e+05 1.4325 0.16401 1.2233 -1.1068 0.32459 0 393.75 -35.692 0.73762 0.018485 45801 4288 4081.7 0 0
2.01e+05 1.5012 0.22503 1.2699 -1.1312 0.32237 0 420.92 -28.571 0.73634 0.018489 45801 4287 4082.8 0.072216 0
2.011e+05 1.5029 0.16371 1.2526 -1.048 0.33095 0 411.89 -45.252 0.73506 0.018481 45801 4289 4083.9 0.433 0
2.012e+05 1.4914 0.17066 1.2205 -1.0237 0.33877 0 405.4 -40.387 0.73378 0.018481 45801 4289 4085 0 0
2.013e+05 1.4834 0.18627 1.2306 -0.98122 0.36241 0 422.18 -34.285 0.7325 0.018481 45801 4289 4086 0 0
2.014e+05 1.434 0.17093 1.1975 -1.217 0.35847 0 430.13 -33.439 0.73122 0.018481 45801 4289 4087 0 0
2.015e+05 1.3773 0.19497 1.1559 -1.1096 0.35588 0 391.11 -20.818 0.72994 0.018485 45801 4288 4088 0 0
2.016e+05 1.4243 0.16765 1.1323 -1.1392 0.34736 0 409.64 -33.538 0.72866 0.018489 45801 4287 4089 0 0
2.017e+05 1.4449 0.17324 1.1874 -0.95129 0.33045 0 399.3 -33.629 0.72738 0.018463 45801 4293 4090 0 0
2.018e+05 1.453 0.19311 1.215 -1.1352 0.37159 0 408.48 -28.088 0.7261 0.018442 45801 4298 4091 0 0
2.019e+05 1.4499 0.1769 1.2156 -1.2492 0.34602 0 403.18 -32.835 0.72483 0.018425 45801 4302 4092 0 0
2.02e+05 1.3907 0.17853 1.1801 -1.1671 0.34702 0 417.76 -27.611 0.72355 0.018433 45801 4300 4093.1 0 0
2.021e+05 1.4772 0.23881 1.1617 -1.1898 0.34212 0 435.18 -22.132 0.72227 0.018429 45801 4301 4094.1 0 0
2.022e+05 1.4752 0.16436 1.2416 -1.096 0.35807 0 415.75 -40.065 0.721 0.018433 45801 4300 4095 0 0
2.023e+05 1.452 0.21026 1.1748 -1.312 0.35136 0 399.41 -23.462 0.71972 0.018442 45801 4298 4096 0 0
2.024e+05 1.4629 0.18893 1.1762 -1.2099 0.33776 0 402.74 -30.449 0.71845 0.018446 45801 4297 4097 0 0
2.025e+05 1.4219 0.19706 1.1614 -1.0564 0.37096 0 408.98 -23.494 0.71718 0.018442 45801 4298 4098 0 0
2.026e+05 1.4705 0.16101 1.1993 -1.2388 0.31028 0 390.61 -40.448 0.7159 0.018446 45801 4297 4099 0 0
2.027e+05 1.4459 0.19844 1.2557 -1.2152 0.33609 0 414.2 -25.609 0.71463 0.018438 45801 4299 4099.9 0 0
2.028e+05 1.495 0.19088 1.246 -1.3015 0.3262 0 399.29 -34.424 0.71336 0.018442 45801 4298 4100.8 0 0
2.029e+05 1.4829 0.17098 1.1719 -1.3135 0.31139 0 406.79 -38.335 0.71209 0.018438 45801 4299 4101.9 0 0
2.03e+05 1.487 0.15715 1.1915 -0.94017 0.37111 0 421.04 -44.017 0.71082 0.018438 45801 4299 4103 0 0
2.031e+05 1.4354 0.17455 1.249 -1.4845 0.33394 0 411.06 -31.914 0.70955 0.018429 45801 4301 4104.1 0 0
2.032e+05 1.4373 0.1504 1.1766 -1.342 0.35605 0 418.63 -39.624 0.70828 0.018412 45801 4305 4105.1 0 0
2.033e+05 1.4578 0.18399 1.2311 -1.0668 0.33673 0 417.04 -31.028 0.70701 0.018412 45801 4305 4106 0 0
2.034e+05 1.3724 0.15036 1.1454 -1.0269 0.35254 0 415.63 -33.276 0.70575 0.018421 45801 4303 4107.1 0 0
2.035e+05 1.4314 0.16056 1.1466 -1.231 0.32815 0 399.05 -36.124 0.70448 0.018425 45801 4302 4108.1 0 0
2.036e+05 1.3862 0.16541 1.0829 -1.2835 0.35596 0 419.06 -31.129 0.70321 0.018416 45801 4304 4109.2 0 0
2.037e+05 1.3952 0.16939 1.0989 -1.1387 0.35315 0 394.9 -30.366 0.70195 0.018408 45801 4306 4110.3 0 0
2.038e+05 1.4181 0.16219 1.085 -1.0754 0.34831 0 411.28 -34.333 0.70068 0.018391 45801 4310 4111.5 0 0
2.039e+05 1.4325 0.18115 1.1641 -1.1799 0.36326 0 388.06 -29.348 0.69942 0.018382 45801 4312 4112.5 0 0
2.04e+05 1.4101 0.16161 1.1688 -1.1565 0.34991 0 416.06 -33.52 0.69815 0.018378 45801 4313 4113.6 0 0
2.041e+05 1.3379 0.16642 1.1637 -0.96232 0.36342 0 408.87 -26.995 0.69689 0.018369 45801 4315 4114.6 0 0
2.042e+05 1.3897 0.13457 1.127 -1.1958 0.29959 0 368.66 -37.121 0.69563 0.018357 45801 4318 4115.7 0 0
2.043e+05 1.4585 0.14158 1.2598 -0.98385 0.33121 0 370.77 -43.377 0.69437 0.018365 45801 4316 4116.6 0 0
2.044e+05 1.4014 0.15902 1.1895 -1.096 0.33454 0 364.8 -33.217 0.69311 0.018374 45801 4314 4117.7 0 0
2.045e+05 1.4364 0.17409 1.1693 -1.0381 0.32043 0 384.26 -31.713 0.69185 0.018365 45801 4316 4118.7 0 0
2.046e+05 1.4481 0.15902 1.2089 -1.003 0.35852 0 397.02 -37.375 0.69059 0.018361 45801 4317 4119.8 0 0
2.047e+05 1.4082 0.1783 1.1873 -1.0787 0.35902 0 377.14 -28.095 0.68933 0.018361 45801 4317 4120.8 0 0
2.048e+05 1.3642 0.1658 1.122 -0.92764 0.36654 0 369.86 -29.448 0.68807 0.018361 45801 4317 4121.9 0 0
2.049e+05 1.3897 0.17588 1.0962 -1.2983 0.32213 0 377.5 -27.852 0.68681 0.018361 45801 4317 4122.9 0 0
2.05e+05 1.497 0.16852 1.1812 -1.3822 0.35421 0 394.72 -41.68 0.68555 0.018357 45801 4318 4124 0 0
2.051e+05 1.3961 0.17108 1.1725 -1.0955 0.33619 0 399.17 -29.335 0.68429 0.018357 45801 4318 4125 0 0
2.052e+05 1.4408 0.19668 1.1318 -1.0688 0.36479 0 369.05 -25.457 0.68304 0.018344 45801 4321 4126 0 0
2.053e+05 1.4161 0.15988 1.1626 -0.93591 0.32064 0 371.2 -33.963 0.68178 0.018357 45801 4318 4126.9 0 0
2.054e+05 1.3987 0.16435 1.1129 -1.0939 0.35799 0 406.32 -31.379 0.68053 0.018348 45801 4320 4127.8 0 0
2.055e+05 1.4611 0.16861 1.2145 -1.0192 0.34153 0 388.07 -36.144 0.67927 0.018352 45801 4319 4128.8 0 0
2.056e+05 1.4371 0.15989 1.1496 -0.9293 0.3547 0 388 -35.923 0.67802 0.018357 45801 4318 4129.8 0 0
2.057e+05 1.3629 0.18632 1.1144 -1.1124 0.35146 0 396.08 -21.814 0.67676 0.018352 45801 4319 4130.7 0 0
2.058e+05 1.3815 0.17995 1.1712 -1.1528 0.36905 0 386.44 -25.881 0.67551 0.018352 45801 4319 4131.7 0 0
2.059e+05 1.357 0.16011 1.0883 -0.93315 0.35803 0 387.39 -29.99 0.67426 0.018348 45801 4320 4132.7 0 0
2.06e+05 1.4136 0.21046 1.1621 -1.1118 0.32893 0 380.65 -19.162 0.67301 0.018352 45801 4319 4133.8 0 0
2.061e+05 1.4762 0.15807 1.1852 -1.1721 0.32372 0 387.38 -41.387 0.67176 0.018348 45801 4320 4134.9 0 0
2.062e+05 1.4454 0.22025 1.2185 -1.1686 0.34905 0 402.92 -20.539 0.67051 0.018327 45801 4325 4135.8 0 0
2.063e+05 1.4435 0.1486 1.2348 -1.1982 0.36156 0 404.6 -39.417 0.66926 0.018335 45801 4323 4136.9 0 0
2.064e+05 1.4177 0.15692 1.2386 -1.0441 0.32451 0 387.75 -34.548 0.66801 0.018348 45801 4320 4138.1 0 0
2.065e+05 1.4907 0.17149 1.2209 -1.0184 0.34069 0 385.27 -39.199 0.66676 0.018352 45801 4319 4139.2 0 0
2.066e+05 1.4261 0.20999 1.2057 -1.0367 0.34496 0 392.77 -20.517 0.66551 0.018357 45801 4318 4140.2 0 0
2.067e+05 1.402 0.14789 1.1244 -0.90871 0.34828 0 395.14 -35.145 0.66427 0.018357 45801 4318 4141.4 0 0
2.068e+05 1.4514 0.15962 1.2232 -0.8898 0.32476 0 392.14 -36.9 0.66302 0.018352 45801 4319 4142.3 0 0
2.069e+05 1.4631 0.16684 1.2824 -1.1855 0.30688 0 414.82 -36.395 0.66177 0.018348 45801 4320 4143.5 0 0
2.07e+05 1.4263 0.16188 1.2321 -1.0313 0.33479 0 378.13 -33.588 0.66053 0.018348 45801 4320 4144.6 0 0
2.071e+05 1.4528 0.16978 1.1811 -1.1943 0.34797 0 389.84 -34.007 0.65928 0.01834 45801 4322 4145.7 0 0
2.072e+05 1.4668 0.17158 1.2034 -1.1554 0.34333 0 404.4 -35.483 0.65804 0.018331 45801 4324 4146.8 0 0
2.073e+05 1.4146 0.17231 1.1889 -1.3462 0.35324 0 384.02 -29.748 0.6568 0.018331 45801 4324 4147.9 0 0
2.074e+05 1.4316 0.15866 1.2118 -1.1052 0.34505 0 370.49 -35.031 0.65555 0.018301 45801 4331 4148.9 0 0
2.075e+05 1.4364 0.15019 1.2553 -1.2417 0.31314 0 373.14 -37.865 0.65431 0.018314 45801 4328 4150 0 0
2.076e+05 1.3877 0.1801 1.1403 -0.97077 0.32712 0 374.9 -26.026 0.65307 0.018314 45801 4328 4151.1 0 0
2.077e+05 1.4308 0.16577 1.2276 -0.92587 0.35021 0 368.81 -32.485 0.65183 0.018314 45801 4328 4152.1 0 0
2.078e+05 1.4275 0.17866 1.196 -1.1258 0.3468 0 397.71 -28.884 0.65058 0.01831 45801 4329 4153.1 0 0
2.079e+05 1.4495 0.17736 1.2256 -1.0729 0.32233 0 384.14 -31.236 0.64934 0.018289 45801 4334 4154.2 0 0
2.08e+05 1.407 0.2023 1.1687 -0.86091 0.33578 0 387.06 -20.633 0.64811 0.018285 45801 4335 4155 0 0
2.081e+05 1.4758 0.17088 1.1911 -0.95914 0.34683 0 388.38 -36.687 0.64687 0.01828 45801 4336 4156 0 0
2.082e+05 1.5033 0.17182 1.2088 -1.0935 0.36333 0 386.82 -42.045 0.64563 0.018285 45801 4335 4157 0.55447 0
2.083e+05 1.3978 0.17439 1.1955 -1.116 0.38225 0 377.72 -27.914 0.64439 0.01828 45801 4336 4158 0 0
2.084e+05 1.4364 0.19636 1.0999 -0.86601 0.38274 0 390.61 -24.836 0.64315 0.018276 45801 4337 4159 0 0
2.085e+05 1.4211 0.17296 1.2219 -1.2538 0.33303 0 396.39 -29.65 0.64192 0.018272 45801 4338 4160.1 0 0
2.086e+05 1.3984 0.16502 1.199 -0.7671 0.3711 0 392.68 -30.45 0.64068 0.018263 45801 4340 4161.1 0 0
2.087e+05 1.3963 0.16661 1.1334 -1.1918 0.39293 0 370.24 -29.774 0.63945 0.018268 45801 4339 4162 0 0
2.088e+05 1.3973 0.14068 1.1609 -1.2363 0.3715 0 371.94 -35.887 0.63821 0.018263 45801 4340 4163 0 0
2.089e+05 1.5113 0.17271 1.2049 -1.151 0.38152 0 388.33 -45.754 0.63698 0.018268 45801 4339 4164.1 6.3645 0
2.09e+05 1.4465 0.15951 1.0991 -1.0942 0.34853 0 397.7 -35.73 0.63574 0.01828 45801 4336 4165.2 0 0
2.091e+05 1.4003 0.17953 1.1038 -1.1142 0.35088 0 397.49 -26.479 0.63451 0.018285 45801 4335 4166.1 0 0
2.092e+05 1.3734 0.13847 1.1345 -1.2081 0.35475 0 389.97 -34.654 0.63328 0.018276 45801 4337 4167.1 0 0
2.093e+05 1.3729 0.16658 1.1596 -1.1494 0.31673 0 397.66 -28.93 0.63205 0.018272 45801 4338 4168 0 0
2.094e+05 1.3382 0.20746 1.1108 -1.4076 0.3091 0 387.09 -12.87 0.63082 0.018264 45801 4340 4169 0 0
2.095e+05 1.3717 0.17074 1.1687 -1.0488 0.35684 0 408.24 -27.838 0.62958 0.018264 45801 4340 4169.9 0 0
2.096e+05 1.3821 0.15582 1.134 -1.1318 0.39609 0 401.06 -31.425 0.62836 0.018255 45801 4342 4170.8 0 0
2.097e+05 1.399 0.1833 1.1751 -0.92434 0.3621 0 399.82 -25.181 0.62713 0.018255 45801 4342 4171.7 0 0
2.098e+05 1.3629 0.19357 1.1592 -1.0132 0.36563 0 405.83 -19.209 0.6259 0.018255 45801 4342 4172.7 0 0
2.099e+05 1.412 0.17873 1.2022 -1.0034 0.33268 0 402.69 -27.05 0.62467 0.018251 45801 4343 4173.6 0 0
2.1e+05 1.3622 0.15025 1.1744 -1.216 0.35063 0 369.44 -31.799 0.62344 0.018255 45801 4342 4174.5 0 0
2.101e+05 1.4121 0.17619 1.1815 -0.99305 0.377 0 385.13 -27.724 0.62221 0.018247 45801 4344 4175.5 0 0
2.102e+05 1.4109 0.18007 1.1622 -1.2608 0.3567 0 409.19 -26.573 0.62099 0.018255 45801 4342 4176.5 0 0
2.103e+05 1.4423 0.15076 1.1705 -1.0904 0.35116 0 411.82 -37.782 0.61976 0.018247 45801 4344 4177.5 0 0
2.104e+05 1.4106 0.18135 1.1678 -1.2743 0.38184 0 402.04 -26.122 0.61854 0.018242 45801 4345 4178.5 0 0
2.105e+05 1.4276 0.16797 1.2243 -1.0863 0.37351 0 403.43 -30.807 0.61731 0.018242 45801 4345 4179.5 0 0
2.106e+05 1.3835 0.17479 1.1591 -1.2115 0.37697 0 407.26 -26.686 0.61609 0.018251 45801 4343 4180.4 0 0
2.107e+05 1.4668 0.15906 1.1906 -1.2528 0.36547 0 387.9 -38.401 0.61486 0.018238 45801 4346 4181.2 0 0
2.108e+05 1.4262 0.20647 1.1733 -1.038 0.39461 0 391.94 -21.307 0.61364 0.018247 45801 4344 4182.1 0 0
2.109e+05 1.3948 0.19537 1.1524 -0.88284 0.34744 0 388.58 -21.076 0.61242 0.018247 45801 4344 4182.9 0 0
2.11e+05 1.4372 0.17471 1.198 -1.0823 0.34361 0 403.45 -30.074 0.6112 0.018213 45801 4352 4183.7 0 0
2.111e+05 1.3709 0.18874 1.1691 -0.96305 0.34014 0 387.27 -21.241 0.60998 0.018222 45801 4350 4184.6 0 0
2.112e+05 1.3722 0.20071 1.2038 -0.87889 0.3662 0 384.78 -17.94 0.60876 0.018238 45801 4346 4185.4 0 0
2.113e+05 1.3971 0.18943 1.159 -1.1155 0.34007 0 386.29 -22.899 0.60754 0.018238 45801 4346 4186.3 0 0
2.114e+05 1.3745 0.16048 1.1603 -1.1319 0.37533 0 362.52 -29.645 0.60632 0.018242 45801 4345 4187.2 0 0
2.115e+05 1.3852 0.17493 1.1376 -1.0743 0.36632 0 397.12 -26.382 0.6051 0.018234 45801 4347 4188 0 0
2.116e+05 1.3267 0.18188 1.1185 -0.97808 0.32642 0 352.53 -21.007 0.60388 0.01823 45801 4348 4188.9 0 0
2.117e+05 1.3718 0.16873 1.1615 -1.0461 0.33572 0 394.35 -27.343 0.60266 0.018234 45801 4347 4189.7 0 0
2.118e+05 1.3792 0.17474 1.0921 -1.1786 0.32661 0 412.11 -26.01 0.60145 0.01823 45801 4348 4190.6 0 0
2.119e+05 1.3645 0.15537 1.1363 -1.0707 0.33242 0 418.63 -30.46 0.60023 0.018234 45801 4347 4191.5 0 0
2.12e+05 1.3547 0.17416 1.1272 -1.1456 0.36891 0 400.79 -24.833 0.59901 0.018238 45801 4346 4192.4 0 0
2.121e+05 1.3626 0.19304 1.1821 -0.95821 0.30844 0 406.5 -18.906 0.5978 0.018234 45801 4347 4193.2 0 0
2.122e+05 1.4165 0.1618 1.1742 -1.3322 0.3598 0 390.88 -31.646 0.59658 0.018226 45801 4349 4194 0 0
2.123e+05 1.451 0.21332 1.1662 -0.99367 0.34536 0 420.31 -22.533 0.59537 0.018221 45801 4350 4194.8 0 0
2.124e+05 1.397 0.21331 1.164 -1.0915 0.34055 0 409.76 -16.509 0.59416 0.018222 45801 4350 4195.6 0 0
2.125e+05 1.4144 0.21704 1.1784 -1.2141 0.34269 0 412.39 -17.59 0.59294 0.018214 45801 4352 4196.4 0 0
2.126e+05 1.3927 0.21793 1.2126 -1.1516 0.32999 0 412.97 -14.925 0.59173 0.018201 45801 4355 4197.2 0 0
2.127e+05 1.3785 0.18399 1.1781 -0.96349 0.30867 0 413.42 -23.012 0.59052 0.018185 45801 4359 4198 0 0
2.128e+05 1.4292 0.22228 1.1922 -1.0946 0.31075 0 382.1 -18.064 0.58931 0.018176 45801 4361 4198.8 0 0
2.129e+05 1.4334 0.1605 1.2139 -1.1553 0.39356 0 410.2 -33.695 0.5881 0.018172 45801 4362 4199.6 0 0
2.13e+05 1.4393 0.1723 1.1611 -1.1575 0.36308 0 398.33 -30.893 0.58689 0.018172 45801 4362 4200.4 0 0
2.131e+05 1.4008 0.21502 1.2176 -1.4145 0.39948 0 393.74 -16.285 0.58568 0.018164 45801 4364 4201.2 0 0
2.132e+05 1.4071 0.21655 1.1916 -1.0551 0.3372 0 382.83 -16.663 0.58447 0.01816 45801 4365 4201.9 0 0
2.133e+05 1.3778 0.21613 1.1966 -1.123 0.37122 0 394.03 -13.75 0.58327 0.018172 45801 4362 4202.6 0 0
2.134e+05 1.4069 0.20407 1.1782 -1.2399 0.35023 0 410.45 -19.489 0.58206 0.018168 45801 4363 4203.4 0 0
2.135e+05 1.436 0.26822 1.1747 -1.0051 0.34153 0 398.96 -12.666 0.58085 0.018156 45801 4366 4204.2 0 0
2.136e+05 1.4454 0.18717 1.1926 -0.96282 0.31602 0 372.19 -27.635 0.57965 0.018156 45801 4366 4204.9 0 0
2.137e+05 1.3759 0.21085 1.2068 -0.99714 0.36334 0 380.68 -14.781 0.57844 0.01816 45801 4365 4205.7 0 0
2.138e+05 1.4044 0.22055 1.1726 -1.0383 0.36991 0 401.33 -15.285 0.57724 0.018172 45801 4362 4206.6 0 0
2.139e+05 1.3668 0.21332 1.1841 -1.0435 0.36244 0 386.96 -13.057 0.57603 0.018176 45801 4361 4207.3 0 0
2.14e+05 1.3157 0.21541 1.1185 -1.0376 0.34681 0 396.23 -8.1225 0.57483 0.018176 45801 4361 4208 0 0
2.141e+05 1.3115 0.16757 1.0548 -1.1615 0.35767 0 392.52 -24.847 0.57363 0.018168 45801 4363 4208.8 0 0
2.142e+05 1.3236 0.18842 1.1892 -0.72264 0.35165 0 406.19 -17.947 0.57243 0.018171 45802 4362 4209.5 0 0
2.143e+05 1.3088 0.17796 1.1201 -0.99194 0.34421 0 400.77 -20.484 0.57123 0.018163 45802 4364 4210.3 0 0
2.144e+05 1.4117 0.21282 1.226 -1.1386 0.35656 0 388.46 -18.026 0.57003 0.018171 45802 4362 4211 0 0
2.145e+05 1.37 0.18832 1.1553 -1.0775 0.35319 0 392.7 -20.436 0.56883 0.018171 45802 4362 4211.8 0 0
2.146e+05 1.4081 0.19406 1.2087 -1.0026 0.30519 0 389.49 -21.92 0.56763 0.018163 45802 4364 4212.6 0 0
2.147e+05 1.3069 0.16429 1.0884 -1.0359 0.33148 0 389.42 -26.161 0.56643 0.01815 45802 4367 4213.4 0 0
2.148e+05 1.3307 0.19502 1.1224 -1.1439 0.35127 0 365.01 -16.073 0.56523 0.018129 45802 4372 4214.2 0 0
2.149e+05 1.3686 0.20531 1.1809 -1.2136 0.32469 0 410.42 -15.407 0.56403 0.018125 45802 4373 4215 0 0
2.15e+05 1.3349 0.19923 1.1485 -1.3218 0.36355 0 373.32 -15.216 0.56283 0.018121 45802 4374 4215.8 0 0
2.151e+05 1.2862 0.19672 1.1221 -1.3434 0.34031 0 386.59 -12.69 0.56163 0.018109 45802 4377 4216.6 0 0
2.152e+05 1.3054 0.16726 1.0682 -1.3255 0.3338 0 395.92 -24.793 0.56043 0.018109 45802 4377 4217.4 0 0
2.153e+05 1.3329 0.18036 1.1314 -1.2199 0.37558 0 392.12 -21.189 0.55924 0.018092 45802 4381 4218.2 0 0
2.154e+05 1.3514 0.17833 1.066 -1.1935 0.3313 0 381.81 -22.483 0.55804 0.018084 45802 4383 4219 0 0
2.155e+05 1.3923 0.17611 1.1128 -1.2999 0.34375 0 381.61 -25.493 0.55684 0.018092 45802 4381 4219.8 0 0
2.156e+05 1.3768 0.18123 1.0947 -1.4365 0.35987 0 384.13 -22.97 0.55565 0.018084 45802 4383 4220.6 0 0
2.157e+05 1.3982 0.20011 1.1638 -1.2289 0.36898 0 411.07 -19.175 0.55445 0.018076 45802 4385 4221.4 0 0
2.158e+05 1.3102 0.22032 1.1297 -1.336 0.35011 0 385.61 -6.3281 0.55326 0.018063 45802 4388 4222.2 0 0
2.159e+05 1.3947 0.23431 1.1825 -1.3569 0.33503 0 354.98 -11.21 0.55207 0.018043 45802 4393 4222.9 0 0
2.16e+05 1.3798 0.23745 1.0406 -1.4091 0.35278 0 365.23 -8.4306 0.55089 0.018047 45803 4392 4223.6 0 0
2.161e+05 1.3902 0.21809 1.2271 -1.3023 0.34378 0 380.36 -14.14 0.54972 0.018054 45803 4390 4224.3 0 0
2.162e+05 1.3459 0.22327 1.4066 -1.5277 0.32919 0 378.45 -8.1926 0.54853 0.018046 45804 4392 4225 0 0
2.163e+05 1.3795 0.25969 1.499 -1.328 0.34948 0 362.07 -4.1086 0.54736 0.018042 45804 4393 4225.7 0 0
2.164e+05 1.3834 0.23962 1.3966 -1.1493 0.38586 0 373.25 -8.3835 0.54619 0.018046 45805 4392 4226.3 0 0
2.165e+05 1.4193 0.21 1.4718 -1.3421 0.37013 0 371.68 -19.094 0.54502 0.018043 45806 4393 4227 0 0
2.166e+05 1.3876 0.24779 1.492 -1.0744 0.3355 0 375.36 -7.3162 0.54383 0.01801 45806 4401 4227.7 0 0
2.167e+05 1.4031 0.2459 1.5028 -1.2776 0.32079 0 408.91 -9.9885 0.54266 0.018014 45806 4400 4228.3 0 0
2.168e+05 1.3438 0.2115 1.4526 -1.1722 0.32092 0 384.05 -11.626 0.54148 0.018019 45807 4399 4229 0 0
2.169e+05 1.3684 0.20566 1.439 -1.6818 0.35123 0 378.25 -14.838 0.5403 0.018039 45807 4394 4229.7 0 0
2.17e+05 1.3704 0.21071 1.46 -1.7298 0.31274 0 416.15 -13.62 0.53912 0.018027 45807 4397 4230.4 0 0
2.171e+05 1.3956 0.23535 1.4534 -1.264 0.35484 0 389.07 -10.948 0.53794 0.018023 45807 4398 4231.2 0 0
2.172e+05 1.4172 0.19629 1.4949 -1.3575 0.3298 0 393.41 -21.888 0.53675 0.018011 45808 4401 4231.9 0 0
2.173e+05 1.3985 0.23005 1.4738 -1.4176 0.34759 0 370.72 -12.381 0.53557 0.017998 45808 4404 4232.6 0 0
2.174e+05 1.3736 0.20927 1.3657 -1.5178 0.35849 0 385.22 -14.081 0.53439 0.01799 45808 4406 4233.4 0 0
2.175e+05 1.3749 0.22257 1.3818 -1.4498 0.35032 0 396.57 -11.086 0.53321 0.01799 45808 4406 4234 0 0
2.176e+05 1.3545 0.22562 1.3901 -1.1864 0.34874 0 394.96 -8.0915 0.53203 0.017982 45808 4408 4234.7 0 0
2.177e+05 1.3334 0.17736 1.389 -1.1667 0.3394 0 392.14 -21.946 0.53085 0.01797 45808 4411 4235.5 0 0
2.178e+05 1.3675 0.20813 1.4075 -1.2827 0.35644 0 392.38 -13.838 0.52967 0.017958 45809 4414 4236.3 0 0
2.179e+05 1.3405 0.18917 1.4051 -1.3956 0.35254 0 370.18 -17.907 0.52849 0.017958 45809 4414 4237 0 0
2.18e+05 1.3602 0.19843 1.4835 -1.3526 0.31982 0 373.67 -15.901 0.52731 0.017962 45809 4413 4237.7 0 0
2.181e+05 1.3578 0.2015 1.4802 -1.3189 0.34765 0 395.81 -14.741 0.52614 0.01797 45809 4411 4238.5 0 0
2.182e+05 1.3192 0.22368 1.3881 -1.2958 0.36113 0 400.84 -5.5714 0.52498 0.017938 45810 4419 4239.1 0 0
2.183e+05 1.3743 0.17816 1.4232 -1.3093 0.36635 0 403.63 -23.504 0.52381 0.017934 45810 4420 4239.9 0 0
2.184e+05 1.3283 0.19207 1.4526 -1.3934 0.36024 0 394.74 -16.159 0.52263 0.017934 45810 4420 4240.6 0 0
2.185e+05 1.4366 0.22112 1.4405 -1.25 0.34112 0 402.94 -18.915 0.52146 0.017934 45810 4420 4241.4 0 0
2.186e+05 1.4296 0.23608 1.4119 -1.3699 0.34562 0 406.08 -15.381 0.52028 0.017943 45811 4418 4242.1 0 0
2.187e+05 1.3585 0.23911 1.426 -1.0356 0.36653 0 389.8 -5.2041 0.51912 0.017928 45811 4422 4242.7 0 0
2.188e+05 1.3595 0.18258 1.263 -1.3076 0.35651 0 399.94 -20.892 0.51795 0.017924 45812 4423 4243.4 0 0
2.189e+05 1.3939 0.22051 1.4136 -1.3508 0.33972 0 372.2 -13.483 0.51679 0.017924 45812 4423 4244.1 0 0
2.19e+05 1.3542 0.22512 1.4149 -1.1682 0.36022 0 375.99 -8.0134 0.51574 0.017895 45816 4424 4244.7 0 0
2.191e+05 1.4154 0.23669 1.428 -1.3611 0.34169 0 401.17 -13.274 0.51465 0.017883 45819 4427 4245.3 0 0
2.192e+05 1.4096 0.18097 1.4216 -1.3638 0.364 0 417.07 -25.197 0.51349 0.017891 45820 4425 4246 0 0
2.193e+05 1.3775 0.18707 1.4401 -1.2309 0.35474 0 420.88 -20.901 0.51232 0.01787 45820 4430 4246.8 0 0
2.194e+05 1.3433 0.21352 1.4601 -1.2182 0.33234 0 393.52 -10.487 0.51115 0.017862 45820 4432 4247.6 0 0
2.195e+05 1.4309 0.19545 1.4709 -1.2312 0.35464 0 395.51 -23.861 0.50997 0.017846 45820 4436 4248.4 0 0
2.196e+05 1.3623 0.23988 1.4553 -1.0245 0.33515 0 402.83 -5.3975 0.5088 0.017846 45820 4436 4249.2 0 0
2.197e+05 1.4521 0.20996 1.4333 -1.2898 0.35582 0 369.8 -23.072 0.50763 0.017838 45820 4438 4250 0 0
2.198e+05 1.4595 0.22883 1.515 -1.1257 0.35938 0 367.21 -20.743 0.50646 0.017842 45820 4437 4250.8 0 0
2.199e+05 1.478 0.23068 1.5109 -1.1893 0.34708 0 356.82 -23.237 0.50528 0.017822 45820 4442 4251.6 0 0
2.2e+05 1.4871 0.20439 1.5317 -1.3769 0.3871 0 382.75 -29.632 0.50411 0.017806 45820 4446 4252.5 0 0
2.201e+05 1.4168 0.25974 1.3739 -1.2966 0.37843 0 374.72 -10.1 0.50294 0.017814 45820 4444 4253.2 0 0
2.202e+05 1.484 0.20155 1.4177 -1.2102 0.37503 0 374.55 -29.744 0.50177 0.017806 45820 4446 4254.1 0 0
2.203e+05 1.4586 0.19052 1.4466 -1.2307 0.37034 0 357.13 -28.485 0.5006 0.017798 45820 4448 4255 0 0
2.204e+05 1.4386 0.20685 1.4639 -1.1524 0.3393 0 382.75 -21.882 0.49943 0.017806 45820 4446 4255.9 0 0
2.205e+05 1.3621 0.19651 1.3824 -1.4183 0.36846 0 403.37 -16.397 0.49826 0.01781 45820 4445 4256.8 0 0
2.206e+05 1.3969 0.20492 1.3839 -1.4604 0.30899 0 391.99 -17.264 0.4971 0.017798 45820 4448 4257.6 0 0
2.207e+05 1.3442 0.20089 1.3145 -1.2463 0.34546 0 380.56 -14.348 0.49593 0.017786 45820 4451 4258.4 0 0
2.208e+05 1.4439 0.15956 1.3947 -1.2125 0.35492 0 370.57 -35.079 0.49476 0.017774 45820 4454 4259.2 0 0
2.209e+05 1.392 0.22277 1.3623 -1.1376 0.35608 0 389.69 -12.623 0.49359 0.017774 45820 4454 4260 0 0
2.21e+05 1.39 0.21378 1.4183 -1.1869 0.38823 0 391.48 -14.228 0.49243 0.017774 45820 4454 4260.8 0 0
2.211e+05 1.4091 0.18798 1.4239 -1.3542 0.36954 0 373.05 -22.901 0.49127 0.017778 45820 4453 4261.5 0 0
2.212e+05 1.3915 0.17854 1.4886 -1.2158 0.34592 0 377.16 -24.332 0.4901 0.01777 45820 4455 4262.5 0 0
2.213e+05 1.4964 0.18073 1.5288 -1.2878 0.35298 0 380.66 -37.204 0.48894 0.017762 45820 4457 4263.4 0 0
2.214e+05 1.4056 0.19336 1.3354 -1.3764 0.32535 0 407.12 -21.144 0.48777 0.01777 45820 4455 4264.3 0 0
2.215e+05 1.4475 0.16865 1.4469 -1.167 0.36398 0 392.32 -32.817 0.48661 0.017774 45820 4454 4265.3 0 0
2.216e+05 1.4506 0.2307 1.4036 -1.3675 0.35824 0 372.32 -19.041 0.48545 0.017782 45820 4452 4266.2 0 0
2.217e+05 1.4899 0.23705 1.5204 -1.3215 0.3303 0 388.63 -24.36 0.48428 0.017778 45820 4453 4267.1 0 0
2.218e+05 1.4923 0.18174 1.4789 -1.3895 0.34795 0 373.96 -35.996 0.48312 0.017774 45820 4454 4268.1 0 0
2.219e+05 1.4323 0.19404 1.3752 -1.4746 0.32534 0 382.96 -23.883 0.48196 0.017762 45820 4457 4269.1 0 0
2.22e+05 1.4731 0.18467 1.5441 -1.2919 0.36625 0 374.3 -31.648 0.4808 0.017762 45820 4457 4270.2 0 0
2.221e+05 1.4845 0.20953 1.4725 -1.4396 0.34321 0 392.66 -27.663 0.47964 0.017754 45820 4459 4271.3 0 0
2.222e+05 1.4984 0.20415 1.4828 -1.6437 0.37234 0 370.58 -31.359 0.47848 0.017738 45820 4463 4272.4 0 0
2.223e+05 1.5021 0.14974 1.476 -1.0116 0.3532 0 371.88 -46.94 0.47732 0.01775 45820 4460 4273.5 0.23083 0
2.224e+05 1.4378 0.17418 1.4507 -1.3481 0.33104 0 349.5 -29.75 0.47616 0.017742 45820 4462 4274.5 0 0
2.225e+05 1.3841 0.22421 1.3877 -1.2707 0.37325 0 379.64 -11.611 0.475 0.017738 45820 4463 4275.4 0 0
2.226e+05 1.396 0.18593 1.3979 -1.0866 0.34581 0 388.48 -22.539 0.47384 0.017734 45820 4464 4276.4 0 0
2.227e+05 1.4734 0.19789 1.4182 -1.1373 0.34079 0 375.22 -28.371 0.47268 0.017726 45820 4466 4277.3 0 0
2.228e+05 1.4496 0.21998 1.4223 -1.2293 0.36212 0 369.16 -20.416 0.47153 0.017726 45820 4466 4278.1 0 0
2.229e+05 1.3695 0.17837 1.3865 -1.3889 0.3676 0 343.92 -22.839 0.47037 0.017723 45820 4467 4279 0 0
2.23e+05 1.4686 0.1845 1.3826 -1.421 0.35063 0 390.82 -30.776 0.46922 0.017723 45820 4467 4279.8 0 0
2.231e+05 1.438 0.24141 1.5315 -1.2535 0.34846 0 352.38 -15.772 0.46806 0.017707 45820 4471 4280.6 0 0
2.232e+05 1.4466 0.18693 1.4979 -1.0663 0.3854 0 356.64 -27.165 0.46691 0.017707 45820 4471 4281.6 0 0
2.233e+05 1.373 0.17402 1.4412 -1.2592 0.34781 0 383.92 -24.546 0.46575 0.017699 45820 4473 4282.7 0 0
2.234e+05 1.4402 0.20242 1.4053 -1.0924 0.37222 0 375.04 -22.744 0.4646 0.017695 45820 4474 4283.8 0 0
2.235e+05 1.4386 0.1692 1.3543 -0.94669 0.40205 0 377.68 -31.071 0.46344 0.017703 45820 4472 4284.8 0 0
2.236e+05 1.471 0.18018 1.5464 -1.1111 0.39071 0 363.16 -32.258 0.46229 0.017703 45820 4472 4285.9 0 0
2.237e+05 1.4244 0.18032 1.4963 -1.3753 0.34969 0 375.21 -26.43 0.46114 0.017699 45820 4473 4286.9 0 0
2.238e+05 1.3864 0.19046 1.4729 -1.0513 0.34384 0 381.87 -19.968 0.45999 0.017695 45820 4474 4287.8 0 0
2.239e+05 1.4468 0.15966 1.4438 -1.2662 0.35533 0 353.79 -34.842 0.45883 0.017699 45820 4473 4288.8 0 0
2.24e+05 1.4689 0.20453 1.4788 -1.2039 0.35432 0 373.35 -25.962 0.45768 0.017687 45820 4476 4289.7 0 0
2.241e+05 1.4613 0.22148 1.503 -1.534 0.33997 0 389.31 -21.804 0.45653 0.017687 45820 4476 4290.5 0 0
2.242e+05 1.3676 0.21264 1.4242 -1.3418 0.3329 0 357.79 -12.155 0.45538 0.017691 45820 4475 4291.3 0 0
2.243e+05 1.3735 0.19481 1.4779 -0.99816 0.3428 0 354.29 -17.856 0.45424 0.017687 45821 4476 4292.1 0 0
2.244e+05 1.4005 0.18785 1.3974 -1.1446 0.35844 0 393.3 -21.903 0.45309 0.017683 45821 4477 4292.9 0 0
2.245e+05 1.4274 0.201 1.4105 -1.1441 0.36556 0 381.82 -21.154 0.45194 0.017679 45821 4478 4293.8 0 0
2.246e+05 1.3762 0.19631 1.4455 -1.1592 0.34221 0 365.15 -17.7 0.4508 0.017675 45821 4479 4294.6 0 0
2.247e+05 1.484 0.22863 1.4952 -1.27 0.35942 0 387.47 -24.308 0.44965 0.017687 45821 4476 4295.4 0 0
2.248e+05 1.4083 0.20347 1.4104 -1.2457 0.3668 0 360.94 -18.477 0.4485 0.017683 45821 4477 4296.2 0 0
2.249e+05 1.4267 0.20407 1.4396 -1.3646 0.35215 0 411.94 -20.299 0.44736 0.017683 45821 4477 4297 0 0
2.25e+05 1.4262 0.22161 1.3837 -1.2899 0.34534 0 372.28 -16.817 0.44621 0.017675 45821 4479 4297.8 0 0
2.251e+05 1.458 0.22488 1.4404 -1.2349 0.30742 0 366.99 -20.645 0.44507 0.017671 45821 4480 4298.7 0 0
2.252e+05 1.48 0.21628 1.5373 -0.96638 0.3473 0 364.77 -25.224 0.44392 0.017675 45821 4479 4299.6 0 0
2.253e+05 1.4856 0.22725 1.5612 -1.3621 0.35322 0 390.39 -24.594 0.44278 0.017675 45821 4479 4300.4 0 0
2.254e+05 1.4547 0.26083 1.4734 -1.1322 0.3546 0 380.07 -16.418 0.44163 0.017675 45821 4479 4301.3 0 0
2.255e+05 1.4314 0.18578 1.4465 -1.0302 0.3448 0 397.47 -25.206 0.44049 0.017671 45821 4480 4302.1 0 0
2.256e+05 1.4464 0.24127 1.469 -0.97488 0.36417 0 389.88 -16.701 0.43935 0.017671 45821 4480 4302.9 0 0
2.257e+05 1.486 0.24807 1.4809 -1.3057 0.36143 0 400.56 -22.484 0.43821 0.017667 45821 4481 4303.7 0 0
2.258e+05 1.4222 0.22516 1.5494 -1.2947 0.33551 0 399.03 -15.604 0.43707 0.017659 45821 4483 4304.5 0 0
2.259e+05 1.3908 0.26417 1.5057 -1.4022 0.38392 0 386.41 -5.2359 0.43593 0.017652 45821 4485 4305.2 0 0
2.26e+05 1.4773 0.27494 1.5198 -1.3474 0.35391 0 371.9 -17.373 0.43479 0.017655 45821 4484 4306 0 0
2.261e+05 1.4465 0.21438 1.446 -0.9848 0.34607 0 392.11 -20.643 0.43365 0.017659 45821 4483 4306.8 0 0
2.262e+05 1.4278 0.24666 1.4519 -1.2881 0.34213 0 373.32 -13.535 0.43251 0.017663 45821 4482 4307.6 0 0
2.263e+05 1.3978 0.25556 1.523 -1.5058 0.33797 0 384.9 -7.4345 0.43138 0.017663 45821 4482 4308.4 0 0
2.264e+05 1.4855 0.26382 1.5145 -1.2808 0.38822 0 384.34 -19.974 0.43024 0.017663 45821 4482 4309.1 0 0
2.265e+05 1.4188 0.22101 1.5299 -1.1137 0.37525 0 360.71 -15.781 0.4291 0.017652 45821 4485 4310 0 0
2.266e+05 1.4059 0.21977 1.3656 -1.3942 0.3438 0 370.42 -14.567 0.42797 0.017659 45821 4483 4310.7 0 0
2.267e+05 1.442 0.19542 1.4301 -1.1679 0.3893 0 384.9 -24.165 0.42683 0.017648 45821 4486 4311.4 0 0
2.268e+05 1.467 0.21295 1.4915 -1.23 0.33729 0 362.92 -23.565 0.4257 0.017654 45822 4484 4312.3 0 0
2.269e+05 1.3682 0.20021 1.3567 -1.2128 0.30854 0 404.82 -15.589 0.42456 0.017658 45822 4483 4313 0 0
2.27e+05 1.4221 0.24888 1.4177 -1.2165 0.33046 0 370.75 -12.028 0.42343 0.017631 45822 4490 4313.8 0 0
2.271e+05 1.49 0.17242 1.4202 -0.89957 0.32597 0 382.73 -37.568 0.42229 0.017635 45822 4489 4314.6 0 0
2.272e+05 1.4232 0.19817 1.3989 -1.3292 0.35779 0 377.29 -20.807 0.42116 0.017635 45822 4489 4315.4 0 0
2.273e+05 1.4312 0.20217 1.5108 -1.0177 0.36571 0 379.56 -21.109 0.42002 0.017643 45822 4487 4316.3 0 0
2.274e+05 1.4366 0.20635 1.4727 -1.3727 0.36209 0 361.27 -20.678 0.41889 0.017643 45822 4487 4317.2 0 0
2.275e+05 1.4009 0.19363 1.4918 -1.1764 0.3645 0 372.39 -19.989 0.41776 0.01765 45822 4485 4318 0 0
2.276e+05 1.4896 0.18391 1.4139 -1.2607 0.35082 0 368.79 -34.321 0.41663 0.017639 45822 4488 4318.9 0 0
2.277e+05 1.5079 0.21774 1.5194 -1.2093 0.39682 0 363.84 -31.755 0.41549 0.017635 45822 4489 4319.9 3.1 0
2.278e+05 1.4179 0.2206 1.4035 -1.0389 0.369 0 385.46 -15.527 0.41436 0.017619 45822 4493 4320.8 0 0
2.279e+05 1.4222 0.17617 1.4547 -1.278 0.36534 0 363.23 -27.066 0.41323 0.017611 45822 4495 4321.8 0 0
2.28e+05 1.4495 0.21419 1.4582 -1.3937 0.36197 0 385.46 -20.661 0.4121 0.017607 45822 4496 4322.6 0 0
2.281e+05 1.4866 0.21358 1.4849 -1.2317 0.37822 0 386.04 -26.369 0.41097 0.017603 45822 4497 4323.5 0 0
2.282e+05 1.5094 0.23649 1.5233 -1.3336 0.33065 0 391.22 -29.926 0.40984 0.017603 45822 4497 4324.3 4.4481 0
2.283e+05 1.5148 0.24346 1.4587 -1.3425 0.36551 0 396.3 -33.722 0.40871 0.017595 45822 4499 4325.2 10.939 0
2.284e+05 1.3774 0.20467 1.3451 -1.1986 0.41105 0 369.26 -14.98 0.40758 0.017615 45822 4494 4326.1 0 0
2.285e+05 1.4489 0.24178 1.4574 -1.08 0.32607 0 380.46 -16.624 0.40646 0.017619 45822 4493 4326.8 0 0
2.286e+05 1.4084 0.23067 1.3837 -1.1486 0.31297 0 379.7 -12.79 0.40534 0.017611 45822 4495 4327.6 0 0
2.287e+05 1.4248 0.21705 1.4187 -0.9875 0.32769 0 365.71 -16.719 0.40421 0.017607 45822 4496 4328.4 0 0
2.288e+05 1.512 0.21494 1.4359 -1.2507 0.37456 0 395.1 -34.823 0.40308 0.017607 45822 4496 4329.3 7.2548 0
2.289e+05 1.4913 0.21804 1.5348 -1.4453 0.33511 0 365.24 -26.075 0.40196 0.017599 45822 4498 4330.1 0 0
2.29e+05 1.4911 0.23567 1.4529 -1.2025 0.31838 0 342.05 -24.002 0.40083 0.017603 45822 4497 4331 0 0
2.291e+05 1.4981 0.24822 1.4841 -1.4823 0.3626 0 368.82 -24.223 0.39971 0.017599 45822 4498 4332 0 0
2.292e+05 1.4468 0.19609 1.4622 -1.5455 0.32984 0 391.63 -24.301 0.39858 0.017595 45822 4499 4332.9 0 0
2.293e+05 1.4005 0.18704 1.4471 -1.2047 0.34241 0 374.84 -21.987 0.39746 0.017592 45822 4500 4333.8 0 0
2.294e+05 1.4851 0.22484 1.5259 -1.2007 0.34264 0 381.09 -23.908 0.39633 0.017588 45822 4501 4334.7 0 0
2.295e+05 1.4977 0.21044 1.4588 -1.1 0.36504 0 382.4 -28.68 0.39521 0.017588 45822 4501 4335.7 0 0
2.296e+05 1.4912 0.19427 1.442 -0.99583 0.36971 0 396.28 -31.51 0.39409 0.017584 45822 4502 4336.7 0 0
2.297e+05 1.3591 0.22323 1.4586 -1.0641 0.34712 0 402.57 -8.8202 0.39297 0.017588 45822 4501 4337.6 0 0
2.298e+05 1.3716 0.2154 1.3813 -1.0999 0.34945 0 374.86 -11.752 0.39185 0.017591 45822 4500 4338.3 0 0
2.299e+05 1.3948 0.20755 1.4384 -1.2928 0.42432 0 355.87 -15.603 0.39073 0.017584 45823 4502 4339.1 0 0
2.3e+05 1.4662 0.24103 1.3848 -1.284 0.35557 0 396.81 -19.045 0.38961 0.01758 45823 4503 4339.9 0 0
2.301e+05 1.4964 0.21716 1.4311 -1.3111 0.34696 0 374.95 -26.851 0.38849 0.017584 45823 4502 4340.8 0 0
2.302e+05 1.4853 0.17493 1.294 -1.1669 0.38333 0 357.15 -35.638 0.38737 0.01758 45823 4503 4341.7 0 0
2.303e+05 1.4628 0.219 1.4882 -1.6203 0.35787 0 386.33 -21.195 0.38625 0.017576 45823 4504 4342.6 0 0
2.304e+05 1.4507 0.18823 1.4328 -1.1003 0.33631 0 398.79 -26.619 0.38514 0.01758 45823 4503 4343.6 0 0
2.305e+05 1.4542 0.17098 1.4437 -1.3937 0.32528 0 391.04 -32.228 0.38402 0.017588 45823 4501 4344.6 0 0
2.306e+05 1.4945 0.16189 1.4229 -1.2797 0.34445 0 409.85 -41.652 0.3829 0.017596 45823 4499 4345.6 0 0
2.307e+05 1.4835 0.19724 1.3497 -1.0652 0.35726 0 397.99 -29.118 0.38178 0.017592 45823 4500 4346.5 0 0
2.308e+05 1.4061 0.16511 1.4022 -1.3073 0.38382 0 389.79 -29.144 0.38066 0.017588 45823 4501 4347.6 0 0
2.309e+05 1.3883 0.15875 1.486 -1.1857 0.35152 0 365.27 -30.036 0.37955 0.017584 45823 4502 4348.7 0 0
2.31e+05 1.4523 0.14294 1.4275 -1.2011 0.3499 0 388.7 -41.009 0.37843 0.017568 45823 4506 4349.9 0 0
2.311e+05 1.4152 0.17766 1.4524 -1.153 0.32056 0 394.06 -25.668 0.37732 0.017568 45823 4506 4350.9 0 0
2.312e+05 1.5029 0.17826 1.4658 -1.1768 0.32334 0 397.63 -38.284 0.3762 0.017564 45823 4507 4352 0.41243 0
2.313e+05 1.4412 0.16561 1.4183 -1.123 0.3448 0 379.15 -31.973 0.37509 0.017568 45823 4506 4353 0 0
2.314e+05 1.4676 0.16506 1.3494 -1.127 0.34354 0 387.58 -35.594 0.37397 0.017572 45823 4505 4354 0 0
2.315e+05 1.4547 0.14086 1.3748 -1.0763 0.32943 0 409.23 -41.827 0.37286 0.017568 45823 4506 4355.2 0 0
2.316e+05 1.3965 0.14341 1.1889 -1.0129 0.32634 0 415.6 -34.836 0.37175 0.017576 45823 4504 4356.2 0 0
2.317e+05 1.4098 0.16315 1.3714 -1.3743 0.32363 0 385.54 -29.921 0.37063 0.01758 45823 4503 4357.2 0 0
2.318e+05 1.372 0.16377 1.2685 -1.173 0.30465 0 388.2 -27.659 0.36952 0.01758 45823 4503 4358.2 0 0
2.319e+05 1.3844 0.16351 1.2813 -1.1587 0.33875 0 376.81 -28.167 0.36841 0.017568 45823 4506 4359.2 0 0
2.32e+05 1.3778 0.17864 1.2978 -1.2445 0.35451 0 346.91 -22.878 0.3673 0.017557 45823 4509 4360.2 0 0
2.321e+05 1.4623 0.15394 1.3145 -1.2526 0.34855 0 366.13 -38.453 0.36619 0.017557 45823 4509 4361.3 0 0
2.322e+05 1.4255 0.14244 1.3746 -1.0027 0.34954 0 385.63 -37.779 0.36508 0.017549 45823 4511 4362.4 0 0
2.323e+05 1.4919 0.13645 1.4221 -1.2114 0.35734 0 381.25 -47.565 0.36397 0.017541 45823 4513 4363.6 0 0
2.324e+05 1.4283 0.17458 1.4334 -1.1427 0.34606 0 365.89 -27.718 0.36286 0.017537 45823 4514 4364.8 0 0
2.325e+05 1.4432 0.14932 1.538 -1.2357 0.3533 0 378.52 -37.277 0.36175 0.017541 45823 4513 4365.8 0 0
2.326e+05 1.4185 0.14586 1.4843 -1.2789 0.35285 0 373.56 -36.038 0.36064 0.017537 45823 4514 4366.7 0 0
2.327e+05 1.4316 0.16806 1.4164 -1.1432 0.37805 0 404.6 -29.656 0.35953 0.017537 45823 4514 4367.7 0 0
2.328e+05 1.4283 0.19871 1.4414 -1.0229 0.33208 0 353.37 -21.15 0.35843 0.017533 45823 4515 4368.7 0 0
2.329e+05 1.4757 0.19511 1.4882 -1.237 0.37246 0 383.84 -28.225 0.35732 0.017525 45823 4517 4369.6 0 0
2.33e+05 1.5062 0.19469 1.4987 -1.457 0.34387 0 389.72 -35.153 0.35621 0.017537 45823 4514 4370.6 1.9072 0
2.331e+05 1.4507 0.20023 1.4683 -1.2679 0.30393 0 369.23 -23.283 0.35511 0.017541 45823 4513 4371.6 0 0
2.332e+05 1.4661 0.14807 1.4961 -1.1474 0.30567 0 362.33 -40.555 0.354 0.017533 45823 4515 4372.7 0 0
2.333e+05 1.4472 0.16552 1.3099 -1.1069 0.32022 0 375.81 -32.427 0.3529 0.017541 45823 4513 4373.8 0 0
2.334e+05 1.4796 0.16403 1.4316 -1.2357 0.3458 0 377.93 -37.309 0.35179 0.017541 45823 4513 4375 0 0
2.335e+05 1.4768 0.19849 1.4041 -1.3413 0.3445 0 401.08 -27.472 0.35069 0.017525 45823 4517 4376.2 0 0
2.336e+05 1.4855 0.19072 1.4573 -1.1427 0.35621 0 376.73 -30.821 0.34958 0.017522 45823 4518 4377.2 0 0
2.337e+05 1.4785 0.17446 1.4919 -1.3952 0.36375 0 369.24 -34.053 0.34848 0.017525 45823 4517 4378.3 0 0
2.338e+05 1.5025 0.16801 1.4705 -1.2048 0.34656 0 405.85 -40.746 0.34738 0.017522 45823 4518 4379.3 0.30544 0
2.339e+05 1.4495 0.20669 1.4533 -1.1366 0.31714 0 406.06 -21.615 0.34628 0.017529 45823 4516 4380.3 0 0
2.34e+05 1.4301 0.1814 1.5115 -1.2965 0.33994 0 401.61 -25.708 0.34517 0.017525 45823 4517 4381.2 0 0
2.341e+05 1.3921 0.1967 1.5053 -1.2167 0.35078 0 372.42 -18.062 0.34407 0.017506 45823 4522 4382.1 0 0
2.342e+05 1.4658 0.20836 1.4741 -1.1185 0.35428 0 402.43 -23.424 0.34297 0.017491 45823 4526 4383 0 0
2.343e+05 1.4857 0.20451 1.4241 -1.1005 0.35438 0 393.84 -27.779 0.34187 0.017491 45823 4526 4384 0 0
2.344e+05 1.4782 0.16393 1.4682 -1.2745 0.34558 0 377.56 -36.839 0.34077 0.017479 45823 4529 4385 0 0
2.345e+05 1.4592 0.18198 1.4339 -1.2867 0.36237 0 385.7 -28.982 0.33967 0.017487 45823 4527 4386 0 0
2.346e+05 1.4773 0.19672 1.4894 -1.098 0.33442 0 418.31 -27.742 0.33857 0.017475 45823 4530 4386.9 0 0
2.347e+05 1.49 0.19338 1.5471 -1.3005 0.36013 0 418.83 -30.759 0.33748 0.017475 45823 4530 4387.9 0 0
2.348e+05 1.4531 0.19286 1.4564 -1.1141 0.3477 0 407.35 -25.034 0.33638 0.017479 45823 4529 4389 0 0
2.349e+05 1.4765 0.19455 1.4359 -1.155 0.33943 0 394.2 -28.031 0.33528 0.017471 45823 4531 4390 0 0
2.35e+05 1.4454 0.15427 1.3409 -1.2546 0.34894 0 400.57 -35.349 0.33418 0.017467 45823 4532 4391.1 0 0
2.351e+05 1.4988 0.16035 1.5242 -1.2229 0.36203 0 414.38 -41.512 0.33309 0.017464 45823 4533 4392.2 0 0
2.352e+05 1.4096 0.1688 1.4425 -0.86062 0.35124 0 412.23 -27.496 0.33199 0.01746 45823 4534 4393.4 0 0
2.353e+05 1.4027 0.16995 1.4303 -1.1863 0.32715 0 403.97 -26.794 0.33089 0.017464 45823 4533 4394.5 0 0
2.354e+05 1.4932 0.14836 1.3953 -1.1453 0.33365 0 409.38 -44.618 0.3298 0.017464 45823 4533 4395.5 0 0
2.355e+05 1.4377 0.17755 1.4164 -1.1669 0.34758 0 394.47 -27.174 0.32871 0.01746 45823 4534 4396.5 0 0
2.356e+05 1.4978 0.17018 1.3457 -1.2109 0.34215 0 385.16 -38.042 0.32761 0.017456 45823 4535 4397.6 0 0
2.357e+05 1.5053 0.18771 1.1856 -1.0959 0.34952 0 397.9 -35.601 0.32652 0.017467 45823 4532 4398.7 1.4145 0
2.358e+05 1.4542 0.18061 1.2777 -1.2477 0.32849 0 384.21 -28.257 0.32542 0.017464 45823 4533 4399.8 0 0
2.359e+05 1.436 0.1406 1.1637 -1.1636 0.3427 0 368.55 -38.943 0.32433 0.017467 45823 4532 4400.7 0 0
2.36e+05 1.3706 0.14379 1.1512 -1.1914 0.36719 0 394.12 -32.566 0.32324 0.017464 45823 4533 4401.9 0 0
2.361e+05 1.4078 0.15162 1.2205 -1.2525 0.32255 0 395.19 -32.639 0.32215 0.01746 45823 4534 4402.9 0 0
2.362e+05 1.4299 0.14927 1.2592 -1.094 0.35521 0 411.35 -35.722 0.32105 0.017456 45823 4535 4404.1 0 0
2.363e+05 1.3954 0.15499 1.174 -1.3055 0.40642 0 380.2 -30.936 0.31996 0.01746 45823 4534 4405.1 0 0
2.364e+05 1.386 0.13093 1.1867 -1.1579 0.31486 0 379.18 -36.129 0.31887 0.01746 45823 4534 4406.1 0 0
2.365e+05 1.2376 0.13967 1.1179 -1.2408 0.3498 0 377.51 -34.904 0.31778 0.01746 45823 4534 4407.1 0 0
2.366e+05 1.3817 0.1631 1.1356 -1.3815 0.32394 0 398.44 -27.614 0.31669 0.01746 45823 4534 4408.1 0 0
2.367e+05 1.3095 0.15827 1.0877 -1.0959 0.35092 0 391.63 -27.937 0.31561 0.017464 45823 4533 4409.1 0 0
2.368e+05 1.4531 0.16062 1.214 -1.2176 0.31045 0 383.99 -34.082 0.31452 0.017471 45823 4531 4410.2 0 0
2.369e+05 1.3521 0.15717 1.0939 -1.1457 0.3347 0 387.14 -28.527 0.31343 0.017471 45823 4531 4411.2 0 0
2.37e+05 1.4124 0.1381 1.1398 -1.1776 0.37256 0 394.55 -36.963 0.31234 0.017475 45823 4530 4412.2 0 0
2.371e+05 1.3562 0.1862 1.1587 -1.1906 0.34353 0 357.07 -19.322 0.31125 0.017475 45823 4530 4413.2 0 0
2.372e+05 1.3461 0.17062 1.0915 -1.2585 0.36136 0 366.1 -24.251 0.31017 0.017471 45823 4531 4414.1 0 0
2.373e+05 1.4072 0.1621 1.1632 -1.065 0.36396 0 372.11 -29.161 0.30908 0.017467 45823 4532 4415.1 0 0
2.374e+05 1.3074 0.16026 1.1612 -1.1656 0.3769 0 371.69 -27.181 0.30799 0.017471 45823 4531 4416.1 0 0
2.375e+05 1.4505 0.13725 1.4607 -1.2344 0.34695 0 388.92 -41.498 0.30691 0.017475 45823 4530 4417 0 0
2.376e+05 1.3989 0.15013 1.458 -1.2957 0.37664 0 386.02 -32.182 0.30582 0.017467 45823 4532 4418.1 0 0
2.377e+05 1.3988 0.15936 1.3521 -1.3382 0.37397 0 382.68 -29.331 0.30474 0.01746 45823 4534 4419.1 0 0
2.378e+05 1.4925 0.14943 1.3665 -1.0761 0.34521 0 398.83 -43.992 0.30366 0.01746 45823 4534 4420.2 0 0
2.379e+05 1.4809 0.16888 1.4088 -1.0805 0.37575 0 400.23 -35.167 0.30257 0.017464 45823 4533 4421.5 0 0
2.38e+05 1.487 0.14722 1.377 -1.188 0.34591 0 371.36 -43.522 0.30149 0.01746 45823 4534 4422.5 0 0
2.381e+05 1.4387 0.14227 1.4949 -1.3068 0.35001 0 386.11 -38.377 0.3004 0.017464 45823 4533 4423.7 0 0
2.382e+05 1.4304 0.15344 1.3832 -1.177 0.32949 0 406.88 -33.784 0.29932 0.017464 45823 4533 4424.8 0 0
2.383e+05 1.4792 0.13859 1.5481 -1.2243 0.33434 0 388.84 -44.514 0.29824 0.017452 45823 4536 4426 0 0
2.384e+05 1.3998 0.19476 1.4469 -1.1751 0.36342 0 390.96 -19.173 0.29716 0.017456 45823 4535 4427.2 0 0
2.385e+05 1.4827 0.15834 1.4878 -1.0305 0.30364 0 404.67 -38.921 0.29608 0.01746 45823 4534 4428.3 0 0
2.386e+05 1.3682 0.15319 1.4409 -1.2594 0.31331 0 399.71 -29.487 0.295 0.017456 45823 4535 4429.3 0 0
2.387e+05 1.4505 0.19057 1.4515 -1.2381 0.32119 0 422.76 -25.047 0.29392 0.017456 45823 4535 4430.3 0 0
2.388e+05 1.4929 0.14418 1.4687 -1.0607 0.30877 0 387.77 -45.236 0.29284 0.017464 45823 4533 4431.4 0 0
2.389e+05 1.4928 0.15485 1.4605 -1.1904 0.32685 0 398.21 -41.54 0.29176 0.017464 45823 4533 4432.6 0 0
2.39e+05 1.4946 0.17043 1.4583 -1.134 0.31497 0 402.89 -36.815 0.29068 0.017452 45823 4536 4433.8 0 0
2.391e+05 1.4802 0.22831 1.5368 -1.1545 0.33603 0 390.88 -22.61 0.2896 0.017448 45823 4537 4434.8 0 0
2.392e+05 1.4919 0.15794 1.5824 -1.2051 0.31651 0 404.12 -40.25 0.28852 0.017456 45823 4535 4435.8 0 0
2.393e+05 1.5075 0.16689 1.53 -1.1362 0.32031 0 387.9 -41.9 0.28745 0.017448 45823 4537 4436.8 2.7811 0
2.394e+05 1.4647 0.12816 1.4818 -1.114 0.29679 0 387.3 -45.207 0.28637 0.017456 45823 4535 4438.1 0 0
2.395e+05 1.4956 0.16839 1.451 -1.3401 0.34387 0 377.81 -37.448 0.2853 0.017429 45823 4542 4439.3 0 0
2.396e+05 1.4681 0.13812 1.4452 -1.0271 0.31123 0 394.45 -43.044 0.28422 0.017433 45823 4541 4440.5 0 0
2.397e+05 1.5056 0.13793 1.5292 -1.1884 0.31676 0 373.93 -48.284 0.28314 0.017421 45823 4544 4441.7 1.5741 0
2.398e+05 1.4961 0.20109 1.4368 -1.189 0.33361 0 373.56 -30.106 0.28207 0.01741 45823 4547 4443 0 0
2.399e+05 1.4781 0.23661 1.5428 -1.4006 0.31797 0 388.29 -21.442 0.28099 0.017402 45823 4549 4444 0 0
2.4e+05 1.3596 0.19535 1.4389 -1.1792 0.33059 0 395.32 -16.261 0.27992 0.017425 45823 4543 4444.8 0 0
2.401e+05 1.4441 0.23639 1.4669 -1.111 0.29732 0 383.52 -16.323 0.27885 0.017421 45823 4544 4445.7 0 0
2.402e+05 1.4586 0.24627 1.47 -1.2841 0.36621 0 405.1 -17.616 0.27777 0.017417 45823 4545 4446.5 0 0
2.403e+05 1.4359 0.19204 1.3491 -1.0667 0.33922 0 393.61 -23.049 0.2767 0.017417 45823 4545 4447.3 0 0
2.404e+05 1.334 0.17849 1.3982 -1.3687 0.34186 0 398.52 -21.049 0.27563 0.017417 45823 4545 4448.1 0 0
2.405e+05 1.3633 0.18954 1.3263 -1.3049 0.36096 0 422.54 -18.179 0.27456 0.017429 45823 4542 4448.9 0 0
2.406e+05 1.3586 0.17997 1.3213 -1.3884 0.36211 0 401.97 -21.121 0.27349 0.017429 45823 4542 4449.8 0 0
2.407e+05 1.419 0.17219 1.3448 -1.327 0.36627 0 395.44 -26.553 0.27242 0.017421 45823 4544 4450.6 0 0
2.408e+05 1.3516 0.21647 1.2798 -1.3879 0.37936 0 370.01 -9.8077 0.27135 0.017421 45823 4544 4451.5 0 0
2.409e+05 1.3229 0.16441 1.2652 -1.1296 0.35084 0 395.6 -25.852 0.27028 0.017414 45823 4546 4452.3 0 0
2.41e+05 1.3456 0.18139 1.2886 -1.3462 0.32614 0 385.47 -20.357 0.26921 0.017417 45823 4545 4453.2 0 0
2.411e+05 1.359 0.18416 1.33 -1.226 0.33192 0 398.85 -19.665 0.26814 0.017444 45823 4538 4454 0 0
2.412e+05 1.3542 0.16491 1.4668 -1.2852 0.31265 0 409.56 -25.76 0.26708 0.017444 45823 4538 4454.8 0 0
2.413e+05 1.3894 0.20809 1.4413 -1.2287 0.34631 0 405.61 -14.841 0.26601 0.017448 45823 4537 4455.6 0 0
2.414e+05 1.369 0.19693 1.3007 -1.1398 0.31896 0 407.08 -16.15 0.26494 0.01744 45823 4539 4456.4 0 0
2.415e+05 1.4253 0.19486 1.3181 -1.0994 0.37363 0 371.47 -21.154 0.26388 0.01744 45823 4539 4457.2 0 0
2.416e+05 1.3679 0.20914 1.2991 -1.4371 0.33033 0 389.18 -12.695 0.26281 0.017448 45823 4537 4457.9 0 0
2.417e+05 1.335 0.20705 1.304 -1.2411 0.35602 0 387.93 -11.616 0.26175 0.017437 45823 4540 4458.6 0 0
2.418e+05 1.3442 0.19054 1.343 -1.4617 0.36273 0 404.34 -16.857 0.26068 0.017437 45824 4540 4459.3 0 0
2.419e+05 1.4307 0.18335 1.3068 -1.2169 0.32712 0 393.15 -24.572 0.25962 0.017421 45824 4544 4460.2 0 0
2.42e+05 1.3393 0.17373 1.2856 -1.2119 0.34612 0 392.81 -22.271 0.25856 0.017425 45824 4543 4460.9 0 0
2.421e+05 1.3986 0.18514 1.493 -1.2552 0.3902 0 393.38 -21.5 0.25749 0.017421 45824 4544 4461.7 0 0
2.422e+05 1.4363 0.20205 1.4797 -1.2831 0.34513 0 369.96 -20.839 0.25643 0.017417 45824 4545 4462.5 0 0
2.423e+05 1.4758 0.17703 1.4901 -1.304 0.35714 0 383 -31.814 0.25537 0.017417 45824 4545 4463.4 0 0
2.424e+05 1.3833 0.20114 1.445 -1.1678 0.33622 0 405.27 -15.784 0.2543 0.017417 45824 4545 4464.4 0 0
2.425e+05 1.4452 0.21104 1.5271 -1.1957 0.38262 0 383.69 -19.974 0.25324 0.017421 45824 4544 4465.3 0 0
2.426e+05 1.4887 0.20836 1.4046 -1.3675 0.36056 0 381.59 -26.772 0.25218 0.017414 45824 4546 4466.2 0 0
2.427e+05 1.447 0.20683 1.492 -1.249 0.36963 0 397.16 -20.79 0.25111 0.01741 45824 4547 4467 0 0
2.428e+05 1.3987 0.18974 1.4555 -1.2097 0.34419 0 385.05 -20.096 0.25005 0.017406 45824 4548 4467.8 0 0
2.429e+05 1.4208 0.21444 1.4599 -1.1981 0.31527 0 393.27 -16.358 0.24899 0.017414 45824 4546 4468.7 0 0
2.43e+05 1.4802 0.22725 1.4742 -1.2146 0.31159 0 391.34 -22.477 0.24793 0.017414 45824 4546 4469.6 0 0
2.431e+05 1.4405 0.24477 1.4791 -1.0983 0.30383 0 394.34 -15.11 0.24687 0.01741 45824 4547 4470.4 0 0
2.432e+05 1.4644 0.25602 1.4786 -1.3345 0.33819 0 405.32 -17.819 0.24581 0.017417 45824 4545 4471.3 0 0
2.433e+05 1.5023 0.22095 1.5423 -1.4317 0.33896 0 383.8 -27.516 0.24475 0.017421 45824 4544 4472.2 0.25428 0
2.434e+05 1.4481 0.2725 1.5258 -1.2731 0.34443 0 388.04 -14.103 0.24369 0.017425 45824 4543 4473 0 0
2.435e+05 1.4765 0.20763 1.4706 -1.3191 0.34475 0 405.55 -24.732 0.24263 0.017425 45824 4543 4473.8 0 0
2.436e+05 1.4259 0.24209 1.5296 -1.3436 0.36056 0 410.42 -13.287 0.24158 0.017421 45824 4544 4474.6 0 0
2.437e+05 1.4096 0.1955 1.3459 -1.1999 0.31135 0 417.78 -19.437 0.24052 0.017429 45824 4542 4475.4 0 0
2.438e+05 1.3604 0.20725 1.279 -1.3504 0.32639 0 393.71 -12.546 0.23947 0.017425 45824 4543 4476.2 0 0
2.439e+05 1.3937 0.22368 1.4834 -1.2245 0.3317 0 406.69 -11.912 0.23841 0.017413 45824 4546 4476.9 0 0
2.44e+05 1.4226 0.20505 1.5416 -1.395 0.30328 0 395.46 -18.186 0.23737 0.017417 45824 4545 4477.6 0 0
2.441e+05 1.365 0.23305 1.5012 -1.2192 0.32625 0 397.71 -6.8104 0.23631 0.017421 45825 4544 4478.4 0 0
2.442e+05 1.3958 0.24055 1.5045 -1.3693 0.30797 0 397.76 -9.3723 0.23526 0.017425 45825 4543 4479.1 0 0
2.443e+05 1.3442 0.20836 1.4357 -1.2343 0.33096 0 381.66 -11.476 0.23422 0.017429 45825 4542 4479.8 0 0
2.444e+05 1.3409 0.20338 1.4191 -1.0919 0.30274 0 397.21 -12.943 0.23317 0.017421 45825 4544 4480.6 0 0
2.445e+05 1.3094 0.2226 1.4569 -1.0184 0.29816 0 397.74 -5.3576 0.23212 0.01741 45826 4547 4481.3 0 0
2.446e+05 1.382 0.18421 1.4186 -1.0956 0.30828 0 401.68 -20.425 0.23107 0.017402 45826 4549 4482.1 0 0
2.447e+05 1.4338 0.21447 1.4226 -1.1612 0.31817 0 396.56 -17.586 0.23001 0.017406 45826 4548 4482.9 0 0
2.448e+05 1.4418 0.23419 1.4634 -1.1297 0.346 0 416.53 -15.962 0.22896 0.01741 45826 4547 4483.7 0 0
2.449e+05 1.3943 0.19099 1.4322 -1.1865 0.3399 0 396.54 -19.124 0.22791 0.01741 45826 4547 4484.5 0 0
2.45e+05 1.4144 0.22356 1.5251 -1.4369 0.38292 0 382.3 -14.08 0.22686 0.01741 45826 4547 4485.3 0 0
2.451e+05 1.399 0.19101 1.4178 -1.3414 0.3355 0 407.49 -19.488 0.22581 0.017406 45826 4548 4486.1 0 0
2.452e+05 1.3371 0.22112 1.469 -1.2358 0.32749 0 413.73 -7.2844 0.22476 0.017386 45826 4553 4486.8 0 0
2.453e+05 1.393 0.23725 1.4648 -1.4264 0.34534 0 396.07 -9.4518 0.22371 0.017375 45826 4556 4487.5 0 0
2.454e+05 1.3867 0.18834 1.4567 -1.2461 0.31939 0 419.89 -19.431 0.22266 0.017367 45826 4558 4488.3 0 0
2.455e+05 1.3762 0.19878 1.4469 -1.258 0.32362 0 369.9 -15.777 0.22161 0.01736 45826 4560 4489.1 0 0
2.456e+05 1.4613 0.19133 1.5633 -1.2467 0.2995 0 381.09 -25.926 0.22057 0.01736 45826 4560 4490 0 0
2.457e+05 1.4161 0.1857 1.4898 -1.1637 0.29793 0 386.68 -22.251 0.21952 0.017341 45826 4565 4490.9 0 0
2.458e+05 1.4053 0.23714 1.4644 -1.0305 0.30456 0 402.6 -10.914 0.21847 0.017322 45826 4570 4491.7 0 0
2.459e+05 1.4399 0.17904 1.4933 -1.319 0.31802 0 392.8 -26.221 0.21743 0.017295 45826 4577 4492.4 0 0
2.46e+05 1.4687 0.20681 1.452 -1.1516 0.33144 0 383.99 -23.335 0.21638 0.017269 45826 4584 4493.2 0 0
2.461e+05 1.4367 0.22933 1.4792 -1.2253 0.31748 0 384.91 -15.512 0.21533 0.017254 45826 4588 4494 0 0
2.462e+05 1.5044 0.1893 1.4798 -1.2573 0.30584 0 424.03 -34.073 0.21429 0.017242 45826 4591 4494.9 0.95139 0
2.463e+05 1.4603 0.187 1.5118 -1.1688 0.31364 0 372.13 -26.728 0.21324 0.017227 45826 4595 4495.9 0 0
2.464e+05 1.485 0.19881 1.4273 -1.0505 0.31358 0 381.03 -27.735 0.21219 0.017212 45826 4599 4496.8 0 0
2.465e+05 1.3996 0.18982 1.3756 -0.95885 0.31928 0 400.38 -19.718 0.21115 0.017209 45826 4600 4497.7 0 0
2.466e+05 1.4214 0.22447 1.3737 -1.1579 0.33369 0 389.97 -14.431 0.2101 0.017201 45826 4602 4498.5 0 0
2.467e+05 1.3825 0.23314 1.4504 -1.2199 0.32333 0 401.77 -8.9176 0.20906 0.017198 45827 4603 4499.2 0 0
2.468e+05 1.4423 0.22438 1.5658 -1.0637 0.30863 0 393.13 -16.769 0.20802 0.017186 45827 4606 4499.9 0 0
2.469e+05 1.4677 0.24632 1.5141 -1.3183 0.28692 0 386.42 -18.773 0.20698 0.017172 45827 4610 4500.7 0 0
2.47e+05 1.5021 0.24313 1.5186 -1.0525 0.31808 0 411.82 -25.1 0.20594 0.017168 45827 4611 4501.7 0.21493 0
2.471e+05 1.4366 0.1553 1.4937 -1.1664 0.32103 0 388.57 -33.385 0.20489 0.017149 45827 4616 4502.7 0 0
2.472e+05 1.4852 0.22177 1.6052 -1.1907 0.29358 0 369.11 -23.28 0.20385 0.017131 45827 4621 4503.8 0 0
2.473e+05 1.4751 0.20136 1.5563 -1.0748 0.29162 0 363.17 -25.397 0.20281 0.017135 45827 4620 4504.7 0 0
2.474e+05 1.3748 0.20049 1.4537 -1.2539 0.31178 0 378.91 -14.915 0.20177 0.017116 45827 4625 4505.6 0 0
2.475e+05 1.4031 0.19265 1.5494 -1.2496 0.30829 0 379.34 -19.231 0.20072 0.01712 45827 4624 4506.5 0 0
2.476e+05 1.4754 0.17154 1.5277 -1.3798 0.31391 0 377.94 -32.889 0.19968 0.017112 45827 4626 4507.4 0 0
2.477e+05 1.3039 0.16112 1.3328 -1.0589 0.31304 0 386.97 -26.241 0.19864 0.017109 45827 4627 4508.5 0 0
2.478e+05 1.432 0.15197 1.4353 -1.1747 0.31269 0 396.91 -33.98 0.1976 0.017098 45827 4630 4509.5 0 0
2.479e+05 1.4064 0.15824 1.4047 -1.1172 0.30866 0 383.06 -29.808 0.19656 0.017083 45827 4634 4510.5 0 0
2.48e+05 1.3358 0.18125 1.3197 -1.1033 0.29941 0 390.08 -19.551 0.19552 0.017072 45827 4637 4511.5 0 0
2.481e+05 1.4425 0.14594 1.4095 -1.3152 0.3183 0 405.14 -37.219 0.19448 0.017057 45827 4641 4512.5 0 0
2.482e+05 1.4162 0.12004 1.3449 -1.0854 0.31901 0 370.8 -41.767 0.19345 0.017064 45827 4639 4513.5 0 0
2.483e+05 1.4818 0.14882 1.5157 -0.91908 0.3348 0 393.81 -41.089 0.19241 0.017064 45827 4639 4514.6 0 0
2.484e+05 1.4539 0.15301 1.4834 -0.89066 0.34812 0 409.41 -35.849 0.19137 0.017057 45827 4641 4515.7 0 0
2.485e+05 1.4497 0.20012 1.3387 -1.2451 0.33744 0 407.76 -21.806 0.19033 0.017061 45827 4640 4516.9 0 0
2.486e+05 1.4366 0.18146 1.3753 -0.97729 0.35146 0 394.74 -24.832 0.1893 0.017072 45827 4637 4517.8 0 0
2.487e+05 1.424 0.1625 1.4549 -1.1912 0.33095 0 414.22 -29.469 0.18826 0.017075 45827 4636 4518.7 0 0
2.488e+05 1.5062 0.19681 1.4943 -1.051 0.3355 0 396.3 -33.125 0.18722 0.017068 45827 4638 4519.6 1.9332 0
2.489e+05 1.4977 0.2093 1.5642 -1.1544 0.36048 0 414.79 -27.523 0.18619 0.017068 45827 4638 4520.6 0 0
2.49e+05 1.4788 0.2138 1.4722 -1.119 0.38081 0 394.84 -23.195 0.18515 0.017068 45827 4638 4521.5 0 0
2.491e+05 1.3968 0.15857 1.3458 -1.077 0.34306 0 391.42 -28.851 0.18412 0.017068 45827 4638 4522.4 0 0
2.492e+05 1.4903 0.20702 1.352 -1.2901 0.36027 0 395.41 -26.656 0.18308 0.017075 45827 4636 4523.3 0 0
2.493e+05 1.4792 0.23906 1.54 -1.2222 0.35922 0 373.39 -20.992 0.18205 0.017075 45827 4636 4524.3 0 0
2.494e+05 1.4743 0.24827 1.5581 -1.4608 0.33905 0 377.83 -19.783 0.18102 0.017064 45827 4639 4525.2 0 0
2.495e+05 1.4978 0.20148 1.3365 -1.0537 0.36092 0 392.43 -29.234 0.17998 0.017072 45827 4637 4526.1 0 0
2.496e+05 1.4063 0.17282 1.3637 -1.0915 0.35866 0 391.46 -24.907 0.17895 0.017068 45827 4638 4527 0 0
2.497e+05 1.4491 0.2583 1.4004 -1.113 0.34816 0 363.63 -15.393 0.17792 0.017064 45827 4639 4527.8 0 0
2.498e+05 1.4631 0.24197 1.4247 -1.3998 0.33991 0 379.58 -18.117 0.17689 0.017061 45827 4640 4528.6 0 0
2.499e+05 1.4075 0.30026 1.4151 -1.4249 0.3861 0 370.87 -4.8308 0.17586 0.017064 45827 4639 4529.4 0 0
2.5e+05 1.4468 0.26028 1.5097 -1.236 0.3154 0 382.92 -14.692 0.17483 0.017064 45827 4639 4530.1 0 0
2.501e+05 1.4467 0.25575 1.4631 -1.4854 0.34348 0 396.33 -15.059 0.1738 0.017068 45827 4638 4530.9 0 0
2.502e+05 1.437 0.27638 1.5255 -1.3849 0.38203 0 396.37 -11.997 0.17278 0.017064 45827 4639 4531.7 0 0
2.503e+05 1.4613 0.25236 1.5675 -1.246 0.34493 0 422.03 -17.277 0.17175 0.017057 45827 4641 4532.5 0 0
2.504e+05 1.4882 0.23194 1.6188 -1.2328 0.33919 0 395.26 -22.808 0.17072 0.017046 45828 4644 4533.3 0 0
2.505e+05 1.4327 0.25584 1.4808 -1.2813 0.33485 0 400.36 -12.586 0.16969 0.017028 45828 4649 4534.1 0 0
2.506e+05 1.4538 0.26441 1.4924 -1.4164 0.34218 0 395.73 -15.213 0.16866 0.017013 45828 4653 4534.9 0 0
2.507e+05 1.4337 0.24086 1.3195 -1.0617 0.36027 0 389.77 -14.024 0.16764 0.017009 45828 4654 4535.6 0 0
2.508e+05 1.4375 0.2668 1.5036 -1.0688 0.31754 0 369.93 -12.59 0.16662 0.017002 45828 4656 4536.3 0 0
2.509e+05 1.4438 0.2415 1.4684 -1.3658 0.30732 0 386.74 -15.192 0.1656 0.017002 45828 4656 4537 0 0
2.51e+05 1.3785 0.255 1.3032 -1.3512 0.39189 0 378.77 -4.3729 0.16458 0.017006 45828 4655 4537.7 0 0
2.511e+05 1.315 0.24139 1.3173 -1.4616 0.38874 0 376.67 -0.62893 0.16357 0.016995 45829 4658 4538.4 0 0
2.512e+05 1.3814 0.22424 1.3488 -1.1703 0.35921 0 374.67 -10.348 0.16256 0.01698 45830 4662 4539.1 0 0
2.513e+05 1.4428 0.23018 1.3031 -1.2129 0.36622 0 378.91 -16.002 0.16155 0.016962 45830 4667 4539.8 0 0
2.514e+05 1.4017 0.22765 1.3086 -1.1967 0.32373 0 406.89 -11.44 0.16052 0.016926 45830 4677 4540.5 0 0
2.515e+05 1.4225 0.27073 1.4826 -1.3951 0.34865 0 398.1 -9.9063 0.1595 0.016915 45830 4680 4541.2 0 0
2.516e+05 1.4115 0.23997 1.486 -1.1234 0.33307 0 393.44 -10.994 0.15848 0.016915 45830 4680 4542 0 0
2.517e+05 1.3896 0.26096 1.4853 -1.3495 0.33338 0 430.67 -5.1883 0.15748 0.016908 45831 4682 4542.7 0 0
2.518e+05 1.3532 0.23474 1.4262 -1.2139 0.35645 0 426.3 -4.9863 0.15647 0.016908 45832 4682 4543.4 0 0
2.519e+05 1.427 0.21935 1.5029 -1.2358 0.35997 0 398.68 -15.218 0.15547 0.016908 45833 4682 4544.1 0 0
2.52e+05 1.3874 0.2376 1.4112 -1.2963 0.34954 0 398.39 -8.422 0.15446 0.016901 45833 4684 4544.8 0 0
2.521e+05 1.3874 0.24111 1.4166 -1.0678 0.35489 0 391.23 -7.7506 0.15346 0.016901 45834 4684 4545.4 0 0
2.522e+05 1.4698 0.24716 1.517 -1.4975 0.37295 0 384.34 -18.695 0.15245 0.016905 45834 4683 4546.1 0 0
2.523e+05 1.4253 0.24383 1.5194 -1.3445 0.34347 0 383.82 -12.357 0.15144 0.016911 45835 4681 4546.8 0 0
2.524e+05 1.3465 0.26492 1.3038 -1.1315 0.3247 0 382.7 1.3455 0.15046 0.016911 45836 4681 4547.5 0 0
2.525e+05 1.4064 0.20985 1.3112 -1.1202 0.35506 0 399.19 -15.085 0.14948 0.016908 45837 4682 4548.2 0 0
2.526e+05 1.4895 0.25424 1.3561 -1.283 0.35737 0 370.72 -21.457 0.1485 0.016915 45839 4680 4548.9 0 0
2.527e+05 1.3467 0.26445 1.4007 -1.4078 0.33276 0 401.92 1.2679 0.1475 0.016901 45839 4684 4549.6 0 0
2.528e+05 1.4633 0.23354 1.4543 -1.3644 0.36511 0 404.09 -18.351 0.14649 0.016897 45839 4685 4550.4 0 0
2.529e+05 1.4766 0.24957 1.5017 -1.0731 0.36035 0 401.62 -19.569 0.14547 0.016894 45840 4686 4551.2 0 0
2.53e+05 1.471 0.26739 1.546 -1.4048 0.38229 0 393.15 -17.237 0.14445 0.016883 45840 4689 4552 0 0
2.531e+05 1.494 0.21043 1.4914 -1.3625 0.34135 0 378.69 -26.301 0.14344 0.016883 45840 4689 4552.8 0 0
2.532e+05 1.4379 0.24684 1.5442 -1.3713 0.35741 0 395.39 -13.73 0.14243 0.016883 45840 4689 4553.5 0 0
2.533e+05 1.3894 0.24995 1.48 -1.0455 0.33259 0 377.61 -6.2942 0.14143 0.016879 45841 4691 4554.2 0 0
2.534e+05 1.4842 0.23166 1.5573 -1.369 0.3502 0 380.13 -21.913 0.14043 0.016876 45841 4692 4555 0 0
2.535e+05 1.5011 0.22987 1.579 -1.0407 0.37424 0 414.61 -25.455 0.13941 0.016873 45841 4693 4555.8 0.060637 0
2.536e+05 1.3478 0.24786 1.2659 -1.2612 0.36613 0 392.58 -1.6551 0.13844 0.016866 45843 4695 4556.6 0 0
2.537e+05 1.4033 0.2607 1.3369 -1.0965 0.35474 0 390.39 -7.0937 0.13747 0.016865 45844 4695 4557.2 0 0
2.538e+05 1.4724 0.28314 1.3295 -1.3331 0.33765 0 403.57 -14.917 0.13651 0.016848 45846 4699 4557.9 0 0
2.539e+05 1.3981 0.26413 1.417 -1.1974 0.34473 0 388.75 -6.0195 0.13555 0.016848 45848 4699 4558.5 0 0
2.54e+05 1.3588 0.27323 1.3566 -1.4696 0.34198 0 390.71 0.98178 0.13464 0.016844 45851 4700 4559.2 0 0
2.541e+05 1.436 0.26966 1.4249 -1.4035 0.38439 0 412.83 -11.742 0.13375 0.016841 45855 4701 4559.8 0 0
2.542e+05 1.4325 0.29693 1.4065 -1.2275 0.3595 0 386.08 -8.8393 0.13275 0.016837 45855 4702 4560.5 0 0
2.543e+05 1.4076 0.30834 1.3987 -1.225 0.35941 0 386.14 -3.9816 0.13186 0.016838 45859 4702 4561.1 0 0
2.544e+05 1.4721 0.2858 1.4716 -1.3165 0.36295 0 381.3 -14.271 0.13098 0.016838 45863 4702 4561.7 0 0
2.545e+05 1.3684 0.24178 1.3883 -1.4297 0.39106 0 375.49 -5.1505 0.1301 0.016833 45867 4703 4562.3 0 0
2.546e+05 1.3497 0.30008 1.4366 -1.4096 0.3998 0 388.61 4.1788 0.12935 0.016825 45873 4705 4563 0 0
2.547e+05 1.4317 0.27318 1.326 -1.266 0.36961 0 407.36 -10.776 0.12839 0.016825 45875 4705 4563.6 0 0
2.548e+05 1.4183 0.28244 1.3829 -1.2674 0.38432 0 417.28 -7.703 0.12743 0.016825 45877 4705 4564.3 0 0
2.549e+05 1.4419 0.2841 1.2831 -1.4333 0.33099 0 406.73 -11.63 0.12651 0.016825 45880 4705 4564.9 0 0
2.55e+05 1.3889 0.23298 1.4036 -1.0416 0.33558 0 408 -9.1573 0.1257 0.016822 45886 4706 4565.6 0 0
2.551e+05 1.4347 0.26947 1.4486 -1.3524 0.33858 0 421.45 -11.323 0.12473 0.016818 45887 4707 4566.3 0 0
2.552e+05 1.4243 0.27469 1.4716 -1.5699 0.33968 0 406.62 -9.3997 0.12373 0.016815 45887 4708 4567 0 0
2.553e+05 1.4301 0.25374 1.5467 -1.309 0.37907 0 406.29 -11.717 0.12273 0.016822 45887 4706 4567.7 0 0
2.554e+05 1.4145 0.28889 1.4983 -1.1679 0.37221 0 426.12 -6.5688 0.12173 0.016826 45888 4705 4568.4 0 0
2.555e+05 1.5049 0.26508 1.5852 -1.1854 0.34509 0 404.42 -22.864 0.12072 0.016815 45888 4708 4569.2 1.1805 0
2.556e+05 1.4775 0.25846 1.4704 -1.2592 0.37172 0 386.54 -19.091 0.11972 0.016818 45888 4707 4569.9 0 0
2.557e+05 1.4861 0.2375 1.5228 -1.237 0.33548 0 405.41 -21.85 0.11872 0.016811 45888 4709 4570.7 0 0
2.558e+05 1.4493 0.26696 1.4819 -1.3284 0.38242 0 402.24 -13.657 0.11771 0.016804 45888 4711 4571.5 0 0
2.559e+05 1.4266 0.28181 1.462 -1.0602 0.37237 0 397.68 -9.0036 0.11674 0.0168 45890 4712 4572.1 0 0
2.56e+05 1.4395 0.29089 1.3974 -1.1559 0.32526 0 383.52 -10.358 0.11599 0.016804 45897 4709 4572.7 0 0
2.561e+05 1.416 0.24844 1.3439 -1.0295 0.33241 0 386.37 -9.9625 0.11499 0.016783 45897 4715 4573.4 0 0
2.562e+05 1.376 0.24544 1.2852 -1.2823 0.35058 0 399.67 -5.3782 0.11409 0.016791 45901 4713 4574.1 0 0
2.563e+05 1.4135 0.25875 1.4644 -1.2565 0.36418 0 377.38 -8.5041 0.11313 0.016797 45903 4711 4574.7 0 0
2.564e+05 1.4526 0.226 1.4572 -1.1058 0.34265 0 373.77 -17.66 0.11218 0.016797 45904 4711 4575.4 0 0
2.565e+05 1.4505 0.21841 1.4234 -1.1211 0.33694 0 402.79 -18.265 0.11119 0.01679 45905 4713 4576.1 0 0
2.566e+05 1.4059 0.2367 1.3887 -1.3556 0.35523 0 376.18 -10.255 0.11019 0.016786 45905 4714 4576.8 0 0
2.567e+05 1.417 0.26009 1.5231 -1.3465 0.39366 0 405.09 -8.895 0.1092 0.016786 45906 4714 4577.5 0 0
2.568e+05 1.4444 0.25074 1.39 -0.96099 0.38105 0 359.35 -14.041 0.10823 0.016786 45907 4714 4578.1 0 0
2.569e+05 1.3551 0.26443 1.4436 -1.2341 0.36007 0 408.79 0.26255 0.10754 0.016785 45914 4714 4578.8 0 0
2.57e+05 1.41 0.25975 1.3846 -1.4361 0.33148 0 391.85 -7.6172 0.10675 0.016774 45918 4713 4579.4 0 0
2.571e+05 1.3972 0.27233 1.3073 -1.2155 0.37861 0 366.05 -4.5921 0.1058 0.016778 45920 4712 4580 0 0
2.572e+05 1.3845 0.26335 1.3062 -1.3406 0.36935 0 396.35 -3.6525 0.10488 0.01677 45923 4714 4580.6 0 0
2.573e+05 1.4907 0.26072 1.4154 -1.2276 0.38759 0 389.94 -20.386 0.1039 0.016757 45924 4718 4581.4 0 0
2.574e+05 1.4966 0.30686 1.5241 -1.4045 0.3686 0 424.04 -13.462 0.10291 0.016743 45924 4722 4582.1 0 0
2.575e+05 1.4299 0.29234 1.5482 -1.5273 0.33257 0 413.42 -8.5543 0.10191 0.016736 45924 4724 4582.8 0 0
2.576e+05 1.4521 0.27799 1.4486 -1.2003 0.40034 0 409.23 -12.971 0.10093 0.016711 45925 4731 4583.5 0 0
2.577e+05 1.4416 0.26796 1.4917 -1.4281 0.34024 0 425.39 -11.995 0.099939 0.016697 45925 4735 4584.2 0 0
2.578e+05 1.4272 0.25122 1.4296 -1.4963 0.32876 0 421.63 -11.206 0.09895 0.016676 45926 4741 4585 0 0
2.579e+05 1.4613 0.21517 1.3766 -1.2568 0.35019 0 389.63 -20.156 0.097974 0.016651 45927 4748 4585.7 0 0
2.58e+05 1.396 0.2669 1.3863 -1.5574 0.34841 0 407.71 -4.8899 0.097001 0.016634 45927 4753 4586.4 0 0
2.581e+05 1.4376 0.24157 1.5122 -1.3494 0.35869 0 372.58 -13.742 0.096018 0.016609 45928 4760 4587.1 0 0
2.582e+05 1.449 0.25259 1.4899 -1.5142 0.33922 0 402.1 -14.354 0.095032 0.016595 45928 4764 4587.8 0 0
2.583e+05 1.4172 0.26037 1.4085 -1.5102 0.31221 0 386.23 -8.5365 0.094036 0.016578 45928 4769 4588.6 0 0
2.584e+05 1.3991 0.22647 1.3956 -1.1498 0.34322 0 407.49 -10.947 0.093051 0.016567 45929 4772 4589.3 0 0
2.585e+05 1.3681 0.30671 1.3811 -1.2388 0.35691 0 397.49 1.9292 0.092077 0.016567 45930 4772 4590 0 0
2.586e+05 1.4411 0.19147 1.4039 -1.3681 0.33844 0 381.55 -22.65 0.091084 0.01656 45930 4774 4590.8 0 0
2.587e+05 1.397 0.2796 1.4723 -1.2932 0.36094 0 385.94 -3.8612 0.090109 0.01655 45931 4777 4591.5 0 0
2.588e+05 1.4125 0.29122 1.4186 -1.366 0.32033 0 408.17 -5.9402 0.089154 0.016547 45932 4778 4592.2 0 0
2.589e+05 1.4128 0.28335 1.4692 -1.2468 0.3438 0 410.86 -6.1734 0.088198 0.016537 45933 4781 4592.8 0 0
2.59e+05 1.4567 0.29061 1.4614 -1.3323 0.35185 0 416.73 -11.878 0.08728 0.016537 45936 4781 4593.5 0 0
2.591e+05 1.4018 0.27953 1.4131 -1.3397 0.33757 0 407.74 -4.4724 0.086496 0.01653 45941 4783 4594.1 0 0
2.592e+05 1.4495 0.25567 1.4036 -1.5637 0.3203 0 416.76 -14.025 0.085582 0.016517 45944 4787 4594.8 0 0
2.593e+05 1.4502 0.28462 1.3941 -1.1884 0.34849 0 416 -11.871 0.084645 0.0165 45946 4792 4595.4 0 0
2.594e+05 1.4515 0.24262 1.4523 -1.4336 0.342 0 387.93 -15.288 0.083656 0.016483 45946 4797 4596.2 0 0
2.595e+05 1.366 0.21332 1.3597 -1.5059 0.35937 0 374.15 -10.797 0.082703 0.016485 45947 4796 4596.9 0 0
2.596e+05 1.4721 0.25326 1.5543 -1.374 0.3505 0 402.97 -18.031 0.081777 0.016471 45949 4800 4597.6 0 0
2.597e+05 1.4974 0.29652 1.4234 -1.0824 0.36054 0 374.45 -15.115 0.080852 0.016479 45951 4798 4598.3 0 0
2.598e+05 1.4358 0.25076 1.3826 -1.3036 0.35133 0 373.53 -12.248 0.079868 0.016466 45952 4802 4599 0 0
2.599e+05 1.3799 0.26179 1.3555 -1.4137 0.37049 0 391.04 -2.9022 0.078927 0.016462 45953 4803 4599.7 0 0
2.6e+05 1.4665 0.26929 1.5202 -1.2596 0.37822 0 392.33 -15.402 0.077999 0.016459 45955 4804 4600.4 0 0
2.601e+05 1.4548 0.248 1.469 -1.3068 0.33822 0 422.17 -15.235 0.077035 0.016459 45956 4804 4601.1 0 0
2.602e+05 1.4537 0.28842 1.4581 -1.1092 0.35055 0 389.32 -11.749 0.076058 0.016451 45957 4808 4601.9 0 0
2.603e+05 1.4661 0.28456 1.589 -1.286 0.35186 0 370.93 -13.669 0.075118 0.016451 45958 4808 4602.6 0 0
2.604e+05 1.4208 0.28792 1.476 -1.3941 0.38511 0 388.67 -7.1458 0.074146 0.016436 45959 4812 4603.3 0 0
2.605e+05 1.4383 0.25861 1.476 -0.89799 0.33978 0 415.14 -11.638 0.073175 0.016425 45960 4815 4604 0 0
2.606e+05 1.3801 0.261 1.4709 -1.3514 0.34279 0 388.91 -2.9671 0.07222 0.016422 45961 4816 4604.7 0 0
2.607e+05 1.374 0.26376 1.4292 -1.1981 0.32576 0 383.77 -1.8592 0.071251 0.016422 45962 4816 4605.4 0 0
2.608e+05 1.4384 0.28472 1.4472 -1.1901 0.37091 0 384.12 -10.098 0.070289 0.016415 45962 4818 4606.1 0 0
2.609e+05 1.4961 0.30047 1.52 -1.1037 0.33009 0 406.47 -14.266 0.069306 0.016409 45963 4820 4606.8 0 0
2.61e+05 1.4843 0.25586 1.4454 -1.2719 0.34519 0 419.2 -19.727 0.068345 0.016398 45964 4823 4607.5 0 0
2.611e+05 1.4441 0.27614 1.5218 -1.2677 0.36857 0 385.96 -11.251 0.067368 0.01636 45964 4834 4608.3 0 0
2.612e+05 1.5051 0.25385 1.4246 -1.1992 0.33375 0 374.12 -24.574 0.066382 0.01635 45964 4837 4609.1 1.3222 0
2.613e+05 1.4527 0.26971 1.5128 -1.2961 0.32926 0 375.61 -12.932 0.065401 0.016347 45964 4838 4609.9 0 0
2.614e+05 1.5054 0.24097 1.5406 -1.3167 0.32207 0 399.25 -25.637 0.064415 0.016344 45964 4839 4610.7 1.434 0
2.615e+05 1.478 0.28063 1.4719 -1.3197 0.39041 0 392.34 -15.316 0.063433 0.016347 45964 4838 4611.5 0 0
2.616e+05 1.4397 0.28623 1.4354 -1.1807 0.3618 0 396.63 -10.069 0.062453 0.016323 45964 4845 4612.2 0 0
2.617e+05 1.4345 0.27432 1.4743 -1.2426 0.3824 0 389.63 -9.8375 0.061479 0.016303 45965 4851 4613 0 0
2.618e+05 1.3924 0.22375 1.3903 -1.263 0.39523 0 391.53 -10.807 0.060501 0.016296 45965 4853 4613.7 0 0
2.619e+05 1.5064 0.23104 1.4678 -1.4875 0.39683 0 397.74 -26.969 0.059522 0.016293 45965 4854 4614.5 2.0622 0
2.62e+05 1.3619 0.22326 1.349 -1.1331 0.36063 0 398.41 -8.2792 0.058539 0.016296 45965 4853 4615.3 0 0
2.621e+05 1.4602 0.22801 1.4432 -1.2678 0.31787 0 385.44 -18.121 0.057557 0.01629 45965 4855 4616.1 0 0
2.622e+05 1.3824 0.25608 1.4911 -1.3051 0.36717 0 373.3 -3.8193 0.056583 0.016296 45966 4853 4616.9 0 0
2.623e+05 1.457 0.20458 1.5242 -1.0416 0.34488 0 372.25 -21.429 0.055612 0.016293 45966 4854 4617.7 0 0
2.624e+05 1.4512 0.21591 1.4408 -1.0989 0.35928 0 398.17 -18.524 0.054633 0.016293 45966 4854 4618.5 0 0
2.625e+05 1.4765 0.26096 1.4826 -1.0828 0.37138 0 396.74 -17.624 0.053663 0.016279 45967 4858 4619.3 0 0
2.626e+05 1.4838 0.21302 1.5797 -1.097 0.35527 0 400.31 -23.807 0.052685 0.016276 45967 4859 4620.1 0 0
2.627e+05 1.3986 0.22446 1.3522 -1.3111 0.34801 0 376.27 -11.098 0.051754 0.016264 45968 4863 4620.8 0 0
2.628e+05 1.4164 0.28011 1.1749 -1.1044 0.35053 0 380.85 -6.5084 0.050842 0.016264 45971 4863 4621.5 0 0
2.629e+05 1.4179 0.23273 1.1816 -1.2974 0.40587 0 407.52 -11.529 0.049889 0.016268 45972 4862 4622.2 0 0
2.63e+05 1.506 0.22383 1.5524 -1.1622 0.35306 0 373.48 -27.492 0.048909 0.016264 45972 4863 4623.1 1.7761 0
2.631e+05 1.4448 0.20511 1.4997 -1.1873 0.33439 0 395.7 -19.861 0.04793 0.016258 45972 4865 4623.9 0 0
2.632e+05 1.4182 0.27298 1.4551 -1.0803 0.36011 0 379.64 -7.134 0.046955 0.016257 45972 4865 4624.7 0 0
2.633e+05 1.4275 0.24724 1.5452 -1.2039 0.34788 0 367.53 -10.901 0.045992 0.016254 45972 4866 4625.5 0 0
2.634e+05 1.4508 0.2768 1.4956 -1.4284 0.33025 0 373.62 -12 0.045027 0.016257 45973 4865 4626.2 0 0
2.635e+05 1.4375 0.25506 1.5006 -1.0817 0.3465 0 386.25 -11.3 0.044067 0.016254 45974 4866 4626.9 0 0
2.636e+05 1.4814 0.23463 1.435 -1.4523 0.35636 0 381.97 -20.557 0.043106 0.016254 45974 4866 4627.7 0 0
2.637e+05 1.4039 0.22642 1.4193 -1.2633 0.34767 0 401.21 -11.1 0.04213 0.016254 45974 4866 4628.6 0 0
2.638e+05 1.467 0.21365 1.4495 -1.1802 0.33173 0 399.37 -20.885 0.041154 0.016247 45974 4868 4629.4 0 0
2.639e+05 1.4302 0.23906 1.4109 -1.3062 0.37378 0 397.13 -12.109 0.040182 0.016254 45974 4866 4630.2 0 0
2.64e+05 1.4026 0.1949 1.5243 -1.3238 0.33856 0 376.02 -18.271 0.039207 0.016254 45974 4866 4631.1 0 0
2.641e+05 1.3505 0.23465 1.4346 -1.2453 0.34007 0 392.49 -4.4008 0.038237 0.016264 45975 4863 4631.8 0 0
2.642e+05 1.4491 0.21422 1.5928 -1.2927 0.32967 0 360.96 -18.348 0.037277 0.016261 45975 4864 4632.6 0 0
2.643e+05 1.4342 0.19136 1.4863 -1.2669 0.37612 0 376.88 -21.916 0.036302 0.016247 45975 4868 4633.6 0 0
2.644e+05 1.3555 0.16801 1.4082 -1.0686 0.34548 0 396.9 -24.353 0.035329 0.016221 45975 4876 4634.4 0 0
2.645e+05 1.3706 0.22749 1.5292 -1.2237 0.34807 0 402.01 -7.7231 0.03436 0.016224 45976 4875 4635.2 0 0
2.646e+05 1.3724 0.19021 1.4457 -1.1805 0.35364 0 402.68 -17.371 0.033393 0.016211 45976 4879 4636 0 0
2.647e+05 1.3933 0.17097 1.4492 -1.2706 0.34117 0 396.23 -24.506 0.032419 0.016211 45976 4879 4637 0 0
2.648e+05 1.4476 0.12516 1.4816 -1.5099 0.34537 0 408.11 -43.848 0.031446 0.016207 45976 4880 4638.2 0 0
2.649e+05 1.3385 0.13523 1.4014 -1.3481 0.33939 0 409.63 -32.465 0.030473 0.016204 45976 4881 4639.4 0 0
2.65e+05 1.3784 0.16227 1.4498 -1.2939 0.37272 0 382.01 -26.649 0.0295 0.016194 45976 4884 4640.5 0 0
2.651e+05 1.3576 0.1371 1.401 -1.1456 0.36558 0 391.71 -32.736 0.028527 0.016188 45976 4886 4641.7 0 0
2.652e+05 1.4004 0.1253 1.3795 -1.2151 0.38029 0 393.79 -38.556 0.027555 0.016184 45976 4887 4643 0 0
2.653e+05 1.3973 0.16317 1.4742 -1.4943 0.33798 0 402.01 -27.05 0.026584 0.016191 45976 4885 4644.1 0 0
2.654e+05 1.4497 0.16641 1.3532 -1.1255 0.3818 0 381.47 -30.549 0.025612 0.016191 45976 4885 4645.3 0 0
2.655e+05 1.4476 0.14686 1.4189 -1.0348 0.33568 0 405.26 -36.938 0.024641 0.016184 45976 4887 4646.5 0 0
2.656e+05 1.4388 0.17052 1.5136 -1.3814 0.33891 0 380.88 -27.959 0.023671 0.016184 45976 4887 4647.7 0 0
2.657e+05 1.4192 0.16645 1.4745 -1.3966 0.35628 0 397.23 -27.602 0.0227 0.016181 45976 4888 4648.8 0 0
2.658e+05 1.3563 0.21095 1.4966 -1.3416 0.35002 0 361.05 -10.521 0.021731 0.016191 45976 4885 4649.9 0 0
2.659e+05 1.5133 0.19233 1.5523 -1.364 0.35378 0 366.3 -38.291 0.020761 0.016201 45976 4882 4650.9 8.8261 0
2.66e+05 1.4877 0.16915 1.479 -1.3082 0.33049 0 395.26 -34.909 0.019792 0.016201 45976 4882 4652 0 0
2.661e+05 1.4063 0.20041 1.4669 -1.2783 0.3725 0 390.16 -17.002 0.018824 0.016197 45976 4883 4653 0 0
2.662e+05 1.4397 0.13485 1.4059 -1.3257 0.36235 0 396.96 -39.814 0.017856 0.016194 45976 4884 4654.1 0 0
2.663e+05 1.4764 0.13848 1.5299 -1.0167 0.35902 0 385.43 -43.314 0.016887 0.016197 45976 4883 4655.2 0 0
2.664e+05 1.4693 0.17936 1.46 -1.2155 0.35937 0 401.24 -29.256 0.01592 0.016201 45976 4882 4656.4 0 0
2.665e+05 1.5024 0.18565 1.415 -1.2311 0.36817 0 388.92 -33.402 0.014953 0.016201 45976 4882 4657.4 0.28584 0
2.666e+05 1.4426 0.1742 1.5446 -1.2636 0.35149 0 386.85 -27.181 0.013986 0.016204 45976 4881 4658.3 0 0
2.667e+05 1.4386 0.1795 1.4566 -1.3066 0.35174 0 389.01 -25.162 0.013019 0.016201 45976 4882 4659.4 0 0
2.668e+05 1.4894 0.26969 1.4608 -1.4146 0.35531 0 398.18 -18.08 0.012055 0.016207 45976 4880 4660.3 0 0
2.669e+05 1.4021 0.19595 1.4156 -1.3207 0.32519 0 374.77 -17.765 0.011091 0.016207 45976 4880 4661.1 0 0
2.67e+05 1.3164 0.15684 1.3789 -1.2856 0.35305 0 377.56 -27.632 0.010126 0.016204 45976 4881 4662.1 0 0
2.671e+05 1.3621 0.161 1.3175 -1.1922 0.31437 0 394.91 -26.301 0.00916 0.016204 45976 4881 4663.1 0 0
2.672e+05 1.3614 0.15255 1.3751 -1.4483 0.34439 0 380.29 -28.955 0.008196 0.016211 45976 4879 4664.1 0 0
2.673e+05 1.376 0.16693 1.4823 -1.2034 0.32943 0 363.68 -24.455 0.007231 0.016211 45976 4879 4665 0 0
2.674e+05 1.3662 0.14839 1.4739 -1.3208 0.34357 0 364.39 -29.998 0.006267 0.016211 45976 4879 4666.1 0 0
2.675e+05 1.4276 0.175 1.5257 -1.193 0.35117 0 385.69 -25.394 0.005304 0.016207 45976 4880 4667.1 0 0
2.676e+05 1.4819 0.15767 1.5145 -1.0931 0.35452 0 383.44 -37.633 0.00434 0.016211 45976 4879 4668.2 0 0
2.677e+05 1.4358 0.16276 1.469 -1.4783 0.33871 0 386.81 -29.977 0.003377 0.016197 45976 4883 4669.3 0 0
2.678e+05 1.4389 0.17831 1.5675 -1.2619 0.34528 0 393.76 -25.478 0.002415 0.016194 45976 4884 4670.3 0 0
2.679e+05 1.3692 0.19508 1.4353 -1.1839 0.35227 0 406.21 -15.588 0.001453 0.016188 45976 4886 4671.3 0 0
2.68e+05 1.3929 0.18014 1.4308 -1.3459 0.3484 0 386.19 -21.563 0.000492 0.016188 45976 4886 4672.2 0 0
2.681e+05 1.4672 0.14809 1.5518 -1.2806 0.35466 0 385.48 -38.775 -0.00047 0.016181 45976 4888 4673.3 0 0
2.682e+05 1.4638 0.1659 1.5544 -1.3501 0.33459 0 412.67 -32.155 -0.001431 0.016184 45976 4887 4674.4 0 0
2.683e+05 1.4786 0.22207 1.6529 -1.1875 0.3602 0 384.6 -21.341 -0.002392 0.016181 45976 4888 4675.5 0 0
2.684e+05 1.4939 0.20325 1.6127 -1.3964 0.41302 0 393.99 -27.427 -0.003352 0.016181 45976 4888 4676.5 0 0
2.685e+05 1.4358 0.20435 1.5816 -1.3482 0.34552 0 396.84 -18.787 -0.004312 0.016184 45976 4887 4677.5 0 0
2.686e+05 1.5076 0.19687 1.592 -1.3142 0.38568 0 375.88 -32.868 -0.005272 0.016178 45976 4889 4678.6 2.8579 0
2.687e+05 1.4706 0.22814 1.6046 -0.94421 0.32107 0 391.98 -18.999 -0.006231 0.016174 45976 4890 4679.6 0 0
2.688e+05 1.5153 0.20701 1.5349 -1.2732 0.35123 0 405.79 -36.622 -0.00719 0.016178 45976 4889 4680.6 11.688 0
2.689e+05 1.4892 0.20614 1.5173 -1.4594 0.34106 0 405.9 -25.812 -0.008149 0.016181 45976 4888 4681.6 0 0
2.69e+05 1.4987 0.18154 1.5289 -1.165 0.34326 0 392.38 -32.985 -0.009107 0.016178 45976 4889 4682.6 0 0
2.691e+05 1.4691 0.18196 1.4915 -1.1525 0.34082 0 403.15 -28.05 -0.010065 0.016178 45976 4889 4683.8 0 0
2.692e+05 1.446 0.15337 1.5148 -1.0922 0.36475 0 391.31 -33.918 -0.011023 0.016178 45976 4889 4685 0 0
2.693e+05 1.49 0.17861 1.4501 -1.429 0.38107 0 404.01 -31.891 -0.01198 0.016178 45976 4889 4686.1 0 0
2.694e+05 1.5018 0.14549 1.5534 -1.197 0.33157 0 420.47 -44.435 -0.012937 0.016178 45976 4889 4687.3 0.16164 0
2.695e+05 1.4982 0.15916 1.6618 -1.6036 0.34809 0 399.88 -38.954 -0.013894 0.016181 45976 4888 4688.5 0 0
2.696e+05 1.4978 0.18785 1.5804 -1.3724 0.339 0 416.01 -31.012 -0.01485 0.016184 45976 4887 4689.7 0 0
2.697e+05 1.4874 0.1542 1.601 -1.2313 0.3392 0 429.95 -38.839 -0.015806 0.016181 45976 4888 4690.8 0 0
2.698e+05 1.4755 0.17897 1.4973 -1.2771 0.36852 0 390.54 -29.669 -0.016761 0.016171 45976 4891 4692 0 0
2.699e+05 1.4971 0.17982 1.57 -1.0935 0.34675 0 407.78 -32.536 -0.017716 0.016161 45976 4894 4693.2 0 0
2.7e+05 1.4618 0.15026 1.4519 -1.183 0.31771 0 386.59 -36.992 -0.018671 0.016158 45976 4895 4694.4 0 0
2.701e+05 1.4568 0.19963 1.4961 -1.3631 0.35929 0 391.04 -21.968 -0.019625 0.016158 45976 4895 4695.6 0 0
2.702e+05 1.4156 0.17887 1.4866 -1.3263 0.30742 0 391.17 -23.01 -0.02058 0.016161 45976 4894 4696.7 0 0
2.703e+05 1.4958 0.25033 1.5058 -1.3423 0.35219 0 392.59 -21.735 -0.021533 0.016168 45976 4892 4697.6 0 0
2.704e+05 1.4321 0.26153 1.5342 -1.3271 0.39668 0 401.13 -9.8834 -0.022484 0.016171 45976 4891 4698.5 0 0
2.705e+05 1.4397 0.18505 1.5256 -1.3267 0.3693 0 422.62 -23.377 -0.023431 0.016168 45976 4892 4699.3 0 0
2.706e+05 1.4188 0.24642 1.483 -1.1026 0.38025 0 386.85 -9.4168 -0.024381 0.016174 45976 4890 4700.1 0 0
2.707e+05 1.3824 0.17339 1.4822 -1.1563 0.34817 0 393.91 -22.646 -0.025333 0.016168 45976 4892 4701.1 0 0
2.708e+05 1.4649 0.24322 1.5232 -1.3271 0.3477 0 388.88 -16.731 -0.026284 0.016171 45976 4891 4702 0 0
2.709e+05 1.4112 0.2357 1.5 -1.0842 0.33278 0 407.33 -10.267 -0.027235 0.016164 45977 4893 4702.9 0 0
2.71e+05 1.4381 0.20386 1.4986 -1.3804 0.34832 0 388.4 -19.026 -0.028185 0.016171 45977 4891 4703.7 0 0
2.711e+05 1.4875 0.23949 1.5228 -1.484 0.34129 0 386.98 -21.081 -0.029135 0.016174 45977 4890 4704.6 0 0
2.712e+05 1.4804 0.23545 1.5919 -1.3246 0.38208 0 365.83 -19.934 -0.030086 0.016164 45977 4893 4705.6 0 0
2.713e+05 1.4906 0.174 1.5347 -1.3368 0.35051 0 403.64 -32.747 -0.031036 0.016158 45977 4895 4706.5 0 0
2.714e+05 1.4931 0.18963 1.5387 -1.2094 0.37601 0 388.95 -29.261 -0.031985 0.016161 45977 4894 4707.5 0 0
2.715e+05 1.492 0.1622 1.4738 -1.2824 0.33534 0 396.57 -36.383 -0.032935 0.016164 45977 4893 4708.5 0 0
2.716e+05 1.5065 0.19215 1.4711 -1.0751 0.33001 0 393.99 -32.645 -0.033884 0.016158 45977 4895 4709.5 2.1396 0
2.717e+05 1.4264 0.20372 1.5109 -1.0855 0.35898 0 387.93 -17.498 -0.034832 0.016158 45977 4895 4710.5 0 0
2.718e+05 1.4848 0.206 1.6381 -1.1249 0.36277 0 396.47 -24.539 -0.035781 0.016158 45977 4895 4711.6 0 0
2.719e+05 1.4918 0.18446 1.5318 -0.96804 0.37234 0 418.01 -30.108 -0.036729 0.016161 45977 4894 4712.6 0 0
2.72e+05 1.5007 0.21604 1.5783 -1.3253 0.32517 0 408.47 -25.568 -0.037676 0.016151 45977 4897 4713.7 0.021919 0
2.721e+05 1.4999 0.21604 1.6034 -1.261 0.34596 0 406.54 -25.261 -0.038624 0.016158 45977 4895 4714.7 0 0
2.722e+05 1.4753 0.2153 1.4015 -1.1079 0.33563 0 409.24 -21.219 -0.039571 0.016151 45977 4897 4715.6 0 0
2.723e+05 1.5052 0.19136 1.3588 -1.528 0.3414 0 408.55 -31.875 -0.040517 0.016154 45977 4896 4716.6 1.3523 0
2.724e+05 1.4501 0.21505 1.406 -1.5473 0.339 0 399.89 -17.73 -0.041463 0.016158 45977 4895 4717.5 0 0
2.725e+05 1.4516 0.21845 1.3153 -1.0433 0.34599 0 399.2 -17.332 -0.042409 0.016154 45977 4896 4718.4 0 0
2.726e+05 1.3735 0.19419 1.3878 -1.2026 0.35589 0 409.83 -16.033 -0.043352 0.016154 45977 4896 4719.2 0 0
2.727e+05 1.4589 0.207 1.526 -1.3971 0.32957 0 391.06 -20.23 -0.044297 0.016154 45977 4896 4720.2 0 0
2.728e+05 1.5003 0.23268 1.4769 -1.1655 0.34846 0 398.61 -23.803 -0.045242 0.016151 45977 4897 4721.1 0.004482 0
2.729e+05 1.4815 0.19509 1.5243 -1.2415 0.36711 0 407.74 -25.958 -0.046185 0.016154 45977 4896 4722 0 0
2.73e+05 1.3991 0.15081 1.1965 -1.0442 0.3522 0 401.06 -30.693 -0.047129 0.016154 45977 4896 4722.9 0 0
2.731e+05 1.377 0.19465 1.1077 -1.0187 0.3502 0 410.35 -16.111 -0.048073 0.016148 45977 4898 4723.8 0 0
2.732e+05 1.3805 0.19006 1.1241 -1.1293 0.33105 0 393.86 -17.563 -0.049016 0.016151 45977 4897 4724.7 0 0
2.733e+05 1.3775 0.14994 1.2319 -1.0276 0.35102 0 410.22 -29.668 -0.049958 0.016158 45977 4895 4725.6 0 0
2.734e+05 1.4756 0.19514 1.2508 -1.2569 0.35554 0 396.96 -24.805 -0.0509 0.016164 45977 4893 4726.4 0 0
2.735e+05 1.4958 0.19942 1.2042 -1.4328 0.35004 0 428.48 -27.286 -0.051841 0.016164 45977 4893 4727.3 0 0
2.736e+05 1.4578 0.20515 1.2964 -1.0539 0.37813 0 413.75 -20.357 -0.052782 0.016148 45977 4898 4728.2 0 0
2.737e+05 1.4022 0.22541 1.1959 -1.2977 0.34225 0 398.4 -10.85 -0.053723 0.016148 45977 4898 4729.1 0 0
2.738e+05 1.4177 0.20231 1.1963 -1.0744 0.36763 0 392.34 -16.513 -0.054663 0.016148 45977 4898 4729.9 0 0
2.739e+05 1.4955 0.21743 1.248 -1.0897 0.35749 0 394.43 -23.831 -0.055603 0.016148 45977 4898 4730.8 0 0
2.74e+05 1.4777 0.17441 1.1929 -1.3079 0.3553 0 409.44 -30.731 -0.056544 0.016154 45977 4896 4731.7 0 0
2.741e+05 1.502 0.20583 1.2329 -1.1362 0.33846 0 401.4 -27.598 -0.057484 0.016148 45977 4898 4732.6 0.20979 0
2.742e+05 1.4531 0.22825 1.2579 -1.0554 0.37101 0 390.41 -16.173 -0.058423 0.016145 45977 4899 4733.4 0 0
2.743e+05 1.4153 0.17847 1.359 -1.2182 0.33997 0 428.01 -22.763 -0.059362 0.016138 45977 4901 4734.3 0 0
2.744e+05 1.4683 0.20558 1.4395 -1.1192 0.34773 0 405.75 -21.486 -0.060301 0.016138 45977 4901 4735.3 0 0
2.745e+05 1.5055 0.23145 1.4932 -1.1095 0.3373 0 385.03 -25.42 -0.06124 0.016138 45977 4901 4736.2 1.5067 0
2.746e+05 1.4744 0.21613 1.3941 -1.1737 0.36584 0 400.08 -20.631 -0.062178 0.016135 45977 4902 4737 0 0
2.747e+05 1.5104 0.24509 1.6219 -1.0474 0.35068 0 364.18 -27.694 -0.063116 0.016138 45977 4901 4737.9 5.3684 0
2.748e+05 1.4618 0.23075 1.5235 -1.319 0.37247 0 388.58 -16.949 -0.064054 0.016125 45977 4905 4738.8 0 0
2.749e+05 1.4283 0.19663 1.5376 -1.0537 0.36403 0 406.96 -19.062 -0.064992 0.016122 45977 4906 4739.7 0 0
2.75e+05 1.4912 0.24141 1.4873 -1.507 0.36204 0 406.21 -21.262 -0.065928 0.016122 45977 4906 4740.6 0 0
2.751e+05 1.4668 0.23402 1.6226 -1.2111 0.36236 0 410.85 -17.324 -0.066865 0.016122 45977 4906 4741.5 0 0
2.752e+05 1.4832 0.19268 1.6272 -1.1302 0.35247 0 398.15 -26.372 -0.067801 0.016128 45977 4904 4742.4 0 0
2.753e+05 1.4038 0.21744 1.5959 -1.4471 0.35078 0 382.9 -12.335 -0.068736 0.016128 45977 4904 4743.3 0 0
2.754e+05 1.4732 0.22043 1.5279 -1.3537 0.31969 0 378.82 -19.708 -0.069672 0.016128 45977 4904 4744.2 0 0
2.755e+05 1.4224 0.19817 1.4695 -1.2044 0.3648 0 375.73 -17.79 -0.070607 0.016128 45978 4904 4745.1 0 0
2.756e+05 1.4391 0.19676 1.4571 -1.1769 0.33573 0 429.87 -20.045 -0.07154 0.016125 45978 4905 4745.9 0 0
2.757e+05 1.4144 0.21349 1.3955 -1.1205 0.34889 0 416.9 -13.935 -0.072474 0.016118 45978 4907 4746.8 0 0
2.758e+05 1.3784 0.21095 1.4542 -1.2976 0.34663 0 392.37 -11.694 -0.073407 0.016108 45978 4910 4747.6 0 0
2.759e+05 1.3937 0.20835 1.4515 -1.4693 0.32141 0 427.42 -13.318 -0.074337 0.016103 45978 4912 4748.4 0 0
2.76e+05 1.3849 0.176 1.4743 -0.98991 0.36015 0 411.91 -21.762 -0.07527 0.016107 45978 4911 4749.3 0 0
2.761e+05 1.339 0.21376 1.4464 -1.0226 0.34062 0 434.09 -9.149 -0.076196 0.016107 45978 4911 4750 0 0
2.762e+05 1.3321 0.22339 1.4203 -1.0501 0.34731 0 431.69 -5.8917 -0.077118 0.016107 45979 4911 4750.7 0 0
2.763e+05 1.3081 0.22092 1.4272 -1.1645 0.36351 0 409.71 -5.5962 -0.078024 0.016103 45979 4912 4751.4 0 0
2.764e+05 1.3802 0.23051 1.4874 -1.2191 0.35552 0 394.08 -7.9358 -0.078952 0.016103 45980 4912 4752.2 0 0
2.765e+05 1.3771 0.20597 1.4138 -1.2446 0.34066 0 408.77 -12.563 -0.079882 0.01611 45980 4910 4753 0 0
2.766e+05 1.3497 0.19919 1.4104 -1.1727 0.37206 0 403.62 -13.484 -0.080809 0.01611 45980 4910 4753.8 0 0
2.767e+05 1.3918 0.21091 1.4258 -1.1546 0.33988 0 432.23 -12.485 -0.081727 0.016106 45980 4911 4754.5 0 0
2.768e+05 1.4261 0.19542 1.4977 -1.2056 0.37175 0 398.36 -18.891 -0.082657 0.01611 45980 4910 4755.3 0 0
2.769e+05 1.4659 0.23176 1.5197 -1.2283 0.35104 0 406.3 -17.249 -0.083587 0.016106 45980 4911 4756.2 0 0
2.77e+05 1.4768 0.21088 1.4653 -1.0184 0.35312 0 406.42 -21.411 -0.084516 0.01611 45981 4910 4757.1 0 0
2.771e+05 1.337 0.21843 1.4316 -1.2846 0.34024 0 406.53 -7.5571 -0.085443 0.016106 45981 4911 4757.8 0 0
2.772e+05 1.3525 0.19727 1.4641 -1.0213 0.33646 0 406.2 -14.031 -0.086371 0.01611 45981 4910 4758.7 0 0
2.773e+05 1.3682 0.17696 1.3114 -1.2297 0.33049 0 393.61 -20.894 -0.087299 0.016116 45981 4908 4759.5 0 0
2.774e+05 1.386 0.23482 1.3562 -1.3396 0.33715 0 394.08 -7.6323 -0.088227 0.016113 45981 4909 4760.4 0 0
2.775e+05 1.3083 0.16798 1.2857 -1.136 0.37778 0 422.51 -23.712 -0.089156 0.016116 45981 4908 4761.2 0 0
2.776e+05 1.3767 0.16203 1.3835 -1.1553 0.36651 0 392.18 -25.731 -0.090084 0.01611 45981 4910 4762.2 0 0
2.777e+05 1.4137 0.20927 1.4555 -1.1264 0.34654 0 388.32 -14.508 -0.091012 0.016106 45981 4911 4763.1 0 0
2.778e+05 1.4115 0.21243 1.4427 -1.1747 0.37771 0 411.68 -13.691 -0.091937 0.016106 45981 4911 4763.9 0 0
2.779e+05 1.397 0.2277 1.448 -1.2 0.36447 0 419.1 -9.6979 -0.092859 0.016106 45981 4911 4764.7 0 0
2.78e+05 1.4871 0.20274 1.4629 -0.88726 0.33183 0 399.77 -24.98 -0.093779 0.016113 45981 4909 4765.5 0 0
2.781e+05 1.3456 0.21017 1.3818 -1.1191 0.34627 0 403.68 -10.15 -0.094702 0.016113 45982 4909 4766.3 0 0
2.782e+05 1.4391 0.16491 1.4178 -1.2664 0.34176 0 410.36 -28.971 -0.095626 0.016113 45982 4909 4767.2 0 0
2.783e+05 1.4776 0.1854 1.4708 -1.4473 0.3347 0 393.57 -27.082 -0.09655 0.01611 45982 4910 4768.1 0 0
2.784e+05 1.3951 0.23284 1.5354 -1.3911 0.34998 0 397.24 -8.6846 -0.097473 0.016113 45982 4909 4768.9 0 0
2.785e+05 1.3497 0.21736 1.4067 -1.0456 0.35465 0 399.13 -8.543 -0.098397 0.016116 45982 4908 4769.7 0 0
2.786e+05 1.4939 0.21387 1.4429 -1.1913 0.33913 0 396.91 -23.771 -0.099322 0.01612 45982 4907 4770.6 0 0
2.787e+05 1.4727 0.13852 1.4689 -0.96418 0.34102 0 387.37 -42.351 -0.10025 0.016116 45982 4908 4771.7 0 0
2.788e+05 1.42 0.13277 1.4617 -1.1335 0.3403 0 397.64 -37.937 -0.10117 0.016116 45982 4908 4772.8 0 0
2.789e+05 1.4671 0.2014 1.4916 -1.1629 0.34617 0 389.8 -21.723 -0.1021 0.01612 45982 4907 4773.8 0 0
2.79e+05 1.4693 0.17665 1.4954 -0.98778 0.35607 0 376.13 -28.7 -0.10302 0.016116 45982 4908 4774.8 0 0
2.791e+05 1.3153 0.15436 1.3747 -1.1891 0.36935 0 361.63 -28.007 -0.10394 0.016116 45982 4908 4775.6 0 0
2.792e+05 1.3687 0.19815 1.3733 -1.0907 0.36316 0 393.45 -14.12 -0.10486 0.01611 45982 4910 4776.5 0 0
2.793e+05 1.3704 0.20397 1.4681 -1.2344 0.3403 0 396.02 -12.518 -0.10578 0.016107 45982 4911 4777.2 0 0
2.794e+05 1.4624 0.20469 1.456 -1.2319 0.40881 0 405.05 -20.492 -0.10669 0.01611 45983 4910 4778 0 0
2.795e+05 1.3716 0.19077 1.3994 -1.0991 0.3666 0 380.16 -16.199 -0.10761 0.01611 45983 4910 4778.7 0 0
2.796e+05 1.4879 0.2154 1.5358 -1.2274 0.35643 0 406.45 -22.353 -0.10853 0.016113 45983 4909 4779.6 0 0
2.797e+05 1.4227 0.18946 1.4574 -1.0524 0.35961 0 384.21 -20.091 -0.10945 0.016113 45983 4909 4780.5 0 0
2.798e+05 1.3887 0.18211 1.519 -0.92307 0.34678 0 413.89 -19.771 -0.11036 0.016123 45983 4906 4781.3 0 0
2.799e+05 1.4555 0.22365 1.5154 -0.9049 0.35711 0 449.38 -16.484 -0.11128 0.016107 45983 4911 4782.1 0 0
2.8e+05 1.4413 0.2156 1.5416 -1.3183 0.33661 0 439.44 -15.92 -0.1122 0.016097 45983 4914 4783 0 0
2.801e+05 1.4829 0.19188 1.6204 -1.284 0.34459 0 420.08 -26.069 -0.11313 0.0161 45983 4913 4783.9 0 0
2.802e+05 1.4936 0.19388 1.6105 -1.2412 0.3617 0 426.66 -27.382 -0.11404 0.016104 45983 4912 4784.9 0 0
2.803e+05 1.3704 0.19342 1.3595 -1.2399 0.36353 0 410.51 -15.289 -0.11496 0.0161 45983 4913 4785.8 0 0
2.804e+05 1.3832 0.21258 1.3812 -1.3058 0.33678 0 405.85 -11.202 -0.11588 0.0161 45983 4913 4786.6 0 0
2.805e+05 1.3853 0.18331 1.4237 -1.2852 0.33084 0 393.78 -19.033 -0.1168 0.0161 45983 4913 4787.4 0 0
2.806e+05 1.4227 0.20822 1.4716 -1.3005 0.37652 0 413.81 -14.997 -0.11772 0.016097 45983 4914 4788.3 0 0
2.807e+05 1.499 0.16082 1.5214 -1.2235 0.35433 0 419.1 -37.797 -0.11863 0.0161 45983 4913 4789.2 0 0
2.808e+05 1.3528 0.18526 1.3584 -1.144 0.3682 0 431.77 -17.906 -0.11955 0.016103 45984 4912 4790 0 0
2.809e+05 1.5084 0.20961 1.5049 -1.117 0.33883 0 374.4 -29.039 -0.12047 0.016103 45984 4912 4790.9 3.5261 0
2.81e+05 1.3605 0.25343 1.3764 -1.1508 0.35737 0 405.97 -1.7595 -0.12138 0.016103 45984 4912 4791.8 0 0
2.811e+05 1.4191 0.18622 1.4277 -1.2045 0.38066 0 426.42 -20.376 -0.1223 0.01611 45984 4910 4792.6 0 0
2.812e+05 1.4552 0.19151 1.4557 -1.2308 0.35474 0 420.04 -22.521 -0.12321 0.016117 45984 4908 4793.4 0 0
2.813e+05 1.4849 0.18227 1.4778 -1.2262 0.32644 0 416.17 -28.86 -0.12412 0.016113 45984 4909 4794.2 0 0
2.814e+05 1.3909 0.25428 1.4525 -1.4197 0.36505 0 417.92 -4.8804 -0.12503 0.016107 45984 4911 4795 0 0
2.815e+05 1.3738 0.23428 1.3938 -1.2663 0.34628 0 417.71 -6.241 -0.12595 0.016104 45984 4912 4795.9 0 0
2.816e+05 1.4579 0.23005 1.4873 -1.1399 0.3433 0 383.09 -16.065 -0.12686 0.0161 45984 4913 4796.7 0 0
2.817e+05 1.5057 0.20076 1.5553 -1.1969 0.35696 0 402.46 -29.683 -0.12777 0.016097 45984 4914 4797.5 1.6056 0
2.818e+05 1.4929 0.25218 1.479 -1.3548 0.31588 0 405.76 -20.826 -0.12869 0.016087 45984 4917 4798.4 0 0
2.819e+05 1.4426 0.19697 1.4484 -1.0483 0.3349 0 379.83 -19.663 -0.1296 0.01609 45984 4916 4799.3 0 0
2.82e+05 1.4358 0.19792 1.5214 -0.97795 0.34856 0 396.38 -18.585 -0.13051 0.01609 45985 4916 4800.1 0 0
2.821e+05 1.3926 0.22384 1.456 -1.0463 0.34192 0 398.63 -9.7396 -0.13142 0.01609 45985 4916 4801 0 0
2.822e+05 1.4108 0.21218 1.4317 -1.1821 0.35475 0 394.99 -13.047 -0.13234 0.016094 45985 4915 4801.8 0 0
2.823e+05 1.4919 0.16651 1.4882 -1.0344 0.3309 0 392.3 -34.494 -0.13325 0.016097 45985 4914 4802.7 0 0
2.824e+05 1.5002 0.18883 1.5167 -1.0343 0.34184 0 390.92 -29.792 -0.13416 0.0161 45985 4913 4803.7 0.002938 0
2.825e+05 1.4192 0.16271 1.4466 -1.1564 0.34793 0 385.8 -27.798 -0.13507 0.016097 45985 4914 4804.9 0 0
2.826e+05 1.4603 0.19203 1.4278 -1.022 0.37058 0 384.49 -22.705 -0.13599 0.016094 45985 4915 4805.8 0 0
2.827e+05 1.4921 0.18945 1.4823 -1.1823 0.33483 0 421.39 -28.038 -0.1369 0.01609 45985 4916 4806.7 0 0
2.828e+05 1.4683 0.15985 1.4736 -1.2646 0.30479 0 414.65 -33.554 -0.13781 0.016087 45985 4917 4807.8 0 0
2.829e+05 1.4695 0.22141 1.5287 -0.91661 0.31669 0 394.22 -18.513 -0.13872 0.016087 45985 4917 4808.8 0 0
2.83e+05 1.4282 0.17512 1.4661 -1.0828 0.33121 0 382.59 -24.089 -0.13963 0.01609 45985 4916 4809.8 0 0
2.831e+05 1.4247 0.19888 1.4703 -1.1225 0.33688 0 398.49 -17.036 -0.14054 0.016087 45985 4917 4810.9 0 0
2.832e+05 1.4835 0.19953 1.499 -1.105 0.32561 0 415.7 -24.217 -0.14145 0.016087 45985 4917 4812 0 0
2.833e+05 1.4692 0.20556 1.3069 -1.2763 0.35967 0 395.57 -20.56 -0.14236 0.016087 45985 4917 4813.1 0 0
2.834e+05 1.4318 0.13298 1.3866 -1.253 0.32966 0 405.66 -39.31 -0.14327 0.016084 45985 4918 4814.3 0 0
2.835e+05 1.4903 0.14657 1.4006 -1.2995 0.33251 0 395.42 -41.126 -0.14418 0.016084 45985 4918 4815.4 0 0
2.836e+05 1.4481 0.13597 1.3778 -1.1931 0.36378 0 393.56 -40.045 -0.14509 0.01609 45985 4916 4816.6 0 0
2.837e+05 1.4961 0.13914 1.533 -1.1624 0.34256 0 417.75 -44.766 -0.146 0.016094 45985 4915 4817.9 0 0
2.838e+05 1.4427 0.14497 1.4259 -1.2775 0.34584 0 375.96 -36.018 -0.14691 0.01609 45985 4916 4819.3 0 0
2.839e+05 1.4212 0.11571 1.4537 -1.0389 0.36828 0 440.96 -43.236 -0.14782 0.016084 45985 4918 4820.7 0 0
2.84e+05 1.4843 0.1463 1.5103 -1.1456 0.33027 0 441.3 -40.242 -0.14872 0.016077 45985 4920 4822.2 0 0
2.841e+05 1.4017 0.1099 1.4098 -1.0424 0.31287 0 428.95 -43.226 -0.14963 0.016077 45985 4920 4823.6 0 0
2.842e+05 1.3847 0.10579 1.3945 -1.1506 0.32486 0 420.63 -42.819 -0.15054 0.016074 45985 4921 4825.1 0 0
2.843e+05 1.3623 0.10974 1.3937 -1.0865 0.33644 0 431.53 -40.306 -0.15144 0.016071 45985 4922 4826.6 0 0
2.844e+05 1.3938 0.11762 1.4638 -1.1375 0.35007 0 437.24 -39.72 -0.15235 0.016071 45985 4922 4827.9 0 0
2.845e+05 1.4368 0.13251 1.4228 -1.2252 0.33737 0 438.06 -39.805 -0.15326 0.016074 45985 4921 4829.1 0 0
2.846e+05 1.4361 0.13566 1.4272 -1.0456 0.35561 0 440.52 -38.643 -0.15416 0.016071 45985 4922 4830.5 0 0
2.847e+05 1.4467 0.16382 1.3919 -1.2559 0.34435 0 426.99 -29.291 -0.15507 0.016068 45985 4923 4831.7 0 0
2.848e+05 1.3575 0.14414 1.3451 -1.1821 0.38414 0 431.84 -30.747 -0.15597 0.016064 45985 4924 4833 0 0
2.849e+05 1.4339 0.12941 1.462 -1.1447 0.36047 0 437.8 -40.145 -0.15688 0.016068 45985 4923 4834.3 0 0
2.85e+05 1.4333 0.12385 1.4203 -1.0729 0.35236 0 416.31 -41.778 -0.15778 0.016071 45985 4922 4835.7 0 0
2.851e+05 1.4347 0.15482 1.3433 -1.3313 0.34592 0 429.7 -31.365 -0.15869 0.016068 45985 4923 4837.1 0 0
2.852e+05 1.4748 0.13482 1.4564 -1.3493 0.34287 0 408.62 -42.783 -0.15959 0.016061 45985 4925 4838.4 0 0
2.853e+05 1.4592 0.12557 1.4326 -1.2145 0.33947 0 428.92 -43.84 -0.16049 0.016064 45985 4924 4839.7 0 0
2.854e+05 1.3971 0.15395 1.4503 -1.0005 0.37651 0 426.79 -29.06 -0.1614 0.016068 45985 4923 4840.9 0 0
2.855e+05 1.4085 0.13896 1.4998 -1.0398 0.33422 0 428.55 -34.622 -0.1623 0.016068 45985 4923 4842 0 0
2.856e+05 1.4302 0.14174 1.5029 -1.0862 0.34194 0 429.51 -35.624 -0.1632 0.016068 45985 4923 4843.2 0 0
2.857e+05 1.451 0.18077 1.5286 -1.0052 0.39194 0 409.61 -24.28 -0.16411 0.016061 45985 4925 4844.3 0 0
2.858e+05 1.3436 0.16503 1.4735 -1.0749 0.3731 0 438.45 -24.352 -0.16501 0.016061 45985 4925 4845.4 0 0
2.859e+05 1.4652 0.15937 1.5894 -1.1479 0.33022 0 399.5 -32.902 -0.16591 0.016061 45985 4925 4846.4 0 0
2.86e+05 1.4344 0.14761 1.4445 -1.0473 0.3849 0 398.37 -33.881 -0.16681 0.016051 45985 4928 4847.4 0 0
2.861e+05 1.498 0.14625 1.5749 -0.93437 0.35442 0 424.42 -41.941 -0.16771 0.016048 45985 4929 4848.6 0 0
2.862e+05 1.4366 0.15487 1.4347 -1.2436 0.33111 0 446.91 -31.187 -0.16861 0.016045 45985 4930 4849.8 0 0
2.863e+05 1.3422 0.17185 1.3912 -1.0696 0.33464 0 414.18 -22.084 -0.16951 0.016042 45985 4931 4850.9 0 0
2.864e+05 1.5017 0.21044 1.5344 -1.2059 0.34256 0 410.32 -25.708 -0.17041 0.016051 45985 4928 4851.9 0.15274 0
2.865e+05 1.4675 0.21201 1.5219 -1.1648 0.35113 0 414.08 -19.252 -0.17131 0.016051 45985 4928 4853 0 0
2.866e+05 1.461 0.2175 1.4731 -1.3461 0.33139 0 402.85 -17.463 -0.17221 0.016055 45985 4927 4853.9 0 0
2.867e+05 1.4755 0.17829 1.5682 -1.0528 0.3581 0 408.69 -27.724 -0.17311 0.016055 45985 4927 4855 0 0
2.868e+05 1.4042 0.18442 1.4889 -1.1562 0.32953 0 418.66 -19.39 -0.17401 0.016048 45985 4929 4856.1 0 0
2.869e+05 1.3016 0.19822 1.4272 -1.2876 0.34414 0 410.45 -12.392 -0.17491 0.016038 45985 4932 4857.2 0 0
2.87e+05 1.4031 0.17071 1.5127 -1.2155 0.34486 0 400.49 -23.467 -0.17581 0.016045 45985 4930 4858.3 0 0
2.871e+05 1.3619 0.16529 1.448 -1.0809 0.33996 0 430.76 -24.24 -0.1767 0.016045 45985 4930 4859.4 0 0
2.872e+05 1.2605 0.16441 1.4206 -1.0909 0.37928 0 397.28 -23.586 -0.1776 0.016035 45985 4933 4860.6 0 0
2.873e+05 1.4589 0.16593 1.5213 -1.1837 0.3539 0 419.8 -29.643 -0.1785 0.016029 45985 4935 4861.8 0 0
2.874e+05 1.4495 0.15295 1.4124 -1.2602 0.35546 0 420.78 -32.796 -0.1794 0.016032 45985 4934 4862.8 0 0
2.875e+05 1.4154 0.1457 1.4845 -1.1471 0.35918 0 378.57 -32.706 -0.18029 0.016032 45985 4934 4864 0 0
2.876e+05 1.3426 0.16281 1.4777 -1.0804 0.3337 0 386.08 -24.983 -0.18119 0.016029 45985 4935 4865.1 0 0
2.877e+05 1.3563 0.13607 1.4028 -1.4599 0.34992 0 391.52 -32.702 -0.18208 0.016032 45985 4934 4866.1 0 0
2.878e+05 1.4066 0.18013 1.4944 -1.3901 0.36948 0 384.53 -20.725 -0.18298 0.016035 45985 4933 4867.3 0 0
2.879e+05 1.3299 0.16807 1.3392 -1.1525 0.3617 0 402.66 -23.426 -0.18388 0.016035 45985 4933 4868.3 0 0
2.88e+05 1.4007 0.14211 1.4165 -1.173 0.35552 0 385.23 -32.732 -0.18477 0.016032 45985 4934 4869.4 0 0
2.881e+05 1.337 0.1724 1.1736 -1.4175 0.35179 0 398.74 -21.606 -0.18567 0.016016 45985 4939 4870.5 0 0
2.882e+05 1.3797 0.17764 1.3598 -1.2138 0.33163 0 392.66 -20.27 -0.18656 0.016019 45985 4938 4871.5 0 0
2.883e+05 1.3179 0.1637 1.3292 -1.067 0.37186 0 390.2 -25.002 -0.18745 0.016019 45985 4938 4872.6 0 0
2.884e+05 1.4966 0.14758 1.5882 -1.1356 0.39885 0 397.73 -40.822 -0.18835 0.016016 45985 4939 4873.6 0 0
2.885e+05 1.4349 0.15728 1.4494 -1.2282 0.37347 0 415.45 -29.82 -0.18924 0.016019 45985 4938 4874.9 0 0
2.886e+05 1.4082 0.1453 1.4577 -0.98079 0.34626 0 415.58 -32.092 -0.19013 0.016019 45985 4938 4876 0 0
2.887e+05 1.3656 0.17918 1.3816 -1.1625 0.34899 0 419 -19.452 -0.19103 0.016016 45985 4939 4877.2 0 0
2.888e+05 1.457 0.10843 1.5098 -1.2643 0.36261 0 422.01 -48.221 -0.19192 0.016016 45985 4939 4878.4 0 0
2.889e+05 1.3184 0.15715 1.4468 -1.0289 0.31839 0 416.95 -27.257 -0.19281 0.016009 45985 4941 4879.5 0 0
2.89e+05 1.3552 0.15279 1.3954 -1.1905 0.32479 0 396.76 -27.982 -0.1937 0.016016 45985 4939 4880.5 0 0
2.891e+05 1.3606 0.13165 1.4029 -1.4005 0.35294 0 399.51 -33.905 -0.1946 0.016019 45985 4938 4881.4 0 0
2.892e+05 1.3692 0.16171 1.5603 -1.0426 0.36071 0 421.91 -24.97 -0.19549 0.016019 45985 4938 4882.4 0 0
2.893e+05 1.3755 0.16917 1.4838 -1.0828 0.36898 0 398.57 -22.568 -0.19638 0.016019 45985 4938 4883.4 0 0
2.894e+05 1.4466 0.19088 1.5169 -1.2638 0.30648 0 405.7 -21.063 -0.19727 0.016016 45985 4939 4884.3 0 0
2.895e+05 1.3583 0.15532 1.4804 -1.2344 0.35927 0 410.91 -26.985 -0.19816 0.016012 45985 4940 4885.3 0 0
2.896e+05 1.3298 0.14707 1.4427 -1.0635 0.3401 0 419.69 -29.452 -0.19905 0.016006 45985 4942 4886.3 0 0
2.897e+05 1.3322 0.14704 1.445 -0.98917 0.36014 0 404.43 -29.413 -0.19994 0.016012 45985 4940 4887.4 0 0
2.898e+05 1.323 0.15998 1.2444 -1.2519 0.32552 0 407.6 -26.244 -0.20083 0.016006 45985 4942 4888.5 0 0
2.899e+05 1.3098 0.16006 1.3021 -1.1131 0.37605 0 407.69 -25.946 -0.20172 0.016003 45985 4943 4889.5 0 0
2.9e+05 1.2786 0.15432 1.2403 -1.1457 0.32484 0 399.21 -27.378 -0.20261 0.015999 45985 4944 4890.5 0 0
2.901e+05 1.2645 0.15639 1.2 -1.2828 0.36777 0 393.37 -26.995 -0.2035 0.015993 45985 4946 4891.4 0 0
2.902e+05 1.2806 0.16727 1.2383 -1.2379 0.36074 0 393.18 -22.858 -0.20438 0.015999 45985 4944 4892.4 0 0
2.903e+05 1.3837 0.14791 1.1659 -1.0902 0.35161 0 398.94 -29.762 -0.20527 0.015999 45985 4944 4893.4 0 0
2.904e+05 1.3353 0.18646 1.1305 -1.0465 0.33296 0 389.37 -16.841 -0.20616 0.015999 45985 4944 4894.4 0 0
2.905e+05 1.3026 0.14133 1.2254 -1.2852 0.33579 0 394.41 -29.947 -0.20705 0.016003 45985 4943 4895.4 0 0
2.906e+05 1.287 0.18095 1.0537 -1.1241 0.34773 0 403.07 -17.543 -0.20793 0.015993 45985 4946 4896.4 0 0
2.907e+05 1.263 0.16706 1.1055 -1.2431 0.34895 0 410.36 -22.234 -0.20882 0.015986 45985 4948 4897.3 0 0
2.908e+05 1.2429 0.18741 1.003 -1.4905 0.34827 0 376.6 -14.965 -0.20971 0.015983 45985 4949 4898.3 0 0
2.909e+05 1.2559 0.14731 1.1427 -1.2574 0.35362 0 380.13 -30.077 -0.21059 0.01599 45985 4947 4899.3 0 0
2.91e+05 1.338 0.14083 1.1733 -1.1182 0.33243 0 382.86 -30.747 -0.21148 0.015993 45985 4946 4900.3 0 0
2.911e+05 1.2622 0.15484 1.1684 -1.1298 0.37094 0 385.18 -27.224 -0.21236 0.015993 45985 4946 4901.4 0 0
2.912e+05 1.3606 0.15407 1.2363 -1.1589 0.37143 0 390.28 -27.184 -0.21325 0.016003 45985 4943 4902.4 0 0
2.913e+05 1.3321 0.15199 1.1009 -1.1933 0.32429 0 378.92 -27.747 -0.21413 0.015993 45985 4946 4903.4 0 0
2.914e+05 1.316 0.17252 1.1166 -1.1307 0.35623 0 398.24 -20.966 -0.21502 0.015993 45985 4946 4904.4 0 0
2.915e+05 1.2776 0.1614 1.1468 -1.2218 0.31934 0 401.28 -24.745 -0.2159 0.015993 45985 4946 4905.4 0 0
2.916e+05 1.3293 0.1964 1.2342 -1.0572 0.33057 0 418.1 -13.561 -0.21679 0.015983 45985 4949 4906.4 0 0
2.917e+05 1.3552 0.17057 1.3613 -0.78966 0.3516 0 400.13 -21.847 -0.21767 0.015986 45985 4948 4907.4 0 0
2.918e+05 1.3394 0.1689 1.2984 -1.0675 0.34297 0 389.33 -22.072 -0.21855 0.015986 45985 4948 4908.4 0 0
2.919e+05 1.3721 0.14145 1.3228 -1.1494 0.34857 0 413.5 -30.86 -0.21944 0.015983 45985 4949 4909.3 0 0
2.92e+05 1.3591 0.15166 1.167 -1.0661 0.35446 0 401.42 -27.644 -0.22032 0.015986 45985 4948 4910.4 0 0
2.921e+05 1.3747 0.14013 1.383 -1.2752 0.34731 0 392.77 -31.442 -0.2212 0.015986 45985 4948 4911.4 0 0
2.922e+05 1.3594 0.14194 1.3013 -1.1917 0.36453 0 402.77 -30.573 -0.22208 0.015986 45985 4948 4912.5 0 0
2.923e+05 1.2805 0.14491 1.1748 -0.96558 0.36097 0 389.19 -29.129 -0.22297 0.015993 45985 4946 4913.6 0 0
2.924e+05 1.3973 0.16379 1.3208 -0.94311 0.35469 0 401.18 -24.922 -0.22385 0.015986 45985 4948 4914.6 0 0
2.925e+05 1.3505 0.15423 1.3132 -1.0471 0.37329 0 381.06 -26.827 -0.22473 0.015986 45985 4948 4915.6 0 0
2.926e+05 1.2841 0.15714 1.1763 -0.99281 0.36869 0 393.21 -25.71 -0.22561 0.015986 45985 4948 4916.6 0 0
2.927e+05 1.3184 0.17019 1.1743 -0.81788 0.35294 0 412.98 -21.424 -0.22649 0.01599 45985 4947 4917.4 0 0
2.928e+05 1.3593 0.17348 1.2372 -1.156 0.34209 0 400.18 -20.821 -0.22737 0.015986 45985 4948 4918.3 0 0
2.929e+05 1.3653 0.18002 1.2217 -1.1954 0.3252 0 397.46 -18.759 -0.22825 0.015986 45985 4948 4919.3 0 0
2.93e+05 1.328 0.15241 1.2153 -1.0842 0.34431 0 410.96 -27.016 -0.22913 0.015993 45985 4946 4920.2 0 0
2.931e+05 1.3385 0.17761 1.3577 -1.1824 0.3309 0 404.47 -19.181 -0.23001 0.015993 45985 4946 4921.1 0 0
2.932e+05 1.302 0.15088 1.429 -1.1625 0.3296 0 405.39 -27.252 -0.23089 0.015993 45985 4946 4922.1 0 0
2.933e+05 1.3162 0.17397 1.4223 -1.3275 0.35223 0 396.07 -20.045 -0.23177 0.015986 45985 4948 4923 0 0
2.934e+05 1.421 0.17175 1.4685 -1.1473 0.3488 0 416.64 -24.066 -0.23264 0.01599 45985 4947 4924 0 0
2.935e+05 1.4163 0.19592 1.4962 -1.2712 0.33089 0 408.78 -16.936 -0.23352 0.015993 45985 4946 4925 0 0
2.936e+05 1.4083 0.19417 1.4275 -1.2316 0.34327 0 420.3 -16.811 -0.2344 0.015993 45985 4946 4926 0 0
2.937e+05 1.3087 0.16457 1.3641 -1.1719 0.31862 0 409.43 -23.296 -0.23528 0.015996 45985 4945 4926.9 0 0
2.938e+05 1.3919 0.18642 1.4967 -1.0694 0.3502 0 428.34 -17.845 -0.23616 0.01599 45985 4947 4927.9 0 0
2.939e+05 1.3906 0.17801 1.4821 -1.0572 0.33563 0 408.15 -20.026 -0.23703 0.01598 45985 4950 4928.8 0 0
2.94e+05 1.3126 0.20073 1.4949 -1.0991 0.34465 0 432.77 -11.81 -0.23791 0.015983 45985 4949 4929.7 0 0
2.941e+05 1.3804 0.20007 1.4567 -1.3435 0.34305 0 429.31 -13.548 -0.23878 0.01598 45985 4950 4930.6 0 0
2.942e+05 1.4841 0.18473 1.5011 -1.2412 0.3697 0 409.9 -27.389 -0.23966 0.01597 45985 4953 4931.4 0 0
2.943e+05 1.4915 0.23169 1.6118 -1.2027 0.33371 0 393.15 -21.494 -0.24053 0.015961 45985 4956 4932.3 0 0
2.944e+05 1.4014 0.24373 1.476 -1.3178 0.34802 0 396.29 -7.7024 -0.24141 0.015967 45985 4954 4933.2 0 0
2.945e+05 1.3873 0.21532 1.3646 -1.2646 0.33403 0 400.5 -10.749 -0.24228 0.015954 45985 4958 4934 0 0
2.946e+05 1.3975 0.19955 1.4816 -1.1713 0.34535 0 405.8 -14.672 -0.24315 0.015948 45985 4960 4934.8 0 0
2.947e+05 1.4868 0.23052 1.533 -1.3446 0.35512 0 413.02 -20.546 -0.24402 0.015941 45986 4962 4935.6 0 0
2.948e+05 1.497 0.16839 1.5571 -1.0832 0.35155 0 405.18 -33.755 -0.2449 0.015932 45986 4965 4936.7 0 0
2.949e+05 1.4741 0.19309 1.519 -1.3427 0.34566 0 408.24 -23.509 -0.24577 0.015922 45986 4968 4937.6 0 0
2.95e+05 1.378 0.18849 1.4885 -1.0999 0.32643 0 424.26 -16.626 -0.24665 0.015925 45986 4967 4938.5 0 0
2.951e+05 1.3702 0.21148 1.3938 -1.1959 0.34191 0 400.13 -10.448 -0.24752 0.015925 45986 4967 4939.4 0 0
2.952e+05 1.4869 0.22369 1.5079 -1.0972 0.35072 0 419.99 -20.783 -0.24839 0.015922 45986 4968 4940.2 0 0
2.953e+05 1.3419 0.19399 1.458 -1.3831 0.3428 0 404.98 -14.351 -0.24926 0.015929 45986 4966 4941.1 0 0
2.954e+05 1.363 0.20427 1.459 -1.1521 0.33147 0 412.19 -11.89 -0.25013 0.015932 45986 4965 4941.9 0 0
2.955e+05 1.3797 0.16732 1.4697 -1.2604 0.35603 0 382.3 -22.621 -0.251 0.015938 45986 4963 4942.8 0 0
2.956e+05 1.3978 0.18751 1.4106 -1.2213 0.33455 0 404.03 -17.613 -0.25188 0.015935 45986 4964 4943.8 0 0
2.957e+05 1.3859 0.17641 1.3792 -1.1816 0.35075 0 401.99 -20.079 -0.25274 0.015938 45986 4963 4944.6 0 0
2.958e+05 1.4219 0.16782 1.4353 -1.2955 0.34889 0 409.91 -24.927 -0.25362 0.015929 45986 4966 4945.6 0 0
2.959e+05 1.3841 0.13849 1.4136 -1.2556 0.35079 0 407.96 -32.504 -0.25449 0.015932 45986 4965 4946.5 0 0
2.96e+05 1.3649 0.15998 1.4295 -1.2505 0.39659 0 385.81 -24.358 -0.25536 0.015938 45986 4963 4947.4 0 0
2.961e+05 1.4123 0.23203 1.4413 -1.1692 0.34284 0 400.99 -10.15 -0.25622 0.015935 45986 4964 4948.2 0 0
2.962e+05 1.3674 0.19173 1.4113 -1.201 0.36281 0 394.8 -15.02 -0.25709 0.015929 45986 4966 4949 0 0
2.963e+05 1.3293 0.18974 1.3758 -1.2763 0.34076 0 402.29 -15.26 -0.25795 0.015922 45986 4968 4949.9 0 0
2.964e+05 1.3529 0.17004 1.3441 -1.1272 0.34296 0 412.14 -21.14 -0.25882 0.015929 45986 4966 4950.7 0 0
2.965e+05 1.3231 0.20093 1.3934 -1.1408 0.35067 0 392.45 -11.687 -0.25969 0.015935 45987 4964 4951.5 0 0
2.966e+05 1.3543 0.16028 1.4511 -1.3794 0.33896 0 411.88 -24.355 -0.26056 0.015938 45987 4963 4952.5 0 0
2.967e+05 1.4128 0.16998 1.4786 -1.0688 0.33803 0 395.23 -23.477 -0.26143 0.015929 45987 4966 4953.4 0 0
2.968e+05 1.3611 0.13799 1.3946 -1.1779 0.34091 0 383.6 -31.544 -0.2623 0.015919 45987 4969 4954.5 0 0
2.969e+05 1.3902 0.1679 1.4132 -0.9481 0.35301 0 406.4 -22.284 -0.26316 0.015926 45987 4967 4955.6 0 0
2.97e+05 1.3462 0.12497 1.3883 -1.0676 0.34135 0 389.88 -34.815 -0.26403 0.015926 45987 4967 4956.7 0 0
2.971e+05 1.3356 0.14498 1.4109 -1.0507 0.36406 0 393.73 -28.87 -0.2649 0.015932 45987 4965 4957.8 0 0
2.972e+05 1.3294 0.18154 1.3935 -1.0488 0.37036 0 389.02 -17.703 -0.26577 0.015926 45987 4967 4958.9 0 0
2.973e+05 1.3437 0.15192 1.3795 -0.98881 0.36274 0 413.9 -26.636 -0.26663 0.015922 45987 4968 4960 0 0
2.974e+05 1.3426 0.14622 1.4036 -0.9098 0.35562 0 427.32 -28.314 -0.2675 0.015926 45987 4967 4961.1 0 0
2.975e+05 1.3759 0.15574 1.4257 -1.1168 0.33169 0 420.42 -25.985 -0.26837 0.015922 45987 4968 4962.2 0 0
2.976e+05 1.3262 0.16596 1.4075 -1.0907 0.33945 0 416.2 -22.361 -0.26923 0.015913 45987 4971 4963.2 0 0
2.977e+05 1.326 0.18379 1.4494 -1.3115 0.33232 0 421.02 -17.036 -0.2701 0.01591 45987 4972 4964.1 0 0
2.978e+05 1.3432 0.15069 1.3249 -1.1656 0.36699 0 398.17 -26.751 -0.27096 0.01591 45987 4972 4965 0 0
2.979e+05 1.3432 0.17874 1.4455 -1.4343 0.33896 0 428.1 -18.433 -0.27183 0.015913 45987 4971 4966 0 0
2.98e+05 1.3127 0.15791 1.3143 -0.96687 0.34183 0 409.73 -24.821 -0.27269 0.015906 45987 4973 4967 0 0
2.981e+05 1.3112 0.15744 1.1918 -1.0449 0.35606 0 409.82 -24.896 -0.27356 0.01591 45987 4972 4968 0 0
2.982e+05 1.2707 0.17348 1.352 -1.0765 0.33968 0 422.22 -19.643 -0.27442 0.01591 45987 4972 4969 0 0
2.983e+05 1.3199 0.15438 1.4095 -1.1217 0.3735 0 401.61 -25.561 -0.27529 0.01591 45987 4972 4970 0 0
2.984e+05 1.2911 0.14938 1.3946 -0.98868 0.33904 0 405.81 -27.377 -0.27615 0.0159 45987 4975 4971 0 0
2.985e+05 1.306 0.13655 1.3571 -1.0809 0.33504 0 412.06 -30.751 -0.27702 0.01589 45987 4978 4972 0 0
2.986e+05 1.3188 0.1694 1.3714 -1.1149 0.33659 0 402.57 -20.769 -0.27788 0.015894 45987 4977 4973.1 0 0
2.987e+05 1.3258 0.16487 1.415 -1.0107 0.33687 0 414.88 -22.245 -0.27874 0.015897 45987 4976 4974.1 0 0
2.988e+05 1.2907 0.19634 1.3636 -0.88753 0.34597 0 402 -12.635 -0.2796 0.015897 45987 4976 4975.2 0 0
2.989e+05 1.3595 0.18713 1.4033 -1.1954 0.35948 0 418.75 -16.294 -0.28047 0.01589 45987 4978 4976.1 0 0
2.99e+05 1.4774 0.13924 1.4525 -0.97377 0.34012 0 427.14 -40.995 -0.28133 0.015887 45987 4979 4977 0 0
2.991e+05 1.4434 0.16662 1.4866 -1.1083 0.34693 0 426.14 -27.034 -0.28219 0.015881 45987 4981 4978 0 0
2.992e+05 1.3948 0.19377 1.3723 -1.1921 0.33227 0 420.05 -15.49 -0.28305 0.015878 45987 4982 4979.1 0 0
2.993e+05 1.4051 0.12787 1.3991 -0.88247 0.33678 0 431.33 -37.074 -0.28391 0.015881 45987 4981 4980.1 0 0
2.994e+05 1.3595 0.16012 1.2607 -0.8618 0.35843 0 432.97 -23.832 -0.28477 0.015884 45987 4980 4981.2 0 0
2.995e+05 1.3733 0.16346 1.0241 -1.2337 0.33962 0 432.27 -23.03 -0.28563 0.015887 45987 4979 4982.2 0 0
2.996e+05 1.3965 0.15688 0.99074 -1.0333 0.34984 0 414.3 -26.142 -0.28649 0.01589 45987 4978 4983.4 0 0
2.997e+05 1.3379 0.17042 1.198 -1.091 0.33685 0 419.04 -20.269 -0.28735 0.015887 45987 4979 4984.4 0 0
2.998e+05 1.3967 0.19159 1.3233 -1.0174 0.35013 0 407.07 -16.163 -0.28821 0.01589 45987 4978 4985.4 0 0
2.999e+05 1.378 0.14963 1.3522 -1.0469 0.36077 0 423.75 -27.589 -0.28907 0.015894 45987 4977 4986.4 0 0
3e+05 1.4988 0.23 1.509 -1.1418 0.37885 0 441.43 -22.853 -0.28993 0.015894 45987 4977 4987.4 0 0
3.001e+05 1.4031 0.18677 1.4381 -1.0428 0.34114 0 425.89 -17.797 -0.29079 0.015893 45987 4977 4988.2 0 0
3.002e+05 1.4319 0.16011 1.4723 -1.1112 0.35181 0 424.28 -27.988 -0.29164 0.015887 45987 4979 4989.3 0 0
3.003e+05 1.3474 0.18442 1.4448 -1.186 0.34793 0 439.02 -16.77 -0.2925 0.015881 45987 4981 4990.1 0 0
3.004e+05 1.3488 0.16392 1.3878 -1.182 0.35654 0 450.74 -22.304 -0.29335 0.015881 45987 4981 4990.9 0 0
3.005e+05 1.3423 0.17849 1.3526 -1.0235 0.3527 0 420.88 -18.23 -0.29421 0.015884 45987 4980 4991.7 0 0
3.006e+05 1.3512 0.18035 1.3917 -1.078 0.36298 0 410.59 -17.614 -0.29507 0.015878 45987 4982 4992.6 0 0
3.007e+05 1.3403 0.15273 1.3473 -1.0965 0.4047 0 421.86 -25.566 -0.29592 0.015874 45987 4983 4993.5 0 0
3.008e+05 1.3836 0.16535 1.4045 -1.0658 0.4102 0 416.42 -22.45 -0.29678 0.015874 45987 4983 4994.5 0 0
3.009e+05 1.416 0.15181 1.5075 -1.2157 0.33972 0 421.71 -29.143 -0.29764 0.015871 45987 4984 4995.5 0 0
3.01e+05 1.4085 0.16036 1.406 -1.2899 0.3414 0 421.91 -25.772 -0.29849 0.015868 45987 4985 4996.7 0 0
3.011e+05 1.3627 0.18023 1.4481 -1.182 0.36154 0 413.45 -17.694 -0.29935 0.015868 45987 4985 4997.6 0 0
3.012e+05 1.4085 0.1935 1.3822 -1.1813 0.36566 0 428.73 -16.528 -0.3002 0.015865 45987 4986 4998.7 0 0
3.013e+05 1.4637 0.15434 1.4971 -1.0724 0.29274 0 395.97 -33.314 -0.30106 0.015852 45987 4990 4999.7 0 0
3.014e+05 1.3486 0.14959 1.262 -1.3316 0.30141 0 403 -26.546 -0.30191 0.015855 45987 4989 5000.6 0 0
3.015e+05 1.3909 0.15931 1.4208 -1.2379 0.31425 0 405.24 -24.66 -0.30277 0.015855 45987 4989 5001.8 0 0
3.016e+05 1.4426 0.13633 1.3719 -1.0227 0.31219 0 407.53 -37.571 -0.30362 0.015855 45987 4989 5003.1 0 0
3.017e+05 1.4208 0.1542 1.4033 -1.0943 0.29359 0 413.07 -28.477 -0.30448 0.015852 45987 4990 5004.1 0 0
3.018e+05 1.476 0.14878 1.492 -1.2299 0.34186 0 408.44 -36.941 -0.30533 0.015855 45987 4989 5005 0 0
3.019e+05 1.4189 0.14924 1.4756 -1.1366 0.34151 0 420.81 -30.027 -0.30618 0.015859 45987 4988 5006.2 0 0
3.02e+05 1.357 0.1713 1.4326 -1.1529 0.30922 0 403.66 -19.969 -0.30704 0.015855 45987 4989 5007.5 0 0
3.021e+05 1.4198 0.12086 1.482 -1.2639 0.2975 0 398.1 -40.564 -0.30789 0.015855 45987 4989 5008.9 0 0
3.022e+05 1.4256 0.14123 1.5035 -1.0378 0.30237 0 412.77 -33.591 -0.30874 0.015849 45987 4991 5010.1 0 0
3.023e+05 1.2632 0.14335 1.3047 -1.1365 0.32085 0 407.62 -29.826 -0.3096 0.015839 45987 4994 5011.2 0 0
3.024e+05 1.3916 0.1247 1.3855 -1.1756 0.31758 0 416.64 -36.914 -0.31045 0.01583 45987 4997 5012.4 0 0
3.025e+05 1.3322 0.15173 1.4367 -1.2804 0.32377 0 407.71 -25.878 -0.3113 0.015817 45987 5001 5013.6 0 0
3.026e+05 1.3886 0.13247 1.444 -1.2025 0.32426 0 422.72 -33.758 -0.31216 0.015817 45987 5001 5014.7 0 0
3.027e+05 1.3135 0.12771 1.3493 -1.1801 0.32063 0 409.34 -33.004 -0.31301 0.01582 45987 5000 5015.9 0 0
3.028e+05 1.3876 0.13013 1.4867 -1.0723 0.30309 0 432.09 -34.455 -0.31386 0.015802 45987 5006 5017 0 0
3.029e+05 1.449 0.16841 1.4613 -1.3139 0.30527 0 418.13 -26.958 -0.31471 0.015811 45987 5003 5018.2 0 0
3.03e+05 1.426 0.1027 1.446 -1.2925 0.30269 0 396.59 -46.827 -0.31556 0.015795 45987 5008 5019.3 0 0
3.031e+05 1.4245 0.12055 1.4574 -1.3132 0.30247 0 380.68 -40.904 -0.31641 0.015792 45987 5009 5020.7 0 0
3.032e+05 1.3679 0.10141 1.3716 -1.202 0.30115 0 429.6 -43.012 -0.31726 0.015792 45987 5009 5022 0 0
3.033e+05 1.4586 0.13605 1.5539 -1.1317 0.32078 0 439.83 -39.072 -0.31811 0.015792 45987 5009 5023.4 0 0
3.034e+05 1.3815 0.13424 1.4299 -1.2473 0.3137 0 431.41 -32.711 -0.31896 0.015792 45987 5009 5024.7 0 0
3.035e+05 1.403 0.15877 1.3978 -1.0907 0.30138 0 401.32 -25.507 -0.31981 0.015789 45987 5010 5025.8 0 0
3.036e+05 1.2931 0.14621 1.2652 -1.2581 0.315 0 418.17 -27.884 -0.32066 0.015783 45987 5012 5026.8 0 0
3.037e+05 1.2939 0.14266 1.3923 -1.0051 0.32629 0 411.19 -28.801 -0.32151 0.015786 45987 5011 5027.8 0 0
3.038e+05 1.372 0.15939 1.3413 -1.3056 0.30638 0 392.3 -23.791 -0.32236 0.015792 45987 5009 5028.9 0 0
3.039e+05 1.3533 0.15289 1.3799 -1.3417 0.29832 0 408.6 -25.288 -0.3232 0.015783 45987 5012 5029.8 0 0
3.04e+05 1.3553 0.15722 1.5176 -1.4449 0.31532 0 393.05 -23.945 -0.32405 0.015776 45988 5014 5030.8 0 0
3.041e+05 1.2875 0.16757 1.3922 -0.93782 0.32122 0 414.63 -21.736 -0.3249 0.015773 45988 5015 5031.8 0 0
3.042e+05 1.3343 0.16024 1.4054 -1.1128 0.34082 0 411.47 -23.008 -0.32575 0.01577 45988 5016 5032.8 0 0
3.043e+05 1.3238 0.14536 1.3772 -1.1373 0.29768 0 408.42 -27.3 -0.32659 0.015761 45988 5019 5033.8 0 0
3.044e+05 1.2562 0.21505 1.3653 -1.2039 0.31124 0 407.47 -5.6427 -0.32744 0.015751 45988 5022 5034.8 0 0
3.045e+05 1.2954 0.17136 1.3356 -1.0825 0.32999 0 419.29 -20.549 -0.32828 0.015748 45988 5023 5035.8 0 0
3.046e+05 1.3575 0.14174 1.4114 -1.0842 0.3176 0 416.37 -28.788 -0.32913 0.015748 45988 5023 5036.8 0 0
3.047e+05 1.2463 0.15616 1.3909 -1.3826 0.29729 0 417.5 -27.362 -0.32998 0.015742 45988 5025 5037.8 0 0
3.048e+05 1.2768 0.13827 1.409 -1.2449 0.30657 0 386.05 -30.457 -0.33082 0.015745 45988 5024 5038.8 0 0
3.049e+05 1.3056 0.13033 1.4417 -1.0166 0.30974 0 400.77 -32.007 -0.33167 0.015742 45988 5025 5039.9 0 0
3.05e+05 1.309 0.18124 1.4252 -1.2381 0.3024 0 411.26 -17.068 -0.33251 0.015732 45988 5028 5040.9 0 0
3.051e+05 1.3082 0.19026 1.4013 -0.93507 0.3083 0 397.63 -14.518 -0.33336 0.015745 45988 5024 5041.9 0 0
3.052e+05 1.3407 0.13742 1.4676 -1.2353 0.33535 0 409.46 -29.82 -0.3342 0.015748 45988 5023 5042.9 0 0
3.053e+05 1.2627 0.1365 1.3737 -1.0578 0.32985 0 420.58 -30.957 -0.33505 0.015751 45988 5022 5044 0 0
3.054e+05 1.3299 0.1431 1.4378 -1.149 0.31797 0 404.44 -27.876 -0.33589 0.015751 45988 5022 5045.1 0 0
3.055e+05 1.312 0.13504 1.4833 -1.1255 0.31745 0 427.49 -30.418 -0.33674 0.015748 45988 5023 5046.2 0 0
3.056e+05 1.303 0.16212 1.459 -1.0933 0.29565 0 387.75 -22.463 -0.33758 0.015742 45988 5025 5047.1 0 0
3.057e+05 1.3483 0.18796 1.5596 -1.2728 0.2993 0 409.75 -15.49 -0.33842 0.015742 45988 5025 5048.1 0 0
3.058e+05 1.4157 0.16121 1.5055 -1.306 0.31217 0 407.27 -25.668 -0.33926 0.015742 45988 5025 5049.2 0 0
3.059e+05 1.3522 0.12935 1.3632 -1.2196 0.32959 0 405.04 -32.814 -0.34011 0.015732 45988 5028 5050.5 0 0
3.06e+05 1.4296 0.12039 1.4623 -1.3612 0.33055 0 385.15 -41.411 -0.34095 0.015732 45988 5028 5051.8 0 0
3.061e+05 1.3778 0.1288 1.4049 -1.0196 0.33376 0 409.54 -34.149 -0.34179 0.015723 45988 5031 5053 0 0
3.062e+05 1.3734 0.14475 1.4198 -1.2234 0.32009 0 399.65 -28.122 -0.34263 0.01572 45988 5032 5054.3 0 0
3.063e+05 1.4576 0.14075 1.4423 -1.1402 0.33311 0 395.21 -37.273 -0.34347 0.01572 45988 5032 5055.6 0 0
3.064e+05 1.4203 0.12576 1.4391 -0.91263 0.30562 0 398.77 -38.267 -0.34432 0.015726 45988 5030 5057.1 0 0
3.065e+05 1.4237 0.12677 1.4955 -1.1623 0.324 0 384.44 -38.147 -0.34516 0.015726 45988 5030 5058.4 0 0
3.066e+05 1.3974 0.15383 1.4372 -0.95733 0.31767 0 397.97 -26.474 -0.346 0.01572 45988 5032 5059.4 0 0
3.067e+05 1.3309 0.14717 1.3457 -1.2245 0.32235 0 389.68 -26.3 -0.34684 0.015714 45988 5034 5060.4 0 0
3.068e+05 1.3275 0.16207 1.4301 -1.2766 0.37767 0 401.88 -22.217 -0.34768 0.015717 45988 5033 5061.4 0 0
3.069e+05 1.3208 0.18127 1.3579 -1.1229 0.31928 0 405.22 -17.063 -0.34852 0.015714 45988 5034 5062.3 0 0
3.07e+05 1.3445 0.16461 1.4406 -1.3169 0.31757 0 399.94 -21.254 -0.34936 0.015707 45988 5036 5063.2 0 0
3.071e+05 1.263 0.1974 1.3318 -1.4538 0.32416 0 402.78 -11.079 -0.35019 0.015701 45988 5038 5064.1 0 0
3.072e+05 1.2471 0.15987 1.2988 -1.4084 0.31212 0 407.16 -25.594 -0.35103 0.015716 45988 5033 5065 0 0
3.073e+05 1.3598 0.15428 1.4194 -1.2879 0.31116 0 395.75 -24.532 -0.35187 0.015703 45988 5037 5065.9 0 0
3.074e+05 1.3046 0.14298 1.3497 -1.6645 0.30174 0 424.61 -27.864 -0.35271 0.015691 45988 5041 5066.9 0 0
3.075e+05 1.3461 0.14265 1.4437 -1.1662 0.32523 0 391.91 -28.006 -0.35355 0.015675 45988 5046 5068 0 0
3.076e+05 1.3785 0.12028 1.389 -1.0765 0.31316 0 383.12 -36.561 -0.35438 0.015678 45988 5045 5069 0 0
3.077e+05 1.3223 0.14093 1.4203 -1.1788 0.30964 0 422.29 -27.773 -0.35522 0.015685 45988 5043 5070.1 0 0
3.078e+05 1.3235 0.15741 1.353 -1.3583 0.32333 0 392.48 -23.34 -0.35606 0.015688 45988 5042 5071.1 0 0
3.079e+05 1.3146 0.18404 1.375 -1.2258 0.31855 0 396.54 -16.136 -0.3569 0.015691 45988 5041 5072 0 0
3.08e+05 1.3595 0.16173 1.3158 -1.4408 0.29941 0 384.16 -22.26 -0.35773 0.015691 45988 5041 5073 0 0
3.081e+05 1.3335 0.15672 1.388 -1.2692 0.31686 0 384.75 -23.292 -0.35857 0.015703 45988 5037 5074 0 0
3.082e+05 1.286 0.13819 1.364 -1.3026 0.31826 0 409.62 -29.555 -0.35941 0.015703 45988 5037 5075 0 0
3.083e+05 1.2626 0.14218 1.3333 -1.1939 0.31734 0 404.72 -29.595 -0.36024 0.0157 45988 5038 5076.1 0 0
3.084e+05 1.2474 0.15531 1.2507 -1.2299 0.30499 0 389.34 -27.495 -0.36108 0.0157 45988 5038 5077.2 0 0
3.085e+05 1.3496 0.19902 1.3487 -1.2912 0.32927 0 390.54 -12.535 -0.36191 0.015697 45988 5039 5078.1 0 0
3.086e+05 1.3161 0.1734 1.3854 -1.1922 0.31261 0 370.72 -18.47 -0.36275 0.015697 45988 5039 5079 0 0
3.087e+05 1.2393 0.15167 1.2535 -1.1653 0.3094 0 405.87 -28.815 -0.36358 0.015694 45988 5040 5080 0 0
3.088e+05 1.3515 0.11507 1.3852 -0.95472 0.29526 0 389.3 -37.023 -0.36442 0.015691 45988 5041 5081 0 0
3.089e+05 1.2839 0.15118 1.4057 -1.312 0.33602 0 411.24 -25.6 -0.36525 0.015688 45988 5042 5082 0 0
3.09e+05 1.2959 0.17361 1.3433 -1.1218 0.33252 0 391.29 -19.007 -0.36608 0.015688 45988 5042 5083 0 0
3.091e+05 1.2618 0.19755 1.3492 -1.209 0.32378 0 399.74 -10.959 -0.36692 0.015682 45988 5044 5084 0 0
3.092e+05 1.3302 0.18618 1.4123 -1.3706 0.31013 0 411.23 -15.56 -0.36774 0.015676 45988 5046 5084.8 0 0
3.093e+05 1.2983 0.16579 1.3339 -1.3473 0.34204 0 367.37 -21.17 -0.36857 0.015676 45989 5046 5085.6 0 0
3.094e+05 1.2966 0.17703 1.419 -1.2624 0.3032 0 370.44 -17.809 -0.3694 0.015666 45989 5049 5086.5 0 0
3.095e+05 1.3032 0.1042 1.3602 -1.5032 0.32643 0 384.68 -40.557 -0.37023 0.01566 45989 5051 5087.4 0 0
3.096e+05 1.3053 0.10725 1.381 -1.0657 0.30827 0 382.09 -39.516 -0.37107 0.01566 45989 5051 5088.6 0 0
3.097e+05 1.4066 0.13324 1.5597 -1.1172 0.30875 0 393.73 -34.293 -0.3719 0.015657 45989 5052 5089.7 0 0
3.098e+05 1.2656 0.10762 1.3688 -1.1872 0.31396 0 407.21 -38.891 -0.37273 0.01566 45989 5051 5090.9 0 0
3.099e+05 1.2796 0.13241 1.4238 -1.1348 0.32761 0 394.95 -31.152 -0.37356 0.015663 45989 5050 5092 0 0
3.1e+05 1.3526 0.12253 1.46 -1.393 0.30747 0 405.37 -34.533 -0.37439 0.015663 45989 5050 5093.3 0 0
3.101e+05 1.352 0.11425 1.4472 -0.9602 0.3173 0 386.38 -37.083 -0.37522 0.015657 45989 5052 5094.6 0 0
3.102e+05 1.2667 0.17389 1.3254 -1.2063 0.31781 0 379.41 -18.667 -0.37606 0.01566 45989 5051 5095.9 0 0
3.103e+05 1.3926 0.11688 1.4554 -1.0277 0.30592 0 390.23 -38.415 -0.37689 0.015657 45989 5052 5097.1 0 0
3.104e+05 1.3011 0.14994 1.3132 -0.9489 0.3213 0 375.94 -25.335 -0.37772 0.015663 45989 5050 5098.3 0 0
3.105e+05 1.3119 0.13766 1.3363 -1.2743 0.31165 0 391.15 -28.757 -0.37855 0.015666 45989 5049 5099.5 0 0
3.106e+05 1.307 0.15785 1.4385 -1.089 0.29758 0 386.19 -22.715 -0.37938 0.01566 45989 5051 5100.6 0 0
3.107e+05 1.3108 0.15045 1.2983 -1.1029 0.31232 0 386.45 -24.823 -0.38021 0.01566 45989 5051 5101.6 0 0
3.108e+05 1.3376 0.18582 1.4216 -1.1474 0.31941 0 382.93 -15.628 -0.38104 0.015654 45989 5053 5102.6 0 0
3.109e+05 1.2355 0.14278 1.3254 -0.96589 0.33639 0 399.53 -31.179 -0.38187 0.015651 45989 5054 5103.5 0 0
3.11e+05 1.2688 0.17521 1.465 -1.0317 0.31 0 395.46 -18.164 -0.38269 0.015654 45989 5053 5104.5 0 0
3.111e+05 1.2968 0.18155 1.3946 -1.0871 0.32733 0 376.98 -16.432 -0.38352 0.015645 45989 5056 5105.5 0 0
3.112e+05 1.2533 0.17328 1.2856 -0.95198 0.30672 0 396.93 -19.386 -0.38435 0.015635 45989 5059 5106.5 0 0
3.113e+05 1.2452 0.15201 1.2693 -1.1341 0.29909 0 393.08 -28.081 -0.38518 0.015629 45989 5061 5107.4 0 0
3.114e+05 1.2772 0.15673 1.3557 -0.99452 0.30249 0 400.03 -24.06 -0.386 0.015626 45989 5062 5108.3 0 0
3.115e+05 1.2678 0.14404 1.361 -0.91566 0.32296 0 367.88 -28.461 -0.38683 0.015623 45989 5063 5109.2 0 0
3.116e+05 1.2309 0.15232 1.3038 -0.84631 0.33716 0 393.86 -28.848 -0.38766 0.015617 45989 5065 5110.3 0 0
3.117e+05 1.2106 0.15717 1.2749 -0.77549 0.31851 0 401.34 -29.302 -0.38849 0.015611 45989 5067 5111.3 0 0
3.118e+05 1.2687 0.14649 1.352 -1.09 0.32794 0 380.28 -27.676 -0.38931 0.01562 45989 5064 5112.4 0 0
3.119e+05 1.2488 0.1739 1.2083 -1.0921 0.32994 0 405.22 -19.368 -0.39014 0.015623 45989 5063 5113.5 0 0
3.12e+05 1.2974 0.16406 1.2648 -0.98196 0.3447 0 390.91 -21.225 -0.39096 0.01562 45989 5064 5114.5 0 0
3.121e+05 1.2979 0.17754 1.4151 -0.92014 0.3154 0 381.27 -17.46 -0.39179 0.01562 45989 5064 5115.5 0 0
3.122e+05 1.2746 0.16204 1.3946 -1.2412 0.31397 0 396.28 -22.443 -0.39261 0.015614 45989 5066 5116.4 0 0
3.123e+05 1.2491 0.15892 1.4335 -1.162 0.30662 0 423.4 -25.087 -0.39344 0.015614 45989 5066 5117.4 0 0
3.124e+05 1.2525 0.15531 1.3137 -0.9925 0.30524 0 406.29 -26.105 -0.39426 0.015614 45989 5066 5118.5 0 0
3.125e+05 1.295 0.12793 1.3547 -1.0673 0.3192 0 372.97 -31.429 -0.39509 0.015604 45989 5069 5119.7 0 0
3.126e+05 1.273 0.1356 1.2874 -0.97986 0.32329 0 379.35 -30.015 -0.39591 0.015611 45989 5067 5120.8 0 0
3.127e+05 1.3645 0.13804 1.3682 -1.1622 0.30893 0 394.3 -29.676 -0.39674 0.015608 45989 5068 5122 0 0
3.128e+05 1.3068 0.13349 1.39 -1.0064 0.31657 0 394.5 -29.759 -0.39756 0.015604 45989 5069 5123.2 0 0
3.129e+05 1.32 0.1575 1.3353 -1.206 0.32986 0 397.27 -22.606 -0.39838 0.015601 45989 5070 5124.3 0 0
3.13e+05 1.3359 0.1222 1.3227 -1.0043 0.32924 0 369.34 -33.597 -0.39921 0.015601 45989 5070 5125.4 0 0
3.131e+05 1.2801 0.10649 1.2616 -1.2237 0.31613 0 387.74 -39.202 -0.40003 0.015604 45989 5069 5126.6 0 0
3.132e+05 1.2722 0.14902 1.3434 -0.91701 0.31184 0 379.34 -26.294 -0.40085 0.015608 45989 5068 5127.8 0 0
3.133e+05 1.347 0.15301 1.3181 -1.0553 0.32415 0 386.41 -24.122 -0.40168 0.015608 45989 5068 5128.8 0 0
3.134e+05 1.2784 0.15133 1.3262 -0.99007 0.31639 0 372.35 -25.026 -0.4025 0.015611 45989 5067 5129.8 0 0
3.135e+05 1.2755 0.14979 1.3385 -0.99068 0.30926 0 396.37 -25.602 -0.40332 0.015608 45989 5068 5130.9 0 0
3.136e+05 1.2759 0.12783 1.3495 -1.0303 0.31415 0 399.36 -31.778 -0.40414 0.015611 45989 5067 5132 0 0
3.137e+05 1.2978 0.13382 1.3906 -1.0873 0.32041 0 414.79 -29.092 -0.40496 0.015611 45989 5067 5133.1 0 0
3.138e+05 1.3038 0.14996 1.3414 -0.98557 0.32612 0 384.19 -24.445 -0.40579 0.015608 45989 5068 5134.1 0 0
3.139e+05 1.2568 0.1394 1.3176 -1.0748 0.30776 0 389.94 -29.459 -0.40661 0.015598 45989 5071 5135.1 0 0
3.14e+05 1.2365 0.13718 1.3586 -1.1914 0.32763 0 375.14 -31.55 -0.40743 0.015601 45989 5070 5136.3 0 0
3.141e+05 1.2819 0.16471 1.3548 -1.0328 0.31582 0 358.41 -21.064 -0.40825 0.015598 45989 5071 5137.3 0 0
3.142e+05 1.2881 0.15301 1.3375 -1.1637 0.31592 0 347.19 -23.764 -0.40907 0.015592 45989 5073 5138.3 0 0
3.143e+05 1.2422 0.13242 1.332 -1.303 0.29228 0 370.13 -32.152 -0.40989 0.015586 45989 5075 5139.3 0 0
3.144e+05 1.3006 0.16085 1.4162 -1.1026 0.31647 0 385.57 -21.524 -0.41071 0.015583 45989 5076 5140.5 0 0
3.145e+05 1.298 0.16376 1.337 -1.211 0.30436 0 342.02 -20.959 -0.41153 0.015583 45989 5076 5141.5 0 0
3.146e+05 1.2225 0.13922 1.3001 -1.0018 0.30268 0 384.02 -31.828 -0.41235 0.015583 45989 5076 5142.6 0 0
3.147e+05 1.2329 0.14726 1.3716 -1.1692 0.30797 0 366.92 -29.216 -0.41317 0.015583 45989 5076 5143.7 0 0
3.148e+05 1.2125 0.17072 1.313 -1.2343 0.30591 0 390.12 -22.852 -0.41399 0.015583 45989 5076 5144.7 0 0
3.149e+05 1.2145 0.14853 1.3278 -1.026 0.31846 0 395.48 -30.705 -0.4148 0.01558 45989 5077 5145.7 0 0
3.15e+05 1.3707 0.13462 1.4053 -1.1008 0.32573 0 385.85 -31.212 -0.41562 0.01558 45989 5077 5146.7 0 0
3.151e+05 1.2813 0.14239 1.358 -1.0668 0.32183 0 399.8 -26.545 -0.41644 0.015583 45989 5076 5147.8 0 0
3.152e+05 1.2686 0.18513 1.3964 -1.0726 0.29765 0 392.11 -14.754 -0.41726 0.015586 45989 5075 5148.7 0 0
3.153e+05 1.2363 0.16881 1.3636 -0.91524 0.33022 0 394.45 -21.343 -0.41808 0.015595 45989 5072 5149.6 0 0
3.154e+05 1.2641 0.18689 1.3871 -1.2204 0.31867 0 378.73 -14.129 -0.41889 0.015595 45989 5072 5150.5 0 0
3.155e+05 1.2755 0.15624 1.3273 -1.0845 0.30103 0 372.93 -23.297 -0.41971 0.015589 45989 5074 5151.4 0 0
3.156e+05 1.3332 0.17192 1.3669 -0.89336 0.3288 0 376.56 -18.58 -0.42052 0.015598 45989 5071 5152.3 0 0
3.157e+05 1.2784 0.14765 1.3086 -0.95796 0.30691 0 363.85 -25.288 -0.42134 0.015598 45989 5071 5153.2 0 0
3.158e+05 1.334 0.17399 1.3318 -1.063 0.3213 0 375.04 -18.072 -0.42216 0.015595 45989 5072 5154.2 0 0
3.159e+05 1.3318 0.17213 1.3989 -0.97003 0.31036 0 384.74 -18.44 -0.42297 0.015592 45989 5073 5155.1 0 0
3.16e+05 1.3368 0.1827 1.2908 -1.1321 0.32762 0 373.52 -16.145 -0.42379 0.015595 45989 5072 5156 0 0
3.161e+05 1.2853 0.16005 1.3797 -1.0943 0.31942 0 365.1 -21.486 -0.4246 0.015598 45989 5071 5156.9 0 0
3.162e+05 1.2126 0.1494 1.2525 -1.1069 0.30749 0 382.63 -30.342 -0.42542 0.015598 45989 5071 5157.9 0 0
3.163e+05 1.3235 0.1747 1.2825 -1.2238 0.33095 0 362.94 -17.711 -0.42623 0.015598 45989 5071 5158.9 0 0
3.164e+05 1.2109 0.18111 1.2784 -1.1054 0.31977 0 388.71 -18.9 -0.42705 0.015589 45989 5074 5159.9 0 0
3.165e+05 1.2976 0.16114 1.3094 -1.0785 0.31014 0 372.1 -21.056 -0.42786 0.015586 45989 5075 5160.8 0 0
3.166e+05 1.2749 0.16671 1.3424 -1.0002 0.31944 0 353.44 -20.162 -0.42868 0.015583 45989 5076 5161.8 0 0
3.167e+05 1.2101 0.16515 1.3627 -1.1586 0.29154 0 381.64 -25.064 -0.42949 0.015589 45989 5074 5162.8 0 0
3.168e+05 1.2331 0.15133 1.3135 -1.1319 0.30696 0 365.71 -27.573 -0.4303 0.015589 45989 5074 5163.8 0 0
3.169e+05 1.2385 0.15852 1.3036 -1.0859 0.32155 0 356.33 -24.741 -0.43112 0.015589 45989 5074 5164.8 0 0
3.17e+05 1.2294 0.14907 1.285 -0.8873 0.30007 0 374.56 -28.604 -0.43193 0.015589 45989 5074 5165.8 0 0
3.171e+05 1.2761 0.13345 1.3887 -1.0793 0.30853 0 356.06 -29.683 -0.43274 0.015589 45989 5074 5166.8 0 0
3.172e+05 1.2957 0.17542 1.3427 -0.91221 0.31883 0 390.22 -17.497 -0.43356 0.015592 45989 5073 5167.8 0 0
3.173e+05 1.1985 0.15701 1.2692 -1.0666 0.33143 0 367.88 -29.687 -0.43437 0.015592 45989 5073 5168.9 0 0
3.174e+05 1.2132 0.17297 1.2743 -1.0913 0.32943 0 359.08 -21.535 -0.43518 0.015595 45989 5072 5170 0 0
3.175e+05 1.1484 0.15456 1.2899 -1.1214 0.32209 0 398.35 -30.97 -0.43599 0.015589 45989 5074 5171.1 0 0
3.176e+05 1.1813 0.14577 1.2522 -1.0341 0.3217 0 380.37 -30.909 -0.4368 0.015592 45989 5073 5172.2 0 0
3.177e+05 1.1973 0.15795 1.3099 -1.1808 0.29453 0 389.12 -29.125 -0.43761 0.015589 45989 5074 5173.3 0 0
3.178e+05 1.1607 0.16906 1.2067 -0.96646 0.30854 0 383.58 -29.487 -0.43843 0.015583 45989 5076 5174.5 0 0
3.179e+05 1.1906 0.1551 1.3057 -0.98444 0.31812 0 370.12 -29.761 -0.43924 0.015583 45989 5076 5175.6 0 0
3.18e+05 1.2212 0.16281 1.3166 -1.1738 0.32085 0 378.3 -24.273 -0.44005 0.01558 45989 5077 5176.6 0 0
3.181e+05 1.2507 0.16606 1.292 -1.0659 0.31554 0 392.65 -21.123 -0.44086 0.015592 45989 5073 5177.7 0 0
3.182e+05 1.2798 0.13294 1.2536 -1.1288 0.32323 0 380.73 -29.721 -0.44167 0.015589 45989 5074 5178.7 0 0
3.183e+05 1.1977 0.15208 1.2532 -1.1037 0.34017 0 386.57 -29.712 -0.44248 0.015592 45989 5073 5179.8 0 0
3.184e+05 1.2137 0.17 1.2573 -1.0974 0.34649 0 381.03 -22.296 -0.44329 0.015592 45989 5073 5180.8 0 0
3.185e+05 1.1923 0.16329 1.1695 -0.87159 0.30325 0 366.36 -27.873 -0.4441 0.015592 45989 5073 5181.8 0 0
3.186e+05 1.2625 0.14299 1.0854 -1.015 0.34001 0 393.89 -27.26 -0.44491 0.015592 45989 5073 5182.9 0 0
3.187e+05 1.2543 0.13908 1.0693 -1.0579 0.39079 0 398.87 -28.881 -0.44571 0.015598 45989 5071 5184 0 0
3.188e+05 1.2444 0.14482 1.059 -1.1105 0.43213 0 419.61 -27.782 -0.44652 0.015595 45989 5072 5185.1 0 0
3.189e+05 1.2103 0.1325 0.95331 -1.1131 0.37549 0 408.51 -32.516 -0.44733 0.015595 45989 5072 5186.2 0 0
3.19e+05 1.1605 0.14378 0.94758 -1.1951 0.35648 0 385.21 -31.003 -0.44814 0.015592 45989 5073 5187.4 0 0
3.191e+05 1.2634 0.12969 0.93669 -1.0212 0.36257 0 399.32 -30.992 -0.44895 0.015583 45989 5076 5188.5 0 0
3.192e+05 1.232 0.13255 0.89553 -1.0985 0.37962 0 398.83 -31.761 -0.44976 0.01558 45989 5077 5189.7 0 0
3.193e+05 1.2486 0.1479 1.0018 -0.98116 0.3902 0 379.1 -26.599 -0.45056 0.015571 45989 5080 5190.8 0 0
3.194e+05 1.2838 0.12371 0.88235 -0.98187 0.3443 0 392.02 -32.658 -0.45137 0.015565 45989 5082 5192 0 0
3.195e+05 1.2348 0.11903 0.89013 -0.96003 0.40986 0 392.8 -35.172 -0.45218 0.015562 45989 5083 5193.2 0 0
3.196e+05 1.3072 0.10307 0.89424 -1.013 0.42267 0 410.39 -40.341 -0.45298 0.015565 45989 5082 5194.4 0 0
3.197e+05 1.2318 0.13508 0.91171 -1.1779 0.34875 0 395.1 -30.876 -0.45379 0.015565 45989 5082 5195.6 0 0
3.198e+05 1.2348 0.11147 0.89029 -0.95034 0.39888 0 411.69 -37.039 -0.4546 0.015565 45989 5082 5196.8 0 0
3.199e+05 1.1966 0.10156 0.90661 -0.9598 0.38789 0 397.41 -38.794 -0.4554 0.015565 45989 5082 5198 0 0
3.2e+05 1.2467 0.12276 0.90216 -1.206 0.36281 0 383.96 -33.353 -0.45621 0.015565 45989 5082 5199.1 0 0
3.201e+05 1.1884 0.15981 0.86211 -0.74664 0.4155 0 391.43 -28.403 -0.45701 0.015565 45989 5082 5200.2 0 0
3.202e+05 1.2658 0.12131 0.90108 -1.2409 0.41297 0 397.9 -33.453 -0.45782 0.015565 45989 5082 5201.4 0 0
3.203e+05 1.2726 0.13815 0.93304 -1.2907 0.39482 0 380.18 -27.985 -0.45862 0.015568 45989 5081 5202.7 0 0
3.204e+05 1.3021 0.12317 0.94287 -0.98903 0.39999 0 409.1 -32.463 -0.45943 0.015574 45989 5079 5203.8 0 0
3.205e+05 1.2705 0.12786 0.88869 -1.2308 0.36459 0 421.83 -31.048 -0.46023 0.01558 45989 5077 5205 0 0
3.206e+05 1.3678 0.094846 0.89528 -1.0402 0.42727 0 413.86 -45.139 -0.46103 0.01558 45989 5077 5206.3 0 0
3.207e+05 1.3362 0.071911 0.91186 -0.87726 0.35696 0 406.7 -49.929 -0.46184 0.015577 45989 5078 5207.7 0 0
3.208e+05 1.2353 0.13894 0.90525 -0.96029 0.40337 0 397.97 -29.547 -0.46264 0.015571 45989 5080 5209.3 0 0
3.209e+05 1.3264 0.095338 0.94187 -0.97684 0.34077 0 392.89 -43.459 -0.46345 0.015565 45989 5082 5210.7 0 0
3.21e+05 1.259 0.077362 0.88455 -1.2278 0.32062 0 385.69 -49.565 -0.46425 0.015565 45989 5082 5212 0 0
3.211e+05 1.2874 0.1153 0.91903 -1.196 0.31087 0 407.71 -34.985 -0.46505 0.015565 45989 5082 5213.4 0 0
3.212e+05 1.2657 0.12806 0.91714 -1.0252 0.31312 0 408.91 -30.999 -0.46585 0.015558 45989 5084 5214.7 0 0
3.213e+05 1.3261 0.10026 0.89781 -1.0711 0.32107 0 390.74 -41.262 -0.46666 0.015552 45989 5086 5215.8 0 0
3.214e+05 1.3252 0.12026 0.97625 -1.1385 0.30126 0 375.59 -33.669 -0.46746 0.015562 45989 5083 5217 0 0
3.215e+05 1.32 0.098884 1.0251 -1.0969 0.29219 0 379.42 -41.636 -0.46826 0.015571 45989 5080 5218.5 0 0
3.216e+05 1.2844 0.13285 0.93554 -1.0116 0.30159 0 375.78 -29.036 -0.46906 0.015571 45989 5080 5219.7 0 0
3.217e+05 1.2885 0.12502 0.9413 -1.1134 0.32613 0 374.66 -31.403 -0.46986 0.015568 45989 5081 5221 0 0
3.218e+05 1.2957 0.13806 0.90039 -1.1587 0.33423 0 365.34 -27.196 -0.47066 0.015565 45989 5082 5222.3 0 0
3.219e+05 1.3314 0.088416 0.96484 -1.1239 0.30725 0 360.24 -46.405 -0.47147 0.015565 45989 5082 5223.7 0 0
3.22e+05 1.324 0.091139 0.97683 -1.0945 0.32318 0 376.62 -44.941 -0.47227 0.015562 45989 5083 5225.1 0 0
3.221e+05 1.3023 0.098206 0.9443 -1.103 0.30005 0 385.83 -41.3 -0.47307 0.015555 45989 5085 5226.6 0 0
3.222e+05 1.2712 0.082065 0.91779 -0.90911 0.30319 0 383.78 -48 -0.47387 0.01554 45989 5090 5228 0 0
3.223e+05 1.2684 0.11167 0.83934 -1.0161 0.30927 0 414.08 -36.169 -0.47467 0.015531 45989 5093 5229.6 0 0
3.224e+05 1.2702 0.10679 0.88734 -1.02 0.32457 0 402.88 -37.684 -0.47547 0.015528 45989 5094 5231 0 0
3.225e+05 1.3121 0.091039 0.98636 -1.235 0.35079 0 391.08 -44.6 -0.47626 0.015522 45989 5096 5232.3 0 0
3.226e+05 1.283 0.090079 0.90169 -1.1351 0.32622 0 401.76 -44.674 -0.47706 0.015528 45989 5094 5233.7 0 0
3.227e+05 1.2669 0.10617 0.99204 -1.0944 0.3266 0 409.31 -37.858 -0.47786 0.015525 45989 5095 5235.1 0 0
3.228e+05 1.2339 0.13822 0.86522 -1.1311 0.30391 0 407.32 -29.677 -0.47866 0.015522 45989 5096 5236.4 0 0
3.229e+05 1.2353 0.099919 0.89922 -1.1105 0.32837 0 385.33 -40.749 -0.47946 0.015525 45989 5095 5237.6 0 0
3.23e+05 1.2699 0.11876 0.95068 -0.8665 0.30203 0 361.13 -33.534 -0.48026 0.015525 45989 5095 5239.1 0 0
3.231e+05 1.2566 0.10316 0.92986 -0.98015 0.32765 0 368.35 -38.966 -0.48106 0.015522 45989 5096 5240.4 0 0
3.232e+05 1.2778 0.094168 0.9304 -1.1365 0.31922 0 397.36 -42.122 -0.48185 0.015516 45989 5098 5241.7 0 0
3.233e+05 1.2982 0.091123 0.94216 -1.0966 0.30528 0 398.06 -43.676 -0.48265 0.015519 45989 5097 5243.1 0 0
3.234e+05 1.3141 0.12526 0.94647 -1.1049 0.30695 0 419.91 -31.422 -0.48345 0.015519 45989 5097 5244.5 0 0
3.235e+05 1.3212 0.094326 0.94625 -0.99355 0.32004 0 386.54 -43.026 -0.48424 0.015516 45989 5098 5245.9 0 0
3.236e+05 1.3726 0.085111 1.004 -0.99798 0.29051 0 388.84 -48.739 -0.48504 0.015494 45989 5105 5247.4 0 0
3.237e+05 1.2789 0.10034 0.88897 -1.2471 0.32324 0 379.03 -39.356 -0.48584 0.015494 45989 5105 5248.9 0 0
3.238e+05 1.3731 0.12478 0.98614 -0.92269 0.31259 0 386.76 -34.211 -0.48663 0.015488 45989 5107 5250.3 0 0
3.239e+05 1.3508 0.12367 0.89016 -1.0205 0.31422 0 397.98 -33.291 -0.48743 0.015482 45989 5109 5251.6 0 0
3.24e+05 1.3104 0.15318 0.90662 -1.225 0.30418 0 375.14 -22.963 -0.48823 0.015482 45989 5109 5252.7 0 0
3.241e+05 1.2364 0.13758 0.85455 -1.1856 0.31243 0 372.62 -29.693 -0.48902 0.015485 45989 5108 5253.9 0 0
3.242e+05 1.2553 0.13012 0.86111 -0.95105 0.32461 0 398.43 -30.337 -0.48982 0.015479 45989 5110 5255 0 0
3.243e+05 1.3223 0.098424 0.91875 -0.90906 0.31207 0 410.95 -40.993 -0.49061 0.015479 45989 5110 5256.4 0 0
3.244e+05 1.3648 0.10007 0.9512 -1.027 0.35221 0 387.93 -42.422 -0.4914 0.015482 45989 5109 5257.7 0 0
3.245e+05 1.2718 0.10378 0.81634 -0.88799 0.33329 0 408.17 -38.021 -0.4922 0.015482 45989 5109 5259 0 0
3.246e+05 1.287 0.087712 0.89575 -1.1043 0.32879 0 408.49 -44.991 -0.49299 0.015482 45989 5109 5260.4 0 0
3.247e+05 1.2633 0.091187 0.86294 -1.0419 0.33809 0 412.04 -43.451 -0.49379 0.015479 45989 5110 5261.8 0 0
3.248e+05 1.345 0.10311 0.93529 -0.92312 0.32948 0 418.04 -39.797 -0.49458 0.015473 45989 5112 5263.2 0 0
3.249e+05 1.3948 0.12503 1.0425 -1.0572 0.32499 0 406.57 -35.726 -0.49538 0.015476 45989 5111 5264.7 0 0
3.25e+05 1.3209 0.09932 0.9133 -1.0304 0.33005 0 413.94 -40.07 -0.49617 0.015464 45989 5115 5266 0 0
3.251e+05 1.2865 0.12422 0.92794 -0.95809 0.33634 0 429.85 -31.04 -0.49696 0.015464 45989 5115 5267.2 0 0
3.252e+05 1.3345 0.10967 0.91236 -0.90895 0.3321 0 394.65 -36.799 -0.49775 0.015464 45989 5115 5268.3 0 0
3.253e+05 1.3738 0.098767 0.93348 -1.1339 0.32899 0 406.33 -43.321 -0.49855 0.015461 45989 5116 5269.5 0 0
3.254e+05 1.2786 0.10623 0.79947 -1.0745 0.33337 0 418.6 -36.849 -0.49934 0.015461 45989 5116 5270.7 0 0
3.255e+05 1.2418 0.13971 0.96123 -1.0529 0.31699 0 416.32 -28.712 -0.50013 0.015461 45989 5116 5271.9 0 0
3.256e+05 1.2981 0.10802 0.90243 -1.1322 0.33409 0 398.86 -36.387 -0.50092 0.015461 45989 5116 5273.1 0 0
3.257e+05 1.2708 0.13026 0.90639 -1.2004 0.31891 0 395.57 -29.538 -0.50171 0.015461 45989 5116 5274.3 0 0
3.258e+05 1.2539 0.14503 0.95209 -1.0098 0.33515 0 411.24 -26.706 -0.5025 0.015461 45989 5116 5275.4 0 0
3.259e+05 1.2605 0.11851 0.97461 -1.0523 0.31625 0 409.83 -33.283 -0.5033 0.015458 45989 5117 5276.6 0 0
3.26e+05 1.2601 0.1424 0.99082 -1.01 0.33141 0 387.96 -26.9 -0.50409 0.015461 45989 5116 5277.7 0 0
3.261e+05 1.2074 0.1525 0.92338 -1.0503 0.31994 0 417.8 -28.282 -0.50488 0.015458 45989 5117 5278.9 0 0
3.262e+05 1.2392 0.16791 0.93022 -0.95938 0.3226 0 431.92 -20.887 -0.50567 0.015467 45989 5114 5280 0 0
3.263e+05 1.2279 0.12723 0.93352 -1.1171 0.33178 0 435.86 -32.299 -0.50646 0.015473 45989 5112 5281.1 0 0
3.264e+05 1.2331 0.11102 0.951 -1.1436 0.32195 0 396.33 -36.259 -0.50725 0.015458 45989 5117 5282.3 0 0
3.265e+05 1.2725 0.1357 0.99079 -1.23 0.33132 0 409.06 -27.891 -0.50804 0.015455 45989 5118 5283.5 0 0
3.266e+05 1.289 0.15044 0.96114 -0.99786 0.327 0 421.99 -23.609 -0.50882 0.015455 45989 5118 5284.6 0 0
3.267e+05 1.2817 0.14997 0.93203 -1.0473 0.34101 0 413.74 -23.892 -0.50961 0.015458 45989 5117 5285.7 0 0
3.268e+05 1.2485 0.11516 0.90553 -1.1297 0.32926 0 401.34 -34.172 -0.5104 0.015458 45989 5117 5286.8 0 0
3.269e+05 1.3295 0.09998 0.96917 -1.1456 0.34518 0 405.7 -39.855 -0.51119 0.015458 45989 5117 5287.9 0 0
3.27e+05 1.3129 0.11445 0.95818 -1.1578 0.31829 0 403.47 -34.274 -0.51198 0.015458 45989 5117 5289.3 0 0
3.271e+05 1.2273 0.093632 0.83607 -0.93181 0.32853 0 398.04 -42.813 -0.51277 0.015458 45989 5117 5290.7 0 0
3.272e+05 1.2804 0.11529 0.87232 -1.0835 0.336 0 384.13 -33.281 -0.51356 0.015455 45989 5118 5292.1 0 0
3.273e+05 1.2128 0.13034 0.79812 -0.98875 0.32305 0 386.17 -31.879 -0.51434 0.015452 45989 5119 5293.2 0 0
3.274e+05 1.2725 0.12519 0.86226 -1.0045 0.32727 0 401.18 -30.335 -0.51513 0.015455 45989 5118 5294.3 0 0
3.275e+05 1.2772 0.1199 0.89189 -1.0206 0.31 0 387.72 -31.815 -0.51592 0.015455 45989 5118 5295.4 0 0
3.276e+05 1.3172 0.10435 0.90039 -0.8744 0.32468 0 360.89 -37.583 -0.5167 0.015452 45989 5119 5296.7 0 0
3.277e+05 1.2806 0.11806 0.87519 -1.0443 0.32845 0 421.16 -32.247 -0.51749 0.015455 45989 5118 5297.9 0 0
3.278e+05 1.2862 0.12837 0.89392 -1.1129 0.34088 0 380.52 -29.153 -0.51828 0.015458 45989 5117 5299.1 0 0
3.279e+05 1.2671 0.095794 0.79069 -1.0673 0.33589 0 396.06 -40.605 -0.51906 0.015461 45989 5116 5300.5 0 0
3.28e+05 1.2753 0.088688 0.92653 -1.0552 0.32133 0 396.66 -43.72 -0.51985 0.015464 45989 5115 5301.9 0 0
3.281e+05 1.2552 0.08921 0.85302 -1.247 0.33811 0 405.93 -44.121 -0.52064 0.015461 45989 5116 5303.4 0 0
3.282e+05 1.2857 0.087446 0.89031 -0.99528 0.32034 0 394.53 -44.46 -0.52142 0.015461 45989 5116 5304.8 0 0
3.283e+05 1.3469 0.091086 0.93274 -1.0255 0.32845 0 379.08 -44.654 -0.52221 0.015461 45989 5116 5306.1 0 0
3.284e+05 1.3238 0.082776 0.87241 -1.0727 0.33364 0 399.55 -46.987 -0.52299 0.015464 45989 5115 5307.5 0 0
3.285e+05 1.3328 0.092059 0.84171 -0.97862 0.32936 0 404.18 -43.391 -0.52378 0.015467 45989 5114 5309 0 0
3.286e+05 1.3378 0.068871 0.92692 -1.1839 0.3246 0 394.7 -49.824 -0.52456 0.015458 45989 5117 5310.6 0 0
3.287e+05 1.2849 0.081773 0.80897 -1.0181 0.32419 0 398.33 -46.731 -0.52534 0.015455 45989 5118 5312.1 0 0
3.288e+05 1.3049 0.094589 0.88762 -0.86047 0.32889 0 404.2 -40.348 -0.52613 0.015449 45989 5120 5313.6 0 0
3.289e+05 1.3153 0.085525 0.9435 -1.0309 0.31154 0 409.53 -44.957 -0.52691 0.015446 45989 5121 5315.1 0 0
3.29e+05 1.2702 0.10153 0.87108 -1.1749 0.31657 0 393.24 -37.904 -0.5277 0.015449 45989 5120 5316.6 0 0
3.291e+05 1.3312 0.11934 0.90567 -1.0124 0.32754 0 409.27 -33.306 -0.52848 0.015443 45989 5122 5318.1 0 0
3.292e+05 1.2882 0.10488 0.8035 -1.2352 0.32621 0 419.52 -36.326 -0.52926 0.015443 45989 5122 5319.4 0 0
3.293e+05 1.275 0.10374 0.8933 -0.99313 0.33642 0 432.45 -36.753 -0.53004 0.015446 45989 5121 5320.7 0 0
3.294e+05 1.2482 0.073927 0.86929 -0.96898 0.33457 0 397.15 -49.581 -0.53083 0.01544 45989 5123 5322.1 0 0
3.295e+05 1.2747 0.11866 0.8802 -1.1356 0.32055 0 425.23 -31.779 -0.53161 0.015431 45989 5126 5323.6 0 0
3.296e+05 1.2776 0.091299 0.80602 -1.035 0.33592 0 411.69 -41.524 -0.53239 0.015431 45989 5126 5324.9 0 0
3.297e+05 1.3191 0.089518 0.85052 -0.94228 0.3019 0 378.21 -42.707 -0.53317 0.015431 45989 5126 5326.3 0 0
3.298e+05 1.3023 0.099358 0.89873 -1.145 0.33159 0 396.49 -37.931 -0.53395 0.015428 45989 5127 5327.7 0 0
3.299e+05 1.3148 0.078638 0.86222 -0.90186 0.32696 0 399.01 -47.327 -0.53474 0.015431 45989 5126 5329.2 0 0
3.3e+05 1.3742 0.098105 0.84861 -0.85408 0.31001 0 392.47 -43.399 -0.53552 0.015428 45989 5127 5330.6 0 0
3.301e+05 1.2573 0.10239 0.86195 -1.0031 0.32201 0 414.28 -37.883 -0.5363 0.015425 45989 5128 5331.9 0 0
3.302e+05 1.2683 0.11711 0.83975 -0.81621 0.3334 0 413.31 -32.406 -0.53708 0.015425 45989 5128 5333.4 0 0
3.303e+05 1.3066 0.088277 0.92368 -1.0191 0.33581 0 400.91 -42.155 -0.53786 0.015422 45989 5129 5334.9 0 0
3.304e+05 1.2312 0.082115 0.82564 -0.92501 0.33015 0 418.37 -47.613 -0.53864 0.015422 45989 5129 5336.3 0 0
3.305e+05 1.29 0.097316 0.85587 -1.0983 0.32912 0 382.55 -38.43 -0.53942 0.015425 45989 5128 5337.8 0 0
3.306e+05 1.2602 0.091915 0.87404 -1.0409 0.31331 0 383.63 -41.692 -0.5402 0.015428 45989 5127 5339.3 0 0
3.307e+05 1.313 0.082428 0.84648 -0.93161 0.33155 0 378.93 -45.066 -0.54098 0.015419 45989 5130 5340.8 0 0
3.308e+05 1.3179 0.10286 0.87579 -1.0853 0.31946 0 386.48 -37.249 -0.54176 0.015419 45989 5130 5342.3 0 0
3.309e+05 1.3169 0.091735 0.89657 -1.072 0.31058 0 382.63 -40.778 -0.54254 0.01541 45989 5133 5343.6 0 0
3.31e+05 1.3 0.11764 0.8988 -0.84791 0.31008 0 396.91 -31.734 -0.54332 0.015401 45989 5136 5345 0 0
3.311e+05 1.2467 0.099134 0.90541 -0.91065 0.3331 0 404.86 -39.248 -0.54409 0.015398 45989 5137 5346.3 0 0
3.312e+05 1.2938 0.095894 0.95352 -0.91905 0.32041 0 411.84 -38.764 -0.54487 0.015398 45989 5137 5347.6 0 0
3.313e+05 1.2753 0.12614 0.98799 -1.0056 0.33662 0 416.53 -29.654 -0.54565 0.015392 45989 5139 5348.9 0 0
3.314e+05 1.3189 0.14671 0.89985 -1.0912 0.33022 0 420.11 -24.857 -0.54643 0.015389 45989 5140 5350.1 0 0
3.315e+05 1.2468 0.10067 0.78432 -1.1462 0.31829 0 412.35 -38.473 -0.54721 0.015398 45989 5137 5351.3 0 0
3.316e+05 1.3364 0.1136 0.884 -0.98359 0.32417 0 417.08 -34.869 -0.54798 0.015383 45989 5142 5352.5 0 0
3.317e+05 1.265 0.13013 0.73085 -1.2494 0.32788 0 421.08 -28.921 -0.54876 0.015386 45989 5141 5353.7 0 0
3.318e+05 1.2765 0.096306 0.82974 -1.0125 0.32923 0 419.74 -38.392 -0.54954 0.015389 45989 5140 5354.9 0 0
3.319e+05 1.2844 0.12223 0.86015 -1.0541 0.33431 0 413.3 -30.298 -0.55031 0.015386 45989 5141 5356.1 0 0
3.32e+05 1.2891 0.1123 0.76687 -1.0948 0.32006 0 411.99 -33.022 -0.55109 0.015383 45989 5142 5357.3 0 0
3.321e+05 1.3399 0.12303 0.93964 -1.0298 0.32662 0 428.2 -32.161 -0.55187 0.015386 45989 5141 5358.6 0 0
3.322e+05 1.2826 0.08908 0.81516 -1.1455 0.31612 0 391.26 -41.36 -0.55264 0.015386 45989 5141 5360 0 0
3.323e+05 1.3398 0.10281 0.94658 -0.93002 0.31916 0 407.83 -38.075 -0.55342 0.015386 45989 5141 5361.3 0 0
3.324e+05 1.2876 0.07826 0.86022 -0.99533 0.33902 0 398.16 -46.464 -0.55419 0.015383 45989 5142 5362.8 0 0
3.325e+05 1.2231 0.08078 0.92805 -1.2278 0.34384 0 409.71 -48.097 -0.55497 0.015386 45989 5141 5364.2 0 0
3.326e+05 1.28 0.098154 0.92114 -1.1631 0.31322 0 410.28 -37.216 -0.55575 0.01538 45989 5143 5365.7 0 0
3.327e+05 1.3374 0.0647 0.93383 -0.92273 0.31615 0 411.18 -49.878 -0.55652 0.015377 45989 5144 5367.1 0 0
3.328e+05 1.238 0.073844 0.98816 -1.1091 0.31206 0 437.01 -49.333 -0.55729 0.01538 45989 5143 5368.5 0 0
3.329e+05 1.2437 0.099001 0.89201 -1.0294 0.32014 0 431.91 -38.644 -0.55807 0.01538 45989 5143 5369.9 0 0
3.33e+05 1.223 0.093524 0.90223 -0.91928 0.3219 0 427.44 -41.875 -0.55884 0.015374 45989 5145 5371.3 0 0
3.331e+05 1.2275 0.098036 0.88216 -1.0576 0.32241 0 435.3 -39.883 -0.55962 0.015365 45989 5148 5372.7 0 0
3.332e+05 1.2524 0.12952 0.92432 -0.95989 0.35632 0 422.04 -29.375 -0.56039 0.015356 45989 5151 5374 0 0
3.333e+05 1.2738 0.14766 0.98709 -1.0228 0.31371 0 425.35 -24.656 -0.56116 0.015356 45989 5151 5375.2 0 0
3.334e+05 1.278 0.090453 0.92478 -1.1219 0.31779 0 393.54 -40.079 -0.56194 0.015356 45989 5151 5376.4 0 0
3.335e+05 1.2775 0.13504 0.90716 -1.023 0.32665 0 397.36 -27.569 -0.56271 0.015356 45989 5151 5377.5 0 0
3.336e+05 1.2583 0.11156 0.93265 -0.8708 0.33131 0 429.65 -33.74 -0.56348 0.015353 45989 5152 5378.7 0 0
3.337e+05 1.2542 0.1126 0.93501 -0.99406 0.31764 0 402.75 -33.6 -0.56425 0.015359 45989 5150 5379.8 0 0
3.338e+05 1.2475 0.13115 0.89993 -0.92882 0.33544 0 404.61 -29.205 -0.56503 0.015365 45989 5148 5381 0 0
3.339e+05 1.2013 0.14664 0.90974 -1.0306 0.34071 0 416.45 -29.559 -0.5658 0.015365 45989 5148 5382.1 0 0
3.34e+05 1.2267 0.13037 0.87622 -0.89611 0.31861 0 391.07 -30.803 -0.56657 0.015362 45989 5149 5383.2 0 0
3.341e+05 1.2106 0.13943 0.95112 -1.2509 0.31764 0 415.23 -29.957 -0.56734 0.015371 45989 5146 5384.4 0 0
3.342e+05 1.3122 0.12933 0.96319 -0.89919 0.30997 0 393.3 -29.238 -0.56811 0.015374 45989 5145 5385.5 0 0
3.343e+05 1.2478 0.1183 0.91194 -1.0823 0.33085 0 409.54 -32.165 -0.56888 0.015374 45989 5145 5386.7 0 0
3.344e+05 1.1976 0.13688 0.92323 -1.1304 0.32752 0 382.23 -30.997 -0.56966 0.015368 45989 5147 5387.9 0 0
3.345e+05 1.2168 0.12276 0.90957 -0.89814 0.32342 0 401.79 -32.469 -0.57043 0.015362 45989 5149 5389.1 0 0
3.346e+05 1.2164 0.13993 0.86875 -1.0005 0.3376 0 399.41 -29.138 -0.5712 0.015365 45989 5148 5390.2 0 0
3.347e+05 1.2115 0.11437 0.87105 -1.081 0.32256 0 409.88 -34.331 -0.57197 0.015362 45989 5149 5391.4 0 0
3.348e+05 1.1789 0.16873 0.85845 -1.0464 0.33199 0 394.72 -26.776 -0.57274 0.015353 45989 5152 5392.5 0 0
3.349e+05 1.1903 0.14056 0.86465 -1.1821 0.33025 0 402.71 -30.236 -0.57351 0.01535 45989 5153 5393.6 0 0
3.35e+05 1.2331 0.1343 0.81855 -1.2784 0.32454 0 414.21 -29.078 -0.57428 0.015353 45989 5152 5394.7 0 0
3.351e+05 1.1246 0.18038 0.81731 -1.0503 0.29443 0 378.4 -30.341 -0.57505 0.01535 45989 5153 5395.7 0 0
3.352e+05 1.1961 0.14354 0.89465 -1.0356 0.31963 0 389.04 -29.603 -0.57581 0.015353 45989 5152 5396.8 0 0
3.353e+05 1.2784 0.1407 0.89024 -1.1777 0.33214 0 408.23 -26.079 -0.57658 0.01535 45989 5153 5397.8 0 0
3.354e+05 1.2232 0.13076 0.93508 -1.2297 0.31089 0 388.82 -30.433 -0.57735 0.01535 45989 5153 5398.8 0 0
3.355e+05 1.1993 0.16144 0.91522 -0.88351 0.32881 0 400.06 -26.611 -0.57812 0.015356 45989 5151 5400 0 0
3.356e+05 1.2728 0.15324 0.96079 -1.0115 0.30216 0 386.78 -23.175 -0.57889 0.015356 45989 5151 5401 0 0
3.357e+05 1.2938 0.15104 0.9702 -1.1683 0.31651 0 395.16 -23.294 -0.57966 0.01535 45989 5153 5402.1 0 0
3.358e+05 1.2037 0.14938 0.87572 -1.0924 0.32355 0 402.74 -28.109 -0.58042 0.015353 45989 5152 5403.2 0 0
3.359e+05 1.2725 0.14925 0.96021 -1.0148 0.31649 0 373.91 -23.97 -0.58119 0.015353 45989 5152 5404.3 0 0
3.36e+05 1.2743 0.11112 0.89756 -0.8724 0.30208 0 366.34 -32.931 -0.58196 0.01535 45989 5153 5405.4 0 0
3.361e+05 1.2611 0.142 0.98522 -1.1586 0.30367 0 368.94 -25.857 -0.58273 0.01535 45989 5153 5406.6 0 0
3.362e+05 1.2646 0.12831 0.86242 -1.0948 0.2931 0 397.21 -28.58 -0.58349 0.01535 45989 5153 5407.7 0 0
3.363e+05 1.2853 0.09627 0.91948 -1.1248 0.30588 0 390.39 -37.643 -0.58426 0.015356 45989 5151 5408.8 0 0
3.364e+05 1.3246 0.12004 0.93475 -1.0572 0.31682 0 369.35 -31.801 -0.58502 0.015353 45989 5152 5410.1 0 0
3.365e+05 1.2355 0.12396 0.8899 -0.87728 0.33261 0 352.38 -30.879 -0.58579 0.01535 45989 5153 5411.2 0 0
3.366e+05 1.2337 0.10823 0.86825 -0.94165 0.33843 0 394.52 -35.584 -0.58656 0.01535 45989 5153 5412.4 0 0
3.367e+05 1.2692 0.12878 0.82584 -0.93383 0.33755 0 407.29 -28.273 -0.58732 0.01535 45989 5153 5413.7 0 0
3.368e+05 1.2261 0.089023 0.89971 -1.1422 0.33095 0 372.88 -43.771 -0.58809 0.015353 45989 5152 5414.9 0 0
3.369e+05 1.2382 0.13356 0.90932 -0.98292 0.31897 0 407.48 -28.298 -0.58885 0.015356 45989 5151 5416.1 0 0
3.37e+05 1.2899 0.092607 0.86868 -1.0537 0.31601 0 391.26 -39.215 -0.58962 0.01535 45989 5153 5417.3 0 0
3.371e+05 1.2459 0.10423 0.88262 -1.1667 0.30909 0 384.26 -35.981 -0.59038 0.015353 45989 5152 5418.5 0 0
3.372e+05 1.2212 0.14001 0.88592 -1.3118 0.28388 0 397.99 -28.127 -0.59115 0.015353 45989 5152 5419.6 0 0
3.373e+05 1.2116 0.14076 0.82884 -0.98316 0.33833 0 392.08 -28.725 -0.59191 0.015362 45989 5149 5420.7 0 0
3.374e+05 1.2993 0.13366 0.91746 -0.86888 0.3302 0 400.38 -27.236 -0.59267 0.015356 45989 5151 5421.8 0 0
3.375e+05 1.2676 0.14034 0.93405 -0.79917 0.3266 0 408.67 -25.805 -0.59344 0.015353 45989 5152 5422.9 0 0
3.376e+05 1.3373 0.12769 0.96318 -1.0138 0.33552 0 407.58 -30.458 -0.5942 0.015347 45989 5154 5424.1 0 0
3.377e+05 1.3129 0.11132 0.86379 -0.95029 0.33783 0 385.85 -33.273 -0.59496 0.01535 45989 5153 5425.3 0 0
3.378e+05 1.3393 0.10864 0.92345 -0.91702 0.31662 0 381.84 -35.938 -0.59573 0.015347 45989 5154 5426.4 0 0
3.379e+05 1.2816 0.13951 0.88665 -0.89188 0.30555 0 382.57 -25.769 -0.59649 0.01535 45989 5153 5427.6 0 0
3.38e+05 1.245 0.15348 0.89546 -0.99342 0.33521 0 392.7 -24.073 -0.59725 0.01535 45989 5153 5428.6 0 0
3.381e+05 1.3096 0.13764 0.89575 -1.1352 0.33159 0 416.56 -26.733 -0.59802 0.015344 45989 5155 5429.7 0 0
3.382e+05 1.2821 0.1464 0.97944 -0.82259 0.34651 0 396.9 -24.068 -0.59878 0.015344 45989 5155 5430.8 0 0
3.383e+05 1.1793 0.1608 0.85411 -1.0601 0.32232 0 385.1 -27.839 -0.59954 0.015347 45989 5154 5431.9 0 0
3.384e+05 1.2493 0.11879 0.90662 -1.0463 0.3301 0 400.02 -31.13 -0.6003 0.015353 45989 5152 5432.9 0 0
3.385e+05 1.2178 0.13906 0.88739 -1.1145 0.33693 0 403.08 -28.19 -0.60106 0.015353 45989 5152 5434 0 0
3.386e+05 1.2456 0.14209 0.93212 -0.80369 0.34992 0 397.56 -25.725 -0.60183 0.015359 45989 5150 5435.1 0 0
3.387e+05 1.2022 0.16703 0.91027 -0.88428 0.35 0 413.55 -24.564 -0.60259 0.015359 45989 5150 5436.2 0 0
3.388e+05 1.2475 0.16567 0.88931 -0.96691 0.31119 0 421.08 -20.992 -0.60335 0.015356 45989 5151 5437.3 0 0
3.389e+05 1.2189 0.15677 0.90071 -0.88587 0.32033 0 423.25 -25.241 -0.60411 0.015353 45989 5152 5438.4 0 0
3.39e+05 1.247 0.13935 0.93455 -0.98719 0.33904 0 428.49 -26.038 -0.60487 0.015353 45989 5152 5439.5 0 0
3.391e+05 1.1801 0.16348 0.93951 -0.89048 0.32261 0 417.18 -27.216 -0.60563 0.015347 45989 5154 5440.5 0 0
3.392e+05 1.1924 0.18322 0.89506 -0.81713 0.31104 0 394.52 -19.644 -0.60639 0.01535 45989 5153 5441.6 0 0
3.393e+05 1.225 0.15834 0.92924 -0.90109 0.31193 0 390.19 -24.259 -0.60715 0.01535 45989 5153 5442.6 0 0
3.394e+05 1.2071 0.15543 0.92019 -0.93575 0.31453 0 418.31 -26.004 -0.60791 0.015335 45990 5158 5443.7 0 0
3.395e+05 1.1866 0.13851 0.89898 -1.1533 0.31567 0 398.26 -29.354 -0.60867 0.015335 45990 5158 5444.7 0 0
3.396e+05 1.1955 0.14882 0.88915 -0.91944 0.31961 0 400.52 -27.734 -0.60943 0.015338 45990 5157 5445.8 0 0
3.397e+05 1.1994 0.16233 0.98048 -1.1155 0.30382 0 372.6 -25.672 -0.61018 0.015335 45990 5158 5446.9 0 0
3.398e+05 1.2477 0.13893 0.92597 -1.0493 0.31796 0 394.68 -25.981 -0.61094 0.015335 45990 5158 5447.9 0 0
3.399e+05 1.1661 0.15195 0.88609 -1.0055 0.32022 0 380.04 -28.581 -0.6117 0.015335 45990 5158 5449 0 0
3.4e+05 1.1995 0.13684 0.92359 -1.2451 0.3082 0 387.02 -28.953 -0.61246 0.015338 45990 5157 5450.2 0 0
3.401e+05 1.1949 0.15235 0.88578 -0.79249 0.32577 0 371.07 -27.172 -0.61322 0.015338 45990 5157 5451.2 0 0
3.402e+05 1.2338 0.14491 0.87003 -0.96674 0.3171 0 391.15 -25.48 -0.61398 0.015338 45990 5157 5452.3 0 0
3.403e+05 1.239 0.10777 0.89995 -1.1102 0.31814 0 391.41 -34.987 -0.61473 0.015341 45990 5156 5453.4 0 0
3.404e+05 1.1936 0.12328 0.8869 -0.97179 0.31983 0 378.62 -30.801 -0.61549 0.015332 45990 5159 5454.5 0 0
3.405e+05 1.2508 0.11546 0.87092 -1.0999 0.32191 0 388.02 -31.7 -0.61625 0.015326 45990 5161 5455.7 0 0
3.406e+05 1.2056 0.15327 0.8792 -1.2249 0.33527 0 413.69 -26.106 -0.617 0.015329 45990 5160 5456.7 0 0
3.407e+05 1.2303 0.095883 0.88732 -0.86658 0.31865 0 397.61 -39.792 -0.61776 0.015323 45990 5162 5457.8 0 0
3.408e+05 1.2061 0.12668 0.92272 -1.0236 0.32267 0 398.83 -30.408 -0.61852 0.015323 45990 5162 5459 0 0
3.409e+05 1.2234 0.14883 0.91202 -1.0363 0.3181 0 368.41 -25.558 -0.61927 0.015323 45990 5162 5460.1 0 0
3.41e+05 1.2745 0.1333 0.92689 -0.88738 0.30621 0 393.49 -26.741 -0.62003 0.01532 45990 5163 5461.1 0 0
3.411e+05 1.2153 0.12965 1.0066 -1.1612 0.30459 0 414.81 -29.362 -0.62079 0.015317 45990 5164 5462.2 0 0
3.412e+05 1.1888 0.12488 0.87416 -1.0651 0.33855 0 425.28 -30.361 -0.62154 0.015323 45990 5162 5463.4 0 0
3.413e+05 1.1622 0.13337 0.90444 -0.91733 0.32504 0 394.81 -29.009 -0.6223 0.015323 45990 5162 5464.5 0 0
3.414e+05 1.1948 0.099269 0.85076 -1.0035 0.30481 0 392.38 -37.596 -0.62305 0.015326 45990 5161 5465.7 0 0
3.415e+05 1.2538 0.14522 0.9796 -0.99274 0.31726 0 374.56 -24.483 -0.62381 0.015326 45990 5161 5466.9 0 0
3.416e+05 1.2226 0.13678 0.9573 -1.1487 0.31898 0 410.17 -27.147 -0.62456 0.015323 45990 5162 5468 0 0
3.417e+05 1.2155 0.1186 0.94315 -1.0993 0.30618 0 395.26 -31.74 -0.62531 0.01532 45990 5163 5469.2 0 0
3.418e+05 1.2204 0.12172 0.93293 -1.1433 0.31677 0 389.38 -30.768 -0.62607 0.015329 45990 5160 5470.4 0 0
3.419e+05 1.2075 0.14395 0.93038 -1.1363 0.30538 0 416.58 -27.025 -0.62682 0.015323 45990 5162 5471.5 0 0
3.42e+05 1.2546 0.091751 0.90435 -1.0703 0.32214 0 389.6 -40.172 -0.62758 0.015323 45990 5162 5472.6 0 0
3.421e+05 1.2389 0.12065 0.90945 -1.1984 0.31957 0 397.48 -30.127 -0.62833 0.015323 45990 5162 5474 0 0
3.422e+05 1.2542 0.097703 0.87335 -0.93113 0.30741 0 406.95 -37.727 -0.62908 0.015323 45990 5162 5475.2 0 0
3.423e+05 1.2155 0.074504 0.94709 -1.195 0.32716 0 395.51 -49.629 -0.62984 0.01532 45990 5163 5476.4 0 0
3.424e+05 1.2171 0.11401 0.89555 -1.0794 0.311 0 399.96 -32.755 -0.63059 0.015323 45990 5162 5477.7 0 0
3.425e+05 1.2087 0.14753 0.8936 -1.0586 0.33339 0 406.37 -26.435 -0.63134 0.015326 45990 5161 5478.7 0 0
3.426e+05 1.2046 0.1476 0.89194 -1.1554 0.30972 0 377.52 -26.499 -0.63209 0.015326 45990 5161 5479.8 0 0
3.427e+05 1.1924 0.14526 0.90721 -1.1665 0.32645 0 389.99 -27.63 -0.63285 0.015323 45990 5162 5480.9 0 0
3.428e+05 1.2347 0.10367 0.86086 -0.86414 0.32372 0 386.98 -36.138 -0.6336 0.015323 45990 5162 5482 0 0
3.429e+05 1.238 0.083965 0.89173 -1.1674 0.33569 0 376.21 -45.196 -0.63435 0.015317 45990 5164 5483.2 0 0
3.43e+05 1.2937 0.14393 0.90135 -0.92972 0.33071 0 386.48 -24.552 -0.6351 0.01532 45990 5163 5484.4 0 0
3.431e+05 1.2375 0.11435 0.90381 -1.0854 0.307 0 401.77 -31.746 -0.63585 0.015323 45990 5162 5485.6 0 0
3.432e+05 1.2349 0.096177 0.8536 -0.82395 0.31598 0 412.36 -38.823 -0.6366 0.01532 45990 5163 5486.6 0 0
3.433e+05 1.245 0.10854 0.89289 -1.097 0.31596 0 389.26 -33.53 -0.63735 0.015317 45990 5164 5487.8 0 0
3.434e+05 1.2401 0.09689 0.89145 -1.1372 0.32112 0 401.96 -38.3 -0.63811 0.015323 45990 5162 5488.9 0 0
3.435e+05 1.205 0.13866 1.0382 -1.2363 0.30583 0 387.72 -27.289 -0.63885 0.015332 45990 5159 5490.1 0 0
3.436e+05 1.2107 0.1266 0.97891 -0.87668 0.32508 0 412.4 -29.095 -0.63961 0.015332 45990 5159 5491.3 0 0
3.437e+05 1.1639 0.1297 0.97591 -1.1929 0.34949 0 446.04 -28.424 -0.64036 0.015335 45990 5158 5492.4 0 0
3.438e+05 1.1772 0.12519 0.9246 -0.9446 0.3391 0 407.5 -29.318 -0.64111 0.015335 45990 5158 5493.6 0 0
3.439e+05 1.1884 0.16019 0.96845 -0.90046 0.32719 0 430.07 -26.33 -0.64185 0.015335 45990 5158 5494.7 0 0
3.44e+05 1.1914 0.11439 0.98895 -0.90573 0.3429 0 413.26 -32.008 -0.6426 0.015326 45990 5161 5495.9 0 0
3.441e+05 1.1943 0.11701 0.96438 -0.89886 0.3261 0 424.78 -31.322 -0.64335 0.015326 45990 5161 5497.1 0 0
3.442e+05 1.1917 0.11614 0.92695 -1.0358 0.3303 0 430.58 -31.469 -0.6441 0.015323 45990 5162 5498.2 0 0
3.443e+05 1.1573 0.13784 1.0072 -1.0058 0.3101 0 429.12 -28.048 -0.64485 0.015323 45990 5162 5499.3 0 0
3.444e+05 1.2133 0.11591 0.92174 -1.1212 0.356 0 414.56 -31.495 -0.6456 0.015314 45990 5165 5500.5 0 0
3.445e+05 1.1954 0.13881 0.95492 -1.1846 0.33809 0 407.95 -27.438 -0.64635 0.01532 45990 5163 5501.6 0 0
3.446e+05 1.1451 0.15739 0.95552 -1.1888 0.31627 0 435.47 -28.559 -0.64709 0.01532 45990 5163 5502.7 0 0
3.447e+05 1.1758 0.13925 0.9288 -1.0144 0.33566 0 441.33 -27.624 -0.64784 0.01532 45990 5163 5503.8 0 0
3.448e+05 1.1658 0.15023 0.91863 -1.0955 0.31273 0 436.74 -27.46 -0.64859 0.015317 45990 5164 5504.9 0 0
3.449e+05 1.1664 0.17597 0.95539 -0.94047 0.35 0 428.74 -25.601 -0.64934 0.015309 45990 5167 5506 0 0
3.45e+05 1.1322 0.16065 1.0927 -1.2966 0.34181 0 427.7 -29.13 -0.65009 0.015309 45990 5167 5507.1 0 0
3.451e+05 1.1515 0.1489 0.99905 -1.1523 0.33001 0 417.99 -27.642 -0.65083 0.015311 45990 5166 5508.2 0 0
3.452e+05 1.1941 0.11914 0.95446 -1.0306 0.32967 0 435.88 -30.48 -0.65158 0.015311 45990 5166 5509.3 0 0
3.453e+05 1.1491 0.14188 1.0255 -1.2004 0.3323 0 441.2 -27.651 -0.65233 0.015309 45990 5167 5510.4 0 0
3.454e+05 1.1863 0.12294 0.96649 -1.1907 0.34625 0 419.45 -29.657 -0.65307 0.015309 45990 5167 5511.6 0 0
3.455e+05 1.1892 0.14614 1.0005 -1.0574 0.30871 0 427.62 -26.788 -0.65382 0.015306 45990 5168 5512.7 0 0
3.456e+05 1.1789 0.12022 0.92266 -1.057 0.32594 0 423.74 -29.87 -0.65456 0.015306 45990 5168 5513.9 0 0
3.457e+05 1.1525 0.12172 0.92753 -1.0409 0.3104 0 427.78 -28.863 -0.65531 0.015303 45990 5169 5515.1 0 0
3.458e+05 1.1789 0.14698 0.9063 -1.0603 0.33218 0 413.61 -27.167 -0.65606 0.015303 45990 5169 5516.2 0 0
3.459e+05 1.2154 0.12627 1.0003 -0.99909 0.30948 0 435.81 -28.616 -0.6568 0.015303 45990 5169 5517.3 0 0
3.46e+05 1.2235 0.088284 1.0248 -0.93603 0.32685 0 401.84 -43.237 -0.65755 0.015306 45990 5168 5518.5 0 0
3.461e+05 1.1357 0.15304 0.99825 -1.0594 0.33794 0 384.3 -28.621 -0.65829 0.015306 45990 5168 5519.7 0 0
3.462e+05 1.2191 0.15402 0.97471 -1.2203 0.32798 0 409.78 -24.737 -0.65903 0.015311 45990 5166 5520.8 0 0
3.463e+05 1.238 0.11049 1.0287 -1.0668 0.33114 0 399.34 -32.889 -0.65978 0.015311 45990 5166 5522 0 0
3.464e+05 1.2307 0.096457 1.0005 -1.2745 0.30246 0 394.44 -38.411 -0.66052 0.015306 45990 5168 5523.2 0 0
3.465e+05 1.2298 0.10422 1.0165 -0.90227 0.31461 0 433.43 -35.156 -0.66127 0.01532 45990 5163 5524.4 0 0
3.466e+05 1.1937 0.070182 1.0213 -1.3543 0.36141 0 403.13 -49.804 -0.66201 0.01532 45990 5163 5525.7 0 0
3.467e+05 1.2068 0.083858 1.0132 -1.2624 0.33252 0 414.81 -45.681 -0.66275 0.015314 45990 5165 5527.1 0 0
3.468e+05 1.2288 0.12152 0.95129 -1.0431 0.30991 0 397.35 -29.34 -0.6635 0.015311 45990 5166 5528.3 0 0
3.469e+05 1.1687 0.15788 0.964 -1.0798 0.34218 0 390.7 -27.08 -0.66424 0.015311 45990 5166 5529.4 0 0
3.47e+05 1.2272 0.12251 0.99854 -1.0326 0.34946 0 396.46 -29.152 -0.66498 0.015303 45990 5169 5530.5 0 0
3.471e+05 1.2001 0.15746 0.97058 -1.0854 0.33652 0 391.76 -25.2 -0.66573 0.015303 45990 5169 5531.5 0 0
3.472e+05 1.1579 0.17895 0.90255 -1.0576 0.33632 0 382.06 -25.967 -0.66647 0.015294 45990 5172 5532.6 0 0
3.473e+05 1.2147 0.13767 0.98284 -1.0678 0.33049 0 391.71 -26.28 -0.66721 0.015285 45990 5175 5533.6 0 0
3.474e+05 1.1882 0.14623 0.90546 -1.0797 0.33031 0 381.63 -26.315 -0.66795 0.015279 45990 5177 5534.7 0 0
3.475e+05 1.2015 0.15005 0.94866 -1.0147 0.33363 0 411.22 -25.315 -0.66869 0.015279 45990 5177 5535.8 0 0
3.476e+05 1.2437 0.12474 1.067 -0.96199 0.3371 0 410.32 -28.191 -0.66943 0.015285 45990 5175 5536.9 0 0
3.477e+05 1.3005 0.11991 1.0184 -0.91269 0.3352 0 446.34 -29.835 -0.67018 0.015288 45990 5174 5538 0 0
3.478e+05 1.2224 0.10832 0.95375 -0.96582 0.30998 0 413.84 -33.181 -0.67092 0.015285 45990 5175 5539.1 0 0
3.479e+05 1.195 0.085772 0.92212 -0.85508 0.30684 0 384.93 -43.617 -0.67166 0.015276 45990 5178 5540.3 0 0
3.48e+05 1.1923 0.12656 0.97787 -0.99741 0.32105 0 404.21 -28.08 -0.6724 0.015267 45990 5181 5541.4 0 0
3.481e+05 1.2472 0.088612 0.97832 -1.0057 0.3011 0 393.59 -41.652 -0.67314 0.015267 45990 5181 5542.7 0 0
3.482e+05 1.2865 0.12162 0.98896 -1.0184 0.32317 0 397.67 -28.98 -0.67388 0.01527 45990 5180 5543.8 0 0
3.483e+05 1.1951 0.14719 0.99219 -0.8452 0.34398 0 400.64 -25.748 -0.67462 0.015264 45990 5182 5544.9 0 0
3.484e+05 1.2157 0.11862 0.93954 -1.0683 0.32755 0 417.23 -29.645 -0.67536 0.015258 45990 5184 5546 0 0
3.485e+05 1.1484 0.16259 0.90748 -0.86628 0.30903 0 414 -27.7 -0.6761 0.015261 45990 5183 5547 0 0
3.486e+05 1.1395 0.17431 0.92682 -0.92772 0.31822 0 382.28 -28.323 -0.67684 0.01525 45990 5187 5548 0 0
3.487e+05 1.2039 0.14018 1.0327 -0.92998 0.31101 0 377 -25.871 -0.67758 0.015255 45990 5185 5549.1 0 0
3.488e+05 1.1854 0.16121 0.96804 -0.87587 0.31597 0 388.43 -25.449 -0.67832 0.015247 45990 5188 5550.1 0 0
3.489e+05 1.2431 0.087823 0.96112 -0.84971 0.31201 0 387.39 -42.217 -0.67905 0.015252 45990 5186 5551.2 0 0
3.49e+05 1.246 0.075885 0.95412 -0.91589 0.32051 0 380.64 -48.217 -0.67979 0.015255 45990 5185 5552.5 0 0
3.491e+05 1.2606 0.088316 0.99888 -0.92563 0.30651 0 416.06 -40.793 -0.68053 0.015247 45990 5188 5553.9 0 0
3.492e+05 1.2705 0.11786 1.0129 -1.0788 0.33223 0 409.51 -29.67 -0.68127 0.015241 45990 5190 5555.2 0 0
3.493e+05 1.1973 0.09457 0.99021 -1.0003 0.31438 0 373.16 -38.652 -0.68201 0.015247 45990 5188 5556.5 0 0
3.494e+05 1.2278 0.13074 1.0022 -1.0756 0.31492 0 346.7 -26.859 -0.68274 0.015247 45990 5188 5557.6 0 0
3.495e+05 1.2764 0.10861 1.0494 -0.92578 0.31795 0 373.13 -32.681 -0.68348 0.015241 45990 5190 5558.8 0 0
3.496e+05 1.2717 0.12289 1.0427 -1.0462 0.33514 0 396.01 -28.278 -0.68422 0.015235 45990 5192 5559.8 0 0
3.497e+05 1.2235 0.095758 0.9236 -0.94869 0.3154 0 362.09 -38.341 -0.68496 0.015238 45990 5191 5561 0 0
3.498e+05 1.2033 0.11627 0.98546 -0.77719 0.31197 0 373.75 -29.877 -0.68569 0.015238 45990 5191 5562.1 0 0
3.499e+05 1.1967 0.12932 1.0055 -0.98632 0.30456 0 385.36 -27.047 -0.68643 0.015232 45990 5193 5563.3 0 0
3.5e+05 1.2627 0.10382 0.85561 -1.0721 0.30418 0 360.9 -34.141 -0.68717 0.015226 45990 5195 5564.5 0 0
3.501e+05 1.2768 0.10282 0.90397 -0.9553 0.31451 0 369.63 -34.295 -0.6879 0.015226 45990 5195 5565.8 0 0
3.502e+05 1.2364 0.085088 0.93523 -1.0215 0.33828 0 357.15 -43.163 -0.68864 0.015229 45990 5194 5567.1 0 0
3.503e+05 1.261 0.10848 0.95111 -0.83278 0.31831 0 343.66 -32.277 -0.68937 0.015226 45990 5195 5568.3 0 0
3.504e+05 1.2218 0.084973 0.90072 -1.1419 0.31529 0 374.57 -43.895 -0.69011 0.015223 45990 5196 5569.7 0 0
3.505e+05 1.1754 0.085346 0.94228 -1.1173 0.3215 0 383.7 -43.377 -0.69085 0.015229 45990 5194 5570.9 0 0
3.506e+05 1.2747 0.10594 0.9147 -1.1846 0.30811 0 375.58 -33.224 -0.69158 0.015241 45990 5190 5572.3 0 0
3.507e+05 1.2075 0.10033 0.9102 -0.9224 0.32189 0 382.23 -35.793 -0.69231 0.015241 45990 5190 5573.5 0 0
3.508e+05 1.3321 0.098963 0.94885 -1.0235 0.31943 0 402.42 -38.554 -0.69305 0.015238 45990 5191 5574.7 0 0
3.509e+05 1.3218 0.11018 0.91592 -0.99959 0.31085 0 368.58 -33.848 -0.69378 0.015241 45990 5190 5575.9 0 0
3.51e+05 1.2415 0.12967 0.91734 -0.90809 0.3227 0 402.22 -26.308 -0.69452 0.015238 45990 5191 5577.1 0 0
3.511e+05 1.2586 0.15117 0.90587 -1.1737 0.30121 0 380.22 -23.202 -0.69525 0.015235 45990 5192 5578.2 0 0
3.512e+05 1.3123 0.13977 0.91112 -1.0975 0.31145 0 383.83 -26.121 -0.69599 0.015238 45990 5191 5579.4 0 0
3.513e+05 1.319 0.10815 0.97761 -0.9756 0.31199 0 399.8 -34.074 -0.69672 0.015229 45990 5194 5580.5 0 0
3.514e+05 1.2414 0.10612 0.91167 -0.94608 0.31145 0 376.6 -32.896 -0.69745 0.015226 45990 5195 5581.8 0 0
3.515e+05 1.2484 0.16084 0.97428 -0.88691 0.32872 0 368.99 -21.878 -0.69819 0.015226 45990 5195 5582.8 0 0
3.516e+05 1.1758 0.14662 0.87432 -0.83308 0.30167 0 402.09 -26.213 -0.69892 0.015229 45990 5194 5583.9 0 0
3.517e+05 1.1985 0.16021 0.92254 -1.0578 0.31312 0 376.67 -24.452 -0.69965 0.015229 45990 5194 5584.9 0 0
3.518e+05 1.1845 0.17566 0.91076 -1.1909 0.31277 0 390.09 -23.404 -0.70039 0.015232 45990 5193 5585.9 0 0
3.519e+05 1.2793 0.16205 0.92621 -1.0623 0.32372 0 400.37 -20.729 -0.70112 0.015223 45990 5196 5586.9 0 0
3.52e+05 1.2018 0.14713 0.89755 -1.0495 0.31898 0 386.6 -24.888 -0.70185 0.015217 45990 5198 5588 0 0
3.521e+05 1.2087 0.15232 0.88286 -1.2251 0.31015 0 373.15 -24.243 -0.70258 0.01522 45990 5197 5589 0 0
3.522e+05 1.2104 0.17363 0.87366 -1.0159 0.30657 0 408.56 -20.594 -0.70331 0.01522 45990 5197 5590 0 0
3.523e+05 1.1648 0.12066 0.94735 -1.0714 0.3247 0 360.63 -28.221 -0.70405 0.01522 45990 5197 5591 0 0
3.524e+05 1.2385 0.12459 1.002 -1.0355 0.34751 0 388.12 -27.248 -0.70478 0.01522 45990 5197 5592 0 0
3.525e+05 1.2453 0.074768 1.022 -0.91706 0.31307 0 385.63 -48.294 -0.70551 0.015223 45990 5196 5593.2 0 0
3.526e+05 1.1993 0.10719 0.95934 -1.0387 0.31829 0 409.84 -32.566 -0.70624 0.015217 45990 5198 5594.6 0 0
3.527e+05 1.1913 0.092626 0.9012 -1.034 0.30767 0 396.95 -38.867 -0.70697 0.015211 45990 5200 5595.9 0 0
3.528e+05 1.2061 0.099261 0.90249 -1.0915 0.31481 0 384.65 -35.715 -0.7077 0.01522 45990 5197 5597.2 0 0
3.529e+05 1.1768 0.15683 0.97488 -1.0104 0.32466 0 373.77 -25.688 -0.70843 0.015214 45990 5199 5598.4 0 0
3.53e+05 1.2693 0.13119 1.0414 -1.0879 0.32155 0 382.79 -26.301 -0.70916 0.015217 45990 5198 5599.5 0 0
3.531e+05 1.2322 0.16533 1.0092 -1.0182 0.31923 0 397.78 -21.435 -0.70989 0.015208 45990 5201 5600.5 0 0
3.532e+05 1.2735 0.094422 0.9208 -1.0561 0.31836 0 401.4 -37.035 -0.71062 0.015208 45990 5201 5601.6 0 0
3.533e+05 1.223 0.12092 0.99072 -1.1415 0.35635 0 402.57 -28.187 -0.71135 0.015211 45990 5200 5602.7 0 0
3.534e+05 1.2251 0.14254 0.95652 -1.1793 0.31686 0 385.57 -24.307 -0.71208 0.015208 45990 5201 5603.9 0 0
3.535e+05 1.2246 0.12038 1.0107 -1.0121 0.34566 0 394.87 -28.251 -0.71281 0.015208 45990 5201 5605 0 0
3.536e+05 1.2215 0.10725 1.1666 -1.0924 0.31746 0 387.83 -32.221 -0.71354 0.015208 45990 5201 5606.1 0 0
3.537e+05 1.3102 0.087685 1.3269 -0.99434 0.30696 0 383.75 -41.187 -0.71427 0.015208 45990 5201 5607.4 0 0
3.538e+05 1.306 0.11964 1.3328 -1.06 0.34659 0 393.39 -29.948 -0.71499 0.015217 45990 5198 5608.7 0 0
3.539e+05 1.2313 0.13645 1.1401 -1.1175 0.33524 0 410.68 -24.878 -0.71572 0.015211 45990 5200 5609.9 0 0
3.54e+05 1.2834 0.14158 1.266 -1.0567 0.35102 0 420.86 -24.569 -0.71645 0.015211 45990 5200 5611 0 0
3.541e+05 1.1884 0.16251 1.2126 -0.86434 0.33106 0 410.88 -24.684 -0.71718 0.015211 45990 5200 5612 0 0
3.542e+05 1.2142 0.16188 1.1582 -1.1279 0.33015 0 384.48 -22.595 -0.71791 0.015217 45990 5198 5613.1 0 0
3.543e+05 1.1784 0.1651 1.221 -1.0367 0.29757 0 375.58 -25.224 -0.71863 0.015217 45990 5198 5614.1 0 0
3.544e+05 1.1942 0.1561 1.1443 -0.87631 0.31543 0 401.67 -24.376 -0.71936 0.015214 45990 5199 5615.1 0 0
3.545e+05 1.2826 0.13392 1.3223 -1.1896 0.32679 0 376.76 -26.041 -0.72009 0.015214 45990 5199 5616.1 0 0
3.546e+05 1.2035 0.17203 1.1558 -1.1712 0.32119 0 378.75 -21.619 -0.72081 0.015211 45990 5200 5617.1 0 0
3.547e+05 1.2738 0.17797 1.2552 -1.1298 0.322 0 393.21 -16.474 -0.72154 0.015208 45990 5201 5618.2 0 0
3.548e+05 1.281 0.15771 1.2017 -1.0072 0.32515 0 393.28 -21.458 -0.72227 0.015214 45990 5199 5619.2 0 0
3.549e+05 1.2387 0.14666 1.2269 -1.1217 0.32011 0 386.77 -23.225 -0.72299 0.015208 45990 5201 5620.2 0 0
3.55e+05 1.2244 0.17945 1.1272 -1.1097 0.32527 0 373.67 -17.638 -0.72372 0.015214 45990 5199 5621.1 0 0
3.551e+05 1.1932 0.17346 1.1735 -0.9173 0.31996 0 384.49 -22.872 -0.72445 0.015223 45990 5196 5622.2 0 0
3.552e+05 1.2172 0.19428 1.0551 -1.0737 0.33653 0 379.12 -13.392 -0.72517 0.015223 45990 5196 5623.2 0 0
3.553e+05 1.2162 0.20133 1.2524 -1.1903 0.32796 0 375.74 -11.009 -0.7259 0.015211 45990 5200 5624.2 0 0
3.554e+05 1.2542 0.17826 1.1569 -1.1989 0.30982 0 377.89 -16.869 -0.72662 0.015206 45990 5202 5625.1 0 0
3.555e+05 1.1977 0.16002 1.0018 -0.94374 0.34045 0 394.23 -23.59 -0.72734 0.015206 45990 5202 5626.1 0 0
3.556e+05 1.1925 0.13026 1.0983 -1.2034 0.335 0 392.5 -26.026 -0.72807 0.0152 45990 5204 5627.1 0 0
3.557e+05 1.123 0.17927 1.0353 -1.1216 0.33591 0 397.75 -29.093 -0.72879 0.015206 45990 5202 5628.1 0 0
3.558e+05 1.2151 0.15937 0.84005 -1.124 0.35446 0 388.61 -22.426 -0.72952 0.0152 45990 5204 5629.2 0 0
3.559e+05 1.234 0.14301 0.83244 -0.95497 0.31261 0 374.86 -23.534 -0.73024 0.015206 45990 5202 5630.2 0 0
3.56e+05 1.3202 0.15377 1.0158 -1.3466 0.33696 0 380.02 -22.841 -0.73096 0.015203 45990 5203 5631.2 0 0
3.561e+05 1.2778 0.15283 0.9601 -0.88988 0.31955 0 388.39 -22.353 -0.73169 0.015191 45990 5207 5632.2 0 0
3.562e+05 1.3866 0.10621 0.90583 -1.1329 0.32329 0 355.74 -41.413 -0.73241 0.015188 45990 5208 5633.4 0 0
3.563e+05 1.3762 0.11461 0.99604 -0.88232 0.30962 0 381.51 -37.154 -0.73313 0.015179 45990 5211 5634.8 0 0
3.564e+05 1.3317 0.11202 0.86323 -1.1129 0.30873 0 391.84 -34.019 -0.73386 0.015176 45990 5212 5636.3 0 0
3.565e+05 1.4139 0.091775 0.97918 -1.0002 0.3384 0 382.23 -48.666 -0.73458 0.015182 45990 5210 5637.8 0 0
3.566e+05 1.4154 0.095224 0.99176 -1.0544 0.32553 0 390.26 -47.647 -0.7353 0.015176 45990 5212 5639.3 0 0
3.567e+05 1.4139 0.10161 1.0301 -1.0446 0.33848 0 367.03 -45.329 -0.73603 0.015176 45990 5212 5640.8 0 0
3.568e+05 1.4042 0.07328 0.99003 -0.73967 0.33474 0 389.64 -49.984 -0.73675 0.015159 45990 5218 5642.3 0 0
3.569e+05 1.4365 0.099489 0.96147 -1.1321 0.31427 0 386.37 -47.936 -0.73747 0.015159 45990 5218 5644 0 0
3.57e+05 1.3357 0.11168 1.0183 -0.99785 0.32837 0 400.58 -34.385 -0.73819 0.015144 45990 5223 5645.4 0 0
3.571e+05 1.3825 0.10781 0.99593 -1.164 0.31345 0 405.46 -39.824 -0.73891 0.015139 45990 5225 5646.9 0 0
3.572e+05 1.3744 0.088339 0.98059 -1.0405 0.30911 0 375.63 -46.212 -0.73964 0.015124 45990 5230 5648.4 0 0
3.573e+05 1.3794 0.13031 1.0352 -1.0214 0.32681 0 393.05 -32.924 -0.74036 0.015124 45990 5230 5649.9 0 0
3.574e+05 1.4169 0.094679 1.0823 -0.74835 0.34052 0 395.46 -47.265 -0.74108 0.015113 45990 5234 5651.3 0 0
3.575e+05 1.3536 0.10638 1.0117 -1.0198 0.30389 0 388.28 -37.155 -0.7418 0.015098 45990 5239 5652.6 0 0
3.576e+05 1.3814 0.11308 1.0608 -0.96499 0.33876 0 408.47 -37.602 -0.74252 0.015098 45990 5239 5654.1 0 0
3.577e+05 1.3552 0.1323 1.0071 -0.79957 0.32222 0 363.2 -30.123 -0.74324 0.015104 45990 5237 5655.4 0 0
3.578e+05 1.3331 0.13233 1.0085 -1.0546 0.33656 0 380.06 -28.589 -0.74396 0.015098 45990 5239 5656.6 0 0
3.579e+05 1.2923 0.15481 0.90179 -0.98953 0.32201 0 387.68 -21.886 -0.74468 0.015098 45990 5239 5657.6 0 0
3.58e+05 1.3717 0.13334 1.0535 -1.1728 0.30508 0 423.47 -31.153 -0.7454 0.01509 45990 5242 5658.7 0 0
3.581e+05 1.315 0.11968 1.0533 -1.2311 0.32628 0 383.14 -30.369 -0.74612 0.015084 45990 5244 5659.9 0 0
3.582e+05 1.3619 0.14604 0.99503 -0.84347 0.32364 0 370.69 -26.534 -0.74684 0.015084 45990 5244 5661 0 0
3.583e+05 1.3383 0.10913 0.96734 -1.0433 0.32037 0 382.85 -34.966 -0.74756 0.015084 45990 5244 5662.1 0 0
3.584e+05 1.3539 0.11379 0.99711 -0.92232 0.32074 0 398.38 -34.94 -0.74828 0.015084 45990 5244 5663.2 0 0
3.585e+05 1.2948 0.13024 0.95177 -1.0869 0.32439 0 432.59 -26.419 -0.749 0.015072 45990 5248 5664.4 0 0
3.586e+05 1.2651 0.14491 0.91073 -1.1707 0.32707 0 383.54 -23.37 -0.74972 0.015069 45990 5249 5665.5 0 0
3.587e+05 1.2965 0.14982 0.96334 -1.0443 0.32007 0 421.81 -22.948 -0.75043 0.015067 45990 5250 5666.6 0 0
3.588e+05 1.2908 0.16442 0.93961 -0.78229 0.31945 0 425 -19.784 -0.75115 0.015069 45990 5249 5667.7 0 0
3.589e+05 1.3795 0.12597 0.9802 -0.82725 0.30789 0 414.97 -33.783 -0.75187 0.015078 45990 5246 5668.9 0 0
3.59e+05 1.2875 0.16068 0.97629 -1.0114 0.33993 0 386.43 -20.468 -0.75259 0.015084 45990 5244 5670 0 0
3.591e+05 1.2876 0.15006 0.9039 -0.87199 0.33185 0 389.8 -22.636 -0.75331 0.015075 45990 5247 5671.1 0 0
3.592e+05 1.2932 0.14152 0.92048 -0.90171 0.30759 0 379.74 -24.12 -0.75402 0.015067 45990 5250 5672.1 0 0
3.593e+05 1.2918 0.12334 0.99025 -0.76765 0.31243 0 400.54 -27.638 -0.75474 0.015052 45990 5255 5673.1 0 0
3.594e+05 1.2585 0.1204 0.88311 -1.0205 0.32649 0 401.42 -28.004 -0.75546 0.015055 45990 5254 5674.2 0 0
3.595e+05 1.3869 0.10146 1.0795 -1.1655 0.32256 0 394.8 -42.181 -0.75617 0.015052 45991 5255 5675.3 0 0
3.596e+05 1.3483 0.12869 0.95241 -0.96777 0.33863 0 377.63 -29.964 -0.75689 0.015058 45991 5253 5676.4 0 0
3.597e+05 1.3725 0.1035 0.96687 -0.95022 0.35735 0 387.99 -39.66 -0.75761 0.015055 45991 5254 5677.6 0 0
3.598e+05 1.3181 0.14469 0.91445 -1.0669 0.31677 0 363.38 -24.121 -0.75832 0.015055 45991 5254 5678.7 0 0
3.599e+05 1.3557 0.12616 1.0285 -1.0692 0.31955 0 401.02 -31.367 -0.75904 0.015058 45991 5253 5680 0 0
3.6e+05 1.3516 0.11356 1.0118 -1.0795 0.33135 0 399.89 -34.31 -0.75975 0.015058 45991 5253 5681.2 0 0
3.601e+05 1.4082 0.11087 1.0096 -0.9479 0.31498 0 411.19 -41.502 -0.76047 0.015061 45991 5252 5682.5 0 0
3.602e+05 1.4235 0.13074 1.0726 -1.0361 0.31522 0 380.31 -36.434 -0.76119 0.015058 45991 5253 5683.8 0 0
3.603e+05 1.4147 0.1165 1.005 -1.0414 0.30906 0 370.9 -40.033 -0.7619 0.015058 45991 5253 5685.1 0 0
3.604e+05 1.3686 0.13372 1.0801 -1.0507 0.33007 0 375.46 -30.395 -0.76262 0.015061 45991 5252 5686.6 0 0
3.605e+05 1.4304 0.11641 1.0591 -0.98606 0.34788 0 391.65 -42.013 -0.76333 0.015061 45991 5252 5688 0 0
3.606e+05 1.4378 0.094344 1.1403 -0.98016 0.33714 0 408.92 -48.858 -0.76404 0.015064 45991 5251 5689.5 0 0
3.607e+05 1.3528 0.10038 0.96376 -0.96363 0.32064 0 379.81 -38.534 -0.76476 0.015064 45991 5251 5690.8 0 0
3.608e+05 1.3608 0.097577 1.0812 -1.0899 0.32321 0 376.45 -40.348 -0.76547 0.015052 45991 5255 5692.2 0 0
3.609e+05 1.4142 0.1266 1.043 -1.0351 0.32349 0 380.94 -36.588 -0.76619 0.015041 45991 5259 5693.7 0 0
3.61e+05 1.4194 0.12599 1.0114 -0.84071 0.32254 0 378.54 -37.24 -0.7669 0.015029 45991 5263 5695.1 0 0
3.611e+05 1.3364 0.12484 0.94571 -0.85524 0.32063 0 361.29 -29.617 -0.76761 0.015029 45991 5263 5696.4 0 0
3.612e+05 1.4069 0.11497 0.97057 -0.92659 0.33649 0 396.8 -39.386 -0.76833 0.015024 45991 5265 5697.7 0 0
3.613e+05 1.2812 0.11971 0.8564 -0.93749 0.31379 0 373.92 -28.183 -0.76904 0.015012 45991 5269 5698.9 0 0
3.614e+05 1.404 0.12502 1.0355 -0.93323 0.32676 0 396.34 -35.997 -0.76975 0.015004 45991 5272 5700.1 0 0
3.615e+05 1.3535 0.11236 1.0061 -0.99548 0.30687 0 395.5 -34.517 -0.77046 0.015009 45991 5270 5701.6 0 0
3.616e+05 1.4091 0.10998 1.0204 -1.1787 0.31794 0 358.13 -41.121 -0.77118 0.015015 45991 5268 5703.1 0 0
3.617e+05 1.401 0.12918 0.9959 -1.0508 0.33514 0 372.69 -34.489 -0.77189 0.015027 45991 5264 5704.4 0 0
3.618e+05 1.3595 0.084033 1.2752 -0.86826 0.32524 0 334.91 -45.978 -0.7726 0.015029 45991 5263 5705.8 0 0
3.619e+05 1.2728 0.14119 1.1572 -1.0167 0.3212 0 378.05 -24.127 -0.77331 0.015029 45991 5263 5707.1 0 0
3.62e+05 1.2819 0.13218 1.116 -1.1341 0.31474 0 380.66 -25.609 -0.77403 0.015027 45991 5264 5708.1 0 0
3.621e+05 1.2524 0.16905 1.0974 -1.1393 0.32992 0 417.99 -19.285 -0.77474 0.015027 45991 5264 5709.1 0 0
3.622e+05 1.311 0.1428 1.1893 -0.89012 0.31715 0 401.24 -24.211 -0.77545 0.015024 45991 5265 5710.1 0 0
3.623e+05 1.2054 0.14348 1.0943 -0.96882 0.32648 0 390.4 -24.164 -0.77616 0.015012 45991 5269 5711.1 0 0
3.624e+05 1.2669 0.1577 1.2001 -0.99413 0.31578 0 402.74 -21.126 -0.77687 0.015009 45991 5270 5712 0 0
3.625e+05 1.1832 0.16853 1.1025 -0.8146 0.30264 0 402.15 -23.897 -0.77758 0.015004 45991 5272 5713 0 0
3.626e+05 1.2226 0.18027 1.1041 -1.004 0.32515 0 402 -17.392 -0.77829 0.015009 45991 5270 5714 0 0
3.627e+05 1.2163 0.14256 1.0118 -0.80805 0.31888 0 398.79 -23.925 -0.779 0.015004 45991 5272 5715 0 0
3.628e+05 1.1761 0.17411 0.96284 -1.2039 0.34401 0 418.99 -23.842 -0.77971 0.014998 45991 5274 5716 0 0
3.629e+05 1.1879 0.15035 1.1071 -0.97885 0.31386 0 403.44 -24.312 -0.78042 0.014995 45991 5275 5717 0 0
3.63e+05 1.1739 0.16451 1.0639 -1.0067 0.31189 0 393.07 -24.93 -0.78113 0.014995 45991 5275 5718 0 0
3.631e+05 1.2384 0.1654 0.99433 -0.7745 0.31305 0 392.33 -20.111 -0.78184 0.014992 45991 5276 5719 0 0
3.632e+05 1.2205 0.17864 1.08 -1.2525 0.3115 0 411.76 -17.839 -0.78255 0.014978 45991 5281 5720 0 0
3.633e+05 1.2122 0.14997 0.99982 -1.0615 0.33169 0 401.82 -23.111 -0.78326 0.014984 45991 5279 5720.9 0 0
3.634e+05 1.2505 0.15283 1.0433 -1.0304 0.32645 0 404.78 -21.985 -0.78397 0.014984 45991 5279 5721.9 0 0
3.635e+05 1.1892 0.15454 1.093 -0.93087 0.30803 0 407.22 -23.936 -0.78468 0.014978 45991 5281 5722.8 0 0
3.636e+05 1.2524 0.16218 1.1018 -1.082 0.33693 0 422.33 -20.479 -0.78539 0.014978 45991 5281 5723.8 0 0
3.637e+05 1.1764 0.17489 1.0443 -1.088 0.31185 0 403.24 -23.176 -0.78609 0.014978 45991 5281 5724.8 0 0
3.638e+05 1.2056 0.16814 1.0862 -0.95288 0.33566 0 390.53 -21.082 -0.7868 0.014981 45991 5280 5725.8 0 0
3.639e+05 1.2058 0.16346 1.0859 -1.14 0.31194 0 406.9 -21.607 -0.78751 0.014981 45991 5280 5726.8 0 0
3.64e+05 1.2237 0.17797 1.1094 -0.88545 0.3245 0 400.5 -17.491 -0.78822 0.014981 45991 5280 5727.7 0 0
3.641e+05 1.2089 0.15649 1.0736 -1.1708 0.33855 0 378.54 -22.322 -0.78893 0.014975 45991 5282 5728.7 0 0
3.642e+05 1.2132 0.17838 1.0801 -1.0348 0.31522 0 394.71 -18.199 -0.78963 0.014975 45991 5282 5729.6 0 0
3.643e+05 1.3209 0.18793 1.0678 -0.99659 0.3296 0 402.28 -14.817 -0.79034 0.014975 45991 5282 5730.5 0 0
3.644e+05 1.2536 0.15491 1.0175 -1.0769 0.31689 0 395.6 -21.479 -0.79104 0.014978 45991 5281 5731.4 0 0
3.645e+05 1.2059 0.18355 0.98619 -1.1199 0.30039 0 384.52 -17.288 -0.79175 0.014972 45991 5283 5732.3 0 0
3.646e+05 1.2607 0.16229 1.0709 -1.1633 0.30546 0 388.76 -19.928 -0.79246 0.014961 45991 5287 5733.2 0 0
3.647e+05 1.1816 0.16055 1.0027 -0.97962 0.31423 0 383.41 -24.019 -0.79316 0.014958 45991 5288 5734.1 0 0
3.648e+05 1.2372 0.16386 1.0251 -1.2111 0.34144 0 395.35 -19.863 -0.79387 0.014961 45991 5287 5735.1 0 0
3.649e+05 1.219 0.18762 1.0954 -1.014 0.33007 0 360.51 -15.067 -0.79458 0.014949 45991 5291 5736.1 0 0
3.65e+05 1.1512 0.17579 1.0505 -0.99489 0.30287 0 375.75 -26.019 -0.79528 0.014947 45991 5292 5737.1 0 0
3.651e+05 1.1877 0.18234 1.0358 -0.95494 0.31376 0 410.93 -19.651 -0.79599 0.014944 45992 5293 5738 0 0
3.652e+05 1.1538 0.18734 1.0554 -0.92914 0.31074 0 397.92 -23.557 -0.79669 0.014947 45992 5292 5739.1 0 0
3.653e+05 1.2086 0.16148 1.0077 -0.93624 0.32369 0 396.6 -21.225 -0.7974 0.014941 45992 5294 5740 0 0
3.654e+05 1.1949 0.17958 0.97941 -1.2248 0.3309 0 406.93 -19.615 -0.7981 0.014938 45992 5295 5741 0 0
3.655e+05 1.1916 0.15217 1.0087 -0.98184 0.32082 0 406.04 -23.732 -0.79881 0.014941 45992 5294 5742.1 0 0
3.656e+05 1.2751 0.14335 1.0537 -1.0883 0.30831 0 426.9 -23.434 -0.79951 0.014944 45992 5293 5743.2 0 0
3.657e+05 1.2169 0.12369 0.98363 -1.2263 0.3099 0 394.04 -25.575 -0.80022 0.014947 45992 5292 5744.2 0 0
3.658e+05 1.2778 0.12774 1.0238 -1.099 0.33596 0 414.5 -26.345 -0.80092 0.014938 45992 5295 5745.4 0 0
3.659e+05 1.2264 0.095771 1.0557 -0.92886 0.30939 0 416.81 -34.615 -0.80163 0.014938 45992 5295 5746.6 0 0
3.66e+05 1.3424 0.13729 1.1271 -0.80266 0.32928 0 417.25 -27.255 -0.80233 0.014938 45992 5295 5747.8 0 0
3.661e+05 1.359 0.13579 1.2715 -1.0169 0.31741 0 416.14 -28.643 -0.80303 0.014955 45992 5289 5748.9 0 0
3.662e+05 1.3478 0.13395 1.2274 -0.86096 0.31848 0 410.45 -28.333 -0.80374 0.014955 45992 5289 5750 0 0
3.663e+05 1.3479 0.11431 1.2722 -1.1056 0.33162 0 386.58 -33.269 -0.80444 0.014958 45992 5288 5751.2 0 0
3.664e+05 1.4018 0.11039 1.2551 -1.0618 0.31978 0 393.59 -40.023 -0.80514 0.014946 45992 5292 5752.4 0 0
3.665e+05 1.2931 0.11013 1.1177 -1.0232 0.307 0 369.43 -31.039 -0.80585 0.014946 45992 5292 5753.7 0 0
3.666e+05 1.401 0.099247 1.2575 -0.81852 0.30232 0 380.9 -43.459 -0.80655 0.014949 45992 5291 5755.1 0 0
3.667e+05 1.3627 0.1365 1.088 -1.0833 0.31323 0 410.17 -28.808 -0.80725 0.014944 45992 5293 5756.3 0 0
3.668e+05 1.3584 0.12084 1.0579 -0.94676 0.35068 0 394.32 -32.102 -0.80795 0.014932 45992 5297 5757.7 0 0
3.669e+05 1.416 0.13288 1.1436 -1.1221 0.31569 0 405.16 -34.773 -0.80866 0.014921 45992 5301 5759.1 0 0
3.67e+05 1.2884 0.07352 0.99363 -0.97218 0.30781 0 392.86 -47.39 -0.80936 0.014924 45992 5300 5760.5 0 0
3.671e+05 1.2985 0.10152 0.95475 -1.0276 0.31174 0 396.76 -34.33 -0.81006 0.014927 45992 5299 5761.7 0 0
3.672e+05 1.252 0.079559 0.98944 -1.1793 0.31365 0 422.6 -44.627 -0.81076 0.014924 45992 5300 5763.1 0 0
3.673e+05 1.313 0.08292 0.98198 -1.1201 0.3263 0 399.19 -43.157 -0.81147 0.014915 45992 5303 5764.4 0 0
3.674e+05 1.326 0.08255 1.0555 -0.87242 0.31174 0 403.99 -43.796 -0.81217 0.014904 45992 5307 5765.9 0 0
3.675e+05 1.339 0.075476 0.9203 -1.0275 0.3152 0 394.33 -48.019 -0.81287 0.014885 45992 5314 5767.4 0 0
3.676e+05 1.3012 0.083972 0.8927 -1.0759 0.30656 0 402.32 -42.14 -0.81357 0.01489 45992 5312 5769.1 0 0
3.677e+05 1.3125 0.12624 1.028 -0.95691 0.30704 0 397.23 -27.696 -0.81427 0.014885 45992 5314 5770.5 0 0
3.678e+05 1.3483 0.10675 0.99943 -1.0157 0.3092 0 397.04 -35.183 -0.81497 0.014885 45992 5314 5771.6 0 0
3.679e+05 1.3341 0.081008 0.91894 -1.01 0.32086 0 389.04 -44.963 -0.81567 0.014871 45992 5319 5773 0 0
3.68e+05 1.3439 0.097704 0.90701 -0.97838 0.31643 0 377.55 -37.874 -0.81637 0.014865 45992 5321 5774.5 0 0
3.681e+05 1.2805 0.10541 0.81317 -1.0488 0.33591 0 386.62 -31.951 -0.81707 0.014859 45992 5323 5775.9 0 0
3.682e+05 1.2541 0.1129 0.91274 -0.98049 0.31338 0 381.66 -29.156 -0.81777 0.014868 45992 5320 5777.1 0 0
3.683e+05 1.3427 0.11408 0.89843 -0.83724 0.3091 0 382.59 -32.417 -0.81847 0.014857 45992 5324 5778.5 0 0
3.684e+05 1.3863 0.088295 0.8924 -0.97502 0.31606 0 394.69 -46.055 -0.81917 0.014846 45992 5328 5779.9 0 0
3.685e+05 1.3087 0.10688 0.92577 -1.1485 0.31312 0 402.58 -32.38 -0.81987 0.014854 45992 5325 5781.4 0 0
3.686e+05 1.3577 0.093979 0.9857 -1.1077 0.3288 0 395.01 -40.33 -0.82057 0.014854 45992 5325 5782.8 0 0
3.687e+05 1.3364 0.085817 0.95306 -0.9406 0.32107 0 402.02 -42.087 -0.82127 0.014834 45992 5332 5784.3 0 0
3.688e+05 1.3275 0.073931 0.97508 -0.98758 0.30697 0 390.64 -47.525 -0.82197 0.014823 45992 5336 5785.8 0 0
3.689e+05 1.3315 0.098718 0.85159 -1.081 0.3098 0 393.85 -36.443 -0.82267 0.014807 45992 5342 5787.1 0 0
3.69e+05 1.253 0.097421 0.93372 -0.96664 0.33038 0 401.68 -34.711 -0.82336 0.014793 45992 5347 5788.4 0 0
3.691e+05 1.2702 0.13477 0.82479 -0.87149 0.32871 0 368.35 -24.681 -0.82406 0.014782 45992 5351 5789.6 0 0
3.692e+05 1.3691 0.11544 0.9353 -1.2476 0.31858 0 366.41 -34.382 -0.82476 0.014762 45992 5358 5790.8 0 0
3.693e+05 1.3173 0.10794 0.95324 -0.83083 0.31549 0 384.25 -32.232 -0.82546 0.014751 45992 5362 5792.1 0 0
3.694e+05 1.3201 0.10065 0.91372 -1.0053 0.32118 0 375.49 -34.687 -0.82616 0.014746 45992 5364 5793.5 0 0
3.695e+05 1.2279 0.14941 0.86902 -1.0076 0.31057 0 366.15 -22.289 -0.82685 0.014754 45992 5361 5794.7 0 0
3.696e+05 1.3012 0.12574 0.94481 -1.017 0.33174 0 361.86 -26.859 -0.82755 0.014754 45992 5361 5795.9 0 0
3.697e+05 1.2757 0.14525 0.89449 -0.98395 0.30956 0 375.97 -22.784 -0.82825 0.014743 45992 5365 5797 0 0
3.698e+05 1.3285 0.13126 0.98659 -0.99853 0.33742 0 388.67 -27.122 -0.82894 0.014743 45992 5365 5798.1 0 0
3.699e+05 1.3667 0.11267 0.88872 -0.78124 0.31495 0 392.1 -34.818 -0.82964 0.014746 45992 5364 5799.3 0 0
3.7e+05 1.3884 0.13124 0.92308 -0.98638 0.31023 0 378.84 -32.319 -0.83034 0.014751 45992 5362 5800.5 0 0
3.701e+05 1.3221 0.14837 0.90555 -1.0977 0.32226 0 392.14 -23.252 -0.83103 0.014743 45992 5365 5801.5 0 0
3.702e+05 1.2774 0.14422 0.92466 -1.1565 0.33347 0 378.42 -22.851 -0.83173 0.014757 45992 5360 5802.6 0 0
3.703e+05 1.2994 0.19362 0.92518 -1.0528 0.31315 0 406.82 -12.882 -0.83242 0.014751 45992 5362 5803.5 0 0
3.704e+05 1.3313 0.13167 0.90222 -1.0365 0.30986 0 427.94 -27.078 -0.83312 0.014746 45992 5364 5804.6 0 0
3.705e+05 1.3359 0.11942 0.89981 -0.89688 0.31756 0 383.2 -29.976 -0.83382 0.014738 45992 5367 5805.6 0 0
3.706e+05 1.2883 0.13684 0.88176 -0.98833 0.31698 0 398.64 -23.926 -0.83451 0.014738 45992 5367 5806.7 0 0
3.707e+05 1.249 0.12603 0.92344 -1.1495 0.31496 0 376.53 -25.686 -0.83521 0.014735 45992 5368 5808 0 0
3.708e+05 1.329 0.14115 0.93047 -1.0029 0.32488 0 400.19 -24.892 -0.8359 0.014735 45992 5368 5809.1 0 0
3.709e+05 1.3044 0.10826 0.85355 -1.228 0.30926 0 404.02 -31.339 -0.8366 0.014724 45992 5372 5810.2 0 0
3.71e+05 1.2523 0.12433 0.85985 -1.0051 0.30505 0 372.45 -26.052 -0.83729 0.014729 45992 5370 5811.2 0 0
3.711e+05 1.2656 0.13724 0.97639 -1.0109 0.33749 0 377.41 -23.804 -0.83798 0.014732 45992 5369 5812.3 0 0
3.712e+05 1.2816 0.10838 0.95242 -1.0014 0.31819 0 376.37 -30.383 -0.83868 0.014727 45992 5371 5813.4 0 0
3.713e+05 1.2343 0.11728 1.0102 -1.0005 0.32348 0 412.06 -26.872 -0.83937 0.014732 45992 5369 5814.5 0 0
3.714e+05 1.2274 0.15094 0.99726 -0.83565 0.3064 0 369.93 -22.009 -0.84007 0.014721 45992 5373 5815.6 0 0
3.715e+05 1.2711 0.14811 1.0559 -0.98576 0.31592 0 389.05 -21.845 -0.84076 0.014724 45992 5372 5816.6 0 0
3.716e+05 1.2789 0.082793 0.95583 -1.0077 0.3125 0 409.43 -41.478 -0.84145 0.014721 45992 5373 5817.7 0 0
3.717e+05 1.2752 0.10875 0.96622 -1.1467 0.33231 0 393.37 -30.162 -0.84215 0.014724 45992 5372 5819 0 0
3.718e+05 1.3236 0.13028 1.0464 -0.8781 0.32754 0 380.06 -26.754 -0.84284 0.014721 45992 5373 5820.2 0 0
3.719e+05 1.2715 0.083832 1.1493 -1.0002 0.33289 0 410.64 -40.942 -0.84353 0.014718 45992 5374 5821.6 0 0
3.72e+05 1.2199 0.080976 1.0102 -0.95553 0.30474 0 368.42 -43.402 -0.84423 0.014724 45992 5372 5823 0 0
3.721e+05 1.2796 0.081966 0.89523 -1.1954 0.33826 0 384.95 -41.615 -0.84492 0.014724 45992 5372 5824.3 0 0
3.722e+05 1.2014 0.074898 0.86887 -1.0144 0.32292 0 402.29 -47.324 -0.84561 0.014721 45992 5373 5825.8 0 0
3.723e+05 1.2604 0.095194 0.88015 -1.0446 0.33474 0 390.53 -34.909 -0.8463 0.014724 45992 5372 5827.3 0 0
3.724e+05 1.305 0.078473 0.92378 -0.99651 0.31351 0 376.04 -44.029 -0.84699 0.014721 45992 5373 5828.8 0 0
3.725e+05 1.2503 0.111 0.96104 -1.2507 0.32056 0 388.64 -28.922 -0.84769 0.014718 45992 5374 5830.2 0 0
3.726e+05 1.2682 0.086336 0.93421 -0.98433 0.32391 0 392.87 -39.05 -0.84838 0.014718 45992 5374 5831.5 0 0
3.727e+05 1.2874 0.066021 0.89879 -1.0288 0.31079 0 407.52 -49.218 -0.84907 0.014721 45992 5373 5833.1 0 0
3.728e+05 1.3619 0.080708 0.96996 -0.92646 0.30858 0 365.93 -46.546 -0.84976 0.01471 45992 5377 5834.6 0 0
3.729e+05 1.2746 0.089584 0.95893 -1.0521 0.31107 0 373.07 -37.444 -0.85045 0.014708 45992 5378 5836.1 0 0
3.73e+05 1.3217 0.091471 0.96813 -1.1295 0.31629 0 377.25 -38.012 -0.85114 0.014702 45992 5380 5837.7 0 0
3.731e+05 1.3232 0.087894 0.88688 -1.0127 0.31548 0 392.73 -39.513 -0.85183 0.014694 45992 5383 5839.1 0 0
3.732e+05 1.3113 0.081588 0.91902 -1.0438 0.32578 0 396.62 -41.792 -0.85252 0.014699 45992 5381 5840.6 0 0
3.733e+05 1.304 0.063606 0.9498 -0.99305 0.33321 0 411.69 -49.582 -0.85321 0.014683 45992 5387 5842.2 0 0
3.734e+05 1.2352 0.06935 0.89437 -1.2682 0.30896 0 415.81 -48.344 -0.8539 0.014675 45992 5390 5843.8 0 0
3.735e+05 1.2954 0.082581 0.96852 -1.031 0.32202 0 390.45 -41.095 -0.85459 0.014672 45992 5391 5845.2 0 0
3.736e+05 1.2292 0.10407 0.92976 -0.92463 0.31629 0 380.42 -30.713 -0.85528 0.014672 45992 5391 5846.6 0 0
3.737e+05 1.3385 0.090828 0.88035 -0.8894 0.33663 0 390.75 -39.411 -0.85597 0.014678 45993 5389 5848.1 0 0
3.738e+05 1.2863 0.085834 0.85863 -0.99487 0.33553 0 391.6 -39.163 -0.85666 0.01468 45993 5388 5849.5 0 0
3.739e+05 1.2743 0.085763 0.96755 -1.1319 0.31956 0 398.2 -38.804 -0.85735 0.01468 45993 5388 5850.8 0 0
3.74e+05 1.3051 0.091268 0.97122 -0.99414 0.33326 0 409.04 -36.831 -0.85803 0.014678 45993 5389 5852 0 0
3.741e+05 1.315 0.11047 0.98042 -1.0332 0.31845 0 382.91 -30.749 -0.85872 0.01468 45993 5388 5853.2 0 0
3.742e+05 1.2793 0.082203 0.92805 -1.0121 0.33184 0 376.02 -40.362 -0.85941 0.01468 45993 5388 5854.4 0 0
3.743e+05 1.3055 0.11285 1.2214 -0.7785 0.32404 0 378.31 -29.652 -0.8601 0.014678 45993 5389 5855.6 0 0
3.744e+05 1.2285 0.13888 0.95577 -0.93761 0.3264 0 396.27 -23.207 -0.86078 0.014686 45993 5386 5856.7 0 0
3.745e+05 1.2589 0.093717 0.90617 -0.88497 0.34046 0 386.01 -34.896 -0.86147 0.01468 45993 5388 5857.9 0 0
3.746e+05 1.2746 0.12026 0.86451 -0.91462 0.33296 0 392.76 -26.576 -0.86216 0.014678 45993 5389 5859.2 0 0
3.747e+05 1.3207 0.11042 0.94013 -1.0008 0.33753 0 391.23 -30.905 -0.86284 0.014672 45993 5391 5860.4 0 0
3.748e+05 1.3261 0.11531 0.91828 -1.0088 0.32483 0 387.66 -29.909 -0.86353 0.014672 45993 5391 5861.5 0 0
3.749e+05 1.29 0.10748 0.89294 -0.82128 0.34326 0 397.27 -30.084 -0.86422 0.014672 45993 5391 5862.8 0 0
3.75e+05 1.2849 0.14511 0.91024 -0.73066 0.32666 0 378.21 -22.375 -0.86491 0.014675 45993 5390 5864 0 0
