# FIELDS time d_tm36 rmsd_npxxy d_hbond chi_w295 d_salt na_site lig_cont opes.bias opes.rct opes.zed opes.neff opes.nker opes.work uw.bias lw.bias  (every 50th line of /scratch/kuhfeldr-Kuhfeld_temp/oprm1-opes-activation/runs/prod2/inactive/w0/COLVAR.0)
0 0.63866 0.04941 0.54744 -1.0568 0.35498 0.8741 437.07 -50 -50 1 1 0 0 0 0
100 0.61735 0.15898 0.51742 -1.0633 0.33418 0.93981 441 -42.848 0.99108 0.33199 108.42 34 70.395 0 0
200 0.60867 0.15648 0.48915 -1.0586 0.3221 0.93954 434.08 -31.902 1.045 0.18482 158.29 65 89.186 0 0
300 0.63965 0.16354 0.55742 -1.1665 0.33618 0.96675 434.01 -29.627 1.5758 0.15227 193.98 94 99.374 0 0
400 0.61163 0.18932 0.53404 -1.0059 0.33437 0.95529 397.54 -38.759 1.8265 0.1371 250.11 121 107.04 0 0
500 0.69095 0.13744 0.57229 -1.1443 0.3194 0.92157 432.52 -26.85 1.8957 0.12571 292.02 140 113.44 0 0
600 0.70648 0.14664 0.55009 -1.319 0.31194 0.91534 431.22 -31.502 1.8456 0.1195 334.54 151 119.84 0 0
700 0.61167 0.14202 0.54137 -1.1705 0.31168 0.97028 435.84 -24.617 1.682 0.11524 358.44 163 126.11 0 0
800 0.66628 0.1747 0.49945 -1.0726 0.30973 0.90629 416.02 -31.92 1.5043 0.09816 375.37 178 132.5 0 0
900 0.64868 0.20739 0.5379 -1.2463 0.30915 0.89809 415.7 -42.548 1.5163 0.097568 406.26 189 137.67 0 0
1000 0.69456 0.16786 0.56505 -1.2992 0.31449 0.93279 430.01 -34.204 1.5901 0.098476 427.73 194 143.78 0 0
1100 0.60814 0.20552 0.47799 -1.0574 0.31205 0.85986 424.94 -41.625 1.724 0.10116 472.15 205 149.45 0 0
1200 0.58507 0.17434 0.52478 -1.2078 0.33761 0.90071 417.35 -36.237 1.7948 0.093924 512.07 222 154.18 0 0
1300 0.53072 0.13698 0.49061 -0.99445 0.30828 0.89165 418.39 -43.916 1.7848 0.084792 537.31 237 158.46 0 0
1400 0.57971 0.14316 0.52572 -0.8634 0.31419 0.96761 414.65 -27.689 1.7284 0.083749 561.85 241 163.13 0 0
1500 0.61147 0.13788 0.54829 -1.0819 0.33876 0.95383 410.15 -21.118 1.8043 0.084512 598.4 241 167.97 0 0
1600 0.59521 0.13739 0.49591 -0.93563 0.30883 0.92392 408.17 -22.452 1.8372 0.08033 627.4 250 172.47 0 0
1700 0.62986 0.17766 0.57991 -1.1059 0.323 0.95647 429.48 -30.72 1.8983 0.081922 661.79 249 175.85 0 0
1800 0.58751 0.17602 0.57353 -1.0002 0.32845 0.96621 418.78 -34.097 1.8594 0.083187 685.64 251 179.26 0 0
1900 0.65279 0.19383 0.5386 -1.2073 0.31859 0.93318 425.22 -36.28 1.7752 0.081344 702.06 255 183.42 0 0
2000 0.64381 0.22508 0.55339 -0.93261 0.32397 0.96549 405.37 -45.814 1.7599 0.085838 731.22 259 187.54 0 0
2100 0.67371 0.17625 0.56449 -1.1121 0.33233 0.96894 423.58 -32.829 1.7113 0.08441 749 266 191.5 0 0
2200 0.71613 0.17992 0.56158 -1.1027 0.29103 0.94161 412.12 -43.675 1.6065 0.083649 753.94 269 195 0 0
2300 0.58051 0.092267 0.48724 -1.2224 0.31539 0.91024 412.16 -8.1093 1.5137 0.081342 759.03 277 198.26 0 0
2400 0.63999 0.18533 0.5335 -1.046 0.30478 0.96481 419.99 -31.766 1.4127 0.079727 761.42 283 200.94 0 0
2500 0.62969 0.1529 0.52938 -1.0827 0.30999 0.9741 423.52 -22.326 1.3417 0.079118 769.38 286 204.53 0 0
2600 0.6037 0.11264 0.48715 -1.1279 0.32111 0.95684 425.08 -11.073 1.2583 0.077647 773.11 294 207.7 0 0
2700 0.65338 0.12066 0.52428 -1.1098 0.3039 0.87401 407.35 -12.446 1.2032 0.07865 787.77 290 210.58 0 0
2800 0.64319 0.12823 0.52207 -1.0681 0.3317 0.94894 396.33 -14.458 1.2115 0.078538 810.91 296 213.32 0 0
2900 0.57789 0.18258 0.42711 -1.1197 0.33608 0.97099 427.68 -37.593 1.1929 0.078157 831.61 298 216.47 0 0
3000 0.68953 0.1964 0.56217 -1.0529 0.33296 0.9564 429.41 -40.537 1.151 0.076347 843.59 303 219.99 0 0
3100 0.67928 0.20864 0.51307 -1.1106 0.33418 0.97537 392.17 -42.059 1.0871 0.075911 849.65 305 224.02 0 0
3200 0.72069 0.16624 0.52487 -1.0495 0.31841 0.90094 417.68 -37.991 1.0309 0.074301 857.97 312 228.21 0 0
3300 0.63876 0.11626 0.49589 -1.153 0.32976 0.90341 436.36 -10.237 0.95808 0.07372 860.97 315 231.87 0 0
3400 0.67763 0.20425 0.53671 -1.0571 0.31664 0.97745 423.73 -39.738 0.90931 0.073197 869.69 318 235.49 0 0
3500 0.72123 0.16096 0.60643 -1.015 0.29572 0.95159 425.36 -35.151 0.93215 0.07355 895.98 319 239.22 0 0
3600 0.73841 0.17618 0.6002 -0.97266 0.30521 0.96398 420.7 -42.331 0.96315 0.069974 920.4 324 243.22 0 0
3700 0.67512 0.13932 0.54341 -1.0113 0.31797 0.97104 426.21 -20.291 0.98449 0.072614 944.56 327 246.86 0 0
3800 0.60281 0.2159 0.47233 -1.1546 0.32614 0.95313 435.45 -42.383 0.98636 0.073489 966.61 329 250.33 0 0
3900 0.66668 0.18627 0.56968 -1.0334 0.29877 0.94831 415.2 -31.841 1.0035 0.072646 993.62 335 253.66 0 0
4000 0.60899 0.19817 0.50636 -1.0369 0.30748 0.96667 435.82 -35.598 0.95712 0.070481 1004.4 345 257.5 0 0
4100 0.66748 0.1702 0.54122 -1.1341 0.31867 0.92966 430.5 -27.586 0.90197 0.069941 1009.6 348 261.32 0 0
4200 0.73876 0.1808 0.54757 -1.1804 0.30848 0.9421 419.72 -41.825 0.85784 0.070793 1017.7 346 265.08 0 0
4300 0.63786 0.23406 0.52356 -1.2333 0.3101 0.95081 431.44 -45.632 0.80003 0.070793 1019.7 346 268.82 0 0
4400 0.68678 0.19462 0.45683 -1.1273 0.32144 0.93445 439.78 -34.65 0.76621 0.069953 1029.8 350 272.5 0 0
4500 0.72035 0.18481 0.51854 -1.0922 0.30031 0.90694 443.42 -38.433 0.72553 0.068884 1035.6 353 276.47 0 0
4600 0.69623 0.17015 0.55763 -1.2619 0.30566 0.95973 428.43 -31.164 0.67981 0.068056 1041.1 358 280.21 0 0
4700 0.69324 0.16743 0.55859 -1.0323 0.3209 0.80192 451.34 -29.761 0.68244 0.068843 1060.9 354 283.72 0 0
4800 0.75694 0.20642 0.59769 -1.0701 0.30692 0.89049 444.45 -49.202 0.66436 0.068295 1077.6 358 287.34 0 0
4900 0.64953 0.2492 0.49406 -1.2239 0.32134 0.94645 416.73 -48.543 0.6728 0.073069 1098.7 361 290.57 0 0
5000 0.65445 0.176 0.51285 -1.3657 0.31111 0.95134 400.25 -27.776 0.67164 0.072712 1118 364 293.46 0 0
5100 0.62894 0.16614 0.51958 -1.0716 0.31079 0.89518 421.5 -25.405 0.6771 0.071661 1140.3 370 296.28 0 0
5200 0.70777 0.19872 0.52246 -0.94154 0.30182 0.969 458.28 -38.007 0.67162 0.071102 1158.6 374 298.85 0 0
5300 0.64146 0.15386 0.54648 -1.187 0.31387 0.90727 452.8 -21.266 0.67502 0.067866 1184.6 383 301.88 0 0
5400 0.60347 0.18296 0.52204 -1.114 0.30257 0.95552 448.5 -31.412 0.71827 0.067822 1224 385 305.33 0 0
5500 0.57201 0.17472 0.46692 -1.085 0.31405 0.95609 419.86 -36.784 0.77595 0.067967 1263 386 308.72 0 0
5600 0.61531 0.20497 0.4691 -1.1096 0.29968 0.96414 424.06 -35.241 0.78452 0.067797 1288.8 387 311.57 0 0
5700 0.65469 0.20385 0.53088 -1.3089 0.33128 0.90514 415.88 -33.21 0.76884 0.068042 1304.2 388 314.39 0 0
5800 0.63389 0.19609 0.49468 -1.1842 0.30519 0.93134 430.38 -31.31 0.77534 0.068517 1328.9 392 317.41 0 0
5900 0.64314 0.19798 0.51461 -1.1071 0.29648 0.85793 408.31 -31.168 0.75029 0.067625 1341.5 394 320.48 0 0
6000 0.6652 0.19515 0.47075 -1.2633 0.31372 0.95768 430.41 -31.387 0.72403 0.06683 1351.3 398 323.34 0 0
6100 0.62923 0.22624 0.50414 -1.308 0.33681 0.94178 418.07 -39.763 0.71127 0.066826 1366 402 326.08 0 0
6200 0.70191 0.15778 0.51559 -1.082 0.31139 0.93166 418.28 -29.364 0.78066 0.068016 1410.1 405 328.53 0 0
6300 0.69966 0.15346 0.50404 -1.1167 0.33217 0.75845 398.12 -27.692 0.79699 0.067382 1437.2 411 330.81 0 0
6400 0.72882 0.14266 0.47457 -1.0519 0.31301 0.88375 437.19 -30.371 0.8235 0.067887 1465.6 411 333.05 0 0
6500 0.61903 0.17611 0.48872 -1.0971 0.32009 0.9553 430.64 -26.818 0.85457 0.069038 1503.5 414 334.97 0 0
6600 0.6728 0.17592 0.50113 -1.1868 0.29587 0.92865 432.26 -27.228 0.85088 0.0685 1526.1 414 337.21 0 0
6700 0.65718 0.18862 0.49879 -1.0017 0.29915 0.88134 410.34 -29.228 0.84307 0.068672 1541.2 409 339.44 0 0
6800 0.62233 0.18144 0.54281 -1.0643 0.31057 0.97041 442.11 -27.353 0.81576 0.068505 1549.4 410 341.82 0 0
6900 0.59831 0.16601 0.49893 -0.82961 0.31082 0.88473 418.95 -26.673 0.78224 0.068132 1553.8 412 343.88 0 0
7000 0.54787 0.18205 0.53226 -0.87745 0.32068 0.85728 428.64 -45.085 0.76784 0.068332 1570.8 411 346.1 0 0
7100 0.63141 0.14781 0.53919 -1.1409 0.30713 0.91059 408.76 -19.056 0.74908 0.068096 1583 414 348.35 0 0
7200 0.61355 0.1537 0.52912 -1.182 0.31077 0.9719 421.56 -21.636 0.75611 0.06799 1607.6 416 350.39 0 0
7300 0.61201 0.14161 0.43118 -0.99864 0.31315 0.91118 431.8 -19.02 0.76536 0.067326 1632.4 421 352.35 0 0
7400 0.60884 0.21844 0.49844 -1.1583 0.31631 0.95344 426.81 -38.94 0.80163 0.064404 1667.5 420 354.73 0 0
7500 0.62692 0.20664 0.44003 -0.97673 0.32023 0.95868 416.72 -33.705 0.83806 0.068924 1701.5 425 357.28 0 0
7600 0.56916 0.16068 0.48442 -1.0964 0.29889 0.95383 441.46 -32.228 0.84976 0.064683 1726.4 426 359.96 0 0
7700 0.71175 0.20836 0.53845 -1.2051 0.33654 0.9508 432.77 -41.443 0.85507 0.063783 1745.5 432 362.39 0 0
7800 0.60218 0.21457 0.52582 -1.1605 0.30356 0.94555 433.7 -37.831 0.85656 0.065018 1768.2 433 365 0 0
7900 0.53448 0.15156 0.4688 -0.8627 0.31702 0.92057 421.48 -43.97 0.83534 0.064698 1777.3 436 367.27 0 0
8000 0.56122 0.14919 0.44763 -1.025 0.32719 0.85891 411.96 -31.728 0.81967 0.064623 1790.5 437 369.57 0 0
8100 0.60084 0.12828 0.39544 -1.1377 0.3226 0.91143 428.89 -16.011 0.795 0.063841 1797.7 443 371.74 0 0
8200 0.61057 0.21314 0.46107 -1.0438 0.32366 0.95035 420.23 -35.806 0.76802 0.062937 1803 450 374.13 0 0
8300 0.6043 0.16881 0.45989 -1.2013 0.30413 0.84925 422.92 -25.326 0.74945 0.06218 1812.9 458 376.54 0 0
8400 0.61863 0.15321 0.49317 -1.3369 0.30733 0.90741 418.62 -20.129 0.74462 0.06174 1829.3 462 378.74 0 0
8500 0.56562 0.17866 0.45404 -1.1009 0.29427 0.95768 448.4 -35.821 0.72462 0.061971 1839.7 460 380.87 0 0
8600 0.61787 0.15489 0.48485 -1.0538 0.30968 0.86257 420.48 -20.277 0.70068 0.061857 1844.6 461 382.89 0 0
8700 0.6174 0.19946 0.42943 -1.1053 0.31848 0.98796 415.81 -30.789 0.69527 0.06115 1858.8 467 384.82 0 0
8800 0.618 0.12862 0.46147 -1.19 0.34272 0.95254 417.07 -14.063 0.66872 0.06116 1862.4 467 386.72 0 0
8900 0.64941 0.13518 0.42648 -1.1929 0.32012 0.95406 426.62 -15.694 0.64164 0.061663 1864.8 463 388.78 0 0
9000 0.65543 0.13729 0.48596 -1.0181 0.31018 0.93469 421.88 -16.115 0.61318 0.061797 1865.3 462 390.75 0 0
9100 0.66295 0.1241 0.53146 -1.0069 0.31513 0.92137 445.12 -12.894 0.59931 0.061812 1876.8 462 392.68 0 0
9200 0.64944 0.16797 0.50449 -1.2997 0.32296 0.96403 435.36 -22.155 0.61207 0.061709 1902.7 465 394.4 0 0
9300 0.53889 0.14706 0.51138 -1.198 0.32235 0.98015 423.41 -39.832 0.60543 0.061823 1917.8 463 396.56 0 0
9400 0.61666 0.096536 0.54262 -1.1206 0.31185 0.96089 430.21 -2.2368 0.59195 0.06096 1931.7 466 398.68 0 0
9500 0.57222 0.18154 0.48285 -1.151 0.31883 0.97786 414.62 -34.063 0.58359 0.060813 1951.2 466 401.05 0 0
9600 0.57622 0.13291 0.56194 -1.1451 0.29857 0.95133 414.14 -21.223 0.60375 0.06019 1979.7 472 403.26 0 0
9700 0.65787 0.15716 0.44637 -0.91406 0.33044 0.96683 417.9 -20.239 0.60107 0.06022 1996.4 474 405.2 0 0
9800 0.53345 0.12373 0.49178 -1.1027 0.31862 0.92526 429.38 -34.516 0.59117 0.06017 2011.7 475 407.26 0 0
9900 0.6051 0.13112 0.48312 -1.0565 0.3264 0.95919 423.95 -14.688 0.58138 0.060065 2029.5 477 409.17 0 0
10000 0.64948 0.13424 0.54806 -1.0626 0.29915 0.88232 430.43 -13.89 0.56727 0.059467 2041.6 482 411.09 0 0
10100 0.55761 0.18046 0.53074 -1.0132 0.32599 0.91619 426.59 -37.834 0.55578 0.058679 2055.5 489 413.53 0 0
10200 0.66277 0.18239 0.5115 -1.2213 0.34322 0.9735 419.81 -26.286 0.53953 0.057378 2064.8 501 415.93 0 0
10300 0.69836 0.15909 0.55556 -1.1825 0.29858 0.91721 431.69 -26.259 0.51943 0.056855 2071.7 506 418.03 0 0
10400 0.63419 0.15512 0.53415 -0.99096 0.33571 0.89017 425.34 -18.394 0.49758 0.056966 2074.7 505 420.08 0 0
10500 0.56304 0.17875 0.48057 -1.0544 0.30509 0.95913 431.8 -34.832 0.47415 0.056794 2076.4 507 422.32 0 0
10600 0.60628 0.19173 0.53088 -1.2313 0.31202 0.94246 411.21 -28.179 0.45947 0.056663 2084.3 508 424.59 0 0
10700 0.67031 0.19825 0.53426 -1.0383 0.32086 0.93402 432.08 -30.951 0.44374 0.056803 2094 506 427.03 0 0
10800 0.70359 0.19827 0.53332 -1.2307 0.31802 0.97253 430.93 -37.045 0.42102 0.05575 2095.9 516 429.41 0 0
10900 0.7052 0.1873 0.55381 -1.0869 0.29869 0.89499 433.31 -34.574 0.40146 0.055662 2099.7 517 431.59 0 0
11000 0.62519 0.14699 0.4999 -1.2206 0.31312 0.95898 419.04 -16.212 0.38172 0.055657 2104.3 517 433.66 0 0
11100 0.53444 0.15049 0.50856 -1.2121 0.32685 0.9181 377.11 -40.481 0.35856 0.055337 2104.6 520 435.88 0 0
11200 0.58953 0.15419 0.47989 -1.0307 0.30132 0.90161 398.71 -22.046 0.34013 0.055164 2109.6 522 438.16 0 0
11300 0.67225 0.20785 0.56741 -1.3917 0.32898 0.96366 385.49 -33.139 0.32171 0.054753 2115 526 440.55 0 0
11400 0.6347 0.15975 0.52924 -1.5684 0.31119 0.94847 403.51 -18.353 0.29952 0.054968 2115.8 524 442.69 0 0
11500 0.61145 0.21226 0.56549 -1.3817 0.30956 0.88932 399.19 -33.032 0.28076 0.054853 2120.1 525 445.4 0 0
11600 0.61783 0.19202 0.52349 -1.1918 0.30758 0.96285 386.89 -25.769 0.25987 0.054276 2122.2 532 448.05 0 0
11700 0.69218 0.21846 0.53049 -1.3195 0.29695 0.96215 382.34 -40.669 0.23817 0.054075 2122.8 534 450.88 0 0
11800 0.59779 0.21411 0.52238 -1.2027 0.30559 0.91617 371.36 -34.682 0.21625 0.054483 2122.8 530 453.68 0 0
11900 0.61854 0.2177 0.52772 -1.0858 0.30452 0.95112 390.72 -33.768 0.19452 0.054278 2122.9 532 456.26 0 0
12000 0.56121 0.22411 0.52004 -1.126 0.32988 0.88898 386.51 -45.967 0.17299 0.053386 2123 541 459.04 0 0
12100 0.61095 0.21729 0.54624 -1.236 0.305 0.96248 384.01 -33.361 0.15169 0.052705 2123.1 548 461.81 0 0
12200 0.61933 0.25227 0.55104 -1.1534 0.30451 0.97272 368.97 -47.501 0.13081 0.052234 2123.6 553 464.87 0 0
12300 0.59472 0.24448 0.54212 -1.1557 0.30867 0.94633 384.71 -45.658 0.11106 0.052141 2125.4 554 467.81 0 0
12400 0.68357 0.2298 0.52998 -1.5672 0.29408 0.95395 387.08 -40.806 0.091615 0.05206 2127.6 555 470.88 0 0
12500 0.57463 0.22359 0.47759 -1.2477 0.31781 0.95601 369.37 -41.522 0.074104 0.051775 2131 558 473.66 0 0
12600 0.68617 0.22459 0.4838 -1.4046 0.32123 0.82716 397.41 -39.128 0.053778 0.051407 2131.3 562 476.43 0 0
12700 0.56468 0.22914 0.54179 -1.1965 0.31491 0.93742 403.42 -45.477 0.033437 0.051316 2131.4 563 479.21 0 0
12800 0.64356 0.22386 0.50867 -1.315 0.3391 0.94493 409.37 -33.348 0.013256 0.051776 2131.4 558 481.97 0 0
12900 0.54263 0.19747 0.48927 -1.1121 0.31949 0.95067 402.17 -44.917 -0.006556 0.051225 2131.8 564 484.96 0 0
13000 0.5708 0.22032 0.48659 -1.1275 0.302 0.96752 391.02 -40.216 -0.026318 0.050777 2132 569 487.72 0 0
13100 0.57435 0.2185 0.52668 -1.2865 0.30573 0.93561 397.62 -38.174 -0.046066 0.050599 2132 571 490.4 0 0
13200 0.67302 0.19896 0.53073 -1.2452 0.32681 0.98006 412.25 -29.104 -0.065662 0.050511 2132.1 572 492.94 0 0
13300 0.55042 0.19053 0.51508 -1.4092 0.32103 0.97866 406.41 -39.621 -0.085091 0.050423 2132.1 573 495.37 0 0
13400 0.5938 0.1791 0.55335 -1.328 0.32094 0.97028 395.07 -24.854 -0.10438 0.050423 2132.1 573 498.04 0 0
13500 0.54497 0.18603 0.53399 -1.0468 0.33314 0.96627 389.64 -40.483 -0.12354 0.050335 2132.1 574 500.51 0 0
13600 0.59652 0.17355 0.54348 -1.4868 0.31675 0.96235 401.54 -22.871 -0.14255 0.050423 2132.1 573 502.83 0 0
13700 0.64086 0.16922 0.42719 -1.251 0.30302 0.95795 420.32 -19.209 -0.16143 0.050073 2132.2 577 505.3 0 0
13800 0.66268 0.17112 0.49201 -1.0864 0.3083 0.88785 383.39 -20.761 -0.18016 0.0499 2132.2 579 507.77 0 0
13900 0.65095 0.18795 0.49942 -1.3808 0.30196 0.9761 379.51 -23.085 -0.19877 0.049053 2132.2 589 510.2 0 0
14000 0.65811 0.21038 0.50668 -1.3036 0.31872 0.97681 418.74 -28.987 -0.21724 0.04897 2132.2 590 512.86 0 0
14100 0.59018 0.17795 0.52895 -1.1995 0.31118 0.97602 413.56 -24.31 -0.23559 0.049136 2132.2 588 515.52 0 0
14200 0.56963 0.16239 0.50585 -1.1201 0.3063 0.90936 425.42 -27.175 -0.25378 0.04864 2132.2 594 518.03 0 0
14300 0.60446 0.15253 0.46537 -1.0317 0.3027 0.91267 441.69 -17.77 -0.27181 0.048233 2132.3 599 520.52 0 0
14400 0.55804 0.15863 0.5137 -1.1538 0.30984 0.95751 405.89 -30.175 -0.28971 0.04799 2132.4 602 523.05 0 0
14500 0.59401 0.15407 0.50415 -1.1443 0.31746 0.89282 419.77 -19.44 -0.30718 0.047601 2133 607 525.52 0 0
14600 0.62311 0.16312 0.51836 -1.3677 0.32174 0.95609 411.53 -17.007 -0.32482 0.046908 2133.1 616 527.95 0 0
14700 0.69808 0.20896 0.48426 -0.90928 0.31234 0.93194 417.41 -34.526 -0.34183 0.04699 2134 615 530.33 0 0
14800 0.64543 0.19105 0.51456 -1.0907 0.30163 0.96494 397.11 -22.556 -0.35868 0.04684 2135 617 533.2 0 0
14900 0.66944 0.2024 0.56068 -1.2331 0.31043 0.93737 396.38 -26.913 -0.37573 0.046265 2135.5 623 536.05 0 0
15000 0.63755 0.19849 0.50574 -1.3605 0.31128 0.95064 411.22 -23.87 -0.39287 0.046192 2135.6 624 538.99 0 0
15100 0.58801 0.26322 0.43379 -1.1694 0.31721 0.96163 408.22 -49.551 -0.40981 0.046268 2135.9 623 541.77 0 0
15200 0.64531 0.17385 0.46575 -1.2869 0.31775 0.94359 401.41 -18.387 -0.42666 0.045755 2136.2 630 544.39 0 0
15300 0.65034 0.16858 0.46016 -1.1815 0.30688 0.97028 389.1 -17.58 -0.442 0.045691 2138.3 631 546.86 0 0
15400 0.65844 0.12335 0.49759 -1.1648 0.32098 0.95108 420.14 -7.4121 -0.45551 0.045614 2142.8 632 549.34 0 0
15500 0.70902 0.21661 0.54614 -1.2473 0.32006 0.95496 395.81 -37.479 -0.46002 0.045864 2156.5 630 552.01 0 0
15600 0.71407 0.18882 0.52047 -1.385 0.30737 0.96933 406.06 -29.955 -0.46584 0.045863 2166.4 632 554.92 0 0
15700 0.66825 0.19558 0.54039 -1.2768 0.29582 0.96604 382.74 -23.946 -0.45273 0.045724 2188.9 633 557.56 0 0
15800 0.63999 0.1893 0.54854 -1.2974 0.29995 0.92485 408.97 -20.977 -0.45639 0.045483 2200.4 636 560 0 0
15900 0.66799 0.1609 0.46405 -1.3238 0.29607 0.94843 402.27 -16.858 -0.46879 0.045497 2205.7 636 562.54 0 0
16000 0.66852 0.17952 0.54223 -1.4258 0.33565 0.96522 411.32 -20.361 -0.47609 0.045112 2215.9 642 564.64 0 0
16100 0.59798 0.11128 0.52338 -1.1759 0.30487 0.92513 417.72 -7.0328 -0.47165 0.045173 2236.1 643 566.41 0 0
16200 0.66643 0.11056 0.47456 -1.4599 0.31416 0.90162 395.5 -3.8077 -0.45459 0.045287 2264.7 643 568.21 0 0
16300 0.61601 0.078079 0.48064 -1.0292 0.33059 0.95659 399.24 4.0432 -0.44378 0.04522 2289 644 569.84 0 0
16400 0.59305 0.11374 0.47275 -1.2227 0.31689 0.95421 380.71 -8.147 -0.43413 0.045238 2314.4 645 571.38 0 0
16500 0.57387 0.10755 0.44194 -1.1609 0.32742 0.84788 397.55 -10.764 -0.43703 0.045121 2330.8 649 573.18 0 0
16600 0.57352 0.12804 0.50048 -0.91626 0.30935 0.91402 381.77 -17.084 -0.44449 0.045076 2342.4 650 574.77 0 0
16700 0.60008 0.10519 0.43105 -1.2769 0.32542 0.97546 396.72 -3.8439 -0.45039 0.044988 2355.7 651 576.51 0 0
16800 0.62189 0.080117 0.4498 -1.2386 0.30116 0.89303 372.64 4.5691 -0.44373 0.044893 2382.7 652 578.03 0 0
16900 0.60861 0.12495 0.50865 -1.1125 0.31176 0.96895 398.9 -8.416 -0.42737 0.044992 2411.8 652 579.61 0 0
17000 0.60614 0.11725 0.51087 -1.2759 0.3222 0.96365 373.7 -6.1071 -0.41805 0.045195 2437.1 651 581.2 0 0
17100 0.53739 0.11008 0.52414 -1.3692 0.31691 0.83086 404.31 -26.265 -0.42441 0.045064 2447.3 653 583.07 0 0
17200 0.65309 0.071137 0.51846 -1.2431 0.33324 0.94126 407.82 6.3787 -0.40897 0.04486 2481.9 658 584.65 0 0
17300 0.54621 0.12441 0.50206 -1.2292 0.32353 0.94668 413.28 -25.89 -0.40495 0.044799 2504.6 661 586.29 0 0
17400 0.69368 0.083459 0.48862 -1.3007 0.32169 0.93847 401.03 0.70079 -0.4012 0.04474 2525.1 662 587.71 0 0
17500 0.67022 0.076489 0.54521 -1.4111 0.33313 0.87162 406.28 4.8201 -0.40006 0.044823 2545.6 661 589.17 0 0
17600 0.64388 0.070904 0.54293 -0.98588 0.31594 0.89846 400.38 6.8026 -0.36978 0.045068 2559.5 661 590.42 0 0
17700 0.66689 0.067415 0.51599 -1.2162 0.32002 0.90405 400.54 6.1546 -0.34842 0.045404 2590.5 657 591.65 0 0
17800 0.63571 0.077984 0.50454 -1.1155 0.32038 0.94585 405.68 5.9576 -0.29229 0.045475 2635.4 660 592.83 0 0
17900 0.6902 0.067902 0.53128 -1.097 0.32782 0.95398 414.21 3.3633 -0.23198 0.047241 2665.9 660 593.75 0 0
18000 0.64376 0.069952 0.49907 -1.0336 0.31987 0.87741 400.92 7.0113 -0.18096 0.047226 2703.6 662 594.78 0 0
18100 0.60188 0.084842 0.52186 -1.2584 0.33228 0.93462 398.4 1.5888 -0.13598 0.045515 2737.8 661 595.88 0 0
18200 0.69131 0.092529 0.51906 -1.2856 0.31481 0.93352 400.88 -0.69216 -0.10328 0.045585 2777.4 661 596.94 0 0
18300 0.68773 0.12466 0.52654 -1.1457 0.30827 0.94156 366.99 -9.1303 -0.076671 0.045584 2810 662 598.1 0 0
18400 0.66966 0.11998 0.52212 -1.2284 0.31503 0.86305 391.81 -5.2752 -0.046682 0.045804 2854.5 661 599.25 0 0
18500 0.65744 0.10651 0.47722 -1.3202 0.31145 0.91997 386.51 -0.40411 -0.035457 0.045684 2879.4 665 600.51 0 0
18600 0.66042 0.1444 0.53517 -1.2764 0.3091 0.93193 398.18 -11.833 -0.018418 0.045834 2910.3 663 601.77 0 0
18700 0.60828 0.12509 0.49037 -1.2805 0.32355 0.97428 399.54 -7.3796 -0.02659 0.045857 2920.8 663 603.13 0 0
18800 0.64577 0.10415 0.50123 -1.2003 0.32076 0.96285 406.39 1.2487 -0.030879 0.045896 2935.9 663 604.41 0 0
18900 0.68013 0.11762 0.52067 -1.1341 0.32603 0.89886 391.05 -5.3089 -0.029933 0.045659 2951.5 668 605.71 0 0
19000 0.63801 0.10831 0.54892 -1.2175 0.30662 0.9053 428.39 0.3174 -0.036954 0.044939 2962.9 668 607.25 0 0
19100 0.62882 0.069923 0.50755 -1.1231 0.31101 0.8782 418.95 7.0902 -0.040529 0.044967 2976.3 668 608.54 0 0
19200 0.64931 0.088564 0.53319 -1.0691 0.30554 0.92679 424.28 4.6722 -0.033764 0.045124 3003.6 667 609.79 0 0
19300 0.62673 0.14886 0.48871 -1.1853 0.32286 0.85347 414.2 -13.103 -0.031276 0.045077 3026.5 669 611.02 0 0
19400 0.58977 0.14946 0.44539 -1.2879 0.32923 0.92566 387.86 -18.822 -0.030441 0.045005 3048.4 671 612.23 0 0
19500 0.65858 0.12679 0.5049 -1.2316 0.32368 0.95945 389.81 -5.2469 -0.038274 0.045121 3058.2 672 613.61 0 0
19600 0.58041 0.12461 0.48772 -1.0638 0.32698 0.95542 411.62 -12.918 -0.040498 0.044814 3076.2 677 614.9 0 0
19700 0.58371 0.083668 0.4523 -1.2557 0.32565 0.96723 399.49 -1.8319 -0.015163 0.046485 3110.2 679 615.95 0 0
19800 0.6067 0.12543 0.48799 -1.1798 0.32696 0.94186 402.45 -6.9415 0.015296 0.046435 3148.2 681 617.28 0 0
19900 0.62814 0.12405 0.53392 -1.2876 0.30134 0.94197 428.8 -4.6264 0.023561 0.046311 3174.9 684 618.78 0 0
20000 0.58359 0.091811 0.55156 -1.3881 0.31156 0.93958 404.08 -3.4266 0.04448 0.045994 3207.5 690 620.05 0 0
20100 0.66848 0.082956 0.52246 -0.95909 0.3 0.84145 397.35 4.7017 0.07785 0.047407 3250.5 695 621.04 0 0
20200 0.56179 0.12522 0.53557 -1.2482 0.31948 0.96226 392.7 -19.298 0.086174 0.047396 3275 697 622.15 0 0
20300 0.62875 0.1513 0.54354 -1.4383 0.30122 0.95776 409.87 -13.449 0.092432 0.047377 3300.5 698 623.3 0 0
20400 0.69866 0.12929 0.50913 -1.0114 0.32299 0.84843 412.05 -11.878 0.11517 0.047536 3334.2 701 624.38 0 0
20500 0.6759 0.088621 0.51626 -1.2343 0.33505 0.93187 399.33 2.9696 0.13822 0.046099 3369.8 700 625.6 0 0
20600 0.66039 0.10297 0.52685 -1.2559 0.32637 0.9872 401.44 1.3334 0.17974 0.044849 3411.5 698 626.71 0 0
20700 0.66401 0.12924 0.55909 -1.1395 0.30456 0.92905 373.08 -6.2878 0.20697 0.044951 3445.8 695 627.82 0 0
20800 0.71734 0.1237 0.57295 -1.3653 0.3006 0.94771 379.07 -13.829 0.23525 0.045074 3473.5 695 628.92 0 0
20900 0.76113 0.099436 0.55226 -1.254 0.30408 0.90789 401.36 -16.709 0.23184 0.045026 3487.3 696 630.19 0 0
21000 0.7348 0.084157 0.56602 -1.2665 0.32571 0.88211 388.17 -7.4604 0.23167 0.044897 3499.1 699 631.49 0 0
21100 0.65307 0.11861 0.51243 -1.0035 0.32528 0.92674 403.55 -2.4494 0.23697 0.044757 3522.5 698 632.6 0 0
21200 0.64546 0.084005 0.53335 -1.356 0.33352 0.85132 386.09 5.8211 0.24463 0.04464 3551.5 701 633.61 0 0
21300 0.61351 0.096031 0.49683 -1.1214 0.31637 0.91083 385.21 1.5874 0.24781 0.044504 3572.9 704 634.63 0 0
21400 0.59816 0.14259 0.50313 -1.2519 0.30744 0.96747 407.3 -14.584 0.2706 0.044501 3598.3 705 635.7 0 0
21500 0.62824 0.13888 0.5252 -1.4105 0.30264 0.95419 396.34 -9.3831 0.30047 0.046077 3632.6 707 636.71 0 0
21600 0.61308 0.1611 0.54131 -1.4773 0.32648 0.93762 415.32 -17.577 0.30884 0.045973 3660.6 711 637.99 0 0
21700 0.60021 0.14571 0.52687 -1.1769 0.30724 0.9095 393.02 -14.908 0.3425 0.044441 3699.8 712 639.11 0 0
21800 0.60287 0.096796 0.47996 -1.3035 0.3068 0.95041 404.1 0.10102 0.35002 0.044394 3731.5 714 640.18 0 0
21900 0.64585 0.12782 0.54419 -1.4497 0.31062 0.86531 398.95 -4.8299 0.35375 0.044444 3750 716 641.47 0 0
22000 0.63728 0.12068 0.46729 -1.2974 0.30544 0.86365 405.77 -2.7528 0.35728 0.044348 3768.7 717 642.69 0 0
22100 0.70562 0.071968 0.52749 -1.0396 0.32886 0.91681 393.81 1.0678 0.36689 0.044426 3799.3 717 643.66 0 0
22200 0.6329 0.13488 0.57526 -1.2178 0.31591 0.94724 389.11 -7.2938 0.37657 0.04443 3831 718 644.68 0 0
22300 0.57186 0.12069 0.51977 -1.2569 0.31567 0.9724 390.79 -13.781 0.37887 0.044291 3853.5 721 645.78 0 0
22400 0.56048 0.084273 0.53254 -1.165 0.30534 0.8928 390.98 -9.052 0.37369 0.044016 3865.4 726 647.09 0 0
22500 0.57866 0.074146 0.52077 -1.295 0.32947 0.93607 423.84 -1.5368 0.37415 0.044257 3890.5 725 648.24 0 0
22600 0.63655 0.13563 0.58619 -1.287 0.30375 0.96482 389.52 -7.1784 0.37699 0.044114 3911.8 728 649.25 0 0
22700 0.54127 0.11723 0.5774 -1.053 0.32182 0.84243 409.27 -26.061 0.37624 0.044397 3933.4 726 650.5 0 0
22800 0.56843 0.12482 0.53358 -0.9634 0.30074 0.95001 400.46 -15.801 0.38426 0.044327 3965.1 728 651.76 0 0
22900 0.57457 0.10972 0.56378 -1.0609 0.31621 0.95081 405.35 -9.2076 0.38781 0.044277 3988.1 727 652.95 0 0
23000 0.59919 0.085711 0.50196 -1.3004 0.29864 0.93935 406.4 2.0086 0.38012 0.04425 3997 728 654.48 0 0
23100 0.5629 0.13421 0.52952 -1.2967 0.31861 0.8379 400.64 -20.403 0.37549 0.044167 4010 730 655.78 0 0
23200 0.63485 0.15438 0.51916 -0.88447 0.31636 0.96533 404.78 -13.654 0.37568 0.044278 4033.2 729 656.99 0 0
23300 0.62845 0.10132 0.49843 -1.15 0.299 0.93551 400.35 3.069 0.37992 0.044142 4051.8 732 658.11 0 0
23400 0.69218 0.11866 0.52812 -1.4052 0.29977 0.97257 406.81 -6.8517 0.378 0.044142 4069.5 732 659.21 0 0
23500 0.65327 0.15284 0.49506 -1.2302 0.30935 0.95544 401.25 -13.337 0.37643 0.045777 4087.8 733 660.27 0 0
23600 0.76121 0.14202 0.55692 -1.3138 0.31004 0.90194 411.48 -27.707 0.37185 0.045784 4103.2 733 661.45 0 0
23700 0.72625 0.20275 0.55915 -1.1995 0.31087 0.9626 405.63 -37.779 0.36657 0.045991 4115.7 730 662.71 0 0
23800 0.71816 0.14528 0.58438 -1.1511 0.32056 0.95404 408.4 -20.835 0.36247 0.046336 4128.8 725 663.72 0 0
23900 0.70193 0.11545 0.55293 -1.0081 0.29666 0.86315 411.99 -7.3915 0.35561 0.046102 4138.1 729 664.82 0 0
24000 0.66899 0.13406 0.48424 -1.1571 0.32794 0.9676 410.69 -7.4604 0.34798 0.045814 4144.4 734 665.93 0 0
24100 0.68599 0.15408 0.54348 -1.2888 0.31856 0.98357 388.97 -17.014 0.33968 0.045896 4150.8 733 667.07 0 0
24200 0.71881 0.11281 0.5242 -1.2127 0.33108 0.94453 414.04 -10.428 0.33067 0.045921 4155.4 733 668.29 0 0
24300 0.66637 0.11366 0.55987 -1.2148 0.32311 0.95582 418.96 -1.0453 0.32232 0.045818 4160.9 735 669.48 0 0
24400 0.68115 0.08456 0.52865 -1.1904 0.30994 0.95225 445.94 3.7584 0.32001 0.045942 4178.6 733 670.35 0 0
24500 0.72898 0.072716 0.52187 -0.99709 0.30466 0.74635 437.27 -4.2023 0.32431 0.046026 4209.3 733 671.29 0 0
24600 0.72073 0.12273 0.61417 -1.2841 0.30477 0.89359 423.82 -13.509 0.32468 0.046006 4229 734 672.26 0 0
24700 0.6998 0.075811 0.53788 -1.0479 0.31451 0.96971 430.5 1.8483 0.32355 0.046084 4245.9 733 673.35 0 0
24800 0.59546 0.083428 0.51264 -1.1419 0.34946 0.90978 426.01 1.8519 0.33517 0.046324 4275.2 730 674.15 0 0
24900 0.70244 0.07532 0.5516 -1.2754 0.33748 0.88012 408.93 1.3774 0.36098 0.046177 4317.1 734 674.9 0 0
25000 0.67437 0.06087 0.51738 -1.3033 0.31126 0.91829 426.25 6.9294 0.37421 0.044509 4349 735 675.79 0 0
25100 0.59661 0.05845 0.53792 -0.99258 0.29981 0.87441 393.76 4.3071 0.39259 0.044612 4374.6 737 676.53 0 0
25200 0.63084 0.077624 0.48194 -1.1657 0.2873 0.88105 404.43 7.0427 0.41585 0.044627 4409.5 739 677.26 0 0
25300 0.62234 0.069616 0.50456 -1.0817 0.30763 0.90185 399.33 7.2549 0.43176 0.044641 4446.6 740 678.01 0 0
25400 0.621 0.086866 0.50238 -1.3027 0.31832 0.92705 434.08 5.0849 0.44849 0.046788 4482.9 739 678.66 0 0
25500 0.63509 0.10303 0.54423 -1.1502 0.31881 0.88059 411.39 3.0706 0.45402 0.046705 4513 741 679.47 0 0
25600 0.67281 0.050018 0.50704 -0.86528 0.32853 0.86071 427.18 7.2212 0.46335 0.046765 4548.8 741 680.22 0 0
25700 0.68921 0.12429 0.53104 -1.0474 0.31504 0.86533 419.68 -7.3612 0.48019 0.045813 4592.8 743 681.16 0 0
25800 0.65756 0.20132 0.5251 -1.1638 0.30223 0.91252 433.78 -26.346 0.49527 0.045881 4627 743 682.39 0 0
25900 0.67591 0.094693 0.49988 -1.3744 0.31954 0.86077 416.84 2.4728 0.50686 0.047853 4652.9 747 683.72 0 0
26000 0.62191 0.11606 0.53622 -1.5108 0.30856 0.94058 394.44 -0.9428 0.53059 0.046087 4696.3 747 684.53 0 0
26100 0.70523 0.07699 0.50597 -1.2326 0.30606 0.92102 401.55 0.51704 0.54141 0.044754 4731 746 685.44 0 0
26200 0.73084 0.086154 0.53978 -1.1774 0.29838 0.87524 410.09 -6.5995 0.54295 0.04481 4752.1 746 686.41 0 0
26300 0.68653 0.1397 0.51756 -1.278 0.30647 0.93274 401.46 -12.168 0.54335 0.044772 4773.2 747 687.28 0 0
26400 0.70423 0.083086 0.49422 -1.1586 0.33199 0.92522 391.29 -0.013834 0.53751 0.044528 4783.2 752 688.24 0 0
26500 0.71915 0.061568 0.55423 -1.2393 0.31779 0.84852 410.4 -0.71514 0.53302 0.044608 4797.1 751 689.19 0 0
26600 0.74009 0.11054 0.5866 -1.1993 0.30289 0.93178 400.01 -14.545 0.52575 0.04438 4804.8 755 690.24 0 0
26700 0.69234 0.11378 0.50349 -1.3768 0.31492 0.94545 407.77 -4.7044 0.52219 0.044471 4815.6 754 691.31 0 0
26800 0.67654 0.11938 0.5478 -1.1191 0.31548 0.96293 420.31 -3.3478 0.52497 0.044553 4841.1 756 692.16 0 0
26900 0.70151 0.17163 0.55531 -1.1626 0.30628 0.96749 401.41 -24.82 0.52539 0.044775 4862.2 753 693.16 0 0
27000 0.71908 0.12053 0.58037 -0.93408 0.30479 0.94817 401.79 -12.075 0.52094 0.044732 4876.1 754 694.39 0 0
27100 0.69288 0.14835 0.56271 -1.5405 0.32014 0.93697 406.51 -16.079 0.51586 0.044782 4886.9 753 695.46 0 0
27200 0.71759 0.17216 0.54741 -1.2162 0.2999 0.95504 416.51 -28.56 0.5104 0.044507 4896.1 758 696.38 0 0
27300 0.74645 0.10208 0.55775 -1.3848 0.31079 0.94189 406.26 -13.705 0.50527 0.044405 4908 760 697.35 0 0
27400 0.71584 0.079751 0.58621 -1.2435 0.30857 0.96662 400.1 -1.7284 0.51907 0.044267 4944.2 764 698.24 0 0
27500 0.74945 0.056906 0.56572 -1.0795 0.30745 0.90519 428.73 -6.5923 0.51833 0.04429 4962.4 764 699.26 0 0
27600 0.75379 0.057906 0.57198 -1.1359 0.32165 0.93237 392.36 -7.4543 0.51796 0.04454 4981.6 764 700.17 0 0
27700 0.67454 0.07199 0.56309 -0.82693 0.32148 0.9276 380.54 6.3215 0.5334 0.044456 5020 762 701 0 0
27800 0.69817 0.059384 0.55409 -1.3098 0.32519 0.92064 383.49 3.5871 0.54246 0.044495 5054.2 760 701.8 0 0
27900 0.65219 0.12132 0.52271 -1.2154 0.31713 0.90671 403.54 -2.0788 0.54523 0.044498 5082.9 761 702.67 0 0
28000 0.71189 0.11664 0.53563 -1.1897 0.33192 0.9501 395.6 -8.7917 0.54592 0.044614 5109.8 760 703.51 0 0
28100 0.65057 0.14249 0.55882 -1.0831 0.32527 0.96597 389.87 -9.0055 0.54347 0.044491 5127.1 763 704.58 0 0
28200 0.70176 0.12306 0.55003 -1.0945 0.30377 0.94496 378.93 -8.5532 0.53985 0.044628 5140.4 761 705.58 0 0
28300 0.59119 0.16981 0.55034 -1.3327 0.32853 0.93573 369.38 -23.043 0.53649 0.044472 5154.3 764 706.64 0 0
28400 0.69005 0.066975 0.52608 -1.3067 0.31194 0.9408 378.3 4.6128 0.5392 0.044454 5176.4 765 707.57 0 0
28500 0.64604 0.095361 0.51939 -1.3372 0.31103 0.90219 411.73 4.9652 0.56428 0.045771 5221.7 766 708.16 0 0
28600 0.65913 0.092722 0.48687 -1.2262 0.30699 0.87847 413.75 4.8196 0.58398 0.045861 5273.5 765 708.8 0 0
28700 0.60002 0.090168 0.53303 -1.104 0.30794 0.94189 391.21 2.63 0.60996 0.047472 5326.4 768 709.36 0 0
28800 0.6891 0.17693 0.52116 -1.3865 0.3199 0.91812 376.72 -24.261 0.63771 0.046225 5388.8 764 710.34 0 0
28900 0.63353 0.17907 0.52119 -1.0972 0.30514 0.94823 407.78 -20.758 0.64053 0.046241 5415.2 764 711.37 0 0
29000 0.71557 0.18912 0.56395 -1.1717 0.30774 0.96184 387.93 -32.3 0.63918 0.046193 5429.5 765 712.48 0 0
29100 0.7255 0.13774 0.49599 -1.0008 0.2974 0.94464 396.86 -18.817 0.63515 0.045835 5442.4 771 713.46 0 0
29200 0.70407 0.053432 0.56704 -1.0432 0.31154 0.90598 419.56 2.7128 0.64292 0.04642 5472.5 775 714.08 0 0
29300 0.61686 0.047766 0.5487 -0.98133 0.31368 0.86983 415.37 7.4524 0.65035 0.046941 5507.8 775 714.7 0 0
29400 0.64563 0.053174 0.43979 -0.95355 0.30439 0.95374 419.45 8.5086 0.6599 0.048914 5540.3 776 715.23 0 0
29500 0.66931 0.043497 0.42798 -1.2641 0.30466 0.87933 401.7 6.7709 0.66926 0.051485 5578.9 780 715.71 0 0
29600 0.67376 0.048845 0.55837 -1.208 0.29941 0.92382 406.48 6.7528 0.68468 0.050183 5630.6 777 716.32 0 0
29700 0.74703 0.037272 0.53522 -1.0224 0.31057 0.91407 407.64 -6.4787 0.70128 0.046689 5679.3 776 717.09 0 0
29800 0.69715 0.055401 0.51579 -1.3052 0.31102 0.79719 427.61 3.7938 0.71587 0.048277 5727.6 780 717.61 0 0
29900 0.63172 0.054042 0.50952 -1.1431 0.33303 0.88173 446.83 8.3544 0.73966 0.046891 5782.3 779 718.26 0 0
30000 0.71443 0.031301 0.5441 -1.231 0.31993 0.85575 432.2 -1.4392 0.75355 0.046932 5826 778 718.91 0 0
30100 0.70037 0.069349 0.50637 -0.95395 0.31779 0.90921 412.72 2.7252 0.77363 0.048231 5879.7 780 719.42 0 0
30200 0.68589 0.071173 0.52173 -1.1464 0.29926 0.94062 388.9 4.8638 0.78256 0.049828 5919.5 779 719.95 0 0
30300 0.67275 0.053711 0.51776 -1.1701 0.30857 0.86786 414.31 7.0539 0.79642 0.048202 5967.6 779 720.64 0 0
30400 0.74034 0.066711 0.54396 -1.0944 0.31446 0.92777 396.89 -5.0775 0.80844 0.048935 6016.2 783 721.21 0 0
30500 0.67212 0.031127 0.53742 -0.96666 0.31543 0.91353 398.31 4.9006 0.82522 0.048389 6059.1 783 721.84 0 0
30600 0.74842 0.050485 0.48254 -1.2981 0.30751 0.86928 413.23 -6.1554 0.8446 0.050805 6108 781 722.34 0 0
30700 0.71611 0.086618 0.56239 -1.1988 0.30891 0.92817 396.63 -2.893 0.86154 0.050328 6158.3 782 722.95 0 0
30800 0.67634 0.061198 0.53227 -1.0441 0.30071 0.93983 419.12 6.6549 0.87598 0.048982 6212.1 783 723.58 0 0
30900 0.64552 0.054128 0.46004 -1.2251 0.30357 0.90481 425.59 8.5137 0.90628 0.049966 6278.7 785 724.05 0 0
31000 0.63851 0.084761 0.54634 -1.1576 0.30399 0.9054 409.97 6.4859 0.92773 0.050312 6341.8 779 724.55 0 0
31100 0.60212 0.043757 0.50526 -1.3023 0.29805 0.89117 429.43 5.4217 0.94676 0.04885 6403.2 778 725.18 0 0
31200 0.60948 0.075382 0.50981 -1.3171 0.30217 0.94621 359.95 5.5417 0.97458 0.048917 6468.1 778 725.68 0 0
31300 0.6648 0.078155 0.5212 -1.3414 0.3252 0.95783 400.17 6.3 1.0054 0.048856 6533.9 780 726.17 0 0
31400 0.57981 0.067747 0.51249 -1.2192 0.31424 0.9248 434.02 0.75748 1.0296 0.049058 6593.7 778 726.71 0 0
31500 0.60981 0.070507 0.56697 -1.4187 0.30728 0.82166 406.82 6.0144 1.0489 0.049856 6644.6 781 727.22 0 0
31600 0.62277 0.072477 0.49905 -1.239 0.31127 0.91382 409.01 7.1335 1.0734 0.048011 6703.3 780 727.86 0 0
31700 0.67121 0.11369 0.53573 -1.1001 0.30977 0.8925 410.42 -1.6677 1.0937 0.048019 6757.1 782 728.36 0 0
31800 0.73718 0.053568 0.50479 -1.1568 0.30311 0.89757 419.79 -3.8917 1.117 0.0505 6812.6 786 728.7 0 0
31900 0.70628 0.04732 0.50302 -1.087 0.30772 0.91198 423.82 2.2376 1.141 0.049174 6871.4 788 729.23 0 0
32000 0.68991 0.081808 0.51014 -0.94982 0.33304 0.93702 375.98 2.8601 1.1509 0.049273 6910.8 786 729.72 0 0
32100 0.70208 0.045788 0.52532 -1.2932 0.31809 0.88292 425.48 2.8326 1.165 0.049483 6963.7 786 730.2 0 0
32200 0.726 0.042951 0.53699 -1.3435 0.32398 0.94256 415.58 -1.8664 1.1803 0.048749 7021.4 785 730.71 0 0
32300 0.71806 0.058775 0.55808 -1.2401 0.31534 0.90905 437.76 0.14103 1.1937 0.05061 7073.8 785 731.09 0 0
32400 0.63301 0.079295 0.52481 -1.1113 0.29937 0.93413 383.42 6.9754 1.2035 0.050587 7122.2 789 731.54 0 0
32500 0.62228 0.054364 0.50342 -0.9377 0.31403 0.96132 396.37 7.9265 1.21 0.051028 7158.9 789 732 0 0
32600 0.63386 0.051351 0.52958 -1.2708 0.31091 0.91752 396.53 8.4411 1.2182 0.050258 7200 787 732.53 0 0
32700 0.63498 0.079702 0.57672 -0.85533 0.30212 0.91121 374.7 7.1826 1.2289 0.048494 7252.8 785 733.12 0 0
32800 0.65397 0.080868 0.52232 -1.2064 0.3191 0.94612 390.86 6.5103 1.2482 0.050494 7314.7 789 733.47 0 0
32900 0.66056 0.10772 0.5252 -1.2553 0.30244 0.91028 370.01 0.44993 1.2652 0.049292 7369.1 787 733.96 0 0
33000 0.642 0.11507 0.53225 -1.2372 0.3055 0.94363 404.34 -0.79635 1.2779 0.049399 7423.9 786 734.43 0 0
33100 0.72179 0.1317 0.58242 -1.241 0.31387 0.87062 409 -16.659 1.2898 0.050511 7471.4 787 734.84 0 0
33200 0.64774 0.088025 0.56139 -1.0683 0.33004 0.93376 394.67 5.8464 1.2975 0.050482 7512.7 788 735.35 0 0
33300 0.73029 0.090555 0.55751 -1.0883 0.31682 0.90167 381.79 -6.9505 1.2981 0.050844 7544.9 790 735.82 0 0
33400 0.73501 0.09258 0.55358 -1.2816 0.31302 0.8995 378.93 -8.321 1.2996 0.05076 7576.6 791 736.32 0 0
33500 0.7438 0.090941 0.52319 -1.1857 0.31797 0.90702 385.23 -9.8354 1.2961 0.050816 7592.1 791 736.84 0 0
33600 0.69892 0.10748 0.52866 -1.246 0.30142 0.9099 382.05 -4.4901 1.2945 0.051166 7614.4 791 737.35 0 0
33700 0.67674 0.041184 0.49253 -1.3682 0.30725 0.84528 372.85 5.8212 1.295 0.050337 7646.9 792 737.87 0 0
33800 0.60694 0.10639 0.50145 -1.1085 0.35254 0.95042 381.91 -0.58437 1.2984 0.051388 7681.4 792 738.29 0 0
33900 0.64012 0.079939 0.48278 -1.2278 0.30974 0.91898 376.13 7.1962 1.3041 0.050893 7719.4 790 738.75 0 0
34000 0.67768 0.056622 0.51834 -1.3739 0.31334 0.92734 405.41 6.5756 1.3127 0.050918 7767.4 790 739.15 0 0
34100 0.70296 0.038701 0.53472 -1.1759 0.32415 0.89218 359.94 1.623 1.3245 0.051653 7819.7 793 739.55 0 0
34200 0.72506 0.081077 0.52907 -1.0847 0.30844 0.79403 397.58 -4.0285 1.3368 0.052398 7873.3 793 739.94 0 0
34300 0.67694 0.063367 0.54567 -1.3704 0.31094 0.90501 399.54 6.5713 1.3456 0.050527 7919.2 792 740.48 0 0
34400 0.74378 0.063756 0.53175 -1.1846 0.33671 0.90995 393.32 -5.7897 1.3558 0.050398 7966.9 793 740.96 0 0
34500 0.70158 0.061214 0.51737 -1.2773 0.31505 0.87472 409.04 3.2919 1.3693 0.050954 8022.6 797 741.35 0 0
34600 0.72698 0.069121 0.51492 -1.0888 0.31414 0.89669 395.83 -2.6258 1.3702 0.052226 8052.1 797 741.78 0 0
34700 0.73983 0.063716 0.50639 -0.99166 0.30807 0.95393 375.7 -4.9559 1.3688 0.050966 8074.6 794 742.33 0 0
34800 0.72467 0.082527 0.56097 -1.1271 0.30699 0.91581 387.21 -3.929 1.3709 0.050999 8103.4 794 742.84 0 0
34900 0.724 0.076068 0.52444 -1.4085 0.2948 0.88053 373.67 -2.779 1.3708 0.051113 8128.7 797 743.29 0 0
35000 0.65575 0.035769 0.54053 -1.1773 0.29482 0.95775 393.4 6.4175 1.3718 0.051252 8154.9 795 743.72 0 0
35100 0.75984 0.069529 0.58092 -0.94864 0.35743 0.94384 364.55 -9.615 1.3661 0.051185 8161.6 796 744.25 0 0
35200 0.75184 0.079371 0.53808 -1.2477 0.29986 0.92093 354.19 -9.1875 1.3618 0.051187 8172.7 796 744.76 0 0
35300 0.67934 0.066173 0.4802 -1.2002 0.32084 0.97794 397.48 6.3195 1.3594 0.050234 8192.8 796 745.27 0 0
35400 0.67024 0.046403 0.51294 -1.2703 0.30322 0.89793 381.22 7.0373 1.3584 0.050256 8214.3 796 745.73 0 0
35500 0.67975 0.09988 0.55126 -1.1867 0.31677 0.90388 396.17 1.0113 1.3583 0.050155 8236.9 799 746.17 0 0
35600 0.6955 0.045278 0.52505 -1.1612 0.31112 0.9505 385.43 3.9486 1.3612 0.049959 8262.4 803 746.61 0 0
35700 0.68007 0.048832 0.52655 -1.3469 0.33212 0.89085 384.24 6.3143 1.3641 0.04998 8289.3 803 747.03 0 0
35800 0.69575 0.094866 0.53374 -1.1946 0.29906 0.89853 394.14 -0.39457 1.3663 0.049845 8312.5 806 747.48 0 0
35900 0.67303 0.058379 0.53389 -1.1258 0.30276 0.92138 399.02 7.2818 1.3726 0.049887 8345.6 806 747.89 0 0
36000 0.69223 0.080212 0.47155 -1.3107 0.30564 0.91991 394.2 3.0438 1.3709 0.049659 8366.5 810 748.36 0 0
36100 0.66032 0.077155 0.5279 -1.3397 0.32196 0.94315 368.07 6.9763 1.3772 0.049765 8400 809 748.75 0 0
36200 0.68704 0.066506 0.53135 -1.3084 0.2896 0.87405 386.67 5.3985 1.3796 0.051442 8424.1 811 749.08 0 0
36300 0.69295 0.075694 0.54992 -1.0961 0.30795 0.93492 393.83 3.5161 1.3832 0.05144 8456.6 814 749.49 0 0
36400 0.73052 0.05751 0.54146 -1.2732 0.30549 0.89681 394.86 -2.2978 1.3893 0.050817 8491.8 814 749.91 0 0
36500 0.71747 0.10967 0.53197 -1.332 0.30518 0.93236 388.59 -8.8507 1.3938 0.050648 8521.8 817 750.31 0 0
36600 0.65034 0.07008 0.54467 -1.2217 0.30271 0.93568 363.9 8.2241 1.3973 0.049568 8555.4 820 750.81 0 0
36700 0.74133 0.074057 0.45261 -1.2125 0.34293 0.94835 387.35 -5.9601 1.3977 0.049589 8579.1 820 751.25 0 0
36800 0.6922 0.055042 0.47723 -1.5947 0.34273 0.86246 377.04 5.1886 1.399 0.049737 8610.1 814 751.67 0 0
36900 0.6441 0.094207 0.49219 -1.1864 0.30896 0.97934 390.45 5.0281 1.3997 0.049819 8637.4 813 752.09 0 0
37000 0.65009 0.077255 0.48846 -1.276 0.31862 0.9444 369.26 7.4419 1.4013 0.049824 8666.6 813 752.52 0 0
37100 0.69705 0.025204 0.54524 -1.2852 0.30156 0.86305 375.32 -0.83662 1.4039 0.04978 8691.3 814 752.93 0 0
37200 0.73337 0.083414 0.53559 -1.2247 0.3137 0.89035 374.48 -5.5944 1.4027 0.049729 8710.8 815 753.37 0 0
37300 0.72435 0.058995 0.54638 -1.248 0.31849 0.94225 366.39 -0.70966 1.3974 0.049691 8719 816 753.86 0 0
37400 0.69294 0.078389 0.55345 -1.2969 0.30298 0.96787 369.11 3.3465 1.3989 0.04961 8742.2 818 754.3 0 0
37500 0.7437 0.081409 0.50733 -1.2905 0.29195 0.96473 374.96 -7.5684 1.3998 0.049773 8772.8 819 754.72 0 0
37600 0.65111 0.083638 0.56383 -1.2375 0.35722 0.96284 378.93 6.4997 1.4001 0.050151 8796.8 819 755.19 0 0
37700 0.64132 0.07982 0.52367 -1.1787 0.32568 0.94073 377.08 7.2537 1.4001 0.050236 8823.8 818 755.62 0 0
37800 0.71958 0.069912 0.5211 -1.2115 0.3196 0.92711 370.87 -0.5235 1.4008 0.050068 8844.9 821 756.04 0 0
37900 0.74522 0.043409 0.52595 -1.4472 0.31363 0.95126 389.51 -5.7538 1.3975 0.050077 8859 821 756.5 0 0
38000 0.7184 0.10059 0.55144 -1.1704 0.30124 0.90819 362.84 -6.4099 1.3944 0.049362 8870.9 826 757.05 0 0
38100 0.7355 0.099994 0.50456 -1.3179 0.29695 0.83271 348.65 -9.743 1.3894 0.049362 8878.7 826 757.59 0 0
38200 0.70249 0.072076 0.5635 -1.1083 0.30326 0.85724 357.66 2.7078 1.3839 0.049307 8885.8 827 758.11 0 0
38300 0.74814 0.058545 0.508 -1.1349 0.32185 0.89366 350.45 -6.1003 1.3783 0.049332 8892.3 827 758.62 0 0
38400 0.72173 0.10608 0.56228 -1.2323 0.32255 0.92635 383.03 -8.5946 1.3758 0.050776 8909.1 832 759.09 0 0
38500 0.74774 0.10058 0.59774 -1.2235 0.34095 0.95939 400.71 -12.467 1.3695 0.050902 8911.7 830 759.67 0 0
38600 0.73219 0.086741 0.62548 -1.1901 0.33216 0.84461 370.53 -5.7893 1.3635 0.05088 8914.7 830 760.24 0 0
38700 0.76412 0.087612 0.59749 -1.2742 0.36326 0.86237 388.13 -12.922 1.3569 0.050819 8915.4 831 760.83 0 0
38800 0.71073 0.075713 0.51483 -1.0631 0.30305 0.87649 367.22 0.52272 1.3513 0.050885 8920.9 830 761.34 0 0
38900 0.7108 0.072066 0.52023 -1.1084 0.3172 0.89405 397.11 1.0437 1.3457 0.050499 8927 833 761.84 0 0
39000 0.80584 0.10079 0.59552 -1.1226 0.30729 0.89541 349.39 -22.714 1.3402 0.050376 8930.8 835 762.41 0 0
39100 0.7124 0.11015 0.46412 -1.1626 0.31659 0.82637 376.14 -7.6121 1.3348 0.050497 8936.9 833 763.01 0 0
39200 0.71171 0.046548 0.47323 -1.2311 0.30197 0.81646 377.41 1.5316 1.3295 0.04901 8942.7 829 763.64 0 0
39300 0.72225 0.081991 0.51812 -1.1661 0.31662 0.91896 379.41 -2.6108 1.3235 0.049009 8946.2 829 764.2 0 0
39400 0.77489 0.1064 0.55558 -1.3281 0.30657 0.87961 382.18 -18.507 1.3172 0.048833 8947.8 832 764.76 0 0
39500 0.71383 0.16745 0.5016 -1.012 0.30438 0.87812 364.36 -27.801 1.3108 0.049068 8948.9 828 765.37 0 0
39600 0.66145 0.10565 0.58644 -1.2299 0.31867 0.93286 392.59 1.1817 1.3052 0.048718 8953.4 834 765.92 0 0
39700 0.73493 0.069524 0.51656 -1.3625 0.32628 0.89584 374.67 -3.5949 1.2995 0.048488 8958.4 838 766.43 0 0
39800 0.62771 0.086796 0.53637 -1.2248 0.29995 0.88981 365.61 5.9507 1.2996 0.049145 8978.5 838 766.83 0 0
39900 0.74345 0.14056 0.56667 -1.1298 0.29618 0.91419 381.95 -23.27 1.2983 0.049082 8996.6 839 767.32 0 0
40000 0.70838 0.05357 0.50462 -1.2261 0.28604 0.89954 394.76 2.7108 1.294 0.048866 9004.8 843 767.88 0 0
40100 0.68061 0.052845 0.52767 -1.1551 0.29685 0.82264 410.31 6.6552 1.2908 0.048765 9015.2 845 768.36 0 0
40200 0.74769 0.059698 0.50766 -1.1195 0.31606 0.84078 408.23 -5.7933 1.2851 0.048939 9019.2 842 768.87 0 0
40300 0.81264 0.063144 0.52312 -1.1969 0.29609 0.88126 401.82 -18.625 1.2809 0.048833 9029 844 769.39 0 0
40400 0.75601 0.093684 0.52522 -1.2962 0.3284 0.83162 387.1 -12.078 1.276 0.048897 9036.2 843 769.91 0 0
40500 0.74504 0.064723 0.50504 -1.086 0.30085 0.91911 380.64 -5.331 1.2739 0.048329 9051.9 846 770.39 0 0
40600 0.71224 0.052669 0.558 -1.0641 0.29987 0.85395 386.05 2.0398 1.272 0.048287 9068.2 847 770.84 0 0
40700 0.7504 0.039468 0.57074 -1.2781 0.33077 0.88355 394.54 -7.0587 1.2703 0.048204 9083.8 849 771.3 0 0
40800 0.74492 0.048683 0.57232 -1.2079 0.31532 0.91635 399.21 -4.9647 1.2691 0.048112 9101.2 851 771.74 0 0
40900 0.77659 0.059229 0.54267 -1.1197 0.33726 0.89185 384.47 -11.831 1.2666 0.048119 9112.6 851 772.22 0 0
41000 0.74808 0.071712 0.43992 -1.2722 0.35052 0.93489 382.88 -6.4802 1.2617 0.048074 9117.3 852 772.73 0 0
41100 0.75604 0.02424 0.54888 -1.5768 0.30088 0.88647 400.82 -12.229 1.2566 0.048074 9121.5 852 773.26 0 0
41200 0.70743 0.02711 0.48152 -1.0582 0.30976 0.9152 415.21 -2.076 1.2561 0.047804 9142.7 854 773.75 0 0
41300 0.74653 0.057727 0.4691 -1.2651 0.34201 0.93646 414.97 -5.0722 1.2604 0.047806 9173.7 859 774.21 0 0
41400 0.74268 0.034587 0.46161 -1.0671 0.33869 0.88187 384.23 -6.2243 1.2634 0.047508 9206.3 861 774.7 0 0
41500 0.66326 0.055021 0.54268 -1.1938 0.30738 0.91468 373 8.2848 1.2636 0.047598 9232.3 859 775.15 0 0
41600 0.64704 0.039244 0.55517 -1.2239 0.31569 0.88791 404.75 7.2337 1.2741 0.047653 9280.8 858 775.53 0 0
41700 0.65172 0.038482 0.51283 -0.98289 0.30226 0.97455 392.03 7.1708 1.2834 0.047105 9314.5 859 775.94 0 0
41800 0.63041 0.061311 0.49024 -1.261 0.29246 0.86575 375.91 8.3303 1.2927 0.047204 9348.4 858 776.31 0 0
41900 0.62645 0.060277 0.52347 -1.0881 0.32722 0.88082 367.71 8.1764 1.3073 0.047491 9392.5 863 776.66 0 0
42000 0.6546 0.070717 0.53275 -1.2157 0.3145 0.78214 391.72 7.8651 1.316 0.052531 9440.6 865 776.78 0 0
42100 0.66615 0.071178 0.51721 -1.1149 0.30564 0.88606 411.75 7.2114 1.3224 0.051233 9482.3 865 777.2 0 0
42200 0.63535 0.062096 0.56222 -1.1993 0.31993 0.89796 390.35 8.4413 1.3344 0.049284 9531.6 864 777.68 0 0
42300 0.62985 0.063039 0.55867 -1.1934 0.30895 0.87107 384.7 8.3163 1.3461 0.047531 9584.4 866 778.17 0 0
42400 0.61705 0.052528 0.49794 -1.376 0.32026 0.86288 384.29 7.4758 1.357 0.048461 9632.1 871 778.49 0 0
42500 0.58949 0.056613 0.54491 -1.342 0.30248 0.91102 409.91 3.3484 1.3659 0.047852 9682.4 870 778.9 0 0
42600 0.64921 0.037479 0.52269 -1.0511 0.30346 0.94352 404.19 7.0265 1.3727 0.047777 9714.4 872 779.27 0 0
42700 0.6642 0.027211 0.4984 -1.1369 0.32836 0.89944 386.38 3.701 1.3767 0.047823 9750.1 872 779.65 0 0
42800 0.73008 0.023851 0.58719 -1.401 0.31351 0.87476 395.97 -7.3646 1.3784 0.048735 9774.9 875 780 0 0
42900 0.66677 0.049399 0.56059 -1.2418 0.33712 0.93346 386.23 7.7369 1.3831 0.050654 9809.6 874 780.25 0 0
43000 0.66191 0.069112 0.55082 -0.86573 0.32968 0.93742 393.42 7.6363 1.3882 0.050722 9841.4 872 780.6 0 0
43100 0.64054 0.064565 0.56746 -1.0248 0.30808 0.88755 392.53 8.4823 1.3933 0.049724 9872.6 870 781.02 0 0
43200 0.62703 0.056079 0.57033 -1.1522 0.32313 0.93739 380.85 8.2501 1.3995 0.049683 9907.1 871 781.39 0 0
43300 0.53919 0.058641 0.4538 -1.1886 0.30791 0.71259 384.56 -12.781 1.3986 0.049371 9926.9 875 781.86 0 0
43400 0.54573 0.035602 0.51196 -1.1098 0.32556 0.94515 362.28 -10.997 1.4002 0.049846 9957.8 878 782.29 0 0
43500 0.61674 0.033367 0.49839 -1.2398 0.30181 0.85789 373.66 5.4368 1.4084 0.048166 10005 880 782.75 0 0
43600 0.61472 0.030104 0.51714 -1.1525 0.30982 0.84081 392.35 4.6214 1.4163 0.048849 10052 882 783.09 0 0
43700 0.56047 0.047597 0.5299 -1.248 0.30749 0.90654 395.82 -4.3484 1.4214 0.047994 10086 883 783.52 0 0
43800 0.60411 0.045978 0.51742 -0.99637 0.32019 0.82271 381.39 5.6836 1.4284 0.049535 10128 885 783.84 0 0
43900 0.68263 0.082378 0.52963 -1.3166 0.30547 0.78039 382.72 4.1662 1.4401 0.050077 10179 890 784.16 0 0
44000 0.63589 0.047681 0.51068 -1.1796 0.33664 0.82432 385.17 8.4218 1.448 0.049806 10224 891 784.52 0 0
44100 0.6837 0.1003 0.5412 -1.1857 0.33063 0.86376 376.27 0.18454 1.4537 0.050491 10265 894 784.85 0 0
44200 0.64049 0.033483 0.54396 -1.2597 0.34756 0.87889 398.38 6.3564 1.4612 0.048294 10301 894 785.34 0 0
44300 0.62003 0.054139 0.51554 -1.1945 0.31122 0.82932 398.1 7.9088 1.47 0.049532 10343 898 785.62 0 0
44400 0.59747 0.049774 0.53943 -1.1059 0.31203 0.87691 387.28 4.8226 1.475 0.051106 10386 901 785.91 0 0
44500 0.65346 0.049906 0.51894 -1.2241 0.30851 0.89858 392.13 8.2993 1.4805 0.054883 10429 908 786.06 0 0
44600 0.64243 0.048173 0.5205 -1.0805 0.30022 0.80045 392.64 8.5107 1.4906 0.050369 10468 906 786.58 0 0
44700 0.66787 0.038708 0.56665 -0.96735 0.31012 0.88782 362.01 6.4679 1.5057 0.048131 10521 908 787.04 0 0
44800 0.55458 0.070695 0.53056 -1.2309 0.30161 0.88573 389.47 -7.5466 1.5182 0.048049 10575 909 787.41 0 0
44900 0.66989 0.049072 0.51763 -1.4796 0.3116 0.79875 403.3 7.589 1.5282 0.048801 10617 908 787.7 0 0
45000 0.70343 0.062083 0.5225 -1.3734 0.30042 0.86794 388.67 3.4697 1.5342 0.048406 10658 909 788.05 0 0
45100 0.59804 0.07566 0.57025 -1.3031 0.30502 0.91887 380.01 3.8127 1.5431 0.05027 10699 906 788.28 0 0
45200 0.64838 0.044228 0.49738 -1.2261 0.29954 0.83325 381.34 8.0046 1.5519 0.053223 10747 908 788.45 0 0
45300 0.63039 0.066498 0.52181 -1.0233 0.32537 0.87951 384.16 7.9566 1.5612 0.052972 10804 907 788.77 0 0
45400 0.66233 0.077485 0.51775 -1.463 0.3052 0.8647 372.5 6.5295 1.5694 0.05248 10854 910 789.1 0 0
45500 0.64262 0.074076 0.51422 -1.3316 0.32783 0.92526 372.72 7.6568 1.5751 0.050723 10894 908 789.52 0 0
45600 0.6157 0.067083 0.49227 -1.2536 0.30419 0.87081 370.74 6.8059 1.5793 0.052387 10926 909 789.76 0 0
45700 0.59253 0.15473 0.43052 -1.3008 0.30787 0.9352 375.15 -18.765 1.583 0.051524 10960 913 790.14 0 0
45800 0.6536 0.12637 0.48774 -1.331 0.31774 0.898 393.62 -5.0493 1.5787 0.05153 10969 913 790.59 0 0
45900 0.66349 0.17922 0.46864 -1.3451 0.30293 0.8444 396.36 -23.824 1.5763 0.051422 10983 915 791.05 0 0
46000 0.64512 0.071111 0.49429 -1.3558 0.32236 0.85613 388.06 7.9634 1.5737 0.051485 10996 914 791.51 0 0
46100 0.63126 0.039091 0.50015 -1.2961 0.30856 0.86374 387.43 7.4235 1.5788 0.049507 11039 916 791.94 0 0
46200 0.58664 0.072584 0.50473 -1.1952 0.30737 0.88355 395.78 1.8885 1.5862 0.049427 11083 918 792.27 0 0
46300 0.58854 0.062894 0.57168 -1.214 0.37245 0.85936 381.33 3.1538 1.5913 0.050847 11120 921 792.53 0 0
46400 0.62391 0.026229 0.48834 -1.1106 0.29865 0.80602 388.18 4.082 1.596 0.051397 11163 923 792.84 0 0
46500 0.57074 0.034453 0.46745 -1.4568 0.39431 0.87492 391.1 -2.8947 1.6016 0.050197 11215 924 793.24 0 0
46600 0.57855 0.06615 0.51232 -1.0897 0.32762 0.8584 394.99 0.50904 1.6051 0.050154 11247 925 793.57 0 0
46700 0.55198 0.031592 0.49625 -1.0076 0.31854 0.9399 383.66 -9.6157 1.6071 0.050303 11276 923 793.94 0 0
46800 0.57587 0.050076 0.52791 -1.2632 0.32688 0.8802 416.71 0.35615 1.6042 0.050243 11290 925 794.38 0 0
46900 0.53843 0.072078 0.47466 -1.2545 0.36704 0.88754 414.71 -13.783 1.6018 0.050185 11306 924 794.83 0 0
47000 0.66365 0.059818 0.53177 -1.3383 0.29869 0.89193 369.68 8.0965 1.6008 0.049842 11328 927 795.23 0 0
47100 0.61092 0.050265 0.55249 -1.3282 0.31321 0.91475 367.33 7.097 1.6001 0.050135 11354 926 795.62 0 0
47200 0.59523 0.05499 0.52988 -1.0164 0.36779 0.8185 394.11 4.854 1.5993 0.051008 11378 927 795.98 0 0
47300 0.57226 0.050885 0.5051 -1.0776 0.33864 0.92121 406.88 -0.40843 1.5958 0.050894 11391 929 796.4 0 0
47400 0.53153 0.049993 0.51148 -1.119 0.33922 0.95208 371.47 -14.89 1.5929 0.050854 11406 930 796.84 0 0
47500 0.53509 0.044724 0.4959 -1.0026 0.30836 0.92805 381.22 -13.51 1.5898 0.050891 11419 931 797.3 0 0
47600 0.55003 0.041602 0.51151 -1.3325 0.31514 0.79245 387.3 -7.9996 1.5877 0.052114 11434 932 797.68 0 0
47700 0.63864 0.052891 0.54994 -1.2162 0.33153 0.87738 441.15 8.7993 1.5863 0.052061 11451 933 798.09 0 0
47800 0.55571 0.083673 0.52924 -1.1977 0.31084 0.84737 369.75 -8.4519 1.587 0.055299 11482 937 798.32 0 0
47900 0.53106 0.067429 0.54712 -1.1882 0.34385 0.90441 359.61 -16.427 1.5873 0.054193 11511 936 798.75 0 0
48000 0.57465 0.051296 0.53335 -0.98932 0.38181 0.86041 390.39 0.15665 1.5924 0.054766 11556 941 799.06 0 0
48100 0.65291 0.032679 0.5997 -1.1934 0.3253 0.88204 403.1 5.7706 1.5984 0.054091 11599 943 799.42 0 0
48200 0.60862 0.032858 0.56982 -0.93231 0.34025 0.88626 395.47 4.7322 1.6024 0.05347 11636 942 799.81 0 0
48300 0.56866 0.032937 0.51718 -1.1762 0.30994 0.88571 411.75 -3.1342 1.6039 0.05112 11663 938 800.35 0 0
48400 0.55596 0.038881 0.53688 -1.0299 0.34382 0.86898 372.65 -6.1209 1.6065 0.051145 11695 938 800.73 0 0
48500 0.60586 0.056363 0.49716 -1.0735 0.33816 0.848 412.54 6.5861 1.6105 0.050293 11737 937 801.11 0 0
48600 0.58246 0.075122 0.51 -1.0504 0.31814 0.86391 423.9 0.6713 1.6146 0.050866 11778 940 801.43 0 0
48700 0.61096 0.099377 0.52749 -1.3434 0.35709 0.88881 402.29 1.304 1.6247 0.049646 11831 943 801.81 0 0
48800 0.60972 0.038119 0.47896 -1.3841 0.33696 0.90403 395.02 6.0545 1.6323 0.047154 11878 942 802.28 0 0
48900 0.63586 0.025001 0.52827 -1.278 0.30224 0.92594 420.42 4.3512 1.639 0.047194 11928 944 802.64 0 0
49000 0.61175 0.068194 0.56124 -1.0037 0.30477 0.86436 404.58 6.6131 1.6433 0.047113 11965 946 802.97 0 0
49100 0.61462 0.021604 0.53762 -1.3535 0.3123 0.87279 375.26 2.4723 1.6462 0.04659 11998 946 803.35 0 0
49200 0.56107 0.049018 0.55461 -1.3341 0.32106 0.83188 382.12 -3.362 1.6496 0.048305 12037 948 803.59 0 0
49300 0.62409 0.03022 0.5103 -1.273 0.30978 0.90849 399.14 5.6845 1.6535 0.048375 12072 947 803.95 0 0
49400 0.66087 0.025052 0.49254 -1.1762 0.29609 0.93221 402.13 3.1567 1.6589 0.049217 12113 946 804.23 0 0
49500 0.59011 0.044256 0.50182 -1.0903 0.31718 0.81518 402.1 3.8101 1.6612 0.049421 12150 948 804.54 0 0
49600 0.61953 0.047423 0.57085 -0.97493 0.29872 0.85169 409.97 8.1885 1.6673 0.046665 12191 950 805 0 0
49700 0.60993 0.048142 0.53253 -1.3976 0.31938 0.92255 419.59 7.3048 1.6666 0.04684 12217 951 805.4 0 0
49800 0.59081 0.042904 0.50956 -1.3652 0.31539 0.86496 416.3 4.04 1.6655 0.046952 12230 949 805.83 0 0
49900 0.57086 0.066489 0.53986 -1.2025 0.32919 0.88036 414.95 -1.1433 1.6666 0.047014 12252 948 806.31 0 0
50000 0.59059 0.033618 0.4957 -1.1728 0.31267 0.86556 413.84 2.5984 1.669 0.047053 12285 948 806.69 0 0
50100 0.5712 0.037419 0.50843 -1.2622 0.31337 0.799 425.58 -1.298 1.675 0.050179 12328 951 806.84 0 0
50200 0.68009 0.035618 0.57713 -1.34 0.30785 0.83744 410.12 4.6947 1.6802 0.047045 12369 950 807.33 0 0
50300 0.63473 0.038004 0.52347 -1.1813 0.29874 0.86021 364.87 7.8151 1.6828 0.046865 12401 951 807.68 0 0
50400 0.62383 0.044157 0.50673 -1.1556 0.32286 0.88903 389.44 8.2456 1.6913 0.046979 12453 948 808 0 0
50500 0.59715 0.039769 0.47165 -1.1795 0.31825 0.8559 395.95 4.7713 1.6952 0.05004 12493 952 808.15 0 0
50600 0.64729 0.058425 0.53422 -1.0841 0.31613 0.80901 409.7 8.7528 1.701 0.050579 12543 958 808.43 0 0
50700 0.62332 0.053299 0.53749 -1.3552 0.30646 0.8534 399.95 8.5044 1.7043 0.050048 12585 953 808.77 0 0
50800 0.64609 0.029855 0.49091 -1.3447 0.32121 0.87486 428.28 5.7352 1.7075 0.049981 12621 955 809.14 0 0
50900 0.68312 0.028686 0.59002 -1.364 0.31493 0.9295 407.61 2.289 1.7126 0.048381 12669 954 809.57 0 0
51000 0.69288 0.022872 0.50096 -1.248 0.30735 0.9182 387.01 -1.6504 1.7132 0.048901 12705 955 809.88 0 0
51100 0.61596 0.051558 0.42869 -1.3919 0.33926 0.78555 399.09 8.044 1.7149 0.048293 12744 955 810.22 0 0
51200 0.62538 0.016519 0.49703 -1.2413 0.30825 0.87326 419.42 0.060052 1.72 0.04985 12789 956 810.45 0 0
51300 0.654 0.039875 0.55297 -1.2854 0.32781 0.80252 388.55 7.4079 1.7232 0.051454 12830 959 810.66 0 0
51400 0.67289 0.022506 0.54748 -1.0346 0.32563 0.92896 412.39 0.83942 1.7264 0.05278 12866 963 810.88 0 0
51500 0.61692 0.042167 0.56035 -1.3415 0.33696 0.92545 413.16 7.3282 1.7285 0.052178 12895 961 811.19 0 0
51600 0.66242 0.028191 0.53527 -1.1549 0.31982 0.87274 391.07 4.0812 1.727 0.051487 12919 962 811.52 0 0
51700 0.67906 0.013147 0.57716 -1.1977 0.34611 0.82855 392.69 -5.5794 1.7287 0.051506 12950 964 811.79 0 0
51800 0.67217 0.039603 0.54403 -1.0179 0.2962 0.89388 398.07 6.0699 1.7298 0.051344 12983 966 812.1 0 0
51900 0.69879 0.021123 0.54763 -1.285 0.32033 0.87454 412.31 -3.635 1.7335 0.051222 13021 968 812.39 0 0
52000 0.63366 0.047366 0.54125 -1.3428 0.32062 0.84478 403.22 8.6488 1.7365 0.051573 13057 966 812.65 0 0
52100 0.66402 0.024089 0.55788 -1.1633 0.30367 0.89419 413.6 2.5889 1.7378 0.051485 13090 968 812.95 0 0
52200 0.61386 0.034808 0.52914 -1.1026 0.31094 0.9232 404.13 5.923 1.742 0.054291 13136 974 813.1 0 0
52300 0.63397 0.021636 0.51165 -1.2303 0.32721 0.85346 378.87 2.849 1.7408 0.055625 13160 973 813.34 0 0
52400 0.52801 0.042056 0.48855 -1.3504 0.30331 0.84284 387 -16.646 1.7402 0.0567 13183 976 813.57 0 0.19882
52500 0.57662 0.024354 0.50083 -1.3718 0.32458 0.84577 412.1 -3.3613 1.738 0.055686 13198 977 813.92 0 0
52600 0.57607 0.025312 0.55073 -1.0692 0.34357 0.83055 404.08 -3.1091 1.7366 0.055594 13220 978 814.19 0 0
52700 0.66281 0.045826 0.52641 -1.2573 0.31165 0.90133 369.27 7.3738 1.7353 0.057049 13240 975 814.42 0 0
52800 0.55761 0.053491 0.53163 -1.3085 0.33805 0.91381 395.69 -4.8045 1.7364 0.056725 13269 974 814.69 0 0
52900 0.59996 0.019229 0.54401 -1.3454 0.3071 0.86648 391.65 -0.24937 1.7347 0.052176 13287 970 815.21 0 0
53000 0.60643 0.074227 0.5708 -1.0282 0.29588 0.95071 398.34 5.0385 1.7336 0.052204 13306 971 815.51 0 0
53100 0.63145 0.051393 0.48524 -1.2974 0.30687 0.89269 398.73 8.6589 1.7335 0.053352 13330 969 815.73 0 0
53200 0.60085 0.03121 0.47614 -1.1524 0.31334 0.92601 377.14 4.0002 1.7334 0.053084 13355 968 816.03 0 0
53300 0.60074 0.028924 0.54593 -1.278 0.32286 0.89615 392.51 3.4084 1.7325 0.054933 13375 969 816.23 0 0
53400 0.62023 0.042041 0.5681 -1.2596 0.32226 0.92423 399.4 7.6263 1.7332 0.052935 13399 972 816.6 0 0
53500 0.6177 0.035305 0.51631 -1.2547 0.32018 0.89482 381.32 6.5365 1.7327 0.052962 13424 975 816.86 0 0
53600 0.61292 0.018069 0.53743 -1.168 0.30441 0.91922 401.97 0.41233 1.7344 0.052899 13453 975 817.14 0 0
53700 0.54257 0.031645 0.47041 -1.1783 0.29471 0.9171 396.43 -11.753 1.7334 0.051358 13474 978 817.55 0 0
53800 0.58826 0.043986 0.54799 -1.2962 0.30385 0.92561 394.89 3.5525 1.73 0.051534 13485 984 817.87 0 0
53900 0.61482 0.047177 0.49272 -1.4229 0.31105 0.89572 391.74 7.6545 1.7301 0.052969 13509 987 818.09 0 0
54000 0.60778 0.0352 0.50008 -1.24 0.3042 0.94514 402.56 5.6463 1.7287 0.052655 13531 985 818.4 0 0
54100 0.57887 0.049409 0.47642 -1.3007 0.31362 0.78383 389.86 1.5711 1.7274 0.053179 13553 985 818.66 0 0
54200 0.62993 0.046702 0.56119 -1.4088 0.35687 0.92758 393.1 8.5371 1.7273 0.052461 13577 982 818.99 0 0
54300 0.60055 0.024755 0.51318 -1.266 0.30001 0.94833 370.58 2.4154 1.7284 0.051277 13605 982 819.32 0 0
54400 0.62879 0.02728 0.55295 -1.2919 0.33555 0.87151 394.15 5.3979 1.7293 0.051105 13635 986 819.6 0 0
54500 0.56707 0.043392 0.52672 -1.4443 0.37343 0.88396 401.21 -1.5803 1.7266 0.050928 13649 989 819.94 0 0
54600 0.59351 0.052659 0.51404 -1.1907 0.35766 0.91265 387.17 4.8771 1.7253 0.050987 13668 992 820.23 0 0
54700 0.55747 0.073304 0.46527 -0.95355 0.3217 0.80611 394.92 -6.4639 1.7258 0.052326 13692 991 820.45 0 0
54800 0.62423 0.038806 0.52433 -1.2691 0.34996 0.9268 392.71 7.497 1.7271 0.054682 13714 993 820.63 0 0
54900 0.63677 0.028839 0.54532 -1.1749 0.33355 0.8996 386.78 5.8579 1.7279 0.052517 13743 992 821 0 0
55000 0.59465 0.041509 0.50797 -1.287 0.31412 0.91862 379.67 4.7282 1.7297 0.052288 13776 997 821.26 0 0
55100 0.61468 0.038775 0.54243 -1.1242 0.30669 0.8758 402.07 6.9713 1.7302 0.051986 13801 997 821.56 0 0
55200 0.68532 0.026886 0.55488 -1.0828 0.31057 0.90473 384.59 1.3158 1.7301 0.050156 13828 997 821.94 0 0
55300 0.63247 0.025173 0.54573 -1.1742 0.30625 0.88629 394.01 4.8613 1.7293 0.050228 13853 996 822.22 0 0
55400 0.67274 0.033092 0.56908 -1.0421 0.33265 0.91311 388.99 4.8232 1.728 0.051321 13873 992 822.45 0 0
55500 0.66739 0.0537 0.60098 -1.0871 0.33219 0.88365 374.77 7.5382 1.7292 0.051625 13901 991 822.7 0 0
55600 0.62042 0.053354 0.54959 -0.88289 0.32685 0.93449 350.1 8.3407 1.7326 0.051333 13931 990 822.98 0 0
55700 0.67176 0.046943 0.55519 -1.2332 0.34979 0.85 381.13 6.8935 1.734 0.050489 13960 990 823.3 0 0
55800 0.70611 0.023943 0.58902 -1.4335 0.31489 0.89581 388.34 -3.7612 1.7333 0.050414 13983 992 823.58 0 0
55900 0.73248 0.029048 0.58601 -1.107 0.29695 0.91685 398.77 -6.7333 1.7323 0.050549 14006 990 823.86 0 0
56000 0.6596 0.037009 0.57953 -1.001 0.30679 0.9002 391.79 6.7595 1.7323 0.05048 14028 992 824.14 0 0
56100 0.64959 0.033343 0.54039 -1.2442 0.32082 0.89247 392.2 6.7754 1.7325 0.050366 14056 995 824.43 0 0
56200 0.69652 0.016562 0.55639 -1.4246 0.30636 0.97339 395.93 -5.565 1.7327 0.04999 14081 1003 824.73 0 0
56300 0.68758 0.018849 0.58038 -1.0255 0.30305 0.89067 401.66 -2.5239 1.732 0.049754 14105 1009 825.03 0 0
56400 0.66834 0.033766 0.52173 -1.361 0.30767 0.87359 393.71 5.5808 1.7306 0.04991 14127 1007 825.31 0 0
56500 0.67277 0.059165 0.5867 -1.2146 0.33239 0.89374 382.76 7.0976 1.7312 0.049948 14153 1005 825.6 0 0
56600 0.69729 0.029211 0.54568 -1.2819 0.33623 0.88947 399.07 0.17069 1.7299 0.049863 14175 1007 825.9 0 0
56700 0.65573 0.038044 0.57174 -1.3177 0.30673 0.94626 407.28 7.3095 1.7294 0.050087 14201 1003 826.18 0 0
56800 0.65181 0.035553 0.54194 -1.2156 0.31065 0.94222 412.61 7.1782 1.7303 0.050045 14226 1003 826.45 0 0
56900 0.61734 0.0382 0.55309 -1.1369 0.29157 0.91191 401.26 7.2572 1.73 0.050909 14250 1008 826.69 0 0
57000 0.72118 0.02581 0.55083 -1.1538 0.33085 0.87134 402.11 -5.5281 1.7289 0.050888 14274 1010 826.97 0 0
57100 0.6259 0.035534 0.50897 -1.1135 0.30243 0.89967 418.66 7.3718 1.7294 0.052648 14301 1010 827.16 0 0
57200 0.66148 0.046562 0.474 -1.0211 0.32055 0.83929 420.4 7.7368 1.7309 0.052694 14327 1010 827.41 0 0
57300 0.621 0.066547 0.52484 -1.2364 0.29857 0.84684 396.69 7.3151 1.7331 0.051334 14362 1012 827.72 0 0
57400 0.65665 0.045575 0.51037 -1.1038 0.31796 0.74479 432.04 8.1552 1.736 0.049924 14391 1012 828.05 0 0
57500 0.71577 0.047503 0.50072 -1.2376 0.31305 0.90035 409.82 0.12237 1.7384 0.051577 14416 1012 828.23 0 0
57600 0.57909 0.057876 0.54191 -1.2034 0.31733 0.91275 407.05 1.4237 1.7401 0.051575 14447 1012 828.48 0 0
57700 0.72673 0.061649 0.53717 -1.3214 0.32811 0.84415 430.83 -1.9222 1.7396 0.051532 14467 1013 828.79 0 0
57800 0.72228 0.053923 0.55105 -1.2565 0.32467 0.85113 422.89 -0.8502 1.7383 0.051544 14486 1013 829.06 0 0
57900 0.64572 0.037618 0.5778 -1.2101 0.31779 0.86137 427.98 7.6697 1.7385 0.050944 14508 1016 829.37 0 0
58000 0.6526 0.031647 0.51749 -1.2045 0.30615 0.83607 418.4 6.4225 1.7381 0.050545 14525 1021 829.68 0 0
58100 0.61888 0.022576 0.51676 -1.1061 0.2936 0.91456 419.07 3.4661 1.7398 0.05115 14552 1021 829.91 0 0
58200 0.68518 0.038943 0.54385 -1.2504 0.31658 0.88206 416.72 4.4875 1.7407 0.051263 14577 1019 830.17 0 0
58300 0.70009 0.014237 0.54448 -1.3327 0.32537 0.93103 414.16 -7.719 1.7404 0.051272 14600 1019 830.45 0 0
58400 0.711 0.019732 0.5577 -1.2514 0.3102 0.88352 411.74 -6.4807 1.7403 0.050652 14626 1021 830.75 0 0
58500 0.68261 0.018429 0.53969 -1.2792 0.30684 0.87619 384.79 -1.6849 1.7377 0.050718 14638 1020 831.05 0 0
58600 0.63579 0.040039 0.49784 -1.3611 0.34601 0.91875 396.91 8.3106 1.7376 0.050618 14660 1023 831.32 0 0
58700 0.71212 0.012688 0.55534 -1.335 0.31237 0.85504 404.6 -11.589 1.7373 0.050741 14681 1021 831.6 0 0
58800 0.68355 0.046573 0.5337 -1.2454 0.3192 0.88132 419.74 5.6714 1.7357 0.050718 14698 1022 831.88 0 0
58900 0.68306 0.04903 0.53941 -1.2883 0.30069 0.84127 412.13 5.8507 1.7369 0.051314 14729 1026 832.1 0 0
59000 0.72627 0.025398 0.5612 -1.2677 0.307 0.81358 415.49 -6.7361 1.7355 0.052229 14747 1026 832.34 0 0
59100 0.59376 0.013915 0.54974 -1.1454 0.29737 0.85141 422.38 -4.4922 1.7327 0.052087 14758 1029 832.66 0 0
59200 0.64099 0.020855 0.54227 -1.1446 0.32313 0.89334 379.87 3.5189 1.7311 0.05156 14780 1028 832.96 0 0
59300 0.68605 0.03463 0.53794 -1.1313 0.30558 0.91581 414.49 3.7457 1.7295 0.051492 14801 1029 833.26 0 0
59400 0.72973 0.026208 0.57486 -1.371 0.30178 0.87085 396.6 -7.0308 1.7302 0.051242 14832 1030 833.58 0 0
59500 0.66747 0.03088 0.56023 -1.1413 0.36282 0.84505 379.31 5.1721 1.7299 0.051244 14858 1031 833.86 0 0
59600 0.68753 0.022937 0.5779 -1.2502 0.33077 0.87005 402.04 0.10565 1.7293 0.050315 14885 1029 834.18 0 0
59700 0.65755 0.077107 0.59873 -1.0581 0.33628 0.86162 407.75 6.3138 1.7336 0.053669 14930 1032 834.28 0 0
59800 0.69167 0.0243 0.51706 -1.2324 0.30803 0.86747 399.37 -0.14841 1.7365 0.053643 14972 1033 834.55 0 0
59900 0.68927 0.036629 0.59128 -1.3294 0.31816 0.85547 419.08 3.6378 1.7359 0.053548 14993 1040 834.85 0 0
60000 0.68144 0.055597 0.53763 -1.1687 0.31028 0.86697 402.36 5.9325 1.7386 0.05572 15035 1041 835.01 0 0
60100 0.64172 0.04147 0.50298 -1.1895 0.31548 0.8575 404.9 8.132 1.74 0.055749 15073 1042 835.26 0 0
60200 0.7242 0.037319 0.55468 -1.2981 0.30745 0.90932 415.37 -3.0488 1.7402 0.055059 15098 1042 835.55 0 0
60300 0.63363 0.03164 0.50281 -1.3827 0.34926 0.92345 400.78 6.8401 1.7419 0.053912 15133 1050 835.84 0 0
60400 0.71003 0.04296 0.59334 -1.1782 0.31631 0.86022 420.22 0.65388 1.7434 0.055266 15171 1046 836.02 0 0
60500 0.69155 0.041201 0.54019 -1.0463 0.31116 0.7942 397.75 3.9664 1.7445 0.054986 15202 1051 836.27 0 0
60600 0.64595 0.023985 0.57035 -1.0734 0.33169 0.88672 409.6 4.617 1.744 0.053797 15224 1047 836.58 0 0
60700 0.64974 0.02661 0.53532 -1.1921 0.29988 0.73372 426.38 5.4086 1.7451 0.052199 15253 1048 836.93 0 0
60800 0.56839 0.043809 0.54757 -1.1924 0.30963 0.88018 399.15 -1.3194 1.7474 0.052498 15287 1051 837.2 0 0
60900 0.64426 0.025715 0.52857 -1.3138 0.31465 0.90878 425.17 5.281 1.7497 0.05279 15328 1051 837.43 0 0
61000 0.57769 0.058929 0.57452 -1.2931 0.32361 0.91421 407.56 0.90502 1.7545 0.05425 15372 1052 837.6 0 0
61100 0.64057 0.033255 0.5427 -1.1782 0.31683 0.84894 420.53 7.1355 1.7596 0.05281 15428 1054 837.93 0 0
61200 0.68942 0.074028 0.54846 -1.3019 0.30931 0.86479 435.23 3.6298 1.7663 0.05307 15475 1053 838.16 0 0
61300 0.65321 0.071017 0.5046 -1.0399 0.32682 0.79297 412.67 7.3285 1.7712 0.053028 15523 1055 838.41 0 0
61400 0.62239 0.043975 0.49629 -1.2438 0.33196 0.86945 420.9 8.1705 1.7763 0.052335 15580 1057 838.68 0 0
61500 0.71824 0.057045 0.5222 -1.3503 0.29631 0.88187 398.94 -0.14427 1.7804 0.052699 15629 1059 838.92 0 0
61600 0.63286 0.091866 0.51879 -1.2465 0.34132 0.85842 388.81 4.1429 1.7855 0.052353 15676 1059 839.17 0 0
61700 0.63265 0.05798 0.5652 -1.2431 0.30763 0.85279 426.02 8.4631 1.7909 0.052287 15731 1061 839.4 0 0
61800 0.64264 0.027288 0.5258 -1.3803 0.3237 0.91844 411.92 5.7609 1.7952 0.052299 15769 1059 839.63 0 0
61900 0.70785 0.054279 0.5635 -1.116 0.31189 0.90736 412.1 1.8854 1.8015 0.053624 15826 1065 839.81 0 0
62000 0.70111 0.04417 0.53639 -1.3079 0.33287 0.90629 423.26 2.6144 1.8061 0.053795 15872 1062 840.03 0 0
62100 0.66272 0.039743 0.52478 -1.2043 0.32343 0.87862 436.1 7.116 1.8102 0.054161 15918 1061 840.24 0 0
62200 0.69387 0.049823 0.51116 -0.94001 0.30215 0.89064 425.02 4.3719 1.8128 0.051199 15955 1059 840.63 0 0
62300 0.67877 0.030249 0.55447 -1.1717 0.32052 0.90795 457.51 3.899 1.8136 0.052167 15986 1062 840.83 0 0
62400 0.67577 0.026574 0.54118 -1.245 0.33317 0.74838 427.25 3.1654 1.8116 0.052173 16002 1061 841.11 0 0
62500 0.63794 0.026472 0.5689 -1.1013 0.29361 0.906 420.93 5.6301 1.8128 0.050889 16031 1060 841.47 0 0
62600 0.72094 0.049149 0.54406 -1.2366 0.31593 0.91275 426.48 -0.85696 1.8146 0.050992 16069 1059 841.73 0 0
62700 0.70977 0.042465 0.52257 -0.96549 0.30942 0.84102 428.91 0.86039 1.8132 0.05095 16092 1060 842 0 0
62800 0.71677 0.022595 0.55241 -0.88011 0.35393 0.83982 419.99 -5.551 1.8115 0.050811 16110 1063 842.29 0 0
62900 0.78187 0.062815 0.57964 -1.3706 0.29898 0.92672 411.37 -14.604 1.8083 0.050715 16117 1065 842.62 0 0
63000 0.7264 0.028782 0.61862 -1.3096 0.30644 0.92397 400.28 -5.209 1.806 0.050627 16132 1067 842.92 0 0
63100 0.70069 0.037733 0.5783 -1.3798 0.29161 0.82472 416.66 2.1107 1.8061 0.049895 16161 1072 843.25 0 0
63200 0.66343 0.045406 0.52346 -1.0722 0.29685 0.90492 388.42 7.9068 1.8078 0.047583 16193 1072 843.64 0 0
63300 0.73601 0.028998 0.5737 -1.2246 0.30929 0.90073 417.57 -7.0996 1.8079 0.04758 16217 1073 843.94 0 0
63400 0.7099 0.0319 0.58329 -1.642 0.31205 0.90525 413.77 -0.79403 1.8061 0.047981 16234 1075 844.27 0 0
63500 0.71258 0.021138 0.54131 -1.305 0.31177 0.89469 415.55 -5.2653 1.8071 0.049481 16257 1078 844.54 0 0
63600 0.72971 0.082662 0.56253 -1.2535 0.31144 0.8642 428.66 -5.2905 1.8086 0.049534 16286 1078 844.87 0 0
63700 0.75109 0.12097 0.57114 -1.1838 0.32018 0.77903 446.67 -19.225 1.8075 0.049535 16302 1077 845.25 0 0
63800 0.67024 0.051679 0.57303 -1.2468 0.30553 0.84498 420.19 7.3854 1.8074 0.050729 16324 1078 845.49 0 0
63900 0.75725 0.075007 0.58108 -1.3025 0.32415 0.77948 428.23 -10.349 1.8071 0.050922 16345 1074 845.82 0 0
64000 0.73098 0.052745 0.61669 -1.1582 0.30366 0.88244 431.09 -2.8283 1.8093 0.050956 16379 1076 846.12 0 0
64100 0.72201 0.050915 0.55693 -1.2092 0.31548 0.8609 425.47 -0.9979 1.8101 0.052486 16412 1079 846.32 0 0
64200 0.70956 0.0396 0.55727 -1.0742 0.32285 0.90525 421.86 0.54821 1.8082 0.052549 16430 1078 846.61 0 0
64300 0.73456 0.033313 0.53885 -1.1492 0.29108 0.88356 424.66 -5.7291 1.8065 0.052564 16450 1078 846.9 0 0
64400 0.67392 0.025286 0.54435 -1.3097 0.31612 0.77384 422.02 3.0144 1.8088 0.051561 16489 1078 847.2 0 0
64500 0.70685 0.023853 0.57963 -1.3432 0.32801 0.89802 431.85 -2.876 1.814 0.050483 16538 1081 847.5 0 0
64600 0.73449 0.017046 0.54829 -1.1328 0.31178 0.9107 415.03 -12.07 1.8164 0.049926 16581 1079 847.79 0 0
64700 0.73054 0.062863 0.53067 -1.1415 0.32388 0.8969 420.55 -2.9568 1.8169 0.051041 16606 1078 848.02 0 0
64800 0.65358 0.041327 0.53568 -1.2046 0.31923 0.886 437.24 8.1733 1.8218 0.049776 16653 1075 848.33 0 0
64900 0.68522 0.12992 0.55007 -0.93533 0.3097 0.91058 415.11 -10.111 1.8264 0.050452 16699 1076 848.56 0 0
65000 0.6889 0.10439 0.52664 -1.3022 0.3155 0.86066 424.03 -2.6495 1.8288 0.050336 16730 1073 848.84 0 0
65100 0.69731 0.11145 0.51791 -1.3225 0.30915 0.8399 419.54 -6.0769 1.8299 0.051565 16761 1075 849.08 0 0
65200 0.71109 0.026676 0.57421 -1.2023 0.32211 0.86632 421.03 -2.6127 1.8309 0.052587 16791 1074 849.33 0 0
65300 0.63409 0.024877 0.50787 -1.304 0.35196 0.87776 412.63 5.0051 1.8342 0.052487 16831 1074 849.58 0 0
65400 0.53507 0.067824 0.53526 -1.3017 0.32428 0.93276 409.2 -14.236 1.8388 0.050669 16876 1074 849.91 0 0
65500 0.62615 0.067619 0.51985 -1.0495 0.28702 0.78342 416.95 7.4765 1.8426 0.051295 16917 1072 850.17 0 0
65600 0.56609 0.017917 0.52076 -1.2675 0.32994 0.91561 416.47 -9.1908 1.8431 0.052352 16946 1076 850.38 0 0
65700 0.55026 0.041967 0.49933 -1.2422 0.3204 0.9103 442.02 -7.1525 1.8434 0.053789 16972 1078 850.59 0 0
65800 0.54041 0.021997 0.43944 -1.3029 0.31473 0.90617 414.08 -16.355 1.8406 0.053896 16982 1076 850.86 0 0
65900 0.59127 0.016305 0.45392 -1.3016 0.32057 0.88614 413.73 -3.5417 1.8382 0.05395 16993 1075 851.11 0 0
66000 0.66807 0.030525 0.56993 -1.2554 0.3416 0.91192 398.24 5.2785 1.8408 0.05233 17028 1076 851.41 0 0
66100 0.65096 0.045968 0.52396 -1.3771 0.35208 0.92597 405.46 8.5336 1.8432 0.052291 17060 1076 851.63 0 0
66200 0.5882 0.055824 0.54692 -1.1581 0.31167 0.85495 423.63 3.6528 1.848 0.051635 17098 1077 851.9 0 0
66300 0.60184 0.096391 0.55666 -1.2981 0.35332 0.93146 406.43 0.030617 1.8475 0.051872 17122 1078 852.14 0 0
66400 0.58001 0.040856 0.56583 -1.2737 0.37081 0.89351 391.56 1.6787 1.846 0.052064 17134 1074 852.39 0 0
66500 0.62332 0.037288 0.51986 -1.4177 0.31571 0.91229 390.47 7.6663 1.8448 0.052052 17152 1074 852.66 0 0
66600 0.58687 0.042714 0.53523 -1.3033 0.3217 0.86281 426.23 3.3307 1.8468 0.052669 17190 1075 852.89 0 0
66700 0.64921 0.028228 0.57366 -1.2085 0.31326 0.88607 425.23 6.0479 1.8517 0.052063 17241 1074 853.13 0 0
66800 0.56485 0.08195 0.5544 -1.2346 0.30862 0.9028 401.51 -5.4324 1.8543 0.052002 17282 1076 853.36 0 0
66900 0.57694 0.021119 0.56399 -1.1739 0.33357 0.85582 398.03 -4.2369 1.8566 0.052091 17320 1075 853.59 0 0
67000 0.61041 0.041187 0.51325 -1.3968 0.33546 0.8553 401.64 6.9488 1.858 0.052149 17355 1076 853.82 0 0
67100 0.67466 0.01757 0.52783 -1.1198 0.31954 0.87865 396.36 -0.65658 1.8572 0.052225 17376 1076 854.07 0 0
67200 0.62141 0.049992 0.51243 -1.1644 0.31169 0.89216 406.42 8.465 1.8582 0.051899 17407 1083 854.33 0 0
67300 0.62957 0.065614 0.55679 -1.0849 0.31029 0.87743 372.78 7.7323 1.859 0.052045 17436 1080 854.56 0 0
67400 0.62443 0.038036 0.54939 -1.3512 0.32705 0.89791 385.92 7.8216 1.8601 0.052755 17469 1081 854.75 0 0
67500 0.69337 0.036703 0.53679 -1.2108 0.34549 0.91753 372.11 3.1507 1.8614 0.054454 17502 1082 854.89 0 0
67600 0.63826 0.058052 0.54682 -1.1243 0.33569 0.84945 369.23 8.5446 1.8655 0.052826 17537 1082 855.17 0 0
67700 0.59126 0.1048 0.49465 -1.3459 0.33091 0.78319 349.68 -3.7659 1.864 0.05277 17554 1085 855.42 0 0
67800 0.64794 0.14811 0.57643 -1.3342 0.3041 0.83362 368.78 -13.221 1.861 0.052777 17562 1083 855.69 0 0
67900 0.64465 0.11002 0.54293 -1.19 0.30568 0.85749 389.37 -0.59494 1.8582 0.052659 17572 1086 855.96 0 0
68000 0.70307 0.10228 0.55874 -1.2595 0.3173 0.84485 362.18 -4.8455 1.8573 0.05264 17593 1088 856.19 0 0
68100 0.67605 0.132 0.53136 -1.4352 0.3344 0.8612 375.17 -9.6331 1.857 0.052595 17617 1089 856.43 0 0
68200 0.70373 0.13341 0.52088 -1.0703 0.34819 0.86803 374.83 -14.183 1.8548 0.052525 17629 1091 856.76 0 0
68300 0.70476 0.12852 0.51862 -1.3103 0.33294 0.81196 417.42 -12.783 1.8542 0.052492 17652 1092 857.07 0 0
68400 0.70882 0.121 0.52393 -1.1194 0.32725 0.89106 369.35 -11.152 1.8532 0.052544 17672 1092 857.33 0 0
68500 0.61515 0.054808 0.53249 -1.2063 0.32324 0.73431 377.47 7.7141 1.8544 0.053593 17713 1093 857.52 0 0
68600 0.6287 0.08107 0.49859 -1.1843 0.31836 0.82983 377.58 5.7091 1.8534 0.053605 17736 1092 857.76 0 0
68700 0.71132 0.15262 0.54805 -1.1722 0.32179 0.95498 389.6 -22.84 1.8519 0.053437 17757 1096 858.04 0 0
68800 0.70416 0.17142 0.49852 -1.2972 0.32598 0.93288 388.44 -28.361 1.851 0.05347 17779 1096 858.41 0 0
68900 0.66234 0.097209 0.51256 -1.2169 0.33658 0.88976 362.26 1.9227 1.8516 0.053481 17810 1096 858.72 0 0
69000 0.7343 0.14105 0.54685 -1.389 0.32503 0.84954 370.19 -22.869 1.852 0.053383 17840 1097 859.03 0 0
69100 0.73625 0.13374 0.56786 -1.3237 0.37827 0.84822 377.86 -20.705 1.8515 0.053397 17859 1097 859.54 0 0
69200 0.66158 0.10901 0.4895 -1.0864 0.31989 0.87662 376.88 -1.2365 1.8517 0.053368 17888 1098 859.92 0 0
69300 0.73001 0.14076 0.6067 -1.1707 0.29688 0.83752 357.81 -22.073 1.8529 0.055052 17919 1094 860.1 0 0
69400 0.73763 0.16134 0.52157 -1.089 0.31148 0.91512 365.87 -31.647 1.8532 0.055682 17948 1093 860.41 0 0
69500 0.69503 0.15393 0.44434 -1.3037 0.3063 0.91014 364.52 -20.729 1.8523 0.053988 17964 1095 860.9 0 0
69600 0.74078 0.17733 0.57217 -1.0999 0.31256 0.90832 353.16 -37.98 1.8521 0.052762 17984 1098 861.42 0 0
69700 0.73357 0.15719 0.58961 -1.2313 0.31394 0.91672 386.43 -29.103 1.852 0.052765 18005 1098 861.93 0 0
69800 0.76613 0.16244 0.55127 -1.4177 0.31609 0.89028 379.26 -36.312 1.85 0.052167 18015 1095 862.42 0 0
69900 0.68908 0.17377 0.46498 -1.2439 0.30252 0.85264 372.3 -26.338 1.847 0.052025 18022 1098 862.9 0 0
70000 0.70361 0.14874 0.53657 -1.2606 0.30928 0.82401 350.88 -19.82 1.845 0.051292 18032 1100 863.4 0 0
70100 0.71306 0.17654 0.54226 -1.4198 0.29747 0.84647 365.68 -31.917 1.8442 0.051292 18049 1100 863.82 0 0
70200 0.70862 0.18521 0.5269 -1.37 0.35354 0.82747 362.39 -33.791 1.8443 0.052484 18073 1103 864.21 0 0
70300 0.76453 0.18337 0.60436 -1.1564 0.32813 0.89074 366.44 -44.588 1.8419 0.052624 18084 1100 864.59 0 0
70400 0.70598 0.14583 0.51553 -1.4178 0.30241 0.86567 348.42 -18.926 1.8414 0.052492 18106 1103 864.92 0 0
70500 0.6622 0.14198 0.57376 -1.1284 0.3086 0.89207 370.84 -11.607 1.8391 0.052013 18118 1104 865.34 0 0
70600 0.66981 0.19065 0.54301 -1.3404 0.3008 0.75431 379.48 -28.436 1.8387 0.051898 18139 1106 865.81 0 0
70700 0.68045 0.16274 0.51751 -1.1509 0.30835 0.81524 362.64 -21.64 1.8373 0.052132 18155 1103 866.28 0 0
70800 0.70521 0.13516 0.51007 -1.2849 0.30874 0.80433 380.8 -14.828 1.8342 0.052003 18162 1104 866.68 0 0
70900 0.64685 0.096243 0.52406 -1.3077 0.33454 0.84352 380.9 2.9714 1.8338 0.053155 18183 1106 866.97 0 0
71000 0.68041 0.098911 0.51909 -1.2182 0.34236 0.8163 342.64 -0.25456 1.8352 0.05308 18221 1108 867.2 0 0
71100 0.70258 0.13072 0.48737 -1.2246 0.31381 0.90696 368.83 -13.085 1.8325 0.053277 18230 1104 867.49 0 0
71200 0.72955 0.11531 0.57419 -1.2479 0.33255 0.82599 334.15 -13.878 1.8341 0.0535 18259 1108 867.8 0 0
71300 0.72726 0.14835 0.51231 -1.1442 0.35059 0.87327 350.95 -24.235 1.8312 0.053634 18265 1107 868.21 0 0
71400 0.69191 0.15999 0.46685 -1.2 0.30816 0.87046 363.84 -22.136 1.8317 0.053636 18287 1107 868.58 0 0
71500 0.64284 0.1683 0.52882 -1.1597 0.31915 0.90338 361.2 -20.727 1.831 0.052305 18309 1110 869.05 0 0
71600 0.70261 0.15746 0.54909 -1.3924 0.3198 0.77405 335.89 -22.899 1.8328 0.051013 18338 1111 869.45 0 0
71700 0.6836 0.16442 0.56224 -1.2995 0.35561 0.87354 366.41 -22.506 1.834 0.051139 18361 1107 869.85 0 0
71800 0.69537 0.13696 0.55522 -1.4926 0.31339 0.88243 349.21 -14.07 1.833 0.052109 18376 1108 870.18 0 0
71900 0.63352 0.16309 0.48199 -1.2954 0.30138 0.88294 357.86 -19.073 1.8315 0.052638 18394 1113 870.47 0 0
72000 0.66631 0.16023 0.4824 -1.2123 0.33307 0.94035 351.57 -18.992 1.8303 0.0523 18414 1112 870.84 0 0
72100 0.67623 0.15481 0.54182 -1.1415 0.33788 0.92729 352.82 -17.771 1.8311 0.052216 18440 1114 871.19 0 0
72200 0.69341 0.15411 0.54001 -1.2354 0.36655 0.9197 351.8 -20.242 1.8333 0.053171 18472 1117 871.48 0 0
72300 0.72383 0.17462 0.49536 -1.2509 0.30522 0.88091 376.58 -33.399 1.8341 0.054557 18502 1122 871.86 0 0
72400 0.67237 0.17271 0.53176 -1.211 0.34159 0.89506 362.37 -24.157 1.8348 0.054414 18527 1125 872.3 0 0
72500 0.6757 0.14567 0.54199 -1.0912 0.31565 0.93334 366.63 -14.461 1.8329 0.054312 18538 1128 872.74 0 0
72600 0.6406 0.14133 0.51116 -1.2443 0.33832 0.95597 355.67 -10.79 1.8316 0.054367 18555 1125 873.13 0 0
72700 0.69582 0.14114 0.51981 -0.99921 0.31581 0.84463 349.16 -15.666 1.8308 0.0539 18577 1127 873.5 0 0
72800 0.60654 0.13729 0.55351 -1.3951 0.31287 0.88411 359.77 -11.205 1.83 0.055269 18601 1125 873.79 0 0
72900 0.63389 0.1598 0.51403 -1.0905 0.3478 0.92318 346.8 -17.892 1.8294 0.054776 18620 1128 874.13 0 0
73000 0.65183 0.13298 0.54835 -1.2382 0.34253 0.89468 352.62 -8.0456 1.8284 0.055235 18637 1134 874.42 0 0
73100 0.68925 0.14387 0.55323 -1.0966 0.32908 0.90495 369.43 -15.696 1.8261 0.055114 18647 1137 874.71 0 0
73200 0.71053 0.15982 0.57559 -1.3234 0.34504 0.85469 363.54 -24.981 1.8253 0.055272 18666 1135 875 0 0
73300 0.66967 0.16106 0.55207 -1.2342 0.32144 0.8528 361.97 -19.549 1.8261 0.054752 18694 1132 875.35 0 0
73400 0.79986 0.16228 0.56778 -1.1744 0.29958 0.90048 379.58 -41.019 1.8245 0.054607 18710 1135 875.68 0 0
73500 0.65456 0.16243 0.53924 -1.2621 0.3429 0.8414 357.8 -18.904 1.8241 0.054864 18731 1134 876 0 0
73600 0.65711 0.093894 0.51996 -1.2139 0.36933 0.8765 393.2 2.9225 1.8226 0.054861 18747 1134 876.32 0 0
73700 0.67656 0.13708 0.60553 -1.1372 0.34724 0.86871 378.83 -11.213 1.822 0.053556 18768 1134 876.7 0 0
73800 0.67928 0.12959 0.56141 -1.2789 0.31109 0.87609 374.22 -9.1825 1.8196 0.053456 18777 1136 877.02 0 0
73900 0.71665 0.1751 0.52694 -1.2746 0.32332 0.86938 369.34 -31.909 1.819 0.054517 18797 1137 877.27 0 0
74000 0.56665 0.14154 0.48278 -1.35 0.33644 0.85875 357.82 -17.729 1.8195 0.054516 18825 1137 877.58 0 0
74100 0.72972 0.15692 0.53173 -1.4927 0.3419 0.85365 362.55 -27.76 1.8209 0.053612 18858 1134 877.96 0 0
74200 0.63939 0.13223 0.52466 -1.4364 0.32399 0.88203 359.16 -7.5321 1.8218 0.054846 18882 1135 878.24 0 0
74300 0.62708 0.17163 0.5495 -1.2609 0.32458 0.89728 379.72 -22.031 1.822 0.055778 18905 1136 878.52 0 0
74400 0.68519 0.17918 0.50736 -1.3215 0.35617 0.88863 386.27 -27.59 1.8235 0.055755 18935 1137 878.85 0 0
74500 0.6576 0.14554 0.55623 -1.2103 0.32622 0.85765 374.77 -12.545 1.8217 0.055672 18949 1139 879.14 0 0
74600 0.62999 0.18338 0.51753 -1.3455 0.30261 0.88259 379.22 -25.52 1.8204 0.056027 18965 1140 879.5 0 0
74700 0.64827 0.15843 0.45801 -1.2712 0.33353 0.91949 380.16 -17.008 1.8209 0.054823 18992 1138 879.91 0 0
74800 0.63211 0.15453 0.51014 -1.2504 0.35785 0.8907 370.26 -15.772 1.8193 0.053786 19006 1138 880.3 0 0
74900 0.62262 0.17503 0.55221 -1.0799 0.34015 0.88256 363.59 -23.229 1.8202 0.053468 19031 1139 880.7 0 0
75000 0.65373 0.1723 0.50646 -1.0903 0.34562 0.81879 340.46 -21.953 1.8203 0.053628 19057 1136 881.06 0 0
75100 0.64843 0.14062 0.50989 -1.2945 0.35974 0.90588 367.18 -10.447 1.8203 0.053785 19081 1133 881.39 0 0
75200 0.65982 0.1366 0.52115 -1.2495 0.34921 0.82631 359.28 -9.5017 1.8213 0.054795 19113 1136 881.64 0 0
75300 0.73954 0.15429 0.56268 -1.2073 0.31553 0.8855 343.54 -29.047 1.8217 0.055814 19136 1140 881.92 0 0
75400 0.68415 0.11384 0.54001 -1.1676 0.34337 0.85483 358.39 -5.1584 1.8224 0.055444 19166 1137 882.25 0 0
75500 0.64013 0.13559 0.51324 -1.2473 0.33195 0.90327 351.16 -8.6255 1.8225 0.053815 19187 1138 882.64 0 0
75600 0.64133 0.11711 0.49962 -1.3853 0.3384 0.91992 355.42 -2.821 1.8217 0.054214 19205 1143 882.94 0 0
75700 0.68258 0.14611 0.52777 -1.1275 0.34938 0.81703 354.06 -15.264 1.8191 0.054129 19213 1144 883.27 0 0
75800 0.61646 0.11367 0.53593 -1.2394 0.33901 0.88309 338.19 -2.7118 1.8171 0.053998 19227 1147 883.57 0 0
75900 0.69305 0.1346 0.55622 -1.1739 0.32869 0.89691 374.1 -12.864 1.8144 0.053908 19235 1149 883.85 0 0
76000 0.67431 0.14811 0.49169 -1.4331 0.3078 0.88696 358.59 -14.955 1.8144 0.053825 19256 1152 884.18 0 0
76100 0.74411 0.17815 0.59534 -1.0962 0.29801 0.8333 370.41 -38.484 1.8114 0.053958 19260 1149 884.55 0 0
76200 0.68263 0.15318 0.52746 -1.3547 0.30922 0.84319 360.52 -17.739 1.8095 0.053839 19272 1147 884.97 0 0
76300 0.64474 0.19091 0.5576 -1.2752 0.32839 0.85263 359.1 -27.2 1.8081 0.053407 19288 1150 885.34 0 0
76400 0.70999 0.16937 0.5808 -1.2229 0.32014 0.87081 386.45 -28.205 1.8066 0.054006 19303 1152 885.67 0 0
76500 0.63394 0.14537 0.52395 -1.2593 0.32951 0.85897 360.56 -12.012 1.8063 0.05344 19325 1149 886.06 0 0
76600 0.64443 0.15909 0.53661 -1.1832 0.34026 0.87457 338.34 -17.052 1.8071 0.053523 19355 1148 886.39 0 0
76700 0.58772 0.18015 0.50489 -1.3053 0.36522 0.85171 360.91 -28.373 1.8058 0.053535 19373 1148 886.77 0 0
76800 0.67871 0.15507 0.51335 -1.2177 0.30771 0.85615 382.41 -17.785 1.8043 0.052882 19388 1149 887.18 0 0
76900 0.67781 0.16766 0.50533 -1.362 0.36336 0.84384 346.86 -22.394 1.8029 0.052453 19404 1147 887.55 0 0
77000 0.63455 0.16253 0.48822 -1.2959 0.35801 0.90852 384.56 -18.409 1.8021 0.052502 19422 1146 887.9 0 0
77100 0.63087 0.17836 0.52396 -1.2265 0.31576 0.80638 374.27 -23.669 1.7997 0.052276 19431 1151 888.28 0 0
77200 0.66312 0.15524 0.49048 -1.3558 0.33176 0.81713 356.07 -16.374 1.7987 0.051177 19449 1152 888.69 0 0
77300 0.66175 0.15475 0.50785 -1.1762 0.36245 0.87906 358.84 -16.038 1.7979 0.051168 19465 1152 889.07 0 0
77400 0.68369 0.1507 0.54772 -1.3673 0.33033 0.86159 374.46 -16.881 1.7965 0.052295 19478 1156 889.4 0 0
77500 0.68089 0.15242 0.5084 -1.2892 0.3296 0.86242 346.71 -17.059 1.7934 0.05225 19481 1157 889.74 0 0
77600 0.65173 0.16314 0.50279 -1.491 0.31466 0.77415 360.82 -18.541 1.7907 0.052931 19488 1159 890.05 0 0
77700 0.62826 0.14688 0.56773 -1.1434 0.36911 0.90502 332.33 -12.685 1.7881 0.05284 19495 1161 890.41 0 0
77800 0.74675 0.16865 0.55372 -1.3168 0.31966 0.70123 377.78 -35.182 1.7853 0.053072 19500 1156 890.79 0 0
77900 0.73827 0.17845 0.50166 -1.3979 0.3269 0.8586 350.87 -37.477 1.7828 0.052892 19506 1160 891.14 0 0
78000 0.63436 0.19869 0.48764 -1.2188 0.33951 0.88314 355.73 -28.957 1.7799 0.052765 19510 1163 891.57 0 0
78100 0.63596 0.13136 0.4764 -1.2335 0.3425 0.85672 359.5 -7.0626 1.7773 0.052857 19517 1161 891.95 0 0
78200 0.65865 0.13983 0.51228 -1.3332 0.35376 0.90662 358.29 -10.379 1.7751 0.053642 19526 1164 892.24 0 0
78300 0.60013 0.1411 0.50281 -1.4016 0.3486 0.86642 344.16 -12.937 1.7735 0.054735 19541 1166 892.49 0 0
78400 0.66793 0.21033 0.46561 -1.5248 0.33453 0.83569 376.18 -33.998 1.7716 0.054576 19551 1171 892.88 0 0
78500 0.66012 0.16819 0.5864 -1.2622 0.34615 0.8272 357.44 -20.671 1.769 0.054521 19557 1172 893.27 0 0
78600 0.63291 0.14203 0.51421 -1.3064 0.32617 0.8728 376.15 -10.835 1.766 0.05438 19559 1175 893.66 0 0
78700 0.73899 0.1789 0.57105 -1.3861 0.32676 0.83401 353.14 -37.67 1.7639 0.054473 19571 1173 894.1 0 0
78800 0.74088 0.18668 0.51486 -1.259 0.34534 0.85091 360.9 -40.359 1.7631 0.054474 19591 1174 894.6 0 0
78900 0.77598 0.14577 0.51247 -1.0962 0.3734 0.80703 349.98 -31.342 1.7631 0.055 19619 1173 895.07 0 0
79000 0.66416 0.1321 0.46572 -1.1831 0.37626 0.7571 352.16 -8.2161 1.7612 0.054933 19634 1174 895.48 0 0
79100 0.71204 0.17086 0.52859 -1.2208 0.35471 0.89553 344.5 -29.007 1.7605 0.05507 19654 1178 895.82 0 0
79200 0.69483 0.14682 0.52169 -1.1615 0.35518 0.801 354.87 -17.448 1.7591 0.056806 19673 1183 896.07 0 0
79300 0.65109 0.16475 0.47784 -1.3208 0.34406 0.84874 368.01 -19.202 1.7569 0.056705 19681 1184 896.4 0 0
79400 0.6408 0.14534 0.54163 -1.1647 0.3629 0.8768 356.03 -11.929 1.7538 0.056849 19683 1181 896.69 0 0
79500 0.68326 0.13693 0.54386 -1.1138 0.36358 0.85041 358.94 -12.162 1.7507 0.056946 19686 1179 896.98 0 0
79600 0.75279 0.18234 0.59388 -1.4409 0.33327 0.79557 354.26 -41.501 1.7478 0.05685 19687 1181 897.36 0 0
79700 0.70347 0.17667 0.55841 -1.2645 0.31956 0.85117 341.65 -29.204 1.7445 0.056801 19688 1182 897.82 0 0
79800 0.67643 0.17601 0.54178 -1.1764 0.35539 0.8401 330.6 -24.817 1.7413 0.056839 19688 1181 898.24 0 0
79900 0.6665 0.17064 0.54527 -1.2732 0.34689 0.83939 349.9 -22.016 1.7381 0.056647 19688 1185 898.63 0 0
80000 0.7329 0.14953 0.55625 -1.2218 0.34391 0.85782 365.81 -25.597 1.7349 0.056552 19689 1187 899.04 0 0
80100 0.7215 0.13282 0.53655 -1.164 0.31869 0.86161 344.85 -17.41 1.7318 0.056077 19690 1186 899.38 0 0
80200 0.67585 0.2012 0.54444 -1.1307 0.36338 0.92408 340.72 -32.342 1.7286 0.056219 19690 1183 899.81 0 0
80300 0.75989 0.18204 0.54043 -1.2319 0.31788 0.9145 366.12 -42.591 1.7254 0.056076 19690 1186 900.25 0 0
80400 0.71233 0.16955 0.52182 -1.185 0.31871 0.96674 334.9 -28.474 1.7222 0.055938 19691 1189 900.68 0 0
80500 0.6941 0.19549 0.51277 -1.1522 0.37376 0.94178 351.43 -33.344 1.7191 0.055949 19691 1190 901.07 0 0
80600 0.64086 0.16184 0.55362 -1.3995 0.34951 0.92384 338.52 -17.995 1.7159 0.055946 19692 1190 901.45 0 0
80700 0.6941 0.18478 0.52887 -1.1567 0.37013 0.93578 378.43 -30.029 1.7128 0.055946 19693 1190 901.83 0 0
80800 0.6989 0.18732 0.57919 -1.0665 0.3629 0.8554 379.46 -31.792 1.7096 0.055853 19693 1192 902.23 0 0
80900 0.67112 0.14583 0.53344 -1.1569 0.35532 0.92204 353.77 -13.688 1.7065 0.056041 19694 1188 902.61 0 0
81000 0.69031 0.1825 0.49388 -1.0571 0.37662 0.90886 378.97 -28.627 1.7033 0.0559 19694 1191 903 0 0
81100 0.73873 0.17666 0.45092 -1.1836 0.32777 0.88316 363.73 -36.516 1.7002 0.055793 19695 1194 903.44 0 0
81200 0.70319 0.19712 0.4985 -1.3189 0.35108 0.92531 380.3 -35.635 1.697 0.055746 19695 1195 903.85 0 0
81300 0.73045 0.19315 0.51983 -1.1197 0.34705 0.94598 371.9 -39.944 1.6939 0.055654 19696 1197 904.31 0 0
81400 0.70098 0.20815 0.54374 -1.0288 0.33097 0.88203 374.08 -38.697 1.6908 0.055653 19696 1197 904.79 0 0
81500 0.72301 0.21916 0.46423 -1.1841 0.33866 0.94462 358.34 -46.693 1.6876 0.055192 19697 1207 905.29 0 0
81600 0.71452 0.18193 0.55442 -1.2278 0.34231 0.91997 363.96 -33.03 1.6845 0.054872 19697 1214 905.73 0 0
81700 0.6754 0.14992 0.54021 -1.1788 0.32761 0.92481 374.97 -15.486 1.6814 0.054512 19697 1222 906.21 0 0
81800 0.70047 0.22775 0.48838 -1.1047 0.29689 0.92562 370.21 -45.69 1.6782 0.054246 19698 1228 906.72 0 0
81900 0.58855 0.177 0.49652 -1.2132 0.30323 0.90479 360.14 -27.224 1.6751 0.054114 19698 1231 907.2 0 0
82000 0.69941 0.21135 0.55324 -1.2155 0.35579 0.94585 364.55 -39.188 1.672 0.05407 19699 1232 907.72 0 0
82100 0.72203 0.20414 0.47419 -1.1413 0.34193 0.90958 357.88 -41.323 1.6689 0.053894 19699 1236 908.23 0 0
82200 0.73427 0.20384 0.53207 -1.3095 0.31897 0.95496 348.97 -43.935 1.6658 0.053937 19700 1235 908.68 0 0
82300 0.70476 0.23911 0.54234 -1.1393 0.3507 0.90805 367.76 -49.007 1.6627 0.053806 19701 1238 909.19 0 0
82400 0.61947 0.2558 0.45551 -1.2047 0.36245 0.94285 367.41 -49.302 1.6596 0.05342 19701 1247 909.74 0 0
82500 0.67927 0.26219 0.52509 -1.0914 0.33379 0.89025 357.68 -49.951 1.6565 0.053247 19701 1251 910.33 0 0
82600 0.6991 0.23503 0.53409 -1.1529 0.35879 0.90864 370.21 -47.458 1.6534 0.053163 19702 1253 910.9 0 0
82700 0.61241 0.25601 0.38802 -1.1174 0.34637 0.93794 349.44 -49.281 1.6504 0.053122 19703 1254 911.47 0 0
82800 0.62509 0.26053 0.52866 -1.2124 0.33901 0.94506 378.26 -49.745 1.6474 0.052828 19704 1261 912.05 0 0
82900 0.62572 0.21608 0.49118 -1.1452 0.34129 0.93258 370.78 -34.146 1.6443 0.052703 19705 1264 912.6 0 0
83000 0.62852 0.21014 0.54493 -1.2305 0.34274 0.92506 365.38 -32.095 1.6412 0.052578 19705 1267 913.14 0 0
83100 0.75257 0.19836 0.53962 -1.313 0.37024 0.95068 350.95 -45.63 1.6381 0.052662 19705 1265 913.65 0 0
83200 0.68499 0.23954 0.46485 -1.1857 0.37064 0.88804 372.99 -46.832 1.6351 0.052208 19706 1276 914.17 0 0
83300 0.65618 0.23407 0.51923 -1.1149 0.33152 0.96566 360.13 -40.905 1.632 0.051802 19707 1286 914.77 0 0
83400 0.60084 0.23257 0.54959 -1.0804 0.3341 0.91515 372.52 -41.793 1.629 0.051492 19708 1294 915.37 0 0
83500 0.62526 0.23988 0.55258 -0.9626 0.31301 0.89233 371.53 -42.79 1.626 0.051412 19709 1296 915.96 0 0
83600 0.69584 0.22189 0.56752 -1.2724 0.3592 0.93341 354.75 -41.953 1.6229 0.051411 19709 1296 916.44 0 0
83700 0.68334 0.23986 0.52731 -1.2151 0.35491 0.93134 379.95 -46.45 1.62 0.051415 19711 1296 916.98 0 0
83800 0.67846 0.19979 0.58673 -1.2407 0.36181 0.93405 355.81 -31.71 1.617 0.051336 19712 1298 917.46 0 0
83900 0.69521 0.22501 0.53965 -1.2874 0.35497 0.92834 378.38 -42.955 1.6141 0.051287 19715 1299 917.93 0 0
84000 0.69541 0.23128 0.56931 -1.3557 0.37588 0.90042 363.48 -45.26 1.611 0.051258 19715 1300 918.42 0 0
84100 0.68895 0.22088 0.52917 -1.1671 0.35053 0.9114 367.4 -40.092 1.608 0.051062 19716 1305 918.95 0 0
84200 0.63103 0.2028 0.53541 -1.282 0.35758 0.92094 341.98 -29.691 1.605 0.051062 19716 1305 919.46 0 0
84300 0.61093 0.22259 0.52861 -1.1086 0.38215 0.90137 382.47 -37.102 1.602 0.050983 19717 1307 919.95 0 0
84400 0.64772 0.2123 0.53173 -1.2977 0.34505 0.94504 358.02 -32.528 1.599 0.050711 19718 1314 920.47 0 0
84500 0.66233 0.23494 0.56303 -1.1513 0.371 0.95017 359.14 -41.695 1.596 0.050672 19719 1315 921.04 0 0
84600 0.66812 0.23397 0.54743 -1.3734 0.34572 0.94809 324.34 -41.628 1.593 0.050694 19720 1313 921.61 0 0
84700 0.63674 0.25041 0.52378 -1.2127 0.32502 0.955 341.45 -47.104 1.59 0.050628 19720 1315 922.09 0 0
84800 0.69453 0.18079 0.58464 -1.2943 0.33577 0.93308 343.56 -28.101 1.5869 0.050743 19720 1312 922.6 0 0
84900 0.71093 0.19332 0.54292 -1.1732 0.31852 0.95666 343.01 -35.085 1.5842 0.050572 19724 1315 923.14 0 0
85000 0.67922 0.1923 0.58678 -1.0501 0.35346 0.92858 365.95 -29.547 1.5812 0.050457 19724 1318 923.7 0 0
85100 0.61875 0.21849 0.55235 -1.276 0.33152 0.9584 363.09 -35.121 1.5782 0.050495 19726 1317 924.18 0 0
85200 0.62683 0.1434 0.53036 -1.2507 0.34191 0.95581 347.66 -11.315 1.5753 0.05038 19727 1320 924.67 0 0
85300 0.70894 0.20423 0.54741 -1.2013 0.3312 0.95316 367.18 -38.225 1.5723 0.050282 19727 1323 925.1 0 0
85400 0.70069 0.20546 0.53326 -0.96863 0.36034 0.84912 353.08 -37.111 1.5693 0.050342 19727 1321 925.6 0 0
85500 0.71421 0.1435 0.59262 -1.1367 0.32813 0.92772 359.19 -19.321 1.5663 0.050228 19728 1324 926.11 0 0
85600 0.72029 0.15356 0.55171 -1.1547 0.33611 0.92234 355.93 -23.902 1.5635 0.050375 19730 1320 926.68 0 0
85700 0.72183 0.1933 0.52109 -1.1778 0.33835 0.95971 378.9 -37.378 1.5606 0.050265 19732 1323 927.18 0 0
85800 0.73869 0.17882 0.5124 -1.326 0.31481 0.97105 395.64 -36.718 1.5577 0.050265 19734 1323 927.69 0 0
85900 0.71045 0.23848 0.53968 -1.0166 0.32029 0.93784 373.62 -48.588 1.555 0.050149 19738 1326 928.23 0 0
86000 0.66824 0.17535 0.50113 -1.1791 0.32386 0.95574 378.03 -23.117 1.5521 0.050074 19739 1328 928.75 0 0
86100 0.68554 0.16236 0.48856 -1.1544 0.35372 0.957 360.97 -20.714 1.5492 0.050112 19740 1327 929.21 0 0
86200 0.69683 0.22409 0.53734 -1.247 0.33179 0.95492 365.45 -42.584 1.5462 0.04993 19741 1332 929.74 0 0
86300 0.685 0.16839 0.48319 -1.1284 0.31775 0.93221 370.13 -22.563 1.5433 0.050031 19741 1329 930.31 0 0
86400 0.74131 0.18037 0.58308 -1.3449 0.33438 0.9588 368.72 -37.582 1.5406 0.050012 19745 1330 930.85 0 0
86500 0.78052 0.163 0.56886 -1.1126 0.35366 0.9124 346.71 -37.465 1.5377 0.049955 19746 1331 931.37 0 0
86600 0.68105 0.1767 0.57759 -1.4452 0.32948 0.96749 355.21 -24.787 1.5349 0.049954 19748 1331 931.89 0 0
86700 0.73711 0.2136 0.50834 -1.2062 0.32319 0.94298 339.57 -45.319 1.532 0.050028 19750 1329 932.38 0 0
86800 0.73753 0.16062 0.59737 -0.94357 0.3305 0.9341 355.55 -29.935 1.5293 0.050055 19754 1328 932.89 0 0
86900 0.7317 0.16356 0.6004 -1.3756 0.37335 0.90706 339.03 -29.629 1.5269 0.050053 19760 1328 933.39 0 0
87000 0.74391 0.16195 0.58295 -1.1401 0.33949 0.89836 337.95 -31.52 1.5244 0.050123 19765 1326 933.92 0 0
87100 0.70884 0.16688 0.58317 -1.2913 0.38054 0.92487 339.43 -26.203 1.5218 0.050053 19770 1328 934.4 0 0
87200 0.71289 0.12713 0.50656 -1.1942 0.34401 0.96278 356.63 -13.45 1.519 0.050128 19773 1326 934.88 0 0
87300 0.77218 0.17834 0.53912 -1.2945 0.31888 0.96086 366.02 -42.544 1.5163 0.05006 19775 1328 935.36 0 0
87400 0.77265 0.1801 0.54962 -1.1466 0.32819 0.94534 346.53 -43.261 1.5134 0.050053 19777 1328 935.9 0 0
87500 0.73708 0.18188 0.51708 -0.9856 0.33942 0.9757 365.69 -36.762 1.5107 0.049879 19780 1333 936.46 0 0
87600 0.72454 0.1496 0.52752 -1.2703 0.32814 0.9452 340.36 -23.349 1.508 0.049481 19783 1332 936.98 0 0
87700 0.72193 0.19141 0.53098 -1.0463 0.31905 0.94747 336.78 -36.318 1.5051 0.049543 19784 1330 937.48 0 0
87800 0.69435 0.21029 0.51553 -1.335 0.31212 0.95793 346.93 -36.929 1.5024 0.049429 19788 1333 937.95 0 0
87900 0.72979 0.21179 0.5363 -1.3008 0.33112 0.96808 353.88 -43.487 1.4996 0.049226 19789 1339 938.51 0 0
88000 0.76115 0.17217 0.58565 -1.0857 0.33718 0.9452 356.73 -37.9 1.4967 0.04919 19789 1340 939.06 0 0
88100 0.74555 0.18362 0.51309 -1.2416 0.33774 0.94727 366.01 -38.634 1.4938 0.049106 19790 1342 939.61 0 0
88200 0.7714 0.18368 0.55212 -1.2116 0.34242 0.93868 358.68 -44.067 1.4909 0.04918 19791 1340 940.15 0 0
88300 0.76408 0.16369 0.51571 -1.409 0.35386 0.9401 375.6 -35.237 1.4881 0.049037 19791 1344 940.72 0 0
88400 0.69681 0.18695 0.50506 -1.2664 0.3245 0.93133 384.63 -30.252 1.4852 0.049033 19792 1344 941.29 0 0
88500 0.73875 0.19672 0.54328 -1.358 0.31709 0.88201 378.84 -41.128 1.4823 0.048888 19792 1348 941.89 0 0
88600 0.73253 0.18322 0.57587 -1.1709 0.342 0.97064 360.95 -35.885 1.4794 0.048889 19793 1348 942.47 0 0
88700 0.74582 0.1896 0.59257 -1.3629 0.33435 0.90956 372.13 -40.359 1.4765 0.048889 19793 1348 943 0 0
88800 0.69431 0.15353 0.55687 -1.3265 0.33964 0.94754 349.09 -19.151 1.4736 0.048781 19794 1351 943.55 0 0
88900 0.79172 0.18264 0.54722 -1.5153 0.35382 0.93538 352.34 -45.9 1.4708 0.048851 19794 1349 944.1 0 0
89000 0.75323 0.17986 0.50381 -1.1664 0.34614 0.95461 345.17 -38.756 1.468 0.048814 19796 1350 944.62 0 0
89100 0.74185 0.18631 0.54042 -1.1345 0.32569 0.93163 373.92 -38.238 1.4652 0.04867 19797 1354 945.19 0 0
89200 0.75857 0.16297 0.57318 -1.2071 0.32835 0.94205 367.49 -33.956 1.4624 0.04867 19797 1354 945.66 0 0
89300 0.72913 0.16933 0.51192 -1.2924 0.3437 0.91533 350.47 -30.428 1.4595 0.048598 19798 1356 946.11 0 0
89400 0.69446 0.15633 0.45747 -1.1547 0.34494 0.96427 364.39 -19.971 1.4567 0.048633 19799 1355 946.63 0 0
89500 0.70397 0.19438 0.54425 -1.4149 0.33649 0.93 361.56 -33.591 1.454 0.048494 19801 1359 947.2 0 0
89600 0.71715 0.1831 0.49529 -1.304 0.3429 0.91913 358.74 -32.422 1.4512 0.048352 19803 1363 947.77 0 0
89700 0.74119 0.20028 0.51485 -1.2531 0.3498 0.92473 359.72 -42.262 1.4484 0.048282 19804 1365 948.33 0 0
89800 0.76855 0.18823 0.52672 -1.1991 0.36309 0.938 362.83 -44.301 1.4456 0.048245 19805 1366 948.95 0 0
89900 0.75651 0.19036 0.48394 -1.4898 0.31903 0.90517 335.49 -42.268 1.4427 0.048386 19805 1362 949.58 0 0
90000 0.71783 0.18032 0.5653 -1.2448 0.3125 0.92515 371.25 -31.688 1.44 0.048355 19807 1363 950.15 0 0
90100 0.78121 0.21125 0.56249 -1.3213 0.33752 0.86704 348.2 -48.431 1.4373 0.048385 19808 1362 950.74 0 0
90200 0.75268 0.18421 0.53261 -1.1001 0.34324 0.945 335 -39.753 1.4345 0.04838 19810 1365 951.31 0 0
90300 0.70751 0.20718 0.51419 -1.1645 0.33121 0.92096 353.72 -38.087 1.4317 0.048349 19811 1363 951.91 0 0
90400 0.74749 0.206 0.54083 -1.3101 0.31609 0.91829 349.47 -44.356 1.429 0.048262 19812 1366 952.53 0 0
90500 0.70329 0.18074 0.49878 -1.3299 0.3086 0.93464 347.59 -29.162 1.4262 0.048226 19813 1367 953 0 0
90600 0.68776 0.18256 0.482 -1.2818 0.32155 0.83363 376.37 -27.393 1.4234 0.048121 19814 1370 953.49 0 0
90700 0.73865 0.20998 0.54307 -1.1689 0.34532 0.92662 358.78 -43.628 1.4206 0.048025 19815 1373 954.05 0 0
90800 0.73137 0.19742 0.55803 -1.273 0.31318 0.88492 375.71 -39.035 1.4178 0.048025 19816 1373 954.67 0 0
90900 0.74553 0.21381 0.48768 -1.1896 0.34205 0.95494 348 -45.246 1.4151 0.048065 19817 1372 955.3 0 0
91000 0.7354 0.23769 0.49669 -1.2339 0.31848 0.94158 358.97 -48.167 1.4123 0.048142 19818 1370 955.96 0 0
91100 0.73939 0.22844 0.49359 -1.3922 0.31672 0.92052 348.57 -47.194 1.4095 0.048072 19819 1372 956.58 0 0
91200 0.75616 0.20274 0.48646 -1.2024 0.31403 0.90623 358.29 -44.673 1.4068 0.048261 19820 1366 957.15 0 0
91300 0.74971 0.22464 0.50136 -1.3783 0.33972 0.93727 366.89 -47.258 1.404 0.048293 19820 1365 957.75 0 0
91400 0.7352 0.21848 0.52732 -1.067 0.32774 0.96243 363.82 -44.735 1.4012 0.048328 19821 1364 958.33 0 0
91500 0.71106 0.20762 0.51349 -1.0268 0.34817 0.92923 351.56 -38.482 1.3985 0.0484 19822 1362 958.92 0 0
91600 0.71906 0.21248 0.4132 -1.24 0.32248 0.91694 370.39 -41.07 1.3957 0.048336 19823 1365 959.55 0 0
91700 0.73551 0.20377 0.56041 -1.48 0.3095 0.92658 368.9 -41.345 1.393 0.048267 19825 1367 960.13 0 0
91800 0.65884 0.23394 0.52866 -1.2249 0.30644 0.94706 368.23 -40.249 1.3902 0.048281 19825 1366 960.73 0 0
91900 0.72975 0.19676 0.54895 -1.0522 0.32978 0.92947 344.85 -38.223 1.3875 0.048318 19826 1365 961.34 0 0
92000 0.77658 0.19187 0.48581 -1.3189 0.3159 0.92956 358.44 -45.92 1.3847 0.048354 19827 1364 961.95 0 0
92100 0.7652 0.22196 0.50121 -1.2684 0.31764 0.92421 357.37 -47.819 1.382 0.048213 19828 1368 962.56 0 0
92200 0.79232 0.1793 0.52982 -1.2412 0.32984 0.93611 349.23 -44.756 1.3793 0.048248 19829 1367 963.14 0 0
92300 0.78873 0.21413 0.54258 -1.0887 0.34218 0.94443 351.61 -48.887 1.3766 0.047968 19830 1375 963.78 0 0
92400 0.79103 0.18137 0.53371 -1.2728 0.33685 0.92344 346.61 -45.234 1.3738 0.047898 19831 1377 964.47 0 0
92500 0.76701 0.18082 0.56838 -1.2983 0.33148 0.94466 345.39 -41.39 1.3711 0.047923 19831 1376 965.13 0 0
92600 0.77128 0.19784 0.57051 -1.4045 0.35129 0.92109 362.46 -45.866 1.3683 0.048028 19831 1373 965.75 0 0
92700 0.75693 0.19497 0.52691 -1.1384 0.34835 0.89157 358.52 -42.601 1.3656 0.047852 19832 1379 966.39 0 0
92800 0.77029 0.20816 0.56269 -1.456 0.35081 0.96875 348.84 -46.775 1.363 0.04778 19835 1381 967.01 0 0
92900 0.74898 0.19022 0.60095 -1.2677 0.34023 0.89979 331.81 -39.772 1.3603 0.04766 19836 1383 967.63 0 0
93000 0.71819 0.19942 0.56384 -1.335 0.33868 0.94375 342.56 -36.705 1.3577 0.047612 19839 1384 968.25 0 0
93100 0.78118 0.19213 0.55499 -1.1061 0.35186 0.9073 349.51 -46.211 1.3555 0.047615 19845 1385 968.88 0 0
93200 0.73499 0.20077 0.58086 -1.2884 0.35185 0.89603 379.54 -39.967 1.3541 0.047445 19856 1389 969.52 0 0
93300 0.72437 0.23284 0.57959 -1.25 0.34694 0.90774 376.4 -46.727 1.3518 0.047376 19862 1391 970.17 0 0
93400 0.7438 0.21761 0.5837 -1.2331 0.32803 0.919 372.38 -44.858 1.3491 0.047475 19863 1388 970.83 0 0
93500 0.71749 0.23511 0.53495 -1.2053 0.32018 0.92961 383.08 -46.564 1.3464 0.047612 19863 1384 971.48 0 0
93600 0.73495 0.25197 0.54076 -1.1816 0.3418 0.91597 386 -49.345 1.3437 0.047629 19864 1385 972.19 0 0
93700 0.7006 0.24737 0.46187 -1.049 0.34236 0.92148 360.36 -47.181 1.341 0.047596 19865 1387 972.86 0 0
93800 0.71436 0.21035 0.54692 -1.2152 0.35255 0.95053 364.04 -39.243 1.3383 0.047493 19866 1390 973.5 0 0
93900 0.7003 0.2076 0.54109 -1.2417 0.33421 0.84801 339.5 -36.412 1.3357 0.047425 19868 1392 974.11 0 0
94000 0.77011 0.19409 0.6062 -1.4513 0.34364 0.92223 357.91 -44.449 1.333 0.047255 19868 1397 974.72 0 0
94100 0.70003 0.23056 0.55239 -1.2073 0.36872 0.88513 367.77 -43.69 1.3303 0.047255 19869 1397 975.32 0 0
94200 0.71634 0.19391 0.47549 -1.2143 0.33119 0.93253 374.17 -34.519 1.3276 0.047188 19870 1399 975.93 0 0
94300 0.66889 0.21446 0.50854 -1.3811 0.37065 0.91942 347.14 -34.431 1.3249 0.047095 19870 1402 976.54 0 0
94400 0.68124 0.18142 0.55467 -1.3266 0.3507 0.93241 360.35 -26.021 1.3222 0.046921 19871 1406 977.13 0 0
94500 0.76101 0.17438 0.56229 -0.97386 0.35256 0.9311 370.92 -37.264 1.3195 0.046821 19871 1409 977.7 0 0
94600 0.71197 0.21322 0.55526 -1.3387 0.32054 0.91421 350.26 -39.418 1.3168 0.046755 19872 1411 978.3 0 0
94700 0.68707 0.23541 0.5877 -1.4051 0.35358 0.89698 373.02 -43.247 1.3141 0.046721 19872 1412 978.89 0 0
94800 0.7257 0.23235 0.56627 -1.2407 0.34686 0.90129 362.6 -46.135 1.3114 0.046755 19872 1411 979.5 0 0
94900 0.63762 0.18099 0.54709 -1.4118 0.38254 0.82171 374.27 -23.571 1.3087 0.046754 19872 1411 980.04 0 0
95000 0.68061 0.19986 0.49734 -1.2941 0.35618 0.88675 396.3 -31.16 1.306 0.046754 19872 1411 980.6 0 0
95100 0.71579 0.23528 0.57255 -1.2729 0.33192 0.90136 375.02 -45.984 1.3033 0.046726 19872 1412 981.16 0 0
95200 0.70688 0.20639 0.47925 -1.0829 0.32833 0.94579 393.31 -36.782 1.3006 0.046792 19873 1410 981.77 0 0
95300 0.66665 0.21898 0.42596 -1.2803 0.34004 0.9237 380.04 -35.514 1.2979 0.046825 19873 1409 982.33 0 0
95400 0.71605 0.23484 0.54069 -1.3126 0.32762 0.94457 388.1 -45.793 1.2952 0.046759 19873 1411 982.91 0 0
95500 0.6779 0.20001 0.52272 -1.3185 0.34726 0.95116 374.54 -30.875 1.2925 0.046759 19874 1411 983.46 0 0
95600 0.65679 0.21338 0.51602 -1.261 0.31007 0.89426 371.28 -32.929 1.2899 0.04666 19874 1414 983.99 0 0
95700 0.6467 0.16709 0.52245 -1.3778 0.33023 0.94425 370.29 -19.256 1.2873 0.046694 19875 1413 984.45 0 0
95800 0.64504 0.19638 0.51836 -1.3122 0.3181 0.91292 348.72 -27.811 1.2846 0.046694 19876 1413 984.9 0 0
95900 0.67273 0.20915 0.49749 -1.2715 0.34531 0.94133 382.06 -32.854 1.282 0.046694 19877 1413 985.49 0 0
96000 0.69344 0.21516 0.50844 -1.4031 0.34352 0.88059 396.54 -37.083 1.2794 0.04657 19878 1418 986.03 0 0
96100 0.6777 0.19138 0.54848 -1.3027 0.29723 0.92961 381.19 -28.3 1.2768 0.046631 19879 1416 986.56 0 0
96200 0.67771 0.2049 0.50787 -1.0789 0.34671 0.93659 389.2 -32.03 1.2741 0.046585 19880 1416 987.09 0 0
96300 0.69998 0.21243 0.50794 -0.99282 0.335 0.91615 402.45 -37.139 1.2715 0.046426 19880 1421 987.6 0 0
96400 0.61635 0.16713 0.48502 -1.2597 0.33091 0.9201 383.5 -20.419 1.2688 0.046394 19880 1422 988.07 0 0
96500 0.72967 0.20463 0.531 -1.3055 0.31919 0.95745 374.45 -39.303 1.2662 0.046426 19881 1421 988.61 0 0
96600 0.67151 0.17765 0.50323 -1.3771 0.31785 0.92488 384.33 -23.637 1.2635 0.046388 19881 1422 989.16 0 0
96700 0.70119 0.22956 0.51914 -1.2986 0.36034 0.91278 386.08 -42.57 1.2609 0.046421 19881 1421 989.72 0 0
96800 0.67567 0.22855 0.50916 -1.0896 0.30637 0.93181 388.84 -39.334 1.2582 0.046356 19882 1423 990.36 0 0
96900 0.69378 0.23274 0.56741 -1.3214 0.31157 0.91981 400.88 -42.496 1.2556 0.046226 19882 1427 990.97 0 0
97000 0.65839 0.20921 0.54643 -1.3013 0.35893 0.9156 401.37 -31.647 1.253 0.046193 19882 1428 991.54 0 0
97100 0.6841 0.24466 0.55683 -1.2613 0.33426 0.9299 394.47 -44.365 1.2503 0.046096 19883 1431 992.1 0 0
97200 0.66837 0.20319 0.53479 -1.0191 0.34989 0.9262 417.55 -30.456 1.2477 0.046092 19883 1431 992.62 0 0
97300 0.66414 0.21219 0.48983 -1.1607 0.30754 0.92565 419.06 -32.786 1.2451 0.045867 19883 1438 993.18 0 0
97400 0.7107 0.22522 0.57314 -1.3845 0.32305 0.93158 396.09 -42.111 1.2424 0.045963 19884 1435 993.75 0 0
97500 0.65053 0.18173 0.53647 -1.3669 0.32142 0.91041 387.7 -23.55 1.2398 0.045963 19884 1435 994.34 0 0
97600 0.63981 0.22318 0.54257 -1.2276 0.31327 0.93286 385.45 -35.18 1.2372 0.045899 19884 1437 994.88 0 0
97700 0.69589 0.23986 0.58389 -1.2491 0.35584 0.91376 403.63 -44.496 1.2346 0.045776 19885 1441 995.47 0 0
97800 0.64132 0.21928 0.56821 -1.0654 0.30681 0.93759 406.65 -33.91 1.232 0.045804 19885 1440 996.06 0 0
97900 0.67615 0.21553 0.56298 -1.2273 0.34173 0.94447 408.85 -34.65 1.2294 0.045715 19886 1443 996.68 0 0
98000 0.72152 0.21931 0.49007 -1.3187 0.34516 0.94282 419.57 -41.596 1.2268 0.045746 19887 1442 997.29 0 0
98100 0.63753 0.20684 0.54973 -1.2354 0.29563 0.9397 408.33 -30.186 1.2243 0.045774 19888 1441 997.9 0 0
98200 0.70309 0.2041 0.55856 -1.1615 0.30631 0.94143 377.67 -34.948 1.2217 0.045807 19889 1440 998.48 0 0
98300 0.68253 0.19253 0.54697 -1.1777 0.31871 0.92678 399.33 -28.84 1.2192 0.045838 19890 1439 999.03 0 0
98400 0.68849 0.23373 0.53805 -0.97665 0.29484 0.90878 387.22 -41.936 1.2168 0.046018 19894 1440 999.62 0 0
98500 0.675 0.25367 0.56276 -1.1863 0.31217 0.94814 402.88 -44.927 1.2142 0.045971 19895 1440 1000.2 0 0
98600 0.73946 0.21217 0.5642 -1.0547 0.32328 0.89414 381.39 -42.385 1.2117 0.045971 19895 1440 1000.8 0 0
98700 0.67519 0.21615 0.5395 -1.1711 0.30543 0.93776 403.43 -34.634 1.2091 0.046015 19896 1438 1001.4 0 0
98800 0.7419 0.21525 0.58185 -1.3412 0.31005 0.88857 387.54 -43.387 1.2065 0.046015 19897 1438 1002 0 0
98900 0.68503 0.2338 0.4772 -1.3575 0.29896 0.9175 419.55 -41.429 1.204 0.045925 19897 1441 1002.6 0 0
99000 0.65151 0.21718 0.54628 -1.341 0.31721 0.90845 394.75 -33.389 1.2014 0.045989 19898 1439 1003.1 0 0
99100 0.65073 0.16279 0.5207 -1.1675 0.31196 0.94729 413.37 -17.771 1.1989 0.045988 19899 1439 1003.6 0 0
99200 0.64294 0.19263 0.55177 -1.3145 0.32572 0.96052 391.93 -26.497 1.1964 0.045923 19900 1441 1004.1 0 0
99300 0.67941 0.18854 0.54617 -1.2066 0.31985 0.95289 397.14 -27.273 1.1939 0.04585 19902 1445 1004.6 0 0
99400 0.69666 0.22358 0.4942 -1.2738 0.29897 0.96376 415.32 -39.442 1.1913 0.045813 19903 1446 1005.1 0 0
99500 0.64886 0.18505 0.55707 -1.0622 0.35514 0.94318 412.6 -24.384 1.1888 0.045908 19903 1443 1005.7 0 0
99600 0.64889 0.22248 0.57008 -1.3321 0.32072 0.91616 398.31 -34.887 1.1862 0.045908 19904 1443 1006.2 0 0
99700 0.68225 0.1784 0.56521 -1.355 0.29852 0.93453 390.37 -24.845 1.1837 0.045813 19904 1446 1006.7 0 0
99800 0.66482 0.19598 0.51684 -1.3113 0.31822 0.95857 402.36 -27.824 1.1811 0.045845 19904 1445 1007.2 0 0
99900 0.70068 0.21386 0.57693 -1.1723 0.3005 0.91835 395.63 -36.793 1.1786 0.045655 19905 1451 1007.7 0 0
1e+05 0.6814 0.18769 0.55516 -1.3556 0.30413 0.90787 381.89 -27.114 1.176 0.045624 19905 1452 1008.2 0 0
1.001e+05 0.69476 0.16525 0.57338 -1.3236 0.30036 0.94654 416.8 -22.368 1.1735 0.045624 19906 1452 1008.7 0 0
1.002e+05 0.67147 0.18507 0.54692 -1.2524 0.31467 0.94329 394.79 -25.327 1.1709 0.045686 19906 1450 1009.1 0 0
1.003e+05 0.69187 0.19848 0.57564 -1.2606 0.31788 0.87006 408.91 -31.167 1.1684 0.045513 19907 1448 1009.6 0 0
1.004e+05 0.65505 0.17995 0.5647 -1.3022 0.29091 0.86869 400.64 -22.878 1.166 0.045455 19909 1450 1010.1 0 0
1.005e+05 0.67039 0.22275 0.58107 -1.2481 0.32573 0.93129 387.54 -36.125 1.1635 0.045362 19910 1453 1010.6 0 0
1.006e+05 0.69685 0.20388 0.54518 -1.3771 0.29229 0.84447 383.19 -33.372 1.1611 0.045393 19912 1452 1011.2 0 0
1.007e+05 0.6992 0.2229 0.46151 -1.2512 0.29869 0.88802 378.59 -39.391 1.1586 0.045424 19914 1451 1011.7 0 0
1.008e+05 0.57914 0.20423 0.46237 -1.3992 0.30559 0.93693 390.71 -36.154 1.1562 0.045369 19915 1453 1012.2 0 0
1.009e+05 0.60621 0.20089 0.54615 -1.2582 0.31192 0.94256 393.25 -30.814 1.1536 0.045395 19915 1452 1012.7 0 0
1.01e+05 0.63219 0.20117 0.5318 -1.4351 0.33452 0.96378 394.84 -28.534 1.1511 0.045276 19916 1454 1013.2 0 0
1.011e+05 0.5932 0.18926 0.48331 -1.3679 0.35674 0.86396 408.73 -29.562 1.1486 0.04515 19916 1458 1013.6 0 0
1.012e+05 0.60685 0.17238 0.51892 -1.2682 0.34274 0.93431 374.34 -23.055 1.1461 0.045119 19917 1459 1014.1 0 0
1.013e+05 0.64054 0.18408 0.49666 -1.2377 0.33908 0.94069 417.49 -23.855 1.1436 0.045121 19917 1460 1014.6 0 0
1.014e+05 0.60318 0.18814 0.53395 -1.4549 0.33671 0.96091 389.02 -27.762 1.141 0.045028 19918 1463 1015.1 0 0
1.015e+05 0.62623 0.20865 0.49986 -1.0181 0.32547 0.92343 387.81 -30.857 1.1386 0.044997 19919 1464 1015.5 0 0
1.016e+05 0.65442 0.16961 0.53278 -1.1785 0.3528 0.97234 399.01 -19.741 1.1362 0.044936 19920 1466 1016 0 0
1.017e+05 0.65326 0.19384 0.57851 -1.2758 0.33575 0.93505 380.38 -26.544 1.1337 0.044906 19921 1467 1016.4 0 0
1.018e+05 0.61681 0.17659 0.50413 -1.3242 0.31111 0.89725 395.6 -23.294 1.1312 0.044959 19922 1464 1016.9 0 0
1.019e+05 0.62464 0.16423 0.50905 -1.3108 0.332 0.87087 393.09 -18.502 1.1287 0.044959 19922 1464 1017.4 0 0
1.02e+05 0.63174 0.18487 0.52596 -1.0081 0.299 0.94176 401.3 -24.374 1.1263 0.044806 19924 1469 1017.9 0 0
1.021e+05 0.63859 0.1619 0.53703 -1.2815 0.31575 0.93665 383.81 -17.35 1.1238 0.044776 19924 1470 1018.4 0 0
1.022e+05 0.61462 0.16144 0.47978 -1.2482 0.33755 0.89366 386.22 -18.324 1.1213 0.044745 19925 1471 1018.8 0 0
1.023e+05 0.6337 0.15994 0.50796 -1.277 0.33766 0.94473 386.94 -16.735 1.1188 0.0447 19925 1473 1019.3 0 0
1.024e+05 0.68827 0.18523 0.53244 -1.3024 0.30241 0.9278 389.98 -27.056 1.1164 0.044609 19926 1476 1019.7 0 0
1.025e+05 0.61849 0.15004 0.49074 -1.3036 0.32322 0.93205 393.53 -13.978 1.1139 0.044578 19928 1477 1020.2 0 0
1.026e+05 0.66004 0.17022 0.5525 -1.1666 0.31197 0.89685 390.65 -20.024 1.1115 0.044578 19929 1477 1020.6 0 0
1.027e+05 0.70923 0.1735 0.53406 -1.079 0.32269 0.9421 397.4 -26.876 1.1092 0.043943 19931 1479 1021.1 0 0
1.028e+05 0.68528 0.19945 0.49432 -1.3184 0.30108 0.85707 377.91 -30.179 1.1067 0.044033 19931 1476 1021.6 0 0
1.029e+05 0.68172 0.18756 0.53122 -1.2915 0.3177 0.87053 379.26 -26.59 1.1043 0.044037 19933 1476 1022.1 0 0
1.03e+05 0.67301 0.19201 0.5564 -1.2033 0.30207 0.91923 406.38 -26.82 1.1018 0.043978 19933 1478 1022.7 0 0
1.031e+05 0.6492 0.1793 0.55561 -1.249 0.29911 0.90236 408.99 -22.094 1.0994 0.044 19934 1477 1023.2 0 0
1.032e+05 0.69451 0.16863 0.50289 -1.4323 0.30529 0.90609 401.89 -23.025 1.097 0.043957 19935 1478 1023.7 0 0
1.033e+05 0.61834 0.19608 0.55172 -1.197 0.34918 0.81938 393.63 -27.537 1.0945 0.043912 19936 1480 1024.2 0 0
1.034e+05 0.65368 0.17472 0.53028 -1.4047 0.36305 0.94127 402.89 -20.839 1.0921 0.043853 19937 1482 1024.7 0 0
1.035e+05 0.59799 0.20665 0.51645 -1.1189 0.31574 0.93614 383.3 -32.959 1.0897 0.04372 19938 1486 1025.2 0 0
1.036e+05 0.64882 0.22732 0.54277 -0.9154 0.32262 0.94376 391.63 -36.305 1.0873 0.043892 19940 1489 1025.7 0 0
1.037e+05 0.69329 0.24788 0.53016 -1.1304 0.30563 0.90855 400.93 -45.238 1.0849 0.043893 19941 1489 1026.3 0 0
1.038e+05 0.6854 0.20269 0.54095 -1.2151 0.34451 0.92674 398 -30.936 1.0826 0.043923 19943 1488 1026.8 0 0
1.039e+05 0.75082 0.19895 0.56069 -1.1624 0.34926 0.93603 376.74 -40.75 1.0802 0.043894 19944 1489 1027.4 0 0
1.04e+05 0.68078 0.20407 0.5596 -1.3518 0.31258 0.90168 395.03 -30.832 1.0777 0.043992 19944 1486 1027.9 0 0
1.041e+05 0.62962 0.19263 0.54517 -1.0816 0.31048 0.92392 382.73 -26.062 1.0753 0.043933 19946 1488 1028.4 0 0
1.042e+05 0.74227 0.22687 0.55713 -1.1326 0.32419 0.95338 390.65 -45.955 1.0729 0.043962 19946 1487 1029 0 0
1.043e+05 0.73714 0.19694 0.55319 -1.3029 0.3123 0.92556 376.79 -37.744 1.0705 0.043962 19947 1487 1029.6 0 0
1.044e+05 0.72405 0.20899 0.59682 -1.375 0.30175 0.88525 376.22 -38.516 1.068 0.043932 19947 1488 1030.3 0 0
1.045e+05 0.71154 0.22198 0.56237 -1.3231 0.30132 0.9539 377.24 -40.168 1.0656 0.043902 19948 1489 1030.8 0 0
1.046e+05 0.69466 0.19717 0.55388 -1.0235 0.31941 0.956 416.79 -30.641 1.0631 0.043902 19948 1489 1031.4 0 0
1.047e+05 0.70288 0.19725 0.52793 -1.193 0.31875 0.85412 387.1 -31.896 1.0607 0.043942 19949 1489 1032 0 0
1.048e+05 0.66577 0.19759 0.53665 -1.4182 0.30514 0.89939 388.37 -27.589 1.0583 0.043942 19949 1489 1032.6 0 0
1.049e+05 0.68913 0.20041 0.53899 -1.2708 0.30851 0.91244 372.72 -30.622 1.056 0.043843 19951 1491 1033.2 0 0
1.05e+05 0.6638 0.23028 0.55993 -1.387 0.31082 0.93878 373.36 -37.871 1.0536 0.043931 19952 1488 1033.7 0 0
1.051e+05 0.66574 0.18825 0.53828 -1.1308 0.2954 0.92743 376.38 -25.106 1.0512 0.043973 19953 1486 1034.3 0 0
1.052e+05 0.63231 0.20134 0.55084 -1.248 0.31726 0.91601 385.46 -28.157 1.0488 0.044033 19954 1484 1034.9 0 0
1.053e+05 0.64642 0.19606 0.56256 -1.0831 0.31419 0.91293 404.93 -26.461 1.0464 0.043974 19954 1486 1035.4 0 0
1.054e+05 0.67975 0.18048 0.5352 -1.4425 0.32035 0.93897 400.43 -24.198 1.0439 0.043944 19954 1487 1035.9 0 0
1.055e+05 0.68718 0.19776 0.55756 -1.4397 0.31437 0.94912 401.53 -29.559 1.0415 0.044003 19954 1485 1036.3 0 0
1.056e+05 0.684 0.18847 0.54232 -1.3428 0.3527 0.93069 380.89 -26.742 1.039 0.043974 19954 1486 1036.9 0 0
1.057e+05 0.70479 0.17116 0.52879 -1.183 0.29777 0.90854 387.41 -25.258 1.0366 0.043974 19954 1486 1037.4 0 0
1.058e+05 0.71135 0.21244 0.53871 -1.2841 0.31535 0.94273 369.98 -37.282 1.0342 0.043915 19954 1488 1037.9 0 0
1.059e+05 0.68542 0.16368 0.4945 -1.109 0.30525 0.9308 391.85 -20.227 1.0317 0.043915 19954 1488 1038.4 0 0
1.06e+05 0.66763 0.23451 0.53435 -1.3929 0.29503 0.95711 369.18 -39.264 1.0293 0.044003 19955 1485 1038.8 0 0
1.061e+05 0.68671 0.20613 0.47946 -1.0853 0.29522 0.96857 368.51 -31.715 1.0269 0.043973 19955 1486 1039.4 0 0
1.062e+05 0.65692 0.18239 0.55303 -1.3565 0.33655 0.90463 365.63 -22.956 1.0245 0.043974 19955 1486 1039.8 0 0
1.063e+05 0.61609 0.18884 0.55612 -1.1665 0.30541 0.93302 371.74 -25.909 1.0221 0.043944 19955 1487 1040.4 0 0
1.064e+05 0.69209 0.22637 0.54255 -1.3013 0.2965 0.94312 394.76 -38.912 1.0196 0.044003 19955 1485 1041 0 0
1.065e+05 0.6597 0.16972 0.52442 -1.4734 0.30606 0.9394 403.17 -19.59 1.0172 0.043944 19955 1487 1041.5 0 0
1.066e+05 0.61025 0.22785 0.52617 -1.1437 0.29049 0.91317 402.77 -38.118 1.0148 0.043944 19955 1487 1042 0 0
1.067e+05 0.68117 0.19347 0.51776 -1.2225 0.31685 0.93369 374.15 -27.582 1.0124 0.043826 19955 1491 1042.6 0 0
1.068e+05 0.65057 0.19561 0.55905 -1.3328 0.31237 0.94017 393.62 -26.135 1.01 0.043914 19955 1488 1043.1 0 0
1.069e+05 0.65786 0.19363 0.57291 -1.5011 0.31543 0.92592 398.3 -25.833 1.0076 0.043738 19956 1494 1043.7 0 0
1.07e+05 0.6338 0.16688 0.46415 -1.1357 0.31255 0.9074 387.09 -18.769 1.0052 0.043738 19956 1494 1044.2 0 0
1.071e+05 0.59171 0.2051 0.42859 -1.2022 0.30802 0.89506 417.91 -33.45 1.0028 0.043797 19956 1492 1044.7 0 0
1.072e+05 0.58391 0.19888 0.49891 -1.0947 0.31487 0.89139 380.13 -33.414 1.0004 0.043855 19956 1490 1045.3 0 0
1.073e+05 0.60183 0.22564 0.54246 -1.3161 0.31494 0.90183 403.06 -38.483 0.99798 0.043826 19956 1491 1045.8 0 0
1.074e+05 0.60856 0.18537 0.54418 -1.1809 0.30718 0.95289 376.28 -25.918 0.99558 0.043855 19956 1490 1046.4 0 0
1.075e+05 0.60623 0.22104 0.47677 -1.2775 0.32092 0.95254 369.91 -36.251 0.99319 0.043914 19956 1488 1047 0 0
1.076e+05 0.6227 0.18274 0.49461 -1.2475 0.34124 0.92155 388.41 -23.755 0.99082 0.043871 19957 1490 1047.5 0 0
1.077e+05 0.65163 0.22279 0.51295 -1.2936 0.33223 0.93512 378.05 -34.286 0.98845 0.043783 19957 1493 1048.1 0 0
1.078e+05 0.57068 0.18888 0.47827 -1.3122 0.32624 0.92685 402.05 -33.261 0.98607 0.043813 19957 1492 1048.6 0 0
1.079e+05 0.59142 0.18823 0.53514 -1.3922 0.30862 0.9045 374.78 -29.045 0.98369 0.043754 19957 1494 1049.2 0 0
1.08e+05 0.62655 0.22759 0.46679 -1.2385 0.35105 0.90808 391.74 -36.25 0.98135 0.043754 19958 1494 1049.8 0 0
1.081e+05 0.61896 0.19634 0.48635 -1.0755 0.30047 0.91823 383.06 -26.994 0.97902 0.043783 19959 1493 1050.4 0 0
1.082e+05 0.59643 0.21821 0.50402 -1.2076 0.30716 0.94993 402.11 -36.722 0.97674 0.044116 19960 1494 1050.8 0 0
1.083e+05 0.68272 0.18294 0.53102 -1.1107 0.31293 0.89963 396.13 -25.057 0.97441 0.044028 19961 1497 1051.4 0 0
1.084e+05 0.67898 0.16626 0.49113 -1.2377 0.32761 0.95559 393.17 -20.351 0.97205 0.043998 19961 1498 1051.9 0 0
1.085e+05 0.61716 0.17567 0.50819 -1.3028 0.30536 0.90961 400.37 -22.557 0.96975 0.043948 19962 1501 1052.5 0 0
1.086e+05 0.64663 0.18842 0.50504 -1.1842 0.30392 0.91177 410.12 -24.073 0.96743 0.04386 19963 1504 1053 0 0
1.087e+05 0.64148 0.24102 0.51569 -1.1737 0.30418 0.92031 372.38 -39.936 0.96512 0.043808 19964 1506 1053.5 0 0
1.088e+05 0.57823 0.1937 0.50884 -1.2286 0.30602 0.89812 386.8 -33.122 0.96279 0.043519 19964 1516 1054 0 0
1.089e+05 0.65659 0.17015 0.53591 -1.0149 0.30821 0.92552 376.94 -19.433 0.96053 0.043482 19966 1516 1054.5 0 0
1.09e+05 0.61933 0.18141 0.57768 -0.97592 0.33792 0.92866 376.24 -23.518 0.95832 0.043291 19968 1523 1055 0 0
1.091e+05 0.70208 0.18295 0.48102 -1.1919 0.3399 0.89863 397.1 -27.559 0.95599 0.043205 19969 1526 1055.5 0 0
1.092e+05 0.63158 0.16325 0.43081 -1.3603 0.33686 0.94739 416.9 -17.637 0.95366 0.043253 19969 1525 1055.9 0 0
1.093e+05 0.62978 0.17609 0.48622 -1.0928 0.30391 0.94695 374.21 -21.332 0.95135 0.043168 19970 1528 1056.4 0 0
1.094e+05 0.62858 0.20577 0.49106 -1.3252 0.29785 0.9391 382.28 -28.914 0.94904 0.043168 19971 1528 1056.9 0 0
1.095e+05 0.6687 0.17005 0.54046 -1.3392 0.29607 0.91691 384.28 -20.205 0.94674 0.043133 19972 1530 1057.4 0 0
1.096e+05 0.66458 0.16302 0.52996 -1.4337 0.38516 0.88377 398.66 -17.953 0.94449 0.043177 19973 1527 1057.9 0 0
1.097e+05 0.68337 0.1923 0.49294 -1.0857 0.30728 0.91967 404.9 -27.175 0.94219 0.043177 19974 1527 1058.3 0 0
1.098e+05 0.74189 0.18491 0.52819 -1.3253 0.29961 0.89808 383.82 -34.009 0.93987 0.043149 19974 1528 1058.8 0 0
1.099e+05 0.67668 0.16482 0.53826 -1.2742 0.31439 0.92833 397.85 -19.552 0.93754 0.043021 19975 1532 1059.4 0 0
1.1e+05 0.70489 0.1893 0.54155 -1.3493 0.31423 0.90184 419.98 -29.395 0.93522 0.042937 19975 1535 1059.8 0 0
1.101e+05 0.72275 0.21099 0.52525 -1.2844 0.32088 0.96226 392.29 -38.224 0.93289 0.042993 19975 1533 1060.4 0 0
1.102e+05 0.70499 0.17882 0.49991 -1.2536 0.29266 0.95171 407.67 -26.77 0.9306 0.042988 19976 1536 1061 0 0
1.103e+05 0.68002 0.17682 0.53261 -1.2168 0.2963 0.95023 405.85 -22.875 0.92826 0.04296 19976 1537 1061.5 0 0
1.104e+05 0.70169 0.22962 0.47919 -1.3256 0.29624 0.94896 394.7 -40.712 0.92593 0.042877 19976 1540 1062 0 0
1.105e+05 0.66693 0.22741 0.50546 -1.2251 0.31756 0.90931 416.97 -36.262 0.92364 0.042855 19977 1541 1062.7 0 0
1.106e+05 0.65245 0.19532 0.51613 -1.3797 0.30225 0.93059 366.89 -25.667 0.92136 0.042863 19977 1540 1063.2 0 0
1.107e+05 0.73848 0.19387 0.53792 -1.2002 0.30674 0.9425 390.37 -35.814 0.91906 0.042808 19978 1542 1063.8 0 0
1.108e+05 0.72459 0.18099 0.52454 -1.3103 0.30549 0.94551 381.66 -30.208 0.91677 0.042697 19978 1546 1064.3 0 0
1.109e+05 0.73876 0.21671 0.58918 -1.4046 0.34612 0.91327 397.71 -42.277 0.91447 0.042369 19979 1558 1064.9 0 0
1.11e+05 0.60605 0.23103 0.50914 -1.0992 0.314 0.88383 367.77 -39.322 0.91217 0.042482 19979 1554 1065.4 0 0
1.111e+05 0.64731 0.19916 0.48933 -1.1832 0.36878 0.90717 422.21 -26.544 0.90988 0.042455 19980 1555 1066 0 0
1.112e+05 0.6052 0.18417 0.48804 -1.2789 0.35935 0.84143 398.16 -25.594 0.90761 0.042486 19980 1554 1066.5 0 0
1.113e+05 0.62801 0.19961 0.50291 -1.3224 0.36836 0.91663 386.92 -26.957 0.90539 0.042567 19982 1551 1067 0 0
1.114e+05 0.67383 0.22158 0.52391 -1.3483 0.36812 0.9519 377.1 -34.535 0.90324 0.042519 19984 1554 1067.5 0 0
1.115e+05 0.72765 0.19435 0.50643 -1.3401 0.37205 0.915 392.01 -33.961 0.90098 0.042438 19985 1557 1068 0 0
1.116e+05 0.67499 0.16055 0.56101 -1.2239 0.34396 0.95289 397.38 -17.932 0.89871 0.042378 19985 1559 1068.5 0 0
1.117e+05 0.60452 0.14695 0.51464 -1.2812 0.30289 0.90835 399.67 -13.68 0.89648 0.042312 19987 1562 1069 0 0
1.118e+05 0.64394 0.18927 0.5887 -1.2424 0.34791 0.89882 395.28 -23.717 0.89423 0.042309 19988 1562 1069.5 0 0
1.119e+05 0.61004 0.17704 0.52056 -1.3713 0.34534 0.92102 412.34 -23.091 0.89206 0.042308 19989 1562 1069.9 0 0
1.12e+05 0.63641 0.16075 0.52753 -1.0511 0.35584 0.90917 392.36 -16.486 0.88984 0.042444 19991 1557 1070.4 0 0
1.121e+05 0.71246 0.19523 0.54894 -1.2352 0.35611 0.92717 379.14 -31.799 0.88759 0.042471 19991 1556 1070.9 0 0
1.122e+05 0.69592 0.16797 0.46697 -1.4066 0.33381 0.94658 377.38 -22.38 0.88536 0.042499 19992 1555 1071.4 0 0
1.123e+05 0.62988 0.17561 0.47932 -1.0826 0.34582 0.9296 410.38 -20.89 0.88311 0.042499 19993 1555 1071.8 0 0
1.124e+05 0.61111 0.18342 0.54623 -1.4535 0.29766 0.92458 402.45 -24.385 0.88088 0.042503 19994 1553 1072.3 0 0
1.125e+05 0.57824 0.24938 0.54207 -1.3198 0.33385 0.94947 405.12 -48.296 0.87866 0.042531 19995 1552 1072.8 0 0
1.126e+05 0.61618 0.22221 0.48906 -1.3379 0.31071 0.93172 392.92 -35.069 0.87641 0.042503 19996 1553 1073.4 0 0
1.127e+05 0.68999 0.21629 0.53829 -1.3073 0.33559 0.91975 376.91 -34.501 0.8742 0.042528 19997 1552 1074 0 0
1.128e+05 0.59188 0.22578 0.53177 -1.3597 0.34153 0.94749 397.29 -40.022 0.87203 0.042543 19999 1553 1074.5 0 0
1.129e+05 0.5918 0.20952 0.50146 -1.278 0.3519 0.87683 382.59 -34.502 0.86993 0.042543 20001 1553 1075.1 0 0
1.13e+05 0.61499 0.18372 0.53829 -1.2433 0.29975 0.93812 379.79 -23.909 0.86777 0.042432 20003 1558 1075.6 0 0
1.131e+05 0.6329 0.20154 0.54069 -1.4674 0.31531 0.90412 385.95 -27.127 0.86562 0.04227 20004 1564 1076.1 0 0
1.132e+05 0.63145 0.223 0.54831 -1.4001 0.3276 0.94262 378.07 -33.871 0.86338 0.042232 20005 1566 1076.7 0 0
1.133e+05 0.64727 0.2288 0.58895 -1.2898 0.34879 0.92565 401.52 -35.681 0.86132 0.042109 20008 1571 1077.3 0 0
1.134e+05 0.58395 0.18424 0.57992 -1.3563 0.30554 0.87959 377.38 -28.836 0.85934 0.042181 20011 1568 1077.9 0 0
1.135e+05 0.65018 0.19861 0.55758 -1.3132 0.32048 0.90621 378.04 -26.13 0.85717 0.042155 20012 1569 1078.5 0 0
1.136e+05 0.64819 0.20903 0.54152 -1.3842 0.34441 0.90582 386.48 -29.052 0.85497 0.042154 20013 1569 1079.1 0 0
1.137e+05 0.60576 0.22007 0.51309 -1.3684 0.31169 0.90282 361.53 -35.445 0.85282 0.042121 20015 1569 1079.7 0 0
1.138e+05 0.54068 0.20939 0.56353 -1.2253 0.34772 0.88304 397.67 -46.835 0.85069 0.042065 20017 1571 1080.3 0 0
1.139e+05 0.62678 0.19684 0.54045 -1.1088 0.32651 0.92021 378.6 -25.971 0.84846 0.042058 20018 1571 1080.9 0 0
1.14e+05 0.65657 0.20087 0.55982 -1.1351 0.35259 0.90564 396.95 -26.932 0.84628 0.042058 20019 1571 1081.4 0 0
1.141e+05 0.59723 0.21001 0.52286 -1.3383 0.32495 0.95185 392.91 -33.341 0.84405 0.042111 20019 1569 1082 0 0
1.142e+05 0.60844 0.19391 0.53919 -1.2981 0.33087 0.94656 400.85 -27.186 0.84187 0.042147 20021 1567 1082.6 0 0
1.143e+05 0.63105 0.2194 0.50899 -1.2997 0.32039 0.90032 386.63 -32.529 0.83964 0.042147 20021 1567 1083.2 0 0
1.144e+05 0.63703 0.19686 0.49397 -1.3203 0.29166 0.88137 375.11 -25.573 0.83744 0.042121 20022 1568 1083.8 0 0
1.145e+05 0.66887 0.21293 0.53551 -0.84638 0.3267 0.90855 386.57 -31.072 0.83526 0.042013 20023 1572 1084.3 0 0
1.146e+05 0.6407 0.23114 0.55273 -1.1305 0.34992 0.95959 393.02 -36.431 0.83304 0.04188 20023 1577 1084.9 0 0
1.147e+05 0.65709 0.18809 0.46988 -1.3795 0.30281 0.89973 379.35 -23.454 0.83103 0.041931 20027 1575 1085.4 0 0
1.148e+05 0.62346 0.17275 0.50222 -1.3051 0.30189 0.92391 391.06 -20.492 0.82888 0.041922 20028 1576 1085.9 0 0
1.149e+05 0.64935 0.17504 0.47017 -1.3456 0.2981 0.9355 379.69 -19.879 0.82671 0.041952 20029 1575 1086.3 0 0
1.15e+05 0.61533 0.24065 0.53313 -1.1931 0.33242 0.91758 370.21 -41.104 0.82452 0.042005 20030 1573 1086.9 0 0
1.151e+05 0.61989 0.18014 0.54381 -1.2456 0.31502 0.92576 396.89 -22.376 0.82229 0.041846 20030 1579 1087.4 0 0
1.152e+05 0.67087 0.19252 0.58313 -1.3094 0.29724 0.88117 395.23 -25.391 0.82005 0.041873 20030 1578 1087.9 0 0
1.153e+05 0.65111 0.16348 0.54243 -1.2053 0.30338 0.91211 407.51 -17.012 0.81783 0.041899 20031 1577 1088.4 0 0
1.154e+05 0.59485 0.19342 0.51652 -1.1903 0.30712 0.91803 378.86 -28.828 0.81563 0.04174 20031 1583 1088.9 0 0
1.155e+05 0.55691 0.20529 0.47565 -1.2924 0.30365 0.92491 379.45 -41.79 0.81344 0.041635 20032 1587 1089.6 0 0
1.156e+05 0.5692 0.23627 0.55367 -1.3577 0.30468 0.86082 353.84 -48.032 0.81124 0.041661 20032 1586 1090.2 0 0
1.157e+05 0.54695 0.21164 0.5334 -1.349 0.32532 0.95596 374.74 -46.699 0.80908 0.041688 20033 1585 1090.8 0 0
1.158e+05 0.61672 0.17615 0.54586 -1.4303 0.30316 0.95679 389.36 -21.727 0.80692 0.041687 20034 1585 1091.4 0 0
1.159e+05 0.5679 0.20253 0.49802 -1.4059 0.30216 0.96351 378.05 -37.316 0.80475 0.04174 20035 1583 1091.9 0 0
1.16e+05 0.60642 0.17685 0.48673 -1.2783 0.29551 0.79607 374.79 -22.974 0.80261 0.041681 20036 1585 1092.5 0 0
1.161e+05 0.56058 0.20152 0.53215 -1.2473 0.30482 0.94173 364.6 -39.186 0.80048 0.041585 20038 1589 1093 0 0
1.162e+05 0.60251 0.17544 0.56366 -1.2429 0.30009 0.95196 355.72 -23.054 0.79839 0.041535 20040 1588 1093.5 0 0
1.163e+05 0.6365 0.20708 0.54275 -1.4509 0.32798 0.91328 367.08 -28.274 0.79628 0.041557 20041 1588 1094 0 0
1.164e+05 0.59552 0.17311 0.53824 -1.1748 0.31946 0.89531 365.11 -23.382 0.79416 0.041557 20043 1588 1094.6 0 0
1.165e+05 0.58274 0.19739 0.53442 -1.1734 0.30817 0.94416 369.32 -31.94 0.792 0.041635 20043 1585 1095.1 0 0
1.166e+05 0.58395 0.20242 0.50066 -1.3704 0.32479 0.91036 364.82 -33.083 0.78981 0.041531 20044 1589 1095.6 0 0
1.167e+05 0.66797 0.21347 0.55184 -1.2885 0.32759 0.92195 380 -31.067 0.78771 0.041505 20045 1590 1096.1 0 0
1.168e+05 0.56022 0.1818 0.50247 -1.5099 0.31709 0.89302 363.1 -30.976 0.78555 0.041505 20046 1590 1096.6 0 0
1.169e+05 0.6371 0.18385 0.55339 -1.4557 0.29912 0.87726 362.36 -22.018 0.78339 0.041478 20047 1591 1097.1 0 0
1.17e+05 0.64034 0.23292 0.53702 -1.5139 0.31595 0.94835 372.37 -36.943 0.78132 0.041503 20049 1590 1097.6 0 0
1.171e+05 0.64234 0.17243 0.47362 -1.1765 0.31298 0.94153 383.37 -19.109 0.77912 0.041425 20049 1593 1098.1 0 0
1.172e+05 0.6987 0.21408 0.51376 -1.2516 0.30203 0.95443 366.74 -34.732 0.77696 0.041457 20049 1592 1098.6 0 0
1.173e+05 0.64608 0.17227 0.50954 -1.3553 0.3221 0.92487 365.59 -18.99 0.77482 0.041483 20050 1591 1099.1 0 0
1.174e+05 0.66156 0.19426 0.53239 -1.0077 0.3072 0.89995 359.51 -24.939 0.77267 0.041544 20051 1588 1099.6 0 0
1.175e+05 0.60957 0.17203 0.52899 -1.4552 0.35177 0.92286 388.16 -21.232 0.77057 0.041518 20052 1589 1100.1 0 0
1.176e+05 0.58763 0.19335 0.49915 -1.1405 0.32838 0.90448 391.61 -29.673 0.76847 0.041518 20054 1589 1100.6 0 0
1.177e+05 0.59654 0.17393 0.53681 -1.3694 0.3828 0.94304 385.64 -23.311 0.76642 0.041571 20056 1587 1101.1 0 0
1.178e+05 0.63563 0.17233 0.51386 -1.2313 0.3225 0.95156 384.34 -19.21 0.76436 0.041655 20058 1584 1101.6 0 0
1.179e+05 0.62266 0.16643 0.52817 -1.344 0.32149 0.94875 368.04 -18.287 0.7626 0.041567 20063 1587 1102 0 0
1.18e+05 0.65281 0.17136 0.5046 -1.3358 0.36076 0.93902 384.01 -18.745 0.76055 0.041698 20065 1582 1102.5 0 0
1.181e+05 0.67381 0.17578 0.48848 -0.99074 0.31042 0.90848 382.56 -21.308 0.75863 0.041647 20069 1584 1103 0 0
1.182e+05 0.6936 0.16845 0.51809 -1.29 0.34744 0.91097 401.11 -21.761 0.75656 0.041674 20070 1583 1103.4 0 0
1.183e+05 0.66121 0.17727 0.55787 -1.3668 0.3418 0.92762 383.79 -20.57 0.75442 0.041569 20071 1587 1103.9 0 0
1.184e+05 0.72734 0.181 0.52259 -1.3615 0.33829 0.91928 371.86 -29.71 0.75229 0.041751 20072 1580 1104.3 0 0
1.185e+05 0.61963 0.17602 0.54879 -1.255 0.35071 0.93812 382.86 -21.067 0.7502 0.041724 20073 1581 1104.8 0 0
1.186e+05 0.68183 0.14424 0.51074 -1.2508 0.37453 0.89051 364.7 -13.343 0.7482 0.041619 20076 1585 1105.3 0 0
1.187e+05 0.59824 0.19267 0.50024 -1.2432 0.32043 0.83796 387.56 -27.71 0.74611 0.041596 20077 1585 1105.7 0 0
1.188e+05 0.64778 0.19955 0.52225 -1.4248 0.3374 0.95872 379.52 -25.859 0.74408 0.041518 20079 1588 1106.2 0 0
1.189e+05 0.63854 0.17911 0.52506 -1.2387 0.29494 0.92965 369.85 -20.485 0.74196 0.041544 20080 1587 1106.7 0 0
1.19e+05 0.58678 0.20316 0.49963 -1.232 0.31421 0.92775 398.32 -32.618 0.73991 0.04157 20081 1586 1107.2 0 0
1.191e+05 0.64747 0.17203 0.52359 -1.3492 0.34607 0.94615 382.56 -18.67 0.73783 0.041563 20083 1589 1107.7 0 0
1.192e+05 0.62727 0.16148 0.50554 -1.3936 0.34902 0.96602 374.28 -16.564 0.73581 0.041676 20085 1584 1108.1 0 0
1.193e+05 0.69117 0.20579 0.46159 -1.3294 0.33554 0.96371 386.37 -31.027 0.73412 0.041574 20089 1588 1108.7 0 0
1.194e+05 0.71509 0.21068 0.56012 -1.3521 0.37096 0.95876 391.35 -36.279 0.73213 0.041551 20092 1592 1109.2 0 0
1.195e+05 0.65197 0.21684 0.54288 -1.1296 0.37064 0.95195 400.4 -31.208 0.73023 0.041525 20095 1593 1109.7 0 0
1.196e+05 0.59249 0.15314 0.53903 -1.0116 0.37432 0.91142 363.46 -17.054 0.72825 0.04159 20097 1590 1110.2 0 0
1.197e+05 0.67343 0.194 0.51087 -1.2304 0.33663 0.95145 405.57 -25.598 0.72623 0.041616 20099 1589 1110.7 0 0
1.198e+05 0.68983 0.23662 0.52222 -1.3497 0.37554 0.90988 391.28 -41.119 0.72418 0.041615 20101 1589 1111.2 0 0
1.199e+05 0.71703 0.19645 0.53376 -1.278 0.36972 0.93295 399.97 -32.076 0.72211 0.041584 20102 1590 1111.8 0 0
1.2e+05 0.63403 0.19158 0.59472 -1.6084 0.36482 0.90932 386.23 -23.585 0.72006 0.041558 20103 1591 1112.3 0 0
1.201e+05 0.67693 0.19765 0.53399 -1.331 0.37086 0.92251 368.3 -26.98 0.71803 0.041532 20105 1592 1112.9 0 0
1.202e+05 0.62357 0.15948 0.46999 -1.2883 0.35805 0.90164 397.23 -16.208 0.71601 0.041455 20107 1595 1113.4 0 0
1.203e+05 0.62313 0.1814 0.4998 -1.183 0.35555 0.95958 371.12 -21.767 0.71395 0.041377 20108 1598 1113.9 0 0
1.204e+05 0.67174 0.20023 0.48981 -1.2564 0.37585 0.95244 392.85 -27.082 0.71188 0.041336 20109 1600 1114.5 0 0
1.205e+05 0.65695 0.1982 0.51806 -1.1892 0.37354 0.93608 386.61 -25.376 0.70979 0.041268 20110 1602 1115.1 0 0
1.206e+05 0.63668 0.15448 0.50777 -1.4396 0.37222 0.95656 389.29 -14.055 0.70771 0.041346 20111 1599 1115.6 0 0
1.207e+05 0.68459 0.18003 0.52097 -1.2487 0.37293 0.91461 390.36 -23.315 0.70571 0.041371 20113 1598 1116 0 0
1.208e+05 0.64788 0.15269 0.56112 -1.4283 0.37199 0.93174 398.01 -13.374 0.70371 0.041397 20115 1597 1116.5 0 0
1.209e+05 0.60157 0.17522 0.49091 -0.96671 0.36089 0.91545 392.6 -22.616 0.70171 0.041423 20117 1596 1117.1 0 0
1.21e+05 0.60542 0.18138 0.53511 -1.4087 0.38322 0.93658 357.96 -23.479 0.69968 0.041474 20119 1594 1117.6 0 0
1.211e+05 0.58699 0.19336 0.54456 -1.517 0.35594 0.88847 383.69 -29.635 0.69765 0.041425 20120 1596 1118.1 0 0
1.212e+05 0.5959 0.17374 0.51399 -1.1715 0.37295 0.91169 397.3 -23.087 0.69559 0.041373 20121 1598 1118.6 0 0
1.213e+05 0.57162 0.18955 0.46237 -1.0777 0.36623 0.91769 374.66 -32.208 0.69351 0.041452 20122 1595 1119.1 0 0
1.214e+05 0.601 0.17987 0.48629 -1.1732 0.36593 0.9449 372.02 -23.658 0.69142 0.041348 20122 1599 1119.6 0 0
1.215e+05 0.61094 0.17718 0.54727 -1.26 0.36877 0.93803 413.16 -21.779 0.68931 0.041397 20122 1597 1120.1 0 0
1.216e+05 0.63377 0.19024 0.5394 -1.2468 0.34889 0.93938 378.62 -23.078 0.68722 0.041294 20123 1601 1120.6 0 0
1.217e+05 0.62506 0.23646 0.4878 -1.3535 0.37365 0.89016 394.02 -38.617 0.68529 0.041216 20126 1604 1121.2 0 0
1.218e+05 0.57174 0.21263 0.41092 -1.2376 0.37417 0.93349 393.41 -39.532 0.68325 0.04119 20127 1605 1121.7 0 0
1.219e+05 0.61231 0.23862 0.52434 -1.1671 0.35382 0.95103 389.9 -40.542 0.68118 0.041189 20127 1605 1122.3 0 0
1.22e+05 0.61757 0.21751 0.49608 -1.2087 0.35058 0.95209 380.85 -32.317 0.67907 0.041241 20128 1603 1122.9 0 0
1.221e+05 0.72262 0.1758 0.61079 -1.3478 0.34671 0.90883 393.61 -27.589 0.67697 0.041189 20128 1605 1123.4 0 0
1.222e+05 0.67654 0.19781 0.53177 -1.1601 0.36137 0.93106 396.66 -26.799 0.67488 0.041215 20128 1604 1123.9 0 0
1.223e+05 0.57997 0.15726 0.50138 -1.1336 0.37641 0.92926 399.63 -19.416 0.6728 0.041241 20128 1603 1124.4 0 0
1.224e+05 0.6866 0.18967 0.52222 -0.95837 0.33679 0.93013 402.81 -25.665 0.67071 0.041241 20129 1603 1125 0 0
1.225e+05 0.65823 0.20233 0.53877 -1.3365 0.36191 0.90823 399.74 -26.544 0.66862 0.041267 20129 1602 1125.5 0 0
1.226e+05 0.65743 0.17569 0.52157 -1.1883 0.38655 0.90938 360.18 -19.475 0.66652 0.041189 20129 1605 1126 0 0
1.227e+05 0.55361 0.18994 0.53129 -1.5656 0.38427 0.90543 392.87 -35.351 0.66442 0.041138 20129 1607 1126.4 0 0
1.228e+05 0.68187 0.17895 0.51653 -1.0483 0.36874 0.92762 402.91 -22.538 0.66233 0.04119 20129 1605 1126.9 0 0
1.229e+05 0.61638 0.1636 0.54097 -0.93921 0.34773 0.88906 401.13 -17.563 0.66026 0.041164 20129 1606 1127.3 0 0
1.23e+05 0.61337 0.18067 0.51315 -1.0367 0.36178 0.85095 366.07 -22.016 0.65817 0.041138 20130 1607 1127.8 0 0
1.231e+05 0.66462 0.17078 0.48864 -1.2459 0.36662 0.92653 398.23 -18.753 0.65608 0.041087 20130 1609 1128.3 0 0
1.232e+05 0.67988 0.18253 0.58022 -1.1351 0.37544 0.92411 394.72 -23.011 0.65399 0.041087 20130 1609 1128.7 0 0
1.233e+05 0.75593 0.17917 0.59006 -1.1892 0.35432 0.90258 396 -32.375 0.65192 0.041036 20130 1611 1129.2 0 0
1.234e+05 0.6385 0.17564 0.51838 -0.89808 0.36503 0.93422 378.9 -19.113 0.64985 0.041062 20130 1610 1129.6 0 0
1.235e+05 0.66064 0.16816 0.54841 -1.2347 0.36149 0.93797 372.76 -17.754 0.64778 0.041036 20131 1611 1130.1 0 0
1.236e+05 0.66077 0.22051 0.50123 -1.3188 0.36754 0.93222 385.94 -32.532 0.6457 0.041062 20131 1610 1130.6 0 0
1.237e+05 0.66294 0.1775 0.5663 -1.0204 0.36524 0.96658 383.67 -20.143 0.64362 0.041036 20131 1611 1131.1 0 0
1.238e+05 0.60588 0.21598 0.52774 -1.4008 0.36178 0.96322 412.11 -33.208 0.64153 0.041036 20131 1611 1131.6 0 0
1.239e+05 0.70612 0.19744 0.52646 -1.0717 0.33912 0.92581 401.96 -30.621 0.63946 0.041011 20131 1612 1132.1 0 0
1.24e+05 0.68066 0.182 0.545 -1.2984 0.35798 0.95444 376.85 -22.918 0.63739 0.040985 20131 1613 1132.6 0 0
1.241e+05 0.59899 0.19529 0.53808 -1.2035 0.34554 0.94439 422.52 -27.673 0.63531 0.040884 20131 1617 1133.1 0 0
1.242e+05 0.62244 0.17875 0.5362 -1.1231 0.36501 0.96835 371.81 -20.63 0.63324 0.040834 20131 1619 1133.6 0 0
1.243e+05 0.62167 0.18075 0.56373 -1.297 0.35755 0.86311 401.07 -21.126 0.63117 0.040909 20131 1616 1134.1 0 0
1.244e+05 0.6366 0.17338 0.55383 -1.2396 0.33223 0.95222 409.22 -18.509 0.62911 0.040909 20131 1616 1134.5 0 0
1.245e+05 0.60172 0.15229 0.57438 -1.2311 0.34943 0.86557 414.88 -15.402 0.62708 0.040909 20132 1616 1135 0 0
1.246e+05 0.66757 0.19918 0.55761 -1.1835 0.35785 0.9196 421.66 -25.936 0.62503 0.040909 20132 1616 1135.5 0 0
1.247e+05 0.6063 0.16545 0.38814 -1.2418 0.35392 0.96398 397.72 -19.017 0.62302 0.04096 20133 1614 1136 0 0
1.248e+05 0.65633 0.17159 0.55733 -1.229 0.34612 0.97431 415.06 -18.112 0.62096 0.041011 20133 1612 1136.4 0 0
1.249e+05 0.70672 0.15481 0.52042 -1.3115 0.35672 0.9394 424.94 -19.719 0.6189 0.040935 20133 1615 1136.8 0 0
1.25e+05 0.64668 0.16071 0.50786 -1.0465 0.36341 0.92429 434.34 -15.558 0.61684 0.040884 20133 1617 1137.3 0 0
1.251e+05 0.72003 0.15318 0.48883 -1.2007 0.3603 0.92955 435.39 -20.739 0.61478 0.040935 20133 1615 1137.8 0 0
1.252e+05 0.72309 0.22121 0.47642 -1.3464 0.34012 0.91366 417.47 -40.442 0.61273 0.040911 20133 1616 1138.3 0 0
1.253e+05 0.69117 0.13701 0.53142 -1.131 0.35402 0.92776 440.57 -12.367 0.61072 0.040885 20134 1617 1138.8 0 0
1.254e+05 0.66474 0.15022 0.50007 -1.0678 0.37712 0.94753 434.04 -13.438 0.60871 0.040859 20135 1619 1139.2 0 0
1.255e+05 0.70312 0.1645 0.5245 -1.1195 0.35728 0.925 418.62 -21.403 0.60696 0.04081 20138 1620 1139.7 0 0
1.256e+05 0.76219 0.22076 0.57124 -1.0462 0.36923 0.93904 409.98 -45.528 0.60494 0.040885 20139 1617 1140.1 0 0
1.257e+05 0.6608 0.19537 0.51766 -1.0111 0.36194 0.96194 427.3 -24.245 0.60309 0.040936 20142 1615 1140.7 0 0
1.258e+05 0.60828 0.16103 0.54576 -1.0191 0.34461 0.96822 420.96 -17.539 0.6012 0.040901 20144 1615 1141.1 0 0
1.259e+05 0.63343 0.16768 0.50676 -1.1448 0.35607 0.93732 418.3 -17.178 0.59924 0.0408 20145 1619 1141.6 0 0
1.26e+05 0.63896 0.18181 0.48473 -1.1413 0.37028 0.93112 385.68 -20.265 0.59728 0.040751 20147 1621 1142 0 0
1.261e+05 0.56289 0.18932 0.44588 -1.0795 0.36409 0.93786 405.01 -32.903 0.59525 0.040775 20147 1620 1142.5 0 0
1.262e+05 0.57115 0.17783 0.47971 -1.091 0.3684 0.93876 407.28 -27.343 0.59322 0.040775 20147 1620 1143 0 0
1.263e+05 0.64576 0.16631 0.51284 -1.2514 0.34963 0.95317 407.83 -16.787 0.59118 0.040775 20147 1620 1143.6 0 0
1.264e+05 0.54629 0.17896 0.35636 -1.2363 0.37856 0.94117 386.6 -30.837 0.58915 0.040775 20147 1620 1144.1 0 0
1.265e+05 0.61776 0.18047 0.54668 -1.2031 0.37068 0.92437 398.45 -21.071 0.58712 0.040825 20148 1618 1144.6 0 0
1.266e+05 0.60855 0.15653 0.53287 -1.1216 0.35364 0.93394 396.21 -15.968 0.58509 0.040775 20148 1620 1145.1 0 0
1.267e+05 0.69074 0.16498 0.51784 -1.0371 0.3607 0.91814 391.79 -19.816 0.58308 0.040699 20148 1623 1145.5 0 0
1.268e+05 0.63093 0.16136 0.49289 -1.3167 0.36373 0.93088 418.27 -15.665 0.58117 0.040724 20150 1623 1145.9 0 0
1.269e+05 0.60042 0.14098 0.52921 -1.1761 0.39916 0.86466 429.31 -11.501 0.57921 0.040698 20151 1624 1146.3 0 0
1.27e+05 0.66561 0.15868 0.4881 -1.1636 0.35074 0.91765 400.55 -15.631 0.57723 0.040673 20152 1625 1146.8 0 0
1.271e+05 0.64808 0.14518 0.51016 -1.1308 0.36118 0.93894 388.91 -10.843 0.57529 0.040638 20153 1628 1147.2 0 0
1.272e+05 0.69583 0.18612 0.53669 -1.2464 0.37362 0.88727 370.54 -25.786 0.57332 0.040564 20154 1631 1147.6 0 0
1.273e+05 0.68795 0.22062 0.54904 -1.1504 0.37838 0.90995 376.16 -35.1 0.57133 0.040538 20154 1633 1148.1 0 0
1.274e+05 0.64824 0.19115 0.5511 -1.3499 0.35573 0.96226 384.61 -22.619 0.56935 0.040489 20155 1634 1148.7 0 0
1.275e+05 0.57773 0.18208 0.50071 -0.85832 0.37769 0.86406 387.27 -27.625 0.56759 0.040516 20158 1633 1149.2 0 0
1.276e+05 0.64666 0.15596 0.50214 -1.1693 0.39039 0.91099 398.08 -13.91 0.5658 0.040531 20161 1633 1149.6 0 0
1.277e+05 0.61215 0.19557 0.54418 -1.1492 0.37416 0.91349 408.64 -25.588 0.56389 0.040479 20163 1635 1150.1 0 0
1.278e+05 0.66413 0.16582 0.55506 -1.3499 0.3637 0.88271 395.68 -17.002 0.56195 0.040505 20164 1635 1150.6 0 0
1.279e+05 0.68047 0.22615 0.45257 -1.1033 0.33539 0.96764 389.88 -36.182 0.56001 0.040492 20165 1636 1151.2 0 0
1.28e+05 0.6938 0.17708 0.51962 -1.4242 0.37571 0.92704 381.88 -22.987 0.55803 0.040475 20166 1637 1151.7 0 0
1.281e+05 0.71614 0.19127 0.50128 -1.4043 0.36054 0.9077 401.74 -29.704 0.55605 0.040473 20166 1637 1152.3 0 0
1.282e+05 0.60898 0.19207 0.49523 -1.2202 0.37347 0.96159 377.5 -24.971 0.55404 0.040523 20166 1635 1152.8 0 0
1.283e+05 0.66423 0.16218 0.51461 -1.3794 0.36557 0.93225 382.71 -16.166 0.55211 0.040517 20168 1635 1153.3 0 0
1.284e+05 0.69326 0.20463 0.497 -1.1828 0.3799 0.91001 398.03 -30.164 0.55014 0.040503 20168 1636 1153.8 0 0
1.285e+05 0.69603 0.15369 0.4898 -1.303 0.35087 0.86689 370.35 -17.682 0.54814 0.040503 20168 1636 1154.2 0 0
1.286e+05 0.60206 0.2111 0.50384 -1.1587 0.35193 0.95263 393.77 -31.919 0.54628 0.040527 20170 1637 1154.7 0 0
1.287e+05 0.6282 0.1816 0.48773 -1.092 0.37665 0.95561 399.84 -20.413 0.54453 0.04044 20174 1639 1155.2 0 0
1.288e+05 0.61615 0.20087 0.48995 -1.2389 0.39651 0.86412 366.7 -26.501 0.54259 0.04046 20175 1638 1155.7 0 0
1.289e+05 0.56486 0.18203 0.50713 -1.1599 0.34736 0.93859 379.82 -29.391 0.54063 0.040384 20175 1641 1156.2 0 0
1.29e+05 0.57984 0.16132 0.47152 -1.3148 0.33615 0.90537 385.38 -19.632 0.53865 0.040361 20176 1642 1156.7 0 0
1.291e+05 0.62138 0.19329 0.50616 -1.2174 0.38538 0.94035 381.61 -23.639 0.53666 0.040296 20176 1644 1157.2 0 0
1.292e+05 0.59364 0.20454 0.47576 -1.1142 0.41434 0.96957 381.22 -30.878 0.53473 0.040247 20177 1646 1157.7 0 0
1.293e+05 0.61533 0.17119 0.56532 -1.2082 0.35126 0.93934 379.11 -18.869 0.53273 0.040199 20177 1648 1158.1 0 0
1.294e+05 0.61095 0.19037 0.54116 -1.2898 0.38388 0.92705 367.67 -23.976 0.53074 0.040223 20177 1647 1158.6 0 0
1.295e+05 0.72273 0.19559 0.56852 -1.4363 0.37036 0.92387 404.51 -31.738 0.52875 0.040077 20177 1653 1159.1 0 0
1.296e+05 0.59064 0.16766 0.51684 -1.3705 0.3599 0.97545 372.18 -20.646 0.52677 0.040126 20177 1651 1159.7 0 0
1.297e+05 0.67902 0.17138 0.51622 -1.2545 0.35412 0.89863 373.03 -19.452 0.5248 0.040173 20177 1649 1160.2 0 0
1.298e+05 0.62589 0.20714 0.58115 -1.1219 0.35899 0.89937 390.7 -27.644 0.52282 0.040148 20177 1650 1160.6 0 0
1.299e+05 0.6315 0.17721 0.5634 -1.2193 0.33784 0.93081 374.27 -18.846 0.52085 0.0401 20177 1652 1161.1 0 0
1.3e+05 0.63708 0.16719 0.54268 -1.2166 0.36513 0.94517 377.01 -16.57 0.51887 0.040172 20177 1649 1161.6 0 0
1.301e+05 0.66516 0.1842 0.55826 -1.007 0.37594 0.9005 411.89 -21.264 0.51694 0.040123 20178 1651 1162.2 0 0
1.302e+05 0.60505 0.15571 0.5538 -1.1066 0.36364 0.87428 370.59 -15.462 0.51499 0.04003 20179 1655 1162.7 0 0
1.303e+05 0.67236 0.16636 0.484 -1.2369 0.36633 0.94191 365.46 -17.629 0.51301 0.040006 20179 1656 1163.1 0 0
1.304e+05 0.62067 0.18228 0.51388 -1.089 0.36853 0.94315 389.4 -20.746 0.51104 0.04013 20179 1651 1163.6 0 0
1.305e+05 0.60498 0.17194 0.48192 -1.2406 0.37665 0.90963 380.63 -19.888 0.50906 0.040057 20179 1654 1164.1 0 0
1.306e+05 0.5953 0.13574 0.50861 -0.94811 0.38933 0.90351 377.98 -9.7088 0.50709 0.040105 20179 1652 1164.6 0 0
1.307e+05 0.63785 0.18464 0.51899 -1.0544 0.39112 0.90859 389.85 -20.468 0.50513 0.040033 20179 1655 1165 0 0
1.308e+05 0.58911 0.17202 0.46311 -1.2509 0.33474 0.92894 382.99 -21.787 0.50331 0.040081 20181 1653 1165.5 0 0
1.309e+05 0.60388 0.18545 0.4884 -1.1279 0.38063 0.92835 386.42 -23.286 0.50145 0.040097 20183 1653 1166 0 0
1.31e+05 0.6188 0.18328 0.53606 -1.2498 0.36819 0.93872 395.66 -20.991 0.49955 0.040097 20184 1653 1166.6 0 0
1.311e+05 0.63322 0.21704 0.50034 -1.1897 0.37716 0.87475 381.03 -30.454 0.49766 0.040069 20185 1654 1167 0 0
1.312e+05 0.62903 0.16381 0.49747 -1.2865 0.37077 0.93918 381.48 -15.682 0.49572 0.040045 20185 1655 1167.5 0 0
1.313e+05 0.69578 0.16859 0.52558 -1.2199 0.35483 0.90882 369.27 -20.86 0.49378 0.039997 20186 1657 1167.9 0 0
1.314e+05 0.63309 0.16884 0.50473 -1.1287 0.3643 0.94215 366.92 -16.664 0.49185 0.040045 20186 1655 1168.4 0 0
1.315e+05 0.62508 0.16067 0.53242 -1.148 0.35917 0.97391 378.58 -15.048 0.4899 0.040092 20186 1653 1168.9 0 0
1.316e+05 0.6646 0.17833 0.51331 -1.0874 0.40385 0.9479 377.37 -19.596 0.48802 0.040042 20188 1655 1169.3 0 0
1.317e+05 0.66032 0.18313 0.35109 -1.1978 0.35793 0.93054 401.21 -20.458 0.48609 0.040016 20188 1656 1169.8 0 0
1.318e+05 0.61264 0.15213 0.45322 -1.35 0.37926 0.93829 359.56 -13.75 0.48416 0.040064 20188 1654 1170.2 0 0
1.319e+05 0.65455 0.15615 0.44053 -1.2353 0.3727 0.89026 390.25 -13.76 0.48222 0.040064 20189 1654 1170.6 0 0
1.32e+05 0.60414 0.16298 0.46386 -1.2955 0.37206 0.96494 373.88 -17.321 0.48028 0.04011 20189 1652 1171.1 0 0
1.321e+05 0.59198 0.17301 0.50831 -1.1928 0.34211 0.91517 375.16 -21.416 0.47834 0.040061 20189 1654 1171.6 0 0
1.322e+05 0.64476 0.1652 0.4961 -1.1342 0.36655 0.91267 391.65 -15.802 0.47641 0.04006 20189 1653 1172.1 0 0
1.323e+05 0.70016 0.1976 0.50939 -1.2942 0.33222 0.93163 387.95 -28.96 0.4745 0.040059 20190 1653 1172.6 0 0
1.324e+05 0.6236 0.14864 0.43689 -1.415 0.38775 0.88878 393.85 -12.046 0.47256 0.039963 20190 1657 1173 0 0
1.325e+05 0.60916 0.16224 0.36033 -1.1494 0.35009 0.97339 395.28 -16.495 0.47062 0.039939 20190 1658 1173.5 0 0
1.326e+05 0.61601 0.19004 0.38569 -1.2855 0.36189 0.91538 391.17 -22.861 0.46868 0.039963 20190 1657 1174 0 0
1.327e+05 0.6305 0.23997 0.40482 -1.4774 0.34882 0.95516 394.91 -39.013 0.46674 0.039987 20190 1656 1174.6 0 0
1.328e+05 0.63385 0.2094 0.39137 -1.3581 0.36375 0.95396 390.41 -27.581 0.46479 0.040035 20190 1654 1175.2 0 0
1.329e+05 0.57778 0.24685 0.38234 -1.2444 0.38396 0.93053 393.56 -47.292 0.46286 0.040011 20190 1655 1175.9 0 0
1.33e+05 0.62702 0.21539 0.46281 -1.2674 0.30788 0.91304 397.14 -30.045 0.46092 0.039891 20190 1660 1176.6 0 0
1.331e+05 0.60492 0.22913 0.42291 -1.3246 0.35696 0.92457 405.8 -37.578 0.45899 0.039819 20190 1663 1177.3 0 0
1.332e+05 0.61407 0.19347 0.49024 -1.139 0.33741 0.89032 392.96 -24.032 0.45706 0.039915 20191 1659 1178 0 0
1.333e+05 0.64022 0.22357 0.36283 -1.0212 0.35439 0.92526 400.52 -32.745 0.45513 0.039891 20191 1660 1178.7 0 0
1.334e+05 0.57837 0.22986 0.34787 -1.1764 0.37324 0.94031 403.13 -42.774 0.4532 0.039867 20191 1661 1179.4 0 0
1.335e+05 0.5587 0.21695 0.36199 -1.3618 0.35801 0.95649 378.55 -43.544 0.45127 0.039843 20191 1662 1180.2 0 0
1.336e+05 0.56842 0.20934 0.32995 -1.3233 0.34949 0.9267 376.2 -37.927 0.44937 0.039795 20191 1664 1180.9 0 0
1.337e+05 0.57371 0.19763 0.33162 -1.2911 0.32036 0.9441 377.79 -32.464 0.44746 0.039807 20191 1663 1181.5 0 0
1.338e+05 0.56754 0.19911 0.35654 -1.3048 0.36534 0.93067 383.56 -34.195 0.44555 0.039903 20192 1659 1182.2 0 0
1.339e+05 0.59644 0.20236 0.35182 -1.3657 0.3015 0.89857 378.98 -29.28 0.44364 0.039831 20192 1662 1182.8 0 0
1.34e+05 0.59312 0.18993 0.34401 -1.0639 0.313 0.91505 375.58 -25.851 0.44173 0.039831 20192 1662 1183.4 0 0
1.341e+05 0.57185 0.21512 0.33681 -1.3241 0.33161 0.9102 400.94 -39.279 0.43982 0.039831 20192 1662 1184 0 0
1.342e+05 0.59127 0.24529 0.32391 -1.0612 0.32721 0.94869 398.83 -44.401 0.43793 0.039783 20193 1664 1184.6 0 0
1.343e+05 0.549 0.21166 0.32177 -1.1258 0.31951 0.89975 393.6 -43.581 0.43601 0.03976 20193 1665 1185.3 0 0
1.344e+05 0.59414 0.20478 0.33288 -1.3601 0.32473 0.92609 408.23 -30.345 0.4341 0.039712 20193 1667 1185.9 0 0
1.345e+05 0.55702 0.2026 0.34249 -1.2199 0.34154 0.94329 371.54 -37.685 0.43218 0.039712 20193 1667 1186.4 0 0
1.346e+05 0.59332 0.14139 0.35727 -1.1117 0.34613 0.94419 372.85 -10.855 0.43027 0.039712 20193 1667 1187 0 0
1.347e+05 0.54994 0.21205 0.35083 -1.1526 0.3433 0.94124 382.39 -43.326 0.42836 0.039712 20193 1667 1187.6 0 0
1.348e+05 0.5538 0.16075 0.34614 -1.3029 0.37392 0.91387 381.42 -21.296 0.42647 0.039665 20193 1669 1188.1 0 0
1.349e+05 0.55878 0.21501 0.35724 -1.1756 0.31227 0.97702 391.55 -42.251 0.42456 0.039665 20193 1669 1188.6 0 0
1.35e+05 0.58813 0.18489 0.37514 -1.1638 0.34876 0.95337 386.05 -24.715 0.42265 0.039665 20193 1669 1189.2 0 0
1.351e+05 0.53959 0.1843 0.3404 -1.1399 0.33271 0.90741 386.87 -33.364 0.42074 0.039594 20193 1672 1189.8 0 0
1.352e+05 0.60126 0.21465 0.34402 -1.2689 0.36967 0.93873 394.27 -32.82 0.41884 0.039594 20194 1672 1190.4 0 0
1.353e+05 0.58842 0.18491 0.35622 -1.0184 0.39873 0.87796 390.72 -24.571 0.41694 0.039617 20194 1671 1190.9 0 0
1.354e+05 0.60172 0.17274 0.34342 -1.0367 0.34941 0.92782 397.16 -19.402 0.41508 0.039703 20194 1667 1191.4 0 0
1.355e+05 0.52628 0.19272 0.36303 -1.22 0.33685 0.86247 375.17 -40.881 0.41323 0.039703 20195 1667 1192 0 0.69266
1.356e+05 0.53552 0.19334 0.36619 -1.2262 0.36054 0.83686 373.57 -38.278 0.41134 0.039655 20195 1669 1192.6 0 0
1.357e+05 0.54207 0.18776 0.32728 -1.3721 0.33653 0.9548 389.7 -33.909 0.40944 0.039631 20195 1670 1193.3 0 0
1.358e+05 0.53457 0.17697 0.33829 -1.4888 0.35386 0.86808 397.09 -31.265 0.40754 0.039631 20195 1670 1193.9 0 0
1.359e+05 0.57814 0.14588 0.32578 -1.2677 0.34645 0.9013 399.31 -13.254 0.40564 0.039608 20195 1671 1194.5 0 0
1.36e+05 0.54111 0.18452 0.33139 -1.3501 0.3019 0.93256 401.19 -32.589 0.40375 0.039584 20195 1672 1195.1 0 0
1.361e+05 0.57774 0.21868 0.37091 -1.3212 0.3672 0.83528 381.43 -38.7 0.40185 0.03956 20195 1673 1195.7 0 0
1.362e+05 0.53552 0.20096 0.33542 -1.1487 0.34987 0.92683 390.55 -41.345 0.39996 0.03956 20195 1673 1196.3 0 0
1.363e+05 0.53096 0.1889 0.33858 -1.5143 0.35417 0.85354 391.95 -36.811 0.39808 0.039489 20196 1676 1196.9 0 0
1.364e+05 0.55229 0.13831 0.35752 -1.3024 0.35446 0.89668 380.94 -14.014 0.3962 0.03956 20196 1673 1197.5 0 0
1.365e+05 0.53978 0.16954 0.33285 -1.2439 0.35869 0.89916 363.68 -26.739 0.39432 0.039607 20196 1671 1198 0 0
1.366e+05 0.55821 0.1465 0.35168 -1.1245 0.33529 0.95697 381.5 -15.466 0.39244 0.039539 20196 1674 1198.5 0 0
1.367e+05 0.57274 0.16274 0.33946 -1.07 0.37492 0.9274 389.39 -18.81 0.39056 0.039468 20196 1677 1199.1 0 0
1.368e+05 0.53093 0.13656 0.35045 -1.1788 0.36392 0.92215 381.81 -17.897 0.38869 0.039445 20196 1678 1199.6 0 0
1.369e+05 0.55328 0.17966 0.32447 -1.2153 0.31652 0.93976 371.97 -27.695 0.38683 0.039466 20197 1677 1200.1 0 0
1.37e+05 0.5507 0.15095 0.34947 -1.1972 0.36967 0.90093 374.14 -17.989 0.38499 0.039422 20197 1679 1200.7 0 0
1.371e+05 0.57966 0.13828 0.34744 -1.3922 0.34964 0.88967 384.96 -10.732 0.38312 0.039445 20197 1678 1201.3 0 0
1.372e+05 0.52708 0.18966 0.34112 -1.3793 0.33614 0.93613 391.41 -37.946 0.38131 0.039398 20198 1680 1201.8 0 0.42741
1.373e+05 0.54568 0.18872 0.34563 -1.2242 0.35249 0.88832 384.53 -32.407 0.37946 0.039352 20199 1682 1202.4 0 0
1.374e+05 0.5523 0.18205 0.33879 -1.2624 0.3346 0.92009 371.19 -28.489 0.3776 0.039375 20199 1681 1203 0 0
1.375e+05 0.55442 0.19288 0.35321 -1.5263 0.34004 0.9139 381.97 -32.532 0.37575 0.039351 20199 1682 1203.6 0 0
1.376e+05 0.55446 0.18796 0.34704 -1.1409 0.32933 0.95277 356.37 -30.359 0.37394 0.039351 20200 1682 1204.3 0 0
1.377e+05 0.55539 0.23193 0.33277 -1.2945 0.36937 0.94343 384.5 -47.791 0.37208 0.039328 20201 1683 1205 0 0
1.378e+05 0.53434 0.17296 0.34453 -1.1766 0.3651 0.93746 377.04 -28.711 0.37023 0.039284 20201 1685 1205.7 0 0
1.379e+05 0.56216 0.14459 0.38951 -1.2305 0.40293 0.87411 402.05 -14.115 0.36837 0.039261 20201 1686 1206.2 0 0
1.38e+05 0.58548 0.17466 0.34137 -1.1794 0.3643 0.93184 380.4 -21.392 0.36652 0.039308 20201 1684 1206.8 0 0
1.381e+05 0.5626 0.18065 0.35402 -1.5422 0.37435 0.94 372.53 -26.149 0.36471 0.039331 20202 1683 1207.4 0 0
1.382e+05 0.55575 0.20795 0.3546 -1.3687 0.38246 0.85554 378 -38.626 0.36286 0.039377 20202 1681 1208 0 0
1.383e+05 0.58868 0.16321 0.37134 -1.3569 0.35432 0.89379 408.7 -17.034 0.361 0.039424 20202 1679 1208.5 0 0
1.384e+05 0.55348 0.18384 0.33606 -1.0612 0.36269 0.91239 370.05 -28.658 0.35916 0.039448 20203 1678 1209.1 0 0
1.385e+05 0.57862 0.20056 0.34722 -1.2953 0.36179 0.89682 393.99 -31.238 0.3573 0.039425 20203 1679 1209.6 0 0
1.386e+05 0.55611 0.21217 0.33895 -1.3774 0.34604 0.87465 385.4 -40.042 0.35545 0.039378 20203 1681 1210.2 0 0
1.387e+05 0.57884 0.14489 0.35608 -1.0783 0.3217 0.87046 368.65 -12.348 0.35359 0.039401 20203 1680 1210.8 0 0
1.388e+05 0.53705 0.1998 0.34765 -1.2691 0.30805 0.93758 399.97 -38.838 0.35174 0.039378 20203 1681 1211.5 0 0
1.389e+05 0.5287 0.19536 0.33841 -1.2528 0.35517 0.89769 400.36 -39.068 0.34989 0.039398 20203 1680 1212.2 0 0.083843
1.39e+05 0.53806 0.21007 0.33566 -0.96603 0.38133 0.90831 392.48 -42.963 0.34804 0.039398 20203 1680 1212.9 0 0
1.391e+05 0.56216 0.22347 0.39069 -1.3852 0.36251 0.92633 384.13 -43.109 0.34619 0.03933 20203 1683 1213.7 0 0
1.392e+05 0.59671 0.18848 0.36187 -1.061 0.34154 0.95804 385.75 -24.011 0.34434 0.039239 20203 1687 1214.3 0 0
1.393e+05 0.53258 0.21142 0.33548 -1.3841 0.31683 0.93492 376.49 -44.732 0.3425 0.039282 20204 1685 1215 0 0
1.394e+05 0.53984 0.21722 0.34999 -1.2111 0.35518 0.94935 395.47 -45.143 0.34069 0.039305 20204 1684 1215.6 0 0
1.395e+05 0.53039 0.1833 0.3588 -1.166 0.35597 0.90308 386.28 -33.215 0.33901 0.039215 20207 1685 1216.3 0 0
1.396e+05 0.52761 0.21503 0.34576 -1.1898 0.29141 0.92539 399.76 -47.195 0.33735 0.039181 20209 1687 1216.9 0 0.28512
1.397e+05 0.57449 0.1571 0.34501 -1.3876 0.30918 0.96849 401.28 -16.234 0.33552 0.039181 20210 1687 1217.5 0 0
1.398e+05 0.56651 0.19866 0.35834 -0.84551 0.33198 0.95896 371.36 -31.961 0.33381 0.03921 20212 1688 1218 0 0
1.399e+05 0.61078 0.17935 0.36693 -1.3118 0.33775 0.92899 391.06 -19.979 0.33198 0.03921 20212 1688 1218.6 0 0
1.4e+05 0.54946 0.17878 0.33599 -1.3654 0.35775 0.89776 372.56 -26.913 0.33014 0.039256 20212 1686 1219.1 0 0
1.401e+05 0.5683 0.19778 0.33298 -1.1669 0.36772 0.90398 374.58 -31.216 0.32831 0.03921 20212 1688 1219.7 0 0
1.402e+05 0.56473 0.19333 0.35655 -1.3477 0.34474 0.88467 384.92 -29.994 0.32662 0.039293 20214 1686 1220.4 0 0
1.403e+05 0.55295 0.23807 0.35185 -1.2797 0.35329 0.95547 370.67 -48.783 0.32494 0.0393 20216 1686 1221.1 0 0
1.404e+05 0.55181 0.22981 0.31606 -1.3665 0.35671 0.96947 376.17 -47.06 0.32322 0.039266 20218 1687 1221.7 0 0
1.405e+05 0.54502 0.15096 0.33996 -1.1978 0.37119 0.91305 395.81 -18.514 0.3216 0.039288 20221 1686 1222.3 0 0
1.406e+05 0.5558 0.19664 0.33007 -1.2388 0.35194 0.96845 387.15 -32.822 0.31984 0.039298 20222 1685 1222.9 0 0
1.407e+05 0.5383 0.20794 0.34873 -1.4316 0.34422 0.96824 378.76 -41.052 0.31809 0.039245 20223 1688 1223.7 0 0
1.408e+05 0.53399 0.20048 0.34131 -1.0164 0.36861 0.89468 371.12 -38.852 0.31627 0.039222 20223 1689 1224.4 0 0
1.409e+05 0.56502 0.23446 0.34595 -1.1409 0.32007 0.94469 370.01 -45.997 0.31445 0.039153 20223 1692 1225.1 0 0
1.41e+05 0.57907 0.18699 0.33117 -1.124 0.35709 0.91716 383.05 -25.418 0.31263 0.039175 20223 1691 1225.8 0 0
1.411e+05 0.52546 0.21512 0.33762 -1.2192 0.34624 0.95559 386.17 -47.085 0.31089 0.039198 20225 1690 1226.5 0 1.0283
1.412e+05 0.52152 0.19209 0.37357 -1.2077 0.36149 0.93287 373.92 -39.932 0.3091 0.039201 20225 1690 1227.3 0 3.5925
1.413e+05 0.53226 0.16447 0.33691 -1.1716 0.35379 0.96704 374.64 -25.404 0.30743 0.039218 20227 1689 1227.9 0 0
1.414e+05 0.52655 0.18065 0.36245 -1.2477 0.361 0.90792 385.8 -32.797 0.30571 0.039249 20228 1689 1228.5 0 0.59383
1.415e+05 0.52238 0.22558 0.37737 -1.2246 0.36602 0.95421 372.86 -49.385 0.30396 0.039249 20230 1689 1229.2 0 2.9026
1.416e+05 0.56875 0.17675 0.34563 -1.4267 0.34654 0.9242 397.49 -23.149 0.30224 0.039226 20231 1690 1229.9 0 0
1.417e+05 0.56847 0.21783 0.36241 -1.4807 0.32374 0.94143 368.58 -38.731 0.30043 0.039111 20231 1695 1230.6 0 0
1.418e+05 0.52318 0.18934 0.36197 -1.4359 0.38157 0.92454 375.54 -37.521 0.29861 0.039134 20231 1694 1231.2 0 2.3285
1.419e+05 0.54087 0.20116 0.33154 -1.3758 0.36693 0.95822 414.97 -36.829 0.2969 0.039067 20232 1697 1231.9 0 0
1.42e+05 0.52349 0.16751 0.35085 -1.1513 0.35627 0.91721 407.78 -29.625 0.29508 0.03909 20232 1696 1232.6 0 2.1215
1.421e+05 0.54828 0.15652 0.35997 -1.2438 0.37247 0.91156 388.92 -19.502 0.29327 0.039044 20232 1698 1233.1 0 0
1.422e+05 0.56907 0.21069 0.36081 -1.2255 0.36724 0.9153 385.62 -35.471 0.29146 0.039067 20233 1697 1233.6 0 0
1.423e+05 0.53498 0.19308 0.35343 -1.3569 0.36891 0.95002 386.32 -34.688 0.28965 0.039044 20233 1698 1234.2 0 0
1.424e+05 0.52828 0.20318 0.3591 -1.3952 0.34434 0.9481 368.13 -40.545 0.28785 0.038998 20233 1700 1234.8 0 0.14855
1.425e+05 0.57481 0.1502 0.34526 -1.4108 0.3623 0.90411 359.15 -13.982 0.28606 0.038976 20233 1701 1235.4 0 0
1.426e+05 0.5223 0.17939 0.33098 -1.246 0.37752 0.93633 381.21 -33.879 0.28427 0.038995 20233 1700 1236 0 2.9651
1.427e+05 0.53521 0.16061 0.34546 -1.0035 0.36304 0.92534 374.24 -23.193 0.28251 0.038992 20234 1700 1236.6 0 0
1.428e+05 0.54534 0.18896 0.35301 -1.4293 0.32781 0.94351 388.1 -30.778 0.2809 0.039436 20236 1700 1237.2 0 0
1.429e+05 0.57888 0.19603 0.34384 -1.2418 0.35203 0.94463 381.27 -28.677 0.2792 0.039408 20237 1701 1237.8 0 0
1.43e+05 0.57501 0.21449 0.36775 -1.1111 0.30435 0.92177 388.53 -36.108 0.27752 0.039362 20239 1703 1238.3 0 0
1.431e+05 0.60679 0.16345 0.37471 -1.2846 0.31921 0.93217 367.64 -15.459 0.27576 0.039455 20240 1699 1238.9 0 0
1.432e+05 0.59245 0.18196 0.33746 -1.3692 0.30134 0.87306 399.79 -22.032 0.27407 0.039406 20241 1701 1239.4 0 0
1.433e+05 0.57739 0.16127 0.35272 -1.4791 0.31302 0.95453 400.87 -16.903 0.27235 0.039316 20243 1706 1240 0 0
1.434e+05 0.53268 0.21642 0.33159 -1.1392 0.30662 0.92005 374.46 -44.413 0.27078 0.039293 20246 1707 1240.7 0 0
1.435e+05 0.58227 0.22603 0.34567 -1.2351 0.31983 0.92042 397.69 -39.292 0.26916 0.03932 20248 1706 1241.3 0 0
1.436e+05 0.57425 0.18109 0.34341 -1.3476 0.36849 0.89587 399.43 -23.464 0.26737 0.039343 20248 1705 1241.8 0 0
1.437e+05 0.5651 0.16213 0.36534 -1.1871 0.34399 0.93605 376.09 -18.63 0.26557 0.03932 20248 1706 1242.4 0 0
1.438e+05 0.58807 0.14264 0.33534 -1.3734 0.37377 0.9518 379.98 -10.472 0.26378 0.039274 20248 1708 1243 0 0
1.439e+05 0.57255 0.18147 0.33548 -1.227 0.36073 0.92939 372.04 -23.699 0.26199 0.039251 20248 1709 1243.5 0 0
1.44e+05 0.56845 0.18882 0.35508 -1.183 0.33529 0.93416 383.78 -26.668 0.2602 0.039343 20248 1705 1244.2 0 0
1.441e+05 0.59223 0.17924 0.33321 -1.3673 0.30729 0.90208 393.37 -21.033 0.25841 0.039389 20248 1703 1244.8 0 0
1.442e+05 0.55257 0.22054 0.31753 -1.2547 0.30441 0.96954 383.6 -41.971 0.25662 0.039343 20248 1705 1245.4 0 0
1.443e+05 0.60538 0.16293 0.34784 -1.2055 0.31359 0.88906 401.6 -15.264 0.25484 0.039366 20248 1704 1246 0 0
1.444e+05 0.56108 0.23015 0.34659 -0.91469 0.35372 0.95161 373.76 -43.918 0.25305 0.039366 20248 1704 1246.7 0 0
1.445e+05 0.55831 0.24244 0.3598 -0.77245 0.32306 0.95442 365.88 -48.043 0.25127 0.039458 20248 1700 1247.3 0 0
1.446e+05 0.53033 0.22162 0.35443 -1.109 0.41306 0.90779 389.78 -46.555 0.24948 0.039435 20248 1701 1248 0 0
1.447e+05 0.57907 0.18596 0.34095 -1.2516 0.41256 0.94803 370.61 -24.268 0.2477 0.039435 20248 1701 1248.7 0 0
1.448e+05 0.57528 0.19967 0.34847 -1.1773 0.34527 0.92071 380.35 -29.508 0.24592 0.039389 20248 1703 1249.2 0 0
1.449e+05 0.55838 0.18593 0.34721 -1.2234 0.31726 0.92963 389.35 -26.953 0.24414 0.039412 20248 1702 1249.7 0 0
1.45e+05 0.58126 0.14123 0.35933 -1.4309 0.35945 0.9347 390.66 -10.788 0.24238 0.039397 20249 1703 1250.2 0 0
1.451e+05 0.56316 0.16078 0.34179 -1.3362 0.34505 0.89751 396.37 -18.318 0.24062 0.039351 20249 1705 1250.6 0 0
1.452e+05 0.53496 0.18104 0.342 -1.2703 0.33204 0.92014 392.8 -29.829 0.23884 0.039351 20249 1705 1251 0 0
1.453e+05 0.52004 0.13874 0.34408 -1.3883 0.3294 0.90688 385.59 -22.901 0.23707 0.039351 20249 1705 1251.5 0 4.9654
1.454e+05 0.59265 0.16886 0.36496 -1.1071 0.31475 0.90495 387.68 -17.662 0.2353 0.039328 20249 1706 1252 0 0
1.455e+05 0.58996 0.16503 0.35096 -1.2576 0.30232 0.931 389.45 -16.752 0.23353 0.039328 20249 1706 1252.5 0 0
1.456e+05 0.59806 0.16442 0.35248 -1.3907 0.35022 0.9508 384.78 -16.042 0.23178 0.039282 20249 1708 1252.9 0 0
1.457e+05 0.56509 0.17908 0.3221 -1.3044 0.34743 0.92371 387.16 -23.668 0.23001 0.039305 20249 1707 1253.3 0 0
1.458e+05 0.52796 0.20561 0.37378 -1.3002 0.35514 0.93894 385.06 -41.217 0.22824 0.039259 20249 1709 1253.8 0 0.20879
1.459e+05 0.57022 0.16816 0.33059 -1.2479 0.34616 0.89616 373.34 -19.492 0.22648 0.03919 20249 1712 1254.3 0 0
1.46e+05 0.58274 0.11293 0.36305 -1.3348 0.3145 0.95601 368.57 -3.9723 0.22472 0.039282 20250 1708 1254.7 0 0
1.461e+05 0.61089 0.1367 0.35067 -1.4893 0.33966 0.97076 382.7 -7.6558 0.22303 0.039191 20251 1712 1255.1 0 0
1.462e+05 0.5408 0.14538 0.33683 -0.81859 0.37789 0.94504 385.94 -17.519 0.22127 0.039145 20251 1714 1255.5 0 0
1.463e+05 0.57603 0.094933 0.36476 -1.0711 0.3038 0.94039 399.13 -1.4079 0.21963 0.039145 20253 1714 1255.9 0 0
1.464e+05 0.59442 0.12729 0.35242 -1.2974 0.35337 0.97149 378.08 -6.2219 0.21796 0.039122 20254 1715 1256.2 0 0
1.465e+05 0.55046 0.11227 0.34123 -1.439 0.31707 0.94021 398.62 -7.6599 0.21626 0.039051 20255 1717 1256.6 0 0
1.466e+05 0.57925 0.17519 0.36016 -1.3941 0.30543 0.918 380.88 -20.67 0.21458 0.039031 20256 1718 1257 0 0
1.467e+05 0.57157 0.14551 0.34915 -1.2485 0.37261 0.93102 366.68 -12.73 0.21283 0.038963 20256 1721 1257.4 0 0
1.468e+05 0.55579 0.16218 0.38148 -1.19 0.37734 0.91349 361.84 -19.395 0.21107 0.038986 20256 1720 1257.8 0 0
1.469e+05 0.58128 0.17405 0.3533 -1.136 0.34792 0.86459 379.54 -20.061 0.20932 0.039009 20256 1719 1258.3 0 0
1.47e+05 0.56882 0.16674 0.34282 -1.4167 0.33476 0.93469 388.09 -18.991 0.20758 0.039009 20256 1719 1258.7 0 0
1.471e+05 0.57024 0.18089 0.37817 -1.443 0.31932 0.95534 395.12 -23.309 0.20583 0.038941 20256 1722 1259.2 0 0
1.472e+05 0.59013 0.17011 0.35889 -1.2186 0.32045 0.92456 377.49 -17.925 0.20408 0.038963 20257 1721 1259.6 0 0
1.473e+05 0.59476 0.18795 0.375 -0.91142 0.33835 0.94781 378.11 -23.038 0.20234 0.038918 20257 1723 1260 0 0
1.474e+05 0.54984 0.1552 0.35176 -1.1889 0.33198 0.94663 386 -18.264 0.20059 0.038941 20257 1722 1260.5 0 0
1.475e+05 0.58042 0.1697 0.34541 -1.0161 0.31842 0.93631 358.9 -18.674 0.19884 0.038873 20257 1725 1261 0 0
1.476e+05 0.57831 0.13124 0.33608 -1.2341 0.32894 0.93407 361.24 -8.2966 0.1971 0.03885 20257 1726 1261.5 0 0
1.477e+05 0.52322 0.16765 0.32665 -1.3416 0.29197 0.94982 400.12 -29.069 0.19535 0.038828 20257 1727 1262 0 2.2967
1.478e+05 0.58315 0.18525 0.36734 -1.1779 0.37072 0.94622 372.83 -23.171 0.19361 0.03885 20257 1726 1262.5 0 0
1.479e+05 0.55953 0.19911 0.37428 -1.2075 0.33911 0.90897 405.29 -31.376 0.19188 0.038895 20257 1724 1262.9 0 0
1.48e+05 0.55748 0.18313 0.38261 -1.3606 0.30605 0.95256 393.04 -25.612 0.19013 0.038805 20257 1728 1263.5 0 0
1.481e+05 0.58809 0.15024 0.34691 -0.93693 0.30249 0.94034 386.08 -12.166 0.1884 0.038782 20257 1729 1263.9 0 0
1.482e+05 0.53565 0.16461 0.37134 -1.3663 0.30462 0.93113 392.41 -23.755 0.18666 0.03876 20257 1730 1264.4 0 0
1.483e+05 0.55168 0.13014 0.35089 -1.2745 0.35314 0.94895 399.14 -11.341 0.18493 0.038738 20257 1731 1264.8 0 0
1.484e+05 0.55682 0.15908 0.34096 -1.1251 0.3195 0.88819 381.74 -17.981 0.1832 0.038782 20257 1729 1265.2 0 0
1.485e+05 0.56539 0.15289 0.36808 -1.2004 0.32877 0.89468 393.18 -15.113 0.1815 0.038805 20258 1728 1265.6 0 0
1.486e+05 0.56515 0.14154 0.34335 -1.2921 0.30055 0.94205 412.68 -12.031 0.17978 0.038782 20258 1729 1266 0 0
1.487e+05 0.53949 0.10317 0.36535 -1.3014 0.29963 0.89756 363.71 -7.8397 0.17813 0.038783 20259 1729 1266.3 0 0
1.488e+05 0.57497 0.13765 0.39295 -1.3378 0.35114 0.96033 383.82 -10.1 0.17658 0.038733 20262 1732 1266.7 0 0
1.489e+05 0.58991 0.10521 0.34136 -1.4176 0.32554 0.92717 392.85 -1.5961 0.17495 0.038692 20263 1734 1267 0 0
1.49e+05 0.55732 0.13806 0.33354 -1.0217 0.34649 0.93679 387.61 -12.339 0.17325 0.03867 20264 1735 1267.4 0 0
1.491e+05 0.53846 0.13867 0.3513 -1.4905 0.30207 0.97176 386.86 -16.045 0.17154 0.03867 20264 1735 1267.8 0 0
1.492e+05 0.56784 0.17657 0.37233 -1.3295 0.31753 0.92651 381.83 -21.901 0.16982 0.038648 20264 1736 1268.2 0 0
1.493e+05 0.5285 0.13539 0.34797 -1.2683 0.34913 0.94646 391.83 -17.835 0.16812 0.03867 20265 1735 1268.6 0 0.11292
1.494e+05 0.5912 0.15766 0.36662 -1.3061 0.33543 0.91175 416.29 -13.819 0.16641 0.03867 20265 1735 1269 0 0
1.495e+05 0.56299 0.13703 0.39616 -1.0021 0.31107 0.90139 387.24 -10.961 0.16469 0.038603 20265 1738 1269.4 0 0
1.496e+05 0.59223 0.16197 0.35072 -1.2363 0.32205 0.93197 397.65 -15.044 0.16298 0.038559 20265 1740 1269.8 0 0
1.497e+05 0.58918 0.14423 0.38011 -1.3304 0.30903 0.8679 388.77 -10.202 0.16128 0.038667 20266 1735 1270.2 0 0
1.498e+05 0.57012 0.14589 0.34612 -1.322 0.32895 0.93013 402.9 -12.347 0.15957 0.038667 20266 1735 1270.6 0 0
1.499e+05 0.55316 0.15667 0.36852 -1.145 0.3111 0.92204 387.88 -17.715 0.15786 0.038578 20266 1739 1271 0 0
1.5e+05 0.57778 0.16312 0.33759 -1.3993 0.30214 0.9211 375.99 -16.451 0.15615 0.038556 20266 1740 1271.5 0 0
1.501e+05 0.57206 0.13245 0.34291 -1.2624 0.33084 0.91879 380.5 -8.7458 0.15443 0.038556 20266 1740 1271.9 0 0
1.502e+05 0.53616 0.12624 0.34941 -1.2727 0.35432 0.92287 383.18 -13.328 0.15272 0.038533 20266 1741 1272.3 0 0
1.503e+05 0.56088 0.1263 0.35781 -1.2765 0.40486 0.93814 380.48 -8.6385 0.15102 0.038467 20266 1744 1272.7 0 0
1.504e+05 0.59101 0.15088 0.36848 -1.2705 0.32138 0.86763 397.08 -11.776 0.14931 0.038489 20267 1743 1273.1 0 0
1.505e+05 0.56793 0.16659 0.3682 -0.99262 0.31093 0.94577 392.03 -18.465 0.14761 0.038511 20267 1742 1273.6 0 0
1.506e+05 0.55321 0.18208 0.35385 -1.2827 0.33532 0.90288 420.15 -25.748 0.1459 0.038511 20267 1742 1274 0 0
1.507e+05 0.57688 0.1503 0.35121 -0.98306 0.32132 0.91282 377.62 -12.548 0.14419 0.038424 20267 1746 1274.5 0 0
1.508e+05 0.54904 0.18283 0.35583 -1.217 0.36001 0.91414 389.95 -26.758 0.14249 0.038401 20267 1747 1274.9 0 0
1.509e+05 0.57289 0.12981 0.35796 -1.1415 0.34848 0.92516 398.29 -7.9618 0.14078 0.038357 20267 1749 1275.3 0 0
1.51e+05 0.59621 0.15539 0.38464 -1.0489 0.37622 0.95235 381.57 -12.768 0.13908 0.038378 20267 1748 1275.7 0 0
1.511e+05 0.63215 0.13687 0.36544 -1.2383 0.36145 0.92798 365.87 -7.3581 0.13741 0.038423 20267 1746 1276.1 0 0
1.512e+05 0.57465 0.13014 0.35536 -1.1972 0.32173 0.92562 376.59 -7.841 0.13573 0.038379 20268 1748 1276.5 0 0
1.513e+05 0.58385 0.13914 0.33469 -1.3007 0.33739 0.92425 403.37 -9.0562 0.13406 0.038252 20268 1754 1276.9 0 0
1.514e+05 0.56931 0.12641 0.3511 -1.3404 0.33084 0.90091 400.38 -7.5108 0.13238 0.038294 20269 1752 1277.3 0 0
1.515e+05 0.56684 0.15253 0.35089 -1.2897 0.31479 0.93042 371.84 -14.18 0.1307 0.038252 20269 1754 1277.6 0 0
1.516e+05 0.59352 0.11729 0.3428 -1.2446 0.35938 0.94364 391.07 -3.6884 0.12902 0.038274 20270 1753 1278 0 0
1.517e+05 0.55985 0.1603 0.33661 -1.2406 0.32635 0.90682 394.22 -17.273 0.12733 0.038296 20270 1752 1278.5 0 0
1.518e+05 0.55769 0.13318 0.34244 -1.2893 0.32939 0.9329 392.65 -10.3 0.12563 0.038253 20270 1754 1278.9 0 0
1.519e+05 0.58105 0.12789 0.35014 -1.1433 0.3619 0.90294 388.52 -6.645 0.12394 0.038273 20270 1753 1279.3 0 0
1.52e+05 0.56542 0.17832 0.36058 -1.2838 0.3253 0.9428 365.65 -22.556 0.12226 0.038251 20270 1754 1279.8 0 0
1.521e+05 0.54847 0.14258 0.35632 -1.2941 0.35171 0.8931 366.14 -14.258 0.12057 0.038295 20270 1752 1280.2 0 0
1.522e+05 0.57042 0.13888 0.34884 -1.1909 0.33314 0.93575 386.45 -9.9525 0.1189 0.038295 20270 1752 1280.6 0 0
1.523e+05 0.58811 0.15082 0.3652 -1.2151 0.3319 0.94275 387.61 -11.546 0.11721 0.038273 20270 1753 1281 0 0
1.524e+05 0.53835 0.13766 0.34643 -1.0917 0.3731 0.93744 372.27 -15.287 0.11554 0.038273 20271 1753 1281.4 0 0
1.525e+05 0.56786 0.13189 0.35569 -1.2239 0.36421 0.86823 374.66 -8.5731 0.11386 0.038273 20271 1753 1281.8 0 0
1.526e+05 0.58841 0.17042 0.37346 -1.2388 0.32601 0.92414 391.88 -17.488 0.11217 0.038317 20271 1751 1282.2 0 0
1.527e+05 0.52992 0.16881 0.35602 -1.2911 0.32277 0.93544 400.45 -26.514 0.1105 0.038295 20271 1752 1282.6 0 0.000298
1.528e+05 0.62027 0.17741 0.37118 -1.3831 0.30987 0.9473 355.15 -18.064 0.10882 0.038295 20271 1752 1283.1 0 0
1.529e+05 0.58754 0.16288 0.32949 -1.2516 0.29491 0.9635 378.09 -14.935 0.10714 0.038251 20271 1754 1283.5 0 0
1.53e+05 0.61083 0.18391 0.3709 -1.3004 0.32198 0.9324 389.83 -20.462 0.10545 0.038251 20272 1754 1283.9 0 0
1.531e+05 0.56308 0.15758 0.35148 -1.1784 0.29805 0.94061 391.38 -15.705 0.10378 0.038208 20272 1756 1284.3 0 0
1.532e+05 0.57382 0.20605 0.36827 -1.3331 0.30379 0.95024 408.06 -31.098 0.1021 0.038251 20272 1754 1284.9 0 0
1.533e+05 0.56981 0.14123 0.35423 -1.3856 0.33 0.96004 390.97 -10.402 0.10042 0.038229 20272 1755 1285.3 0 0
1.534e+05 0.64279 0.16038 0.33444 -1.2521 0.30136 0.90662 411.87 -13.978 0.098737 0.038186 20272 1757 1285.8 0 0
1.535e+05 0.64014 0.15242 0.35033 -1.2616 0.30922 0.94114 394.15 -11.699 0.097059 0.038251 20272 1754 1286.3 0 0
1.536e+05 0.54113 0.17658 0.34149 -1.1993 0.3502 0.91256 392.71 -26.183 0.095388 0.038273 20272 1753 1286.7 0 0
1.537e+05 0.61178 0.15805 0.34284 -1.1511 0.33157 0.92049 429.74 -12.796 0.093744 0.038164 20272 1758 1287.1 0 0
1.538e+05 0.58501 0.13393 0.33149 -1.1685 0.32453 0.90587 387.82 -7.4871 0.092088 0.038182 20273 1757 1287.5 0 0
1.539e+05 0.64094 0.16646 0.3453 -1.2539 0.31018 0.93432 396.16 -15.301 0.09042 0.038204 20273 1756 1287.9 0 0
1.54e+05 0.61221 0.16292 0.35046 -1.277 0.33732 0.96998 378.99 -14.128 0.088748 0.038204 20273 1756 1288.4 0 0
1.541e+05 0.601 0.14141 0.34316 -0.99755 0.31644 0.92731 410.58 -8.4895 0.087085 0.038161 20273 1758 1288.8 0 0
1.542e+05 0.60042 0.15759 0.36285 -1.1409 0.31037 0.9476 407.54 -12.786 0.085419 0.038139 20273 1759 1289.2 0 0
1.543e+05 0.64209 0.14755 0.38441 -1.0742 0.33657 0.92012 406.99 -10.32 0.08377 0.038139 20273 1759 1289.6 0 0
1.544e+05 0.62868 0.20077 0.36376 -1.2537 0.32548 0.94087 404.41 -24.172 0.082112 0.038139 20274 1759 1290.1 0 0
1.545e+05 0.61177 0.19145 0.36594 -1.2034 0.29732 0.88891 407.54 -22.339 0.080445 0.038139 20274 1759 1290.5 0 0
1.546e+05 0.56554 0.17968 0.34096 -1.2034 0.33392 0.89801 402.11 -22.765 0.078778 0.038074 20274 1762 1291 0 0
1.547e+05 0.57634 0.18538 0.36843 -1.1669 0.3095 0.90628 396.14 -23.205 0.077112 0.038009 20274 1765 1291.6 0 0
1.548e+05 0.58296 0.18508 0.36174 -1.211 0.31436 0.93159 400.27 -22.423 0.075447 0.037944 20274 1768 1292.2 0 0
1.549e+05 0.6064 0.1869 0.34977 -1.049 0.36001 0.92689 399.33 -21.037 0.073784 0.037901 20274 1770 1292.7 0 0
1.55e+05 0.6245 0.15622 0.35042 -1.2793 0.34241 0.9041 390.14 -12.039 0.072121 0.037859 20274 1772 1293.2 0 0
1.551e+05 0.6233 0.19946 0.36367 -1.0908 0.3281 0.94238 384.49 -23.865 0.070459 0.037816 20274 1774 1293.7 0 0
1.552e+05 0.62835 0.2178 0.35277 -1.1654 0.30352 0.91498 392.21 -29.274 0.068798 0.037752 20274 1777 1294.3 0 0
1.553e+05 0.58321 0.21357 0.35254 -1.2165 0.34555 0.84421 386.42 -31.858 0.067138 0.037689 20274 1780 1294.8 0 0
1.554e+05 0.57221 0.1783 0.34611 -1.2699 0.35487 0.93866 393.41 -21.143 0.065479 0.037667 20274 1781 1295.4 0 0
1.555e+05 0.59795 0.18718 0.36464 -0.9288 0.35069 0.88759 403.75 -21.526 0.063822 0.037625 20274 1783 1295.9 0 0
1.556e+05 0.6233 0.19519 0.34643 -1.0112 0.33399 0.95048 387.36 -22.489 0.062166 0.037625 20274 1783 1296.4 0 0
1.557e+05 0.58407 0.19825 0.35838 -1.3057 0.33447 0.92222 395.19 -26.442 0.060511 0.037625 20274 1783 1296.9 0 0
1.558e+05 0.60942 0.18411 0.35095 -1.192 0.32407 0.93104 393.45 -19.853 0.058856 0.037604 20274 1784 1297.4 0 0
1.559e+05 0.64594 0.19651 0.33806 -1.0618 0.32319 0.91389 413.72 -23.036 0.057203 0.037646 20274 1782 1298 0 0
1.56e+05 0.59352 0.19555 0.3756 -1.3303 0.3335 0.90159 417.17 -24.332 0.055551 0.037667 20274 1781 1298.4 0 0
1.561e+05 0.62905 0.20724 0.35582 -1.3038 0.29156 0.92544 395.38 -25.706 0.0539 0.037646 20274 1782 1299 0 0
1.562e+05 0.58932 0.18421 0.36244 -1.3575 0.32196 0.93819 388.97 -21.142 0.052251 0.037583 20274 1785 1299.5 0 0
1.563e+05 0.58798 0.16738 0.3287 -1.3416 0.32063 0.91396 390.41 -15.778 0.050602 0.037583 20274 1785 1300 0 0
1.564e+05 0.59683 0.1559 0.33764 -1.3299 0.3088 0.94403 384.38 -12.16 0.048956 0.037583 20274 1785 1300.5 0 0
1.565e+05 0.6027 0.1539 0.37476 -1.2103 0.33056 0.95989 420.08 -11.499 0.047309 0.03752 20274 1788 1301 0 0
1.566e+05 0.55083 0.13839 0.35785 -1.1456 0.32304 0.89303 395.69 -12.493 0.045664 0.037541 20274 1787 1301.5 0 0
1.567e+05 0.54436 0.20833 0.3613 -1.1695 0.31238 0.94764 386.72 -37.222 0.044018 0.037541 20274 1787 1302 0 0
1.568e+05 0.58452 0.19433 0.34869 -1.2095 0.33163 0.94582 390.97 -24.621 0.042374 0.03752 20274 1788 1302.6 0 0
1.569e+05 0.55424 0.19363 0.33965 -1.0556 0.33567 0.81885 382.76 -29.34 0.040731 0.037478 20274 1790 1303.1 0 0
1.57e+05 0.62491 0.17354 0.34326 -1.3771 0.30434 0.93876 416.02 -16.31 0.039089 0.037499 20274 1789 1303.7 0 0
1.571e+05 0.6067 0.1935 0.33456 -1.2756 0.29841 0.80507 415.38 -22.348 0.037449 0.037478 20274 1790 1304.2 0 0
1.572e+05 0.61569 0.18813 0.37391 -1.0535 0.30049 0.9055 419.78 -20.358 0.035809 0.037457 20274 1791 1304.7 0 0
1.573e+05 0.56029 0.19687 0.33423 -1.3938 0.32231 0.93815 425.22 -29.291 0.034171 0.03752 20274 1788 1305.2 0 0
1.574e+05 0.63981 0.20268 0.34787 -1.2181 0.32647 0.87692 401.14 -24.455 0.032533 0.03752 20274 1788 1305.8 0 0
1.575e+05 0.6131 0.20547 0.37322 -1.2503 0.31697 0.89421 408.13 -25.82 0.030896 0.037478 20274 1790 1306.3 0 0
1.576e+05 0.59589 0.20167 0.33782 -1.2846 0.31794 0.94896 418.38 -25.522 0.029262 0.03752 20274 1788 1306.8 0 0
1.577e+05 0.56984 0.16955 0.37822 -1.2445 0.33768 0.84216 419.91 -18.265 0.027627 0.037541 20274 1787 1307.3 0 0
1.578e+05 0.6115 0.16443 0.36761 -1.2596 0.32233 0.96621 404.52 -14.102 0.025998 0.037541 20274 1787 1307.8 0 0
1.579e+05 0.61791 0.14796 0.36298 -1.2758 0.31414 0.90865 390.2 -9.8215 0.024367 0.037562 20274 1786 1308.3 0 0
1.58e+05 0.60695 0.15872 0.33303 -1.2383 0.30499 0.87821 389.69 -12.647 0.022738 0.037583 20274 1785 1308.7 0 0
1.581e+05 0.59701 0.16259 0.34493 -1.5126 0.3314 0.92854 422.63 -13.871 0.021115 0.037604 20274 1784 1309.2 0 0
1.582e+05 0.58676 0.1772 0.33738 -1.2823 0.31179 0.95546 414.43 -18.695 0.019489 0.03752 20274 1788 1309.6 0 0
1.583e+05 0.61449 0.18587 0.36205 -1.2373 0.31296 0.92846 421.24 -19.646 0.017861 0.037562 20274 1786 1310.1 0 0
1.584e+05 0.64407 0.13673 0.33691 -1.2769 0.29309 0.93828 410.52 -7.3428 0.016237 0.037562 20274 1786 1310.6 0 0
1.585e+05 0.53925 0.17716 0.34945 -1.2683 0.31584 0.87009 382.19 -26.641 0.014614 0.037562 20274 1786 1311 0 0
1.586e+05 0.60696 0.14239 0.3728 -1.1994 0.33108 0.9421 410.62 -8.373 0.012994 0.03752 20275 1788 1311.5 0 0
1.587e+05 0.57084 0.17441 0.34361 -1.2702 0.30236 0.87989 403.64 -19.468 0.011373 0.03752 20275 1788 1311.9 0 0
1.588e+05 0.59127 0.15583 0.33238 -1.1532 0.31508 0.92525 409.94 -12.012 0.00975 0.037562 20275 1786 1312.4 0 0
1.589e+05 0.61815 0.1841 0.33575 -1.1196 0.31613 0.91496 401.17 -18.965 0.008129 0.037562 20275 1786 1312.9 0 0
1.59e+05 0.59496 0.21532 0.36444 -1.3184 0.29274 0.91271 386.78 -29.94 0.006508 0.037583 20275 1785 1313.4 0 0
1.591e+05 0.57365 0.2039 0.35439 -1.2793 0.30398 0.93004 408.74 -28.777 0.004887 0.037562 20275 1786 1314 0 0
1.592e+05 0.54142 0.18124 0.33091 -1.2579 0.29091 0.85081 395.87 -27.36 0.003268 0.037583 20275 1785 1314.5 0 0
1.593e+05 0.54066 0.18192 0.34234 -1.4242 0.32256 0.89684 411.01 -27.754 0.00165 0.037583 20275 1785 1315.1 0 0
1.594e+05 0.66407 0.17103 0.36457 -1.2191 0.31021 0.88996 404.84 -17.117 3.2e-05 0.037583 20275 1785 1315.7 0 0
1.595e+05 0.58795 0.16824 0.33664 -1.2595 0.29726 0.84547 408.59 -15.628 -0.001584 0.037562 20275 1786 1316.3 0 0
1.596e+05 0.56721 0.18921 0.37173 -1.2242 0.32296 0.87647 385.05 -24.639 -0.003199 0.037604 20275 1784 1316.8 0 0
1.597e+05 0.6059 0.19695 0.35541 -1.2253 0.30303 0.90079 382.59 -22.973 -0.004813 0.037604 20275 1784 1317.3 0 0
1.598e+05 0.60745 0.22112 0.36758 -1.2845 0.29345 0.7849 403.5 -30.679 -0.006425 0.037604 20275 1784 1317.9 0 0
1.599e+05 0.62052 0.18382 0.34181 -1.3782 0.29286 0.90614 382.16 -18.756 -0.008036 0.037625 20275 1783 1318.4 0 0
1.6e+05 0.59447 0.18867 0.34103 -1.2229 0.30268 0.88277 402.89 -21.14 -0.009645 0.037604 20275 1784 1318.9 0 0
1.601e+05 0.57724 0.1697 0.3397 -1.197 0.30728 0.92876 397.55 -17.034 -0.011255 0.037667 20275 1781 1319.4 0 0
1.602e+05 0.61017 0.17482 0.33766 -1.0079 0.31399 0.89301 408.89 -16.542 -0.012864 0.037646 20275 1782 1319.9 0 0
1.603e+05 0.56262 0.20646 0.34882 -1.2136 0.30833 0.92123 418.81 -31.287 -0.014471 0.037667 20275 1781 1320.4 0 0
1.604e+05 0.55014 0.18838 0.34493 -1.1137 0.29824 0.90037 406 -27.61 -0.016066 0.037625 20275 1783 1320.9 0 0
1.605e+05 0.59545 0.18726 0.34495 -1.3318 0.30496 0.91175 400.2 -20.568 -0.017663 0.037604 20275 1784 1321.4 0 0
1.606e+05 0.60151 0.15257 0.36406 -1.3239 0.30432 0.92142 409.41 -10.894 -0.019268 0.037646 20275 1782 1321.9 0 0
1.607e+05 0.64432 0.19726 0.33984 -1.1469 0.30204 0.91607 397.86 -22.778 -0.02087 0.037604 20275 1784 1322.5 0 0
1.608e+05 0.55782 0.17681 0.32639 -1.1634 0.31299 0.89896 378.78 -22.147 -0.022473 0.037625 20275 1783 1322.9 0 0
1.609e+05 0.56505 0.20369 0.36301 -1.3346 0.31254 0.85349 405.84 -29.72 -0.02407 0.037583 20275 1785 1323.4 0 0
1.61e+05 0.65647 0.17515 0.36545 -1.273 0.33666 0.95715 435.24 -17.358 -0.025669 0.037562 20275 1786 1323.9 0 0
1.611e+05 0.6091 0.16206 0.36643 -1.2886 0.32946 0.9109 407.1 -13.173 -0.027268 0.037541 20275 1787 1324.4 0 0
1.612e+05 0.5531 0.20682 0.35446 -1.3194 0.30305 0.93975 380.99 -33.535 -0.028866 0.037541 20275 1787 1324.9 0 0
1.613e+05 0.58764 0.17519 0.33507 -1.1116 0.31252 0.8805 409.03 -17.416 -0.030461 0.037562 20275 1786 1325.4 0 0
1.614e+05 0.62921 0.16196 0.33714 -1.4027 0.31623 0.93484 414.87 -13.149 -0.032052 0.037562 20275 1786 1325.8 0 0
1.615e+05 0.62184 0.16285 0.34469 -1.1986 0.30309 0.92991 388.21 -13.131 -0.033639 0.037521 20276 1788 1326.3 0 0
1.616e+05 0.56647 0.14364 0.36616 -1.1614 0.32611 0.8949 394.88 -11.258 -0.035227 0.037521 20276 1788 1326.7 0 0
1.617e+05 0.55979 0.16004 0.37334 -1.2615 0.33661 0.88992 370.94 -16.4 -0.036816 0.037563 20276 1786 1327.2 0 0
1.618e+05 0.57462 0.18787 0.36252 -1.1535 0.29805 0.86212 395.16 -22.585 -0.038402 0.037563 20276 1786 1327.6 0 0
1.619e+05 0.61199 0.15933 0.36167 -1.2507 0.31259 0.93722 377.08 -12.276 -0.039987 0.037542 20276 1787 1328 0 0
1.62e+05 0.58613 0.19178 0.34781 -1.1913 0.30227 0.89473 403.37 -22.427 -0.041571 0.037604 20276 1784 1328.5 0 0
1.621e+05 0.57837 0.17836 0.31917 -1.128 0.3057 0.86037 393.5 -19.032 -0.043159 0.037583 20276 1785 1329 0 0
1.622e+05 0.59011 0.17586 0.3495 -1.2448 0.3116 0.87866 391.65 -17.242 -0.044743 0.037584 20276 1785 1329.4 0 0
1.623e+05 0.55963 0.19249 0.33115 -1.2279 0.30016 0.81501 377.9 -26.782 -0.046326 0.037605 20276 1784 1329.9 0 0
1.624e+05 0.57017 0.19988 0.33984 -1.3601 0.29888 0.87711 408.87 -27.246 -0.047911 0.037563 20276 1786 1330.5 0 0
1.625e+05 0.61811 0.20331 0.39942 -1.1464 0.30933 0.91143 402.29 -24.1 -0.049496 0.037522 20276 1788 1331 0 0
1.626e+05 0.61678 0.17768 0.3378 -1.2882 0.30635 0.90364 404.33 -16.751 -0.051078 0.037501 20277 1789 1331.5 0 0
1.627e+05 0.569 0.15802 0.34209 -1.2832 0.29835 0.88125 410.5 -14.452 -0.052657 0.037543 20277 1787 1332.1 0 0
1.628e+05 0.59701 0.19997 0.36865 -1.2655 0.29648 0.85316 418.76 -23.845 -0.054239 0.037564 20277 1786 1332.6 0 0
1.629e+05 0.60941 0.21727 0.34888 -1.1825 0.34513 0.89903 424.3 -29.037 -0.055819 0.037542 20277 1787 1333 0 0
1.63e+05 0.60189 0.15153 0.35809 -0.96991 0.32576 0.87537 382.08 -10.438 -0.057395 0.037542 20277 1787 1333.5 0 0
1.631e+05 0.60402 0.16154 0.35628 -1.2842 0.30666 0.91991 393.91 -12.869 -0.058969 0.037479 20277 1790 1333.9 0 0
1.632e+05 0.5568 0.20465 0.35367 -1.221 0.32094 0.90842 388.38 -31.485 -0.060545 0.037458 20277 1791 1334.3 0 0
1.633e+05 0.55121 0.18967 0.34445 -1.1599 0.29822 0.87281 387.96 -27.418 -0.062122 0.037479 20277 1790 1334.8 0 0
1.634e+05 0.56607 0.14203 0.33458 -1.2804 0.29687 0.89574 396.69 -10.8 -0.063695 0.03748 20277 1790 1335.3 0 0
1.635e+05 0.58582 0.14957 0.35352 -1.4304 0.34734 0.93747 405.25 -10.421 -0.065264 0.037501 20277 1789 1335.7 0 0
1.636e+05 0.58117 0.15401 0.36717 -1.2652 0.31832 0.91618 418.11 -11.734 -0.066831 0.03748 20277 1790 1336.1 0 0
1.637e+05 0.58505 0.1586 0.37101 -1.3214 0.30572 0.85751 392.66 -12.426 -0.068401 0.03748 20277 1790 1336.6 0 0
1.638e+05 0.55091 0.12625 0.3286 -1.2234 0.3177 0.81017 384.65 -9.7529 -0.069935 0.03748 20278 1790 1336.9 0 0
1.639e+05 0.56942 0.15033 0.37899 -1.386 0.31349 0.88983 374.74 -12.296 -0.071496 0.037501 20278 1789 1337.4 0 0
1.64e+05 0.58117 0.14875 0.38062 -1.4309 0.36325 0.88599 410.9 -10.445 -0.073053 0.037501 20278 1789 1337.8 0 0
1.641e+05 0.59303 0.16974 0.33601 -1.293 0.33529 0.87435 414.66 -14.914 -0.074615 0.037521 20279 1788 1338.2 0 0
1.642e+05 0.58069 0.16265 0.35079 -1.2026 0.34509 0.94731 388.68 -13.898 -0.076182 0.037563 20279 1786 1338.7 0 0
1.643e+05 0.60947 0.19418 0.34671 -1.0522 0.30274 0.83289 410.18 -21.206 -0.077748 0.037584 20279 1785 1339.2 0 0
1.644e+05 0.61962 0.16349 0.36634 -1.1354 0.34057 0.94966 402.45 -13.017 -0.079314 0.037542 20279 1787 1339.7 0 0
1.645e+05 0.57032 0.19236 0.32375 -1.169 0.34942 0.89063 400.19 -24.351 -0.080879 0.037521 20279 1788 1340.2 0 0
1.646e+05 0.54998 0.18669 0.33406 -1.331 0.32025 0.84596 402.87 -26.564 -0.082444 0.0375 20279 1789 1340.7 0 0
1.647e+05 0.60196 0.20121 0.35368 -1.2583 0.36131 0.92657 418.3 -23.77 -0.084009 0.0375 20279 1789 1341.2 0 0
1.648e+05 0.5822 0.18319 0.36743 -1.4588 0.36721 0.89018 415.75 -19.601 -0.085572 0.037438 20279 1792 1341.7 0 0
1.649e+05 0.59345 0.16445 0.3729 -1.2352 0.34746 0.93026 408.77 -13.422 -0.087134 0.037438 20279 1792 1342.2 0 0
1.65e+05 0.60509 0.1461 0.35265 -1.1306 0.3114 0.86474 397.48 -8.9086 -0.088686 0.037417 20279 1793 1342.7 0 0
1.651e+05 0.64547 0.19186 0.35315 -1.1819 0.31629 0.9013 395.95 -21.092 -0.090241 0.037396 20279 1794 1343.1 0 0
1.652e+05 0.63296 0.15884 0.39557 -1.3144 0.33567 0.92454 395.4 -12.358 -0.091795 0.037396 20279 1794 1343.6 0 0
1.653e+05 0.57689 0.19683 0.35761 -1.2258 0.3363 0.83373 384.65 -24.743 -0.09335 0.037396 20279 1794 1344 0 0
1.654e+05 0.59705 0.13193 0.3501 -1.0358 0.31871 0.90735 381.23 -6.2266 -0.094905 0.037354 20279 1796 1344.5 0 0
1.655e+05 0.62083 0.18727 0.36823 -1.4281 0.33639 0.92665 419.31 -19.003 -0.096459 0.037354 20279 1796 1344.9 0 0
1.656e+05 0.62078 0.1506 0.34459 -1.2619 0.29319 0.90121 405.56 -10.036 -0.09801 0.037313 20279 1798 1345.4 0 0
1.657e+05 0.61139 0.15604 0.3702 -1.2673 0.2959 0.93693 394.82 -11.007 -0.099559 0.037334 20280 1797 1345.8 0 0
1.658e+05 0.61045 0.15104 0.35473 -1.1866 0.32364 0.90345 393.66 -9.8616 -0.10111 0.037354 20280 1796 1346.3 0 0
1.659e+05 0.62949 0.19137 0.37623 -1.2333 0.34681 0.91756 394.88 -20.392 -0.10266 0.037333 20280 1797 1346.7 0 0
1.66e+05 0.63194 0.16026 0.33516 -1.3365 0.3486 0.9242 368.89 -12.524 -0.1042 0.037333 20280 1797 1347.1 0 0
1.661e+05 0.63379 0.1743 0.33731 -1.0827 0.35589 0.93812 402.56 -15.818 -0.10575 0.037312 20280 1798 1347.6 0 0
1.662e+05 0.59553 0.18357 0.36706 -1.2233 0.30929 0.88732 393.55 -18.29 -0.1073 0.037292 20280 1799 1348.1 0 0
1.663e+05 0.61158 0.19938 0.34978 -1.4642 0.31337 0.91391 391.26 -22.546 -0.10884 0.037292 20280 1799 1348.5 0 0
1.664e+05 0.63444 0.18323 0.34554 -1.4984 0.29641 0.89807 374.31 -18.149 -0.11039 0.037271 20280 1800 1349.1 0 0
1.665e+05 0.65324 0.21108 0.36238 -1.248 0.30435 0.92176 402.36 -27.122 -0.11194 0.037312 20280 1798 1349.5 0 0
1.666e+05 0.58189 0.16436 0.33694 -1.1356 0.30494 0.9276 412.8 -13.968 -0.11348 0.037312 20280 1798 1350.1 0 0
1.667e+05 0.61379 0.19207 0.33665 -1.2946 0.30488 0.93045 413.42 -20.04 -0.11503 0.037333 20280 1797 1350.6 0 0
1.668e+05 0.62607 0.20064 0.35543 -1.1819 0.30971 0.90341 403.65 -22.722 -0.11657 0.037354 20280 1796 1351.1 0 0
1.669e+05 0.60663 0.19812 0.36925 -1.2458 0.31816 0.89341 400.74 -22.264 -0.11811 0.037354 20280 1796 1351.6 0 0
1.67e+05 0.56774 0.21261 0.34498 -1.3429 0.30692 0.94025 398.04 -31.198 -0.11965 0.037312 20280 1798 1352.1 0 0
1.671e+05 0.57472 0.15539 0.35603 -1.1631 0.30216 0.90988 407.83 -12.487 -0.12119 0.037312 20280 1798 1352.5 0 0
1.672e+05 0.57584 0.15481 0.3358 -1.1451 0.3047 0.95753 405.39 -12.152 -0.12273 0.03723 20281 1802 1353 0 0
1.673e+05 0.56929 0.14222 0.35471 -1.0976 0.29646 0.91276 412.99 -10.187 -0.12426 0.037271 20281 1800 1353.4 0 0
1.674e+05 0.62204 0.23334 0.34081 -1.2539 0.30526 0.9063 401.15 -32.344 -0.1258 0.037271 20281 1800 1353.8 0 0
1.675e+05 0.63257 0.16605 0.38288 -1.3593 0.35884 0.92196 414.87 -13.691 -0.12733 0.037271 20281 1800 1354.3 0 0
1.676e+05 0.58129 0.22572 0.35372 -1.3783 0.30014 0.94505 411.98 -32.441 -0.12887 0.037188 20281 1804 1354.8 0 0
1.677e+05 0.57107 0.16973 0.35085 -1.3053 0.29835 0.94898 394.07 -16.584 -0.13041 0.037044 20281 1811 1355.3 0 0
1.678e+05 0.5435 0.19464 0.36636 -1.1343 0.29156 0.89272 402.09 -30.924 -0.13194 0.037004 20281 1813 1355.8 0 0
1.679e+05 0.56457 0.19112 0.34932 -1.3692 0.30367 0.9561 406.37 -24.506 -0.13347 0.036942 20281 1816 1356.3 0 0
1.68e+05 0.5795 0.18945 0.35195 -1.3668 0.30754 0.96419 382.54 -21.319 -0.13501 0.036922 20281 1817 1356.8 0 0
1.681e+05 0.59705 0.12505 0.35445 -1.1579 0.33914 0.95331 405.15 -4.897 -0.13653 0.036963 20281 1815 1357.3 0 0
1.682e+05 0.56591 0.16161 0.35962 -1.1838 0.31875 0.85694 400.33 -15.061 -0.13806 0.036983 20281 1814 1357.7 0 0
1.683e+05 0.58484 0.17394 0.38039 -1.035 0.30929 0.95492 401.95 -15.984 -0.13958 0.036962 20281 1815 1358.2 0 0
1.684e+05 0.54132 0.14173 0.34342 -1.2443 0.30859 0.96138 401.72 -15.154 -0.14109 0.036942 20282 1816 1358.7 0 0
1.685e+05 0.62185 0.16285 0.35279 -1.2922 0.29393 0.92459 370.6 -12.324 -0.14259 0.036942 20282 1816 1359.1 0 0
1.686e+05 0.59663 0.13953 0.35934 -1.1396 0.34147 0.91713 386.11 -7.5893 -0.1441 0.036861 20282 1820 1359.5 0 0
1.687e+05 0.59686 0.17553 0.35823 -1.0983 0.31574 0.91389 377.03 -15.429 -0.1456 0.036941 20283 1816 1360 0 0
1.688e+05 0.60258 0.14637 0.3508 -1.3436 0.30252 0.92778 404.2 -8.717 -0.14711 0.036943 20283 1816 1360.4 0 0
1.689e+05 0.54695 0.14308 0.31968 -1.3808 0.31051 0.87122 403.84 -14.099 -0.14862 0.036923 20283 1817 1360.9 0 0
1.69e+05 0.59057 0.14109 0.34736 -1.3554 0.35412 0.88028 396.74 -7.9975 -0.15013 0.036921 20284 1817 1361.3 0 0
1.691e+05 0.57339 0.20051 0.35731 -1.2809 0.30692 0.92078 391.07 -25.836 -0.15165 0.036942 20284 1816 1361.8 0 0
1.692e+05 0.53833 0.20698 0.36697 -1.0997 0.30872 0.93534 416.07 -36.586 -0.15317 0.036921 20284 1817 1362.4 0 0
1.693e+05 0.60072 0.18118 0.35912 -1.4559 0.30855 0.83174 387.51 -16.768 -0.15468 0.036901 20284 1818 1362.8 0 0
1.694e+05 0.59647 0.1796 0.35423 -1.4661 0.3033 0.91668 403.28 -16.456 -0.1562 0.036942 20284 1816 1363.2 0 0
1.695e+05 0.59007 0.15346 0.35315 -1.3137 0.30972 0.86937 436.76 -10.243 -0.15772 0.036921 20284 1817 1363.7 0 0
1.696e+05 0.58879 0.14159 0.37046 -1.1726 0.30084 0.89237 411.03 -8.137 -0.15923 0.036982 20284 1814 1364.1 0 0
1.697e+05 0.5918 0.12798 0.3581 -1.2452 0.2904 0.91259 407.82 -5.6437 -0.16074 0.037023 20284 1812 1364.6 0 0
1.698e+05 0.53908 0.16637 0.35772 -1.3679 0.29823 0.88525 425.14 -22.286 -0.16225 0.037003 20284 1813 1365 0 0
1.699e+05 0.55029 0.1504 0.33456 -1.39 0.30212 0.78373 428.78 -14.987 -0.16376 0.036962 20285 1815 1365.5 0 0
1.7e+05 0.61865 0.17339 0.35943 -1.3215 0.30603 0.88747 425.27 -14.602 -0.16527 0.036943 20285 1816 1365.9 0 0
1.701e+05 0.60835 0.16472 0.35193 -1.2424 0.32305 0.91372 442.56 -12.442 -0.16678 0.036882 20285 1819 1366.4 0 0
1.702e+05 0.55661 0.15284 0.34919 -1.3276 0.32201 0.86178 400.86 -14.324 -0.16829 0.036902 20285 1818 1366.8 0 0
1.703e+05 0.60222 0.1488 0.36328 -1.2461 0.29195 0.89274 419.8 -9.0019 -0.16981 0.036902 20285 1818 1367.3 0 0
1.704e+05 0.55232 0.18614 0.35881 -1.151 0.31046 0.90975 425.8 -25.067 -0.17131 0.036882 20285 1819 1367.7 0 0
1.705e+05 0.61261 0.16448 0.34761 -1.2629 0.31046 0.8644 421.93 -12.301 -0.17282 0.036861 20285 1820 1368.2 0 0
1.706e+05 0.6344 0.19955 0.35457 -1.3402 0.31262 0.88688 387.6 -22.478 -0.17433 0.036882 20285 1819 1368.7 0 0
1.707e+05 0.60343 0.18214 0.35459 -1.247 0.31416 0.90628 420.44 -16.769 -0.17583 0.036801 20285 1823 1369.2 0 0
1.708e+05 0.55663 0.18105 0.35114 -1.306 0.31813 0.92651 415.68 -22.374 -0.17733 0.036842 20285 1821 1369.7 0 0
1.709e+05 0.60666 0.16601 0.33555 -1.2137 0.31024 0.93841 408.95 -12.562 -0.17883 0.036862 20285 1820 1370.1 0 0
1.71e+05 0.54544 0.16088 0.33943 -1.3069 0.30679 0.90306 405.27 -18.833 -0.18033 0.036902 20286 1818 1370.6 0 0
1.711e+05 0.5331 0.18202 0.34929 -1.2998 0.28324 0.91573 418.03 -29.067 -0.18183 0.036922 20286 1817 1371.1 0 0
1.712e+05 0.55116 0.16695 0.34977 -1.1168 0.30945 0.87052 413.95 -19.074 -0.18333 0.036963 20286 1815 1371.5 0 0
1.713e+05 0.61453 0.14507 0.33781 -1.2684 0.28513 0.94148 395.42 -8.3235 -0.18483 0.036923 20286 1817 1372 0 0
1.714e+05 0.55966 0.18864 0.32473 -1.1894 0.31841 0.92221 406.06 -24.14 -0.18629 0.036921 20286 1816 1372.4 0 0
1.715e+05 0.58764 0.18104 0.3428 -1.2462 0.30682 0.92109 403.59 -16.948 -0.18778 0.036941 20287 1815 1372.9 0 0
1.716e+05 0.56148 0.16721 0.36973 -1.1531 0.35415 0.93265 397.35 -16.719 -0.18926 0.036941 20287 1815 1373.3 0 0
1.717e+05 0.56673 0.14195 0.35597 -1.1799 0.30308 0.95166 371.88 -10.138 -0.19076 0.036901 20287 1817 1373.8 0 0
1.718e+05 0.56012 0.18445 0.35705 -1.241 0.36268 0.89841 405.68 -22.489 -0.19226 0.03684 20287 1820 1374.3 0 0
1.719e+05 0.55375 0.15795 0.37752 -1.2416 0.3696 0.94844 444.57 -15.867 -0.1937 0.036843 20288 1820 1374.8 0 0
1.72e+05 0.53998 0.15898 0.40722 -1.2004 0.31376 0.90609 418.13 -19.501 -0.19519 0.036862 20288 1819 1375.3 0 0
1.721e+05 0.56844 0.20805 0.33578 -1.2639 0.35709 0.92271 412.48 -28.477 -0.19668 0.036863 20288 1819 1375.7 0 0
1.722e+05 0.54727 0.1737 0.3539 -1.2677 0.30167 0.91001 428.14 -21.89 -0.19816 0.036822 20289 1821 1376.2 0 0
1.723e+05 0.55576 0.18545 0.33784 -1.0942 0.32562 0.92283 414.51 -23.58 -0.19963 0.036844 20289 1820 1376.7 0 0
1.724e+05 0.56616 0.19571 0.38418 -1.0479 0.30193 0.9247 412.55 -24.856 -0.20111 0.036804 20289 1822 1377.2 0 0
1.725e+05 0.61223 0.22764 0.34404 -1.154 0.35598 0.95731 402.07 -30.312 -0.20258 0.036835 20290 1822 1377.9 0 0
1.726e+05 0.54344 0.20964 0.35266 -1.2386 0.31435 0.91036 402.82 -34.796 -0.20405 0.036834 20290 1822 1378.4 0 0
1.727e+05 0.55994 0.19872 0.33304 -1.3275 0.31035 0.92442 427.28 -27.079 -0.2055 0.036814 20291 1823 1379 0 0
1.728e+05 0.55419 0.14604 0.38133 -1.1804 0.30594 0.90185 419.15 -12.975 -0.20696 0.036815 20291 1823 1379.6 0 0
1.729e+05 0.58583 0.18935 0.34525 -1.2862 0.3 0.88775 405.45 -19.466 -0.20844 0.036836 20291 1822 1380.1 0 0
1.73e+05 0.57351 0.2068 0.38566 -1.0816 0.31508 0.91254 413.21 -26.882 -0.20992 0.036856 20292 1821 1380.7 0 0
1.731e+05 0.55861 0.15914 0.33641 -1.2616 0.30434 0.94618 400.21 -14.958 -0.21136 0.036876 20292 1820 1381.2 0 0
1.732e+05 0.56778 0.17999 0.34723 -1.2213 0.31025 0.9494 399.78 -19.021 -0.21283 0.036855 20292 1821 1381.7 0 0
1.733e+05 0.55138 0.20261 0.34346 -1.3822 0.30047 0.90777 412.01 -30.107 -0.21432 0.036875 20292 1820 1382.2 0 0
1.734e+05 0.60127 0.18431 0.34042 -1.3798 0.29055 0.95769 413.45 -17.076 -0.2158 0.036875 20293 1820 1382.7 0 0
1.735e+05 0.55471 0.18232 0.34944 -1.3704 0.31688 0.94912 421.78 -22.503 -0.21728 0.036895 20293 1819 1383.2 0 0
1.736e+05 0.51952 0.16488 0.3603 -1.304 0.30397 0.93922 412.45 -29.635 -0.21876 0.036875 20293 1820 1383.7 0 5.4925
1.737e+05 0.54222 0.17439 0.34548 -1.0365 0.31611 0.9079 399.96 -23.178 -0.22025 0.036896 20293 1819 1384.2 0 0
1.738e+05 0.55733 0.18798 0.35894 -1.1494 0.30517 0.94202 402.84 -23.546 -0.22173 0.036875 20293 1820 1384.7 0 0
1.739e+05 0.55962 0.19199 0.33648 -1.4015 0.31887 0.91431 411.83 -24.375 -0.22321 0.036794 20293 1824 1385.2 0 0
1.74e+05 0.56928 0.18052 0.34777 -1.1831 0.29081 0.92305 424.31 -18.667 -0.22468 0.036835 20293 1822 1385.7 0 0
1.741e+05 0.60679 0.16262 0.35312 -1.1173 0.31585 0.92777 425.86 -11.525 -0.22616 0.036875 20293 1820 1386.2 0 0
1.742e+05 0.63201 0.16513 0.34793 -1.2099 0.31847 0.88738 411.49 -13.093 -0.22764 0.036815 20293 1823 1386.7 0 0
1.743e+05 0.55393 0.18852 0.33513 -1.086 0.33134 0.92218 406.26 -24.325 -0.22911 0.036815 20293 1823 1387.2 0 0
1.744e+05 0.6223 0.16979 0.3763 -1.3869 0.30047 0.91734 386.65 -13.53 -0.23059 0.036774 20293 1825 1387.7 0 0
1.745e+05 0.58575 0.15948 0.36449 -1.1994 0.31416 0.91212 398.68 -11.191 -0.23206 0.036774 20293 1825 1388.2 0 0
1.746e+05 0.5721 0.14062 0.36194 -1.0544 0.31275 0.90992 399.38 -9.1384 -0.23353 0.036794 20293 1824 1388.7 0 0
1.747e+05 0.59893 0.20441 0.34781 -1.4234 0.33792 0.9439 404.99 -23.363 -0.235 0.036854 20293 1821 1389.1 0 0
1.748e+05 0.6277 0.17904 0.35996 -1.1433 0.30287 0.93678 404.3 -16.106 -0.23647 0.036893 20294 1819 1389.6 0 0
1.749e+05 0.56372 0.20158 0.33379 -1.1541 0.30403 0.91564 413.93 -26.398 -0.23794 0.036853 20294 1821 1390.1 0 0
1.75e+05 0.62488 0.15145 0.36048 -1.2471 0.33773 0.9491 400.65 -9.9745 -0.23941 0.036832 20294 1822 1390.6 0 0
1.751e+05 0.63342 0.18759 0.33664 -0.97605 0.29726 0.88528 401.83 -18.666 -0.24088 0.036772 20294 1825 1391 0 0
1.752e+05 0.55926 0.14732 0.31598 -1.3174 0.32475 0.91585 376.94 -12.284 -0.24235 0.036752 20294 1826 1391.6 0 0
1.753e+05 0.61521 0.20752 0.3588 -1.2073 0.31414 0.94378 383.49 -24.001 -0.24382 0.036732 20294 1827 1392 0 0
1.754e+05 0.56327 0.14952 0.33769 -1.2367 0.32312 0.85694 391.81 -12.032 -0.24528 0.036712 20294 1828 1392.5 0 0
1.755e+05 0.57798 0.15903 0.34303 -1.2485 0.32614 0.88145 399.98 -11.77 -0.24675 0.036652 20294 1831 1393 0 0
1.756e+05 0.56821 0.20693 0.32529 -1.2055 0.32615 0.91643 389.23 -26.996 -0.24821 0.036652 20294 1831 1393.5 0 0
1.757e+05 0.58399 0.179 0.38083 -1.2278 0.30223 0.95203 396.11 -15.795 -0.24968 0.036652 20294 1831 1394.1 0 0
1.758e+05 0.55964 0.22626 0.35901 -1.2185 0.29639 0.90349 399.98 -33.792 -0.25113 0.036632 20294 1832 1394.6 0 0
1.759e+05 0.54978 0.20408 0.35413 -1.3799 0.34406 0.88447 415.53 -30.232 -0.2526 0.036592 20294 1834 1395.1 0 0
1.76e+05 0.60563 0.17556 0.34019 -1.3111 0.3092 0.92804 408.54 -14.384 -0.25406 0.036572 20294 1835 1395.7 0 0
1.761e+05 0.58435 0.18115 0.35457 -1.2282 0.31567 0.89663 372.4 -16.2 -0.25552 0.036572 20294 1835 1396.1 0 0
1.762e+05 0.60485 0.17762 0.34971 -1.2896 0.30986 0.93294 402.28 -14.86 -0.25697 0.036611 20294 1833 1396.6 0 0
1.763e+05 0.61379 0.17574 0.35111 -1.0218 0.3297 0.95917 408.54 -14.484 -0.25843 0.036651 20294 1831 1397.1 0 0
1.764e+05 0.56436 0.16702 0.35684 -1.2729 0.30418 0.91273 389.36 -15.511 -0.25989 0.036591 20295 1834 1397.6 0 0
1.765e+05 0.52765 0.14756 0.3692 -0.88335 0.31783 0.94099 422.85 -20.448 -0.26135 0.036531 20295 1837 1398.1 0 0.27536
1.766e+05 0.58401 0.16235 0.37863 -1.1393 0.30377 0.8603 414.69 -11.694 -0.2628 0.036453 20295 1841 1398.5 0 0
1.767e+05 0.57505 0.1462 0.3512 -1.1235 0.30008 0.89708 411.02 -9.6778 -0.26425 0.036473 20295 1840 1399 0 0
1.768e+05 0.52102 0.1747 0.34196 -1.2485 0.30021 0.90221 391.68 -31.385 -0.2657 0.036453 20295 1841 1399.5 0 4.032
1.769e+05 0.56956 0.1362 0.33517 -1.2551 0.33731 0.89013 423.31 -8.5285 -0.26715 0.036473 20295 1840 1399.9 0 0
1.77e+05 0.61272 0.13373 0.35714 -1.3693 0.29458 0.9247 408.35 -5.9837 -0.26859 0.036453 20295 1841 1400.3 0 0
1.771e+05 0.54287 0.104 0.37978 -1.1498 0.29532 0.87436 405.49 -7.2079 -0.27001 0.036433 20296 1842 1400.7 0 0
1.772e+05 0.57419 0.14841 0.37129 -1.1029 0.30297 0.95686 395.91 -10.065 -0.27143 0.036414 20296 1843 1401.1 0 0
1.773e+05 0.59603 0.1239 0.34739 -1.1794 0.32237 0.9188 379.77 -4.5865 -0.27286 0.036445 20297 1841 1401.5 0 0
1.774e+05 0.57199 0.14346 0.36574 -1.3106 0.30822 0.9186 409.85 -9.3749 -0.2743 0.036405 20297 1843 1402 0 0
1.775e+05 0.55314 0.1537 0.3415 -0.98608 0.329 0.94848 410.11 -14.41 -0.27574 0.036405 20297 1843 1402.4 0 0
1.776e+05 0.55954 0.12564 0.35539 -1.1414 0.29541 0.95501 414.18 -7.9767 -0.27718 0.036385 20297 1844 1402.8 0 0
1.777e+05 0.6185 0.1657 0.33183 -1.2144 0.31761 0.90168 420.92 -12.113 -0.27862 0.036385 20298 1844 1403.3 0 0
1.778e+05 0.6376 0.15751 0.34434 -1.0988 0.3075 0.93967 421.67 -11.604 -0.28005 0.036366 20298 1845 1403.7 0 0
1.779e+05 0.57245 0.14225 0.34708 -1.2361 0.30592 0.88773 419.25 -9.022 -0.28147 0.036346 20298 1846 1404.1 0 0
1.78e+05 0.64313 0.15695 0.37244 -1.2042 0.3154 0.94369 426.36 -11.82 -0.28291 0.036346 20299 1846 1404.5 0 0
1.781e+05 0.62048 0.18377 0.37176 -1.2972 0.34273 0.94446 401.97 -16.76 -0.28435 0.036307 20299 1848 1404.9 0 0
1.782e+05 0.584 0.15841 0.38012 -1.2147 0.29306 0.9331 417.36 -10.67 -0.28578 0.036287 20299 1849 1405.3 0 0
1.783e+05 0.61222 0.16922 0.35741 -1.3416 0.31259 0.90904 407.88 -12.642 -0.28721 0.036307 20299 1848 1405.8 0 0
1.784e+05 0.56171 0.1373 0.3641 -1.2761 0.29866 0.93646 386.12 -9.5774 -0.28864 0.036307 20299 1848 1406.2 0 0
1.785e+05 0.55562 0.15944 0.33605 -1.1208 0.31311 0.96132 379.85 -15.044 -0.29008 0.036307 20299 1848 1406.6 0 0
1.786e+05 0.55383 0.18035 0.35385 -1.16 0.30355 0.86787 402.77 -21.082 -0.29152 0.036307 20299 1848 1407.1 0 0
1.787e+05 0.58582 0.1561 0.37401 -1.1717 0.32698 0.93534 399.98 -10.023 -0.29296 0.036307 20299 1848 1407.6 0 0
1.788e+05 0.57127 0.15002 0.36514 -1.2032 0.31391 0.92581 417.29 -10.459 -0.2944 0.036287 20300 1849 1408 0 0
1.789e+05 0.56251 0.14477 0.34924 -1.2354 0.35018 0.91219 431.43 -10.815 -0.29583 0.036307 20300 1848 1408.5 0 0
1.79e+05 0.57356 0.15978 0.37589 -1.1379 0.30856 0.9325 420.2 -11.906 -0.29727 0.036307 20300 1848 1408.9 0 0
1.791e+05 0.55985 0.16794 0.34762 -1.228 0.30822 0.91193 413.98 -16.131 -0.2987 0.036346 20300 1846 1409.4 0 0
1.792e+05 0.62907 0.16186 0.34702 -1.4758 0.30624 0.8786 425.62 -11.875 -0.30012 0.036366 20300 1845 1409.8 0 0
1.793e+05 0.5697 0.13487 0.37999 -1.4985 0.30462 0.89519 396.06 -8.0353 -0.30154 0.036346 20300 1846 1410.2 0 0
1.794e+05 0.56149 0.14957 0.3441 -1.2818 0.31464 0.92852 420.49 -11.846 -0.30296 0.036306 20301 1848 1410.7 0 0
1.795e+05 0.59888 0.1349 0.37642 -1.1287 0.31356 0.93814 408.27 -6.1534 -0.30438 0.036346 20301 1846 1411.1 0 0
1.796e+05 0.60729 0.19196 0.33599 -1.1375 0.30654 0.9219 405.69 -18.801 -0.30581 0.036347 20301 1846 1411.6 0 0
1.797e+05 0.59589 0.2218 0.35696 -1.3714 0.32311 0.88576 425.59 -28.13 -0.30724 0.036326 20301 1847 1412.2 0 0
1.798e+05 0.62716 0.20453 0.36803 -1.2637 0.2971 0.87006 400.02 -23.026 -0.30867 0.036268 20301 1850 1412.6 0 0
1.799e+05 0.55774 0.16408 0.38393 -1.134 0.298 0.95628 435.23 -15.413 -0.31009 0.036307 20301 1848 1413.1 0 0
1.8e+05 0.61214 0.17532 0.35885 -1.2524 0.34019 0.93669 411 -14.011 -0.31151 0.036268 20302 1850 1413.6 0 0
1.801e+05 0.5913 0.19414 0.36828 -1.2805 0.28639 0.94878 400.02 -19.442 -0.31293 0.036268 20302 1850 1414.1 0 0
1.802e+05 0.55054 0.2121 0.36364 -1.1201 0.30772 0.94727 395.81 -31.51 -0.31435 0.036269 20302 1850 1414.6 0 0
1.803e+05 0.57895 0.13079 0.33033 -1.4065 0.3227 0.93642 418.92 -6.4799 -0.31575 0.036327 20302 1847 1415 0 0
1.804e+05 0.60299 0.16525 0.3505 -1.3023 0.29884 0.82438 386.97 -11.353 -0.31717 0.036326 20302 1847 1415.5 0 0
1.805e+05 0.6393 0.16732 0.34644 -1.102 0.31918 0.92669 414.58 -13.709 -0.3186 0.036346 20303 1846 1415.9 0 0
1.806e+05 0.60803 0.14412 0.3487 -1.1005 0.30616 0.89897 395.43 -7.6 -0.32001 0.036346 20303 1846 1416.4 0 0
1.807e+05 0.58769 0.144 0.33834 -1.1889 0.31446 0.94174 411.17 -7.7963 -0.32141 0.036345 20303 1846 1416.8 0 0
1.808e+05 0.60534 0.14932 0.34808 -1.051 0.3118 0.9187 433.12 -8.3408 -0.32283 0.036345 20303 1846 1417.2 0 0
1.809e+05 0.6224 0.18086 0.322 -1.1729 0.29342 0.91876 434.57 -15.737 -0.32425 0.036365 20303 1845 1417.7 0 0
1.81e+05 0.63208 0.1657 0.35312 -1.2396 0.31271 0.91435 428.6 -12.697 -0.32566 0.036306 20304 1848 1418.1 0 0
1.811e+05 0.58924 0.18149 0.34511 -1.2715 0.30644 0.90659 445.21 -15.459 -0.32706 0.036267 20304 1850 1418.6 0 0
1.812e+05 0.6387 0.18478 0.35182 -1.3647 0.3038 0.90946 410.4 -17.645 -0.32844 0.036227 20305 1852 1419.1 0 0
1.813e+05 0.6115 0.20305 0.34994 -1.353 0.31267 0.91249 430.41 -22.088 -0.32985 0.036227 20305 1852 1419.6 0 0
1.814e+05 0.62123 0.16376 0.32895 -1.0737 0.31502 0.94949 423.87 -11.38 -0.33127 0.036168 20305 1855 1420 0 0
1.815e+05 0.60574 0.19309 0.33348 -1.2849 0.29955 0.92754 428.48 -18.909 -0.33269 0.036129 20305 1857 1420.5 0 0
1.816e+05 0.62669 0.21071 0.34808 -1.1053 0.30263 0.92375 421.47 -24.834 -0.3341 0.036168 20305 1855 1421 0 0
1.817e+05 0.68063 0.20561 0.34015 -1.2518 0.32629 0.90756 436.09 -26.295 -0.33552 0.036148 20305 1856 1421.5 0 0
1.818e+05 0.64 0.21025 0.34269 -1.2416 0.30915 0.97508 398.65 -25.331 -0.33694 0.036168 20305 1855 1422 0 0
1.819e+05 0.61983 0.2294 0.33025 -1.2284 0.33228 0.91806 408.88 -30.387 -0.33835 0.036187 20305 1854 1422.6 0 0
1.82e+05 0.59514 0.21574 0.35805 -1.3989 0.31394 0.86627 416.57 -26.207 -0.33977 0.036148 20305 1856 1423.2 0 0
1.821e+05 0.61531 0.18601 0.36782 -1.0959 0.3024 0.95566 421.91 -16.72 -0.34119 0.036148 20305 1856 1423.8 0 0
1.822e+05 0.64521 0.1918 0.34706 -1.1834 0.31779 0.96454 423.35 -19.931 -0.3426 0.03609 20305 1859 1424.3 0 0
1.823e+05 0.6776 0.1756 0.34577 -1.226 0.30702 0.9132 434.78 -16.924 -0.34401 0.036109 20305 1858 1424.8 0 0
1.824e+05 0.65137 0.21908 0.34083 -1.2705 0.32119 0.93132 437.21 -28.873 -0.34542 0.036129 20305 1857 1425.4 0 0
1.825e+05 0.63418 0.19672 0.34166 -1.2325 0.29935 0.94003 441.21 -20.601 -0.34683 0.036109 20305 1858 1426 0 0
1.826e+05 0.58361 0.17966 0.33472 -1.3388 0.30749 0.92254 414.82 -15.26 -0.34824 0.036148 20305 1856 1426.4 0 0
1.827e+05 0.64762 0.17894 0.3502 -1.4407 0.29766 0.88997 426.96 -16.33 -0.34964 0.036148 20305 1856 1426.9 0 0
1.828e+05 0.63328 0.19559 0.33339 -1.1555 0.33853 0.934 402.22 -20.108 -0.35105 0.036128 20305 1857 1427.4 0 0
1.829e+05 0.67056 0.20421 0.42001 -1.2479 0.3033 0.90654 447.12 -25.069 -0.35245 0.036148 20306 1856 1427.9 0 0
1.83e+05 0.61003 0.21128 0.36047 -1.4239 0.30947 0.93417 413.41 -24.484 -0.35386 0.036148 20306 1856 1428.5 0 0
1.831e+05 0.63913 0.20924 0.36868 -1.1273 0.30899 0.86691 435.91 -24.628 -0.35526 0.036129 20306 1857 1429 0 0
1.832e+05 0.62354 0.21353 0.36231 -1.3943 0.33394 0.91523 444.34 -25.344 -0.35667 0.036109 20306 1858 1429.5 0 0
1.833e+05 0.64774 0.21435 0.34815 -1.3253 0.30847 0.92787 440.03 -26.85 -0.35807 0.036109 20306 1858 1430.1 0 0
1.834e+05 0.62025 0.22818 0.33651 -1.4867 0.32102 0.91774 421.59 -29.722 -0.35948 0.03609 20306 1859 1430.6 0 0
1.835e+05 0.61982 0.18985 0.37897 -1.3118 0.31146 0.92668 429.44 -17.571 -0.36088 0.036071 20306 1860 1431.1 0 0
1.836e+05 0.66193 0.20698 0.34144 -1.2797 0.29023 0.92513 419.78 -25.574 -0.36228 0.036071 20306 1860 1431.6 0 0
1.837e+05 0.60301 0.18554 0.35485 -1.3163 0.31271 0.88649 422.74 -16.123 -0.36368 0.036148 20306 1856 1432.1 0 0
1.838e+05 0.62367 0.19593 0.39861 -1.3713 0.30592 0.81055 411.51 -19.385 -0.36508 0.036109 20306 1858 1432.6 0 0
1.839e+05 0.54699 0.17232 0.35513 -1.5006 0.31607 0.88743 423.52 -20.127 -0.36647 0.036012 20306 1863 1433.1 0 0
1.84e+05 0.60698 0.15001 0.35076 -1.1199 0.31787 0.9082 416.56 -8.3225 -0.36787 0.036031 20306 1862 1433.6 0 0
1.841e+05 0.63127 0.1884 0.35319 -1.293 0.30968 0.90655 407.26 -17.651 -0.36927 0.036012 20306 1863 1434.1 0 0
1.842e+05 0.58434 0.15122 0.35151 -1.4357 0.29842 0.93069 424.56 -8.9645 -0.37066 0.035993 20306 1864 1434.6 0 0
1.843e+05 0.58396 0.16812 0.36606 -1.2898 0.30495 0.91003 404.51 -12.214 -0.37206 0.035993 20306 1864 1435 0 0
1.844e+05 0.55206 0.17752 0.35956 -1.2172 0.31042 0.88811 405.82 -20.188 -0.37344 0.035954 20306 1866 1435.4 0 0
1.845e+05 0.62453 0.21657 0.368 -1.2966 0.30164 0.94952 420.12 -26.084 -0.37483 0.035974 20307 1865 1435.9 0 0
1.846e+05 0.59837 0.17237 0.36542 -1.3814 0.3201 0.92194 407.5 -12.546 -0.37622 0.036032 20307 1862 1436.4 0 0
1.847e+05 0.57843 0.20495 0.35105 -1.4526 0.31841 0.96297 426.71 -23.817 -0.37762 0.036012 20307 1863 1436.9 0 0
1.848e+05 0.59636 0.14086 0.35565 -1.2864 0.31281 0.91434 419.31 -6.9543 -0.37901 0.035993 20307 1864 1437.3 0 0
1.849e+05 0.59765 0.1698 0.34056 -1.1988 0.30134 0.93514 414.12 -11.934 -0.3804 0.035993 20307 1864 1437.8 0 0
1.85e+05 0.58486 0.18583 0.3547 -1.2879 0.29909 0.94568 392.97 -16.583 -0.38179 0.035993 20307 1864 1438.2 0 0
1.851e+05 0.58818 0.21937 0.35577 -1.2138 0.30525 0.94468 405.99 -27.048 -0.38318 0.035974 20307 1865 1438.7 0 0
1.852e+05 0.64166 0.18035 0.34961 -1.407 0.3165 0.92483 427.25 -16.057 -0.38457 0.035974 20307 1865 1439.2 0 0
1.853e+05 0.56134 0.18464 0.34327 -1.4015 0.33053 0.9216 418.44 -20.062 -0.38595 0.035955 20307 1866 1439.7 0 0
1.854e+05 0.61393 0.1828 0.35902 -1.3309 0.30033 0.89159 403.12 -15.061 -0.38734 0.035993 20307 1864 1440.2 0 0
1.855e+05 0.64368 0.19768 0.33316 -1.2314 0.30125 0.91541 428.45 -21.012 -0.38873 0.036051 20307 1861 1440.7 0 0
1.856e+05 0.60088 0.20007 0.38072 -1.238 0.30561 0.93856 407.3 -20.365 -0.39012 0.03609 20307 1859 1441.2 0 0
1.857e+05 0.60419 0.21386 0.3507 -1.4259 0.32766 0.93187 411.75 -24.817 -0.3915 0.036071 20307 1860 1441.7 0 0
1.858e+05 0.58335 0.16986 0.34102 -1.2849 0.30464 0.88025 420.79 -12.502 -0.39288 0.036013 20307 1863 1442.1 0 0
1.859e+05 0.59118 0.15981 0.367 -1.4829 0.30918 0.93586 408.59 -9.8871 -0.39426 0.036051 20307 1861 1442.6 0 0
1.86e+05 0.66009 0.20203 0.37443 -1.1221 0.29479 0.9488 395.26 -23.68 -0.39565 0.036032 20307 1862 1443.1 0 0
1.861e+05 0.63902 0.20102 0.3674 -1.271 0.31255 0.94097 395.42 -21.576 -0.39702 0.035956 20308 1866 1443.6 0 0
1.862e+05 0.63438 0.23783 0.35694 -1.3102 0.31219 0.9238 408.69 -32.802 -0.3984 0.035937 20308 1867 1444.1 0 0
1.863e+05 0.60597 0.17041 0.33341 -1.2472 0.30385 0.93042 422.85 -11.856 -0.39978 0.035917 20308 1868 1444.6 0 0
1.864e+05 0.58072 0.20889 0.3401 -1.3695 0.3343 0.9395 408.41 -24.44 -0.40115 0.035935 20308 1867 1445.2 0 0
1.865e+05 0.62933 0.17251 0.33684 -1.3154 0.29989 0.92519 427.26 -13.26 -0.40251 0.035897 20308 1869 1445.7 0 0
1.866e+05 0.58922 0.1715 0.34869 -1.5056 0.31956 0.90373 401.2 -12.34 -0.40387 0.035897 20309 1869 1446.1 0 0
1.867e+05 0.5856 0.1811 0.35082 -1.2804 0.29894 0.92052 405.82 -14.91 -0.40521 0.035858 20309 1871 1446.6 0 0
1.868e+05 0.60435 0.16521 0.38241 -1.3954 0.30406 0.94867 413.54 -10.716 -0.40658 0.035839 20310 1872 1447.1 0 0
1.869e+05 0.58732 0.13554 0.36115 -1.3659 0.3007 0.88562 420.73 -6.506 -0.40789 0.035821 20310 1873 1447.5 0 0
1.87e+05 0.56925 0.15164 0.37428 -1.3156 0.31349 0.93366 404.99 -10.548 -0.40922 0.03584 20311 1872 1448 0 0
1.871e+05 0.54307 0.15547 0.3593 -1.309 0.32518 0.96087 405.9 -16.7 -0.41051 0.03582 20312 1873 1448.5 0 0
1.872e+05 0.5886 0.16152 0.37615 -1.2154 0.34765 0.91243 406.61 -10.111 -0.41187 0.035801 20313 1874 1448.9 0 0
1.873e+05 0.56593 0.17532 0.37433 -1.3161 0.33222 0.9098 410.43 -16.093 -0.41323 0.035839 20313 1872 1449.4 0 0
1.874e+05 0.61998 0.19884 0.3717 -1.314 0.38429 0.8917 398.41 -19.524 -0.41458 0.035892 20313 1868 1449.9 0 0
1.875e+05 0.63567 0.18146 0.36374 -1.2222 0.35708 0.91086 407.29 -15.701 -0.41593 0.035873 20314 1869 1450.4 0 0
1.876e+05 0.53815 0.16682 0.36514 -1.2799 0.35506 0.86833 411.13 -20.946 -0.41707 0.035852 20317 1870 1450.8 0 0
1.877e+05 0.58975 0.1932 0.35317 -1.4364 0.36536 0.92671 427.48 -18.113 -0.41791 0.03585 20323 1870 1451.3 0 0
1.878e+05 0.5502 0.16245 0.34507 -1.2171 0.34262 0.93486 412.1 -16.286 -0.41911 0.036006 20325 1871 1451.7 0 0
1.879e+05 0.61882 0.16338 0.3414 -1.3587 0.35992 0.95135 381.47 -10.581 -0.42029 0.036004 20328 1871 1452.2 0 0
1.88e+05 0.59822 0.21646 0.33757 -1.168 0.37995 0.89485 421.59 -25.454 -0.42158 0.035966 20329 1873 1452.7 0 0
1.881e+05 0.56585 0.19945 0.37004 -1.3004 0.35633 0.9145 403.95 -23.25 -0.42292 0.035966 20330 1873 1453.3 0 0
1.882e+05 0.58397 0.17694 0.33014 -1.4215 0.36611 0.92543 430.78 -13.779 -0.42413 0.035983 20332 1872 1453.8 0 0
1.883e+05 0.60389 0.15946 0.35495 -1.4293 0.39533 0.917 414.54 -9.5067 -0.42542 0.035966 20333 1873 1454.3 0 0
1.884e+05 0.5994 0.15755 0.36895 -1.3375 0.35312 0.93427 422.75 -9.2253 -0.42659 0.036004 20336 1871 1454.8 0 0
1.885e+05 0.62428 0.17642 0.36461 -1.3217 0.36964 0.91229 411.74 -13.587 -0.42794 0.036023 20336 1870 1455.3 0 0
1.886e+05 0.60348 0.18661 0.35663 -1.149 0.36182 0.86471 410.97 -15.543 -0.42926 0.035987 20337 1872 1455.9 0 0
1.887e+05 0.59907 0.21083 0.34049 -1.4165 0.36359 0.90978 421.08 -23.397 -0.4306 0.035987 20338 1872 1456.4 0 0
1.888e+05 0.61185 0.20174 0.34666 -1.169 0.34756 0.94922 433.03 -20.156 -0.43195 0.036025 20338 1870 1456.9 0 0
1.889e+05 0.61535 0.20637 0.34381 -1.1812 0.34029 0.93369 420.88 -21.633 -0.43332 0.036025 20338 1870 1457.5 0 0
1.89e+05 0.57134 0.21794 0.3309 -1.5332 0.36693 0.90833 422.2 -27.435 -0.43467 0.036023 20338 1870 1458 0 0
1.891e+05 0.60811 0.23656 0.36171 -1.461 0.34727 0.91483 416.3 -30.916 -0.43603 0.036003 20338 1871 1458.6 0 0
1.892e+05 0.61106 0.23552 0.32886 -1.1721 0.31489 0.93683 420.31 -30.63 -0.43738 0.035965 20338 1873 1459.2 0 0
1.893e+05 0.66165 0.23689 0.36486 -1.3664 0.31412 0.88589 416.61 -35.005 -0.43871 0.036022 20339 1870 1459.8 0 0
1.894e+05 0.59314 0.23106 0.39876 -1.177 0.32592 0.91076 421.52 -29.053 -0.44003 0.035965 20339 1873 1460.4 0 0
1.895e+05 0.6296 0.20574 0.3602 -1.2986 0.37049 0.94503 421.78 -21.974 -0.44132 0.035928 20340 1875 1461 0 0
1.896e+05 0.61652 0.22207 0.3377 -1.2885 0.33879 0.85914 423.61 -26.645 -0.44261 0.035928 20341 1875 1461.6 0 0
1.897e+05 0.63618 0.21187 0.36046 -1.3156 0.34018 0.86125 432.79 -24.509 -0.44388 0.035927 20343 1874 1462.1 0 0
1.898e+05 0.5966 0.23431 0.39001 -1.3381 0.36146 0.92307 430.47 -29.842 -0.44517 0.036001 20344 1870 1462.7 0 0
1.899e+05 0.60732 0.23604 0.37564 -1.3885 0.37202 0.93597 427.53 -30.425 -0.44652 0.036065 20344 1867 1463.3 0 0
1.9e+05 0.6082 0.21534 0.38484 -1.3265 0.38278 0.93095 409.54 -24.438 -0.44786 0.036045 20344 1868 1463.9 0 0
1.901e+05 0.63778 0.20496 0.36905 -1.2996 0.35039 0.9262 445.5 -22.356 -0.4492 0.036026 20344 1869 1464.5 0 0
1.902e+05 0.61531 0.24219 0.38683 -1.3379 0.32118 0.95442 407.88 -32.313 -0.45054 0.036026 20344 1869 1465.1 0 0
1.903e+05 0.56136 0.19892 0.35907 -1.3731 0.31529 0.89195 401.56 -23.65 -0.4519 0.035949 20345 1873 1465.7 0 0
1.904e+05 0.67056 0.24536 0.36719 -1.3418 0.33231 0.90691 386.6 -36.534 -0.45325 0.035949 20345 1873 1466.3 0 0
1.905e+05 0.61517 0.23983 0.34068 -1.163 0.36333 0.83599 414.26 -31.558 -0.45459 0.035968 20345 1872 1467 0 0
1.906e+05 0.61577 0.23486 0.34684 -1.1962 0.32198 0.91098 414.44 -30.193 -0.45593 0.035949 20345 1873 1467.6 0 0
1.907e+05 0.5871 0.20022 0.34213 -1.3532 0.32354 0.93919 435.48 -20.212 -0.45725 0.035968 20345 1872 1468.2 0 0
1.908e+05 0.60252 0.25123 0.37456 -1.2757 0.32106 0.90954 417.82 -34.431 -0.45859 0.035932 20346 1874 1468.8 0 0
1.909e+05 0.58879 0.24095 0.35858 -1.5216 0.38101 0.94291 419.81 -31.569 -0.45982 0.035931 20347 1874 1469.4 0 0
1.91e+05 0.58718 0.23075 0.35993 -1.1041 0.32751 0.92934 379.68 -28.796 -0.46109 0.035874 20348 1877 1470 0 0
1.911e+05 0.5852 0.21734 0.32914 -1.1923 0.30424 0.953 393.99 -25.52 -0.46239 0.035925 20349 1874 1470.6 0 0
1.912e+05 0.63121 0.24341 0.34832 -1.3953 0.31706 0.88029 407.75 -33.129 -0.46371 0.035966 20349 1871 1471.2 0 0
1.913e+05 0.63677 0.22845 0.36649 -1.2205 0.32753 0.908 424.77 -29.328 -0.46505 0.035985 20349 1870 1471.7 0 0
1.914e+05 0.61494 0.21765 0.34132 -1.4674 0.32076 0.91799 401.75 -24.783 -0.46636 0.035927 20350 1873 1472.3 0 0
1.915e+05 0.60366 0.23443 0.38175 -1.2266 0.30317 0.95162 390.53 -29.344 -0.46771 0.035927 20350 1873 1472.9 0 0
1.916e+05 0.67024 0.20184 0.3314 -1.2762 0.3634 0.94517 435.01 -24.126 -0.46905 0.035928 20350 1873 1473.5 0 0
1.917e+05 0.5706 0.22112 0.35497 -1.5953 0.34652 0.90577 423.69 -27.748 -0.4704 0.035947 20350 1872 1474 0 0
1.918e+05 0.61716 0.22385 0.3642 -1.4909 0.34368 0.9453 430.72 -26.547 -0.47174 0.035928 20350 1873 1474.5 0 0
1.919e+05 0.61988 0.2148 0.34889 -1.361 0.32658 0.87412 402.45 -23.893 -0.47307 0.035928 20350 1873 1475 0 0
1.92e+05 0.58343 0.21506 0.33198 -1.3295 0.3194 0.8999 410.54 -24.849 -0.47436 0.035891 20351 1875 1475.6 0 0
1.921e+05 0.62113 0.21294 0.35892 -1.3197 0.32641 0.92668 445.76 -23.306 -0.47567 0.035889 20351 1875 1476.2 0 0
1.922e+05 0.55947 0.20909 0.33902 -1.3894 0.31013 0.91917 419.81 -26.215 -0.47698 0.035832 20352 1878 1476.7 0 0
1.923e+05 0.64031 0.20713 0.35334 -1.2865 0.30568 0.93976 421.84 -22.963 -0.4783 0.035832 20352 1878 1477.2 0 0
1.924e+05 0.65274 0.1985 0.33985 -1.2887 0.32551 0.94785 443.07 -21.383 -0.47963 0.035813 20352 1879 1477.8 0 0
1.925e+05 0.61087 0.18533 0.34876 -1.3802 0.31099 0.89669 423.18 -14.983 -0.48096 0.035776 20353 1881 1478.2 0 0
1.926e+05 0.54427 0.19531 0.37602 -1.3107 0.30829 0.93297 426.52 -26.226 -0.48227 0.035794 20353 1880 1478.7 0 0
1.927e+05 0.62847 0.21351 0.3979 -1.3936 0.30132 0.88305 417.95 -23.841 -0.48347 0.035763 20355 1882 1479.2 0 0
1.928e+05 0.65883 0.22235 0.37205 -1.3729 0.33304 0.93961 426.66 -29.721 -0.48468 0.035758 20357 1883 1479.8 0 0
1.929e+05 0.60248 0.13896 0.37813 -1.5122 0.31966 0.93028 429.96 -6.512 -0.48598 0.035741 20357 1884 1480.4 0 0
1.93e+05 0.60892 0.16873 0.34788 -1.4579 0.31109 0.91859 434.08 -11.151 -0.48725 0.035667 20358 1888 1480.8 0 0
1.931e+05 0.62996 0.16081 0.36758 -1.314 0.36787 0.92681 414.44 -10.992 -0.48857 0.035705 20359 1886 1481.3 0 0
1.932e+05 0.56218 0.1909 0.36759 -1.2875 0.32558 0.90997 381.07 -20.649 -0.48966 0.035692 20362 1886 1481.8 0 0
1.933e+05 0.6544 0.19383 0.37051 -1.1483 0.33543 0.95427 399.37 -20.147 -0.49099 0.035729 20362 1884 1482.3 0 0
1.934e+05 0.61142 0.16961 0.35386 -1.3146 0.32617 0.92048 397.38 -11.329 -0.49231 0.035767 20362 1882 1482.8 0 0
1.935e+05 0.53451 0.14377 0.35439 -1.32 0.36708 0.89572 377.82 -16.834 -0.49359 0.035729 20363 1884 1483.2 0 0
1.936e+05 0.58656 0.19742 0.3306 -1.4434 0.36051 0.93942 373.9 -18.844 -0.49483 0.03568 20364 1887 1483.6 0 0
1.937e+05 0.5517 0.15195 0.34004 -1.4991 0.33519 0.91639 409.17 -13.54 -0.49612 0.035676 20365 1887 1484.1 0 0
1.938e+05 0.59719 0.14549 0.34581 -1.2392 0.35155 0.92706 407.01 -7.4085 -0.49743 0.035656 20365 1888 1484.5 0 0
1.939e+05 0.57877 0.16725 0.34924 -1.3008 0.31224 0.93279 392.86 -11.807 -0.49874 0.035675 20366 1887 1485 0 0
1.94e+05 0.56422 0.20867 0.32537 -1.3453 0.32353 0.9156 393.81 -24.976 -0.50006 0.035675 20366 1887 1485.5 0 0
1.941e+05 0.601 0.16983 0.34785 -1.3968 0.35573 0.94272 361.03 -11.073 -0.50139 0.035637 20366 1889 1486 0 0
1.942e+05 0.57466 0.21523 0.35162 -1.4175 0.33297 0.9387 380.99 -25.39 -0.50271 0.03558 20366 1892 1486.5 0 0
1.943e+05 0.60349 0.18266 0.34113 -1.3472 0.33738 0.89649 395.43 -13.939 -0.50403 0.03558 20366 1892 1487 0 0
1.944e+05 0.55507 0.18889 0.34308 -1.4027 0.36776 0.88867 397.67 -21.389 -0.50536 0.035562 20366 1893 1487.5 0 0
1.945e+05 0.61211 0.16712 0.38292 -1.3779 0.32597 0.92439 389.09 -10.777 -0.50667 0.035562 20366 1893 1488 0 0
1.946e+05 0.5768 0.19763 0.36175 -1.3501 0.36994 0.88329 414.8 -19.906 -0.50798 0.035543 20367 1894 1488.5 0 0
1.947e+05 0.58663 0.19959 0.35234 -1.2282 0.34986 0.95432 433.56 -19.288 -0.5093 0.035562 20367 1893 1489 0 0
1.948e+05 0.53172 0.14327 0.32774 -1.3913 0.3627 0.92029 406.53 -17.575 -0.51062 0.035524 20367 1895 1489.5 0 0
1.949e+05 0.52307 0.1681 0.35318 -1.3834 0.33439 0.94588 398.23 -26.983 -0.51194 0.035505 20367 1896 1490.1 0 2.4034
1.95e+05 0.54317 0.18107 0.3501 -1.3363 0.32689 0.9283 389.58 -22.2 -0.51326 0.035505 20367 1896 1490.6 0 0
1.951e+05 0.58446 0.18046 0.34402 -1.2578 0.37421 0.87301 377.99 -13.981 -0.51457 0.035505 20367 1896 1491.1 0 0
1.952e+05 0.58596 0.2045 0.39142 -1.1688 0.36235 0.93744 368.02 -20.84 -0.51589 0.035487 20367 1897 1491.6 0 0
1.953e+05 0.59093 0.19887 0.35573 -1.5379 0.32833 0.86826 395.77 -18.593 -0.51721 0.035506 20367 1896 1492.1 0 0
1.954e+05 0.58652 0.20138 0.36227 -1.4137 0.34686 0.89075 382.89 -19.751 -0.51852 0.035487 20367 1897 1492.6 0 0
1.955e+05 0.61379 0.20918 0.36124 -1.3012 0.3316 0.89355 406.67 -21.533 -0.51984 0.035487 20367 1897 1493.1 0 0
1.956e+05 0.55758 0.21552 0.35158 -1.3455 0.36225 0.9577 387.84 -27.64 -0.52116 0.035468 20367 1898 1493.7 0 0
1.957e+05 0.57251 0.17181 0.37547 -1.3078 0.36272 0.87437 420.33 -13.396 -0.52247 0.035412 20367 1901 1494.2 0 0
1.958e+05 0.57683 0.16959 0.34828 -1.3775 0.34297 0.91333 402.35 -12.336 -0.52378 0.035394 20367 1902 1494.7 0 0
1.959e+05 0.56182 0.18967 0.32447 -1.3011 0.35377 0.91807 394.85 -19.78 -0.52499 0.035445 20368 1899 1495.2 0 0
1.96e+05 0.64256 0.19008 0.37262 -1.1978 0.32141 0.91462 404.2 -18.098 -0.52629 0.035461 20369 1898 1495.7 0 0
1.961e+05 0.57749 0.19675 0.34612 -1.2329 0.36477 0.92543 371.94 -19.175 -0.52759 0.035389 20369 1902 1496.2 0 0
1.962e+05 0.56628 0.20691 0.37607 -1.2544 0.34659 0.90239 386.22 -23.701 -0.52888 0.035335 20369 1905 1496.8 0 0
1.963e+05 0.57246 0.15496 0.34034 -1.257 0.35072 0.88784 371.71 -10.21 -0.53019 0.035319 20369 1906 1497.3 0 0
1.964e+05 0.55993 0.23205 0.36655 -1.1087 0.32809 0.92893 360.42 -30.97 -0.53146 0.035335 20370 1905 1497.8 0 0
1.965e+05 0.58317 0.20279 0.3532 -1.346 0.35587 0.8859 367.28 -20.278 -0.53269 0.035343 20371 1906 1498.3 0 0
1.966e+05 0.55925 0.16264 0.34846 -1.4626 0.35196 0.92832 384.62 -13.637 -0.53387 0.035341 20373 1906 1498.8 0 0
1.967e+05 0.55503 0.18233 0.34798 -1.3751 0.32189 0.89818 404.49 -18.962 -0.53513 0.035322 20374 1907 1499.3 0 0
1.968e+05 0.59878 0.1415 0.38745 -1.4469 0.35192 0.83668 397.73 -6.763 -0.53638 0.035303 20375 1908 1499.7 0 0
1.969e+05 0.54175 0.17493 0.33825 -1.2852 0.3261 0.90236 392.34 -20.752 -0.53767 0.035322 20375 1907 1500.2 0 0
1.97e+05 0.58497 0.14924 0.40104 -1.4161 0.32977 0.9172 390.58 -8.1753 -0.53887 0.035303 20377 1908 1500.7 0 0
1.971e+05 0.54423 0.20189 0.34697 -1.4735 0.33102 0.94941 373.71 -26.896 -0.54007 0.035266 20378 1910 1501.2 0 0
1.972e+05 0.62532 0.17284 0.37569 -1.1675 0.3496 0.87969 390.43 -12.556 -0.54136 0.035213 20379 1913 1501.6 0 0
1.973e+05 0.60615 0.15712 0.38612 -1.3992 0.35393 0.8745 394.63 -8.8398 -0.54263 0.035212 20379 1913 1502.1 0 0
1.974e+05 0.54145 0.17241 0.34567 -1.3689 0.35157 0.96269 375.72 -20.094 -0.54391 0.03515 20380 1916 1502.6 0 0
1.975e+05 0.55834 0.16688 0.34709 -1.1537 0.31055 0.94328 413.15 -14.493 -0.54513 0.035148 20381 1916 1503.1 0 0
1.976e+05 0.60394 0.19248 0.35667 -1.3026 0.34107 0.91497 402.15 -16.306 -0.54634 0.035148 20382 1916 1503.5 0 0
1.977e+05 0.54939 0.16031 0.3712 -1.301 0.34091 0.84368 400.12 -15.249 -0.54755 0.03517 20384 1916 1504 0 0
1.978e+05 0.63751 0.16287 0.38962 -1.3753 0.32232 0.90766 383.64 -11.881 -0.54868 0.034944 20386 1920 1504.5 0 0
1.979e+05 0.6111 0.18838 0.36311 -1.3039 0.34309 0.95251 378.57 -15.237 -0.54956 0.034934 20392 1921 1504.9 0 0
1.98e+05 0.65423 0.19831 0.34524 -1.4054 0.31515 0.93567 391.16 -21.275 -0.55078 0.034952 20393 1920 1505.4 0 0
1.981e+05 0.55766 0.16648 0.38295 -1.3562 0.33986 0.91948 391.67 -14.468 -0.55205 0.035007 20393 1917 1505.9 0 0
1.982e+05 0.59314 0.21371 0.36412 -1.2508 0.32996 0.93558 388.46 -22.648 -0.5533 0.035042 20394 1915 1506.4 0 0
1.983e+05 0.57998 0.15071 0.36007 -1.1627 0.34696 0.94546 388.74 -8.5268 -0.55451 0.035026 20395 1916 1506.8 0 0
1.984e+05 0.55549 0.16909 0.33095 -1.2783 0.33348 0.89975 365.44 -15.466 -0.55579 0.035044 20396 1915 1507.3 0 0
1.985e+05 0.59802 0.20257 0.3502 -1.2934 0.32191 0.88282 389.04 -18.964 -0.55688 0.035006 20399 1917 1507.7 0 0
1.986e+05 0.60281 0.15825 0.35217 -1.3271 0.34899 0.83984 375.37 -8.7828 -0.55812 0.035023 20400 1916 1508.2 0 0
1.987e+05 0.61836 0.15884 0.35565 -1.3003 0.36475 0.91267 374.12 -9.5506 -0.55935 0.034933 20401 1921 1508.6 0 0
1.988e+05 0.57695 0.18731 0.36923 -1.2116 0.35195 0.9059 389.97 -16.087 -0.56061 0.034747 20401 1932 1509 0 0
1.989e+05 0.61652 0.14364 0.3399 -1.1798 0.33885 0.93714 364.39 -7.3417 -0.5618 0.034765 20403 1931 1509.5 0 0
1.99e+05 0.58964 0.14623 0.37445 -1.667 0.34491 0.92884 396.81 -7.3217 -0.56305 0.034764 20404 1931 1509.9 0 0
1.991e+05 0.59855 0.13511 0.35768 -1.2742 0.3727 0.92585 402.8 -5.7609 -0.56425 0.034728 20405 1933 1510.3 0 0
1.992e+05 0.58975 0.13804 0.38563 -1.3005 0.34234 0.90243 383.47 -6.2969 -0.56544 0.034714 20407 1934 1510.8 0 0
1.993e+05 0.62367 0.17891 0.3425 -1.3311 0.34113 0.91148 375.99 -13.548 -0.56669 0.034696 20407 1935 1511.2 0 0
1.994e+05 0.54092 0.14088 0.35058 -1.3301 0.33454 0.86692 352.79 -14.159 -0.56788 0.034675 20409 1937 1511.7 0 0
1.995e+05 0.5654 0.20296 0.3507 -1.29 0.41224 0.94061 396.79 -22.281 -0.56908 0.034669 20410 1935 1512.1 0 0
1.996e+05 0.57586 0.15737 0.35723 -1.3645 0.31465 0.91979 400.26 -9.7304 -0.57032 0.034646 20411 1937 1512.6 0 0
1.997e+05 0.6395 0.1682 0.35631 -1.546 0.35694 0.93513 358.71 -12.862 -0.57155 0.034683 20412 1935 1513 0 0
1.998e+05 0.61131 0.21665 0.34678 -1.3458 0.35461 0.89614 370.57 -23.406 -0.57282 0.034665 20412 1936 1513.5 0 0
1.999e+05 0.62004 0.22655 0.34754 -1.4421 0.31555 0.84692 375.45 -26.709 -0.57407 0.034648 20413 1937 1514 0 0
2e+05 0.57058 0.21436 0.35861 -1.2606 0.34531 0.91847 370.7 -24.306 -0.57531 0.034663 20414 1936 1514.5 0 0
2.001e+05 0.59531 0.19232 0.33988 -1.38 0.32308 0.87857 391.42 -15.879 -0.57635 0.034692 20415 1934 1515 0 0
2.002e+05 0.55768 0.15651 0.33553 -1.2143 0.3444 0.94815 389.5 -12.307 -0.57754 0.034709 20417 1933 1515.6 0 0
2.003e+05 0.57568 0.14723 0.34727 -1.2951 0.30665 0.83287 388.24 -8.2253 -0.57876 0.034725 20418 1932 1516 0 0
2.004e+05 0.59708 0.19239 0.35735 -1.1261 0.35246 0.9251 406.45 -15.767 -0.57997 0.034701 20419 1933 1516.6 0 0
2.005e+05 0.61939 0.15007 0.32658 -1.4577 0.31835 0.92325 369.56 -8.415 -0.58116 0.034665 20421 1935 1517 0 0
2.006e+05 0.5358 0.17837 0.3604 -1.2337 0.35445 0.95182 416.17 -22.966 -0.58237 0.034633 20422 1937 1517.5 0 0
2.007e+05 0.57434 0.18904 0.33947 -1.2768 0.32752 0.9401 373.57 -16.514 -0.58362 0.034649 20422 1936 1518 0 0
2.008e+05 0.56958 0.17988 0.34418 -1.3816 0.34803 0.92539 366.13 -14.775 -0.58438 0.034334 20428 1931 1518.5 0 0
2.009e+05 0.60335 0.21956 0.34941 -1.2344 0.32789 0.88916 393.2 -24.008 -0.58536 0.034317 20432 1932 1519.1 0 0
2.01e+05 0.5518 0.17275 0.35641 -1.2625 0.36726 0.85962 392.83 -16.704 -0.58657 0.034335 20433 1931 1519.6 0 0
2.011e+05 0.63192 0.14895 0.33566 -1.2324 0.32309 0.88571 368.11 -8.9582 -0.58779 0.034349 20434 1930 1520 0 0
2.012e+05 0.5468 0.14178 0.35374 -1.2953 0.33632 0.94818 384.23 -12.564 -0.58903 0.0343 20435 1933 1520.5 0 0
2.013e+05 0.54294 0.18813 0.33559 -1.3942 0.33805 0.92458 366.93 -22.998 -0.59025 0.034312 20436 1932 1521 0 0
2.014e+05 0.61063 0.16097 0.33875 -1.2631 0.32479 0.90642 387.37 -9.1112 -0.59144 0.034346 20437 1930 1521.4 0 0
2.015e+05 0.62609 0.20839 0.32955 -1.3568 0.33429 0.91895 391.76 -21.395 -0.59254 0.03433 20440 1931 1521.9 0 0
2.016e+05 0.57109 0.14604 0.36035 -1.2981 0.34072 0.90282 364 -8.3936 -0.59375 0.034358 20441 1930 1522.4 0 0
2.017e+05 0.57722 0.17395 0.36754 -1.0678 0.34591 0.93065 363.42 -12.198 -0.59493 0.034382 20442 1930 1522.8 0 0
2.018e+05 0.57093 0.15327 0.39763 -1.2768 0.33311 0.93122 386.36 -9.2698 -0.59608 0.034353 20444 1931 1523.3 0 0
2.019e+05 0.64393 0.22284 0.36458 -1.4743 0.34816 0.9239 374.39 -27.642 -0.59731 0.034355 20445 1931 1523.8 0 0
2.02e+05 0.62962 0.21684 0.39138 -1.2087 0.38766 0.89156 389.03 -24.283 -0.59851 0.034303 20446 1934 1524.2 0 0
2.021e+05 0.60295 0.19585 0.34639 -1.4488 0.3736 0.94772 411.5 -16.469 -0.59966 0.034271 20448 1936 1524.7 0 0
2.022e+05 0.60687 0.19035 0.33801 -1.3349 0.36518 0.83354 385.29 -14.97 -0.60078 0.034307 20450 1934 1525.3 0 0
2.023e+05 0.58778 0.21448 0.34295 -1.3348 0.34957 0.9165 390.97 -22.546 -0.60186 0.034308 20453 1934 1525.8 0 0
2.024e+05 0.54763 0.2101 0.34902 -1.3648 0.34196 0.80193 388.66 -27.202 -0.60293 0.034302 20457 1933 1526.3 0 0
2.025e+05 0.57211 0.1787 0.35717 -1.6119 0.3703 0.8947 396.25 -13.79 -0.60402 0.034302 20459 1933 1526.8 0 0
2.026e+05 0.56669 0.13497 0.34053 -1.2231 0.35535 0.8636 380.12 -7.5368 -0.60503 0.034257 20463 1936 1527.2 0 0
2.027e+05 0.58727 0.20772 0.34983 -1.3448 0.36848 0.89241 378.5 -20.453 -0.60561 0.034587 20472 1935 1527.7 0 0
2.028e+05 0.55549 0.20225 0.34274 -1.5528 0.34128 0.9213 368.85 -23.384 -0.60633 0.034553 20479 1937 1528.2 0 0
2.029e+05 0.60904 0.20278 0.34096 -1.1751 0.33166 0.95144 380.66 -18.525 -0.60712 0.034598 20486 1936 1528.6 0 0
2.03e+05 0.61301 0.14056 0.34954 -1.2894 0.37743 0.92573 383.36 -6.361 -0.60783 0.03443 20493 1934 1529.1 0 0
2.031e+05 0.55887 0.1692 0.35127 -1.316 0.33318 0.90224 409.19 -13.914 -0.60841 0.034406 20503 1934 1529.5 0 0
2.032e+05 0.57063 0.17003 0.35519 -1.1936 0.34322 0.88311 389.24 -11.967 -0.60896 0.034406 20510 1934 1529.9 0 0
2.033e+05 0.53851 0.13474 0.34594 -1.2456 0.35443 0.91339 403.53 -13.569 -0.60973 0.034531 20517 1936 1530.3 0 0
2.034e+05 0.59319 0.11544 0.36727 -1.4134 0.34491 0.934 394.98 -2.7425 -0.60976 0.033933 20531 1937 1530.8 0 0
2.035e+05 0.58984 0.17354 0.35792 -1.2543 0.37112 0.92165 400.58 -10.912 -0.60995 0.033909 20542 1937 1531.2 0 0
2.036e+05 0.57094 0.12697 0.34041 -1.2575 0.32803 0.92907 378.85 -5.9046 -0.61098 0.033878 20545 1939 1531.6 0 0
2.037e+05 0.56841 0.12318 0.34155 -1.3464 0.30457 0.93563 385.45 -5.7129 -0.6121 0.033874 20547 1939 1532.1 0 0
2.038e+05 0.54848 0.11513 0.34467 -1.1003 0.3302 0.92488 382.6 -7.7203 -0.61311 0.03388 20551 1939 1532.5 0 0
2.039e+05 0.5809 0.12224 0.36456 -1.3049 0.33728 0.93094 370.8 -4.2911 -0.61374 0.033855 20559 1942 1532.9 0 0
2.04e+05 0.57669 0.18588 0.37593 -1.2476 0.34739 0.85249 365.08 -14.865 -0.61477 0.03382 20562 1944 1533.4 0 0
2.041e+05 0.59986 0.13545 0.35601 -1.4882 0.31165 0.95452 397.58 -5.1459 -0.61585 0.033849 20565 1942 1533.8 0 0
2.042e+05 0.55065 0.12353 0.34432 -1.441 0.34642 0.9023 378.65 -8.43 -0.61695 0.033926 20568 1937 1534.2 0 0
2.043e+05 0.59006 0.11703 0.36051 -1.4601 0.352 0.9177 359.97 -3.0216 -0.61802 0.033909 20570 1938 1534.6 0 0
2.044e+05 0.57988 0.1153 0.36266 -1.4259 0.31774 0.93172 379.77 -3.3218 -0.61902 0.033927 20574 1937 1535 0 0
2.045e+05 0.60511 0.13619 0.36403 -1.1173 0.30325 0.94404 379.43 -5.1822 -0.62011 0.033914 20577 1938 1535.4 0 0
2.046e+05 0.56177 0.10901 0.35234 -1.3628 0.33108 0.88387 387.89 -4.4671 -0.62109 0.033904 20581 1939 1535.8 0 0
2.047e+05 0.58055 0.12512 0.35797 -1.3078 0.32608 0.89685 375.34 -4.3231 -0.62214 0.033891 20585 1940 1536.2 0 0
2.048e+05 0.57384 0.11988 0.35722 -1.4568 0.35273 0.91816 371.43 -4.2723 -0.62325 0.033915 20587 1938 1536.6 0 0
2.049e+05 0.60097 0.14464 0.35796 -1.1373 0.34282 0.90775 344.54 -6.0496 -0.62431 0.033915 20590 1938 1537 0 0
2.05e+05 0.58001 0.12833 0.35074 -1.3397 0.35129 0.94922 384.63 -4.6351 -0.62537 0.033916 20593 1938 1537.4 0 0
2.051e+05 0.56883 0.10205 0.3574 -1.2235 0.31794 0.931 364.55 -2.6244 -0.62644 0.033944 20596 1936 1537.8 0 0
2.052e+05 0.57196 0.12245 0.33767 -1.3813 0.35535 0.92508 350.86 -4.7059 -0.62758 0.033927 20598 1937 1538.3 0 0
2.053e+05 0.59067 0.11889 0.35757 -1.3996 0.31476 0.92926 381.62 -2.8288 -0.62864 0.033917 20601 1938 1538.7 0 0
2.054e+05 0.5995 0.16327 0.34649 -1.3081 0.3352 0.92534 353.78 -8.6008 -0.62963 0.0339 20605 1939 1539.1 0 0
2.055e+05 0.59782 0.13012 0.33542 -1.394 0.35128 0.92479 378.68 -3.9487 -0.63067 0.033935 20608 1936 1539.5 0 0
2.056e+05 0.59174 0.11497 0.35719 -1.4135 0.32893 0.96196 364.12 -2.1553 -0.6316 0.033926 20613 1937 1539.9 0 0
2.057e+05 0.58942 0.08051 0.36292 -1.3952 0.30794 0.90967 395.93 2.6925 -0.63261 0.033913 20617 1938 1540.3 0 0
2.058e+05 0.53885 0.12887 0.34633 -1.4077 0.32025 0.86777 362.93 -11.776 -0.6336 0.03386 20621 1941 1540.7 0 0
2.059e+05 0.58284 0.14453 0.35131 -1.2038 0.33772 0.92048 362.83 -6.19 -0.63472 0.033903 20623 1938 1541.1 0 0
2.06e+05 0.55437 0.13313 0.36435 -1.1421 0.34068 0.9159 365.67 -8.4565 -0.63583 0.033886 20625 1939 1541.5 0 0
2.061e+05 0.57535 0.11979 0.39265 -1.2013 0.36744 0.93936 360.29 -3.6823 -0.6369 0.033868 20628 1940 1541.9 0 0
2.062e+05 0.55359 0.1104 0.35713 -1.2143 0.34613 0.92565 370.81 -5.7272 -0.638 0.033827 20630 1943 1542.3 0 0
2.063e+05 0.60074 0.12168 0.35945 -1.3773 0.31282 0.92273 365.97 -2.4663 -0.63896 0.033804 20635 1945 1542.7 0 0
2.064e+05 0.61374 0.14033 0.34797 -1.17 0.33952 0.9165 369.83 -5.429 -0.6401 0.033802 20636 1945 1543.1 0 0
2.065e+05 0.55798 0.11688 0.38524 -1.4169 0.37146 0.93403 392.57 -5.6768 -0.64118 0.033802 20639 1945 1543.4 0 0
2.066e+05 0.57111 0.11332 0.35053 -1.4083 0.33365 0.96643 386.15 -3.3615 -0.64224 0.033798 20642 1946 1543.8 0 0
2.067e+05 0.58235 0.097733 0.34105 -1.2736 0.33531 0.82311 375.68 -0.4413 -0.64324 0.033796 20646 1947 1544.2 0 0
2.068e+05 0.52697 0.13334 0.39236 -1.525 0.33326 0.90061 365.01 -16.399 -0.64434 0.033802 20648 1947 1544.6 0 0.46005
2.069e+05 0.62847 0.12863 0.34325 -1.0234 0.33218 0.8886 380.07 -3.8103 -0.64532 0.033823 20652 1944 1545 0 0
2.07e+05 0.58653 0.12564 0.39118 -1.3517 0.33853 0.90725 388.18 -3.1747 -0.64621 0.033823 20657 1944 1545.4 0 0
2.071e+05 0.60849 0.13445 0.3577 -1.3335 0.34198 0.93618 369.62 -4.179 -0.64728 0.033858 20660 1941 1545.8 0 0
2.072e+05 0.58161 0.12716 0.33721 -1.2211 0.33598 0.91829 371.2 -3.582 -0.64839 0.033907 20662 1938 1546.2 0 0
2.073e+05 0.60277 0.13692 0.38504 -1.2685 0.33109 0.91211 393.18 -4.3903 -0.64946 0.033887 20665 1939 1546.6 0 0
2.074e+05 0.61687 0.13716 0.34629 -1.2457 0.32194 0.92487 373.88 -4.9226 -0.65056 0.033904 20667 1938 1547 0 0
2.075e+05 0.58044 0.13694 0.36269 -1.428 0.32234 0.93723 386.83 -4.8735 -0.65157 0.033913 20671 1937 1547.4 0 0
2.076e+05 0.54059 0.10803 0.34356 -1.4922 0.34053 0.87085 390.77 -7.755 -0.65268 0.033913 20673 1937 1547.7 0 0
2.077e+05 0.56966 0.14161 0.3311 -1.2453 0.34173 0.84525 375.1 -6.5265 -0.65366 0.033913 20677 1937 1548.1 0 0
2.078e+05 0.60514 0.10261 0.36541 -1.2417 0.32781 0.82238 353.03 0.76813 -0.65475 0.033895 20679 1938 1548.5 0 0
2.079e+05 0.59159 0.12141 0.35175 -1.0803 0.34473 0.91035 386.42 -2.2679 -0.65578 0.033913 20683 1937 1548.9 0 0
2.08e+05 0.5504 0.10571 0.34386 -1.2871 0.33559 0.93768 357.94 -5.4487 -0.65689 0.033896 20685 1938 1549.3 0 0
2.081e+05 0.58974 0.12451 0.37067 -1.407 0.32703 0.92195 403.78 -2.6428 -0.65766 0.033891 20691 1939 1549.7 0 0
2.082e+05 0.61715 0.13584 0.35417 -1.3613 0.34134 0.85938 388.64 -4.6527 -0.65878 0.033891 20693 1939 1550.1 0 0
2.083e+05 0.53389 0.1211 0.34797 -1.5139 0.31246 0.90168 379.19 -11.424 -0.65991 0.033873 20695 1940 1550.5 0 0
2.084e+05 0.53834 0.15356 0.35441 -1.2721 0.3272 0.91249 394 -15.688 -0.66107 0.033832 20696 1943 1550.9 0 0
2.085e+05 0.58007 0.16673 0.34029 -1.3156 0.37335 0.88615 365.37 -9.6935 -0.66219 0.033832 20698 1943 1551.3 0 0
2.086e+05 0.56633 0.12046 0.34317 -1.3078 0.31544 0.90591 386.63 -4.2202 -0.66324 0.033799 20701 1945 1551.7 0 0
2.087e+05 0.55785 0.11778 0.3508 -1.4119 0.33187 0.86696 392.34 -5.2877 -0.66434 0.033799 20703 1945 1552.1 0 0
2.088e+05 0.55148 0.1223 0.35959 -1.2261 0.316 0.91529 389.54 -7.0008 -0.66546 0.033834 20705 1943 1552.6 0 0
2.089e+05 0.54341 0.094407 0.33903 -1.1209 0.34335 0.93651 397.16 -5.2445 -0.66653 0.033809 20708 1945 1553 0 0
2.09e+05 0.61479 0.1419 0.34037 -1.3137 0.34579 0.89104 407.96 -5.5214 -0.6676 0.033807 20710 1945 1553.4 0 0
2.091e+05 0.54615 0.14491 0.34911 -1.2652 0.32323 0.88245 408.47 -11.669 -0.6687 0.033789 20712 1946 1553.8 0 0
2.092e+05 0.52193 0.12571 0.34251 -1.3436 0.32045 0.89206 419.34 -17.34 -0.66974 0.033772 20715 1947 1554.3 0 3.2588
2.093e+05 0.54507 0.14095 0.35272 -1.2861 0.34373 0.90594 405.45 -11.197 -0.67069 0.03366 20719 1944 1554.7 0 0
2.094e+05 0.52977 0.10473 0.34802 -1.2025 0.29117 0.92628 403.36 -9.9203 -0.67176 0.033674 20722 1943 1555.1 0 0.002686
2.095e+05 0.5794 0.12091 0.3731 -1.4643 0.33758 0.89681 401.66 -2.4896 -0.67266 0.033629 20727 1946 1555.5 0 0
2.096e+05 0.54882 0.13434 0.38171 -1.1491 0.31943 0.91078 397.29 -9.0484 -0.67352 0.033608 20732 1947 1555.9 0 0
2.097e+05 0.53666 0.1269 0.35427 -1.414 0.35951 0.90414 410.14 -11.217 -0.67465 0.03362 20734 1946 1556.4 0 0
2.098e+05 0.60837 0.13959 0.34694 -1.3028 0.30192 0.92363 402.57 -4.6698 -0.67577 0.033621 20735 1946 1556.8 0 0
2.099e+05 0.55968 0.14696 0.36758 -1.202 0.34948 0.93081 424.23 -8.5646 -0.67634 0.033578 20742 1949 1557.2 0 0
2.1e+05 0.5693 0.13623 0.33998 -1.3552 0.34178 0.93946 410.96 -5.2309 -0.67672 0.033644 20751 1953 1557.6 0 0
2.101e+05 0.63 0.14533 0.33656 -1.2353 0.32615 0.91077 426.21 -7.2326 -0.67774 0.033608 20754 1955 1558.1 0 0
2.102e+05 0.57598 0.12863 0.34395 -1.3498 0.33522 0.89825 395.68 -3.4742 -0.67882 0.033649 20756 1952 1558.5 0 0
2.103e+05 0.61446 0.15516 0.35797 -1.2915 0.3159 0.93395 395.68 -7.5022 -0.67992 0.033648 20758 1952 1558.9 0 0
2.104e+05 0.59132 0.13536 0.35498 -1.2818 0.36495 0.93029 429.31 -3.663 -0.68057 0.033259 20765 1953 1559.3 0 0
2.105e+05 0.55884 0.13138 0.34208 -1.2204 0.32561 0.86726 392.17 -6.14 -0.68102 0.033207 20775 1955 1559.7 0 0
2.106e+05 0.63674 0.1442 0.33176 -1.317 0.31414 0.91289 426.13 -7.4678 -0.68198 0.03319 20779 1956 1560.1 0 0
2.107e+05 0.61454 0.16454 0.34257 -1.4043 0.36658 0.93889 431.94 -9.0205 -0.68295 0.033205 20783 1953 1560.5 0 0
2.108e+05 0.62096 0.14699 0.35847 -1.3445 0.3241 0.92099 404.52 -6.5772 -0.68399 0.033215 20785 1952 1560.9 0 0
2.109e+05 0.60518 0.19076 0.33436 -1.4001 0.32845 0.89906 415.18 -14.772 -0.68509 0.033215 20787 1952 1561.3 0 0
2.11e+05 0.58464 0.17893 0.33278 -1.2781 0.35997 0.91778 436.7 -12.03 -0.6862 0.033148 20789 1956 1561.7 0 0
2.111e+05 0.58481 0.14773 0.34681 -1.076 0.32001 0.94361 401.37 -5.4461 -0.68693 0.033124 20796 1958 1562.1 0 0
2.112e+05 0.55988 0.12991 0.36161 -1.2555 0.33402 0.8833 432.07 -5.681 -0.688 0.033173 20799 1955 1562.6 0 0
2.113e+05 0.53421 0.13048 0.3426 -1.2772 0.31731 0.90991 413.35 -12.174 -0.68914 0.033159 20800 1956 1563 0 0
2.114e+05 0.53607 0.12515 0.34814 -1.3165 0.33902 0.91045 411.56 -10.769 -0.69028 0.033176 20801 1955 1563.5 0 0
2.115e+05 0.54071 0.17875 0.35087 -1.1451 0.33668 0.91571 393.06 -19.527 -0.69142 0.033159 20802 1956 1564.1 0 0
2.116e+05 0.56298 0.16993 0.33661 -1.276 0.33297 0.93602 392.91 -12.339 -0.69258 0.033125 20803 1958 1564.6 0 0
2.117e+05 0.54485 0.14081 0.34093 -1.3688 0.31472 0.91799 425.32 -10.523 -0.6936 0.033142 20806 1957 1565.1 0 0
2.118e+05 0.54593 0.15621 0.34406 -1.2991 0.32551 0.94881 361.02 -13.053 -0.69464 0.033156 20809 1959 1565.6 0 0
2.119e+05 0.53834 0.15614 0.34291 -1.3869 0.35081 0.86944 395.69 -14.943 -0.6958 0.033066 20810 1965 1566.1 0 0
2.12e+05 0.5764 0.15881 0.35298 -1.4121 0.30902 0.90981 387.73 -7.8582 -0.69696 0.033049 20811 1966 1566.5 0 0
2.121e+05 0.52528 0.15279 0.3364 -1.3534 0.30634 0.92422 395.16 -18.82 -0.69816 0.032982 20811 1970 1567 0 1.1161
2.122e+05 0.54151 0.17402 0.33523 -1.2115 0.34007 0.92174 403.62 -17.948 -0.69931 0.032983 20812 1970 1567.5 0 0
2.123e+05 0.555 0.1281 0.34093 -1.3633 0.32327 0.92144 413.55 -6.3491 -0.70042 0.032969 20814 1971 1568 0 0
2.124e+05 0.55715 0.15343 0.34364 -1.3578 0.33387 0.90449 428.17 -9.7788 -0.7016 0.033019 20814 1968 1568.4 0 0
2.125e+05 0.54151 0.14932 0.34396 -1.3237 0.33114 0.89234 399.9 -12.673 -0.70273 0.03302 20816 1968 1568.8 0 0
2.126e+05 0.53448 0.15034 0.33681 -1.3689 0.31234 0.91638 385.07 -14.756 -0.70392 0.033004 20816 1969 1569.3 0 0
2.127e+05 0.5284 0.14763 0.35055 -1.3808 0.33547 0.93106 388.9 -16.181 -0.70508 0.033004 20817 1969 1569.8 0 0.12851
2.128e+05 0.54958 0.11942 0.34175 -1.4046 0.34136 0.94502 382.21 -6.4939 -0.70621 0.033004 20818 1969 1570.2 0 0
2.129e+05 0.5827 0.11991 0.34214 -1.5598 0.34423 0.87615 385.29 -1.8849 -0.70726 0.033035 20821 1967 1570.7 0 0
2.13e+05 0.51661 0.10942 0.33382 -1.4088 0.33832 0.92904 395.06 -17.763 -0.70837 0.033002 20822 1969 1571.1 0 8.9652
2.131e+05 0.56659 0.12743 0.36401 -1.3584 0.34278 0.8612 400.11 -4.1595 -0.70952 0.032972 20823 1971 1571.5 0 0
2.132e+05 0.54682 0.15161 0.33562 -1.4518 0.35996 0.87501 384.53 -11.551 -0.71069 0.033021 20824 1968 1572 0 0
2.133e+05 0.52434 0.1532 0.35714 -1.3434 0.34818 0.92581 390.9 -18.714 -0.71186 0.033055 20825 1966 1572.4 0 1.6036
2.134e+05 0.52994 0.13216 0.33796 -1.2266 0.31727 0.94068 404.67 -12.929 -0.71303 0.033052 20825 1966 1572.9 0 0.000176
2.135e+05 0.54956 0.157 0.34852 -1.1775 0.35582 0.92392 425.89 -11.933 -0.71421 0.033052 20826 1966 1573.3 0 0
2.136e+05 0.53809 0.16547 0.35104 -1.2862 0.35041 0.88769 404.97 -16.533 -0.71537 0.033052 20826 1966 1573.8 0 0
2.137e+05 0.52852 0.15332 0.34473 -1.1961 0.35334 0.90439 395.53 -16.771 -0.71656 0.033001 20827 1969 1574.2 0 0.11015
2.138e+05 0.54627 0.13493 0.33849 -1.2186 0.3042 0.85959 406.29 -8.6344 -0.71774 0.033018 20827 1968 1574.7 0 0
2.139e+05 0.52746 0.12955 0.35998 -1.2944 0.32055 0.91682 405.97 -13.349 -0.71894 0.033001 20827 1969 1575.2 0 0.32388
2.14e+05 0.5304 0.13082 0.3484 -1.3608 0.3005 0.91091 403.47 -12.315 -0.72011 0.033018 20828 1968 1575.7 0 0
2.141e+05 0.52938 0.14729 0.32391 -1.413 0.33419 0.88949 384.49 -15.019 -0.72128 0.033002 20828 1969 1576.2 0 0.019331
2.142e+05 0.54425 0.16183 0.34985 -1.4339 0.31543 0.94217 418.71 -13.839 -0.72246 0.032935 20829 1973 1576.7 0 0
2.143e+05 0.5315 0.15462 0.34093 -1.1377 0.32688 0.88073 389 -15.682 -0.72365 0.032918 20829 1974 1577.2 0 0
2.144e+05 0.52787 0.16762 0.34527 -1.2643 0.36641 0.92216 409.14 -19.956 -0.72482 0.032935 20829 1973 1577.7 0 0.22608
2.145e+05 0.53719 0.18866 0.34203 -1.2374 0.34343 0.92473 388.76 -22.55 -0.72598 0.032985 20830 1970 1578.2 0 0
2.146e+05 0.5388 0.17633 0.33902 -1.3455 0.35274 0.90862 375.62 -18.652 -0.72714 0.032968 20831 1971 1578.7 0 0
2.147e+05 0.53859 0.1806 0.34831 -1.5043 0.36747 0.92922 387.99 -19.845 -0.7283 0.032969 20831 1971 1579.2 0 0
2.148e+05 0.53021 0.13749 0.34806 -1.386 0.36651 0.88429 375.8 -12.961 -0.72948 0.032969 20832 1971 1579.7 0 0
2.149e+05 0.53986 0.13434 0.34225 -1.4261 0.33698 0.91475 376.81 -9.9139 -0.73063 0.033016 20833 1968 1580.2 0 0
2.15e+05 0.53982 0.14488 0.34265 -1.4062 0.36078 0.93196 412.86 -11.32 -0.73181 0.032982 20833 1970 1580.7 0 0
2.151e+05 0.52522 0.1405 0.34248 -1.2385 0.35994 0.96077 391.66 -14.942 -0.73295 0.032999 20834 1969 1581.1 0 1.143
2.152e+05 0.53099 0.14272 0.37899 -1.3696 0.37506 0.90927 379.43 -13.213 -0.73406 0.032999 20835 1969 1581.6 0 0
2.153e+05 0.53073 0.14456 0.33779 -1.3452 0.36074 0.94982 399.43 -13.508 -0.73522 0.033013 20836 1968 1582.1 0 0
2.154e+05 0.55526 0.16295 0.33532 -1.1393 0.31141 0.95668 397.14 -11.475 -0.73641 0.033013 20836 1968 1582.6 0 0
2.155e+05 0.51775 0.17135 0.33708 -1.1095 0.3449 0.91068 382.35 -25.776 -0.73758 0.033013 20836 1968 1583.1 0 7.5049
2.156e+05 0.56231 0.16165 0.3464 -1.229 0.34527 0.91931 381.48 -9.9036 -0.73875 0.033013 20837 1968 1583.6 0 0
2.157e+05 0.52169 0.18234 0.33502 -1.2265 0.34963 0.90732 364.8 -26.128 -0.7399 0.032996 20837 1969 1584.1 0 3.453
2.158e+05 0.52145 0.15055 0.33514 -1.2121 0.33367 0.84697 358.53 -18.179 -0.74106 0.033013 20838 1968 1584.6 0 3.6528
2.159e+05 0.54788 0.11601 0.34447 -1.4181 0.33704 0.91715 363.59 -6.3498 -0.74224 0.033013 20838 1968 1585.1 0 0
2.16e+05 0.52613 0.16614 0.34376 -1.0871 0.33072 0.80685 375.66 -19.317 -0.74342 0.03303 20838 1967 1585.6 0 0.74847
2.161e+05 0.60796 0.16254 0.34947 -1.3026 0.32033 0.91803 374.19 -7.7553 -0.7446 0.033013 20839 1968 1586 0 0
2.162e+05 0.52302 0.15413 0.34559 -1.4424 0.33886 0.92213 419 -17.785 -0.74579 0.033046 20839 1966 1586.5 0 2.4358
2.163e+05 0.53937 0.17211 0.3491 -0.99459 0.36012 0.94075 383.62 -16.824 -0.74697 0.03308 20839 1964 1587.1 0 0
2.164e+05 0.54882 0.14256 0.33126 -1.3115 0.35041 0.96215 380.82 -8.6566 -0.74815 0.033097 20839 1963 1587.5 0 0
2.165e+05 0.5364 0.15513 0.34094 -1.3008 0.31444 0.94398 376.93 -13.397 -0.74933 0.03308 20839 1964 1588 0 0
2.166e+05 0.52857 0.14258 0.34911 -1.4288 0.34275 0.8622 362.42 -13.335 -0.75051 0.03308 20839 1964 1588.4 0 0.10211
2.167e+05 0.55797 0.13358 0.3467 -1.4925 0.3747 0.87484 388.88 -5.8248 -0.75168 0.033063 20840 1965 1588.9 0 0
2.168e+05 0.5327 0.11589 0.32546 -1.3906 0.35625 0.90019 393.86 -9.988 -0.75282 0.033064 20840 1965 1589.3 0 0
2.169e+05 0.54948 0.15577 0.34569 -1.2794 0.36212 0.93466 402.14 -10.78 -0.75399 0.03308 20841 1964 1589.7 0 0
2.17e+05 0.57831 0.15845 0.34793 -1.2679 0.35303 0.91894 389.68 -7.1543 -0.75515 0.033081 20841 1964 1590.2 0 0
2.171e+05 0.55618 0.11369 0.34466 -1.4013 0.34789 0.91078 386.95 -4.5878 -0.75631 0.033047 20842 1966 1590.6 0 0
2.172e+05 0.5837 0.15102 0.34016 -1.3542 0.35317 0.86585 374.73 -5.433 -0.75746 0.033064 20842 1965 1591.1 0 0
2.173e+05 0.57766 0.12682 0.35426 -1.4152 0.3477 0.91777 384.62 -2.6708 -0.75855 0.033042 20844 1966 1591.5 0 0
2.174e+05 0.60889 0.1297 0.33831 -1.4954 0.34246 0.95975 378.92 -2.7992 -0.75965 0.033059 20845 1965 1591.9 0 0
2.175e+05 0.61604 0.13333 0.33544 -1.4332 0.36723 0.89437 383.06 -3.6354 -0.76074 0.03301 20847 1968 1592.3 0 0
2.176e+05 0.61683 0.13904 0.37265 -1.2943 0.33361 0.90764 375.65 -4.4959 -0.76186 0.032976 20848 1970 1592.7 0 0
2.177e+05 0.55899 0.14874 0.33337 -1.4066 0.35812 0.88306 372.06 -7.7142 -0.763 0.032976 20848 1970 1593.1 0 0
2.178e+05 0.5664 0.16867 0.34876 -1.3681 0.34358 0.9627 360.79 -10.669 -0.76416 0.03299 20849 1969 1593.5 0 0
2.179e+05 0.65401 0.16046 0.3233 -1.331 0.33864 0.82142 367.44 -11.495 -0.76529 0.033041 20850 1966 1594 0 0
2.18e+05 0.58829 0.14464 0.35535 -1.3443 0.34852 0.90519 368.98 -4.2472 -0.76642 0.033058 20851 1965 1594.4 0 0
2.181e+05 0.55256 0.14122 0.34438 -1.4664 0.32941 0.93526 387.09 -7.52 -0.76756 0.033008 20851 1968 1594.8 0 0
2.182e+05 0.53604 0.13791 0.351 -1.3086 0.35592 0.95189 367.1 -10.741 -0.76869 0.033008 20852 1968 1595.2 0 0
2.183e+05 0.63344 0.13412 0.35302 -1.262 0.35425 0.92331 383.77 -4.7249 -0.76982 0.033008 20853 1968 1595.6 0 0
2.184e+05 0.61756 0.12965 0.36811 -1.2255 0.32066 0.89448 388.31 -3.0853 -0.77093 0.032994 20854 1969 1596 0 0
2.185e+05 0.6161 0.11996 0.34017 -1.4782 0.35865 0.93995 397.29 -1.3486 -0.77194 0.032985 20857 1970 1596.4 0 0
2.186e+05 0.599 0.13734 0.33453 -1.1745 0.34543 0.89975 393.08 -3.2682 -0.77303 0.033019 20858 1968 1596.8 0 0
2.187e+05 0.63733 0.13031 0.3301 -1.3756 0.32222 0.94727 369.63 -3.9732 -0.77415 0.032985 20859 1970 1597.2 0 0
2.188e+05 0.60169 0.13529 0.34265 -1.2341 0.33631 0.92929 357.48 -3.0401 -0.77529 0.032969 20860 1971 1597.7 0 0
2.189e+05 0.61912 0.15623 0.36476 -1.2743 0.31618 0.86576 383.42 -7.1868 -0.77642 0.032936 20860 1973 1598.1 0 0
2.19e+05 0.62435 0.12986 0.34013 -1.2736 0.3073 0.91371 396.34 -3.3663 -0.77755 0.032984 20861 1970 1598.5 0 0
2.191e+05 0.59099 0.15466 0.34187 -1.3696 0.33298 0.87928 383.34 -5.5311 -0.77861 0.032988 20863 1967 1598.9 0 0
2.192e+05 0.56068 0.15077 0.38785 -1.2151 0.32439 0.93519 384.56 -7.6069 -0.77969 0.03299 20864 1967 1599.3 0 0
2.193e+05 0.58623 0.12965 0.35598 -1.2118 0.32693 0.93179 384.58 -2.3601 -0.78082 0.033007 20865 1966 1599.7 0 0
2.194e+05 0.59009 0.14396 0.34471 -1.3429 0.33298 0.89088 369.43 -3.9142 -0.78189 0.033014 20867 1965 1600.1 0 0
2.195e+05 0.61472 0.14337 0.37188 -1.4669 0.32706 0.9183 371.7 -4.6184 -0.78299 0.033014 20868 1965 1600.5 0 0
2.196e+05 0.5625 0.17251 0.34229 -1.3229 0.34595 0.93429 386.83 -12.133 -0.78412 0.033031 20869 1964 1601 0 0
2.197e+05 0.54223 0.17927 0.33414 -1.4817 0.35635 0.9074 387.44 -18.021 -0.78526 0.033031 20869 1964 1601.4 0 0
2.198e+05 0.64436 0.14708 0.34634 -1.3732 0.32952 0.89365 367.42 -7.9265 -0.78638 0.033046 20870 1963 1601.8 0 0
2.199e+05 0.62547 0.14569 0.35065 -1.3964 0.32191 0.91284 389.98 -5.8941 -0.78746 0.033063 20872 1962 1602.2 0 0
2.2e+05 0.60329 0.14244 0.36498 -1.2615 0.36218 0.90362 394.62 -3.6866 -0.78858 0.033063 20873 1962 1602.6 0 0
2.201e+05 0.59157 0.17301 0.33234 -1.2495 0.323 0.93797 402.09 -9.5089 -0.78972 0.033046 20873 1963 1603.1 0 0
2.202e+05 0.60532 0.16046 0.34078 -1.4167 0.32671 0.8855 397.45 -6.7258 -0.79085 0.033012 20874 1965 1603.5 0 0
2.203e+05 0.62229 0.17324 0.36808 -1.3829 0.36011 0.9122 386.72 -10.896 -0.79197 0.032962 20875 1968 1603.9 0 0
2.204e+05 0.57837 0.18918 0.31926 -1.1569 0.34934 0.90617 397.7 -14.768 -0.7931 0.032946 20875 1969 1604.3 0 0
2.205e+05 0.5474 0.17333 0.35091 -1.4238 0.34852 0.85388 406.16 -15.178 -0.79424 0.032929 20876 1970 1604.8 0 0
2.206e+05 0.64556 0.14347 0.34197 -1.3759 0.33058 0.87017 407.09 -7.1027 -0.79535 0.032912 20877 1971 1605.2 0 0
2.207e+05 0.60826 0.15704 0.33851 -1.2923 0.33578 0.96364 390.04 -6.0819 -0.79646 0.032913 20878 1971 1605.6 0 0
2.208e+05 0.56905 0.17022 0.37011 -1.7346 0.35939 0.94034 400.38 -10.542 -0.79757 0.032913 20878 1971 1606 0 0
2.209e+05 0.58853 0.12154 0.35995 -1.3489 0.36473 0.91478 409.22 -1.4862 -0.79868 0.032946 20879 1969 1606.4 0 0
2.21e+05 0.54495 0.13591 0.36574 -1.2692 0.36208 0.89542 418.98 -8.3319 -0.79979 0.032946 20880 1969 1606.9 0 0
2.211e+05 0.58901 0.12777 0.33837 -1.2952 0.35989 0.90019 409.38 -1.8922 -0.80089 0.03293 20881 1970 1607.3 0 0
2.212e+05 0.52868 0.092832 0.35446 -1.2339 0.35069 0.90684 403.74 -8.6929 -0.80199 0.032947 20882 1969 1607.7 0 0.086523
2.213e+05 0.6051 0.14805 0.35237 -1.4236 0.33824 0.89484 412.32 -4.3447 -0.80308 0.032947 20884 1969 1608.1 0 0
2.214e+05 0.55447 0.14306 0.34686 -1.4126 0.32643 0.90716 385.05 -7.1909 -0.80419 0.03293 20884 1970 1608.5 0 0
2.215e+05 0.53124 0.14581 0.36345 -1.5205 0.33851 0.91509 393.53 -12.715 -0.8053 0.032947 20885 1969 1608.9 0 0
2.216e+05 0.57729 0.11177 0.34988 -1.4869 0.32164 0.95239 393.87 -1.6387 -0.80639 0.032914 20886 1971 1609.4 0 0
2.217e+05 0.53521 0.12725 0.35922 -1.4323 0.35145 0.88517 364.23 -9.6814 -0.8075 0.032914 20887 1971 1609.8 0 0
2.218e+05 0.58247 0.12139 0.34131 -1.2981 0.32732 0.86833 355.74 -1.6001 -0.80863 0.032931 20888 1970 1610.2 0 0
2.219e+05 0.60597 0.145 0.35027 -1.2572 0.36872 0.93549 385.79 -3.9414 -0.80974 0.032948 20889 1969 1610.6 0 0
2.22e+05 0.59271 0.15957 0.33118 -1.4342 0.35502 0.9338 395.08 -6.152 -0.81084 0.032964 20890 1968 1611 0 0
2.221e+05 0.60214 0.15196 0.33463 -1.257 0.33261 0.95716 365.36 -4.8382 -0.81193 0.032931 20891 1970 1611.4 0 0
2.222e+05 0.55387 0.1419 0.33747 -1.4086 0.34876 0.93644 365.65 -6.9017 -0.813 0.032938 20892 1970 1611.8 0 0
2.223e+05 0.57297 0.14396 0.3454 -1.1527 0.32967 0.94326 375.15 -4.4453 -0.81411 0.032915 20893 1971 1612.3 0 0
2.224e+05 0.62894 0.15177 0.34618 -1.4978 0.35243 0.86623 384.03 -7.068 -0.81524 0.032898 20894 1972 1612.7 0 0
2.225e+05 0.61367 0.16017 0.34391 -1.5262 0.32818 0.94168 377.45 -6.8929 -0.81636 0.032885 20894 1973 1613.1 0 0
2.226e+05 0.60036 0.15672 0.33207 -1.2947 0.322 0.95262 393.11 -5.5895 -0.81748 0.032901 20895 1972 1613.6 0 0
2.227e+05 0.59704 0.14228 0.34426 -1.0113 0.34595 0.93574 384.41 -3.2051 -0.81854 0.032874 20896 1975 1614 0 0
2.228e+05 0.65313 0.16501 0.39068 -1.3437 0.35091 0.93384 406.84 -12.064 -0.81964 0.032891 20897 1974 1614.4 0 0
2.229e+05 0.60445 0.14009 0.37834 -1.2881 0.3105 0.88693 416.67 -3.1256 -0.82076 0.032875 20898 1975 1614.8 0 0
2.23e+05 0.63582 0.17617 0.34175 -1.3433 0.36949 0.89147 409.34 -12.71 -0.82186 0.032876 20899 1975 1615.3 0 0
2.231e+05 0.60617 0.16792 0.35269 -1.3586 0.35318 0.9203 426.32 -8.0425 -0.82292 0.032876 20900 1975 1615.7 0 0
2.232e+05 0.60639 0.1334 0.36232 -1.4561 0.36059 0.95128 428.68 -2.4901 -0.82398 0.032813 20902 1979 1616.1 0 0
2.233e+05 0.63851 0.13943 0.33583 -1.3682 0.3376 0.88068 433.69 -5.7574 -0.82501 0.032768 20904 1982 1616.5 0 0
2.234e+05 0.53883 0.14988 0.35695 -1.3824 0.30451 0.91423 411.37 -11.352 -0.82608 0.032818 20905 1978 1616.9 0 0
2.235e+05 0.63868 0.10277 0.33261 -1.3152 0.3549 0.90819 410.19 2.7269 -0.82711 0.032849 20907 1979 1617.3 0 0
2.236e+05 0.57274 0.11898 0.32901 -1.4351 0.3536 0.92641 398.03 -2.2544 -0.82815 0.032849 20909 1979 1617.7 0 0
2.237e+05 0.5597 0.13727 0.3464 -1.1595 0.33443 0.93845 374.66 -5.2576 -0.82917 0.032833 20911 1980 1618.1 0 0
2.238e+05 0.61044 0.12986 0.33405 -1.4366 0.3718 0.91222 372.83 -2.2301 -0.83019 0.03282 20913 1981 1618.5 0 0
2.239e+05 0.56076 0.11609 0.33483 -1.3352 0.32083 0.90888 375.48 -3.7163 -0.83126 0.032866 20914 1978 1618.9 0 0
2.24e+05 0.63024 0.1318 0.35094 -1.5161 0.32376 0.82951 396.64 -3.7 -0.83235 0.032849 20915 1979 1619.3 0 0
2.241e+05 0.58964 0.11908 0.33987 -1.2408 0.34932 0.92901 391.77 -1.0966 -0.8334 0.032819 20917 1981 1619.8 0 0
2.242e+05 0.59794 0.13946 0.35459 -1.3113 0.34143 0.86259 376.21 -2.6372 -0.83446 0.032836 20918 1980 1620.2 0 0
2.243e+05 0.59314 0.13694 0.34826 -1.3652 0.31164 0.86342 396.31 -2.4198 -0.83551 0.032828 20920 1981 1620.6 0 0
2.244e+05 0.57925 0.12432 0.36486 -1.4489 0.33467 0.93918 390.63 -1.7527 -0.83655 0.032828 20922 1981 1620.9 0 0
2.245e+05 0.54134 0.1375 0.33988 -1.3446 0.31555 0.83143 407.92 -9.0346 -0.83761 0.032809 20923 1983 1621.3 0 0
2.246e+05 0.59356 0.10841 0.33744 -1.2906 0.34933 0.91473 390.01 -0.3564 -0.83864 0.032763 20925 1986 1621.7 0 0
2.247e+05 0.60052 0.13592 0.36639 -1.5275 0.34033 0.93516 387.94 -2.2325 -0.83964 0.032773 20927 1984 1622.1 0 0
2.248e+05 0.60828 0.17077 0.33147 -1.1971 0.34564 0.90206 378.27 -8.6628 -0.84066 0.032739 20929 1986 1622.5 0 0
2.249e+05 0.65409 0.14213 0.34446 -1.3787 0.33278 0.8977 362.94 -6.7209 -0.84174 0.03272 20930 1987 1623 0 0
2.25e+05 0.64208 0.14016 0.34274 -1.3359 0.34651 0.92504 359.76 -5.9119 -0.84279 0.032708 20932 1987 1623.4 0 0
2.251e+05 0.56703 0.11709 0.34584 -1.4329 0.32729 0.90388 392.75 -2.7947 -0.84384 0.032671 20933 1990 1623.8 0 0
2.252e+05 0.59294 0.11404 0.35119 -1.312 0.33821 0.93749 400.53 -0.66618 -0.8449 0.032671 20935 1990 1624.2 0 0
2.253e+05 0.56635 0.14251 0.33822 -1.5752 0.32804 0.90439 392.95 -4.8224 -0.84592 0.032664 20937 1991 1624.6 0 0
2.254e+05 0.58725 0.11383 0.37412 -1.3229 0.32538 0.92831 382.95 -0.79493 -0.84695 0.032653 20939 1991 1625 0 0
2.255e+05 0.56834 0.11405 0.36654 -1.2442 0.33219 0.92772 398.63 -2.5351 -0.84801 0.032637 20940 1992 1625.4 0 0
2.256e+05 0.5827 0.12076 0.36258 -1.4997 0.31135 0.89425 384.1 -1.2393 -0.84904 0.032628 20942 1992 1625.8 0 0
2.257e+05 0.57185 0.17518 0.3407 -1.3227 0.33782 0.86019 371.27 -11.372 -0.85008 0.032595 20943 1994 1626.2 0 0
2.258e+05 0.61784 0.13017 0.38096 -1.2964 0.32866 0.88914 369.46 -2.4474 -0.85111 0.032563 20945 1996 1626.6 0 0
2.259e+05 0.56771 0.17169 0.35419 -1.1157 0.34469 0.92356 397.96 -10.867 -0.85214 0.032612 20947 1993 1627 0 0
2.26e+05 0.62474 0.13852 0.33849 -1.4969 0.34664 0.95759 383.09 -3.962 -0.8532 0.032582 20948 1995 1627.4 0 0
2.261e+05 0.58641 0.12288 0.34928 -1.4116 0.32952 0.84871 401.21 -1.0846 -0.8542 0.032566 20950 1996 1627.8 0 0
2.262e+05 0.58244 0.10161 0.34998 -1.4077 0.33301 0.92726 390.78 -0.45403 -0.85518 0.032615 20953 1993 1628.2 0 0
2.263e+05 0.54059 0.10244 0.35683 -1.3521 0.32596 0.89232 383.25 -6.5505 -0.85612 0.032661 20956 1990 1628.6 0 0
2.264e+05 0.62285 0.15232 0.3594 -1.3779 0.32808 0.89514 406.41 -5.7809 -0.8571 0.032642 20959 1991 1629 0 0
2.265e+05 0.61426 0.13408 0.34448 -1.1688 0.32904 0.91613 410.69 -2.5034 -0.85814 0.032593 20960 1994 1629.4 0 0
2.266e+05 0.5964 0.14231 0.36221 -1.3673 0.34066 0.9097 383.59 -2.5049 -0.8591 0.032585 20963 1996 1629.8 0 0
2.267e+05 0.6001 0.12283 0.3442 -1.3515 0.33182 0.88296 369.72 -0.88931 -0.86009 0.032546 20966 1999 1630.2 0 0
2.268e+05 0.58672 0.12532 0.36517 -1.3618 0.31093 0.90454 380.05 -1.0415 -0.86107 0.032514 20968 2001 1630.6 0 0
2.269e+05 0.58592 0.12578 0.34351 -1.399 0.32187 0.93631 380.12 -1.0572 -0.86203 0.032537 20971 1999 1631 0 0
2.27e+05 0.58271 0.12646 0.33042 -1.2951 0.3621 0.93653 391.69 -1.2213 -0.86294 0.03257 20974 1997 1631.3 0 0
2.271e+05 0.56467 0.14228 0.32182 -1.3981 0.32923 0.95561 394.95 -4.8166 -0.86391 0.032554 20977 1998 1631.7 0 0
2.272e+05 0.57168 0.11737 0.34689 -1.3668 0.31611 0.90347 376.44 -1.9236 -0.86485 0.032538 20980 1999 1632.1 0 0
2.273e+05 0.57454 0.13824 0.3425 -1.3936 0.33918 0.95516 393.72 -2.9422 -0.86579 0.032538 20983 1999 1632.5 0 0
2.274e+05 0.54994 0.13563 0.3504 -1.3257 0.34373 0.88369 388.81 -6.5221 -0.86677 0.032554 20986 1998 1632.9 0 0
2.275e+05 0.56496 0.15526 0.36151 -1.4342 0.33124 0.94708 390.12 -7.0286 -0.86772 0.03253 20989 1998 1633.3 0 0
2.276e+05 0.61867 0.16133 0.3424 -1.2406 0.33859 0.88689 369.92 -7.0465 -0.86872 0.032352 20991 2009 1633.7 0 0
2.277e+05 0.58724 0.15816 0.36125 -1.3673 0.35515 0.9502 384.51 -5.3602 -0.86983 0.03232 20991 2011 1634.2 0 0
2.278e+05 0.5795 0.17333 0.3485 -1.2126 0.3548 0.91915 397.77 -9.8054 -0.87095 0.03224 20991 2016 1634.7 0 0
2.279e+05 0.59999 0.15408 0.35087 -1.2667 0.3205 0.87875 377.13 -4.4018 -0.87205 0.032049 20992 2028 1635.1 0 0
2.28e+05 0.63681 0.2022 0.37193 -1.4639 0.32141 0.8986 398.79 -19.893 -0.87314 0.031986 20992 2032 1635.6 0 0
2.281e+05 0.60322 0.1549 0.40358 -1.4732 0.32548 0.92445 387.76 -4.5419 -0.87421 0.031908 20993 2037 1636 0 0
2.282e+05 0.62333 0.17602 0.33596 -1.3722 0.3586 0.92891 395.82 -11.056 -0.87531 0.031845 20994 2041 1636.5 0 0
2.283e+05 0.61179 0.16471 0.34655 -1.3773 0.31969 0.85531 398.91 -6.9453 -0.8764 0.031846 20994 2041 1636.9 0 0
2.284e+05 0.57596 0.17582 0.33509 -1.4293 0.32985 0.74922 405.85 -10.837 -0.8775 0.031814 20995 2043 1637.4 0 0
2.285e+05 0.62372 0.13842 0.34192 -1.2893 0.36562 0.91625 430.84 -3.5426 -0.87855 0.031784 20996 2045 1637.8 0 0
2.286e+05 0.61706 0.16073 0.34205 -1.3156 0.35775 0.92688 411.41 -6.5044 -0.87963 0.031784 20997 2045 1638.3 0 0
2.287e+05 0.5486 0.1662 0.35849 -1.1237 0.32253 0.93156 413.71 -12.622 -0.8807 0.031787 20998 2045 1638.7 0 0
2.288e+05 0.61097 0.15825 0.33278 -1.3488 0.32498 0.87965 389.31 -5.4292 -0.88181 0.031834 20998 2042 1639.2 0 0
2.289e+05 0.63666 0.1465 0.35391 -1.4574 0.33483 0.92692 389.71 -6.2344 -0.8829 0.03185 20999 2041 1639.6 0 0
2.29e+05 0.63406 0.20262 0.36655 -1.1537 0.31678 0.92305 382.12 -19.624 -0.88398 0.031847 20999 2041 1640.1 0 0
2.291e+05 0.58553 0.16929 0.35711 -1.393 0.31214 0.91687 393.25 -7.957 -0.8851 0.031847 21000 2041 1640.6 0 0
2.292e+05 0.62607 0.20836 0.39817 -1.3643 0.35211 0.90637 396.01 -20.594 -0.88619 0.031847 21000 2041 1641.1 0 0
2.293e+05 0.53882 0.17608 0.38405 -1.2471 0.35238 0.91872 407.27 -17.676 -0.88729 0.031831 21000 2042 1641.5 0 0
2.294e+05 0.64958 0.19014 0.36223 -1.5532 0.30653 0.86232 405.83 -17.683 -0.88841 0.031831 21001 2042 1642 0 0
2.295e+05 0.63082 0.18103 0.35655 -1.5001 0.32114 0.83685 406.2 -12.992 -0.88951 0.031692 21001 2051 1642.5 0 0
2.296e+05 0.62118 0.1816 0.3407 -1.3692 0.34481 0.9422 395.83 -12.118 -0.89061 0.031661 21001 2053 1643 0 0
2.297e+05 0.62953 0.17813 0.3502 -1.4623 0.35363 0.82098 402.37 -12.018 -0.89172 0.03163 21002 2055 1643.5 0 0
2.298e+05 0.65925 0.18738 0.37859 -1.2649 0.34921 0.89422 385.11 -17.657 -0.89281 0.031676 21002 2052 1643.9 0 0
2.299e+05 0.63805 0.14724 0.34578 -1.5847 0.31404 0.91579 405.95 -6.469 -0.89393 0.031707 21002 2050 1644.4 0 0
2.3e+05 0.64594 0.16398 0.36494 -1.389 0.33273 0.94243 406 -10.708 -0.89503 0.031723 21002 2049 1644.9 0 0
2.301e+05 0.65755 0.15784 0.35701 -1.2745 0.36965 0.93235 404.57 -10.313 -0.89612 0.031723 21003 2049 1645.4 0 0
2.302e+05 0.65487 0.13902 0.33864 -1.3736 0.34414 0.84536 411.85 -5.8199 -0.89719 0.031658 21004 2054 1645.8 0 0
2.303e+05 0.64005 0.2006 0.33178 -1.2775 0.32783 0.93013 386.71 -19.564 -0.89828 0.031673 21004 2053 1646.3 0 0
2.304e+05 0.5986 0.19242 0.35522 -1.2201 0.31663 0.88014 405.97 -14.274 -0.89937 0.031658 21005 2054 1646.8 0 0
2.305e+05 0.64288 0.18916 0.37489 -1.2913 0.34126 0.95368 388.69 -16.391 -0.90048 0.031643 21005 2055 1647.3 0 0
2.306e+05 0.60561 0.17829 0.34504 -1.1309 0.33787 0.91617 379.91 -10.042 -0.90155 0.031658 21006 2054 1647.7 0 0
2.307e+05 0.62006 0.17152 0.35711 -1.179 0.3496 0.95209 391.89 -8.9252 -0.90263 0.031643 21006 2055 1648.2 0 0
2.308e+05 0.62506 0.13681 0.34588 -1.3941 0.35115 0.90084 391.6 -3.3732 -0.90372 0.031612 21007 2057 1648.6 0 0
2.309e+05 0.58416 0.15722 0.35488 -1.4092 0.36336 0.92716 392.56 -4.8849 -0.90476 0.031628 21008 2056 1649.1 0 0
2.31e+05 0.59733 0.142 0.37278 -1.4801 0.32325 0.89327 411.67 -1.9908 -0.9058 0.031628 21009 2056 1649.5 0 0
2.311e+05 0.60596 0.12484 0.3335 -1.3916 0.31979 0.94917 382.15 -0.84142 -0.90686 0.031628 21010 2056 1650 0 0
2.312e+05 0.61769 0.16274 0.35281 -1.3969 0.36917 0.86381 376.37 -6.5967 -0.90787 0.031626 21012 2057 1650.4 0 0
2.313e+05 0.66735 0.14228 0.34906 -1.3251 0.35654 0.93453 402.63 -7.1012 -0.90892 0.031609 21013 2059 1650.8 0 0
2.314e+05 0.63852 0.17941 0.39094 -1.4058 0.35322 0.87591 399.81 -13.083 -0.90997 0.031593 21014 2060 1651.2 0 0
2.315e+05 0.62612 0.13173 0.32821 -1.3158 0.35821 0.88044 412.93 -2.8006 -0.91102 0.031578 21015 2061 1651.7 0 0
2.316e+05 0.54834 0.1358 0.37275 -1.2293 0.33715 0.90602 373.21 -6.7019 -0.91203 0.031536 21016 2063 1652.1 0 0
2.317e+05 0.55299 0.11222 0.36427 -1.3514 0.33541 0.86448 395.7 -4.5408 -0.91306 0.031536 21018 2063 1652.5 0 0
2.318e+05 0.65229 0.15585 0.37959 -1.3139 0.34959 0.91983 398.63 -9.4621 -0.91403 0.031512 21020 2065 1653 0 0
2.319e+05 0.63325 0.14277 0.36725 -1.2925 0.33835 0.94751 393 -4.9898 -0.915 0.031512 21022 2065 1653.3 0 0
2.32e+05 0.60876 0.21806 0.36532 -1.3958 0.33658 0.91101 373 -22.58 -0.91604 0.031512 21023 2065 1653.8 0 0
2.321e+05 0.62935 0.16345 0.36137 -1.3831 0.343 0.85921 382.76 -7.9783 -0.91715 0.031497 21024 2066 1654.3 0 0
2.322e+05 0.59456 0.13682 0.34981 -1.4152 0.3408 0.9129 391.37 -1.3331 -0.91816 0.0315 21025 2066 1654.7 0 0
2.323e+05 0.62053 0.14544 0.34416 -1.3917 0.35946 0.90487 372.08 -3.7027 -0.91916 0.0315 21027 2066 1655.1 0 0
2.324e+05 0.56012 0.1297 0.37334 -1.3552 0.33668 0.86277 363.04 -3.8399 -0.92006 0.031455 21030 2069 1655.5 0 0
2.325e+05 0.5995 0.14522 0.34868 -1.274 0.36256 0.93925 377.82 -2.1943 -0.92104 0.031394 21032 2073 1656 0 0
2.326e+05 0.60472 0.1444 0.34913 -1.1028 0.3434 0.91488 365.14 -2.2837 -0.922 0.031396 21035 2072 1656.4 0 0
2.327e+05 0.60571 0.15238 0.3211 -1.4174 0.3311 0.85743 383.6 -3.5742 -0.9229 0.031427 21038 2070 1656.8 0 0
2.328e+05 0.62736 0.12079 0.32798 -1.4182 0.34532 0.90831 398.33 -1.1566 -0.92389 0.031442 21040 2069 1657.2 0 0
2.329e+05 0.56951 0.1072 0.37542 -1.4381 0.35779 0.89741 358.45 -1.9325 -0.92479 0.031427 21043 2070 1657.6 0 0
2.33e+05 0.58174 0.14506 0.34665 -1.3437 0.32826 0.87589 382.56 -2.6924 -0.92572 0.031414 21046 2070 1658 0 0
2.331e+05 0.61908 0.14246 0.34619 -1.1206 0.35143 0.95377 382.55 -3.0494 -0.92666 0.031423 21049 2069 1658.4 0 0
2.332e+05 0.59308 0.18828 0.35678 -1.4452 0.31987 0.93773 390.6 -12.961 -0.92763 0.031439 21051 2068 1658.8 0 0
2.333e+05 0.63495 0.16307 0.346 -1.4347 0.38714 0.87049 392.79 -8.5174 -0.92868 0.031424 21052 2069 1659.3 0 0
2.334e+05 0.58136 0.17232 0.3359 -1.4459 0.3766 0.9142 389.73 -8.7146 -0.92969 0.031439 21053 2068 1659.7 0 0
2.335e+05 0.58096 0.14693 0.34772 -1.2539 0.38226 0.92896 366.79 -2.9533 -0.93071 0.031424 21054 2069 1660.1 0 0
2.336e+05 0.62876 0.14203 0.34633 -1.3337 0.40432 0.91294 376.95 -4.0184 -0.93174 0.031424 21056 2069 1660.6 0 0
2.337e+05 0.55912 0.14798 0.35364 -1.3335 0.36509 0.93227 379.53 -6.1607 -0.93272 0.03142 21058 2070 1661 0 0
2.338e+05 0.62434 0.13206 0.35655 -1.2969 0.37824 0.92439 390.11 -2.3576 -0.93373 0.03142 21059 2070 1661.4 0 0
2.339e+05 0.63541 0.1669 0.36971 -1.4074 0.32388 0.90697 401.35 -9.3707 -0.9347 0.03142 21061 2070 1661.8 0 0
2.34e+05 0.55708 0.15914 0.34855 -1.2085 0.36752 0.92318 394.43 -8.7825 -0.93574 0.031466 21062 2067 1662.3 0 0
2.341e+05 0.60055 0.21286 0.361 -1.4771 0.33282 0.9422 404.71 -20.737 -0.93683 0.031435 21062 2069 1662.8 0 0
2.342e+05 0.54398 0.16841 0.36242 -1.3054 0.3619 0.92754 394.77 -14.055 -0.9379 0.031436 21063 2069 1663.2 0 0
2.343e+05 0.63531 0.1555 0.3588 -1.2706 0.3437 0.86142 389.78 -6.8579 -0.93896 0.03142 21064 2070 1663.7 0 0
2.344e+05 0.62233 0.14808 0.35316 -1.2838 0.36584 0.95086 389.56 -3.8755 -0.93998 0.031421 21065 2070 1664.1 0 0
2.345e+05 0.61196 0.13065 0.36365 -1.3727 0.35202 0.91178 391.18 -1.1622 -0.94099 0.031405 21066 2071 1664.6 0 0
2.346e+05 0.66295 0.14334 0.3379 -1.34 0.33297 0.91259 391.63 -6.9843 -0.942 0.031416 21068 2071 1665 0 0
2.347e+05 0.62937 0.16042 0.34781 -1.336 0.34233 0.95176 383.54 -6.9249 -0.94297 0.031437 21070 2069 1665.4 0 0
2.348e+05 0.65033 0.13106 0.34091 -1.2639 0.37993 0.92031 400.66 -3.9363 -0.94403 0.031438 21070 2069 1665.9 0 0
2.349e+05 0.58681 0.18064 0.34175 -1.2064 0.36032 0.86363 391.42 -10.759 -0.94502 0.031407 21072 2071 1666.3 0 0
2.35e+05 0.57646 0.14177 0.35931 -1.2495 0.34079 0.89185 385.6 -2.5372 -0.946 0.031377 21074 2073 1666.7 0 0
2.351e+05 0.63275 0.13322 0.35309 -1.5061 0.33444 0.84798 384.96 -3.1415 -0.94691 0.031332 21077 2076 1667.1 0 0
2.352e+05 0.58054 0.1337 0.36163 -1.362 0.32603 0.87711 386.15 -1.2654 -0.94783 0.031333 21080 2076 1667.5 0 0
2.353e+05 0.58648 0.1048 0.33346 -1.4036 0.37885 0.91071 406.24 -0.11392 -0.94872 0.031348 21083 2075 1667.9 0 0
2.354e+05 0.63447 0.12985 0.33288 -1.1603 0.36636 0.87736 411.87 -2.7177 -0.94956 0.031337 21087 2075 1668.3 0 0
2.355e+05 0.60669 0.15749 0.35828 -1.4037 0.37979 0.91517 399.82 -4.2946 -0.95045 0.031337 21090 2075 1668.7 0 0
2.356e+05 0.59607 0.14813 0.36655 -1.1923 0.35724 0.89183 398.18 -2.2189 -0.95142 0.031368 21092 2073 1669.1 0 0
2.357e+05 0.637 0.13959 0.35307 -1.405 0.33848 0.92977 393.4 -4.4088 -0.95235 0.031338 21095 2075 1669.5 0 0
2.358e+05 0.55542 0.15621 0.34863 -1.4385 0.32342 0.92152 380.68 -8.3694 -0.95336 0.031338 21096 2075 1670 0 0
2.359e+05 0.59035 0.14116 0.33974 -1.5375 0.32182 0.92404 372.64 -1.4052 -0.95431 0.031339 21099 2075 1670.4 0 0
2.36e+05 0.57622 0.14152 0.3515 -1.5508 0.33332 0.88066 389.54 -2.3834 -0.9553 0.031339 21100 2075 1670.8 0 0
2.361e+05 0.61072 0.15467 0.37798 -1.4231 0.33118 0.88569 350.94 -3.906 -0.95634 0.031354 21101 2074 1671.3 0 0
2.362e+05 0.57051 0.13834 0.34486 -1.2286 0.30966 0.90092 394.04 -2.6752 -0.95739 0.031354 21102 2074 1671.7 0 0
2.363e+05 0.61098 0.13577 0.35369 -1.4993 0.33147 0.81757 402.28 -1.287 -0.95829 0.031324 21105 2076 1672.2 0 0
2.364e+05 0.55856 0.14383 0.34436 -1.1815 0.35603 0.86934 382.06 -5.349 -0.95926 0.031354 21107 2074 1672.6 0 0
2.365e+05 0.5612 0.13573 0.36699 -1.1823 0.354 0.94471 398.39 -3.8214 -0.96018 0.031342 21110 2075 1673 0 0
2.366e+05 0.64157 0.16265 0.35867 -1.4376 0.35805 0.913 369.09 -8.9772 -0.96122 0.031358 21110 2074 1673.4 0 0
2.367e+05 0.61858 0.16842 0.35097 -1.3093 0.32373 0.91172 398.76 -7.4804 -0.96225 0.031373 21111 2073 1673.9 0 0
2.368e+05 0.61133 0.15538 0.34513 -1.2678 0.31314 0.91546 396 -4.0238 -0.96329 0.031373 21112 2073 1674.3 0 0
2.369e+05 0.62431 0.15978 0.32382 -1.3785 0.32196 0.94188 381.58 -5.9501 -0.96432 0.031404 21113 2071 1674.8 0 0
2.37e+05 0.60457 0.094336 0.41098 -1.5391 0.32967 0.94082 385.61 2.4423 -0.96511 0.031432 21118 2072 1675.2 0 0
2.371e+05 0.60716 0.16262 0.3601 -1.2744 0.35388 0.91515 378.19 -5.3206 -0.96604 0.031381 21120 2072 1675.6 0 0
2.372e+05 0.57986 0.13455 0.34875 -1.3884 0.36556 0.93412 409.89 -1.2103 -0.96698 0.031396 21123 2071 1676 0 0
2.373e+05 0.603 0.18978 0.35113 -1.2117 0.34151 0.93446 376.92 -13.06 -0.968 0.031366 21124 2073 1676.4 0 0
2.374e+05 0.61505 0.15509 0.35002 -1.5425 0.33093 0.94442 388.88 -4.1456 -0.96897 0.031366 21125 2073 1676.9 0 0
2.375e+05 0.60398 0.16047 0.36285 -1.2901 0.35137 0.91635 354.19 -4.5865 -0.96994 0.031336 21127 2075 1677.3 0 0
2.376e+05 0.54575 0.14647 0.35697 -1.3792 0.31628 0.90992 397.05 -8.5412 -0.97093 0.031306 21129 2077 1677.7 0 0
2.377e+05 0.60065 0.1673 0.35215 -1.0924 0.31924 0.88207 381.86 -6.1449 -0.97196 0.031303 21130 2077 1678.2 0 0
2.378e+05 0.56675 0.12626 0.34002 -1.3203 0.30353 0.86764 372.49 -2.3276 -0.97298 0.031334 21131 2075 1678.6 0 0
2.379e+05 0.6527 0.1204 0.35655 -1.2144 0.3683 0.90091 416.23 -1.5128 -0.97393 0.031334 21133 2075 1679 0 0
2.38e+05 0.61373 0.12732 0.39729 -1.2581 0.31944 0.92346 375.76 -0.73897 -0.97478 0.031349 21137 2074 1679.4 0 0
2.381e+05 0.60797 0.11649 0.36243 -1.3227 0.32583 0.8974 384.25 0.056814 -0.97563 0.031349 21140 2075 1679.8 0 0
2.382e+05 0.62464 0.1254 0.34764 -1.1106 0.32519 0.85949 378.73 -1.269 -0.97649 0.031349 21144 2076 1680.2 0 0
2.383e+05 0.57077 0.11545 0.34004 -1.3174 0.32982 0.8628 382.27 -1.5328 -0.9773 0.03138 21148 2074 1680.6 0 0
2.384e+05 0.56483 0.11039 0.34964 -1.2191 0.3483 0.82134 387.78 -2.4324 -0.97817 0.03141 21152 2072 1681 0 0
2.385e+05 0.57147 0.13719 0.33943 -1.5508 0.31348 0.8895 406.44 -2.2261 -0.97906 0.031426 21155 2071 1681.4 0 0
2.386e+05 0.67445 0.14453 0.36598 -1.2514 0.31847 0.92967 422.47 -7.6999 -0.9799 0.031396 21158 2073 1681.8 0 0
2.387e+05 0.53194 0.1633 0.33285 -1.4822 0.32168 0.91702 423.2 -15.838 -0.98078 0.031323 21162 2075 1682.2 0 0
2.388e+05 0.62153 0.13916 0.38646 -1.3549 0.32061 0.93892 392.68 -2.2769 -0.98169 0.031339 21165 2073 1682.6 0 0
2.389e+05 0.6338 0.14967 0.35408 -1.2487 0.3082 0.92999 381.96 -5.2013 -0.98267 0.031354 21166 2072 1683.1 0 0
2.39e+05 0.59794 0.15533 0.35324 -1.3825 0.33868 0.92508 392.22 -3.202 -0.9837 0.031354 21167 2072 1683.5 0 0
2.391e+05 0.66506 0.14153 0.35464 -1.5493 0.32608 0.83808 385.45 -6.5505 -0.98473 0.031354 21168 2072 1684 0 0
2.392e+05 0.66633 0.18515 0.32733 -1.2425 0.33612 0.90547 415.08 -16.573 -0.98573 0.03137 21169 2071 1684.4 0 0
2.393e+05 0.66491 0.13681 0.51164 -1.2821 0.34324 0.93549 377.69 -5.5675 -0.98679 0.03137 21169 2071 1684.9 0 0
2.394e+05 0.64598 0.17189 0.38377 -1.243 0.36155 0.92706 418.2 -11.405 -0.98778 0.031385 21171 2070 1685.3 0 0
2.395e+05 0.66045 0.15228 0.48871 -1.1286 0.38923 0.91376 419.84 -8.5399 -0.98878 0.03137 21172 2071 1685.7 0 0
2.396e+05 0.6497 0.15925 0.35834 -1.1955 0.33232 0.92074 385.39 -8.9474 -0.9898 0.0314 21173 2069 1686.2 0 0
2.397e+05 0.64175 0.1715 0.36612 -1.2945 0.36968 0.83096 378.06 -10.693 -0.99084 0.031371 21173 2071 1686.7 0 0
2.398e+05 0.65377 0.1183 0.37899 -1.3579 0.32388 0.94345 402.85 -1.0521 -0.99177 0.031371 21176 2071 1687.1 0 0
2.399e+05 0.63425 0.1361 0.33648 -1.4346 0.34282 0.94212 371.55 -3.1602 -0.99262 0.031371 21179 2071 1687.5 0 0
2.4e+05 0.6228 0.12994 0.37696 -1.3998 0.35321 0.9614 406.44 -1.3222 -0.99343 0.031387 21183 2069 1687.9 0 0
2.401e+05 0.60811 0.13064 0.38516 -1.2073 0.35793 0.88006 366.12 -0.36025 -0.99426 0.031387 21187 2069 1688.3 0 0
2.402e+05 0.62328 0.11251 0.36334 -1.2687 0.33238 0.93981 356.03 0.66226 -0.99512 0.031402 21191 2068 1688.7 0 0
2.403e+05 0.62331 0.11326 0.34662 -1.2354 0.33973 0.91192 374.49 0.5788 -0.99582 0.031386 21197 2069 1689.1 0 0
2.404e+05 0.60261 0.13885 0.34263 -1.4805 0.34754 0.93866 387.66 -0.70377 -0.99657 0.031392 21202 2071 1689.4 0 0
2.405e+05 0.60903 0.11963 0.34179 -1.3487 0.33586 0.92267 378.83 0.16728 -0.99741 0.031377 21205 2072 1689.8 0 0
2.406e+05 0.66368 0.13546 0.5297 -1.2979 0.34954 0.95687 386.41 -5.0559 -0.99838 0.031362 21207 2073 1690.3 0 0
2.407e+05 0.64338 0.14871 0.35768 -1.3271 0.3453 0.94124 372.74 -5.9805 -0.9994 0.031392 21208 2071 1690.7 0 0
2.408e+05 0.62673 0.17228 0.4684 -1.539 0.34608 0.92978 373.9 -9.1007 -1.0004 0.031377 21209 2072 1691.2 0 0
2.409e+05 0.63013 0.1304 0.35238 -1.4771 0.3326 0.92744 374.89 -1.7803 -1.0014 0.031377 21210 2072 1691.6 0 0
2.41e+05 0.66112 0.16083 0.38794 -1.2654 0.33151 0.90535 381.72 -10.284 -1.0023 0.031408 21213 2070 1692 0 0
2.411e+05 0.65541 0.11832 0.40569 -1.4927 0.3282 0.92306 369.73 -1.05 -1.0032 0.031393 21216 2071 1692.4 0 0
2.412e+05 0.57151 0.1481 0.35272 -1.2848 0.34649 0.9291 367.79 -3.5767 -1.004 0.031393 21219 2071 1692.8 0 0
2.413e+05 0.62518 0.13182 0.37731 -1.5307 0.33501 0.94254 377.92 -1.4174 -1.0049 0.031378 21223 2072 1693.2 0 0
2.414e+05 0.61691 0.13101 0.33367 -1.2649 0.33348 0.92867 371.42 -0.71854 -1.0058 0.031408 21226 2071 1693.6 0 0
2.415e+05 0.62826 0.11888 0.34425 -1.4357 0.35632 0.93797 370.79 -0.3357 -1.0066 0.031408 21230 2071 1694 0 0
2.416e+05 0.66645 0.14231 0.39811 -1.3912 0.3109 0.92254 360.59 -6.5792 -1.0074 0.031381 21234 2074 1694.4 0 0
2.417e+05 0.62092 0.11333 0.3395 -1.402 0.3347 0.88025 385.3 0.74302 -1.0082 0.031382 21238 2073 1694.8 0 0
2.418e+05 0.63941 0.13696 0.3596 -1.1451 0.32559 0.87924 360.56 -3.5035 -1.0091 0.031427 21240 2070 1695.3 0 0
2.419e+05 0.64846 0.13691 0.32718 -1.38 0.35043 0.95233 380.46 -4.3006 -1.01 0.031443 21242 2069 1695.7 0 0
2.42e+05 0.65919 0.17016 0.42611 -1.3279 0.32469 0.90762 386.22 -12.252 -1.011 0.031428 21244 2070 1696.1 0 0
2.421e+05 0.66589 0.15801 0.38672 -1.239 0.32306 0.84564 333.73 -9.8919 -1.012 0.031443 21246 2069 1696.5 0 0
2.422e+05 0.64042 0.13615 0.37264 -1.1716 0.33388 0.92364 370.67 -3.3928 -1.0128 0.031431 21249 2071 1696.9 0 0
2.423e+05 0.60911 0.12264 0.34514 -1.3613 0.36785 0.9031 373.75 0.22825 -1.0135 0.03143 21254 2071 1697.3 0 0
2.424e+05 0.63399 0.12274 0.35496 -1.2232 0.33405 0.93683 371.42 -0.89272 -1.0143 0.031416 21259 2072 1697.7 0 0
2.425e+05 0.64241 0.1423 0.35075 -1.3591 0.34129 0.92238 354.07 -4.5407 -1.0152 0.031431 21262 2071 1698.1 0 0
2.426e+05 0.62226 0.17284 0.33788 -1.3109 0.35638 0.91229 369.23 -8.6088 -1.0161 0.031431 21264 2071 1698.6 0 0
2.427e+05 0.62096 0.14133 0.34879 -1.3464 0.33081 0.92794 359.59 -1.9049 -1.017 0.03138 21267 2072 1699 0 0
2.428e+05 0.58993 0.14318 0.33095 -1.1492 0.34347 0.90423 389.17 -1.2407 -1.0176 0.031427 21274 2072 1699.4 0 0
2.429e+05 0.61451 0.14355 0.34926 -1.1861 0.34007 0.83741 360.24 -1.616 -1.0185 0.031427 21277 2072 1699.8 0 0
2.43e+05 0.60507 0.13244 0.34145 -1.278 0.33263 0.94944 374.22 0.007597 -1.0193 0.031416 21281 2074 1700.2 0 0
2.431e+05 0.62095 0.13272 0.34705 -1.351 0.32475 0.88801 366.7 -0.80903 -1.0201 0.031416 21285 2074 1700.5 0 0
2.432e+05 0.60856 0.1332 0.33273 -1.2134 0.35915 0.82382 357.47 -0.16149 -1.021 0.031456 21288 2072 1700.9 0 0
2.433e+05 0.63283 0.17994 0.36925 -1.2823 0.32451 0.91984 378.3 -11.737 -1.0219 0.031471 21291 2071 1701.3 0 0
2.434e+05 0.62071 0.14893 0.35331 -1.4 0.33297 0.85691 378.39 -2.855 -1.0229 0.031486 21292 2070 1701.8 0 0
2.435e+05 0.64466 0.15883 0.39116 -1.2288 0.3327 0.83882 373.11 -7.6198 -1.0238 0.031514 21294 2071 1702.2 0 0
2.436e+05 0.64111 0.16532 0.3702 -1.3767 0.33094 0.89195 377.04 -8.6687 -1.0248 0.031528 21296 2070 1702.6 0 0
2.437e+05 0.71598 0.12657 0.45606 -1.3609 0.34683 0.88074 368.13 -7.1562 -1.0257 0.0315 21297 2072 1703 0 0
2.438e+05 0.69317 0.12764 0.51712 -1.5317 0.32687 0.90793 385.25 -4.9881 -1.0267 0.031485 21298 2073 1703.5 0 0
2.439e+05 0.71106 0.17452 0.44164 -1.3558 0.33837 0.86598 376.33 -16.523 -1.0277 0.031455 21299 2075 1704 0 0
2.44e+05 0.65509 0.1701 0.47839 -1.423 0.32964 0.87872 401.5 -11.452 -1.0287 0.031425 21300 2077 1704.4 0 0
2.441e+05 0.63826 0.14604 0.45179 -1.1314 0.33226 0.92318 362.75 -4.3056 -1.0297 0.031437 21302 2076 1704.9 0 0
2.442e+05 0.67565 0.15355 0.51703 -1.4044 0.31681 0.86139 386.45 -9.1367 -1.0306 0.031452 21303 2075 1705.3 0 0
2.443e+05 0.65231 0.17676 0.41956 -1.555 0.3259 0.8458 400.79 -12.715 -1.0317 0.031467 21304 2074 1705.7 0 0
2.444e+05 0.63997 0.14123 0.3439 -1.2506 0.31984 0.90855 410.57 -3.714 -1.0325 0.031454 21307 2075 1706.1 0 0
2.445e+05 0.60821 0.11897 0.36419 -1.3737 0.32554 0.92765 370.03 0.50674 -1.0333 0.031484 21311 2073 1706.5 0 0
2.446e+05 0.63207 0.13674 0.37468 -1.2061 0.3511 0.90117 370.14 -2.1114 -1.0339 0.031499 21318 2071 1706.9 0 0
2.447e+05 0.60246 0.12349 0.35686 -1.2477 0.33731 0.902 387.2 0.53135 -1.0347 0.031473 21322 2070 1707.3 0 0
2.448e+05 0.65476 0.15776 0.53266 -1.2311 0.35626 0.92838 370.9 -8.3291 -1.0356 0.031457 21325 2071 1707.8 0 0
2.449e+05 0.63005 0.17884 0.50684 -1.3772 0.33382 0.91653 371.51 -11.053 -1.0366 0.031447 21325 2072 1708.2 0 0
2.45e+05 0.66931 0.17851 0.51099 -1.3852 0.33625 0.79463 388.32 -14.773 -1.0377 0.031386 21325 2076 1708.7 0 0
2.451e+05 0.64301 0.1444 0.54031 -1.4844 0.33725 0.92903 361.07 -4.4421 -1.0387 0.031309 21326 2081 1709.2 0 0
2.452e+05 0.64982 0.14834 0.52135 -1.4482 0.32677 0.93204 362.67 -5.7904 -1.0397 0.031249 21326 2085 1709.7 0 0
2.453e+05 0.68611 0.17446 0.48865 -1.3497 0.34227 0.91954 376.74 -14.472 -1.0407 0.031264 21327 2084 1710.1 0 0
2.454e+05 0.65964 0.13531 0.44302 -1.1662 0.34969 0.89417 368.14 -3.9873 -1.0417 0.031219 21327 2087 1710.6 0 0
2.455e+05 0.68687 0.16121 0.56757 -1.4085 0.33035 0.92961 394.48 -11.304 -1.0427 0.031204 21328 2088 1711 0 0
2.456e+05 0.68201 0.153 0.50457 -1.3403 0.33681 0.94646 393.02 -9.1131 -1.0438 0.031204 21329 2088 1711.5 0 0
2.457e+05 0.67676 0.18005 0.47917 -1.2662 0.32973 0.92977 399.16 -15.53 -1.0448 0.031144 21329 2092 1712 0 0
2.458e+05 0.67263 0.12402 0.45777 -1.3505 0.35978 0.94371 391.3 -2.9405 -1.0458 0.031147 21330 2092 1712.4 0 0
2.459e+05 0.67853 0.13484 0.47665 -1.3183 0.33634 0.91176 380.92 -5.178 -1.0466 0.031147 21333 2092 1712.8 0 0
2.46e+05 0.65538 0.11768 0.47847 -1.2851 0.32783 0.93356 369.67 -0.61965 -1.0475 0.031143 21336 2092 1713.3 0 0
2.461e+05 0.62666 0.13275 0.51701 -1.3917 0.32939 0.91505 367.67 -1.0279 -1.0485 0.031161 21338 2092 1713.7 0 0
2.462e+05 0.63347 0.12977 0.51575 -1.3819 0.33921 0.95737 373.51 -1.2447 -1.0494 0.031147 21339 2093 1714.1 0 0
2.463e+05 0.67432 0.13051 0.46787 -1.1011 0.3317 0.94494 379.08 -4.0191 -1.0501 0.03115 21344 2091 1714.5 0 0
2.464e+05 0.65058 0.14653 0.51279 -1.2739 0.34123 0.90568 381.44 -5.236 -1.0511 0.031165 21346 2090 1714.9 0 0
2.465e+05 0.65563 0.18416 0.51076 -1.0709 0.35509 0.96013 393.9 -14.961 -1.052 0.031135 21347 2092 1715.4 0 0
2.466e+05 0.68887 0.167 0.53924 -1.4506 0.30616 0.94839 368.64 -12.712 -1.0531 0.031061 21348 2097 1715.9 0 0
2.467e+05 0.70833 0.14368 0.52356 -1.3166 0.35296 0.93918 375.31 -9.2144 -1.054 0.030802 21349 2115 1716.3 0 0
2.468e+05 0.62676 0.19706 0.48467 -1.3822 0.34425 0.93616 368.06 -15.775 -1.0551 0.030744 21349 2119 1716.8 0 0
2.469e+05 0.66359 0.20516 0.49689 -1.3463 0.32351 0.94629 374.13 -21.356 -1.0561 0.030788 21349 2116 1717.4 0 0
2.47e+05 0.59206 0.11869 0.38478 -1.3896 0.3224 0.88302 352.61 0.62608 -1.057 0.030689 21352 2123 1717.8 0 0
2.471e+05 0.62576 0.15052 0.47063 -1.3223 0.33218 0.89414 360.91 -3.3976 -1.0579 0.030689 21353 2123 1718.2 0 0
2.472e+05 0.60831 0.17638 0.34096 -1.0732 0.32724 0.94654 371.65 -8.6648 -1.0588 0.030646 21355 2126 1718.7 0 0
2.473e+05 0.59991 0.17962 0.35985 -1.305 0.34412 0.82828 372.56 -9.4177 -1.0598 0.030647 21357 2126 1719.1 0 0
2.474e+05 0.57046 0.15512 0.34065 -1.4631 0.34445 0.92137 375.25 -4.8923 -1.0608 0.030647 21358 2126 1719.6 0 0
2.475e+05 0.60545 0.14786 0.35286 -1.1625 0.30894 0.91169 374.23 -1.4905 -1.0617 0.030633 21360 2127 1720 0 0
2.476e+05 0.55856 0.1217 0.34297 -1.447 0.35405 0.89001 366.17 -3.3083 -1.0625 0.030642 21363 2129 1720.4 0 0
2.477e+05 0.59123 0.18271 0.34151 -1.2106 0.32719 0.87948 372.64 -10.639 -1.0633 0.030686 21368 2128 1720.8 0 0
2.478e+05 0.57651 0.15318 0.33358 -1.2415 0.3191 0.93916 380.23 -3.5553 -1.0642 0.030614 21370 2133 1721.2 0 0
2.479e+05 0.57166 0.17977 0.34023 -1.3712 0.35192 0.92133 374.6 -11.644 -1.065 0.030572 21373 2136 1721.6 0 0
2.48e+05 0.52518 0.12992 0.33552 -1.2488 0.3203 0.87535 386.96 -12.656 -1.0659 0.030572 21376 2136 1722 0 1.1626
2.481e+05 0.59221 0.14189 0.33176 -1.1758 0.33266 0.89967 382.88 -0.68738 -1.0667 0.030584 21379 2137 1722.5 0 0
2.482e+05 0.58176 0.14749 0.3292 -1.2189 0.35653 0.90933 393.12 -2.0315 -1.0676 0.030584 21382 2137 1722.9 0 0
2.483e+05 0.61404 0.14874 0.34568 -1.4288 0.33058 0.90047 408.28 -1.9627 -1.0684 0.030556 21385 2139 1723.3 0 0
2.484e+05 0.6081 0.12231 0.3417 -1.3238 0.3689 0.8497 405.53 0.65107 -1.0694 0.030557 21387 2139 1723.7 0 0
2.485e+05 0.60109 0.12613 0.35958 -1.3301 0.31407 0.91893 382.08 0.66813 -1.0702 0.030557 21390 2139 1724.1 0 0
2.486e+05 0.6157 0.14728 0.35607 -1.4545 0.33127 0.93707 412.64 -1.7847 -1.071 0.030558 21394 2139 1724.5 0 0
2.487e+05 0.58349 0.11036 0.34857 -1.2591 0.36595 0.91533 381.78 0.093411 -1.0718 0.030558 21397 2139 1724.9 0 0
2.488e+05 0.63915 0.14453 0.34686 -1.3728 0.32082 0.86288 405.5 -3.7135 -1.0727 0.030597 21400 2135 1725.4 0 0
2.489e+05 0.5901 0.11661 0.34372 -1.3735 0.36741 0.92605 416.23 0.66778 -1.0734 0.030587 21406 2134 1725.8 0 0
2.49e+05 0.60326 0.12202 0.34214 -1.3451 0.34339 0.92678 386.94 0.81493 -1.074 0.030559 21412 2138 1726.2 0 0
2.491e+05 0.61964 0.14647 0.35035 -1.2866 0.35662 0.89343 391.89 -1.9365 -1.0747 0.030525 21418 2142 1726.5 0 0
2.492e+05 0.55769 0.15275 0.35851 -1.3126 0.3283 0.91299 369.61 -6.4753 -1.0755 0.03052 21421 2141 1727 0 0
2.493e+05 0.55794 0.15669 0.3448 -1.4185 0.34566 0.93893 369.49 -7.2739 -1.0765 0.030506 21422 2142 1727.4 0 0
2.494e+05 0.58576 0.15113 0.34768 -1.4305 0.35377 0.93601 408.78 -2.1742 -1.0775 0.030521 21423 2141 1727.9 0 0
2.495e+05 0.65487 0.14067 0.35118 -1.4216 0.37695 0.9738 400.55 -4.2428 -1.0784 0.03055 21425 2139 1728.3 0 0
2.496e+05 0.57197 0.16819 0.35045 -1.4461 0.30724 0.90233 390.3 -7.8029 -1.0793 0.030564 21427 2138 1728.8 0 0
2.497e+05 0.60821 0.164 0.34393 -1.2425 0.33681 0.92981 416.25 -4.9054 -1.0802 0.030536 21430 2140 1729.2 0 0
2.498e+05 0.63362 0.13343 0.34424 -1.4647 0.32725 0.88668 388.74 -1.4267 -1.081 0.030551 21433 2139 1729.6 0 0
2.499e+05 0.57446 0.14394 0.3359 -1.4204 0.3664 0.9414 429.68 -1.9141 -1.0818 0.030537 21436 2140 1730 0 0
2.5e+05 0.55768 0.16239 0.33492 -1.2556 0.34863 0.9293 422.23 -8.7285 -1.0828 0.030537 21438 2140 1730.4 0 0
2.501e+05 0.62219 0.1631 0.3472 -1.3495 0.35513 0.94895 402.73 -5.4896 -1.0837 0.030501 21439 2143 1730.9 0 0
2.502e+05 0.62526 0.17427 0.38292 -1.5543 0.35002 0.88118 384.4 -8.8602 -1.0847 0.030501 21439 2143 1731.4 0 0
2.503e+05 0.61326 0.20195 0.34603 -1.3093 0.3335 0.9617 366.65 -16.192 -1.0856 0.030502 21441 2143 1731.8 0 0
2.504e+05 0.54124 0.16749 0.34748 -1.2989 0.34851 0.89345 356.51 -13.977 -1.0866 0.030502 21443 2143 1732.3 0 0
2.505e+05 0.63548 0.13634 0.3706 -1.3804 0.34464 0.91613 396.27 -1.9241 -1.0875 0.030516 21444 2142 1732.7 0 0
2.506e+05 0.56519 0.14193 0.37265 -1.451 0.35509 0.89404 394.35 -3.023 -1.0885 0.030514 21445 2142 1733.2 0 0
2.507e+05 0.57698 0.12773 0.34384 -1.2746 0.35437 0.90778 408.6 -0.26087 -1.0894 0.0305 21447 2143 1733.7 0 0
2.508e+05 0.58512 0.19622 0.35797 -1.2974 0.34908 0.959 402.79 -14.854 -1.0903 0.030501 21449 2143 1734.1 0 0
2.509e+05 0.63738 0.14275 0.33225 -1.259 0.35584 0.92549 365.44 -3.092 -1.0913 0.030509 21450 2142 1734.6 0 0
2.51e+05 0.58494 0.17444 0.37433 -1.5011 0.3272 0.90762 364.58 -7.8967 -1.0923 0.030523 21451 2141 1735 0 0
2.511e+05 0.59621 0.12595 0.34853 -1.4342 0.36483 0.93994 391.29 0.87583 -1.0931 0.030495 21453 2143 1735.5 0 0
2.512e+05 0.59472 0.18934 0.31207 -1.3891 0.33776 0.85683 371.61 -12.248 -1.094 0.030495 21455 2143 1735.9 0 0
2.513e+05 0.60103 0.14339 0.3664 -1.3459 0.32902 0.95459 373.77 -0.31916 -1.095 0.030467 21456 2145 1736.4 0 0
2.514e+05 0.62819 0.17347 0.34738 -1.3223 0.34029 0.89769 359.5 -8.8185 -1.096 0.030467 21457 2145 1736.8 0 0
2.515e+05 0.62534 0.18288 0.32372 -1.4038 0.32886 0.91702 375.62 -11.36 -1.0969 0.030454 21458 2146 1737.3 0 0
2.516e+05 0.64404 0.12939 0.35511 -1.2695 0.3717 0.92535 395.19 -1.914 -1.0978 0.030482 21460 2144 1737.7 0 0
2.517e+05 0.59749 0.13287 0.34474 -1.4201 0.33181 0.93823 378.79 0.63907 -1.0987 0.030482 21463 2144 1738.2 0 0
2.518e+05 0.62843 0.17249 0.36891 -1.2712 0.35311 0.93091 408 -8.4582 -1.0996 0.030468 21464 2145 1738.6 0 0
2.519e+05 0.56546 0.18963 0.32561 -1.4049 0.32406 0.93641 400.67 -15.221 -1.1006 0.030482 21465 2144 1739.1 0 0
2.52e+05 0.55626 0.13621 0.34796 -1.3646 0.34716 0.89758 425.81 -4.0444 -1.1016 0.030496 21466 2143 1739.6 0 0
2.521e+05 0.55277 0.20168 0.33699 -1.2208 0.35004 0.9311 406.85 -20.926 -1.1026 0.030482 21466 2144 1740 0 0
2.522e+05 0.59069 0.17155 0.33982 -1.3584 0.36431 0.93248 416.7 -6.4405 -1.1035 0.030483 21467 2144 1740.5 0 0
2.523e+05 0.55524 0.15685 0.33918 -1.4905 0.36134 0.92046 397.85 -7.6705 -1.1045 0.030511 21468 2142 1741 0 0
2.524e+05 0.55887 0.15864 0.34044 -1.0656 0.32152 0.94358 423 -7.2532 -1.1055 0.030469 21468 2145 1741.4 0 0
2.525e+05 0.58651 0.16778 0.38959 -1.1268 0.33543 0.90267 423.03 -5.5218 -1.1065 0.030398 21469 2150 1741.9 0 0
2.526e+05 0.62324 0.15355 0.32552 -1.2453 0.31995 0.94176 414.55 -3.2273 -1.1075 0.030384 21469 2151 1742.4 0 0
2.527e+05 0.61952 0.15299 0.32756 -1.3978 0.34997 0.92495 411.2 -2.7931 -1.1085 0.030328 21470 2155 1742.9 0 0
2.528e+05 0.55652 0.17329 0.35384 -1.2426 0.34744 0.9396 407.71 -11.629 -1.1094 0.030356 21471 2153 1743.4 0 0
2.529e+05 0.57294 0.17785 0.3231 -1.4284 0.32012 0.92023 392.39 -10.018 -1.1103 0.030328 21473 2155 1743.8 0 0
2.53e+05 0.5839 0.15967 0.34744 -1.3756 0.31771 0.87798 409.79 -3.6101 -1.1113 0.030342 21473 2154 1744.3 0 0
2.531e+05 0.59712 0.19542 0.33521 -1.2645 0.34226 0.91337 390.19 -13.774 -1.1123 0.030357 21474 2153 1744.8 0 0
2.532e+05 0.5598 0.16694 0.33819 -1.4587 0.33711 0.87961 394.13 -9.0499 -1.1133 0.030314 21474 2156 1745.3 0 0
2.533e+05 0.57462 0.1861 0.33056 -1.3821 0.35488 0.91633 400.07 -12.416 -1.1143 0.030343 21475 2154 1745.8 0 0
2.534e+05 0.63014 0.17789 0.33243 -1.2964 0.3484 0.86714 389.49 -9.9854 -1.1153 0.0303 21475 2157 1746.3 0 0
2.535e+05 0.56097 0.18465 0.34944 -1.278 0.36671 0.88874 398.63 -14.062 -1.1163 0.030287 21475 2158 1746.8 0 0
2.536e+05 0.53999 0.18222 0.32027 -1.4285 0.30028 0.93363 408.54 -18.417 -1.1173 0.030273 21476 2159 1747.3 0 0
2.537e+05 0.58753 0.18603 0.3497 -1.2956 0.3492 0.89963 397.68 -10.92 -1.1183 0.030273 21476 2159 1747.8 0 0
2.538e+05 0.5428 0.19176 0.34898 -1.2854 0.32299 0.93601 390.17 -20.44 -1.1193 0.030273 21477 2159 1748.3 0 0
2.539e+05 0.61186 0.17844 0.36127 -1.2073 0.32289 0.89575 393.31 -8.5859 -1.1202 0.030231 21477 2162 1748.8 0 0
2.54e+05 0.54804 0.16404 0.34336 -1.4962 0.31949 0.92091 400.45 -10.969 -1.1212 0.030245 21478 2161 1749.3 0 0
2.541e+05 0.57148 0.15575 0.34665 -1.3951 0.33642 0.89574 375.98 -4.0444 -1.1222 0.030245 21479 2161 1749.8 0 0
2.542e+05 0.61218 0.16827 0.35457 -1.4433 0.31673 0.92298 404.4 -5.5635 -1.1231 0.030273 21480 2159 1750.3 0 0
2.543e+05 0.5916 0.16623 0.33763 -1.4325 0.32201 0.95034 383.2 -4.5496 -1.1241 0.030274 21481 2159 1750.7 0 0
2.544e+05 0.58259 0.1649 0.32815 -1.2105 0.33463 0.92987 375.06 -4.7552 -1.125 0.03026 21483 2160 1751.2 0 0
2.545e+05 0.56331 0.1625 0.33014 -1.401 0.35376 0.86912 383.06 -6.9691 -1.1259 0.03026 21484 2160 1751.6 0 0
2.546e+05 0.53339 0.16125 0.36455 -1.2964 0.34362 0.86508 374.84 -14.409 -1.1269 0.03026 21485 2160 1752.1 0 0
2.547e+05 0.57904 0.19255 0.34855 -1.5865 0.34962 0.90769 398.56 -13.707 -1.1277 0.030275 21487 2159 1752.5 0 0
2.548e+05 0.59885 0.14979 0.36075 -1.2633 0.36875 0.87516 391.94 -1.0409 -1.1285 0.030275 21491 2159 1752.9 0 0
2.549e+05 0.62122 0.15169 0.35912 -1.3438 0.3486 0.90197 394.09 -2.5912 -1.1295 0.03029 21492 2158 1753.4 0 0
2.55e+05 0.62182 0.12186 0.33522 -1.2912 0.32539 0.93251 378.6 0.51789 -1.1303 0.03029 21495 2158 1753.8 0 0
2.551e+05 0.57022 0.16267 0.34759 -1.2175 0.3312 0.92805 393.69 -5.7033 -1.1312 0.03029 21497 2158 1754.2 0 0
2.552e+05 0.58402 0.18064 0.34906 -1.2244 0.35832 0.91905 382.78 -9.2036 -1.1321 0.030277 21499 2159 1754.7 0 0
2.553e+05 0.59292 0.14964 0.35034 -1.292 0.3285 0.85903 375.33 -1.0028 -1.1329 0.030306 21501 2157 1755.1 0 0
2.554e+05 0.6058 0.15065 0.34934 -1.2608 0.37157 0.90574 379.96 -1.2571 -1.1338 0.03032 21504 2156 1755.5 0 0
2.555e+05 0.63597 0.14078 0.39055 -1.1517 0.34695 0.93053 366.2 -2.4954 -1.1347 0.030307 21505 2157 1756 0 0
2.556e+05 0.55599 0.16891 0.37188 -1.379 0.33568 0.93053 398 -10.025 -1.1356 0.030307 21507 2157 1756.4 0 0
2.557e+05 0.53839 0.1383 0.36656 -1.317 0.33629 0.95613 384.05 -8.9931 -1.1365 0.030293 21509 2158 1756.9 0 0
2.558e+05 0.54961 0.15428 0.32742 -1.3405 0.36187 0.93504 399.31 -8.1291 -1.1374 0.030293 21510 2158 1757.3 0 0
2.559e+05 0.53197 0.14078 0.34083 -1.3328 0.34819 0.87523 374.28 -10.969 -1.1383 0.030308 21512 2157 1757.7 0 0
2.56e+05 0.5588 0.16822 0.34144 -1.2169 0.33433 0.94671 388.35 -9.1316 -1.1391 0.030308 21515 2157 1758.2 0 0
2.561e+05 0.5555 0.10524 0.38798 -1.276 0.35002 0.90924 394.75 -3.6208 -1.14 0.030295 21517 2158 1758.6 0 0
2.562e+05 0.57749 0.15535 0.36677 -1.2387 0.33054 0.88058 407.18 -2.8531 -1.1408 0.030253 21520 2161 1759.1 0 0
2.563e+05 0.55673 0.12692 0.34656 -1.4874 0.33797 0.92109 401.31 -3.3774 -1.1417 0.030253 21522 2161 1759.5 0 0
2.564e+05 0.53704 0.18466 0.33952 -1.2234 0.32996 0.92122 377.05 -19.754 -1.1425 0.03024 21526 2162 1759.9 0 0
2.565e+05 0.58095 0.15754 0.33084 -1.2079 0.32944 0.88282 383.34 -2.9149 -1.1434 0.030254 21527 2161 1760.4 0 0
2.566e+05 0.64669 0.13708 0.36813 -1.2509 0.35011 0.92699 367.8 -3.0702 -1.1444 0.030254 21529 2161 1760.8 0 0
2.567e+05 0.61294 0.17662 0.3425 -1.1964 0.338 0.91207 375.98 -7.7991 -1.1452 0.030255 21531 2161 1761.3 0 0
2.568e+05 0.6409 0.16503 0.35786 -1.2663 0.31493 0.88855 380.35 -7.6027 -1.1462 0.030255 21531 2161 1761.7 0 0
2.569e+05 0.63783 0.15547 0.35778 -1.1711 0.31557 0.92324 398.84 -4.9974 -1.1472 0.030255 21532 2161 1762.2 0 0
2.57e+05 0.57731 0.16314 0.32154 -1.3286 0.32649 0.92569 391.23 -4.5167 -1.1481 0.030241 21533 2162 1762.7 0 0
2.571e+05 0.57036 0.19123 0.36723 -1.2 0.3205 0.92152 381.15 -14.055 -1.1491 0.030255 21533 2161 1763.2 0 0
2.572e+05 0.57289 0.20679 0.33825 -1.2348 0.3349 0.9542 389.7 -18.396 -1.1501 0.030255 21534 2161 1763.7 0 0
2.573e+05 0.58107 0.15252 0.34827 -1.5888 0.34556 0.9366 380.03 -1.907 -1.1511 0.030255 21534 2161 1764.2 0 0
2.574e+05 0.60372 0.17013 0.35196 -1.3755 0.35017 0.88489 392.22 -5.2276 -1.152 0.030242 21534 2162 1764.7 0 0
2.575e+05 0.5802 0.22799 0.34244 -1.316 0.32628 0.90674 401.31 -21.515 -1.153 0.030228 21535 2163 1765.2 0 0
2.576e+05 0.60212 0.17379 0.35083 -1.4123 0.34482 0.95978 394.32 -6.1786 -1.1539 0.0302 21536 2165 1765.7 0 0
2.577e+05 0.61444 0.19777 0.35723 -1.2911 0.33094 0.93134 385.72 -14.47 -1.1549 0.030186 21536 2166 1766.2 0 0
2.578e+05 0.61651 0.19169 0.34282 -1.4966 0.34221 0.87302 399.75 -12.69 -1.1559 0.0302 21537 2165 1766.7 0 0
2.579e+05 0.57351 0.19941 0.36769 -1.2991 0.34677 0.95603 398.94 -16.016 -1.1568 0.030186 21537 2166 1767.2 0 0
2.58e+05 0.55556 0.14484 0.35724 -1.3198 0.32886 0.8553 400.93 -4.7956 -1.1578 0.030172 21537 2167 1767.8 0 0
2.581e+05 0.57155 0.15566 0.37121 -1.2242 0.34314 0.89461 369.56 -3.5573 -1.1588 0.030131 21538 2170 1768.3 0 0
2.582e+05 0.58122 0.20193 0.34964 -1.228 0.34102 0.9529 352.38 -15.852 -1.1598 0.030145 21538 2169 1768.8 0 0
2.583e+05 0.64001 0.18124 0.36066 -1.1766 0.3591 0.9356 387.02 -11.848 -1.1608 0.030145 21538 2169 1769.3 0 0
2.584e+05 0.60828 0.19451 0.32787 -1.128 0.34271 0.91656 393.94 -12.973 -1.1618 0.030145 21538 2169 1769.9 0 0
2.585e+05 0.62028 0.21773 0.34811 -1.4098 0.31449 0.91795 391.3 -19.903 -1.1628 0.030145 21538 2169 1770.4 0 0
2.586e+05 0.59267 0.20308 0.34913 -1.3576 0.33082 0.94063 393.92 -15.47 -1.1638 0.030173 21538 2167 1771 0 0
2.587e+05 0.61971 0.20534 0.34745 -1.2875 0.3415 0.90558 391.96 -16.768 -1.1648 0.030173 21538 2167 1771.5 0 0
2.588e+05 0.61871 0.23509 0.36409 -1.3602 0.33707 0.88359 387.61 -23.092 -1.1658 0.030159 21538 2168 1772.1 0 0
2.589e+05 0.5849 0.20707 0.34671 -1.3675 0.35591 0.94436 393.88 -16.868 -1.1668 0.030173 21538 2167 1772.7 0 0
2.59e+05 0.54926 0.20388 0.33516 -1.3505 0.35463 0.93724 376.26 -21.046 -1.1677 0.030173 21539 2167 1773.2 0 0
2.591e+05 0.62142 0.2247 0.3484 -1.154 0.35607 0.85163 378.4 -21.393 -1.1687 0.030187 21539 2166 1773.9 0 0
2.592e+05 0.59148 0.19363 0.35585 -1.3947 0.35176 0.91794 381.93 -12.417 -1.1697 0.030201 21539 2165 1774.4 0 0
2.593e+05 0.59064 0.21129 0.36367 -1.237 0.32874 0.945 376.51 -17.501 -1.1707 0.030187 21539 2166 1775 0 0
2.594e+05 0.5558 0.19951 0.33415 -1.3344 0.33505 0.93398 390.82 -18.651 -1.1717 0.030173 21539 2167 1775.5 0 0
2.595e+05 0.63357 0.16019 0.34333 -1.3528 0.34204 0.89776 360.87 -5.2984 -1.1727 0.030173 21539 2167 1776 0 0
2.596e+05 0.58167 0.15483 0.3459 -1.1501 0.31904 0.84689 385.29 -2.1899 -1.1737 0.030173 21539 2167 1776.6 0 0
2.597e+05 0.58835 0.1939 0.32789 -1.4692 0.33542 0.91906 374.68 -12.458 -1.1746 0.030173 21540 2167 1777.1 0 0
2.598e+05 0.55279 0.16654 0.32401 -1.5249 0.34411 0.93105 382.45 -9.7942 -1.1756 0.030173 21540 2167 1777.6 0 0
2.599e+05 0.64234 0.17378 0.32361 -1.3062 0.31751 0.91019 383.4 -9.9841 -1.1764 0.030215 21543 2164 1778 0 0
2.6e+05 0.63722 0.16796 0.3416 -1.2579 0.33768 0.94712 401.16 -7.6453 -1.1773 0.030188 21545 2166 1778.5 0 0
2.601e+05 0.61538 0.14193 0.36243 -1.4569 0.32287 0.78597 385.4 -0.54352 -1.1783 0.030188 21545 2166 1779 0 0
2.602e+05 0.65002 0.18142 0.33655 -1.2846 0.35202 0.92954 375.74 -13.125 -1.1792 0.030174 21545 2167 1779.5 0 0
2.603e+05 0.59891 0.19006 0.34715 -1.1586 0.34793 0.93418 364.68 -11.033 -1.1802 0.030174 21545 2167 1780.1 0 0
2.604e+05 0.60947 0.16628 0.35275 -1.3734 0.36424 0.90268 406.96 -4.3597 -1.1812 0.030118 21546 2171 1780.6 0 0
2.605e+05 0.63981 0.21319 0.34526 -1.5007 0.36224 0.8082 391.56 -20.263 -1.1822 0.030091 21546 2173 1781.2 0 0
2.606e+05 0.58095 0.20046 0.34788 -1.4242 0.3415 0.84932 380.11 -14.895 -1.1831 0.030091 21546 2173 1781.7 0 0
2.607e+05 0.60154 0.17652 0.34933 -1.5673 0.30921 0.94779 374.86 -6.7333 -1.1841 0.030091 21547 2173 1782.2 0 0
2.608e+05 0.65244 0.19476 0.34745 -1.379 0.34298 0.87918 377.05 -17.242 -1.1851 0.030063 21547 2175 1782.7 0 0
2.609e+05 0.60694 0.20219 0.38827 -1.4328 0.35555 0.92779 381.74 -14.735 -1.186 0.030091 21547 2173 1783.2 0 0
2.61e+05 0.55881 0.19856 0.37597 -1.4802 0.34059 0.90385 379.07 -17.59 -1.187 0.030105 21548 2172 1783.7 0 0
2.611e+05 0.63397 0.21431 0.36576 -1.4371 0.34324 0.8962 362.07 -19.875 -1.188 0.030105 21548 2172 1784.3 0 0
2.612e+05 0.61695 0.20469 0.34387 -1.3294 0.34276 0.88201 385.63 -15.729 -1.189 0.030091 21548 2173 1784.8 0 0
2.613e+05 0.61071 0.18186 0.35894 -1.3112 0.36868 0.84405 393.81 -8.6559 -1.19 0.030077 21548 2174 1785.4 0 0
2.614e+05 0.58458 0.20751 0.35715 -1.3304 0.33183 0.85417 366.42 -16.479 -1.1909 0.030077 21548 2174 1785.9 0 0
2.615e+05 0.53886 0.1861 0.34731 -1.2599 0.33571 0.868 394.72 -19.145 -1.1919 0.030077 21548 2174 1786.4 0 0
2.616e+05 0.61558 0.18782 0.35355 -1.2415 0.3119 0.90261 407.85 -10.78 -1.1929 0.030064 21548 2175 1786.9 0 0
2.617e+05 0.61383 0.19697 0.3598 -1.4115 0.33231 0.88493 402.27 -13.194 -1.1938 0.030023 21550 2178 1787.4 0 0
2.618e+05 0.62938 0.21981 0.33387 -1.4062 0.32487 0.90056 407.32 -20.74 -1.1947 0.029982 21551 2181 1787.8 0 0
2.619e+05 0.5837 0.20215 0.35286 -1.3632 0.34794 0.92495 392.7 -14.818 -1.1957 0.029968 21551 2182 1788.4 0 0
2.62e+05 0.6177 0.20961 0.34492 -1.1627 0.36013 0.92598 385.59 -17.027 -1.1967 0.029968 21551 2182 1788.9 0 0
2.621e+05 0.5725 0.19077 0.35203 -1.2401 0.34838 0.88277 373.05 -12.695 -1.1976 0.029968 21552 2182 1789.4 0 0
2.622e+05 0.64271 0.17113 0.34582 -1.4003 0.35308 0.89938 391.13 -9.0709 -1.1986 0.029996 21552 2180 1789.9 0 0
2.623e+05 0.5637 0.16559 0.36631 -1.0607 0.32503 0.94134 376.43 -7.0325 -1.1995 0.029996 21552 2180 1790.4 0 0
2.624e+05 0.61532 0.18014 0.35052 -1.3158 0.35485 0.90539 400.76 -8.2765 -1.2005 0.029982 21553 2181 1790.9 0 0
2.625e+05 0.61942 0.16409 0.35888 -1.3326 0.33398 0.88758 383.38 -4.46 -1.2014 0.029955 21554 2183 1791.4 0 0
2.626e+05 0.60323 0.14711 0.34426 -1.4962 0.34135 0.88997 392.75 -0.35179 -1.2024 0.029968 21554 2182 1791.9 0 0
2.627e+05 0.62139 0.18666 0.34944 -1.2788 0.31614 0.90957 396.8 -10.715 -1.2032 0.029983 21557 2181 1792.3 0 0
2.628e+05 0.60367 0.16363 0.3766 -1.4234 0.33365 0.90958 401.52 -3.2256 -1.2041 0.029983 21558 2181 1792.8 0 0
2.629e+05 0.63895 0.18328 0.34047 -1.2559 0.34138 0.95132 385.96 -11.78 -1.2049 0.030024 21560 2178 1793.2 0 0
2.63e+05 0.61232 0.15253 0.34357 -1.2532 0.33695 0.90105 389.84 -1.6325 -1.2058 0.030025 21563 2178 1793.6 0 0
2.631e+05 0.63259 0.14009 0.36723 -1.2656 0.32535 0.90429 366.12 -1.8755 -1.2067 0.030039 21563 2177 1794.1 0 0
2.632e+05 0.61938 0.17544 0.34055 -1.341 0.33598 0.93695 390.6 -7.1215 -1.2076 0.030012 21565 2179 1794.6 0 0
2.633e+05 0.59986 0.17383 0.35954 -1.1979 0.35025 0.94156 409.25 -5.5271 -1.2085 0.030026 21566 2178 1795 0 0
2.634e+05 0.57572 0.19526 0.36817 -1.3014 0.33692 0.87916 383.88 -13.435 -1.2094 0.030012 21567 2179 1795.5 0 0
2.635e+05 0.58514 0.17365 0.33848 -1.3108 0.37628 0.90556 391.32 -5.9025 -1.2104 0.030026 21567 2178 1796 0 0
2.636e+05 0.61794 0.15281 0.37132 -1.4636 0.36042 0.91763 395.83 -2.0116 -1.2113 0.030026 21569 2178 1796.5 0 0
2.637e+05 0.61853 0.13958 0.33923 -1.315 0.34092 0.88999 394.44 -0.42188 -1.2121 0.03004 21572 2177 1796.9 0 0
2.638e+05 0.60515 0.19508 0.36581 -1.2873 0.32447 0.95539 375.44 -11.948 -1.213 0.030027 21573 2178 1797.4 0 0
2.639e+05 0.60455 0.16234 0.32861 -1.0183 0.32469 0.94979 390.12 -2.8278 -1.2139 0.030041 21573 2177 1797.8 0 0
2.64e+05 0.60083 0.17843 0.35208 -1.3473 0.35514 0.91297 392.48 -6.6872 -1.2148 0.030055 21574 2176 1798.3 0 0
2.641e+05 0.63116 0.15567 0.34826 -1.2693 0.35311 0.90707 389.7 -3.8448 -1.2158 0.030041 21574 2177 1798.9 0 0
2.642e+05 0.6554 0.19788 0.34635 -1.2447 0.35674 0.86117 380.47 -18.048 -1.2167 0.03 21575 2180 1799.4 0 0
2.643e+05 0.66375 0.17257 0.3422 -1.225 0.32399 0.93373 387.28 -12.153 -1.2177 0.029986 21576 2181 1799.8 0 0
2.644e+05 0.5917 0.16155 0.36015 -1.1798 0.3455 0.91092 389.34 -2.6421 -1.2184 0.029987 21580 2181 1800.2 0 0
2.645e+05 0.62811 0.2044 0.35331 -1.2292 0.3359 0.90384 389.7 -16.168 -1.2193 0.030001 21581 2180 1800.7 0 0
2.646e+05 0.57187 0.1307 0.3449 -1.2376 0.32746 0.93117 393.25 -0.76536 -1.2202 0.029987 21583 2181 1801.2 0 0
2.647e+05 0.58618 0.14394 0.34294 -1.2822 0.3679 0.89919 389.77 -0.15073 -1.2209 0.029988 21587 2181 1801.6 0 0
2.648e+05 0.58242 0.12865 0.36192 -1.4101 0.3335 0.95416 402.08 0.55869 -1.2216 0.030002 21591 2180 1802 0 0
2.649e+05 0.63272 0.17663 0.35647 -1.3645 0.32984 0.94554 402.95 -8.7721 -1.2224 0.029989 21594 2181 1802.4 0 0
2.65e+05 0.61581 0.15785 0.34757 -1.5033 0.3115 0.86354 394.14 -2.5623 -1.2232 0.029962 21597 2183 1802.9 0 0
2.651e+05 0.59053 0.18841 0.3385 -1.3033 0.35479 0.93613 416.95 -9.8905 -1.224 0.029962 21599 2183 1803.3 0 0
2.652e+05 0.6439 0.14224 0.34165 -1.1801 0.32095 0.91851 406.21 -3.294 -1.2248 0.029971 21603 2182 1803.7 0 0
2.653e+05 0.5882 0.16914 0.35405 -1.3737 0.32196 0.90047 400.85 -4.3848 -1.2256 0.029984 21605 2181 1804.2 0 0
2.654e+05 0.59279 0.18157 0.33706 -1.4274 0.3387 0.96021 382.89 -7.6 -1.2265 0.029997 21606 2180 1804.7 0 0
2.655e+05 0.59723 0.13567 0.33723 -1.2237 0.34408 0.95468 407.88 0.90242 -1.2275 0.029997 21607 2180 1805.1 0 0
2.656e+05 0.57602 0.17192 0.3459 -1.4276 0.33875 0.85271 388.48 -6.2876 -1.2283 0.029997 21608 2180 1805.6 0 0
2.657e+05 0.57812 0.15879 0.3685 -1.271 0.36726 0.90951 397.9 -2.9359 -1.2293 0.029998 21609 2180 1806.1 0 0
2.658e+05 0.63577 0.15725 0.33439 -1.2218 0.33121 0.95096 406.71 -4.491 -1.2302 0.029998 21610 2180 1806.6 0 0
2.659e+05 0.53435 0.15253 0.37284 -1.519 0.35879 0.90453 360.47 -11.964 -1.231 0.029985 21613 2181 1807 0 0
2.66e+05 0.55974 0.15205 0.34903 -1.2464 0.35422 0.94077 403.26 -4.8219 -1.2318 0.029985 21616 2181 1807.4 0 0
2.661e+05 0.64208 0.16095 0.37118 -1.2848 0.37061 0.99474 398.92 -6.1891 -1.2326 0.029972 21617 2182 1807.9 0 0
2.662e+05 0.58979 0.1399 0.34422 -1.285 0.34218 0.95366 372.18 0.49556 -1.2335 0.029972 21618 2182 1808.4 0 0
2.663e+05 0.58269 0.14787 0.35151 -1.3113 0.33171 0.95378 399.96 -0.64609 -1.2343 0.029973 21622 2182 1808.8 0 0
2.664e+05 0.60803 0.1449 0.34174 -1.3311 0.34251 0.8924 388.89 0.046015 -1.235 0.029988 21625 2181 1809.2 0 0
2.665e+05 0.57327 0.17619 0.35113 -1.2484 0.30536 0.87794 386.49 -7.7819 -1.2359 0.030001 21627 2180 1809.7 0 0
2.666e+05 0.57961 0.13998 0.36191 -1.1391 0.32466 0.89853 373.56 -0.07599 -1.2368 0.029988 21628 2181 1810.1 0 0
2.667e+05 0.64292 0.19846 0.32585 -1.2953 0.33865 0.87967 378.61 -16.457 -1.2377 0.029961 21629 2183 1810.6 0 0
2.668e+05 0.58527 0.20431 0.36408 -1.32 0.31198 0.91707 374.67 -14.859 -1.2386 0.029947 21630 2184 1811.1 0 0
2.669e+05 0.57107 0.18419 0.33744 -1.4219 0.33587 0.89984 381.64 -10.371 -1.2396 0.029961 21630 2183 1811.6 0 0
2.67e+05 0.54468 0.20671 0.35455 -1.2592 0.33889 0.92793 359.77 -20.752 -1.2405 0.029961 21630 2183 1812.2 0 0
2.671e+05 0.58951 0.18667 0.33352 -1.1598 0.33093 0.92764 373.94 -9.0414 -1.2415 0.029961 21631 2183 1812.7 0 0
2.672e+05 0.58158 0.1797 0.40462 -1.5451 0.35197 0.93607 388.11 -7.562 -1.2424 0.029961 21631 2183 1813.2 0 0
2.673e+05 0.58669 0.15232 0.35144 -1.3364 0.36439 0.93075 415.51 -0.90545 -1.2433 0.02992 21632 2186 1813.7 0 0
2.674e+05 0.62723 0.16294 0.35822 -1.3265 0.36582 0.93143 384.21 -4.3965 -1.2442 0.02992 21633 2186 1814.1 0 0
2.675e+05 0.60547 0.18238 0.35854 -1.1908 0.32504 0.94056 381.43 -7.4894 -1.2452 0.029893 21634 2188 1814.6 0 0
2.676e+05 0.56873 0.1777 0.37132 -1.4763 0.36191 0.91049 388.65 -8.7061 -1.2461 0.029866 21634 2190 1815.2 0 0
2.677e+05 0.57218 0.13188 0.36381 -1.3401 0.34374 0.9035 380.41 -0.65074 -1.247 0.029866 21635 2190 1815.6 0 0
2.678e+05 0.63031 0.15613 0.32518 -1.3859 0.34264 0.93374 406.43 -3.4334 -1.2479 0.029826 21636 2193 1816.1 0 0
2.679e+05 0.59665 0.20503 0.33503 -1.2639 0.37929 0.85923 397.97 -14.426 -1.2488 0.029826 21637 2193 1816.6 0 0
2.68e+05 0.55286 0.17572 0.353 -1.235 0.36801 0.83452 385.41 -11.588 -1.2497 0.029826 21637 2193 1817.2 0 0
2.681e+05 0.61269 0.19616 0.34964 -1.2724 0.35941 0.93666 395.18 -11.914 -1.2507 0.02984 21638 2192 1817.7 0 0
2.682e+05 0.635 0.1882 0.3377 -1.4172 0.33446 0.85319 400.26 -11.975 -1.2516 0.029826 21638 2193 1818.2 0 0
2.683e+05 0.61943 0.18342 0.36454 -1.1914 0.32522 0.9084 372.74 -8.6604 -1.2525 0.029813 21639 2194 1818.7 0 0
2.684e+05 0.62633 0.19994 0.34049 -1.3362 0.36397 0.8985 373.61 -14.191 -1.2535 0.02984 21639 2192 1819.2 0 0
2.685e+05 0.61887 0.20482 0.3432 -1.2623 0.33318 0.90527 373.37 -15.085 -1.2544 0.02984 21639 2192 1819.8 0 0
2.686e+05 0.59033 0.21212 0.34306 -1.5076 0.34075 0.90168 377.3 -16.492 -1.2554 0.029826 21639 2193 1820.4 0 0
2.687e+05 0.59041 0.17808 0.32593 -1.417 0.35038 0.96453 368.09 -6.1687 -1.2563 0.029854 21640 2191 1820.9 0 0
2.688e+05 0.6119 0.17201 0.32574 -1.2527 0.31455 0.88776 388.15 -4.887 -1.2572 0.029827 21641 2193 1821.4 0 0
2.689e+05 0.71971 0.17674 0.34829 -1.4808 0.35596 0.94852 404.1 -17.803 -1.2581 0.029827 21642 2193 1821.8 0 0
2.69e+05 0.56145 0.17511 0.32886 -1.2612 0.35892 0.89582 399.74 -9.3451 -1.2589 0.029841 21644 2192 1822.3 0 0
2.691e+05 0.64347 0.16044 0.35736 -1.309 0.35667 0.90848 395.91 -6.1636 -1.2598 0.029841 21646 2192 1822.7 0 0
2.692e+05 0.62648 0.1796 0.35804 -1.331 0.35138 0.8908 365.19 -8.2444 -1.2606 0.029855 21647 2191 1823.2 0 0
2.693e+05 0.60625 0.1601 0.33203 -1.2966 0.30811 0.91827 388.93 -1.9599 -1.2615 0.029842 21649 2192 1823.7 0 0
2.694e+05 0.55757 0.13024 0.36303 -1.2061 0.31185 0.93346 370.54 -3.155 -1.2624 0.029828 21649 2193 1824.2 0 0
2.695e+05 0.55339 0.22347 0.37011 -1.333 0.33264 0.82434 382.85 -21.175 -1.2634 0.029803 21649 2195 1824.7 0 0
2.696e+05 0.59552 0.21214 0.34155 -1.4546 0.34842 0.91955 407.57 -16.251 -1.2643 0.029803 21650 2195 1825.3 0 0
2.697e+05 0.6226 0.19392 0.36445 -1.2383 0.34166 0.92668 393.79 -11.725 -1.2653 0.029777 21650 2197 1825.8 0 0
2.698e+05 0.5973 0.16856 0.35279 -1.4049 0.34538 0.8881 388.67 -3.3771 -1.2662 0.029763 21651 2198 1826.3 0 0
2.699e+05 0.56908 0.19025 0.35176 -1.1801 0.3373 0.8861 396.05 -11.991 -1.2671 0.029777 21651 2197 1826.8 0 0
2.7e+05 0.66051 0.19061 0.34416 -1.4061 0.35232 0.91261 387.22 -16.191 -1.2681 0.029804 21651 2195 1827.4 0 0
2.701e+05 0.6037 0.16159 0.35762 -1.4114 0.31848 0.89911 379.53 -2.1123 -1.269 0.029831 21651 2193 1827.9 0 0
2.702e+05 0.57628 0.16984 0.33966 -1.4964 0.31427 0.91856 409.08 -5.2648 -1.2699 0.029816 21652 2194 1828.4 0 0
2.703e+05 0.63365 0.17445 0.40226 -1.3259 0.34555 0.85437 390.98 -7.6999 -1.2709 0.029803 21652 2195 1828.9 0 0
2.704e+05 0.61602 0.21955 0.36954 -1.3467 0.32003 0.91864 383.03 -19.122 -1.2718 0.029803 21653 2195 1829.4 0 0
2.705e+05 0.67314 0.20532 0.36483 -1.3282 0.33584 0.8708 371.83 -21.904 -1.2727 0.029803 21653 2195 1829.9 0 0
2.706e+05 0.63453 0.18885 0.37038 -1.2942 0.34392 0.94156 391.48 -11.595 -1.2737 0.029749 21653 2199 1830.5 0 0
2.707e+05 0.63909 0.21414 0.33735 -1.1643 0.30393 0.94847 379.61 -19.573 -1.2746 0.029776 21653 2197 1831.1 0 0
2.708e+05 0.65129 0.15513 0.39116 -1.4345 0.33226 0.90972 392.93 -6.1759 -1.2755 0.029776 21654 2197 1831.6 0 0
2.709e+05 0.63 0.20829 0.36119 -1.3574 0.3251 0.94101 382.52 -16.725 -1.2765 0.029803 21654 2195 1832.2 0 0
2.71e+05 0.60952 0.21538 0.39071 -1.3588 0.33675 0.90228 380.59 -17.361 -1.2774 0.029817 21655 2194 1832.7 0 0
2.711e+05 0.67431 0.18839 0.35674 -1.3585 0.38596 0.88207 394.86 -17.213 -1.2783 0.029762 21655 2198 1833.2 0 0
2.712e+05 0.65909 0.18183 0.35969 -1.287 0.35364 0.88902 389.03 -13.449 -1.2793 0.029735 21655 2200 1833.8 0 0
2.713e+05 0.5887 0.15982 0.34798 -1.2551 0.35785 0.84657 369.62 -1.8393 -1.2802 0.029588 21655 2211 1834.3 0 0
2.714e+05 0.6278 0.19985 0.35976 -1.1138 0.35548 0.9003 368.32 -13.745 -1.2811 0.029507 21656 2217 1834.8 0 0
2.715e+05 0.63404 0.1589 0.35831 -1.3328 0.35653 0.9075 380.41 -4.1571 -1.282 0.02952 21657 2216 1835.3 0 0
2.716e+05 0.61736 0.164 0.35677 -1.5201 0.37198 0.92888 367.94 -3.3029 -1.2828 0.029521 21659 2216 1835.7 0 0
2.717e+05 0.62472 0.14128 0.35619 -1.2813 0.37449 0.91441 366.85 -0.75982 -1.2836 0.029481 21661 2219 1836.2 0 0
2.718e+05 0.6885 0.17095 0.34447 -1.1677 0.37401 0.93083 377.3 -13.391 -1.2844 0.029442 21664 2222 1836.6 0 0
2.719e+05 0.66851 0.1524 0.34992 -1.2281 0.33818 0.90626 380.89 -7.5082 -1.2853 0.029337 21666 2230 1837.1 0 0
2.72e+05 0.66933 0.1746 0.34062 -1.3701 0.33324 0.92044 377.42 -12.845 -1.286 0.029115 21668 2247 1837.6 0 0
2.721e+05 0.61588 0.22145 0.34889 -1.3801 0.35552 0.92185 356.4 -19.304 -1.287 0.029102 21669 2248 1838.1 0 0
2.722e+05 0.65024 0.17064 0.36341 -1.1801 0.31399 0.90726 375.27 -8.9465 -1.2878 0.029064 21670 2251 1838.6 0 0
2.723e+05 0.63123 0.18834 0.36312 -1.4184 0.31108 0.89343 364.06 -10.561 -1.2887 0.029012 21671 2255 1839.1 0 0
2.724e+05 0.68154 0.17005 0.376 -1.3702 0.31381 0.92853 360.98 -12.609 -1.2895 0.028974 21674 2258 1839.6 0 0
2.725e+05 0.60994 0.12529 0.34694 -1.2782 0.32408 0.91038 347.95 1.1322 -1.2901 0.028949 21679 2260 1840 0 0
2.726e+05 0.61572 0.1436 0.34486 -1.4312 0.36821 0.84558 382.57 -0.022627 -1.2909 0.028835 21681 2269 1840.5 0 0
2.727e+05 0.64877 0.19071 0.34091 -1.1869 0.31382 0.95472 387.11 -13.952 -1.2917 0.028784 21684 2273 1840.9 0 0
2.728e+05 0.63974 0.13822 0.36445 -1.316 0.32175 0.89171 392.42 -1.9941 -1.2925 0.028772 21686 2274 1841.4 0 0
2.729e+05 0.64115 0.12805 0.35768 -1.276 0.36293 0.95021 357.76 -1.1533 -1.2932 0.028697 21690 2280 1841.9 0 0
2.73e+05 0.64312 0.16761 0.36091 -1.2465 0.34035 0.93115 370.03 -7.0169 -1.2938 0.028698 21695 2280 1842.3 0 0
2.731e+05 0.59826 0.15383 0.35361 -1.2458 0.33832 0.94173 366.6 -0.47669 -1.2947 0.028698 21697 2280 1842.8 0 0
2.732e+05 0.62695 0.11898 0.34523 -1.197 0.31456 0.88531 386.12 0.65859 -1.2954 0.028699 21701 2280 1843.2 0 0
2.733e+05 0.68692 0.15186 0.39038 -1.2778 0.35828 0.90764 384.99 -8.8137 -1.296 0.028712 21706 2279 1843.6 0 0
2.734e+05 0.59522 0.12542 0.34404 -1.248 0.33179 0.89767 393.97 1.4766 -1.2966 0.028738 21711 2277 1844.1 0 0
2.735e+05 0.60511 0.14397 0.33672 -1.308 0.32623 0.93612 388.79 0.61388 -1.2971 0.028737 21718 2277 1844.5 0 0
2.736e+05 0.54319 0.15094 0.3539 -1.4148 0.3097 0.86937 385.24 -8.8987 -1.2977 0.028699 21724 2280 1844.9 0 0
2.737e+05 0.58598 0.12526 0.32966 -1.376 0.33841 0.91444 379.72 1.1554 -1.2982 0.028682 21731 2283 1845.3 0 0
2.738e+05 0.54241 0.12751 0.33962 -1.4423 0.34022 0.88175 387.14 -6.7144 -1.2988 0.028673 21737 2282 1845.8 0 0
2.739e+05 0.60551 0.11517 0.35515 -1.3952 0.35098 0.92378 379.41 1.4782 -1.2992 0.028699 21745 2282 1846.2 0 0
2.74e+05 0.59952 0.10293 0.33025 -1.2938 0.32537 0.95121 377.46 1.3914 -1.2997 0.028673 21753 2282 1846.6 0 0
2.741e+05 0.63393 0.11639 0.34725 -1.2516 0.34913 0.91624 377.97 0.68531 -1.3001 0.028674 21761 2282 1847 0 0
2.742e+05 0.63173 0.11861 0.33071 -1.2571 0.32765 0.88083 374.96 0.55686 -1.3005 0.028662 21769 2283 1847.4 0 0
2.743e+05 0.6037 0.12211 0.35178 -1.4556 0.33865 0.93418 387.18 1.5924 -1.301 0.028675 21777 2282 1847.8 0 0
2.744e+05 0.58476 0.12161 0.33364 -1.2135 0.34067 0.90931 379.59 1.2226 -1.3014 0.028664 21786 2283 1848.2 0 0
2.745e+05 0.58008 0.15754 0.34051 -1.3828 0.34119 0.92395 386.36 -1.8858 -1.3019 0.028614 21792 2287 1848.7 0 0
2.746e+05 0.60787 0.13541 0.34376 -1.4933 0.35319 0.88404 397.8 1.212 -1.3025 0.028602 21797 2288 1849.1 0 0
2.747e+05 0.63286 0.13089 0.34223 -1.2548 0.33773 0.89688 384.34 -0.34596 -1.3032 0.028578 21803 2290 1849.5 0 0
2.748e+05 0.64226 0.14538 0.34093 -1.3042 0.33912 0.89094 371.53 -2.9447 -1.3037 0.028591 21808 2289 1849.9 0 0
2.749e+05 0.59691 0.17337 0.33992 -1.1763 0.32727 0.92458 391.01 -4.113 -1.3043 0.02858 21815 2292 1850.4 0 0
2.75e+05 0.57166 0.12027 0.34287 -1.3807 0.34092 0.86942 397.57 -0.30833 -1.305 0.028596 21818 2292 1850.8 0 0
2.751e+05 0.57615 0.1537 0.36241 -1.3813 0.3125 0.89412 385.99 -1.6988 -1.3056 0.028596 21823 2292 1851.2 0 0
2.752e+05 0.60107 0.15949 0.3493 -1.2006 0.33278 0.94962 381.86 -1.225 -1.3063 0.028585 21828 2293 1851.7 0 0
2.753e+05 0.57978 0.13122 0.34839 -1.3102 0.33403 0.9125 389.12 0.83088 -1.3069 0.028573 21833 2294 1852.1 0 0
2.754e+05 0.58101 0.11436 0.35274 -1.4022 0.30621 0.92536 368.18 0.76708 -1.3075 0.028598 21839 2292 1852.5 0 0
2.755e+05 0.59427 0.14588 0.3529 -1.1224 0.35366 0.91862 369.66 0.68065 -1.308 0.028587 21846 2293 1852.9 0 0
2.756e+05 0.56609 0.12521 0.35078 -1.4687 0.35252 0.90894 385.98 -1.0915 -1.3086 0.028575 21851 2294 1853.4 0 0
2.757e+05 0.55456 0.104 0.32316 -1.312 0.35415 0.90226 357.27 -3.4656 -1.3092 0.028577 21857 2295 1853.8 0 0
2.758e+05 0.559 0.13989 0.38533 -1.1785 0.35145 0.89844 356.27 -3.0097 -1.3098 0.028561 21862 2294 1854.2 0 0
2.759e+05 0.60486 0.11253 0.33707 -1.3215 0.36365 0.93557 385 1.7327 -1.3103 0.028547 21869 2297 1854.7 0 0
2.76e+05 0.56465 0.10893 0.36178 -1.2179 0.33316 0.81501 370.74 -1.6695 -1.3107 0.0285 21877 2300 1855.1 0 0
2.761e+05 0.62972 0.11311 0.36835 -1.2407 0.33976 0.93463 386.5 1.2912 -1.3112 0.028488 21884 2301 1855.5 0 0
2.762e+05 0.59925 0.1166 0.35255 -1.4388 0.32257 0.94937 380.25 1.8904 -1.3117 0.028489 21891 2300 1855.9 0 0
2.763e+05 0.61769 0.16453 0.36308 -1.3611 0.31889 0.88755 361.88 -3.05 -1.3121 0.028489 21899 2300 1856.4 0 0
2.764e+05 0.6183 0.11627 0.34952 -1.3498 0.31185 0.91995 379.83 1.5408 -1.3125 0.028478 21908 2301 1856.8 0 0
2.765e+05 0.62815 0.16055 0.37005 -1.225 0.32076 0.93066 367.06 -3.2946 -1.3129 0.028479 21917 2301 1857.2 0 0
2.766e+05 0.57344 0.12142 0.3385 -1.2468 0.35202 0.89551 394.91 0.34315 -1.3132 0.028412 21927 2303 1857.6 0 0
2.767e+05 0.55754 0.11328 0.35449 -1.3002 0.31221 0.89512 375.96 -2.6948 -1.3136 0.0284 21936 2304 1858 0 0
2.768e+05 0.58578 0.11866 0.35098 -1.3316 0.37461 0.93035 375.44 1.6505 -1.3139 0.028343 21945 2305 1858.4 0 0
2.769e+05 0.5945 0.10414 0.35585 -1.4219 0.33641 0.90503 384.03 1.4721 -1.3143 0.028319 21954 2307 1858.8 0 0
2.77e+05 0.57105 0.11032 0.35324 -1.3302 0.34309 0.86262 376.59 -0.41877 -1.3147 0.028294 21961 2309 1859.2 0 0
2.771e+05 0.59469 0.11401 0.35358 -1.3086 0.35627 0.92931 354.38 1.9198 -1.3153 0.028319 21968 2307 1859.7 0 0
2.772e+05 0.56506 0.10995 0.3652 -1.4658 0.33625 0.94299 358.29 -1.317 -1.3157 0.028355 21976 2308 1860.1 0 0
2.773e+05 0.6508 0.11596 0.37422 -1.4596 0.30758 0.88559 379.24 0.24383 -1.3159 0.028306 21986 2312 1860.5 0 0
2.774e+05 0.59578 0.10201 0.34841 -1.2557 0.30613 0.93451 378.68 1.6684 -1.3162 0.028322 21997 2313 1860.9 0 0
2.775e+05 0.57954 0.1123 0.35522 -1.2397 0.32982 0.9085 374.12 0.99516 -1.3165 0.028322 22006 2311 1861.3 0 0
2.776e+05 0.59454 0.094118 0.34681 -1.3855 0.35571 0.92927 388.05 2.0785 -1.3169 0.028274 22016 2315 1861.7 0 0
2.777e+05 0.59116 0.070315 0.33941 -1.3385 0.33504 0.87325 370.43 4.7075 -1.3172 0.028274 22025 2315 1862.2 0 0
2.778e+05 0.56491 0.10512 0.35487 -1.2916 0.3482 0.89956 397.56 -1.2545 -1.3173 0.028274 22037 2313 1862.6 0 0
2.779e+05 0.59928 0.11256 0.34555 -1.3253 0.32827 0.91829 409.3 2.0928 -1.3176 0.028237 22048 2316 1863 0 0
2.78e+05 0.60186 0.10293 0.36236 -1.3459 0.3372 0.89458 384.8 2.1016 -1.3179 0.028226 22058 2317 1863.4 0 0
2.781e+05 0.61858 0.11422 0.36722 -1.1994 0.31785 0.94127 387.97 1.7773 -1.3183 0.028226 22066 2317 1863.9 0 0
2.782e+05 0.57634 0.081752 0.35549 -1.2991 0.31226 0.89604 367.2 1.2814 -1.3185 0.028239 22077 2319 1864.3 0 0
2.783e+05 0.56236 0.084957 0.37198 -1.4035 0.35327 0.92438 380.67 -0.65829 -1.3187 0.028231 22088 2323 1864.7 0 0
2.784e+05 0.61068 0.12192 0.34869 -1.5507 0.36135 0.89214 399.22 1.951 -1.3189 0.028262 22099 2323 1865.1 0 0
2.785e+05 0.60578 0.10789 0.3433 -1.1165 0.33966 0.95069 387.47 2.1643 -1.3192 0.028252 22109 2324 1865.5 0 0
2.786e+05 0.59011 0.10705 0.36554 -1.2503 0.34921 0.89851 397.11 1.9449 -1.3196 0.028277 22119 2324 1865.9 0 0
2.787e+05 0.61913 0.098482 0.33677 -1.3065 0.32665 0.93604 384.32 3.4016 -1.3198 0.02821 22129 2324 1866.3 0 0
2.788e+05 0.55838 0.13142 0.35717 -1.3093 0.35022 0.9135 390.72 -2.4046 -1.32 0.028196 22141 2323 1866.8 0 0
2.789e+05 0.58866 0.11699 0.3895 -1.2674 0.34966 0.91739 389.18 2.2195 -1.3203 0.028152 22151 2328 1867.2 0 0
2.79e+05 0.5565 0.11607 0.3457 -1.2176 0.34912 0.90446 381.86 -2.5151 -1.3206 0.028117 22160 2331 1867.6 0 0
2.791e+05 0.59496 0.10474 0.33324 -1.3553 0.33983 0.84611 382.88 2.1247 -1.321 0.028129 22169 2330 1868 0 0
2.792e+05 0.61754 0.13088 0.33518 -1.576 0.33909 0.90287 385.55 1.2889 -1.3211 0.028153 22182 2328 1868.4 0 0
2.793e+05 0.54836 0.13973 0.33025 -1.413 0.33944 0.94594 373.6 -5.5035 -1.3214 0.02813 22191 2330 1868.9 0 0
2.794e+05 0.57931 0.12611 0.36625 -1.3156 0.31841 0.88819 397.4 1.4333 -1.3215 0.028123 22203 2331 1869.3 0 0
2.795e+05 0.64797 0.13356 0.36064 -1.2836 0.33765 0.91591 369.06 -2.1356 -1.3216 0.028076 22217 2331 1869.7 0 0
2.796e+05 0.59116 0.10561 0.36235 -1.4892 0.32877 0.90202 373.97 2.2399 -1.3217 0.028065 22230 2332 1870.1 0 0
2.797e+05 0.58449 0.093681 0.3529 -1.4423 0.32831 0.8777 376.27 1.7923 -1.3216 0.028053 22245 2333 1870.5 0 0
2.798e+05 0.59196 0.10375 0.36371 -1.2923 0.31779 0.90221 379.05 2.2485 -1.3217 0.028088 22258 2336 1870.9 0 0
2.799e+05 0.60982 0.099436 0.3451 -1.4444 0.32535 0.80914 389.92 2.8949 -1.3219 0.028084 22270 2337 1871.3 0 0
2.8e+05 0.62766 0.12039 0.39076 -1.1555 0.32632 0.89587 355.91 1.1324 -1.322 0.028087 22282 2340 1871.7 0 0
2.801e+05 0.58317 0.11918 0.37545 -1.3799 0.3375 0.86293 376.07 2.0845 -1.322 0.028086 22296 2340 1872.1 0 0
2.802e+05 0.5685 0.12656 0.34413 -1.3277 0.33733 0.89784 379.46 -0.20939 -1.3219 0.02815 22312 2344 1872.5 0 0
2.803e+05 0.57394 0.10883 0.35553 -1.4025 0.33493 0.88291 383.96 0.71353 -1.322 0.028189 22324 2343 1872.9 0 0
2.804e+05 0.62805 0.11475 0.38 -1.2763 0.30937 0.93122 380.64 1.563 -1.3223 0.028191 22334 2343 1873.3 0 0
2.805e+05 0.57267 0.11223 0.367 -1.3054 0.33099 0.91771 393.43 0.65164 -1.3225 0.028155 22345 2346 1873.7 0 0
2.806e+05 0.60901 0.10474 0.33672 -1.3264 0.33991 0.91141 373.75 2.7086 -1.3226 0.028109 22358 2346 1874.2 0 0
2.807e+05 0.65255 0.094205 0.35719 -1.3879 0.32343 0.93154 370.84 4.7221 -1.3228 0.028085 22370 2344 1874.6 0 0
2.808e+05 0.57927 0.13718 0.34356 -1.3966 0.33407 0.93113 380.38 0.88172 -1.323 0.028098 22382 2343 1875 0 0
2.809e+05 0.61728 0.12089 0.36696 -1.3447 0.3417 0.94788 369.45 2.0334 -1.3234 0.028084 22390 2343 1875.4 0 0
2.81e+05 0.57687 0.08606 0.34319 -1.2724 0.35062 0.88901 374.25 1.3385 -1.3237 0.028049 22399 2346 1875.8 0 0
2.811e+05 0.58393 0.13515 0.35458 -1.176 0.31419 0.84699 374.1 1.4881 -1.3241 0.028026 22408 2348 1876.3 0 0
2.812e+05 0.59882 0.085196 0.32543 -1.3773 0.35001 0.8659 373.22 3.9726 -1.3245 0.027979 22416 2352 1876.7 0 0
2.813e+05 0.58037 0.1199 0.36932 -1.1279 0.32985 0.93038 363.63 1.9685 -1.325 0.027951 22423 2354 1877.1 0 0
2.814e+05 0.55552 0.16629 0.3584 -1.3147 0.32439 0.92851 378.65 -8.2939 -1.3256 0.027917 22429 2357 1877.6 0 0
2.815e+05 0.58024 0.15117 0.33058 -1.3554 0.33174 0.86394 359.96 -0.57589 -1.3262 0.027906 22433 2358 1878 0 0
2.816e+05 0.62545 0.16587 0.35009 -1.2775 0.31661 0.88127 391.33 -3.9726 -1.3269 0.027812 22438 2366 1878.5 0 0
2.817e+05 0.61728 0.14596 0.36632 -1.3152 0.36517 0.93977 385.82 0.080548 -1.3275 0.027801 22442 2367 1878.9 0 0
2.818e+05 0.56432 0.14358 0.34998 -1.418 0.33813 0.86689 348.17 -1.9229 -1.3282 0.027661 22447 2379 1879.4 0 0
2.819e+05 0.60615 0.13754 0.35424 -1.2119 0.34341 0.91591 372.53 1.7198 -1.3286 0.027581 22454 2386 1879.8 0 0
2.82e+05 0.55375 0.10114 0.35697 -1.5557 0.35863 0.92552 360.97 -2.7876 -1.3289 0.02756 22464 2388 1880.3 0 0
2.821e+05 0.58878 0.11498 0.33779 -1.3322 0.33094 0.86971 363.94 2.7377 -1.3292 0.027536 22474 2390 1880.7 0 0
2.822e+05 0.60886 0.12178 0.35099 -1.5578 0.32347 0.93893 380.65 2.548 -1.3296 0.02755 22483 2391 1881.1 0 0
2.823e+05 0.56577 0.11273 0.33946 -1.3047 0.32375 0.87898 371.54 -0.25596 -1.3298 0.027464 22495 2402 1881.5 0 0
2.824e+05 0.61389 0.12477 0.38957 -1.193 0.35301 0.94986 383.51 2.2056 -1.3302 0.027465 22503 2402 1882 0 0
2.825e+05 0.58648 0.13683 0.35314 -1.2934 0.33198 0.95557 375.15 1.772 -1.3305 0.027466 22512 2402 1882.4 0 0
2.826e+05 0.59559 0.11213 0.35254 -1.226 0.34499 0.91506 399.8 2.9467 -1.3306 0.027421 22525 2406 1882.8 0 0
2.827e+05 0.63662 0.13109 0.38065 -1.2735 0.34545 0.94839 371.1 -0.34562 -1.3308 0.027421 22536 2410 1883.2 0 0
2.828e+05 0.56037 0.104 0.35523 -1.1611 0.32134 0.82393 360.83 -1.3276 -1.3311 0.027401 22547 2414 1883.7 0 0
2.829e+05 0.55712 0.095302 0.35468 -1.4326 0.34233 0.94491 356.17 -1.7823 -1.3314 0.02739 22556 2415 1884.1 0 0
2.83e+05 0.56998 0.10637 0.33849 -1.317 0.34591 0.91851 369.12 0.50674 -1.3315 0.027369 22569 2414 1884.5 0 0
2.831e+05 0.59045 0.13767 0.35229 -1.2697 0.32481 0.90258 362.51 1.8968 -1.3319 0.027376 22578 2416 1884.9 0 0
2.832e+05 0.6291 0.14962 0.38081 -1.3969 0.33256 0.86534 381.28 -1.573 -1.3322 0.0274 22588 2414 1885.4 0 0
2.833e+05 0.61131 0.098685 0.35868 -1.3446 0.3157 0.93749 374.2 3.3645 -1.3326 0.027402 22596 2414 1885.8 0 0
2.834e+05 0.56086 0.17132 0.36334 -1.2681 0.31218 0.92805 397.77 -8.0139 -1.333 0.027346 22604 2419 1886.3 0 0
2.835e+05 0.59078 0.14233 0.36513 -1.1333 0.33043 0.92898 379.45 1.4895 -1.3336 0.02729 22609 2424 1886.7 0 0
2.836e+05 0.60073 0.1625 0.35006 -1.2509 0.30742 0.95184 369.47 -1.5412 -1.3343 0.027212 22612 2431 1887.2 0 0
2.837e+05 0.56693 0.11846 0.34821 -1.2781 0.33391 0.94993 382.77 0.25437 -1.3348 0.027201 22618 2429 1887.7 0 0
2.838e+05 0.59455 0.11924 0.37537 -1.1995 0.34701 0.89834 374.98 3.1813 -1.3353 0.02719 22624 2430 1888.1 0 0
2.839e+05 0.61784 0.15385 0.32787 -1.1742 0.32065 0.94113 388.7 -0.89638 -1.336 0.027214 22628 2428 1888.6 0 0
2.84e+05 0.61697 0.12743 0.36329 -1.3407 0.30744 0.8968 378.98 2.0536 -1.3362 0.027187 22640 2434 1889 0 0
2.841e+05 0.61256 0.11815 0.36137 -1.1889 0.33437 0.93306 384.64 2.7663 -1.3364 0.027131 22651 2437 1889.4 0 0
2.842e+05 0.64138 0.12866 0.37415 -1.2613 0.34577 0.91256 364.1 -0.60017 -1.3366 0.02707 22662 2439 1889.9 0 0
2.843e+05 0.55784 0.12843 0.33857 -1.2088 0.3457 0.92155 372.16 -1.8482 -1.337 0.02706 22671 2440 1890.3 0 0
2.844e+05 0.60705 0.098006 0.3593 -1.3001 0.35863 0.89068 356.23 3.3453 -1.337 0.027062 22685 2440 1890.7 0 0
2.845e+05 0.56586 0.13913 0.31354 -1.1646 0.32513 0.89077 363.56 -0.771 -1.3371 0.02703 22698 2443 1891.2 0 0
2.846e+05 0.59114 0.0766 0.35922 -1.2832 0.34468 0.96378 383.8 4.0156 -1.3373 0.027041 22709 2445 1891.6 0 0
2.847e+05 0.54643 0.10373 0.33573 -1.2242 0.34387 0.94051 369.78 -4.291 -1.3374 0.027049 22722 2442 1892 0 0
2.848e+05 0.62165 0.14559 0.33594 -1.1097 0.33093 0.91357 365.62 -0.009377 -1.3375 0.027021 22735 2438 1892.4 0 0
2.849e+05 0.56835 0.11101 0.34214 -1.3157 0.33202 0.81609 359.7 0.61649 -1.3377 0.027033 22746 2437 1892.9 0 0
2.85e+05 0.57902 0.12962 0.33729 -1.1686 0.36061 0.90884 369.18 1.8595 -1.3378 0.027024 22758 2438 1893.3 0 0
2.851e+05 0.63376 0.10941 0.3441 -1.1703 0.3419 0.92565 384.59 2.303 -1.338 0.027009 22771 2442 1893.7 0 0
2.852e+05 0.57735 0.10973 0.34114 -1.2419 0.35162 0.91074 375.01 2.056 -1.3381 0.026966 22783 2446 1894.1 0 0
2.853e+05 0.64235 0.13263 0.34081 -1.4417 0.34697 0.97484 377.38 -1.0913 -1.3381 0.026935 22798 2446 1894.6 0 0
2.854e+05 0.56612 0.13518 0.35033 -1.2506 0.3434 0.92248 399.62 -0.33193 -1.3383 0.026969 22808 2443 1895 0 0
2.855e+05 0.59024 0.16067 0.3469 -0.94632 0.32278 0.84618 397.86 -1.2611 -1.3389 0.026959 22814 2444 1895.5 0 0
2.856e+05 0.57923 0.11358 0.33479 -1.3505 0.34478 0.90821 387.75 2.4568 -1.3393 0.02696 22823 2444 1895.9 0 0
2.857e+05 0.55757 0.13959 0.33486 -1.1708 0.34423 0.92281 401.85 -2.4953 -1.3396 0.026928 22831 2447 1896.3 0 0
2.858e+05 0.57389 0.12164 0.35166 -1.5415 0.33045 0.89034 396.6 1.7118 -1.3401 0.026973 22839 2446 1896.8 0 0
2.859e+05 0.59979 0.10685 0.364 -1.1592 0.31849 0.93446 391.28 3.3136 -1.3405 0.026985 22847 2445 1897.2 0 0
2.86e+05 0.52094 0.14613 0.34431 -1.1079 0.32909 0.91305 406.25 -15.847 -1.3411 0.027008 22852 2443 1897.7 0 4.1042
2.861e+05 0.61572 0.11193 0.37842 -0.95275 0.34766 0.8937 395.92 2.9432 -1.3416 0.027046 22859 2443 1898.1 0 0
2.862e+05 0.55782 0.12568 0.36045 -1.2405 0.3373 0.9073 397.73 -1.5182 -1.3417 0.027024 22872 2442 1898.6 0 0
2.863e+05 0.60169 0.14778 0.36484 -1.0827 0.33756 0.94104 382.03 1.2236 -1.3419 0.027025 22882 2442 1899 0 0
2.864e+05 0.65373 0.12331 0.34974 -1.3507 0.34221 0.90032 359.66 -0.92597 -1.3424 0.027028 22889 2442 1899.5 0 0
2.865e+05 0.58242 0.15364 0.3572 -1.2618 0.36172 0.87043 373.61 -0.41577 -1.343 0.027007 22894 2444 1899.9 0 0
2.866e+05 0.54091 0.10827 0.34791 -1.2446 0.33224 0.89881 382.98 -5.6329 -1.3435 0.026975 22900 2447 1900.4 0 0
2.867e+05 0.53512 0.1872 0.36047 -1.2919 0.35949 0.9277 375.96 -19.267 -1.3444 0.026975 22900 2447 1900.9 0 0
2.868e+05 0.58522 0.15067 0.36327 -1.2263 0.33283 0.89263 371.54 0.32431 -1.3453 0.026975 22901 2447 1901.5 0 0
2.869e+05 0.57566 0.18566 0.35539 -1.2911 0.34507 0.89268 376.21 -9.1512 -1.3461 0.026975 22901 2447 1902 0 0
2.87e+05 0.55829 0.18438 0.33759 -1.2454 0.34974 0.89656 392.15 -12.062 -1.347 0.026975 22902 2447 1902.5 0 0
2.871e+05 0.5998 0.13579 0.33691 -1.2567 0.32035 0.95166 374.71 2.6571 -1.3477 0.026965 22905 2448 1903 0 0
2.872e+05 0.58108 0.16538 0.35509 -1.1373 0.34355 0.86046 367.8 -2.8776 -1.3485 0.02691 22907 2453 1903.5 0 0
2.873e+05 0.57627 0.14713 0.33153 -1.2196 0.3302 0.87623 370.59 0.15325 -1.3493 0.026955 22910 2449 1904 0 0
2.874e+05 0.63241 0.18282 0.38403 -1.3377 0.3396 0.93253 383.75 -8.91 -1.3501 0.026955 22911 2449 1904.5 0 0
2.875e+05 0.61666 0.22438 0.34773 -1.3227 0.33196 0.91271 356.28 -19.862 -1.351 0.026922 22911 2452 1905.1 0 0
2.876e+05 0.558 0.19699 0.36907 -1.6358 0.32529 0.88709 375.26 -15.334 -1.3518 0.026922 22911 2452 1905.6 0 0
2.877e+05 0.56481 0.20271 0.34378 -1.329 0.30684 0.95105 389.24 -15.342 -1.3527 0.026911 22912 2453 1906.2 0 0
2.878e+05 0.57931 0.20249 0.34765 -1.1764 0.31591 0.85435 387 -13.311 -1.3536 0.026878 22912 2456 1906.7 0 0
2.879e+05 0.56822 0.13667 0.34786 -1.5463 0.32223 0.9362 379.33 0.12687 -1.3543 0.026855 22916 2460 1907.2 0 0
2.88e+05 0.62651 0.15212 0.34758 -1.2949 0.33282 0.86559 381.33 -1.3945 -1.355 0.026834 22918 2462 1907.7 0 0
2.881e+05 0.5603 0.14943 0.33246 -1.1414 0.31776 0.94129 395.64 -3.0292 -1.3553 0.026793 22928 2466 1908.2 0 0
2.882e+05 0.54038 0.12169 0.34381 -1.3835 0.31225 0.95087 386.26 -5.9741 -1.3557 0.02677 22936 2464 1908.6 0 0
2.883e+05 0.55384 0.10749 0.34533 -1.2027 0.34348 0.90733 371.45 -2.1727 -1.3561 0.026762 22943 2463 1909.1 0 0
2.884e+05 0.5879 0.20147 0.36421 -1.3809 0.35285 0.85303 368.45 -12.466 -1.3569 0.026762 22945 2463 1909.6 0 0
2.885e+05 0.52655 0.179 0.36643 -1.2298 0.33871 0.90055 354.73 -20.189 -1.3577 0.026762 22946 2463 1910.1 0 0.59445
2.886e+05 0.61042 0.13093 0.37137 -1.2794 0.34563 0.9259 384.24 2.59 -1.3583 0.026774 22953 2462 1910.6 0 0
2.887e+05 0.54781 0.17971 0.33229 -1.2616 0.32341 0.94385 398.82 -12.976 -1.3591 0.026763 22954 2463 1911.1 0 0
2.888e+05 0.59106 0.19461 0.34924 -1.462 0.3367 0.87209 380.96 -10.191 -1.3599 0.026742 22955 2465 1911.6 0 0
2.889e+05 0.57351 0.13353 0.35471 -1.3238 0.33959 0.93537 383.92 1.2667 -1.3608 0.026764 22956 2463 1912.2 0 0
2.89e+05 0.57768 0.14369 0.3363 -1.4103 0.33581 0.89481 395.98 0.86487 -1.3615 0.026742 22959 2465 1912.7 0 0
2.891e+05 0.55622 0.16302 0.33928 -1.2595 0.35372 0.89752 372.77 -6.5356 -1.3622 0.026743 22961 2465 1913.1 0 0
2.892e+05 0.56879 0.20004 0.33342 -1.2033 0.33986 0.9301 400.25 -13.855 -1.363 0.026711 22964 2468 1913.7 0 0
2.893e+05 0.58642 0.14319 0.35756 -1.0519 0.32742 0.94453 365.49 1.583 -1.3637 0.026689 22967 2470 1914.1 0 0
2.894e+05 0.56867 0.13521 0.36107 -1.2135 0.33773 0.92754 381.75 0.50105 -1.3641 0.026701 22975 2469 1914.6 0 0
2.895e+05 0.57095 0.15588 0.34062 -1.1545 0.34533 0.93173 395.36 -1.8886 -1.3645 0.026692 22982 2470 1915 0 0
2.896e+05 0.60553 0.1523 0.3406 -1.4443 0.35157 0.91939 387.93 0.60938 -1.3651 0.026681 22988 2471 1915.5 0 0
2.897e+05 0.58595 0.18038 0.34401 -1.3128 0.32533 0.94466 406.21 -6.0424 -1.3657 0.026682 22992 2471 1916 0 0
2.898e+05 0.56025 0.11662 0.33878 -1.3387 0.32884 0.93277 392.8 -0.51756 -1.3662 0.026694 22999 2470 1916.4 0 0
2.899e+05 0.581 0.10598 0.34914 -1.3763 0.34032 0.87388 381.75 2.5837 -1.3666 0.026673 23007 2472 1916.9 0 0
2.9e+05 0.57466 0.12777 0.33967 -1.1874 0.32362 0.90989 407.6 1.9039 -1.367 0.026686 23015 2473 1917.3 0 0
2.901e+05 0.59532 0.12548 0.345 -1.2149 0.33797 0.92935 399.14 3.5229 -1.3674 0.026687 23022 2471 1917.8 0 0
2.902e+05 0.5847 0.11649 0.3545 -1.3932 0.36098 0.9105 421.22 3.2467 -1.3679 0.026687 23029 2471 1918.2 0 0
2.903e+05 0.56242 0.15329 0.34361 -1.2246 0.33423 0.90328 376.53 -2.807 -1.3685 0.026667 23034 2473 1918.7 0 0
2.904e+05 0.54372 0.14345 0.33668 -1.2846 0.33228 0.9117 380.69 -6.4879 -1.3691 0.026646 23039 2475 1919.2 0 0
2.905e+05 0.59543 0.20006 0.35946 -1.4568 0.32513 0.76753 369.04 -11.742 -1.3699 0.026625 23041 2477 1919.7 0 0
2.906e+05 0.57189 0.11952 0.35211 -1.1294 0.33472 0.90141 371.19 1.7453 -1.3705 0.026615 23045 2478 1920.2 0 0
2.907e+05 0.55603 0.12911 0.34292 -1.3808 0.34402 0.92432 389.32 -1.6615 -1.3711 0.026605 23051 2479 1920.6 0 0
2.908e+05 0.60354 0.15999 0.36805 -1.2788 0.34881 0.90802 397.94 -0.59845 -1.3718 0.026584 23054 2481 1921.1 0 0
2.909e+05 0.56114 0.18028 0.33455 -1.245 0.32586 0.92304 372.73 -9.4691 -1.3726 0.026574 23055 2482 1921.7 0 0
2.91e+05 0.57091 0.19528 0.34028 -1.4094 0.31339 0.94178 370.91 -12.016 -1.3732 0.02656 23059 2484 1922.1 0 0
2.911e+05 0.62205 0.1902 0.36246 -1.2666 0.33152 0.93351 399.71 -9.5667 -1.3738 0.026561 23064 2484 1922.6 0 0
2.912e+05 0.62821 0.16686 0.33764 -1.188 0.33096 0.91803 381.17 -4.1695 -1.3741 0.026555 23075 2484 1923.1 0 0
2.913e+05 0.61661 0.16648 0.35661 -1.2763 0.31496 0.92592 375.23 -2.8322 -1.3744 0.026556 23083 2484 1923.5 0 0
2.914e+05 0.5675 0.15811 0.34625 -1.2338 0.32975 0.93465 402.34 -2.5331 -1.3747 0.026568 23093 2483 1923.9 0 0
2.915e+05 0.58965 0.12088 0.36475 -1.3769 0.3423 0.93145 410.69 3.6475 -1.3749 0.026578 23104 2484 1924.4 0 0
2.916e+05 0.59742 0.13568 0.34054 -1.3346 0.34887 0.95758 404.71 2.9848 -1.3751 0.026579 23115 2484 1924.8 0 0
2.917e+05 0.59701 0.12898 0.36424 -1.2056 0.3199 0.94887 414.33 3.4787 -1.3753 0.026532 23126 2485 1925.2 0 0
2.918e+05 0.59577 0.15929 0.3834 -1.2665 0.36197 0.94676 367.94 -0.30188 -1.3755 0.026501 23137 2488 1925.7 0 0
2.919e+05 0.57146 0.14054 0.33077 -1.3359 0.34109 0.92234 375.93 0.86519 -1.3757 0.026513 23148 2487 1926.1 0 0
2.92e+05 0.55006 0.11899 0.35153 -1.3157 0.33781 0.9459 372.18 -2.8641 -1.3762 0.026471 23156 2491 1926.6 0 0
2.921e+05 0.56948 0.13418 0.34308 -1.3539 0.32877 0.91132 377.99 1.1166 -1.3767 0.02644 23162 2494 1927 0 0
2.922e+05 0.57863 0.12851 0.3483 -1.2596 0.35057 0.94834 370.61 2.6695 -1.377 0.026452 23170 2493 1927.5 0 0
2.923e+05 0.59959 0.13619 0.34651 -1.0994 0.32837 0.93321 395.84 3.0114 -1.3773 0.026495 23180 2489 1927.9 0 0
2.924e+05 0.55777 0.12767 0.35191 -1.3901 0.35137 0.93261 382.08 -0.89783 -1.3775 0.026475 23192 2491 1928.4 0 0
2.925e+05 0.60234 0.094847 0.35686 -1.3057 0.33924 0.93356 372.87 3.524 -1.3775 0.026508 23206 2488 1928.8 0 0
2.926e+05 0.56065 0.11234 0.32761 -1.297 0.34224 0.92136 373.28 -0.18055 -1.3775 0.026541 23219 2485 1929.2 0 0
2.927e+05 0.61471 0.13876 0.32706 -1.1837 0.3342 0.86875 382.67 1.8881 -1.3777 0.026521 23231 2487 1929.7 0 0
2.928e+05 0.59802 0.11977 0.34055 -1.4853 0.3331 0.94198 374.48 3.9238 -1.3776 0.026511 23246 2488 1930.1 0 0
2.929e+05 0.6338 0.1361 0.3461 -1.3166 0.36498 0.90738 390.34 -0.11281 -1.3777 0.026502 23259 2489 1930.5 0 0
2.93e+05 0.61334 0.12181 0.35131 -1.2818 0.32442 0.90105 377.43 3.2271 -1.3777 0.026467 23273 2488 1931 0 0
2.931e+05 0.59038 0.10911 0.33059 -1.3648 0.31587 0.89965 356.69 3.6677 -1.3777 0.026457 23288 2489 1931.4 0 0
2.932e+05 0.63262 0.12427 0.35971 -1.2404 0.34238 0.92511 394.16 1.1382 -1.3776 0.026437 23302 2491 1931.8 0 0
2.933e+05 0.59158 0.12001 0.34951 -1.254 0.32217 0.91192 365.46 3.9932 -1.3775 0.026448 23319 2493 1932.2 0 0
2.934e+05 0.64844 0.13624 0.35429 -1.2391 0.33247 0.94758 367.23 -2.1246 -1.3774 0.026438 23334 2494 1932.6 0 0
2.935e+05 0.56437 0.12324 0.33345 -1.2268 0.32644 0.88587 384.08 0.79582 -1.3773 0.026462 23350 2492 1933.1 0 0
2.936e+05 0.63039 0.13176 0.37438 -1.2895 0.29941 0.90499 388.94 0.90652 -1.3771 0.026441 23366 2494 1933.5 0 0
2.937e+05 0.6366 0.095906 0.33546 -1.5181 0.35786 0.91733 381.33 4.8028 -1.377 0.026442 23383 2494 1933.9 0 0
2.938e+05 0.58438 0.10022 0.3287 -1.1651 0.33087 0.93637 391.7 2.9416 -1.3769 0.026421 23398 2496 1934.3 0 0
2.939e+05 0.59814 0.098969 0.34337 -1.2624 0.33737 0.94021 393.35 3.544 -1.3767 0.026379 23415 2500 1934.7 0 0
2.94e+05 0.58149 0.14506 0.3539 -1.2299 0.32162 0.92566 382.6 1.5824 -1.3766 0.026338 23431 2504 1935.2 0 0
2.941e+05 0.62257 0.13674 0.36658 -1.208 0.35344 0.94085 383.99 1.4347 -1.3769 0.026324 23440 2509 1935.6 0 0
2.942e+05 0.59556 0.14994 0.33864 -1.3974 0.32799 0.95303 369.77 1.4643 -1.3768 0.026299 23456 2508 1936.1 0 0
2.943e+05 0.57285 0.12881 0.34947 -1.2667 0.33315 0.9468 394.38 2.1261 -1.3771 0.026269 23465 2511 1936.5 0 0
2.944e+05 0.61131 0.11127 0.35776 -1.2327 0.32652 0.91833 376.82 3.727 -1.3772 0.026296 23477 2510 1937 0 0
2.945e+05 0.55836 0.18493 0.34542 -1.2692 0.29975 0.91178 394.8 -11.35 -1.3776 0.026318 23485 2508 1937.4 0 0
2.946e+05 0.64128 0.1347 0.37257 -1.4605 0.34373 0.8713 366.49 -0.86204 -1.378 0.02632 23493 2508 1937.9 0 0
2.947e+05 0.54614 0.13201 0.34417 -1.1095 0.34858 0.89355 382.91 -4.2888 -1.3786 0.026331 23498 2507 1938.4 0 0
2.948e+05 0.53155 0.15232 0.33611 -1.3943 0.30462 0.8997 392.77 -11.805 -1.379 0.026332 23505 2507 1938.8 0 0
2.949e+05 0.61718 0.11471 0.36558 -1.272 0.31864 0.92289 377.55 3.3438 -1.379 0.026295 23520 2512 1939.3 0 0
2.95e+05 0.52967 0.11886 0.34533 -1.2147 0.32486 0.90178 387.05 -9.3731 -1.3793 0.026275 23530 2514 1939.7 0 0.005389
2.951e+05 0.57696 0.10459 0.33796 -1.4279 0.32559 0.96203 383.92 2.5175 -1.3795 0.026286 23541 2513 1940.2 0 0
2.952e+05 0.61411 0.1772 0.35054 -1.2512 0.32753 0.90546 395.01 -5.1548 -1.3799 0.026298 23548 2512 1940.6 0 0
2.953e+05 0.57739 0.12112 0.34866 -1.3292 0.32183 0.92189 389.41 3.1465 -1.38 0.026216 23561 2520 1941.1 0 0
2.954e+05 0.62437 0.16681 0.36005 -1.2229 0.35937 0.90642 385.86 -3.5607 -1.3804 0.026154 23569 2526 1941.5 0 0
2.955e+05 0.57305 0.12079 0.35325 -1.2732 0.33073 0.93558 372.73 2.519 -1.3807 0.026114 23578 2530 1942 0 0
2.956e+05 0.61355 0.16791 0.36289 -1.3698 0.31466 0.91622 394.25 -2.6624 -1.381 0.025982 23587 2543 1942.4 0 0
2.957e+05 0.59016 0.19353 0.34712 -1.3409 0.34523 0.89679 371.79 -9.6154 -1.3817 0.025911 23591 2550 1943 0 0
2.958e+05 0.56042 0.091032 0.3455 -1.4366 0.30853 0.92547 392.83 -0.57722 -1.3822 0.025861 23597 2555 1943.4 0 0
2.959e+05 0.63004 0.15565 0.34755 -1.1715 0.31263 0.88082 398.94 -1.9077 -1.3826 0.025821 23605 2559 1943.9 0 0
2.96e+05 0.56846 0.13092 0.38069 -1.4669 0.34151 0.92998 368.78 1.5895 -1.3829 0.025822 23614 2559 1944.4 0 0
2.961e+05 0.54875 0.15069 0.33162 -1.2655 0.32648 0.8959 380.56 -5.459 -1.3834 0.025823 23619 2559 1944.9 0 0
2.962e+05 0.55356 0.13546 0.33129 -1.3831 0.30535 0.93344 396.71 -2.1317 -1.3841 0.025793 23624 2562 1945.4 0 0
2.963e+05 0.52465 0.12411 0.34072 -1.2491 0.34628 0.93074 410.71 -11.666 -1.3845 0.025784 23630 2563 1945.8 0 1.4331
2.964e+05 0.62627 0.23066 0.36734 -1.387 0.34656 0.89767 371.41 -22.112 -1.385 0.025763 23637 2566 1946.3 0 0
2.965e+05 0.53032 0.15971 0.33532 -1.3054 0.31918 0.95641 382.94 -13.761 -1.3858 0.025753 23639 2567 1946.8 0 0
2.966e+05 0.56827 0.1835 0.34325 -1.4061 0.33707 0.94787 384.35 -8.6666 -1.3865 0.025743 23641 2568 1947.4 0 0
2.967e+05 0.60602 0.1748 0.34746 -1.4385 0.33797 0.91177 375.94 -3.7944 -1.3873 0.025733 23643 2569 1947.9 0 0
2.968e+05 0.62274 0.17222 0.33206 -1.3121 0.33752 0.90879 386.13 -4.4785 -1.3881 0.025743 23644 2568 1948.5 0 0
2.969e+05 0.59026 0.20182 0.34518 -1.2029 0.32866 0.95002 394.33 -12.134 -1.3889 0.025744 23645 2568 1949 0 0
2.97e+05 0.60104 0.18513 0.31544 -1.1324 0.38313 0.86618 371.06 -6.6508 -1.3897 0.025744 23646 2568 1949.6 0 0
2.971e+05 0.5942 0.18719 0.33726 -1.2206 0.3561 0.95795 370.08 -7.2828 -1.3905 0.025734 23647 2569 1950.2 0 0
2.972e+05 0.58562 0.15199 0.33594 -1.3431 0.35071 0.9302 359.63 1.1743 -1.3912 0.025714 23649 2571 1950.7 0 0
2.973e+05 0.62399 0.18645 0.35195 -1.1257 0.32003 0.93679 365.64 -8.3485 -1.3921 0.025694 23650 2573 1951.3 0 0
2.974e+05 0.5928 0.14231 0.33259 -1.3296 0.34482 0.9337 370.14 2.7522 -1.3927 0.025695 23654 2573 1951.8 0 0
2.975e+05 0.57256 0.16546 0.35699 -1.3278 0.32612 0.90335 381.34 -3.0338 -1.3934 0.025695 23656 2573 1952.4 0 0
2.976e+05 0.57525 0.204 0.38029 -1.4521 0.32712 0.91987 385.35 -13.83 -1.3942 0.025686 23658 2574 1952.9 0 0
2.977e+05 0.60411 0.19414 0.33047 -1.3953 0.34012 0.93934 337.62 -9.4377 -1.395 0.025666 23660 2576 1953.4 0 0
2.978e+05 0.58811 0.10745 0.34307 -1.5754 0.33799 0.93669 380.68 3.8283 -1.3954 0.025678 23667 2575 1953.9 0 0
2.979e+05 0.51385 0.13875 0.33948 -1.3781 0.32694 0.92097 375.95 -20.624 -1.3955 0.025669 23679 2576 1954.3 0 13.043
2.98e+05 0.56098 0.11333 0.34381 -1.3714 0.31217 0.90092 376.37 0.41595 -1.3956 0.025661 23691 2577 1954.8 0 0
2.981e+05 0.59588 0.12289 0.35222 -1.3416 0.34458 0.93534 363.53 4.3506 -1.3958 0.025665 23702 2577 1955.2 0 0
2.982e+05 0.60803 0.12291 0.36754 -1.277 0.29804 0.89215 376.34 3.977 -1.3961 0.025667 23712 2576 1955.7 0 0
2.983e+05 0.57074 0.1702 0.34376 -1.244 0.32 0.93803 361.8 -4.3967 -1.3967 0.025667 23716 2576 1956.2 0 0
2.984e+05 0.52952 0.11726 0.33512 -1.4273 0.33233 0.93427 382.08 -9.0817 -1.3973 0.025668 23720 2576 1956.7 0 0.011503
2.985e+05 0.61296 0.14345 0.33567 -1.4609 0.32078 0.88951 376.4 2.034 -1.3976 0.02565 23731 2578 1957.2 0 0
2.986e+05 0.58756 0.13707 0.35302 -1.2778 0.33226 0.84122 383.36 3.2499 -1.3975 0.025651 23745 2578 1957.6 0 0
2.987e+05 0.59201 0.12413 0.34096 -1.3475 0.32786 0.9354 370.62 4.334 -1.3978 0.025662 23755 2577 1958.1 0 0
2.988e+05 0.6246 0.14828 0.34411 -1.2981 0.34656 0.91362 374.38 0.026937 -1.3982 0.025653 23763 2578 1958.5 0 0
2.989e+05 0.56569 0.13415 0.34396 -1.2534 0.33938 0.92047 380.07 1.1179 -1.3981 0.025655 23777 2578 1959 0 0
2.99e+05 0.58286 0.15301 0.3577 -1.3206 0.34927 0.85969 377.5 0.9229 -1.3981 0.025676 23791 2579 1959.4 0 0
2.991e+05 0.68048 0.17478 0.34585 -1.2557 0.34372 0.85947 373.77 -13.582 -1.3984 0.025658 23801 2581 1959.8 0 0
2.992e+05 0.60162 0.12561 0.37507 -1.5038 0.31347 0.91278 378.96 4.2396 -1.3984 0.025651 23816 2582 1960.3 0 0
2.993e+05 0.63848 0.15517 0.3732 -1.5147 0.32015 0.91744 371.64 -2.8956 -1.3988 0.025662 23823 2581 1960.8 0 0
2.994e+05 0.5901 0.12599 0.36488 -1.4248 0.3364 0.84943 354.66 4.2764 -1.3989 0.025663 23835 2581 1961.2 0 0
2.995e+05 0.54711 0.15268 0.3464 -1.2897 0.33292 0.90137 368.4 -6.1334 -1.399 0.025668 23848 2579 1961.7 0 0
2.996e+05 0.55127 0.15448 0.36878 -1.2691 0.31272 0.90818 398.67 -5.135 -1.3995 0.025679 23854 2578 1962.2 0 0
2.997e+05 0.56544 0.18759 0.36907 -1.3419 0.34563 0.90694 370.35 -10.21 -1.4003 0.025669 23855 2579 1962.7 0 0
2.998e+05 0.59106 0.13686 0.34621 -1.4605 0.31684 0.96716 393.04 3.5292 -1.4008 0.02567 23861 2579 1963.2 0 0
2.999e+05 0.63121 0.16471 0.35351 -1.5013 0.35005 0.91505 368.34 -3.6281 -1.4011 0.025666 23870 2579 1963.7 0 0
3e+05 0.53994 0.13842 0.32595 -1.0718 0.3338 0.93928 365.84 -6.4463 -1.401 0.025657 23884 2580 1964.1 0 0
3.001e+05 0.55031 0.13494 0.33492 -1.3543 0.30893 0.9078 377.3 -2.7251 -1.4014 0.025668 23893 2579 1964.6 0 0
3.002e+05 0.63388 0.19156 0.33591 -1.2937 0.31103 0.96791 388.71 -11.25 -1.4016 0.02566 23904 2580 1965 0 0
3.003e+05 0.60469 0.11434 0.35444 -1.2692 0.325 0.92926 386.78 4.2752 -1.4014 0.025662 23920 2580 1965.4 0 0
3.004e+05 0.59978 0.12188 0.34586 -1.2678 0.33565 0.92683 391.99 4.4477 -1.4015 0.025654 23932 2581 1965.9 0 0
3.005e+05 0.56295 0.10954 0.34193 -1.3212 0.33474 0.92242 369 0.83739 -1.4015 0.025619 23947 2582 1966.3 0 0
3.006e+05 0.56234 0.11552 0.36637 -1.2662 0.35907 0.91469 377.69 1.042 -1.4016 0.025621 23959 2582 1966.8 0 0
3.007e+05 0.53808 0.10308 0.34821 -1.2701 0.34649 0.84136 364.49 -5.7038 -1.4019 0.025622 23968 2582 1967.3 0 0
3.008e+05 0.63298 0.12561 0.33157 -1.2945 0.31105 0.92399 391.64 1.4666 -1.4023 0.025623 23975 2582 1967.7 0 0
3.009e+05 0.60636 0.13169 0.38242 -1.2809 0.31889 0.85329 368.24 3.8613 -1.4023 0.025614 23990 2583 1968.2 0 0
3.01e+05 0.60139 0.11747 0.34894 -1.2106 0.3322 0.75 375.86 4.4621 -1.402 0.025653 24008 2585 1968.6 0 0
3.011e+05 0.58193 0.11004 0.33349 -1.2757 0.35088 0.91223 375.82 3.8823 -1.4019 0.025664 24023 2584 1969.1 0 0
3.012e+05 0.54441 0.11801 0.35202 -1.4318 0.36934 0.88792 367.74 -3.5648 -1.4021 0.025656 24033 2585 1969.5 0 0
3.013e+05 0.55882 0.094999 0.36034 -1.3063 0.33843 0.89809 361.45 -0.70318 -1.4027 0.025673 24038 2585 1970 0 0
3.014e+05 0.5735 0.11694 0.33554 -1.3968 0.31224 0.88036 361.31 3.0843 -1.4032 0.025673 24044 2585 1970.5 0 0
3.015e+05 0.59125 0.13023 0.36506 -1.3372 0.34333 0.90876 384.97 4.2668 -1.4032 0.025694 24058 2583 1971 0 0
3.016e+05 0.55071 0.11153 0.35208 -1.4384 0.31817 0.91938 372.91 -1.7501 -1.4031 0.02563 24070 2582 1971.4 0 0
3.017e+05 0.59149 0.13252 0.36527 -1.3129 0.32159 0.92566 384.51 4.1065 -1.4033 0.025628 24081 2582 1971.9 0 0
3.018e+05 0.56305 0.065859 0.36926 -1.3211 0.33988 0.93379 385.49 0.38675 -1.4033 0.025622 24095 2579 1972.3 0 0
3.019e+05 0.6008 0.11286 0.33307 -1.3462 0.33842 0.92539 375.85 4.4441 -1.4031 0.025614 24111 2580 1972.7 0 0
3.02e+05 0.5859 0.088009 0.36064 -1.2803 0.33281 0.91539 389.14 2.8862 -1.4031 0.025605 24125 2581 1973.2 0 0
3.021e+05 0.55422 0.10288 0.36832 -1.2355 0.33325 0.92263 388.73 -1.1702 -1.403 0.025596 24140 2582 1973.6 0 0
3.022e+05 0.60874 0.099234 0.3316 -1.3099 0.33903 0.90745 373.34 3.9829 -1.403 0.025577 24154 2584 1974.1 0 0
3.023e+05 0.54426 0.10414 0.34919 -1.2747 0.32487 0.93295 379.81 -3.6026 -1.4031 0.025578 24166 2584 1974.5 0 0
3.024e+05 0.54725 0.11147 0.32358 -1.2664 0.34042 0.89339 365.02 -2.5096 -1.4031 0.025586 24179 2585 1975 0 0
3.025e+05 0.55414 0.11271 0.3485 -1.28 0.34277 0.9107 383.95 -0.60956 -1.4029 0.025598 24197 2584 1975.4 0 0
3.026e+05 0.56219 0.15072 0.34752 -1.3679 0.34924 0.94212 385.86 -1.4452 -1.4028 0.025565 24213 2586 1975.8 0 0
3.027e+05 0.52614 0.14525 0.34075 -1.3539 0.33047 0.80291 391.35 -12.325 -1.4028 0.025557 24227 2587 1976.3 0 0.74579
3.028e+05 0.53758 0.12663 0.35571 -1.189 0.33875 0.94695 371.46 -5.9269 -1.403 0.025558 24237 2587 1976.8 0 0
3.029e+05 0.61249 0.12011 0.36322 -1.4235 0.33757 0.93568 375.39 4.0771 -1.4027 0.025559 24255 2587 1977.2 0 0
3.03e+05 0.55339 0.086754 0.36795 -1.2957 0.33927 0.89076 366.62 -1.5134 -1.4024 0.025548 24273 2588 1977.6 0 0
3.031e+05 0.595 0.09478 0.34301 -1.4908 0.3538 0.95691 372.5 3.714 -1.4021 0.025565 24293 2585 1978.1 0 0
3.032e+05 0.52207 0.1122 0.36447 -1.3181 0.32947 0.94229 392.28 -12.291 -1.4017 0.025548 24312 2584 1978.5 0 3.1458
3.033e+05 0.61165 0.11748 0.34462 -1.4191 0.33263 0.89857 369.63 4.1637 -1.4016 0.025579 24327 2581 1978.9 0 0
3.034e+05 0.54043 0.10032 0.33836 -1.3658 0.3646 0.92893 380.2 -4.5198 -1.4017 0.025605 24340 2582 1979.4 0 0
3.035e+05 0.60366 0.11069 0.33629 -1.3205 0.3565 0.90173 356.47 4.5514 -1.4017 0.025606 24353 2582 1979.8 0 0
3.036e+05 0.59158 0.13875 0.34688 -1.2745 0.35742 0.92774 377.62 3.5193 -1.4016 0.025627 24368 2580 1980.3 0 0
3.037e+05 0.60224 0.12255 0.36328 -1.2374 0.33478 0.89789 355.8 4.6373 -1.4014 0.02561 24386 2582 1980.7 0 0
3.038e+05 0.56163 0.12256 0.33215 -1.6044 0.35211 0.93196 363.13 1.3584 -1.401 0.025622 24405 2581 1981.1 0 0
3.039e+05 0.58802 0.12596 0.33212 -1.2158 0.34582 0.94279 362.75 4.6269 -1.4007 0.025625 24424 2581 1981.6 0 0
3.04e+05 0.53144 0.13844 0.35578 -1.5006 0.35146 0.93396 353.04 -9.1894 -1.4005 0.025627 24442 2581 1982 0 0
3.041e+05 0.60692 0.094294 0.3409 -1.4209 0.3248 0.83486 353.05 4.1509 -1.4001 0.025629 24460 2581 1982.4 0 0
3.042e+05 0.55437 0.12347 0.35893 -1.3261 0.33605 0.9327 379.5 -0.38798 -1.4 0.025622 24476 2582 1982.9 0 0
3.043e+05 0.65825 0.12416 0.34732 -1.3525 0.32508 0.95993 358.44 -1.2376 -1.3997 0.025615 24495 2583 1983.3 0 0
3.044e+05 0.52238 0.09387 0.34412 -1.1425 0.346 0.92046 352.96 -11.054 -1.3994 0.025617 24513 2583 1983.7 0 2.9041
3.045e+05 0.54268 0.11042 0.36756 -1.4199 0.31489 0.92705 370.47 -3.6358 -1.3992 0.025646 24530 2585 1984.2 0 0
3.046e+05 0.56365 0.13179 0.34086 -1.3943 0.31446 0.91869 376.08 1.3626 -1.3988 0.025628 24550 2587 1984.6 0 0
3.047e+05 0.57086 0.10221 0.36168 -1.3361 0.31697 0.94651 374.4 2.6819 -1.3987 0.025629 24565 2587 1985 0 0
3.048e+05 0.59516 0.1198 0.35707 -1.3252 0.34099 0.90031 359.92 5.0401 -1.3983 0.02562 24584 2589 1985.5 0 0
3.049e+05 0.58278 0.11528 0.34623 -1.2414 0.34243 0.88886 350.84 4.6699 -1.3981 0.025612 24602 2590 1985.9 0 0
3.05e+05 0.56369 0.095235 0.34769 -1.4218 0.31697 0.87307 383.24 1.0088 -1.3981 0.025594 24615 2592 1986.4 0 0
3.051e+05 0.57657 0.11372 0.33563 -1.1387 0.34144 0.9131 371.27 4.0689 -1.3982 0.025615 24627 2593 1986.8 0 0
3.052e+05 0.55822 0.10918 0.36828 -1.1566 0.33729 0.90841 363.44 0.66199 -1.3982 0.025621 24642 2591 1987.3 0 0
3.053e+05 0.60927 0.098133 0.33601 -1.2377 0.31432 0.925 372.4 4.1878 -1.3978 0.025633 24662 2590 1987.7 0 0
3.054e+05 0.56579 0.11755 0.34354 -1.2318 0.3292 0.89921 353.04 2.3544 -1.3976 0.025626 24679 2591 1988.1 0 0
3.055e+05 0.61028 0.10655 0.36269 -1.3026 0.34796 0.92719 368.74 4.3842 -1.3971 0.025616 24700 2592 1988.5 0 0
3.056e+05 0.57953 0.1265 0.35046 -1.2991 0.31829 0.89947 381.83 4.2537 -1.3966 0.025619 24721 2592 1989 0 0
3.057e+05 0.65458 0.18558 0.32639 -1.4032 0.33223 0.95034 358 -12.997 -1.3961 0.025592 24742 2595 1989.4 0 0
3.058e+05 0.56267 0.13612 0.34834 -1.2375 0.32905 0.86525 365.09 0.77621 -1.3961 0.025555 24755 2599 1989.9 0 0
3.059e+05 0.6044 0.1079 0.35974 -1.349 0.31695 0.83112 374.91 4.7034 -1.3963 0.025566 24766 2598 1990.3 0 0
3.06e+05 0.56257 0.15986 0.35889 -1.4833 0.35752 0.95601 387.85 -3.1938 -1.3964 0.025548 24778 2600 1990.8 0 0
3.061e+05 0.55749 0.11913 0.34459 -1.2003 0.3272 0.92553 376.22 0.76443 -1.3961 0.025646 24797 2598 1991.2 0 0
3.062e+05 0.57179 0.093944 0.36058 -1.4778 0.34792 0.9245 377.24 2.1651 -1.3958 0.02565 24815 2598 1991.6 0 0
3.063e+05 0.55871 0.15891 0.33026 -1.2302 0.31534 0.88768 389.54 -3.8909 -1.3954 0.025586 24835 2597 1992.1 0 0
3.064e+05 0.61049 0.13128 0.36928 -1.345 0.33851 0.9015 380.09 3.9715 -1.3953 0.025598 24850 2596 1992.5 0 0
3.065e+05 0.59768 0.14305 0.33383 -1.2634 0.3114 0.87509 389.17 3.2462 -1.3953 0.025561 24865 2600 1993 0 0
3.066e+05 0.6344 0.15865 0.36454 -1.3629 0.30862 0.82158 380.31 -2.7295 -1.3955 0.025562 24874 2600 1993.4 0 0
3.067e+05 0.60945 0.12233 0.34197 -1.2245 0.34755 0.89661 367.65 4.6118 -1.3954 0.025554 24890 2601 1993.8 0 0
3.068e+05 0.54484 0.12826 0.38317 -1.1585 0.31732 0.94725 370.45 -3.2822 -1.3951 0.025521 24908 2600 1994.3 0 0
3.069e+05 0.55132 0.10821 0.36898 -1.357 0.33255 0.90733 375.43 -0.85517 -1.3948 0.025513 24926 2601 1994.7 0 0
3.07e+05 0.57131 0.11173 0.34668 -1.3937 0.3568 0.85986 371.05 3.5034 -1.395 0.025514 24937 2601 1995.2 0 0
3.071e+05 0.55347 0.11529 0.3672 -1.341 0.31533 0.80934 374.1 -0.097271 -1.395 0.025516 24950 2601 1995.6 0 0
3.072e+05 0.58703 0.15715 0.3671 -1.3042 0.34781 0.87754 359.35 0.69566 -1.3947 0.025515 24969 2600 1996.1 0 0
3.073e+05 0.52232 0.09784 0.35382 -1.3559 0.3201 0.93732 378.57 -11.182 -1.3945 0.025598 24985 2600 1996.5 0 2.9464
3.074e+05 0.60136 0.098169 0.36872 -1.3838 0.32153 0.90892 378.98 4.3447 -1.3941 0.025529 25005 2599 1997 0 0
3.075e+05 0.56985 0.088602 0.36703 -1.3004 0.33696 0.94368 355.06 1.5385 -1.3937 0.02553 25025 2599 1997.4 0 0
3.076e+05 0.59314 0.13506 0.35759 -1.206 0.31108 0.827 377.02 4.3467 -1.3936 0.025532 25041 2599 1997.8 0 0
3.077e+05 0.58334 0.11381 0.36663 -1.4521 0.32454 0.90851 370.26 5.0444 -1.3936 0.025534 25054 2599 1998.3 0 0
3.078e+05 0.5884 0.089642 0.34658 -1.2366 0.3224 0.90302 350.68 3.5371 -1.3934 0.025496 25071 2603 1998.7 0 0
3.079e+05 0.55909 0.10254 0.35182 -1.3487 0.34582 0.93733 357 0.93428 -1.3929 0.025439 25092 2609 1999.1 0 0
3.08e+05 0.58984 0.086526 0.34627 -1.3675 0.31393 0.871 352.09 3.6022 -1.3922 0.025392 25115 2614 1999.6 0 0
3.081e+05 0.58782 0.081119 0.35868 -1.2298 0.35029 0.91582 351.05 3.5216 -1.3916 0.025295 25136 2624 2000 0 0
3.082e+05 0.51893 0.09764 0.34483 -1.3872 0.3502 0.90023 369.7 -13.329 -1.3913 0.025307 25152 2623 2000.4 0 6.1242
3.083e+05 0.55284 0.13594 0.32547 -1.3867 0.32589 0.84032 345.76 -1.4999 -1.3916 0.025269 25163 2627 2000.9 0 0
3.084e+05 0.56809 0.098061 0.35858 -1.3613 0.32442 0.9273 380.1 2.4898 -1.3913 0.025271 25180 2627 2001.3 0 0
3.085e+05 0.54818 0.099179 0.35007 -1.4763 0.34709 0.91504 379.5 -1.6665 -1.3918 0.025185 25187 2636 2001.8 0 0
3.086e+05 0.59196 0.095434 0.33771 -1.3456 0.32461 0.94868 394.13 4.2558 -1.392 0.02511 25197 2644 2002.3 0 0
3.087e+05 0.54982 0.11916 0.3647 -1.4152 0.32879 0.97659 369.17 -0.92606 -1.3919 0.025078 25213 2649 2002.7 0 0
3.088e+05 0.56041 0.084886 0.36007 -1.237 0.36925 0.85268 388.44 0.30396 -1.3913 0.025068 25235 2653 2003.2 0 0
3.089e+05 0.60616 0.11102 0.35812 -1.2981 0.35089 0.89914 389.59 4.9646 -1.391 0.025088 25253 2652 2003.6 0 0
3.09e+05 0.62673 0.093421 0.37172 -1.3378 0.30761 0.94318 378.09 5.1308 -1.3907 0.025089 25271 2652 2004 0 0
3.091e+05 0.58186 0.10081 0.33223 -1.2975 0.3409 0.88243 355.26 4.433 -1.3905 0.025091 25288 2652 2004.5 0 0
3.092e+05 0.57964 0.10056 0.33017 -1.3155 0.35027 0.92329 379.46 4.2301 -1.3905 0.025093 25301 2653 2004.9 0 0
3.093e+05 0.56131 0.085377 0.34415 -1.2635 0.35051 0.93545 393.64 0.57733 -1.3903 0.025085 25319 2654 2005.4 0 0
3.094e+05 0.58543 0.1079 0.36334 -1.3216 0.34776 0.9513 374.84 5.2419 -1.3901 0.025077 25335 2655 2005.8 0 0
3.095e+05 0.61806 0.095322 0.36035 -1.3367 0.3154 0.85398 345.22 4.5503 -1.3897 0.025079 25355 2655 2006.3 0 0
3.096e+05 0.62174 0.17462 0.35699 -1.2745 0.34412 0.92297 371.56 -4.6809 -1.3894 0.025072 25372 2656 2006.7 0 0
3.097e+05 0.55001 0.10588 0.33455 -1.1475 0.36904 0.93068 356.18 -0.6086 -1.3887 0.025064 25396 2659 2007.1 0 0
3.098e+05 0.58897 0.14887 0.35453 -1.1589 0.3566 0.91846 355.45 2.3727 -1.3882 0.025038 25416 2662 2007.6 0 0
3.099e+05 0.54652 0.10662 0.34693 -1.3342 0.32514 0.92531 382 -1.5283 -1.3881 0.025021 25431 2664 2008 0 0
3.1e+05 0.58361 0.10781 0.36528 -1.2766 0.34023 0.83993 371.12 5.2301 -1.3876 0.025023 25454 2664 2008.5 0 0
3.101e+05 0.5584 0.12204 0.33524 -1.347 0.35801 0.92291 376.62 1.378 -1.3869 0.025025 25477 2664 2008.9 0 0
3.102e+05 0.59827 0.13066 0.35921 -1.2859 0.31141 0.91842 367.87 4.8882 -1.3862 0.025045 25501 2667 2009.3 0 0
3.103e+05 0.67649 0.18136 0.39087 -1.3091 0.32315 0.887 336.18 -15.121 -1.3858 0.025048 25521 2667 2009.8 0 0
3.104e+05 0.57169 0.11126 0.33311 -1.2168 0.33644 0.94392 381.22 4.0751 -1.3856 0.025051 25538 2667 2010.2 0 0
3.105e+05 0.61178 0.12303 0.35419 -1.3988 0.30477 0.89189 368.72 4.6779 -1.3851 0.025054 25559 2667 2010.6 0 0
3.106e+05 0.58208 0.08476 0.34727 -1.1939 0.33115 0.95388 349.91 3.1145 -1.3842 0.025038 25583 2669 2011.1 0 0
3.107e+05 0.62194 0.11969 0.37376 -1.2515 0.30598 0.95707 372.79 3.6158 -1.3836 0.02503 25606 2670 2011.5 0 0
3.108e+05 0.56861 0.077833 0.35188 -1.2233 0.33005 0.90001 376.11 1.2841 -1.383 0.025097 25629 2672 2011.9 0 0
3.109e+05 0.55261 0.1099 0.32844 -1.2909 0.32898 0.95135 380.31 0.20573 -1.3822 0.0251 25655 2672 2012.3 0 0
3.11e+05 0.55907 0.10838 0.32783 -1.344 0.3263 0.91541 361.12 1.6508 -1.3815 0.025103 25679 2672 2012.7 0 0
3.111e+05 0.66319 0.1213 0.37336 -1.3163 0.34113 0.94326 365.59 -1.2194 -1.3807 0.025106 25705 2672 2013.1 0 0
3.112e+05 0.59302 0.12726 0.33447 -1.2349 0.346 0.88339 377.87 5.3114 -1.3799 0.025119 25730 2671 2013.6 0 0
3.113e+05 0.60795 0.14886 0.34108 -1.4151 0.3291 0.89703 377.87 2.2796 -1.3798 0.025114 25745 2669 2014 0 0
3.114e+05 0.57497 0.11783 0.35774 -1.3143 0.30697 0.93499 376.77 4.6686 -1.3791 0.025128 25770 2668 2014.4 0 0
3.115e+05 0.58905 0.10411 0.31678 -1.3656 0.33476 0.896 360.71 5.2763 -1.3786 0.025131 25791 2668 2014.9 0 0
3.116e+05 0.56953 0.11591 0.3462 -1.2758 0.32418 0.88203 366.44 3.8344 -1.3781 0.025115 25811 2670 2015.3 0 0
3.117e+05 0.55025 0.09279 0.33542 -1.3217 0.33687 0.88382 379.73 -1.1196 -1.3775 0.025116 25834 2668 2015.7 0 0
3.118e+05 0.61735 0.11362 0.32937 -1.3475 0.33193 0.86101 376.41 4.4038 -1.3768 0.025108 25858 2669 2016.2 0 0
3.119e+05 0.6671 0.11961 0.34561 -1.3882 0.32433 0.95657 376.32 -1.2551 -1.376 0.02512 25883 2668 2016.6 0 0
3.12e+05 0.5832 0.10396 0.34822 -1.395 0.31695 0.9251 364.88 5.1598 -1.375 0.025124 25911 2668 2017 0 0
3.121e+05 0.58908 0.12509 0.34432 -1.2089 0.31768 0.93651 395.37 5.5047 -1.374 0.025118 25940 2669 2017.4 0 0
3.122e+05 0.56973 0.10598 0.34327 -1.2377 0.34258 0.92989 380.76 3.8145 -1.3729 0.02513 25969 2668 2017.8 0 0
3.123e+05 0.57528 0.12879 0.36372 -1.4537 0.35106 0.91534 389.88 4.1826 -1.3725 0.025133 25988 2668 2018.3 0 0
3.124e+05 0.54592 0.10337 0.34201 -1.2644 0.34858 0.95407 395.65 -1.6376 -1.3721 0.02516 26008 2668 2018.7 0 0
3.125e+05 0.56567 0.12181 0.39161 -1.3219 0.33545 0.91858 370.41 3.0743 -1.372 0.025172 26023 2671 2019.1 0 0
3.126e+05 0.56868 0.13068 0.36154 -1.28 0.35013 0.94453 386.98 2.9917 -1.3715 0.025166 26043 2670 2019.6 0 0
3.127e+05 0.58215 0.10284 0.34488 -1.2435 0.35624 0.9341 378.86 5.0762 -1.3713 0.025178 26060 2669 2020 0 0
3.128e+05 0.58116 0.11234 0.37748 -1.3268 0.34254 0.90328 357.84 5.5538 -1.3703 0.025166 26089 2668 2020.5 0 0
3.129e+05 0.5498 0.10747 0.34108 -1.5614 0.32974 0.94173 354.35 -0.28249 -1.37 0.025152 26105 2671 2020.9 0 0
3.13e+05 0.57759 0.11296 0.34322 -1.3272 0.35999 0.92029 381.89 5.2797 -1.3692 0.025124 26131 2673 2021.3 0 0
3.131e+05 0.57733 0.10998 0.34742 -1.2234 0.33523 0.93713 370.68 5.2341 -1.3683 0.025127 26157 2673 2021.7 0 0
3.132e+05 0.55568 0.10054 0.3756 -1.4923 0.33416 0.9494 383.19 0.79404 -1.3673 0.025117 26186 2671 2022.1 0 0
3.133e+05 0.60843 0.12779 0.35311 -1.3199 0.33596 0.90324 364.94 4.9531 -1.3665 0.025101 26212 2673 2022.6 0 0
3.134e+05 0.60373 0.1276 0.34611 -1.3229 0.35817 0.92982 348.61 5.2708 -1.3658 0.025091 26236 2675 2023 0 0
3.135e+05 0.55788 0.11042 0.34726 -1.2639 0.37672 0.95236 365.09 1.8302 -1.3647 0.025083 26265 2674 2023.4 0 0
3.136e+05 0.58423 0.12961 0.34855 -1.3121 0.35867 0.91942 377.86 5.0915 -1.3639 0.025096 26290 2673 2023.8 0 0
3.137e+05 0.56109 0.09946 0.36988 -1.5911 0.35158 0.89332 367.19 2.0006 -1.3629 0.025035 26318 2670 2024.3 0 0
3.138e+05 0.62015 0.12286 0.33427 -1.3773 0.34127 0.93623 352.79 4.0224 -1.3617 0.025026 26349 2673 2024.7 0 0
3.139e+05 0.5783 0.10183 0.36845 -1.4019 0.38629 0.94879 371.86 4.8694 -1.3607 0.025021 26377 2674 2025.1 0 0
3.14e+05 0.56671 0.11882 0.36046 -1.2836 0.36914 0.89796 368.32 3.6436 -1.3598 0.025012 26404 2677 2025.5 0 0
3.141e+05 0.55987 0.095607 0.33333 -1.2506 0.36994 0.92486 376.92 1.4874 -1.3586 0.025082 26434 2677 2025.9 0 0
3.142e+05 0.57008 0.099505 0.34886 -1.3866 0.34935 0.90793 371.44 3.7225 -1.3574 0.025084 26465 2677 2026.3 0 0
3.143e+05 0.61967 0.12041 0.3446 -1.2936 0.36133 0.91118 355.75 4.2778 -1.3561 0.025062 26497 2680 2026.7 0 0
3.144e+05 0.58332 0.093204 0.36317 -1.2908 0.3175 0.89263 372.66 4.227 -1.3547 0.025177 26530 2680 2027.1 0 0
3.145e+05 0.60067 0.097236 0.35613 -1.246 0.34179 0.96356 346.49 5.1411 -1.3534 0.025198 26563 2678 2027.5 0 0
3.146e+05 0.56762 0.10135 0.34368 -1.2689 0.36204 0.90104 364.75 3.5083 -1.3522 0.02519 26595 2679 2028 0 0
3.147e+05 0.56987 0.10297 0.34521 -1.0604 0.3251 0.88031 361.66 4.0518 -1.3509 0.025184 26626 2680 2028.4 0 0
3.148e+05 0.62351 0.10264 0.34775 -1.2184 0.33077 0.89564 338.61 4.2928 -1.3499 0.025243 26655 2680 2028.8 0 0
3.149e+05 0.62402 0.11965 0.35382 -1.3914 0.34258 0.94111 371.27 3.786 -1.3487 0.025228 26685 2682 2029.2 0 0
3.15e+05 0.56138 0.11181 0.35142 -1.0983 0.32906 0.90768 364.64 2.7719 -1.348 0.02523 26709 2682 2029.6 0 0
3.151e+05 0.59336 0.085704 0.33083 -1.2953 0.35636 0.93527 362.6 4.355 -1.3477 0.025222 26727 2683 2030 0 0
3.152e+05 0.59152 0.1132 0.34599 -1.3784 0.34916 0.93313 352.6 6.1921 -1.3469 0.02518 26753 2682 2030.4 0 0
3.153e+05 0.58128 0.090927 0.34943 -1.3946 0.32577 0.92778 361.25 4.0108 -1.346 0.025139 26774 2684 2030.9 0 0
3.154e+05 0.58327 0.1126 0.333 -1.2693 0.34409 0.91261 375.72 6.0177 -1.3445 0.025161 26808 2682 2031.3 0 0
3.155e+05 0.6225 0.097088 0.37176 -1.3236 0.31194 0.9111 349.98 4.7858 -1.344 0.025139 26829 2685 2031.7 0 0
3.156e+05 0.56486 0.10311 0.34238 -1.3814 0.35741 0.88096 366.15 3.2339 -1.3431 0.025165 26855 2686 2032.1 0 0
3.157e+05 0.57426 0.075063 0.38232 -1.3402 0.35232 0.95998 348.83 2.0702 -1.3419 0.025268 26885 2683 2032.5 0 0
3.158e+05 0.614 0.08696 0.37168 -1.3323 0.31323 0.95975 369.32 5.4923 -1.3407 0.025317 26912 2685 2032.9 0 0
3.159e+05 0.57367 0.07134 0.34934 -1.4538 0.3288 0.82665 329.03 2.0865 -1.3398 0.025334 26939 2680 2033.3 0 0
3.16e+05 0.55257 0.082668 0.33724 -1.3625 0.34669 0.89978 354.09 -0.93991 -1.339 0.025335 26964 2680 2033.7 0 0
3.161e+05 0.533 0.13604 0.35127 -1.3142 0.35795 0.95203 385.58 -7.9997 -1.3383 0.025346 26988 2679 2034.1 0 0
3.162e+05 0.55017 0.11085 0.34328 -1.4265 0.33056 0.88707 365.98 0.10552 -1.3377 0.025271 27011 2682 2034.6 0 0
3.163e+05 0.55675 0.066618 0.33469 -1.5401 0.34105 0.93611 362.83 -0.66681 -1.3366 0.025294 27040 2680 2035 0 0
3.164e+05 0.56039 0.091555 0.35279 -1.2272 0.34823 0.93137 340.65 1.5557 -1.3353 0.025027 27070 2678 2035.4 0 0
3.165e+05 0.56923 0.12337 0.38005 -1.3911 0.34399 0.83945 363.62 3.9173 -1.334 0.025048 27102 2679 2035.8 0 0
3.166e+05 0.553 0.092712 0.33877 -1.3086 0.35897 0.93034 353.39 -0.039387 -1.3332 0.025034 27127 2681 2036.2 0 0
3.167e+05 0.54153 0.099703 0.33777 -1.2355 0.36616 0.91387 358.3 -2.8173 -1.3326 0.025122 27149 2681 2036.7 0 0
3.168e+05 0.56568 0.11029 0.34609 -1.3998 0.31876 0.93177 388.78 3.8225 -1.3317 0.025041 27176 2681 2037.1 0 0
3.169e+05 0.54824 0.1346 0.32663 -1.3096 0.34366 0.91511 351.13 -2.3965 -1.3311 0.025012 27198 2678 2037.5 0 0
3.17e+05 0.56127 0.091959 0.34964 -1.3233 0.34294 0.92945 376.61 1.8734 -1.3303 0.025033 27221 2676 2037.9 0 0
3.171e+05 0.6016 0.10239 0.38246 -1.3901 0.32588 0.8758 366.74 5.8457 -1.3297 0.025016 27243 2678 2038.4 0 0
3.172e+05 0.59152 0.099349 0.35488 -1.1551 0.31491 0.94524 359.15 5.7693 -1.3287 0.025083 27271 2681 2038.8 0 0
3.173e+05 0.58628 0.070962 0.34241 -1.259 0.33915 0.88055 359.15 4.2439 -1.3279 0.025153 27296 2683 2039.2 0 0
3.174e+05 0.62252 0.10519 0.35647 -1.414 0.35375 0.93821 364.53 4.4503 -1.3272 0.025168 27320 2681 2039.6 0 0
3.175e+05 0.62907 0.12603 0.37228 -1.3965 0.32757 0.91062 395.13 2.7315 -1.3259 0.025152 27352 2683 2040 0 0
3.176e+05 0.61765 0.10664 0.42334 -1.4428 0.33033 0.92716 342.64 4.941 -1.3248 0.025155 27383 2683 2040.4 0 0
3.177e+05 0.58181 0.093194 0.33123 -1.2698 0.36937 0.90886 377.16 4.724 -1.3236 0.024958 27411 2680 2040.8 0 0
3.178e+05 0.59992 0.072404 0.36486 -1.2805 0.33827 0.92471 362.68 5.8981 -1.3224 0.024942 27441 2680 2041.3 0 0
3.179e+05 0.62121 0.085148 0.36802 -1.2924 0.31452 0.94374 383.39 6.2167 -1.321 0.024979 27473 2681 2041.7 0 0
3.18e+05 0.58412 0.058262 0.34775 -1.2497 0.3307 0.88843 376.69 4.588 -1.32 0.024938 27502 2681 2042.1 0 0
3.181e+05 0.5561 0.086186 0.34277 -1.478 0.33493 0.93226 388.81 0.37702 -1.3193 0.02496 27524 2684 2042.5 0 0
3.182e+05 0.60506 0.1224 0.33715 -1.3815 0.32001 0.8916 381.8 5.821 -1.3178 0.025111 27558 2687 2042.9 0 0
3.183e+05 0.60147 0.10254 0.35345 -1.2316 0.3779 0.94063 371.16 6.0402 -1.3164 0.025055 27591 2685 2043.3 0 0
3.184e+05 0.61916 0.089284 0.33973 -1.2976 0.33572 0.93628 389.02 5.703 -1.3146 0.025112 27630 2688 2043.7 0 0
3.185e+05 0.5703 0.099798 0.33404 -1.1804 0.35745 0.94031 387.46 4.3099 -1.313 0.025196 27664 2689 2044.1 0 0
3.186e+05 0.61714 0.11995 0.33933 -1.1961 0.31973 0.91771 396.69 4.9001 -1.3118 0.025173 27695 2690 2044.5 0 0
3.187e+05 0.60195 0.12222 0.33758 -1.2197 0.35594 0.89525 392.83 6.0119 -1.3106 0.025142 27725 2688 2044.9 0 0
3.188e+05 0.62208 0.15317 0.35909 -1.3468 0.33023 0.93126 347.85 -0.093405 -1.3094 0.025111 27756 2688 2045.3 0 0
3.189e+05 0.55501 0.10007 0.33709 -1.3455 0.34441 0.91453 373.29 1.1811 -1.3083 0.025124 27783 2687 2045.7 0 0
3.19e+05 0.59881 0.12793 0.37277 -1.4796 0.30517 0.86835 356.9 5.6958 -1.3076 0.025137 27807 2686 2046.2 0 0
3.191e+05 0.53202 0.14106 0.35644 -1.465 0.32987 0.88077 381.13 -9.0783 -1.3065 0.02515 27835 2685 2046.6 0 0
3.192e+05 0.56504 0.10453 0.3457 -1.3753 0.35713 0.94277 363.61 3.7398 -1.306 0.025161 27856 2684 2047 0 0
3.193e+05 0.55951 0.12254 0.33859 -1.2799 0.34326 0.84295 368.14 2.3195 -1.3053 0.025136 27878 2687 2047.4 0 0
3.194e+05 0.5836 0.14058 0.34184 -1.2086 0.3706 0.94954 380.12 3.582 -1.3056 0.025147 27888 2686 2047.9 0 0
3.195e+05 0.57348 0.12202 0.36188 -1.2206 0.33498 0.95176 361.52 4.9255 -1.3053 0.02514 27905 2687 2048.3 0 0
3.196e+05 0.56589 0.12814 0.34123 -1.3539 0.36335 0.93405 363.34 3.095 -1.3049 0.02515 27924 2687 2048.7 0 0
3.197e+05 0.58196 0.12083 0.35538 -1.4036 0.33367 0.91842 347.11 6.0084 -1.3041 0.025152 27949 2689 2049.1 0 0
3.198e+05 0.57291 0.13803 0.35203 -1.2677 0.3269 0.92274 366.61 2.9082 -1.3032 0.025158 27975 2687 2049.6 0 0
3.199e+05 0.56926 0.12359 0.36431 -1.4526 0.32716 0.94607 370.09 4.2034 -1.3026 0.025143 27998 2689 2050 0 0
3.2e+05 0.55126 0.11909 0.35658 -1.4694 0.36694 0.8909 357.95 0.4952 -1.3014 0.025155 28027 2688 2050.4 0 0
3.201e+05 0.56856 0.12156 0.35358 -1.2812 0.31463 0.93181 366.78 4.2904 -1.3003 0.025167 28054 2687 2050.8 0 0
3.202e+05 0.64174 0.13156 0.36225 -1.4539 0.31387 0.9519 346.88 0.13057 -1.2988 0.025183 28088 2686 2051.2 0 0
3.203e+05 0.58493 0.10567 0.34225 -1.2199 0.36274 0.94473 360.12 6.4732 -1.2974 0.025146 28120 2684 2051.6 0 0
3.204e+05 0.59458 0.088953 0.35057 -1.3864 0.31962 0.87711 372.96 5.1913 -1.2962 0.02513 28150 2683 2052 0 0
3.205e+05 0.59297 0.10662 0.34413 -1.4416 0.34081 0.96568 359.3 6.624 -1.2951 0.025125 28179 2683 2052.4 0 0
3.206e+05 0.59262 0.10421 0.3458 -1.247 0.34847 0.93009 367.91 6.5473 -1.2939 0.02512 28208 2684 2052.8 0 0
3.207e+05 0.62283 0.096658 0.35195 -1.1181 0.35256 0.8884 391.59 5.1004 -1.2921 0.024958 28245 2681 2053.3 0 0
3.208e+05 0.62163 0.11608 0.36192 -1.3191 0.35575 0.88494 398.89 4.6156 -1.2911 0.024961 28273 2681 2053.7 0 0
3.209e+05 0.61961 0.11054 0.36388 -1.0586 0.32047 0.90213 391.55 4.9606 -1.2896 0.025032 28306 2681 2054.1 0 0
3.21e+05 0.63281 0.1305 0.34149 -1.372 0.30455 0.88347 368.77 1.9011 -1.2887 0.025016 28332 2683 2054.5 0 0
3.211e+05 0.60711 0.10385 0.36173 -1.1981 0.31581 0.94472 394.28 6.0744 -1.2876 0.02508 28360 2687 2054.9 0 0
3.212e+05 0.55944 0.12499 0.35113 -1.4006 0.35362 0.94407 378.39 2.2792 -1.2864 0.025006 28391 2685 2055.3 0 0
3.213e+05 0.57737 0.10699 0.34446 -1.2899 0.34863 0.74717 359.21 6.0824 -1.2854 0.025037 28417 2682 2055.7 0 0
3.214e+05 0.59071 0.10647 0.34495 -1.4257 0.36661 0.90836 371.79 6.8082 -1.2837 0.024953 28452 2680 2056.1 0 0
3.215e+05 0.58167 0.11044 0.33427 -1.2022 0.33298 0.96098 396.79 6.5773 -1.2825 0.024947 28482 2681 2056.5 0 0
3.216e+05 0.57032 0.1026 0.32432 -1.3147 0.31568 0.90651 374.78 4.9741 -1.2808 0.024955 28519 2684 2056.9 0 0
3.217e+05 0.59642 0.096008 0.35054 -1.4277 0.32452 0.89369 372.45 6.0176 -1.2797 0.02495 28548 2685 2057.3 0 0
3.218e+05 0.543 0.089652 0.34464 -1.3543 0.31987 0.91448 381.34 -2.5599 -1.2785 0.024954 28578 2685 2057.7 0 0
3.219e+05 0.55833 0.11489 0.34954 -1.2679 0.33047 0.93071 380.25 2.7608 -1.2775 0.024925 28605 2685 2058.2 0 0
3.22e+05 0.57011 0.10921 0.33279 -1.2139 0.33487 0.90061 381.09 5.2291 -1.2757 0.024932 28640 2685 2058.5 0 0
3.221e+05 0.57454 0.12255 0.34663 -1.5537 0.30119 0.94207 382.34 5.3147 -1.2743 0.024935 28672 2685 2058.9 0 0
3.222e+05 0.5877 0.1463 0.35637 -1.2139 0.31262 0.90365 339.17 2.9209 -1.2735 0.024948 28697 2684 2059.4 0 0
3.223e+05 0.5804 0.11089 0.35653 -1.4925 0.30778 0.9412 388.08 6.555 -1.2729 0.024951 28718 2684 2059.8 0 0
3.224e+05 0.55072 0.090048 0.34791 -1.3615 0.34684 0.95293 359.24 -0.31536 -1.2721 0.024953 28742 2684 2060.2 0 0
3.225e+05 0.58228 0.1191 0.34797 -1.2379 0.34127 0.90205 360.44 6.4249 -1.2711 0.025044 28767 2685 2060.6 0 0
3.226e+05 0.58715 0.1175 0.33055 -1.3697 0.30111 0.92282 379.03 6.7456 -1.2708 0.025055 28786 2684 2061 0 0
3.227e+05 0.63508 0.13883 0.35535 -1.2396 0.32222 0.93131 378.89 0.43327 -1.2701 0.025128 28808 2683 2061.4 0 0
3.228e+05 0.52405 0.14778 0.34359 -1.3154 0.32932 0.94628 364.21 -13.811 -1.2701 0.02513 28822 2683 2061.9 0 1.7721
3.229e+05 0.5516 0.11868 0.35225 -1.4257 0.33587 0.87444 361.02 0.93746 -1.2697 0.025203 28840 2685 2062.3 0 0
3.23e+05 0.57698 0.10977 0.33854 -1.1675 0.36252 0.91325 361.35 6.2923 -1.2693 0.025207 28859 2685 2062.7 0 0
3.231e+05 0.58413 0.11552 0.34567 -1.3795 0.33219 0.87956 372.33 6.7165 -1.2686 0.02523 28881 2683 2063.1 0 0
3.232e+05 0.52586 0.14504 0.33493 -1.3997 0.3091 0.95867 364.11 -12.296 -1.2683 0.025232 28898 2683 2063.6 0 0.85849
3.233e+05 0.53176 0.1056 0.34681 -1.3276 0.331 0.92587 372.83 -5.98 -1.2683 0.025209 28912 2682 2064 0 0
3.234e+05 0.65142 0.14008 0.32749 -1.4009 0.32657 0.87332 407.69 -2.5609 -1.2682 0.025211 28928 2682 2064.4 0 0
3.235e+05 0.53897 0.12163 0.33769 -1.2695 0.35565 0.93474 369.64 -3.6041 -1.2673 0.025151 28953 2683 2064.8 0 0
3.236e+05 0.53956 0.11506 0.34237 -1.3277 0.3284 0.90936 379.38 -2.992 -1.267 0.025084 28971 2680 2065.3 0 0
3.237e+05 0.57571 0.10235 0.39217 -1.3118 0.31873 0.94733 350.98 5.893 -1.2668 0.025086 28987 2680 2065.7 0 0
3.238e+05 0.58396 0.10498 0.35834 -1.2206 0.35708 0.95377 353.21 6.7864 -1.2662 0.025079 29007 2681 2066.1 0 0
3.239e+05 0.54946 0.12454 0.36643 -1.3074 0.34011 0.96553 381.32 -0.010762 -1.2655 0.025064 29029 2683 2066.5 0 0
3.24e+05 0.62602 0.14057 0.32454 -1.178 0.32231 0.92807 376.71 1.5814 -1.265 0.025023 29050 2683 2067 0 0
3.241e+05 0.59324 0.1729 0.35612 -1.3113 0.35823 0.91519 344.24 -2.9945 -1.2655 0.025033 29056 2682 2067.4 0 0
3.242e+05 0.65365 0.15981 0.35616 -1.2072 0.34821 0.95312 360.2 -6.5618 -1.2653 0.025035 29070 2682 2067.9 0 0
3.243e+05 0.64976 0.14321 0.37639 -1.1881 0.34179 0.8847 361.31 -2.7034 -1.2654 0.025037 29084 2682 2068.3 0 0
3.244e+05 0.65426 0.16825 0.36934 -1.3748 0.31932 0.92472 364.24 -8.3914 -1.2651 0.02502 29101 2684 2068.7 0 0
3.245e+05 0.64034 0.18337 0.37392 -1.1906 0.33151 0.93855 372.37 -10.094 -1.2654 0.025042 29112 2685 2069.2 0 0
3.246e+05 0.58466 0.13974 0.34609 -1.2832 0.31351 0.92224 382.6 4.0732 -1.2647 0.025046 29134 2683 2069.6 0 0
3.247e+05 0.58584 0.19388 0.34509 -1.2394 0.32544 0.92354 370.9 -9.7969 -1.2645 0.025028 29152 2682 2070 0 0
3.248e+05 0.59129 0.17365 0.3357 -1.476 0.31475 0.91705 370.7 -3.2769 -1.265 0.025019 29157 2683 2070.5 0 0
3.249e+05 0.63062 0.1221 0.35304 -1.1971 0.3468 0.91139 390.71 3.1283 -1.2654 0.025002 29165 2685 2070.9 0 0
3.25e+05 0.63367 0.15873 0.37511 -1.5554 0.35031 0.93489 373.17 -2.4871 -1.2658 0.024965 29173 2689 2071.4 0 0
3.251e+05 0.6193 0.15909 0.36215 -1.3626 0.33953 0.94074 360 -0.82315 -1.2661 0.024985 29182 2687 2071.8 0 0
3.252e+05 0.62423 0.14592 0.34578 -1.3876 0.33145 0.91132 346.48 1.175 -1.2664 0.025013 29192 2687 2072.3 0 0
3.253e+05 0.65175 0.1562 0.34901 -1.2741 0.33409 0.9574 368.27 -5.2734 -1.2659 0.025057 29212 2687 2072.7 0 0
3.254e+05 0.61201 0.13015 0.36481 -1.3463 0.3443 0.9508 366.59 4.9065 -1.2655 0.025049 29230 2688 2073.1 0 0
3.255e+05 0.61201 0.11236 0.36834 -1.2968 0.33524 0.86879 379.26 6.0823 -1.2652 0.025085 29247 2688 2073.5 0 0
3.256e+05 0.62558 0.13205 0.35504 -1.3349 0.33731 0.95371 377.78 2.9921 -1.265 0.025087 29264 2688 2074 0 0
3.257e+05 0.65035 0.12566 0.3485 -1.3224 0.31157 0.92233 376.86 -0.34736 -1.2643 0.025081 29286 2689 2074.4 0 0
3.258e+05 0.6486 0.15181 0.34258 -1.1908 0.3338 0.95742 361.03 -3.7027 -1.2649 0.025081 29291 2689 2074.8 0 0
3.259e+05 0.63993 0.13573 0.35865 -1.3225 0.33566 0.93813 369.71 0.39432 -1.2644 0.025021 29312 2693 2075.3 0 0
3.26e+05 0.59586 0.11982 0.35307 -1.3994 0.31495 0.90223 375.19 6.8702 -1.2638 0.025023 29334 2693 2075.7 0 0
3.261e+05 0.54497 0.13173 0.36277 -1.3143 0.3369 0.92569 392.13 -2.496 -1.2632 0.025026 29355 2693 2076.1 0 0
3.262e+05 0.60953 0.13197 0.37268 -1.2941 0.32594 0.96052 377.4 4.981 -1.2627 0.025028 29376 2693 2076.5 0 0
3.263e+05 0.59022 0.13422 0.32284 -1.0738 0.36177 0.94296 367.01 5.3919 -1.2621 0.025032 29399 2693 2076.9 0 0
3.264e+05 0.62957 0.11583 0.34722 -1.4527 0.34766 0.88747 347.76 3.7849 -1.2616 0.025067 29419 2693 2077.3 0 0
3.265e+05 0.59637 0.16846 0.36934 -1.3084 0.32292 0.90263 389.55 -1.5764 -1.2612 0.025021 29438 2691 2077.8 0 0
3.266e+05 0.60321 0.18303 0.32837 -1.213 0.30085 0.93141 388.87 -5.9841 -1.2615 0.025008 29446 2693 2078.2 0 0
3.267e+05 0.56809 0.15042 0.36918 -1.3932 0.32097 0.96828 370.86 0.18292 -1.2612 0.025006 29465 2693 2078.6 0 0
3.268e+05 0.61136 0.10294 0.35125 -1.3226 0.31156 0.933 395.5 5.9382 -1.2609 0.025014 29482 2695 2079 0 0
3.269e+05 0.62876 0.10454 0.3552 -1.1489 0.30285 0.94134 382.74 4.3661 -1.2607 0.025024 29499 2694 2079.5 0 0
3.27e+05 0.64839 0.12204 0.35221 -1.2121 0.35215 0.9682 377.41 0.44487 -1.2594 0.025121 29530 2695 2079.9 0 0
3.271e+05 0.63704 0.12762 0.33998 -1.1534 0.33888 0.9249 376.48 1.8522 -1.2588 0.025077 29553 2700 2080.3 0 0
3.272e+05 0.61133 0.13706 0.34417 -1.2164 0.35554 0.94164 373.5 4.2949 -1.2586 0.025079 29569 2700 2080.7 0 0
3.273e+05 0.65455 0.12403 0.34912 -1.3638 0.30304 0.93456 364.63 -0.50972 -1.2584 0.025106 29585 2705 2081.1 0 0
3.274e+05 0.55758 0.1218 0.34431 -1.3205 0.32128 0.88693 358.62 2.4978 -1.2575 0.025091 29610 2707 2081.5 0 0
3.275e+05 0.60392 0.14795 0.34226 -1.1317 0.33332 0.89836 373.03 3.0621 -1.2563 0.025077 29638 2709 2081.9 0 0
3.276e+05 0.56175 0.13892 0.34012 -1.2797 0.35288 0.87835 360.57 1.0694 -1.2553 0.025054 29665 2712 2082.4 0 0
3.277e+05 0.53673 0.10418 0.35843 -1.2978 0.34447 0.93083 347.35 -3.9165 -1.254 0.02505 29697 2713 2082.8 0 0
3.278e+05 0.60563 0.1003 0.3589 -1.4879 0.32985 0.94455 376.61 6.1474 -1.2533 0.025052 29717 2713 2083.2 0 0
3.279e+05 0.61341 0.15192 0.35323 -1.12 0.33099 0.94234 373.42 1.675 -1.2524 0.025056 29741 2713 2083.6 0 0
3.28e+05 0.63626 0.14016 0.38819 -1.1776 0.32876 0.92925 375.67 0.64867 -1.2518 0.025058 29761 2713 2084 0 0
3.281e+05 0.59872 0.13146 0.35582 -1.3438 0.3419 0.9501 369.99 5.9477 -1.2514 0.025006 29780 2715 2084.5 0 0
3.282e+05 0.60709 0.13567 0.35361 -1.2061 0.30713 0.90338 405.1 4.9287 -1.2511 0.024999 29799 2716 2084.9 0 0
3.283e+05 0.59739 0.11245 0.34608 -1.204 0.32169 0.90928 374.87 7.0886 -1.2502 0.024952 29824 2714 2085.3 0 0
3.284e+05 0.59517 0.10276 0.34604 -1.3294 0.31925 0.93876 389.83 6.818 -1.2498 0.02494 29843 2716 2085.7 0 0
3.285e+05 0.57574 0.12538 0.32699 -1.2992 0.33539 0.92596 373.6 5.5633 -1.2492 0.024925 29864 2718 2086.1 0 0
3.286e+05 0.53961 0.087576 0.33516 -1.2061 0.32361 0.91895 386.67 -3.5808 -1.248 0.024888 29891 2716 2086.6 0 0
3.287e+05 0.57763 0.1078 0.36075 -1.2324 0.31862 0.90556 387.59 6.5943 -1.2474 0.024952 29911 2717 2087 0 0
3.288e+05 0.57028 0.098861 0.32934 -1.3895 0.3157 0.9064 385.82 4.9935 -1.2459 0.024939 29945 2719 2087.4 0 0
3.289e+05 0.57776 0.12891 0.32663 -1.2359 0.30645 0.94204 401.59 5.4394 -1.2457 0.024934 29959 2720 2087.8 0 0
3.29e+05 0.59299 0.14781 0.3512 -1.1043 0.31113 0.92759 396.92 3.1322 -1.2452 0.024927 29980 2721 2088.2 0 0
3.291e+05 0.61631 0.11701 0.37684 -1.2622 0.31202 0.91923 373.57 5.736 -1.2437 0.024949 30014 2719 2088.6 0 0
3.292e+05 0.63789 0.15543 0.36367 -1.1869 0.29855 0.94406 385.25 -2.2204 -1.2432 0.024952 30035 2719 2089 0 0
3.293e+05 0.55335 0.13343 0.34242 -1.4169 0.31715 0.90306 387.62 0.048194 -1.243 0.024935 30052 2721 2089.5 0 0
3.294e+05 0.62229 0.16542 0.34054 -1.1911 0.35284 0.92499 378.47 -2.4147 -1.2429 0.024938 30065 2721 2089.9 0 0
3.295e+05 0.65449 0.15447 0.39885 -1.4356 0.34254 0.94412 376.17 -5.1588 -1.243 0.024939 30079 2721 2090.3 0 0
3.296e+05 0.62911 0.14964 0.34633 -1.2113 0.36366 0.96278 402.63 0.22125 -1.2434 0.024931 30087 2722 2090.8 0 0
3.297e+05 0.58424 0.12815 0.32971 -0.95409 0.31099 0.90266 381.28 6.2182 -1.2431 0.024982 30106 2721 2091.2 0 0
3.298e+05 0.62085 0.15407 0.37456 -1.3464 0.31373 0.8623 369.27 0.47029 -1.2426 0.024985 30127 2721 2091.6 0 0
3.299e+05 0.61777 0.15207 0.36218 -1.3312 0.31263 0.94167 390.93 1.3432 -1.2416 0.024959 30154 2720 2092 0 0
3.3e+05 0.54813 0.1094 0.35154 -1.4371 0.34745 0.89514 385.38 0.34285 -1.2409 0.025043 30176 2721 2092.4 0 0
3.301e+05 0.54646 0.16538 0.35831 -1.3661 0.29397 0.9219 391.31 -8.9153 -1.2396 0.025057 30207 2720 2092.8 0 0
3.302e+05 0.58179 0.14189 0.35145 -1.3608 0.33406 0.87054 367.26 3.8903 -1.2386 0.025053 30233 2721 2093.2 0 0
3.303e+05 0.55065 0.1529 0.33844 -1.4366 0.32316 0.92345 394.88 -4.5326 -1.2385 0.025063 30248 2720 2093.6 0 0
3.304e+05 0.62435 0.1367 0.32026 -1.4514 0.3456 0.94128 393.65 3.0876 -1.2383 0.025057 30264 2721 2094 0 0
3.305e+05 0.52035 0.13548 0.34468 -1.3484 0.32898 0.9037 399.78 -14.152 -1.2379 0.025106 30282 2719 2094.5 0 4.6528
3.306e+05 0.5296 0.17288 0.34839 -1.3766 0.33295 0.93161 378.41 -17.162 -1.2382 0.025079 30291 2719 2094.9 0 0.007995
3.307e+05 0.55937 0.16995 0.33609 -1.2587 0.30989 0.86773 355.84 -6.51 -1.2387 0.02507 30296 2720 2095.4 0 0
3.308e+05 0.55454 0.15844 0.36517 -1.3056 0.32552 0.95588 372.05 -4.5994 -1.2386 0.025082 30311 2719 2095.8 0 0
3.309e+05 0.58677 0.16118 0.33819 -1.245 0.34212 0.93182 389.28 0.046552 -1.2378 0.025085 30335 2719 2096.2 0 0
3.31e+05 0.58757 0.16442 0.34491 -1.299 0.33326 0.93998 349.66 -0.75541 -1.2377 0.025105 30350 2717 2096.6 0 0
3.311e+05 0.55044 0.11832 0.34808 -1.281 0.32783 0.93802 392.52 1.105 -1.2375 0.025109 30366 2717 2097.1 0 0
3.312e+05 0.60587 0.1445 0.33893 -1.3131 0.32308 0.88463 371.1 3.8508 -1.2371 0.025092 30385 2719 2097.5 0 0
3.313e+05 0.61549 0.15142 0.33497 -1.0839 0.33324 0.92673 390.7 1.8293 -1.237 0.025079 30399 2720 2097.9 0 0
3.314e+05 0.5491 0.16504 0.3508 -1.246 0.30639 0.93469 392.24 -7.877 -1.2374 0.025071 30405 2721 2098.4 0 0
3.315e+05 0.56961 0.15051 0.3508 -1.2049 0.30694 0.90867 407.92 0.75728 -1.2379 0.025053 30412 2723 2098.9 0 0
3.316e+05 0.55321 0.10852 0.38002 -1.2315 0.327 0.87523 405.04 1.8378 -1.2382 0.025054 30420 2723 2099.3 0 0
3.317e+05 0.62865 0.17849 0.35424 -1.3927 0.35214 0.94115 396.45 -6.716 -1.2382 0.025046 30434 2724 2099.7 0 0
3.318e+05 0.58289 0.14452 0.36364 -1.3138 0.34252 0.94103 391.58 3.7011 -1.2383 0.025039 30446 2725 2100.2 0 0
3.319e+05 0.58231 0.18505 0.35222 -1.1821 0.34815 0.95214 371.61 -7.1736 -1.2381 0.025051 30462 2724 2100.6 0 0
3.32e+05 0.56768 0.11599 0.34527 -1.3542 0.33485 0.89714 377.99 5.1461 -1.2372 0.025074 30487 2722 2101 0 0
3.321e+05 0.61794 0.11326 0.36208 -1.221 0.33455 0.96444 375.17 5.629 -1.2368 0.025058 30504 2724 2101.4 0 0
3.322e+05 0.58279 0.15375 0.35609 -1.2441 0.32355 0.9192 365.32 1.7376 -1.2364 0.02506 30522 2724 2101.8 0 0
3.323e+05 0.61906 0.12257 0.33579 -1.1281 0.29677 0.91027 376.69 5.2619 -1.2364 0.025061 30534 2724 2102.3 0 0
3.324e+05 0.55492 0.14113 0.3483 -1.2202 0.37423 0.93149 350.3 -0.48897 -1.2357 0.025055 30555 2725 2102.7 0 0
3.325e+05 0.52838 0.13572 0.35616 -1.3092 0.32153 0.93898 338.18 -9.1169 -1.236 0.025057 30564 2725 2103.1 0 0.13098
3.326e+05 0.55916 0.13145 0.35827 -1.2871 0.34707 0.91681 367.16 2.1604 -1.2355 0.025042 30585 2727 2103.5 0 0
3.327e+05 0.57717 0.12116 0.35368 -1.1936 0.3205 0.95207 399.79 6.4368 -1.2351 0.025044 30605 2727 2104 0 0
3.328e+05 0.61928 0.12269 0.37531 -1.2731 0.30531 0.93073 374.57 5.2333 -1.2346 0.025056 30624 2726 2104.4 0 0
3.329e+05 0.53425 0.13587 0.34237 -1.1267 0.31082 0.90327 396.62 -6.6702 -1.2346 0.025057 30638 2726 2104.8 0 0
3.33e+05 0.55134 0.12134 0.33827 -1.2551 0.31013 0.88069 358.5 1.4015 -1.2344 0.02506 30652 2726 2105.3 0 0
3.331e+05 0.52514 0.12613 0.36436 -1.2303 0.32482 0.9131 392.49 -9.7296 -1.2338 0.025053 30672 2727 2105.7 0 1.1825
3.332e+05 0.5859 0.11868 0.36158 -1.3482 0.34819 0.90829 372.45 7.2482 -1.2332 0.025055 30693 2729 2106.1 0 0
3.333e+05 0.61459 0.1612 0.34081 -1.3127 0.32783 0.92386 395.32 -0.40282 -1.2323 0.02505 30720 2730 2106.5 0 0
3.334e+05 0.58303 0.1845 0.35771 -1.3275 0.31528 0.91989 361.23 -6.9162 -1.2324 0.025042 30733 2731 2106.9 0 0
3.335e+05 0.58924 0.14898 0.34666 -1.0758 0.3698 0.94848 383.03 3.2927 -1.2325 0.025062 30744 2729 2107.3 0 0
3.336e+05 0.61714 0.12899 0.35078 -1.1535 0.33379 0.94052 390.53 5.0329 -1.232 0.025073 30766 2728 2107.8 0 0
3.337e+05 0.54792 0.1178 0.35367 -1.2917 0.32623 0.94339 385.47 0.62963 -1.2309 0.025107 30795 2729 2108.1 0 0
3.338e+05 0.58836 0.13235 0.33859 -1.1819 0.33063 0.95316 392.59 6.1481 -1.2303 0.025109 30815 2729 2108.5 0 0
3.339e+05 0.61928 0.15857 0.35228 -1.4618 0.30726 0.91077 387.41 -0.21588 -1.2283 0.025106 30851 2730 2108.9 0 0
3.34e+05 0.58841 0.14294 0.33711 -1.2305 0.32319 0.89428 366.27 4.4619 -1.2273 0.0251 30878 2731 2109.3 0 0
3.341e+05 0.5766 0.17418 0.33882 -1.0907 0.32576 0.8831 386.61 -4.4252 -1.2263 0.025104 30903 2731 2109.7 0 0
3.342e+05 0.63757 0.12116 0.34204 -1.159 0.32402 0.96163 383.88 2.4908 -1.2259 0.025079 30923 2734 2110.1 0 0
3.343e+05 0.56597 0.18325 0.34244 -1.1634 0.32309 0.82416 394.56 -8.8883 -1.2255 0.025091 30940 2733 2110.6 0 0
3.344e+05 0.54436 0.1576 0.35263 -1.2724 0.33051 0.91052 365.99 -7.2552 -1.226 0.025092 30946 2733 2111 0 0
3.345e+05 0.56776 0.12416 0.35185 -1.1989 0.33145 0.96267 355.53 4.946 -1.2252 0.025086 30969 2734 2111.4 0 0
3.346e+05 0.60395 0.14514 0.33193 -1.2794 0.30358 0.96913 365.32 4.0301 -1.2246 0.025099 30991 2733 2111.8 0 0
3.347e+05 0.53999 0.16613 0.35725 -1.3332 0.34187 0.94329 402.47 -11.134 -1.2244 0.025092 31008 2734 2112.3 0 0
3.348e+05 0.53399 0.15344 0.34187 -1.3426 0.35932 0.94208 400.8 -10.182 -1.2249 0.025111 31013 2732 2112.7 0 0
3.349e+05 0.55442 0.13212 0.33178 -1.3678 0.34843 0.94518 364.55 1.1073 -1.2253 0.025093 31020 2734 2113.2 0 0
3.35e+05 0.5928 0.14309 0.36795 -1.2672 0.32062 0.92045 376.83 4.5991 -1.2246 0.025097 31043 2734 2113.6 0 0
3.351e+05 0.63844 0.11889 0.36322 -1.5159 0.34626 0.91453 344.17 2.4927 -1.2239 0.0251 31067 2734 2114 0 0
3.352e+05 0.59227 0.14327 0.35701 -1.2985 0.37142 0.92127 363.37 4.5995 -1.2236 0.025057 31084 2739 2114.4 0 0
3.353e+05 0.59306 0.16865 0.35356 -1.2207 0.34979 0.9047 378.57 -1.3409 -1.2229 0.025059 31107 2739 2114.8 0 0
3.354e+05 0.58075 0.17156 0.33279 -1.3216 0.30748 0.96001 372.69 -3.0723 -1.2231 0.025052 31119 2740 2115.2 0 0
3.355e+05 0.6468 0.15362 0.33986 -1.2762 0.34947 0.88115 378.61 -3.3383 -1.2232 0.025054 31131 2740 2115.7 0 0
3.356e+05 0.58339 0.1633 0.35313 -1.3012 0.35068 0.87895 385.04 -0.39124 -1.2231 0.025047 31145 2741 2116.1 0 0
3.357e+05 0.55525 0.1419 0.35447 -1.3776 0.3378 0.95719 355.65 -0.20409 -1.2235 0.025021 31152 2744 2116.6 0 0
3.358e+05 0.58621 0.13262 0.34053 -1.3885 0.32573 0.96943 391.21 6.2026 -1.2237 0.02504 31163 2742 2117 0 0
3.359e+05 0.57262 0.12849 0.34256 -1.1281 0.33568 0.92726 381.03 5.4887 -1.2235 0.025033 31178 2741 2117.4 0 0
3.36e+05 0.54196 0.13532 0.34469 -1.251 0.31948 0.9334 360.66 -3.3125 -1.2232 0.025136 31196 2742 2117.8 0 0
3.361e+05 0.5511 0.16324 0.32316 -1.1089 0.34757 0.91875 380.09 -6.2814 -1.2233 0.025146 31208 2741 2118.3 0 0
3.362e+05 0.57621 0.17866 0.39185 -1.1335 0.36801 0.90393 370.89 -5.6016 -1.2237 0.025156 31214 2740 2118.7 0 0
3.363e+05 0.61109 0.13669 0.34554 -1.4051 0.34224 0.91227 360.62 4.8856 -1.2242 0.025157 31220 2740 2119.2 0 0
3.364e+05 0.57348 0.1564 0.34097 -1.3166 0.33394 0.94373 363.43 0.46473 -1.2246 0.025158 31226 2740 2119.7 0 0
3.365e+05 0.56987 0.12788 0.35011 -1.2738 0.32982 0.94323 380.6 5.1447 -1.2241 0.025161 31247 2740 2120.1 0 0
3.366e+05 0.56132 0.14369 0.38581 -1.0123 0.33343 0.96469 366.47 1.0713 -1.2237 0.025159 31268 2740 2120.5 0 0
3.367e+05 0.58506 0.1682 0.34111 -1.3353 0.34217 0.91454 352.46 -1.5453 -1.2237 0.02517 31281 2739 2120.9 0 0
3.368e+05 0.5361 0.10247 0.33974 -1.1777 0.32691 0.9467 364.23 -3.9793 -1.2234 0.025172 31297 2739 2121.3 0 0
3.369e+05 0.58607 0.15888 0.34897 -1.3484 0.34576 0.93718 383.53 1.2215 -1.2234 0.025183 31310 2738 2121.7 0 0
3.37e+05 0.56539 0.18849 0.36269 -1.3023 0.33498 0.88667 344.42 -10.551 -1.2238 0.025193 31317 2737 2122.2 0 0
3.371e+05 0.57471 0.17715 0.38075 -1.3265 0.3104 0.88689 366.16 -5.2621 -1.2243 0.025194 31321 2737 2122.7 0 0
3.372e+05 0.54921 0.17256 0.34429 -1.2414 0.37913 0.90338 375.44 -9.3757 -1.2248 0.025195 31326 2737 2123.2 0 0
3.373e+05 0.62965 0.13246 0.34116 -1.307 0.33437 0.92207 421.1 2.9152 -1.2249 0.025196 31338 2737 2123.6 0 0
3.374e+05 0.56193 0.14704 0.35041 -1.2192 0.33852 0.94348 368.18 0.65699 -1.2249 0.02519 31352 2738 2124 0 0
3.375e+05 0.66913 0.13299 0.34243 -1.087 0.33009 0.95172 398.72 -3.7443 -1.2252 0.025191 31361 2738 2124.5 0 0
3.376e+05 0.57845 0.2039 0.33397 -1.2615 0.35764 0.91828 401.24 -13.708 -1.2255 0.025183 31370 2739 2124.9 0 0
3.377e+05 0.54682 0.17377 0.35264 -1.482 0.31927 0.93752 406.09 -10.476 -1.2258 0.025166 31377 2741 2125.4 0 0
3.378e+05 0.54264 0.13529 0.3527 -1.2668 0.36086 0.91259 394.01 -2.891 -1.2256 0.025159 31394 2742 2125.8 0 0
3.379e+05 0.61088 0.16861 0.37183 -1.4128 0.3291 0.9048 388.27 -1.7008 -1.2255 0.025132 31408 2745 2126.2 0 0
3.38e+05 0.60637 0.18249 0.34492 -1.3508 0.32052 0.88379 380.54 -5.7035 -1.2256 0.025144 31419 2744 2126.6 0 0
3.381e+05 0.5625 0.17667 0.3403 -1.4647 0.31655 0.90036 385.89 -7.0571 -1.226 0.025136 31426 2745 2127.1 0 0
3.382e+05 0.60016 0.12076 0.36002 -1.4568 0.3176 0.95839 385.26 7.1502 -1.2259 0.025128 31440 2746 2127.5 0 0
3.383e+05 0.52997 0.14813 0.3361 -1.3503 0.35442 0.91818 387.55 -10.185 -1.2255 0.02515 31459 2744 2127.9 0 5.7e-05
3.384e+05 0.54954 0.167 0.36302 -1.3506 0.33831 0.87827 352.96 -7.5727 -1.2253 0.025124 31474 2747 2128.4 0 0
3.385e+05 0.57205 0.1436 0.36917 -1.414 0.3267 0.90781 381.21 3.4604 -1.2257 0.025109 31480 2749 2128.8 0 0
3.386e+05 0.54725 0.18971 0.35246 -1.3699 0.32091 0.9166 411.28 -15.361 -1.2262 0.025064 31485 2754 2129.3 0 0
3.387e+05 0.57486 0.15261 0.34931 -1.3761 0.31853 0.95673 372.85 1.8836 -1.2268 0.025037 31488 2757 2129.8 0 0
3.388e+05 0.56064 0.16997 0.35182 -1.3833 0.31328 0.89612 360.56 -5.278 -1.2275 0.025065 31489 2754 2130.3 0 0
3.389e+05 0.59026 0.18888 0.34628 -1.2492 0.35246 0.92888 364.7 -7.7183 -1.2282 0.025047 31490 2756 2130.8 0 0
3.39e+05 0.57905 0.18289 0.34329 -1.4459 0.33334 0.86955 371.64 -6.3854 -1.229 0.025011 31491 2760 2131.3 0 0
3.391e+05 0.62691 0.16434 0.34849 -1.2995 0.36192 0.91053 401.09 -2.2959 -1.2294 0.025003 31497 2761 2131.8 0 0
3.392e+05 0.56728 0.1673 0.33584 -1.2846 0.31422 0.93496 383.85 -3.1592 -1.23 0.025012 31501 2760 2132.3 0 0
3.393e+05 0.57781 0.16671 0.3678 -1.1534 0.31009 0.92425 374.83 -1.4474 -1.2306 0.025004 31505 2761 2132.8 0 0
3.394e+05 0.58391 0.13974 0.34575 -1.2592 0.32879 0.94118 376.08 5.2126 -1.2311 0.025023 31510 2759 2133.3 0 0
3.395e+05 0.56425 0.19942 0.34878 -1.2096 0.36518 0.9078 374.02 -14.227 -1.2317 0.025041 31514 2757 2133.7 0 0
3.396e+05 0.5649 0.19038 0.3421 -1.0519 0.33576 0.87794 382.39 -10.974 -1.2324 0.025023 31514 2759 2134.3 0 0
3.397e+05 0.60732 0.2086 0.36036 -1.2612 0.37655 0.94937 382.22 -14.596 -1.2331 0.025005 31515 2761 2134.9 0 0
3.398e+05 0.64087 0.15593 0.35793 -1.2405 0.36963 0.92131 377.51 -2.6312 -1.2336 0.024987 31520 2768 2135.3 0 0
3.399e+05 0.57915 0.18067 0.32994 -1.2576 0.34122 0.93484 393.89 -5.5228 -1.2343 0.024969 31522 2770 2135.9 0 0
3.4e+05 0.60112 0.14777 0.34464 -1.3032 0.36741 0.93562 377.2 3.9645 -1.235 0.024888 31523 2774 2136.4 0 0
3.401e+05 0.64484 0.19919 0.34439 -1.3552 0.36289 0.91582 371.57 -15.303 -1.2356 0.024852 31526 2778 2137 0 0
3.402e+05 0.65362 0.19858 0.36938 -1.4922 0.31152 0.95947 374.08 -16.479 -1.2364 0.024844 31527 2779 2137.5 0 0
3.403e+05 0.63381 0.1972 0.35033 -1.2581 0.3554 0.93383 390.87 -13.012 -1.2371 0.024862 31528 2777 2138.1 0 0
3.404e+05 0.60567 0.19903 0.35367 -1.3487 0.31213 0.9189 389.57 -11.005 -1.2378 0.024853 31529 2778 2138.6 0 0
3.405e+05 0.5579 0.20893 0.3592 -1.2743 0.31992 0.96754 384.73 -17.146 -1.2385 0.024808 31529 2783 2139.2 0 0
3.406e+05 0.60221 0.21134 0.39479 -1.3079 0.3353 0.95343 380.59 -15.02 -1.2393 0.024844 31529 2779 2139.8 0 0
3.407e+05 0.56304 0.16863 0.33964 -1.5065 0.36906 0.89437 392.48 -4.2376 -1.24 0.024853 31529 2778 2140.4 0 0
3.408e+05 0.60879 0.19685 0.34632 -0.86483 0.35228 0.9518 395.17 -10.311 -1.2408 0.02488 31530 2775 2140.9 0 0
3.409e+05 0.64882 0.18162 0.37603 -1.3914 0.34304 0.89924 402.64 -10.618 -1.2415 0.024889 31531 2774 2141.4 0 0
3.41e+05 0.66396 0.2123 0.34468 -1.2034 0.34733 0.92676 359.42 -21.768 -1.2422 0.02488 31532 2775 2142.1 0 0
3.411e+05 0.64014 0.19844 0.35811 -1.2323 0.3541 0.96016 364.59 -14.246 -1.2429 0.024871 31532 2776 2142.6 0 0
3.412e+05 0.64819 0.22281 0.36085 -1.1883 0.33771 0.93693 403.21 -20.876 -1.2437 0.024862 31532 2777 2143.2 0 0
3.413e+05 0.65087 0.19648 0.33935 -1.3598 0.30146 0.86791 409.07 -15.248 -1.2445 0.024871 31532 2776 2143.9 0 0
3.414e+05 0.62304 0.22112 0.36424 -1.3121 0.33274 0.90226 372.68 -18.653 -1.2452 0.024862 31532 2777 2144.4 0 0
3.415e+05 0.65541 0.21039 0.37842 -1.376 0.34695 0.93398 380.58 -19.718 -1.246 0.02488 31532 2775 2145 0 0
3.416e+05 0.63228 0.21398 0.34883 -1.2034 0.34227 0.89578 402.05 -17.636 -1.2467 0.02488 31532 2775 2145.6 0 0
3.417e+05 0.59899 0.20926 0.33412 -1.1163 0.32578 0.926 365.13 -14.053 -1.2475 0.02488 31532 2775 2146.2 0 0
3.418e+05 0.56219 0.18522 0.35362 -1.606 0.33829 0.90131 380.71 -9.6866 -1.2482 0.02488 31532 2775 2146.8 0 0
3.419e+05 0.64754 0.23908 0.33635 -1.2126 0.32865 0.93039 394.14 -21.406 -1.249 0.0248 31533 2784 2147.4 0 0
3.42e+05 0.6548 0.19083 0.35816 -1.1946 0.33485 0.93283 378.48 -14.158 -1.2497 0.024808 31533 2783 2148 0 0
3.421e+05 0.59794 0.20056 0.38215 -1.3767 0.32965 0.92787 389.35 -11.184 -1.2505 0.024764 31533 2788 2148.6 0 0
3.422e+05 0.55577 0.19534 0.33699 -1.3652 0.31978 0.94445 390.91 -14.47 -1.2512 0.024755 31533 2789 2149.1 0 0
3.423e+05 0.63394 0.22241 0.34553 -1.189 0.34107 0.92627 381.47 -19.304 -1.2519 0.024764 31533 2788 2149.7 0 0
3.424e+05 0.5829 0.21044 0.33117 -1.2706 0.34636 0.94467 374.06 -14.815 -1.2527 0.024755 31534 2789 2150.3 0 0
3.425e+05 0.58203 0.21542 0.34806 -1.2369 0.35218 0.91469 387.13 -16.091 -1.2534 0.024667 31534 2799 2150.9 0 0
3.426e+05 0.66502 0.20765 0.33666 -1.1808 0.35913 0.94259 357.4 -20.559 -1.2541 0.024632 31535 2803 2151.4 0 0
3.427e+05 0.57025 0.20784 0.35679 -1.1555 0.31776 0.91192 365.6 -15.22 -1.2549 0.024632 31535 2803 2152 0 0
3.428e+05 0.55571 0.14497 0.33161 -1.235 0.3199 0.91049 362.5 -0.25336 -1.2556 0.024614 31536 2805 2152.5 0 0
3.429e+05 0.58837 0.19869 0.33703 -1.1975 0.32454 0.96185 358.91 -10.6 -1.2563 0.024562 31537 2811 2153.1 0 0
3.43e+05 0.66288 0.16534 0.36151 -1.2598 0.34057 0.95122 380.07 -9.0325 -1.257 0.024545 31537 2813 2153.7 0 0
3.431e+05 0.65907 0.17628 0.36937 -1.3681 0.32837 0.94786 381.43 -10.954 -1.2576 0.024519 31542 2816 2154.2 0 0
3.432e+05 0.67635 0.2046 0.3315 -1.2424 0.32958 0.92474 384.65 -21.557 -1.2582 0.024519 31546 2816 2154.7 0 0
3.433e+05 0.59319 0.14877 0.3288 -1.3487 0.33589 0.89204 383.39 3.9784 -1.2589 0.024501 31547 2818 2155.3 0 0
3.434e+05 0.61344 0.1215 0.34462 -1.5238 0.35173 0.93727 363.06 6.1979 -1.2594 0.024493 31551 2819 2155.8 0 0
3.435e+05 0.63962 0.18161 0.33655 -1.2712 0.34906 0.88657 382.89 -8.8022 -1.26 0.02445 31553 2824 2156.3 0 0
3.436e+05 0.62263 0.2206 0.36094 -1.1144 0.3139 0.89105 358.19 -17.812 -1.2608 0.024424 31554 2827 2156.9 0 0
3.437e+05 0.63941 0.21993 0.37713 -1.3564 0.32633 0.91721 392.77 -19.109 -1.2615 0.024441 31554 2825 2157.5 0 0
3.438e+05 0.63275 0.23196 0.37289 -1.3865 0.3244 0.92697 370.35 -19.747 -1.2623 0.024441 31554 2825 2158.2 0 0
3.439e+05 0.69992 0.21993 0.33278 -1.1743 0.31873 0.90853 391.69 -27.71 -1.263 0.024424 31554 2827 2158.8 0 0
3.44e+05 0.65736 0.22259 0.37483 -1.442 0.34562 0.91195 385.76 -21.425 -1.2638 0.024415 31554 2828 2159.5 0 0
3.441e+05 0.65866 0.19103 0.33166 -1.363 0.34136 0.88782 392.24 -14.657 -1.2645 0.024415 31554 2828 2160.1 0 0
3.442e+05 0.6189 0.17565 0.36188 -1.2586 0.31113 0.89772 393.34 -3.9679 -1.2649 0.024434 31561 2826 2160.6 0 0
3.443e+05 0.63062 0.14827 0.36319 -1.3131 0.32216 0.90573 367.16 0.72102 -1.2649 0.024436 31574 2826 2161 0 0
3.444e+05 0.61267 0.20627 0.36375 -1.2787 0.31533 0.95744 394.63 -13.061 -1.2655 0.024419 31576 2828 2161.6 0 0
3.445e+05 0.62802 0.20648 0.33176 -1.2441 0.31716 0.93505 378.9 -14.227 -1.2663 0.024401 31576 2830 2162.2 0 0
3.446e+05 0.66096 0.21055 0.35616 -1.4539 0.3179 0.89817 377.97 -20.244 -1.267 0.024401 31576 2830 2162.7 0 0
3.447e+05 0.58682 0.20055 0.33454 -1.3544 0.32257 0.93937 397.5 -11.156 -1.2677 0.024384 31577 2832 2163.4 0 0
3.448e+05 0.61436 0.2297 0.34433 -1.1622 0.34295 0.9168 399.44 -18.635 -1.2684 0.024384 31577 2832 2163.9 0 0
3.449e+05 0.62738 0.19195 0.34694 -1.4387 0.29167 0.94248 383.38 -9.5638 -1.2692 0.024341 31578 2837 2164.5 0 0
3.45e+05 0.63281 0.1745 0.36527 -1.4882 0.31625 0.88121 402.79 -5.6291 -1.2698 0.02435 31581 2836 2165 0 0
3.451e+05 0.59639 0.18261 0.37262 -1.2086 0.30705 0.90159 413.8 -4.8712 -1.2704 0.024359 31584 2835 2165.5 0 0
3.452e+05 0.64799 0.16853 0.36856 -1.2969 0.3494 0.952 383.89 -6.6082 -1.2711 0.024343 31585 2837 2166.1 0 0
3.453e+05 0.62222 0.21198 0.35653 -1.3379 0.3465 0.93403 374.15 -15.214 -1.2718 0.024352 31586 2836 2166.7 0 0
3.454e+05 0.66684 0.21096 0.36482 -1.4365 0.31974 0.95508 390.48 -21.102 -1.2725 0.024326 31586 2839 2167.3 0 0
3.455e+05 0.6683 0.22146 0.3371 -1.3748 0.35249 0.91469 380.98 -22.737 -1.2733 0.024335 31586 2838 2167.9 0 0
3.456e+05 0.6394 0.22407 0.36761 -1.2905 0.30182 0.91022 397.96 -19.219 -1.274 0.024326 31586 2839 2168.5 0 0
3.457e+05 0.60851 0.21468 0.35858 -1.468 0.32228 0.96566 399.55 -15.108 -1.2748 0.024309 31586 2841 2169.1 0 0
3.458e+05 0.56581 0.18268 0.36631 -1.2625 0.30424 0.93241 386.37 -7.9577 -1.2754 0.02431 31589 2841 2169.7 0 0
3.459e+05 0.68108 0.19942 0.34876 -1.4623 0.31996 0.82384 387.23 -20.479 -1.2761 0.024292 31589 2843 2170.3 0 0
3.46e+05 0.66126 0.22884 0.34658 -1.4759 0.35185 0.93101 383.89 -21.973 -1.2768 0.024266 31589 2846 2170.9 0 0
3.461e+05 0.67858 0.224 0.37694 -1.2582 0.32486 0.91897 373.63 -24.397 -1.2776 0.024266 31589 2846 2171.5 0 0
3.462e+05 0.69374 0.20039 0.35733 -1.4641 0.33545 0.93184 381.19 -22.073 -1.2783 0.024257 31589 2847 2172.2 0 0
3.463e+05 0.65722 0.22814 0.33191 -1.4656 0.35252 0.94563 396.21 -21.392 -1.2791 0.024257 31589 2847 2172.9 0 0
3.464e+05 0.64424 0.22679 0.38115 -1.2549 0.30236 0.90657 399.69 -19.78 -1.2798 0.02424 31590 2849 2173.5 0 0
3.465e+05 0.58379 0.14336 0.36812 -1.4213 0.31377 0.87294 399.88 4.7132 -1.2805 0.024206 31592 2853 2174.1 0 0
3.466e+05 0.60464 0.19936 0.33174 -1.1979 0.29508 0.93037 399.01 -10.309 -1.2809 0.024182 31597 2856 2174.6 0 0
3.467e+05 0.66713 0.21494 0.34706 -1.3183 0.30998 0.92293 394.39 -21.574 -1.2817 0.02414 31597 2861 2175.2 0 0
3.468e+05 0.59415 0.20538 0.33871 -1.681 0.34934 0.95302 390.44 -12.236 -1.2824 0.024131 31597 2862 2175.7 0 0
3.469e+05 0.63821 0.22096 0.34193 -1.5343 0.33023 0.90764 408.86 -18.365 -1.2832 0.024131 31598 2862 2176.3 0 0
3.47e+05 0.67366 0.20266 0.35689 -1.3918 0.31035 0.9403 400.12 -20.063 -1.2839 0.024098 31598 2866 2176.9 0 0
3.471e+05 0.58918 0.2204 0.34045 -1.3608 0.35286 0.92012 399.54 -16.652 -1.2846 0.024106 31598 2865 2177.5 0 0
3.472e+05 0.55816 0.20958 0.34571 -1.408 0.35065 0.91071 387.66 -16.97 -1.2854 0.024098 31598 2866 2178.1 0 0
3.473e+05 0.62241 0.19642 0.35174 -1.3887 0.36536 0.9378 366.54 -10.018 -1.2861 0.024106 31598 2865 2178.8 0 0
3.474e+05 0.61184 0.22414 0.35049 -1.298 0.34409 0.9582 390.13 -16.965 -1.2869 0.024064 31598 2870 2179.4 0 0
3.475e+05 0.64507 0.2064 0.35172 -1.3298 0.32522 0.95906 398.07 -15.706 -1.2876 0.024056 31598 2871 2180 0 0
3.476e+05 0.65459 0.21127 0.36294 -1.3979 0.37414 0.88895 389.84 -18.389 -1.2883 0.024031 31598 2874 2180.7 0 0
3.477e+05 0.65871 0.15469 0.34831 -1.506 0.38793 0.92712 377.9 -5.7558 -1.2891 0.023997 31598 2878 2181.3 0 0
3.478e+05 0.56396 0.18472 0.37091 -1.5778 0.3527 0.86355 382.49 -8.9299 -1.2897 0.023964 31601 2882 2181.8 0 0
3.479e+05 0.58855 0.15383 0.36112 -1.4263 0.34552 0.92382 379.98 2.979 -1.2902 0.023981 31605 2880 2182.3 0 0
3.48e+05 0.64658 0.15032 0.37981 -1.5451 0.41332 0.93692 377.23 -2.3438 -1.2908 0.02394 31609 2885 2182.8 0 0
3.481e+05 0.65182 0.19289 0.34669 -1.4956 0.36015 0.91887 374.86 -13.332 -1.2914 0.023916 31612 2888 2183.3 0 0
3.482e+05 0.62884 0.16519 0.3822 -1.2266 0.35202 0.90864 391.1 -2.2761 -1.292 0.023908 31613 2889 2183.8 0 0
3.483e+05 0.66425 0.15129 0.35875 -1.5331 0.36634 0.93174 384.31 -5.985 -1.2927 0.023908 31614 2889 2184.4 0 0
3.484e+05 0.64199 0.17659 0.32526 -1.2913 0.33259 0.90742 355.17 -7.2373 -1.2933 0.023916 31619 2888 2184.9 0 0
3.485e+05 0.61476 0.22693 0.32744 -1.3633 0.3146 0.90573 390.08 -17.382 -1.294 0.023924 31619 2887 2185.6 0 0
3.486e+05 0.57288 0.22337 0.3879 -1.4039 0.36623 0.90744 350.19 -17.733 -1.2947 0.023933 31619 2886 2186.1 0 0
3.487e+05 0.62618 0.17737 0.36862 -1.1756 0.35056 0.91603 355.53 -4.9903 -1.2955 0.023916 31620 2888 2186.7 0 0
3.488e+05 0.67131 0.16536 0.35249 -1.4877 0.34575 0.92318 372.8 -9.9982 -1.296 0.023859 31624 2895 2187.2 0 0
3.489e+05 0.62489 0.20053 0.34686 -1.454 0.31423 0.8791 358.26 -11.157 -1.2966 0.023859 31627 2895 2187.8 0 0
3.49e+05 0.65879 0.1834 0.33487 -1.4735 0.29945 0.9143 368.61 -12.047 -1.2973 0.023827 31628 2899 2188.3 0 0
3.491e+05 0.60418 0.1966 0.35154 -1.3104 0.33582 0.88027 362.38 -9.0884 -1.298 0.023827 31628 2899 2188.9 0 0
3.492e+05 0.61873 0.256 0.34723 -1.5121 0.32914 0.89505 375.52 -19.65 -1.2987 0.023835 31629 2898 2189.5 0 0
3.493e+05 0.6599 0.18551 0.34102 -1.2007 0.3628 0.96595 384.64 -12.674 -1.2994 0.023835 31631 2898 2190 0 0
3.494e+05 0.6462 0.19703 0.35529 -1.3128 0.35296 0.92485 387.09 -13.077 -1.3 0.023835 31634 2898 2190.6 0 0
3.495e+05 0.67885 0.20267 0.34813 -1.3962 0.33151 0.92614 385.3 -20.573 -1.3005 0.023795 31637 2903 2191.1 0 0
3.496e+05 0.58952 0.20807 0.34379 -1.1964 0.35721 0.95845 400.97 -12.99 -1.3012 0.023795 31638 2903 2191.6 0 0
3.497e+05 0.60111 0.17272 0.34752 -1.2355 0.34997 0.86252 398.09 -1.6211 -1.3019 0.023746 31639 2909 2192.1 0 0
3.498e+05 0.63533 0.1773 0.33717 -1.308 0.35415 0.94182 418.29 -6.1425 -1.3026 0.023705 31640 2914 2192.7 0 0
3.499e+05 0.62624 0.1862 0.3411 -1.4517 0.33333 0.88658 363.96 -7.1246 -1.3033 0.023697 31641 2915 2193.3 0 0
3.5e+05 0.66501 0.2098 0.34222 -1.1928 0.37174 0.88976 386.4 -19.526 -1.304 0.023714 31643 2913 2193.8 0 0
3.501e+05 0.65608 0.15648 0.32044 -1.4331 0.29185 0.93333 384.98 -5.3078 -1.3047 0.023697 31643 2915 2194.4 0 0
3.502e+05 0.70455 0.18706 0.35171 -1.4656 0.33889 0.88865 397.52 -18.994 -1.3054 0.023697 31644 2915 2194.9 0 0
3.503e+05 0.60666 0.21091 0.33879 -1.1692 0.34975 0.9405 407.35 -13.322 -1.3061 0.023706 31645 2914 2195.5 0 0
3.504e+05 0.58813 0.18866 0.35223 -1.2761 0.35603 0.89628 384.35 -6.8469 -1.3068 0.023665 31645 2919 2196.1 0 0
3.505e+05 0.61158 0.20634 0.35835 -1.4011 0.364 0.92891 375.77 -11.969 -1.3075 0.023641 31646 2922 2196.6 0 0
3.506e+05 0.65739 0.20538 0.34212 -1.373 0.33989 0.96271 357.05 -16.869 -1.3082 0.023617 31646 2925 2197.2 0 0
3.507e+05 0.64967 0.229 0.34722 -1.2323 0.3583 0.83965 385.43 -19.493 -1.3089 0.023584 31647 2929 2197.8 0 0
3.508e+05 0.64809 0.21665 0.34837 -1.2268 0.33361 0.96688 361.08 -17.794 -1.3097 0.023544 31647 2934 2198.5 0 0
3.509e+05 0.68575 0.21233 0.35319 -1.4039 0.34276 0.97876 370.13 -23.612 -1.3104 0.023512 31648 2938 2199.1 0 0
3.51e+05 0.63343 0.21222 0.36597 -1.3177 0.32798 0.96883 374.61 -15.112 -1.3111 0.023488 31648 2941 2199.7 0 0
3.511e+05 0.55213 0.19321 0.33889 -1.2217 0.32622 0.93993 365.48 -14.451 -1.3118 0.023496 31649 2940 2200.2 0 0
3.512e+05 0.57208 0.21435 0.34469 -1.4469 0.35255 0.96048 400.12 -15.996 -1.3125 0.023504 31650 2939 2200.8 0 0
3.513e+05 0.60716 0.21108 0.34247 -1.1785 0.36302 0.91643 366.06 -13.164 -1.3132 0.023504 31651 2939 2201.3 0 0
3.514e+05 0.5436 0.15184 0.34438 -1.33 0.34544 0.91283 379.62 -5.2779 -1.3136 0.023481 31656 2942 2201.9 0 0
3.515e+05 0.67235 0.17965 0.36906 -1.3991 0.35276 0.92837 381.7 -13.465 -1.3133 0.023484 31673 2942 2202.3 0 0
3.516e+05 0.58186 0.1373 0.3859 -1.2992 0.32531 0.8865 392.26 5.6597 -1.3128 0.023442 31692 2943 2202.8 0 0
3.517e+05 0.56783 0.12868 0.33163 -1.4129 0.32594 0.94699 395.98 5.0049 -1.3123 0.023421 31712 2946 2203.2 0 0
3.518e+05 0.64009 0.14752 0.34147 -1.2636 0.30701 0.94367 416.46 -0.49759 -1.3118 0.023463 31729 2941 2203.7 0 0
3.519e+05 0.56 0.16311 0.34445 -1.2102 0.31568 0.93985 379.34 -3.1293 -1.3117 0.023449 31742 2943 2204.1 0 0
3.52e+05 0.56486 0.15893 0.34453 -1.2515 0.30058 0.90904 399.86 -1.0241 -1.3117 0.02345 31755 2943 2204.6 0 0
3.521e+05 0.63539 0.13541 0.34379 -1.4897 0.32901 0.92344 381.74 2.0066 -1.3117 0.023444 31769 2944 2205 0 0
3.522e+05 0.61547 0.11607 0.37778 -1.4528 0.34306 0.89248 371.83 6.2145 -1.3104 0.023424 31798 2947 2205.4 0 0
3.523e+05 0.56 0.1233 0.35433 -1.3692 0.32528 0.91974 398.28 3.8649 -1.3093 0.023346 31825 2947 2205.9 0 0
3.524e+05 0.5988 0.13837 0.35379 -1.3688 0.31708 0.87347 415.56 5.9061 -1.3082 0.023325 31850 2950 2206.3 0 0
3.525e+05 0.54476 0.096351 0.33502 -1.4609 0.31558 0.92506 390.63 -1.0916 -1.307 0.023324 31878 2953 2206.7 0 0
3.526e+05 0.61493 0.12368 0.34342 -1.158 0.29981 0.95163 383.88 6.155 -1.3058 0.02329 31906 2959 2207.1 0 0
3.527e+05 0.64414 0.093999 0.36629 -1.1261 0.32925 0.87549 388.56 5.0221 -1.3046 0.023128 31935 2959 2207.6 0 0
3.528e+05 0.62875 0.098428 0.36786 -1.2495 0.33621 0.90395 377.53 4.9811 -1.3034 0.023138 31964 2963 2208 0 0
3.529e+05 0.64377 0.17474 0.35618 -1.2893 0.34721 0.89213 371.89 -6.5182 -1.3033 0.023148 31979 2962 2208.4 0 0
3.53e+05 0.59097 0.19926 0.33742 -1.1554 0.34914 0.89451 407.27 -9.768 -1.3039 0.023132 31981 2964 2209 0 0
3.531e+05 0.63281 0.20552 0.36404 -1.4055 0.3257 0.93381 410.96 -12.952 -1.3045 0.023125 31983 2965 2209.5 0 0
3.532e+05 0.56965 0.19127 0.36447 -1.4463 0.34004 0.92 420.07 -9.7537 -1.3052 0.023102 31985 2968 2210.1 0 0
3.533e+05 0.68263 0.20334 0.35424 -1.3675 0.33962 0.88831 409.1 -20.918 -1.3059 0.023064 31985 2973 2210.7 0 0
3.534e+05 0.61726 0.2123 0.34096 -1.4763 0.35673 0.87094 395.86 -13.787 -1.3066 0.023041 31986 2976 2211.2 0 0
3.535e+05 0.64625 0.15949 0.37769 -1.3774 0.34896 0.84937 386.58 -3.6065 -1.3073 0.022956 31987 2987 2211.8 0 0
3.536e+05 0.61844 0.17822 0.359 -1.2203 0.37029 0.97053 391.5 -3.8281 -1.3079 0.022918 31989 2992 2212.3 0 0
3.537e+05 0.66869 0.20432 0.34544 -1.1441 0.34955 0.88312 367.83 -18.552 -1.3086 0.022879 31990 2997 2212.9 0 0
3.538e+05 0.61929 0.22363 0.35346 -1.1927 0.35418 0.91188 396.74 -16.303 -1.3093 0.022833 31991 3003 2213.6 0 0
3.539e+05 0.64643 0.17065 0.3772 -1.351 0.3378 0.95235 365.15 -5.8608 -1.31 0.022803 31993 3007 2214.1 0 0
3.54e+05 0.62515 0.19181 0.32851 -1.2931 0.35454 0.93465 380.09 -8.0546 -1.3104 0.022788 31998 3009 2214.7 0 0
3.541e+05 0.69262 0.14379 0.39345 -1.2478 0.32865 0.832 385.6 -7.3677 -1.311 0.022795 32001 3007 2215.2 0 0
3.542e+05 0.58161 0.15207 0.33564 -1.4627 0.33827 0.89413 360.04 3.1078 -1.3115 0.022796 32005 3007 2215.8 0 0
3.543e+05 0.67634 0.18782 0.35396 -1.4153 0.3593 0.93645 375.36 -15.885 -1.3122 0.022811 32006 3005 2216.3 0 0
3.544e+05 0.61349 0.19404 0.36396 -1.1913 0.33663 0.92662 371.89 -7.854 -1.3128 0.022796 32009 3007 2216.9 0 0
3.545e+05 0.61417 0.16971 0.36779 -1.1703 0.35975 0.96674 374.67 -1.1894 -1.3135 0.022803 32009 3006 2217.4 0 0
3.546e+05 0.62571 0.1619 0.36135 -1.5731 0.31683 0.93186 371.9 -0.58233 -1.3141 0.022796 32012 3007 2217.9 0 0
3.547e+05 0.57524 0.18374 0.33752 -1.3795 0.33282 0.92729 382.33 -6.3075 -1.3148 0.022804 32014 3006 2218.5 0 0
3.548e+05 0.59778 0.2055 0.34285 -1.4538 0.3171 0.95744 393.08 -11.264 -1.3155 0.022789 32014 3008 2219.1 0 0
3.549e+05 0.64099 0.19046 0.38233 -1.4439 0.32908 0.93205 376.54 -9.6738 -1.3162 0.022774 32015 3010 2219.6 0 0
3.55e+05 0.61751 0.20164 0.35795 -1.4238 0.34827 0.91584 387.37 -10.161 -1.3168 0.022744 32018 3014 2220.2 0 0
3.551e+05 0.57827 0.1965 0.33595 -1.4838 0.35041 0.92767 373.82 -9.9043 -1.3175 0.022714 32018 3018 2220.8 0 0
3.552e+05 0.61636 0.22264 0.33156 -1.436 0.32228 0.96193 363.82 -15.842 -1.3182 0.022714 32019 3018 2221.4 0 0
3.553e+05 0.61406 0.18004 0.34203 -1.0305 0.31761 0.96192 354.29 -3.8074 -1.3188 0.022677 32022 3023 2222 0 0
3.554e+05 0.57133 0.18966 0.34605 -1.4122 0.31021 0.88162 380.92 -8.7954 -1.3193 0.022685 32026 3022 2222.5 0 0
3.555e+05 0.64179 0.19975 0.34019 -1.3343 0.32991 0.88332 368.78 -12.116 -1.32 0.022707 32027 3019 2223.1 0 0
3.556e+05 0.60971 0.21789 0.37075 -1.2313 0.32365 0.93078 358.28 -14.586 -1.3207 0.022692 32027 3021 2223.7 0 0
3.557e+05 0.65316 0.19473 0.36476 -1.4236 0.33671 0.90351 359.96 -12.633 -1.3214 0.022647 32027 3027 2224.4 0 0
3.558e+05 0.62213 0.19437 0.329 -1.3753 0.3327 0.93254 383.72 -8.219 -1.3221 0.02264 32029 3028 2224.9 0 0
3.559e+05 0.59292 0.1964 0.35223 -1.357 0.34815 0.90996 354.5 -8.3374 -1.3228 0.02261 32030 3032 2225.5 0 0
3.56e+05 0.60214 0.19174 0.36212 -1.1979 0.31451 0.85934 410.99 -6.6594 -1.3235 0.022625 32030 3030 2226 0 0
3.561e+05 0.61216 0.22671 0.3824 -1.4611 0.32936 0.93808 357.25 -16.388 -1.3242 0.022603 32030 3033 2226.7 0 0
3.562e+05 0.64246 0.20359 0.35481 -1.3133 0.34293 0.9367 381.3 -13.02 -1.3249 0.022581 32031 3036 2227.3 0 0
3.563e+05 0.64438 0.1977 0.34766 -1.5043 0.36766 0.86698 369.3 -11.769 -1.3256 0.022603 32031 3033 2227.9 0 0
3.564e+05 0.57322 0.19447 0.34454 -1.1709 0.34178 0.91463 382.22 -9.8522 -1.3262 0.022581 32033 3036 2228.5 0 0
3.565e+05 0.57815 0.19887 0.32977 -1.3103 0.35573 0.94511 386.16 -10.549 -1.3268 0.022574 32036 3037 2229.1 0 0
3.566e+05 0.61873 0.21852 0.34723 -1.421 0.34237 0.96255 393.41 -14.732 -1.3275 0.022559 32037 3039 2229.6 0 0
3.567e+05 0.63506 0.18128 0.34191 -1.4771 0.3439 0.95197 368.13 -6.2385 -1.3282 0.022566 32038 3038 2230.2 0 0
3.568e+05 0.55678 0.19459 0.35894 -1.3131 0.33563 0.95342 400.03 -13.275 -1.3289 0.022566 32038 3038 2230.8 0 0
3.569e+05 0.63943 0.17945 0.39137 -1.2929 0.31361 0.91226 368.31 -6.3962 -1.3295 0.0225 32040 3047 2231.3 0 0
3.57e+05 0.67073 0.19171 0.37128 -1.2426 0.34493 0.92581 396.09 -15.362 -1.33 0.022471 32045 3051 2231.8 0 0
3.571e+05 0.5664 0.14738 0.34708 -1.1405 0.33356 0.9078 388.32 2.1134 -1.3306 0.022413 32048 3059 2232.4 0 0
3.572e+05 0.58649 0.16886 0.36179 -1.2759 0.32407 0.91039 403.07 -0.5401 -1.3311 0.022391 32053 3062 2232.9 0 0
3.573e+05 0.62659 0.17405 0.33448 -1.4681 0.33226 0.9396 392.81 -3.2632 -1.3316 0.022348 32057 3068 2233.4 0 0
3.574e+05 0.60032 0.23473 0.3832 -1.2802 0.31251 0.93258 369.93 -17.909 -1.3323 0.02237 32058 3065 2234 0 0
3.575e+05 0.62611 0.20062 0.35427 -1.1452 0.32177 0.89956 368.56 -10.08 -1.333 0.022341 32058 3069 2234.7 0 0
3.576e+05 0.63415 0.22309 0.36771 -1.4759 0.32924 0.89814 382.99 -16.548 -1.3337 0.022305 32059 3074 2235.3 0 0
3.577e+05 0.62973 0.17269 0.38897 -1.503 0.34424 0.92085 376.21 -3.3527 -1.3344 0.022305 32059 3074 2235.9 0 0
3.578e+05 0.63305 0.18584 0.36311 -1.346 0.31762 0.91484 390.73 -6.8539 -1.3351 0.022312 32061 3073 2236.5 0 0
3.579e+05 0.5938 0.20683 0.34956 -1.3219 0.36131 0.90198 381.03 -11.327 -1.3358 0.022305 32061 3074 2237.1 0 0
3.58e+05 0.65731 0.16462 0.34757 -1.1756 0.33593 0.90924 388.6 -6.6395 -1.3364 0.022313 32063 3073 2237.6 0 0
3.581e+05 0.62795 0.2194 0.35355 -1.2874 0.33274 0.92775 359.28 -15.418 -1.337 0.02232 32066 3072 2238.2 0 0
3.582e+05 0.53198 0.21012 0.33285 -1.2556 0.32753 0.89603 369.78 -21.635 -1.3377 0.02232 32067 3072 2238.8 0 0
3.583e+05 0.58517 0.17446 0.36014 -1.3685 0.33506 0.95715 376.62 -2.0626 -1.3383 0.022321 32070 3072 2239.3 0 0
3.584e+05 0.56317 0.2095 0.35423 -1.2156 0.35845 0.96256 384.46 -15.589 -1.3385 0.0223 32078 3075 2239.8 0 0
3.585e+05 0.594 0.18752 0.34 -1.3326 0.33743 0.92714 397.44 -5.3869 -1.3386 0.022279 32088 3078 2240.3 0 0
3.586e+05 0.67251 0.15379 0.3506 -1.3152 0.29986 0.87678 384.21 -7.3106 -1.3389 0.022272 32095 3079 2240.8 0 0
3.587e+05 0.61077 0.21496 0.34629 -1.4542 0.34196 0.93437 377.04 -13.229 -1.339 0.022295 32107 3076 2241.3 0 0
3.588e+05 0.62614 0.18726 0.34179 -1.216 0.35334 0.89741 377.67 -6.2359 -1.3397 0.022288 32107 3077 2241.9 0 0
3.589e+05 0.64391 0.16078 0.35332 -1.4779 0.37594 0.94176 390.16 -3.0811 -1.3403 0.022281 32112 3078 2242.4 0 0
3.59e+05 0.61883 0.14087 0.3666 -1.3971 0.35866 0.92869 356.58 4.121 -1.3406 0.02229 32120 3077 2242.9 0 0
3.591e+05 0.56915 0.15723 0.34085 -1.2794 0.30823 0.84928 361.32 0.43634 -1.3406 0.022269 32131 3080 2243.4 0 0
3.592e+05 0.65563 0.15105 0.38699 -1.4578 0.32623 0.93311 379.15 -3.7997 -1.3406 0.022271 32142 3080 2243.9 0 0
3.593e+05 0.63235 0.18327 0.34019 -1.3412 0.33413 0.8556 373.77 -5.9573 -1.341 0.022257 32148 3082 2244.4 0 0
3.594e+05 0.64121 0.17274 0.33605 -1.391 0.35252 0.93793 396.61 -4.9331 -1.3415 0.022257 32153 3082 2245 0 0
3.595e+05 0.58063 0.18239 0.3337 -1.1947 0.33185 0.87492 369.44 -4.6378 -1.3419 0.022258 32158 3082 2245.5 0 0
3.596e+05 0.55711 0.21155 0.3405 -1.4671 0.33183 0.96329 392.54 -16.98 -1.3425 0.022258 32160 3082 2246 0 0
3.597e+05 0.55762 0.21041 0.33961 -1.3256 0.33659 0.85155 384.01 -16.659 -1.3431 0.022273 32162 3080 2246.6 0 0
3.598e+05 0.60594 0.17702 0.34798 -1.2892 0.33716 0.89136 389.45 -2.1032 -1.3438 0.022273 32163 3080 2247.2 0 0
3.599e+05 0.56481 0.095676 0.384 -1.4085 0.34669 0.91995 394.76 4.0747 -1.3442 0.022274 32169 3080 2247.7 0 0
3.6e+05 0.6175 0.14087 0.33612 -1.4182 0.31665 0.92173 394.57 4.3232 -1.3436 0.022255 32189 3083 2248.1 0 0
3.601e+05 0.61401 0.12227 0.35121 -1.3211 0.34433 0.94191 375.85 6.4923 -1.3434 0.022257 32202 3083 2248.6 0 0
3.602e+05 0.60365 0.1434 0.36408 -1.3309 0.3724 0.90603 368.51 5.2188 -1.3425 0.022261 32228 3083 2249 0 0
3.603e+05 0.65227 0.18252 0.34474 -1.336 0.32996 0.927 376.01 -9.411 -1.3422 0.022269 32242 3082 2249.5 0 0
3.604e+05 0.69458 0.18447 0.36076 -1.4551 0.32869 0.9199 372.86 -17.211 -1.3427 0.022241 32246 3086 2250.1 0 0
3.605e+05 0.6171 0.14685 0.34707 -1.302 0.3038 0.92498 387.15 3.6418 -1.3434 0.022227 32247 3088 2250.7 0 0
3.606e+05 0.6452 0.18928 0.34324 -1.2414 0.32636 0.92057 367.05 -9.3693 -1.3441 0.022234 32247 3087 2251.3 0 0
3.607e+05 0.61069 0.22166 0.35306 -1.4031 0.33438 0.91609 387.57 -14.875 -1.3448 0.02222 32248 3089 2252 0 0
3.608e+05 0.62892 0.18382 0.35178 -1.3479 0.34371 0.95766 381.41 -5.507 -1.3455 0.022213 32248 3090 2252.6 0 0
3.609e+05 0.68063 0.20468 0.34724 -1.1905 0.32054 0.963 362.51 -20.382 -1.3462 0.022227 32248 3088 2253.2 0 0
3.61e+05 0.66021 0.19312 0.34546 -1.4838 0.33456 0.92498 391.85 -13.138 -1.3469 0.02222 32248 3089 2253.8 0 0
3.611e+05 0.63883 0.21112 0.35703 -1.3314 0.35992 0.96064 386.36 -14.224 -1.3476 0.022206 32249 3091 2254.4 0 0
3.612e+05 0.62449 0.19729 0.36989 -1.2749 0.31313 0.95992 397.36 -8.5401 -1.3483 0.022191 32249 3093 2255 0 0
3.613e+05 0.63823 0.22011 0.35092 -1.0515 0.32947 0.93228 393.5 -16.143 -1.349 0.022191 32250 3093 2255.7 0 0
3.614e+05 0.62629 0.21485 0.34948 -1.2964 0.36615 0.92978 389.24 -13.737 -1.3497 0.022191 32250 3093 2256.3 0 0
3.615e+05 0.6348 0.19778 0.36086 -1.2931 0.30784 0.88039 404.44 -9.7724 -1.3504 0.022141 32250 3100 2257 0 0
3.616e+05 0.60532 0.21194 0.34613 -1.527 0.33754 0.94155 396.64 -11.944 -1.3511 0.022134 32250 3101 2257.6 0 0
3.617e+05 0.65165 0.21521 0.34099 -1.268 0.34648 0.95261 368.59 -16.57 -1.3518 0.02212 32250 3103 2258.3 0 0
3.618e+05 0.58638 0.23644 0.34111 -1.3769 0.35387 0.97284 373.72 -18.539 -1.3525 0.022106 32250 3105 2258.9 0 0
3.619e+05 0.58506 0.2315 0.32111 -1.2207 0.33272 0.94132 381.56 -17.898 -1.3533 0.02207 32250 3110 2259.6 0 0
3.62e+05 0.65038 0.23652 0.36782 -1.2713 0.30551 0.91185 403.24 -18.447 -1.354 0.022077 32250 3109 2260.2 0 0
3.621e+05 0.65504 0.21527 0.34214 -1.4384 0.36487 0.95363 382.32 -17.154 -1.3546 0.02207 32252 3110 2260.9 0 0
3.622e+05 0.62259 0.17597 0.32899 -1.2918 0.32005 0.95661 411.07 -2.7998 -1.3552 0.022035 32254 3115 2261.4 0 0
3.623e+05 0.59635 0.20675 0.35235 -1.2734 0.35073 0.89452 388.96 -10.568 -1.3559 0.022056 32255 3112 2262 0 0
3.624e+05 0.60165 0.24006 0.35223 -1.2945 0.32217 0.90027 380.62 -17.929 -1.3566 0.022056 32255 3112 2262.6 0 0
3.625e+05 0.6664 0.22482 0.33701 -1.4164 0.30834 0.91841 405.05 -20.401 -1.3572 0.022021 32256 3117 2263.2 0 0
3.626e+05 0.60911 0.20181 0.3628 -1.4177 0.33396 0.91431 400.08 -8.7529 -1.3579 0.022021 32256 3117 2263.9 0 0
3.627e+05 0.5921 0.21722 0.33377 -1.4456 0.37487 0.95156 399.36 -13.903 -1.3586 0.022021 32256 3117 2264.5 0 0
3.628e+05 0.64663 0.19907 0.35219 -1.2072 0.38036 0.94336 381.68 -11.658 -1.3594 0.022028 32257 3116 2265.1 0 0
3.629e+05 0.68186 0.19124 0.35162 -1.3196 0.3703 0.90217 378.06 -17.113 -1.3601 0.022035 32257 3115 2265.8 0 0
3.63e+05 0.61153 0.21345 0.34375 -1.2214 0.30815 0.93829 412.58 -12.029 -1.3608 0.022035 32257 3115 2266.4 0 0
3.631e+05 0.5932 0.22047 0.35831 -1.3967 0.3551 0.88908 428.06 -14.674 -1.3614 0.022028 32258 3116 2267 0 0
3.632e+05 0.65109 0.17309 0.37256 -1.4363 0.34604 0.95266 412.29 -6.7941 -1.3621 0.022007 32259 3119 2267.6 0 0
3.633e+05 0.6437 0.14968 0.36032 -1.3349 0.36429 0.91945 404.66 -1.0524 -1.3626 0.021979 32262 3123 2268.2 0 0
3.634e+05 0.60393 0.1597 0.36112 -1.3524 0.33763 0.93043 418.13 2.2491 -1.3633 0.021965 32264 3125 2268.8 0 0
3.635e+05 0.55153 0.22051 0.35174 -1.2484 0.34067 0.94912 391.55 -18.891 -1.364 0.021944 32264 3128 2269.4 0 0
3.636e+05 0.58954 0.20443 0.35311 -1.3424 0.39178 0.91757 386.64 -10.211 -1.3647 0.021958 32265 3126 2270 0 0
3.637e+05 0.56465 0.19036 0.35513 -1.4083 0.3372 0.95131 410.91 -9.573 -1.3654 0.021951 32265 3127 2270.7 0 0
3.638e+05 0.56608 0.16019 0.36799 -1.31 0.34108 0.89857 390.45 -0.74792 -1.366 0.021944 32267 3128 2271.2 0 0
3.639e+05 0.57253 0.20072 0.34786 -1.2974 0.33489 0.89128 394.25 -11.148 -1.3667 0.021944 32267 3128 2271.8 0 0
3.64e+05 0.60658 0.1803 0.34351 -1.3147 0.35638 0.84662 384.03 -2.6595 -1.3674 0.021945 32268 3128 2272.4 0 0
3.641e+05 0.55082 0.17417 0.35303 -1.2514 0.3417 0.97436 418.35 -8.1385 -1.368 0.021952 32271 3127 2272.9 0 0
3.642e+05 0.52356 0.18669 0.33274 -1.2824 0.33716 0.94789 392.67 -22.625 -1.3686 0.021938 32273 3129 2273.5 0 2.0715
3.643e+05 0.56804 0.19439 0.33198 -1.1845 0.36085 0.90477 406.7 -10.018 -1.3691 0.021925 32276 3131 2274.1 0 0
3.644e+05 0.58645 0.18724 0.35743 -1.3259 0.34453 0.91034 398.48 -5.1608 -1.3697 0.021918 32278 3132 2274.6 0 0
3.645e+05 0.57832 0.21575 0.35817 -1.3338 0.34459 0.91151 417.74 -14.532 -1.3704 0.021918 32280 3132 2275.2 0 0
3.646e+05 0.57154 0.21652 0.34948 -1.4033 0.32557 0.89145 386.23 -15.492 -1.371 0.021883 32280 3137 2275.8 0 0
3.647e+05 0.59466 0.19753 0.39444 -1.3955 0.34952 0.83466 399.9 -7.6337 -1.3717 0.021884 32281 3137 2276.4 0 0
3.648e+05 0.60004 0.21637 0.34802 -1.2607 0.32632 0.93193 366.01 -12.725 -1.3724 0.021884 32281 3137 2277 0 0
3.649e+05 0.54449 0.17646 0.32915 -1.1374 0.33499 0.89439 375.08 -10.976 -1.373 0.02187 32283 3139 2277.6 0 0
3.65e+05 0.52895 0.17806 0.35251 -1.2765 0.30691 0.97201 377.85 -17.477 -1.3736 0.021863 32286 3140 2278.2 0 0.05464
3.651e+05 0.56226 0.21037 0.34115 -1.3631 0.34053 0.92451 402.46 -15.281 -1.3741 0.021849 32290 3142 2278.8 0 0
3.652e+05 0.60131 0.18583 0.35047 -1.3928 0.31238 0.95163 396.29 -3.8662 -1.3747 0.021836 32292 3144 2279.3 0 0
3.653e+05 0.60213 0.18537 0.34313 -1.4203 0.3454 0.94353 357.35 -3.722 -1.3751 0.021837 32298 3144 2279.9 0 0
3.654e+05 0.61014 0.15044 0.36614 -1.3763 0.31546 0.9487 390.88 3.784 -1.3756 0.021816 32300 3147 2280.4 0 0
3.655e+05 0.56954 0.16951 0.35964 -1.4565 0.38205 0.89512 383.76 -2.3493 -1.3759 0.02181 32309 3148 2281 0 0
3.656e+05 0.62987 0.17996 0.34417 -1.307 0.33995 0.95775 393.31 -4.4234 -1.3765 0.02179 32312 3151 2281.5 0 0
3.657e+05 0.61798 0.19138 0.34923 -1.1905 0.35176 0.96562 398.92 -5.8179 -1.3772 0.02179 32312 3151 2282.1 0 0
3.658e+05 0.63677 0.17055 0.34599 -1.2551 0.34603 0.94928 372.47 -3.3909 -1.3778 0.021776 32314 3153 2282.7 0 0
3.659e+05 0.54923 0.17716 0.33345 -1.3438 0.3535 0.93957 387.34 -9.4184 -1.3785 0.021756 32315 3156 2283.3 0 0
3.66e+05 0.60236 0.198 0.34517 -1.3438 0.33899 0.92531 388.56 -7.197 -1.3791 0.021749 32315 3157 2283.9 0 0
3.661e+05 0.53716 0.18851 0.37202 -1.2444 0.33623 0.98037 389.08 -16.982 -1.3798 0.021742 32316 3158 2284.5 0 0
3.662e+05 0.62625 0.20106 0.35468 -1.5475 0.31853 0.9217 390.68 -9.0836 -1.3805 0.021749 32317 3157 2285.1 0 0
3.663e+05 0.56852 0.19612 0.35964 -1.4949 0.36407 0.84962 396.83 -10.113 -1.3812 0.021742 32318 3158 2285.7 0 0
3.664e+05 0.6767 0.1562 0.35185 -1.2568 0.32056 0.90755 369.95 -8.2395 -1.3818 0.021749 32318 3157 2286.3 0 0
3.665e+05 0.68577 0.22141 0.35671 -1.5273 0.32937 0.93636 387.2 -23.688 -1.3825 0.021749 32319 3157 2287 0 0
3.666e+05 0.59615 0.21019 0.33504 -1.452 0.34059 0.92025 391.3 -10.77 -1.3832 0.021729 32319 3160 2287.7 0 0
3.667e+05 0.58479 0.20645 0.34334 -1.2978 0.33264 0.93478 390.37 -10.772 -1.3839 0.021736 32319 3159 2288.3 0 0
3.668e+05 0.5843 0.18285 0.35317 -1.0663 0.32132 0.92128 387.61 -3.7905 -1.3846 0.021736 32319 3159 2289 0 0
3.669e+05 0.66452 0.19784 0.35583 -1.2841 0.36875 0.93714 394.02 -14.737 -1.3853 0.021743 32320 3158 2289.6 0 0
3.67e+05 0.62246 0.19711 0.347 -1.2039 0.32945 0.87235 403.78 -7.5904 -1.386 0.021743 32320 3158 2290.2 0 0
3.671e+05 0.68338 0.19262 0.3471 -1.3097 0.32624 0.94655 417.98 -17.491 -1.3865 0.021736 32325 3159 2290.8 0 0
3.672e+05 0.63914 0.16356 0.34751 -1.396 0.31468 0.93607 398.13 -2.3856 -1.387 0.02173 32328 3160 2291.3 0 0
3.673e+05 0.65521 0.20914 0.36136 -1.3438 0.31712 0.8923 387.45 -15.343 -1.3874 0.021744 32334 3158 2291.8 0 0
3.674e+05 0.62278 0.194 0.35275 -1.4966 0.30161 0.92623 401.11 -6.7125 -1.3881 0.021751 32336 3157 2292.4 0 0
3.675e+05 0.65153 0.15465 0.36087 -1.4314 0.32083 0.92073 377.93 -3.2102 -1.3887 0.021744 32337 3158 2293 0 0
3.676e+05 0.64273 0.17467 0.35742 -1.2768 0.32319 0.9516 410.45 -5.1232 -1.3893 0.021731 32340 3160 2293.6 0 0
3.677e+05 0.64563 0.17368 0.34065 -1.3634 0.32369 0.89471 389.71 -5.4631 -1.3899 0.021738 32343 3159 2294.2 0 0
3.678e+05 0.62559 0.16471 0.36446 -1.2758 0.32792 0.89874 397.45 -0.50276 -1.3905 0.021724 32344 3161 2294.7 0 0
3.679e+05 0.62828 0.19966 0.35757 -1.4036 0.33109 0.93026 382.35 -8.7255 -1.3911 0.021711 32347 3163 2295.3 0 0
3.68e+05 0.59563 0.14331 0.35588 -1.3188 0.34906 0.86721 412.72 5.5186 -1.3915 0.021725 32352 3161 2295.8 0 0
3.681e+05 0.61701 0.15341 0.34963 -0.98711 0.34475 0.91063 404.39 2.6557 -1.3919 0.021705 32360 3164 2296.3 0 0
3.682e+05 0.62885 0.13385 0.35675 -1.4139 0.31286 0.90092 401.93 3.63 -1.3921 0.021693 32368 3166 2296.9 0 0
3.683e+05 0.60033 0.16618 0.34225 -1.3705 0.34624 0.9502 409.44 1.1172 -1.392 0.021708 32383 3164 2297.4 0 0
3.684e+05 0.58529 0.17552 0.35474 -1.3193 0.34321 0.93839 390.02 -1.5979 -1.3926 0.021695 32385 3166 2297.9 0 0
3.685e+05 0.57223 0.17087 0.3477 -1.1912 0.3147 0.91698 386.96 -2.1991 -1.393 0.021688 32392 3167 2298.4 0 0
3.686e+05 0.68083 0.17817 0.35801 -1.3411 0.34033 0.93273 381.86 -13.672 -1.3934 0.021696 32398 3166 2299 0 0
3.687e+05 0.57573 0.16479 0.35204 -1.087 0.35411 0.916 397.03 -0.13798 -1.3937 0.021663 32407 3171 2299.5 0 0
3.688e+05 0.62821 0.17143 0.34465 -1.3482 0.34442 0.83234 388.81 -1.9543 -1.3934 0.021657 32422 3172 2299.9 0 0
3.689e+05 0.60845 0.17726 0.35665 -1.3956 0.33204 0.88653 397.62 -1.5065 -1.3929 0.021688 32442 3168 2300.4 0 0
3.69e+05 0.60507 0.17308 0.36951 -1.3124 0.33242 0.91121 389.59 -0.47335 -1.3922 0.021669 32461 3171 2300.9 0 0
3.691e+05 0.58625 0.16143 0.32797 -1.542 0.32031 0.95065 411.9 2.0327 -1.3921 0.021671 32475 3171 2301.4 0 0
3.692e+05 0.60987 0.16798 0.34339 -1.4824 0.33711 0.94542 386.41 0.50377 -1.3924 0.021682 32483 3173 2301.9 0 0
3.693e+05 0.59883 0.21981 0.35798 -1.2414 0.31626 0.93984 394.47 -13.371 -1.3929 0.021675 32486 3174 2302.5 0 0
3.694e+05 0.57983 0.1765 0.34425 -1.5057 0.33568 0.87119 400.84 -2.4036 -1.3935 0.021675 32488 3174 2303.1 0 0
3.695e+05 0.63315 0.16903 0.34202 -1.2415 0.32676 0.92523 400.67 -2.0748 -1.3936 0.021663 32500 3176 2303.6 0 0
3.696e+05 0.61449 0.15719 0.39568 -1.1176 0.34124 0.90902 396.41 2.3623 -1.3939 0.021664 32510 3176 2304.1 0 0
3.697e+05 0.65323 0.17593 0.34761 -1.2832 0.3312 0.93616 383.16 -7.2376 -1.3944 0.021617 32513 3183 2304.6 0 0
3.698e+05 0.6442 0.17222 0.38382 -1.1447 0.33909 0.9114 374.79 -4.6171 -1.3951 0.021617 32514 3183 2305.2 0 0
3.699e+05 0.56161 0.20576 0.35454 -1.364 0.31497 0.95981 390.94 -14.1 -1.3956 0.021617 32517 3183 2305.8 0 0
3.7e+05 0.59327 0.16875 0.36106 -1.3251 0.32306 0.91983 397.9 0.74519 -1.3961 0.021611 32522 3184 2306.3 0 0
3.701e+05 0.57839 0.1494 0.34964 -1.321 0.30265 0.90938 419.25 3.8431 -1.3958 0.021573 32538 3190 2306.8 0 0
3.702e+05 0.60579 0.19798 0.34111 -1.3218 0.32644 0.96369 406.87 -6.712 -1.3955 0.021538 32552 3192 2307.3 0 0
3.703e+05 0.5765 0.20503 0.34951 -1.1764 0.33591 0.92881 391.47 -11.262 -1.396 0.021546 32555 3191 2307.8 0 0
3.704e+05 0.55388 0.16639 0.3352 -1.3507 0.33055 0.93897 393.74 -4.6206 -1.3966 0.021532 32558 3193 2308.4 0 0
3.705e+05 0.58771 0.18548 0.34348 -1.4535 0.36942 0.91214 400.45 -3.8957 -1.397 0.021513 32565 3196 2308.9 0 0
3.706e+05 0.59458 0.2025 0.3421 -1.2649 0.31447 0.96558 399.57 -8.3747 -1.3976 0.021513 32566 3196 2309.5 0 0
3.707e+05 0.61885 0.14081 0.3576 -1.312 0.34236 0.90202 402.01 4.4565 -1.3978 0.021514 32574 3196 2310 0 0
3.708e+05 0.65187 0.18421 0.37307 -1.3139 0.35055 0.93156 394.48 -8.6236 -1.398 0.021515 32585 3196 2310.5 0 0
3.709e+05 0.6079 0.16422 0.36402 -1.4182 0.32456 0.96083 401.11 1.5524 -1.3981 0.02151 32595 3197 2311 0 0
3.71e+05 0.55256 0.1856 0.34538 -1.359 0.34308 0.9494 400.12 -10.588 -1.3979 0.021525 32613 3195 2311.5 0 0
3.711e+05 0.66657 0.18569 0.38658 -1.3053 0.38285 0.87549 415.73 -12.019 -1.3981 0.021513 32622 3197 2312 0 0
3.712e+05 0.60792 0.15835 0.33965 -1.1339 0.32359 0.89299 382.98 2.7868 -1.3984 0.021528 32631 3195 2312.5 0 0
3.713e+05 0.63204 0.20361 0.35336 -1.2711 0.34471 0.93347 437.02 -9.9669 -1.3989 0.021487 32635 3202 2313 0 0
3.714e+05 0.60252 0.13679 0.34002 -1.4131 0.37434 0.94396 406.95 6.3551 -1.3991 0.021503 32645 3200 2313.5 0 0
3.715e+05 0.55274 0.15445 0.34271 -1.3524 0.33774 0.96318 413.97 -2.2869 -1.3988 0.021505 32662 3200 2314 0 0
3.716e+05 0.60685 0.15832 0.34201 -1.1089 0.33072 0.92107 385.03 2.944 -1.3994 0.021499 32665 3201 2314.6 0 0
3.717e+05 0.55676 0.17783 0.37991 -1.2897 0.34386 0.88655 402.48 -6.9677 -1.4 0.021492 32667 3202 2315.1 0 0
3.718e+05 0.60211 0.18008 0.33728 -1.3393 0.33786 0.93009 386.79 -1.6833 -1.4005 0.021499 32672 3201 2315.6 0 0
3.719e+05 0.56415 0.15626 0.33671 -1.3188 0.32232 0.93295 387.64 0.22056 -1.4008 0.021486 32678 3203 2316.2 0 0
3.72e+05 0.62186 0.16088 0.34061 -1.3625 0.32982 0.90085 381.05 1.1169 -1.401 0.021501 32688 3201 2316.7 0 0
3.721e+05 0.53572 0.1643 0.3548 -1.1136 0.32326 0.93875 367.57 -10.835 -1.4009 0.021495 32702 3202 2317.2 0 0
3.722e+05 0.5642 0.21488 0.3521 -1.2239 0.33897 0.93798 406.44 -15.767 -1.4013 0.021496 32708 3202 2317.7 0 0
3.723e+05 0.61605 0.21119 0.378 -1.416 0.34941 0.95981 393.14 -10.706 -1.4017 0.021497 32715 3202 2318.2 0 0
3.724e+05 0.65326 0.1985 0.35916 -1.2087 0.33578 0.88688 385.01 -11.962 -1.4021 0.021485 32721 3204 2318.7 0 0
3.725e+05 0.62967 0.15483 0.35255 -1.4435 0.35593 0.87407 421.22 1.1002 -1.4025 0.021405 32726 3216 2319.3 0 0
3.726e+05 0.59425 0.10695 0.35105 -1.5073 0.32223 0.92931 402.71 7.6053 -1.4022 0.021387 32742 3219 2319.8 0 0
3.727e+05 0.62674 0.17303 0.37203 -1.3764 0.36701 0.94968 404.94 -1.6859 -1.4021 0.021382 32756 3220 2320.3 0 0
3.728e+05 0.56025 0.1946 0.35556 -1.3039 0.35732 0.94712 379.19 -10.822 -1.4026 0.021363 32760 3223 2320.8 0 0
3.729e+05 0.53097 0.18302 0.33292 -1.377 0.34817 0.93696 382.67 -17.648 -1.4032 0.02135 32761 3225 2321.4 0 0
3.73e+05 0.56504 0.14845 0.33536 -1.2296 0.34463 0.92974 375.35 2.0137 -1.4038 0.02135 32763 3225 2321.9 0 0
3.731e+05 0.61838 0.19239 0.34996 -1.2309 0.33949 0.92048 370.57 -5.4308 -1.4043 0.021358 32769 3224 2322.5 0 0
3.732e+05 0.6444 0.21073 0.32301 -1.3612 0.36631 0.94407 362.79 -13.533 -1.4048 0.021318 32772 3230 2323.1 0 0
3.733e+05 0.60834 0.18903 0.35134 -1.2009 0.3146 0.93407 392.48 -3.77 -1.4055 0.021233 32772 3243 2323.7 0 0
3.734e+05 0.57341 0.19053 0.35947 -1.3172 0.33118 0.9229 377.46 -6.7788 -1.4061 0.021148 32773 3256 2324.3 0 0
3.735e+05 0.55713 0.21354 0.36039 -1.3834 0.34863 0.87798 406.47 -16.46 -1.4068 0.021103 32774 3263 2324.9 0 0
3.736e+05 0.57998 0.16378 0.3286 -1.2563 0.30954 0.93172 380.94 1.2604 -1.4073 0.021065 32777 3269 2325.5 0 0
3.737e+05 0.6727 0.22162 0.34576 -1.4024 0.32743 0.91518 390.19 -20.46 -1.4079 0.021033 32779 3274 2326.1 0 0
3.738e+05 0.65189 0.20973 0.36938 -1.1782 0.36783 0.94322 408.77 -14.463 -1.4086 0.021039 32780 3273 2326.7 0 0
3.739e+05 0.60253 0.17379 0.33865 -1.4947 0.34143 0.88961 404.09 0.004896 -1.4091 0.021021 32784 3276 2327.3 0 0
3.74e+05 0.64472 0.16666 0.35428 -1.4513 0.31163 0.88271 363.12 -3.3813 -1.4097 0.021033 32785 3274 2327.9 0 0
3.741e+05 0.56987 0.166 0.35724 -1.2352 0.34914 0.96505 382.72 -0.73959 -1.4102 0.02104 32791 3273 2328.4 0 0
3.742e+05 0.62809 0.18235 0.36125 -1.3464 0.32045 0.97761 395.4 -3.7812 -1.4106 0.021041 32797 3273 2329 0 0
3.743e+05 0.67038 0.19415 0.34734 -1.2833 0.30832 0.96128 383.71 -14.593 -1.4111 0.021061 32800 3270 2329.6 0 0
3.744e+05 0.62671 0.16964 0.36421 -1.2601 0.33121 0.92689 390.95 -0.81496 -1.4117 0.021061 32802 3270 2330.2 0 0
3.745e+05 0.66266 0.21896 0.36483 -1.1835 0.32737 0.94252 374.19 -18.379 -1.4122 0.021055 32805 3271 2330.8 0 0
3.746e+05 0.63282 0.19658 0.34144 -1.2978 0.31543 0.95551 372.44 -7.8506 -1.4127 0.021049 32811 3272 2331.3 0 0
3.747e+05 0.60308 0.13599 0.37099 -1.4093 0.33377 0.84448 398.53 6.5172 -1.4131 0.021045 32816 3273 2331.8 0 0
3.748e+05 0.57169 0.15078 0.35898 -1.2429 0.32875 0.91348 359.76 2.8738 -1.4134 0.02104 32826 3274 2332.3 0 0
3.749e+05 0.59001 0.1801 0.34522 -1.2078 0.35201 0.93326 380.86 -1.6557 -1.4136 0.021048 32836 3272 2332.8 0 0
3.75e+05 0.58333 0.17412 0.35364 -1.4598 0.37162 0.90515 381.41 -0.65973 -1.4139 0.021055 32843 3271 2333.4 0 0
